recv_tsec,recv_tnsec,venue,stream_kind,shard_id,conn_epoch,conn_seq,symbol,payload_json
1791341682,853700830,spot,depth5,0,0,1,BTCUSDT,"{""asks"":[[""83856.96000000"",""0.03731000""],[""83856.97000000"",""0.00035000""],[""83857.10000000"",""0.00007000""],[""83857.62000000"",""0.00007000""],[""83857.74000000"",""0.00008000""]],""bids"":[[""83856.95000000"",""7.78922000""],[""83856.94000000"",""2.58116000""],[""83856.91000000"",""0.00875000""],[""83856.90000000"",""0.05000000""],[""83856.76000000"",""0.00200000""]],""lastUpdateId"":101125999020}"
1791341682,854671529,spot,depth_diff,0,0,2,BTCUSDT,"{""E"":1791341682814,""U"":101125999008,""a"":[[""83856.96000000"",""0.03731000""],[""83877.79000000"",""0.00238000""],[""83937.12000000"",""0.00000000""],[""83937.13000000"",""0.00000000""]],""b"":[[""83835.72000000"",""0.70000000""],[""83827.71000000"",""0.00000000""],[""83771.49000000"",""2.11840000""],[""83757.30000000"",""0.13372000""],[""83754.45000000"",""0.00000000""],[""75471.25000000"",""0.00000000""],[""67085.56000000"",""0.00203000""]],""e"":""depthUpdate"",""s"":""BTCUSDT"",""u"":101125999020}"
1791341682,961995171,spot,depth5,0,0,3,BTCUSDT,"{""asks"":[[""83856.96000000"",""0.03731000""],[""83856.97000000"",""0.00035000""],[""83857.10000000"",""0.00007000""],[""83857.62000000"",""0.00007000""],[""83857.74000000"",""0.00008000""]],""bids"":[[""83856.95000000"",""7.78922000""],[""83856.94000000"",""2.58116000""],[""83856.91000000"",""0.00875000""],[""83856.90000000"",""0.05000000""],[""83856.76000000"",""0.00200000""]],""lastUpdateId"":101125999027}"
1791341682,963339769,spot,depth_diff,0,0,4,BTCUSDT,"{""E"":1791341682914,""U"":101125999021,""a"":[[""83877.77000000"",""0.00238000""],[""83877.79000000"",""0.00000000""]],""b"":[[""83850.95000000"",""0.34863000""],[""82599.10000000"",""0.00072000""],[""82545.27000000"",""0.00010000""],[""75471.26000000"",""0.00165000""]],""e"":""depthUpdate"",""s"":""BTCUSDT"",""u"":101125999027}"
1791341682,963845668,spot,trade,0,0,5,BTCUSDT,"{""E"":1791341682916,""M"":true,""T"":1791341682915,""e"":""trade"",""m"":true,""p"":""83856.95000000"",""q"":""0.00035000"",""s"":""BTCUSDT"",""t"":6741496675}"
1791341682,989916630,spot,trade,0,0,6,BTCUSDT,"{""E"":1791341682947,""M"":true,""T"":1791341682947,""e"":""trade"",""m"":true,""p"":""83856.95000000"",""q"":""0.00083000"",""s"":""BTCUSDT"",""t"":6741496676}"
1791341683,70171709,spot,trade,0,0,7,BTCUSDT,"{""E"":1791341683007,""M"":true,""T"":1791341683007,""e"":""trade"",""m"":false,""p"":""83856.96000000"",""q"":""0.00088000"",""s"":""BTCUSDT"",""t"":6741496677}"
1791341683,70637308,spot,depth5,0,0,8,BTCUSDT,"{""asks"":[[""83856.96000000"",""0.03643000""],[""83856.97000000"",""0.00035000""],[""83857.10000000"",""0.00007000""],[""83857.62000000"",""0.00007000""],[""83857.74000000"",""0.00008000""]],""bids"":[[""83856.95000000"",""7.78923000""],[""83856.94000000"",""2.58116000""],[""83856.91000000"",""0.00875000""],[""83856.90000000"",""0.05000000""],[""83856.76000000"",""0.00200000""]],""lastUpdateId"":101125999042}"
1791341683,71407907,spot,depth_diff,0,0,9,BTCUSDT,"{""E"":1791341683014,""U"":101125999028,""a"":[[""83856.96000000"",""0.03643000""],[""83877.75000000"",""0.00238000""],[""83877.77000000"",""0.00000000""]],""b"":[[""83856.95000000"",""7.78923000""],[""83856.40000000"",""0.23764000""],[""83836.72000000"",""0.70000000""],[""83835.72000000"",""0.00000000""],[""75471.26000000"",""0.00173000""],[""67085.56000000"",""0.00290000""]],""e"":""depthUpdate"",""s"":""BTCUSDT"",""u"":101125999042}"
1791341683,161462671,spot,depth5,0,0,10,BTCUSDT,"{""asks"":[[""83856.96000000"",""0.03643000""],[""83856.97000000"",""0.00035000""],[""83857.10000000"",""0.00007000""],[""83857.62000000"",""0.00007000""],[""83857.74000000"",""0.00008000""]],""bids"":[[""83856.95000000"",""7.78923000""],[""83856.94000000"",""2.58116000""],[""83856.91000000"",""0.00875000""],[""83856.90000000"",""0.05000000""],[""83856.76000000"",""0.00200000""]],""lastUpdateId"":101125999046}"
1791341683,162282669,spot,depth_diff,0,0,11,BTCUSDT,"{""E"":1791341683114,""U"":101125999043,""a"":[[""83877.73000000"",""0.00238000""],[""83877.75000000"",""0.00000000""],[""83900.97000000"",""0.51843000""]],""b"":[[""75471.26000000"",""0.00188000""]],""e"":""depthUpdate"",""s"":""BTCUSDT"",""u"":101125999046}"
1791341683,230950565,spot,trade,0,0,12,BTCUSDT,"{""E"":1791341683191,""M"":true,""T"":1791341683191,""e"":""trade"",""m"":false,""p"":""83856.96000000"",""q"":""0.00081000"",""s"":""BTCUSDT"",""t"":6741496678}"
1791341683,257350425,spot,depth5,0,0,13,BTCUSDT,"{""asks"":[[""83856.96000000"",""0.17119000""],[""83856.97000000"",""0.00035000""],[""83857.10000000"",""0.00007000""],[""83857.62000000"",""0.00007000""],[""83857.74000000"",""0.00008000""]],""bids"":[[""83856.95000000"",""7.78923000""],[""83856.94000000"",""2.58116000""],[""83856.91000000"",""0.00875000""],[""83856.90000000"",""0.05000000""],[""83856.76000000"",""0.00200000""]],""lastUpdateId"":101125999057}"
1791341683,258269824,spot,depth_diff,0,0,14,BTCUSDT,"{""E"":1791341683214,""U"":101125999047,""a"":[[""83856.96000000"",""0.17119000""],[""83877.71000000"",""0.00238000""],[""83877.73000000"",""0.00000000""],[""89246.97000000"",""0.00010000""]],""b"":[[""83856.40000000"",""0.23564000""],[""83735.51000000"",""0.00000000""],[""82599.10000000"",""0.00072000""],[""67085.56000000"",""0.00261000""]],""e"":""depthUpdate"",""s"":""BTCUSDT"",""u"":101125999057}"
1791341683,354363678,spot,depth5,0,0,15,BTCUSDT,"{""asks"":[[""83856.96000000"",""0.17282000""],[""83856.97000000"",""0.00035000""],[""83857.10000000"",""0.00007000""],[""83857.62000000"",""0.00007000""],[""83857.74000000"",""0.00008000""]],""bids"":[[""83856.95000000"",""7.78923000""],[""83856.94000000"",""2.58116000""],[""83856.91000000"",""0.00875000""],[""83856.90000000"",""0.05000000""],[""83856.76000000"",""0.00200000""]],""lastUpdateId"":101125999062}"
1791341683,356111775,spot,depth_diff,0,0,16,BTCUSDT,"{""E"":1791341683314,""U"":101125999058,""a"":[[""83856.96000000"",""0.17282000""],[""83877.69000000"",""0.00238000""],[""83877.71000000"",""0.00000000""]],""b"":[[""83847.50000000"",""0.00021000""]],""e"":""depthUpdate"",""s"":""BTCUSDT"",""u"":101125999062}"
1791341683,389279025,spot,trade,0,0,17,BTCUSDT,"{""E"":1791341683346,""M"":true,""T"":1791341683345,""e"":""trade"",""m"":false,""p"":""83856.96000000"",""q"":""0.02163000"",""s"":""BTCUSDT"",""t"":6741496679}"
1791341683,389832224,spot,trade,0,0,18,BTCUSDT,"{""E"":1791341683346,""M"":true,""T"":1791341683345,""e"":""trade"",""m"":false,""p"":""83856.96000000"",""q"":""0.00006000"",""s"":""BTCUSDT"",""t"":6741496680}"
1791341683,390209723,spot,trade,0,0,19,BTCUSDT,"{""E"":1791341683346,""M"":true,""T"":1791341683345,""e"":""trade"",""m"":false,""p"":""83856.96000000"",""q"":""0.00006000"",""s"":""BTCUSDT"",""t"":6741496681}"
1791341683,390603823,spot,trade,0,0,20,BTCUSDT,"{""E"":1791341683346,""M"":true,""T"":1791341683345,""e"":""trade"",""m"":false,""p"":""83856.96000000"",""q"":""0.00007000"",""s"":""BTCUSDT"",""t"":6741496682}"
1791341683,391015822,spot,trade,0,0,21,BTCUSDT,"{""E"":1791341683346,""M"":true,""T"":1791341683345,""e"":""trade"",""m"":false,""p"":""83856.96000000"",""q"":""0.00007000"",""s"":""BTCUSDT"",""t"":6741496683}"
1791341683,391324922,spot,trade,0,0,22,BTCUSDT,"{""E"":1791341683346,""M"":true,""T"":1791341683345,""e"":""trade"",""m"":false,""p"":""83856.96000000"",""q"":""0.00007000"",""s"":""BTCUSDT"",""t"":6741496684}"
1791341683,391679721,spot,trade,0,0,23,BTCUSDT,"{""E"":1791341683346,""M"":true,""T"":1791341683345,""e"":""trade"",""m"":false,""p"":""83856.96000000"",""q"":""0.00007000"",""s"":""BTCUSDT"",""t"":6741496685}"
1791341683,392087420,spot,trade,0,0,24,BTCUSDT,"{""E"":1791341683346,""M"":true,""T"":1791341683345,""e"":""trade"",""m"":false,""p"":""83856.96000000"",""q"":""0.00007000"",""s"":""BTCUSDT"",""t"":6741496686}"
1791341683,392399820,spot,trade,0,0,25,BTCUSDT,"{""E"":1791341683346,""M"":true,""T"":1791341683345,""e"":""trade"",""m"":false,""p"":""83856.96000000"",""q"":""0.00007000"",""s"":""BTCUSDT"",""t"":6741496687}"
1791341683,392760919,spot,trade,0,0,26,BTCUSDT,"{""E"":1791341683346,""M"":true,""T"":1791341683345,""e"":""trade"",""m"":false,""p"":""83856.96000000"",""q"":""0.00007000"",""s"":""BTCUSDT"",""t"":6741496688}"
1791341683,393065019,spot,trade,0,0,27,BTCUSDT,"{""E"":1791341683346,""M"":true,""T"":1791341683345,""e"":""trade"",""m"":false,""p"":""83856.96000000"",""q"":""0.00012000"",""s"":""BTCUSDT"",""t"":6741496689}"
1791341683,393369019,spot,trade,0,0,28,BTCUSDT,"{""E"":1791341683346,""M"":true,""T"":1791341683345,""e"":""trade"",""m"":false,""p"":""83856.96000000"",""q"":""0.00772000"",""s"":""BTCUSDT"",""t"":6741496690}"
1791341683,439834148,spot,trade,0,0,29,BTCUSDT,"{""E"":1791341683399,""M"":true,""T"":1791341683398,""e"":""trade"",""m"":true,""p"":""83856.95000000"",""q"":""0.00082000"",""s"":""BTCUSDT"",""t"":6741496691}"
1791341683,454720525,spot,depth5,0,0,30,BTCUSDT,"{""asks"":[[""83856.96000000"",""0.18942000""],[""83856.97000000"",""0.00035000""],[""83857.10000000"",""0.00007000""],[""83857.62000000"",""0.00007000""],[""83857.74000000"",""0.00008000""]],""bids"":[[""83856.95000000"",""7.78841000""],[""83856.94000000"",""2.58116000""],[""83856.91000000"",""0.00875000""],[""83856.90000000"",""0.05000000""],[""83856.76000000"",""0.00200000""]],""lastUpdateId"":101125999084}"
1791341683,455567224,spot,depth_diff,0,0,31,BTCUSDT,"{""E"":1791341683414,""U"":101125999063,""a"":[[""83856.96000000"",""0.18942000""],[""83877.67000000"",""0.00238000""],[""83877.69000000"",""0.00000000""],[""83970.29000000"",""0.00000000""]],""b"":[[""83856.95000000"",""7.78841000""],[""83855.87000000"",""0.00200000""],[""83566.69000000"",""0.00000000""],[""75471.26000000"",""0.00195000""],[""75471.25000000"",""0.00008000""],[""67085.56000000"",""0.00232000""]],""e"":""depthUpdate"",""s"":""BTCUSDT"",""u"":101125999084}"
1791341683,554202174,spot,depth5,0,0,32,BTCUSDT,"{""asks"":[[""83856.96000000"",""0.18967000""],[""83856.97000000"",""0.00035000""],[""83857.10000000"",""0.00007000""],[""83857.62000000"",""0.00007000""],[""83857.74000000"",""0.00008000""]],""bids"":[[""83856.95000000"",""7.78841000""],[""83856.94000000"",""2.58116000""],[""83856.91000000"",""0.00875000""],[""83856.90000000"",""0.05000000""],[""83856.76000000"",""0.00200000""]],""lastUpdateId"":101125999093}"
1791341683,555042473,spot,depth_diff,0,0,33,BTCUSDT,"{""E"":1791341683514,""U"":101125999085,""a"":[[""83856.96000000"",""0.18967000""],[""83877.65000000"",""0.00238000""],[""83877.67000000"",""0.00000000""],[""84153.71000000"",""0.00000000""]],""b"":[[""82599.10000000"",""0.00072000""],[""67086.00000000"",""0.00130000""]],""e"":""depthUpdate"",""s"":""BTCUSDT"",""u"":101125999093}"
1791341683,644858337,spot,trade,0,0,34,BTCUSDT,"{""E"":1791341683604,""M"":true,""T"":1791341683603,""e"":""trade"",""m"":false,""p"":""83856.96000000"",""q"":""0.00090000"",""s"":""BTCUSDT"",""t"":6741496692}"
1791341683,655727520,spot,depth5,0,0,35,BTCUSDT,"{""asks"":[[""83856.96000000"",""0.18877000""],[""83856.97000000"",""0.00035000""],[""83857.10000000"",""0.00007000""],[""83857.62000000"",""0.00007000""],[""83857.74000000"",""0.00008000""]],""bids"":[[""83856.95000000"",""7.78841000""],[""83856.94000000"",""2.58116000""],[""83856.91000000"",""0.00875000""],[""83856.90000000"",""0.05000000""],[""83856.76000000"",""0.00200000""]],""lastUpdateId"":101125999100}"
1791341683,656569019,spot,depth_diff,0,0,36,BTCUSDT,"{""E"":1791341683614,""U"":101125999094,""a"":[[""83856.96000000"",""0.18877000""],[""83877.63000000"",""0.00238000""],[""83877.65000000"",""0.00000000""],[""83900.96000000"",""0.55038000""],[""83937.96000000"",""0.02639000""]],""b"":[[""75471.25000000"",""0.00000000""],[""67085.56000000"",""0.00203000""]],""e"":""depthUpdate"",""s"":""BTCUSDT"",""u"":101125999100}"
1791341683,725757914,spot,trade,0,0,37,BTCUSDT,"{""E"":1791341683683,""M"":true,""T"":1791341683682,""e"":""trade"",""m"":false,""p"":""83856.96000000"",""q"":""0.00331000"",""s"":""BTCUSDT"",""t"":6741496693}"
1791341683,726219713,spot,trade,0,0,38,BTCUSDT,"{""E"":1791341683683,""M"":true,""T"":1791341683682,""e"":""trade"",""m"":false,""p"":""83856.96000000"",""q"":""0.00060000"",""s"":""BTCUSDT"",""t"":6741496694}"
1791341683,726599313,spot,trade,0,0,39,BTCUSDT,"{""E"":1791341683683,""M"":true,""T"":1791341683682,""e"":""trade"",""m"":false,""p"":""83856.96000000"",""q"":""0.00060000"",""s"":""BTCUSDT"",""t"":6741496695}"
1791341683,727000212,spot,trade,0,0,40,BTCUSDT,"{""E"":1791341683683,""M"":true,""T"":1791341683682,""e"":""trade"",""m"":false,""p"":""83856.96000000"",""q"":""0.00006000"",""s"":""BTCUSDT"",""t"":6741496696}"
1791341683,727320312,spot,trade,0,0,41,BTCUSDT,"{""E"":1791341683683,""M"":true,""T"":1791341683682,""e"":""trade"",""m"":false,""p"":""83856.96000000"",""q"":""0.00006000"",""s"":""BTCUSDT"",""t"":6741496697}"
1791341683,727569311,spot,trade,0,0,42,BTCUSDT,"{""E"":1791341683683,""M"":true,""T"":1791341683682,""e"":""trade"",""m"":false,""p"":""83856.96000000"",""q"":""0.00007000"",""s"":""BTCUSDT"",""t"":6741496698}"
1791341683,727835111,spot,trade,0,0,43,BTCUSDT,"{""E"":1791341683683,""M"":true,""T"":1791341683682,""e"":""trade"",""m"":false,""p"":""83856.96000000"",""q"":""0.00007000"",""s"":""BTCUSDT"",""t"":6741496699}"
1791341683,728112810,spot,trade,0,0,44,BTCUSDT,"{""E"":1791341683683,""M"":true,""T"":1791341683682,""e"":""trade"",""m"":false,""p"":""83856.96000000"",""q"":""0.00007000"",""s"":""BTCUSDT"",""t"":6741496700}"
1791341683,728377110,spot,trade,0,0,45,BTCUSDT,"{""E"":1791341683683,""M"":true,""T"":1791341683682,""e"":""trade"",""m"":false,""p"":""83856.96000000"",""q"":""0.00007000"",""s"":""BTCUSDT"",""t"":6741496701}"
1791341683,728628010,spot,trade,0,0,46,BTCUSDT,"{""E"":1791341683683,""M"":true,""T"":1791341683682,""e"":""trade"",""m"":false,""p"":""83856.96000000"",""q"":""0.00007000"",""s"":""BTCUSDT"",""t"":6741496702}"
1791341683,728889809,spot,trade,0,0,47,BTCUSDT,"{""E"":1791341683683,""M"":true,""T"":1791341683682,""e"":""trade"",""m"":false,""p"":""83856.96000000"",""q"":""0.00007000"",""s"":""BTCUSDT"",""t"":6741496703}"
1791341683,729115409,spot,trade,0,0,48,BTCUSDT,"{""E"":1791341683683,""M"":true,""T"":1791341683682,""e"":""trade"",""m"":false,""p"":""83856.96000000"",""q"":""0.00007000"",""s"":""BTCUSDT"",""t"":6741496704}"
1791341683,729351809,spot,trade,0,0,49,BTCUSDT,"{""E"":1791341683683,""M"":true,""T"":1791341683682,""e"":""trade"",""m"":false,""p"":""83856.96000000"",""q"":""0.04770000"",""s"":""BTCUSDT"",""t"":6741496705}"
1791341683,729594308,spot,trade,0,0,50,BTCUSDT,"{""E"":1791341683683,""M"":true,""T"":1791341683682,""e"":""trade"",""m"":false,""p"":""83856.96000000"",""q"":""0.00012000"",""s"":""BTCUSDT"",""t"":6741496706}"
1791341683,729823808,spot,trade,0,0,51,BTCUSDT,"{""E"":1791341683683,""M"":true,""T"":1791341683682,""e"":""trade"",""m"":false,""p"":""83856.96000000"",""q"":""0.00013000"",""s"":""BTCUSDT"",""t"":6741496707}"
1791341683,730062807,spot,trade,0,0,52,BTCUSDT,"{""E"":1791341683683,""M"":true,""T"":1791341683682,""e"":""trade"",""m"":false,""p"":""83856.96000000"",""q"":""0.00006000"",""s"":""BTCUSDT"",""t"":6741496708}"
1791341683,730290607,spot,trade,0,0,53,BTCUSDT,"{""E"":1791341683683,""M"":true,""T"":1791341683682,""e"":""trade"",""m"":false,""p"":""83856.96000000"",""q"":""0.00006000"",""s"":""BTCUSDT"",""t"":6741496709}"
1791341683,730614407,spot,trade,0,0,54,BTCUSDT,"{""E"":1791341683683,""M"":true,""T"":1791341683682,""e"":""trade"",""m"":false,""p"":""83856.97000000"",""q"":""0.00007000"",""s"":""BTCUSDT"",""t"":6741496710}"
1791341683,730854106,spot,trade,0,0,55,BTCUSDT,"{""E"":1791341683683,""M"":true,""T"":1791341683682,""e"":""trade"",""m"":false,""p"":""83856.97000000"",""q"":""0.00007000"",""s"":""BTCUSDT"",""t"":6741496711}"
1791341683,731083706,spot,trade,0,0,56,BTCUSDT,"{""E"":1791341683683,""M"":true,""T"":1791341683682,""e"":""trade"",""m"":false,""p"":""83856.97000000"",""q"":""0.00007000"",""s"":""BTCUSDT"",""t"":6741496712}"
1791341683,731292206,spot,trade,0,0,57,BTCUSDT,"{""E"":1791341683683,""M"":true,""T"":1791341683682,""e"":""trade"",""m"":false,""p"":""83856.97000000"",""q"":""0.00007000"",""s"":""BTCUSDT"",""t"":6741496713}"
1791341683,731530405,spot,trade,0,0,58,BTCUSDT,"{""E"":1791341683683,""M"":true,""T"":1791341683682,""e"":""trade"",""m"":false,""p"":""83856.97000000"",""q"":""0.00007000"",""s"":""BTCUSDT"",""t"":6741496714}"
1791341683,731762505,spot,trade,0,0,59,BTCUSDT,"{""E"":1791341683683,""M"":true,""T"":1791341683682,""e"":""trade"",""m"":false,""p"":""83857.10000000"",""q"":""0.00007000"",""s"":""BTCUSDT"",""t"":6741496715}"
1791341683,732103404,spot,trade,0,0,60,BTCUSDT,"{""E"":1791341683683,""M"":true,""T"":1791341683682,""e"":""trade"",""m"":false,""p"":""83857.62000000"",""q"":""0.00007000"",""s"":""BTCUSDT"",""t"":6741496716}"
1791341683,732344904,spot,trade,0,0,61,BTCUSDT,"{""E"":1791341683683,""M"":true,""T"":1791341683682,""e"":""trade"",""m"":false,""p"":""83857.74000000"",""q"":""0.00002000"",""s"":""BTCUSDT"",""t"":6741496717}"
1791341683,732673904,spot,trade,0,0,62,BTCUSDT,"{""E"":1791341683683,""M"":true,""T"":1791341683682,""e"":""trade"",""m"":false,""p"":""83857.74000000"",""q"":""0.00006000"",""s"":""BTCUSDT"",""t"":6741496718}"
1791341683,733004303,spot,trade,0,0,63,BTCUSDT,"{""E"":1791341683683,""M"":true,""T"":1791341683682,""e"":""trade"",""m"":false,""p"":""83858.10000000"",""q"":""0.00006000"",""s"":""BTCUSDT"",""t"":6741496719}"
1791341683,733309103,spot,trade,0,0,64,BTCUSDT,"{""E"":1791341683685,""M"":true,""T"":1791341683685,""e"":""trade"",""m"":false,""p"":""83861.45000000"",""q"":""0.00498000"",""s"":""BTCUSDT"",""t"":6741496720}"
1791341683,733611302,spot,trade,0,0,65,BTCUSDT,"{""E"":1791341683685,""M"":true,""T"":1791341683685,""e"":""trade"",""m"":false,""p"":""83861.45000000"",""q"":""0.00006000"",""s"":""BTCUSDT"",""t"":6741496721}"
1791341683,733885002,spot,trade,0,0,66,BTCUSDT,"{""E"":1791341683685,""M"":true,""T"":1791341683685,""e"":""trade"",""m"":false,""p"":""83861.45000000"",""q"":""0.00006000"",""s"":""BTCUSDT"",""t"":6741496722}"
1791341683,734132601,spot,trade,0,0,67,BTCUSDT,"{""E"":1791341683685,""M"":true,""T"":1791341683685,""e"":""trade"",""m"":false,""p"":""83861.45000000"",""q"":""0.00006000"",""s"":""BTCUSDT"",""t"":6741496723}"
1791341683,734380101,spot,trade,0,0,68,BTCUSDT,"{""E"":1791341683685,""M"":true,""T"":1791341683685,""e"":""trade"",""m"":false,""p"":""83861.45000000"",""q"":""0.00006000"",""s"":""BTCUSDT"",""t"":6741496724}"
1791341683,734676300,spot,trade,0,0,69,BTCUSDT,"{""E"":1791341683685,""M"":true,""T"":1791341683685,""e"":""trade"",""m"":false,""p"":""83861.45000000"",""q"":""0.00006000"",""s"":""BTCUSDT"",""t"":6741496725}"
1791341683,734923900,spot,trade,0,0,70,BTCUSDT,"{""E"":1791341683685,""M"":true,""T"":1791341683685,""e"":""trade"",""m"":false,""p"":""83861.45000000"",""q"":""0.00006000"",""s"":""BTCUSDT"",""t"":6741496726}"
1791341683,735150300,spot,trade,0,0,71,BTCUSDT,"{""E"":1791341683685,""M"":true,""T"":1791341683685,""e"":""trade"",""m"":false,""p"":""83861.45000000"",""q"":""0.00006000"",""s"":""BTCUSDT"",""t"":6741496727}"
1791341683,735388399,spot,trade,0,0,72,BTCUSDT,"{""E"":1791341683685,""M"":true,""T"":1791341683685,""e"":""trade"",""m"":false,""p"":""83861.45000000"",""q"":""0.00006000"",""s"":""BTCUSDT"",""t"":6741496728}"
1791341683,735602599,spot,trade,0,0,73,BTCUSDT,"{""E"":1791341683685,""M"":true,""T"":1791341683685,""e"":""trade"",""m"":false,""p"":""83861.45000000"",""q"":""0.00002000"",""s"":""BTCUSDT"",""t"":6741496729}"
1791341683,754399871,spot,depth5,0,0,74,BTCUSDT,"{""asks"":[[""83861.45000000"",""0.52414000""],[""83861.46000000"",""0.00049000""],[""83862.36000000"",""0.00006000""],[""83862.80000000"",""0.00830000""],[""83863.01000000"",""0.00007000""]],""bids"":[[""83861.44000000"",""7.26631000""],[""83861.40000000"",""0.06275000""],[""83861.35000000"",""0.05000000""],[""83860.35000000"",""0.00596000""],[""83860.21000000"",""0.21244000""]],""lastUpdateId"":101125999704}"
1791341683,859831610,spot,depth_diff,0,0,75,BTCUSDT,"{""E"":1791341683714,""U"":101125999101,""a"":[[""83856.96000000"",""0.00000000""],[""83856.97000000"",""0.00000000""],[""83857.10000000"",""0.00000000""],[""83857.62000000"",""0.00000000""],[""83857.74000000"",""0.00000000""],[""83858.10000000"",""0.00000000""],[""83861.45000000"",""0.52414000""],[""83861.46000000"",""0.00049000""],[""83862.34000000"",""0.00000000""],[""83862.36000000"",""0.00006000""],[""83862.50000000"",""0.00000000""],[""83862.51000000"",""0.00000000""],[""83862.63000000"",""0.00000000""],[""83862.64000000"",""0.00000000""],[""83862.66000000"",""0.00000000""],[""83864.43000000"",""0.00000000""],[""83865.08000000"",""0.00000000""],[""83865.34000000"",""0.00000000""],[""83865.51000000"",""0.00000000""],[""83865.55000000"",""0.00000000""],[""83865.85000000"",""0.00000000""],[""83866.11000000"",""0.00000000""],[""83866.12000000"",""0.00000000""],[""83866.15000000"",""0.00000000""],[""83866.57000000"",""0.00000000""],[""83866.62000000"",""0.00006000""],[""83866.77000000"",""0.00000000""],[""83866.82000000"",""0.00000000""],[""83867.25000000"",""0.00000000""],[""83867.28000000"",""0.00000000""],[""83867.54000000"",""0.00000000""],[""83868.00000000"",""0.00692000""],[""83868.38000000"",""0.00600000""],[""83868.39000000"",""0.00000000""],[""83868.40000000"",""0.00007000""],[""83868.41000000"",""0.00000000""],[""83868.44000000"",""0.00000000""],[""83868.45000000"",""0.00000000""],[""83868.54000000"",""0.00000000""],[""83869.22000000"",""0.00024000""],[""83869.67000000"",""0.00000000""],[""83869.84000000"",""0.00007000""],[""83870.56000000"",""0.00000000""],[""83870.81000000"",""0.00000000""],[""83870.82000000"",""0.00000000""],[""83870.84000000"",""0.00000000""],[""83870.85000000"",""0.00000000""],[""83870.86000000"",""0.00000000""],[""83870.88000000"",""0.00006000""],[""83871.02000000"",""0.00000000""],[""83871.17000000"",""0.00000000""],[""83871.22000000"",""0.00014000""],[""83871.34000000"",""0.00000000""],[""83871.37000000"",""0.00000000""],[""83871.47000000"",""0.00000000""],[""83871.48000000"",""0.00000000""],[""83871.77000000"",""0.00000000""],[""83871.90000000"",""0.00000000""],[""83872.16000000"",""0.00000000""],[""83872.36000000"",""0.00000000""],[""83872.37000000"",""0.00000000""],[""83872.90000000"",""0.14614000""],[""83873.13000000"",""0.00476000""],[""83873.14000000"",""0.00000000""],[""83873.15000000"",""0.00000000""],[""83873.18000000"",""0.00000000""],[""83873.72000000"",""0.00000000""],[""83873.75000000"",""0.00000000""],[""83874.00000000"",""0.00012000""],[""83874.62000000"",""0.00000000""],[""83875.07000000"",""0.00012000""],[""83875.08000000"",""0.14614000""],[""83875.09000000"",""1.22109000""],[""83875.10000000"",""0.00000000""],[""83875.13000000"",""0.00257000""],[""83875.14000000"",""0.00006000""],[""83875.33000000"",""0.00000000""],[""83875.54000000"",""0.00006000""],[""83875.57000000"",""0.46531000""],[""83876.80000000"",""0.00000000""],[""83877.00000000"",""0.00000000""],[""83877.17000000"",""0.00012000""],[""83877.32000000"",""0.12000000""],[""83877.63000000"",""0.00000000""],[""83877.91000000"",""0.00000000""],[""83878.22000000"",""0.00007000""],[""83878.28000000"",""1.01945000""],[""83878.83000000"",""0.00200000""],[""83879.06000000"",""0.00000000""],[""83879.31000000"",""1.22109000""],[""83879.33000000"",""0.00000000""],[""83879.34000000"",""0.00000000""],[""83879.66000000"",""0.02600000""],[""83880.04000000"",""0.00000000""],[""83880.50000000"",""0.00000000""],[""83880.86000000"",""0.32196000""],[""83880.97000000"",""0.00000000""],[""83882.11000000"",""0.00000000""],[""83882.42000000"",""0.00007000""],[""83883.25000000"",""0.00119000""],[""83883.63000000"",""2.24230000""],[""83883.64000000"",""0.00000000""],[""83884.28000000"",""0.76878000""],[""83884.29000000"",""0.00000000""],[""83884.99000000"",""0.00000000""],[""83885.81000000"",""0.32194000""],[""83885.90000000"",""1.01921000""],[""83885.91000000"",""0.00000000""],[""83886.30000000"",""0.00000000""],[""83886.61000000"",""0.00007000""],[""83886.92000000"",""0.00000000""],[""83887.42000000"",""0.00000000""],[""83887.84000000"",""0.00000000""],[""83887.95000000"",""1.22109000""],[""83887.96000000"",""0.00000000""],[""83889.17000000"",""0.15000000""],[""83890.49000000"",""0.00000000""],[""83890.80000000"",""0.00007000""],[""83892.08000000"",""0.34846000""],[""83892.09000000"",""0.00000000""],[""83893.50000000"",""1.01921000""],[""83894.69000000"",""0.00000000""],[""83894.87000000"",""0.00000000""],[""83894.88000000"",""0.00000000""],[""83894.99000000"",""0.00007000""],[""83895.60000000"",""0.12288000""],[""83895.62000000"",""1.01921000""],[""83895.74000000"",""0.01015000""],[""83895.95000000"",""0.00000000""],[""83898.49000000"",""0.00000000""],[""83898.50000000"",""0.00000000""],[""83898.88000000"",""0.00000000""],[""83899.00000000"",""0.00000000""],[""83899.19000000"",""0.00007000""],[""83900.70000000"",""0.00012000""],[""83900.93000000"",""0.00119000""],[""83900.97000000"",""0.00000000""],[""83901.62000000"",""0.05608000""],[""83903.38000000"",""0.00007000""],[""83904.00000000"",""0.01012000""],[""83904.96000000"",""0.00006000""],[""83906.07000000"",""0.00000000""],[""83907.05000000"",""0.59604000""],[""83907.23000000"",""0.00000000""],[""83907.32000000"",""0.10249000""],[""83909.53000000"",""0.00000000""],[""83909.70000000"",""0.00400000""],[""83911.17000000"",""0.00000000""],[""83911.40000000"",""0.02350000""],[""83911.80000000"",""0.00400000""],[""83915.52000000"",""0.00000000""],[""83923.28000000"",""0.00000000""],[""83928.82000000"",""0.00295000""],[""83933.85000000"",""0.00007000""],[""83943.87000000"",""0.00000000""],[""83945.31000000"",""0.00007000""],[""83950.54000000"",""0.00000000""],[""83953.24000000"",""0.00292000""],[""83956.07000000"",""0.00000000""],[""83958.91000000"",""0.00000000""],[""83959.77000000"",""2.90249000""],[""83996.97000000"",""0.00000000""],[""83997.32000000"",""1.01921000""],[""84007.96000000"",""0.00000000""],[""84009.90000000"",""1.01921000""],[""84012.01000000"",""0.00119000""],[""84017.70000000"",""0.00007000""],[""84029.17000000"",""0.00007000""],[""84032.24000000"",""0.00000000""],[""84037.15000000"",""0.00117000""],[""84101.55000000"",""0.00007000""],[""84113.03000000"",""0.00007000""],[""84185.40000000"",""0.00000000""],[""84196.90000000"",""0.00007000""],[""84269.25000000"",""0.00000000""],[""84280.76000000"",""0.00007000""],[""84353.10000000"",""0.00000000""],[""84364.62000000"",""0.00007000""],[""84436.95000000"",""0.00000000""],[""84448.48000000"",""0.00007000""],[""84520.80000000"",""0.00000000""],[""84532.34000000"",""0.00007000""]],""b"":[[""83861.44000000"",""7.26631000""],[""83861.40000000"",""0.06275000""],[""83861.35000000"",""0.05000000""],[""83861.16000000"",""0.00000000""],[""83861.15000000"",""0.00000000""],[""83860.35000000"",""0.00596000""],[""83860.34000000"",""0.00000000""],[""83860.21000000"",""0.21244000""],[""83860.20000000"",""0.23564000""],[""83859.63000000"",""0.00007000""],[""83859.52000000"",""0.15000000""],[""83859.50000000"",""0.32204000""],[""83859.30000000"",""0.00400000""],[""83859.15000000"",""0.00000000""],[""83858.50000000"",""0.00000000""],[""83858.21000000"",""0.32205000""],[""83858.10000000"",""1.61033000""],[""83858.09000000"",""2.05810000""],[""83857.73000000"",""1.02905000""],[""83857.61000000"",""0.00000000""],[""83857.36000000"",""0.00000000""],[""83857.20000000"",""0.00400000""],[""83856.96000000"",""0.42086000""],[""83856.95000000"",""0.80524000""],[""83856.94000000"",""0.70095000""],[""83856.91000000"",""0.00000000""],[""83856.90000000"",""0.00000000""],[""83856.76000000"",""0.00000000""],[""83856.75000000"",""0.00000000""],[""83856.41000000"",""0.00000000""],[""83856.40000000"",""0.00000000""],[""83856.23000000"",""0.00024000""],[""83856.20000000"",""0.00012000""],[""83855.87000000"",""0.00000000""],[""83855.44000000"",""0.00400000""],[""83855.43000000"",""0.00010000""],[""83855.32000000"",""0.02000000""],[""83855.18000000"",""0.00000000""],[""83855.17000000"",""0.00000000""],[""83854.59000000"",""0.00000000""],[""83854.11000000"",""0.00018000""],[""83853.84000000"",""0.00012000""],[""83853.68000000"",""0.35785000""],[""83853.26000000"",""0.32207000""],[""83853.22000000"",""0.00000000""],[""83853.05000000"",""0.00007000""],[""83852.91000000"",""0.39365000""],[""83852.86000000"",""0.00000000""],[""83852.50000000"",""0.00000000""],[""83851.97000000"",""0.00009000""],[""83851.42000000"",""0.00000000""],[""83851.33000000"",""0.00007000""],[""83850.94000000"",""0.00061000""],[""83850.31000000"",""0.00046000""],[""83850.30000000"",""0.00000000""],[""83848.65000000"",""0.00000000""],[""83848.55000000"",""0.00000000""],[""83847.41000000"",""0.00000000""],[""83846.91000000"",""0.02000000""],[""83846.84000000"",""0.00007000""],[""83846.76000000"",""0.10256000""],[""83846.15000000"",""0.08333000""],[""83844.67000000"",""0.00007000""],[""83842.66000000"",""0.00000000""],[""83841.99000000"",""0.00006000""],[""83841.28000000"",""0.00000000""],[""83841.22000000"",""0.00000000""],[""83840.47000000"",""0.00007000""],[""83840.37000000"",""0.00447000""],[""83840.25000000"",""0.00000000""],[""83840.17000000"",""0.00000000""],[""83836.28000000"",""0.00007000""],[""83835.98000000"",""0.00000000""],[""83834.44000000"",""0.00000000""],[""83832.09000000"",""0.00007000""],[""83831.78000000"",""0.00000000""],[""83830.30000000"",""0.55687000""],[""83829.07000000"",""1.37292000""],[""83828.66000000"",""0.00000000""],[""83828.02000000"",""0.02308000""],[""83827.90000000"",""0.00007000""],[""83827.80000000"",""0.00000000""],[""83827.70000000"",""1.18128000""],[""83827.59000000"",""0.00000000""],[""83826.15000000"",""0.00000000""],[""83825.70000000"",""0.00000000""],[""83823.70000000"",""0.00007000""],[""83823.60000000"",""0.00000000""],[""83823.40000000"",""0.00000000""],[""83820.55000000"",""0.00052000""],[""83819.51000000"",""0.00007000""],[""83819.20000000"",""0.00042000""],[""83817.96000000"",""0.00000000""],[""83815.50000000"",""0.00000000""],[""83815.01000000"",""0.00000000""],[""83810.39000000"",""0.00000000""],[""83791.85000000"",""0.00000000""],[""83786.53000000"",""0.00297000""],[""83782.01000000"",""0.00000000""],[""83777.58000000"",""0.00007000""],[""83774.99000000"",""0.00000000""],[""83774.74000000"",""0.00000000""],[""83768.63000000"",""0.00000000""],[""83766.14000000"",""0.00000000""],[""83759.10000000"",""0.00000000""],[""83728.51000000"",""0.20992000""],[""83728.42000000"",""0.00000000""],[""83693.72000000"",""0.00007000""],[""83682.29000000"",""0.00000000""],[""83670.93000000"",""0.00000000""],[""83609.86000000"",""0.00007000""],[""83598.44000000"",""0.00000000""],[""83525.99000000"",""0.00007000""],[""83514.59000000"",""0.00000000""],[""83442.13000000"",""0.00007000""],[""83430.74000000"",""0.00000000""],[""83358.27000000"",""0.00007000""],[""83346.89000000"",""0.00000000""],[""83274.41000000"",""0.00018000""],[""83263.04000000"",""0.00000000""],[""83190.55000000"",""0.00035000""],[""83179.19000000"",""0.00000000""],[""82599.10000000"",""0.00000000""],[""75471.26000000"",""0.00000000""]],""e"":""depthUpdate"",""s"":""BTCUSDT"",""u"":101125999704}"
1791341683,861255808,spot,trade,0,0,76,BTCUSDT,"{""E"":1791341683737,""M"":true,""T"":1791341683736,""e"":""trade"",""m"":false,""p"":""83861.45000000"",""q"":""0.00008000"",""s"":""BTCUSDT"",""t"":6741496730}"
1791341683,861526008,spot,trade,0,0,77,BTCUSDT,"{""E"":1791341683737,""M"":true,""T"":1791341683736,""e"":""trade"",""m"":false,""p"":""83861.45000000"",""q"":""0.00007000"",""s"":""BTCUSDT"",""t"":6741496731}"
1791341683,861823407,spot,trade,0,0,78,BTCUSDT,"{""E"":1791341683737,""M"":true,""T"":1791341683736,""e"":""trade"",""m"":false,""p"":""83861.45000000"",""q"":""0.00611000"",""s"":""BTCUSDT"",""t"":6741496732}"
1791341683,862145607,spot,depth5,0,0,79,BTCUSDT,"{""asks"":[[""83861.45000000"",""0.02127000""],[""83861.46000000"",""0.00042000""],[""83862.36000000"",""0.00006000""],[""83862.46000000"",""0.00008000""],[""83863.01000000"",""0.00007000""]],""bids"":[[""83861.44000000"",""7.59827000""],[""83861.40000000"",""0.06275000""],[""83861.35000000"",""0.05000000""],[""83860.21000000"",""0.21244000""],[""83860.20000000"",""0.23564000""]],""lastUpdateId"":101125999870}"
1791341683,862703806,spot,depth_diff,0,0,80,BTCUSDT,"{""E"":1791341683814,""U"":101125999705,""a"":[[""83861.45000000"",""0.02127000""],[""83861.46000000"",""0.00042000""],[""83862.46000000"",""0.00008000""],[""83862.80000000"",""0.00000000""],[""83864.03000000"",""0.00000000""],[""83864.14000000"",""0.00000000""],[""83864.92000000"",""0.00014000""],[""83864.93000000"",""0.03583000""],[""83865.48000000"",""0.00000000""],[""83868.38000000"",""0.00000000""],[""83870.60000000"",""0.00014000""],[""83870.61000000"",""0.14532000""],[""83871.23000000"",""0.33756000""],[""83872.89000000"",""0.00014000""],[""83872.90000000"",""0.00006000""],[""83874.00000000"",""0.00000000""],[""83875.05000000"",""0.14620000""],[""83875.06000000"",""0.00000000""],[""83875.07000000"",""0.41313000""],[""83875.08000000"",""0.00000000""],[""83875.53000000"",""0.00596000""],[""83875.57000000"",""0.00000000""],[""83875.60000000"",""0.00007000""],[""83876.06000000"",""0.00000000""],[""83876.17000000"",""0.00188000""],[""83876.79000000"",""0.29817000""],[""83876.80000000"",""0.00596000""],[""83877.14000000"",""0.00000000""],[""83877.49000000"",""0.00000000""],[""83878.17000000"",""0.35767000""],[""83878.26000000"",""0.05025000""],[""83878.27000000"",""0.77576000""],[""83879.16000000"",""0.00120000""],[""83879.17000000"",""0.29817000""],[""83880.46000000"",""0.00119000""],[""83883.44000000"",""0.64663000""],[""83884.28000000"",""0.74493000""],[""83886.30000000"",""0.29811000""],[""83887.91000000"",""0.29817000""],[""83889.68000000"",""0.00000000""],[""83892.16000000"",""0.00059000""],[""83900.96000000"",""0.00000000""],[""83901.62000000"",""0.00000000""],[""83905.53000000"",""0.05763000""],[""83915.85000000"",""0.00296000""],[""83916.28000000"",""0.53399000""],[""83920.16000000"",""0.00000000""],[""83935.36000000"",""0.00536000""],[""83939.34000000"",""0.00000000""],[""83943.89000000"",""1.08907000""],[""83963.90000000"",""0.04611000""],[""83999.21000000"",""0.00119000""]],""b"":[[""83861.44000000"",""7.59827000""],[""83861.14000000"",""0.00000000""],[""83860.35000000"",""0.00000000""],[""83858.22000000"",""0.00600000""],[""83858.10000000"",""2.84310000""],[""83856.96000000"",""0.07506000""],[""83856.95000000"",""0.78922000""],[""83856.94000000"",""0.69163000""],[""83856.91000000"",""0.30000000""],[""83855.59000000"",""0.00000000""],[""83855.44000000"",""0.00000000""],[""83854.25000000"",""0.00000000""],[""83852.91000000"",""0.37500000""],[""83852.90000000"",""0.14718000""],[""83852.87000000"",""0.00200000""],[""83844.67000000"",""0.14957000""],[""83839.72000000"",""0.70000000""],[""83837.03000000"",""0.07155000""],[""83836.72000000"",""0.00000000""],[""83836.22000000"",""0.00190000""],[""83822.97000000"",""0.00000000""],[""83821.97000000"",""0.00000000""],[""83819.30000000"",""0.60487000""],[""83808.51000000"",""0.00627000""],[""83807.89000000"",""0.00000000""],[""83807.24000000"",""0.00000000""],[""83805.04000000"",""0.78646000""],[""83804.73000000"",""0.00432000""],[""83795.40000000"",""0.00000000""],[""83793.63000000"",""0.00000000""],[""83792.20000000"",""0.00000000""],[""82603.52000000"",""0.00008000""],[""67085.56000000"",""0.00174000""]],""e"":""depthUpdate"",""s"":""BTCUSDT"",""u"":101125999870}"
1791341683,956809363,spot,depth5,0,0,81,BTCUSDT,"{""asks"":[[""83861.45000000"",""0.02107000""],[""83861.46000000"",""0.00028000""],[""83862.36000000"",""0.00006000""],[""83862.46000000"",""0.00008000""],[""83863.01000000"",""0.00007000""]],""bids"":[[""83861.44000000"",""7.62270000""],[""83861.40000000"",""0.06275000""],[""83861.35000000"",""0.05000000""],[""83860.21000000"",""0.21244000""],[""83860.20000000"",""0.23564000""]],""lastUpdateId"":101125999941}"
1791341683,957539662,spot,depth_diff,0,0,82,BTCUSDT,"{""E"":1791341683914,""U"":101125999871,""a"":[[""83861.45000000"",""0.02107000""],[""83861.46000000"",""0.00028000""],[""83865.35000000"",""0.00000000""],[""83866.30000000"",""0.00478000""],[""83866.62000000"",""0.00012000""],[""83867.65000000"",""0.00796000""],[""83868.00000000"",""0.00000000""],[""83868.99000000"",""0.00956000""],[""83869.84000000"",""0.00013000""],[""83870.33000000"",""0.00956000""],[""83870.88000000"",""0.00012000""],[""83871.04000000"",""0.00069000""],[""83871.23000000"",""0.33750000""],[""83872.89000000"",""0.00000000""],[""83873.74000000"",""0.00000000""],[""83875.04000000"",""0.00207000""],[""83875.05000000"",""0.14614000""],[""83875.07000000"",""0.41307000""],[""83875.14000000"",""0.00012000""],[""83878.23000000"",""0.00006000""],[""83879.97000000"",""0.00000000""],[""83882.12000000"",""0.00000000""],[""83882.47000000"",""0.00000000""],[""83883.23000000"",""0.00000000""],[""83886.61000000"",""0.00013000""],[""83890.51000000"",""0.00000000""],[""83894.10000000"",""0.00189000""],[""83895.81000000"",""0.15797000""],[""83896.43000000"",""0.00012000""],[""83905.08000000"",""0.00000000""],[""83909.06000000"",""0.00000000""],[""83911.40000000"",""0.00000000""],[""83919.97000000"",""0.00000000""],[""83934.00000000"",""0.00012000""],[""84052.02000000"",""0.00000000""],[""84080.98000000"",""0.00000000""],[""84102.04000000"",""0.01474000""],[""84193.24000000"",""0.01472000""]],""b"":[[""83861.44000000"",""7.62270000""],[""83860.09000000"",""0.01587000""],[""83858.75000000"",""0.01905000""],[""83857.41000000"",""0.01905000""],[""83851.42000000"",""0.00046000""],[""83850.52000000"",""0.13435000""],[""83850.31000000"",""0.00000000""],[""83844.50000000"",""0.00000000""],[""83840.72000000"",""0.70000000""],[""83839.72000000"",""0.00000000""],[""83838.83000000"",""0.00000000""],[""83828.91000000"",""0.00000000""],[""83828.02000000"",""0.00000000""],[""83821.32000000"",""0.02373000""],[""83804.03000000"",""0.00000000""],[""83801.67000000"",""0.00000000""],[""83794.90000000"",""0.00000000""],[""83750.07000000"",""0.04571000""],[""83740.01000000"",""0.00000000""],[""83723.37000000"",""0.00000000""],[""75475.30000000"",""0.00015000""]],""e"":""depthUpdate"",""s"":""BTCUSDT"",""u"":101125999941}"
1791341683,967498347,spot,trade,0,0,83,BTCUSDT,"{""E"":1791341683926,""M"":true,""T"":1791341683925,""e"":""trade"",""m"":true,""p"":""83861.44000000"",""q"":""0.00073000"",""s"":""BTCUSDT"",""t"":6741496733}"
1791341683,973618938,spot,trade,0,0,84,BTCUSDT,"{""E"":1791341683932,""M"":true,""T"":1791341683932,""e"":""trade"",""m"":false,""p"":""83861.45000000"",""q"":""0.00007000"",""s"":""BTCUSDT"",""t"":6741496734}"
1791341683,974040137,spot,trade,0,0,85,BTCUSDT,"{""E"":1791341683932,""M"":true,""T"":1791341683932,""e"":""trade"",""m"":false,""p"":""83861.45000000"",""q"":""0.00007000"",""s"":""BTCUSDT"",""t"":6741496735}"
1791341683,974333637,spot,trade,0,0,86,BTCUSDT,"{""E"":1791341683932,""M"":true,""T"":1791341683932,""e"":""trade"",""m"":false,""p"":""83861.45000000"",""q"":""0.00049000"",""s"":""BTCUSDT"",""t"":6741496736}"
1791341684,58642509,spot,depth5,0,0,87,BTCUSDT,"{""asks"":[[""83861.45000000"",""0.02077000""],[""83861.46000000"",""0.00035000""],[""83862.36000000"",""0.00006000""],[""83862.46000000"",""0.00008000""],[""83863.01000000"",""0.00007000""]],""bids"":[[""83861.44000000"",""7.62297000""],[""83861.40000000"",""0.06275000""],[""83861.35000000"",""0.05000000""],[""83860.21000000"",""0.29974000""],[""83860.20000000"",""0.23564000""]],""lastUpdateId"":101125999980}"
1791341684,59708207,spot,depth_diff,0,0,88,BTCUSDT,"{""E"":1791341684014,""U"":101125999942,""a"":[[""83861.45000000"",""0.02077000""],[""83861.46000000"",""0.00035000""],[""83864.93000000"",""0.03577000""],[""83870.60000000"",""0.00000000""],[""83870.61000000"",""0.00000000""],[""83875.04000000"",""0.00214000""],[""83875.05000000"",""0.14620000""],[""83875.06000000"",""0.00007000""],[""83875.07000000"",""0.41313000""],[""83876.80000000"",""0.00000000""],[""83880.85000000"",""0.00596000""],[""83905.53000000"",""0.05488000""]],""b"":[[""83861.44000000"",""7.62297000""],[""83860.21000000"",""0.29974000""],[""83859.53000000"",""0.34846000""],[""83840.27000000"",""0.05479000""],[""83812.03000000"",""0.00000000""],[""83743.97000000"",""0.03698000""],[""75475.29000000"",""0.00008000""],[""75475.00000000"",""0.00024000""],[""67089.16000000"",""0.00116000""],[""67085.56000000"",""0.00145000""]],""e"":""depthUpdate"",""s"":""BTCUSDT"",""u"":101125999980}"
1791341684,122357809,spot,trade,0,0,89,BTCUSDT,"{""E"":1791341684079,""M"":true,""T"":1791341684079,""e"":""trade"",""m"":true,""p"":""83861.44000000"",""q"":""0.00088000"",""s"":""BTCUSDT"",""t"":6741496737}"
1791341684,180845917,spot,depth5,0,0,90,BTCUSDT,"{""asks"":[[""83861.45000000"",""0.02077000""],[""83861.46000000"",""0.00035000""],[""83862.36000000"",""0.00006000""],[""83862.46000000"",""0.00008000""],[""83863.01000000"",""0.00007000""]],""bids"":[[""83861.44000000"",""7.62209000""],[""83861.40000000"",""0.06275000""],[""83861.35000000"",""0.05000000""],[""83860.21000000"",""0.29974000""],[""83860.20000000"",""0.23564000""]],""lastUpdateId"":101126000004}"
1791341684,182048515,spot,depth_diff,0,0,91,BTCUSDT,"{""E"":1791341684114,""U"":101125999981,""a"":[[""83865.13000000"",""0.00007000""],[""83866.22000000"",""0.00000000""],[""83868.04000000"",""0.00014000""],[""83875.04000000"",""0.00414000""],[""83879.16000000"",""0.00000000""],[""83913.62000000"",""0.00011000""],[""83922.67000000"",""0.00000000""],[""83928.51000000"",""0.00029000""],[""83937.12000000"",""0.01732000""]],""b"":[[""83861.44000000"",""7.62209000""],[""83858.22000000"",""0.01000000""],[""83847.36000000"",""0.00000000""],[""83841.72000000"",""0.70000000""],[""83841.07000000"",""0.00007000""],[""83840.72000000"",""0.00000000""],[""83839.16000000"",""0.00224000""],[""83812.57000000"",""0.00011000""],[""83810.21000000"",""0.00017000""],[""83803.44000000"",""0.00029000""],[""83785.79000000"",""0.01711000""],[""83769.48000000"",""0.00000000""],[""82603.52000000"",""0.00016000""]],""e"":""depthUpdate"",""s"":""BTCUSDT"",""u"":101126000004}"
1791341684,234698932,spot,trade,0,0,92,BTCUSDT,"{""E"":1791341684192,""M"":true,""T"":1791341684191,""e"":""trade"",""m"":false,""p"":""83861.45000000"",""q"":""0.00238000"",""s"":""BTCUSDT"",""t"":6741496738}"
1791341684,257070497,spot,depth5,0,0,93,BTCUSDT,"{""asks"":[[""83861.45000000"",""0.01839000""],[""83861.46000000"",""0.00035000""],[""83862.36000000"",""0.00006000""],[""83862.46000000"",""0.00008000""],[""83863.01000000"",""0.00007000""]],""bids"":[[""83861.44000000"",""7.73709000""],[""83861.40000000"",""0.06275000""],[""83861.35000000"",""0.05000000""],[""83860.21000000"",""0.29974000""],[""83860.20000000"",""0.23564000""]],""lastUpdateId"":101126000036}"
1791341684,261331291,spot,depth_diff,0,0,94,BTCUSDT,"{""E"":1791341684214,""U"":101126000005,""a"":[[""83861.45000000"",""0.01839000""],[""83866.62000000"",""0.00012000""],[""83871.23000000"",""0.33756000""],[""83872.94000000"",""0.00014000""],[""83872.95000000"",""0.14678000""],[""83873.13000000"",""0.00000000""],[""83874.23000000"",""0.00476000""],[""83875.06000000"",""0.00000000""],[""83876.71000000"",""0.00000000""],[""83877.32000000"",""0.00000000""],[""83879.52000000"",""0.12000000""],[""83909.22000000"",""0.00000000""],[""83917.60000000"",""0.00017000""],[""83924.71000000"",""0.00000000""],[""83939.37000000"",""0.00110000""],[""86100.00000000"",""1.56795000""]],""b"":[[""83861.44000000"",""7.73709000""],[""83858.76000000"",""0.00596000""],[""83818.50000000"",""0.00000000""],[""75475.30000000"",""0.00030000""],[""75475.29000000"",""0.00000000""],[""75475.28000000"",""0.00008000""],[""67085.56000000"",""0.00116000""]],""e"":""depthUpdate"",""s"":""BTCUSDT"",""u"":101126000036}"
1791341684,272113674,spot,trade,0,0,95,BTCUSDT,"{""E"":1791341684230,""M"":true,""T"":1791341684230,""e"":""trade"",""m"":true,""p"":""83861.44000000"",""q"":""0.00084000"",""s"":""BTCUSDT"",""t"":6741496739}"
1791341684,312860810,spot,trade,0,0,96,BTCUSDT,"{""E"":1791341684272,""M"":true,""T"":1791341684271,""e"":""trade"",""m"":false,""p"":""83861.45000000"",""q"":""0.00087000"",""s"":""BTCUSDT"",""t"":6741496740}"
1791341684,353668846,spot,depth5,0,0,97,BTCUSDT,"{""asks"":[[""83861.45000000"",""0.01752000""],[""83861.46000000"",""0.00035000""],[""83862.36000000"",""0.00006000""],[""83862.46000000"",""0.00008000""],[""83863.01000000"",""0.00007000""]],""bids"":[[""83861.44000000"",""7.73625000""],[""83861.40000000"",""0.06275000""],[""83861.35000000"",""0.05000000""],[""83861.00000000"",""0.00200000""],[""83860.47000000"",""0.00007000""]],""lastUpdateId"":101126000050}"
1791341684,355421743,spot,depth_diff,0,0,98,BTCUSDT,"{""E"":1791341684314,""U"":101126000037,""a"":[[""83861.45000000"",""0.01752000""],[""83875.98000000"",""0.00192000""],[""84611.66000000"",""0.00000000""],[""95000.00000000"",""38.80756000""]],""b"":[[""83861.44000000"",""7.73625000""],[""83861.00000000"",""0.00200000""],[""83860.47000000"",""0.00007000""],[""83856.95000000"",""0.78912000""],[""83850.68000000"",""0.03577000""],[""83841.72000000"",""0.00000000""],[""83832.71000000"",""0.70000000""],[""83744.03000000"",""0.00030000""],[""82603.52000000"",""0.00024000""]],""e"":""depthUpdate"",""s"":""BTCUSDT"",""u"":101126000050}"
1791341684,444012404,spot,trade,0,0,99,BTCUSDT,"{""E"":1791341684402,""M"":true,""T"":1791341684402,""e"":""trade"",""m"":false,""p"":""83861.45000000"",""q"":""0.00085000"",""s"":""BTCUSDT"",""t"":6741496741}"
1791341684,454608487,spot,depth5,0,0,100,BTCUSDT,"{""asks"":[[""83861.45000000"",""0.01667000""],[""83861.46000000"",""0.00035000""],[""83862.36000000"",""0.00006000""],[""83862.46000000"",""0.00008000""],[""83863.01000000"",""0.00007000""]],""bids"":[[""83861.44000000"",""7.73625000""],[""83861.40000000"",""0.06275000""],[""83861.35000000"",""0.05000000""],[""83861.00000000"",""0.00200000""],[""83860.47000000"",""0.00007000""]],""lastUpdateId"":101126000066}"
1791341684,455405786,spot,depth_diff,0,0,101,BTCUSDT,"{""E"":1791341684414,""U"":101126000051,""a"":[[""83861.45000000"",""0.01667000""],[""83866.62000000"",""0.00006000""],[""83871.23000000"",""0.33750000""],[""83872.94000000"",""0.00000000""],[""83872.95000000"",""0.13326000""],[""83875.06000000"",""0.00007000""],[""83883.44000000"",""0.29817000""],[""83909.22000000"",""0.00006000""],[""83978.85000000"",""0.00030000""]],""b"":[[""83858.92000000"",""0.02908000""],[""83855.43000000"",""0.00000000""],[""83803.01000000"",""0.00006000""],[""75475.30000000"",""0.00045000""],[""67085.56000000"",""0.00087000""]],""e"":""depthUpdate"",""s"":""BTCUSDT"",""u"":101126000066}"
1791341684,541836050,spot,trade,0,0,102,BTCUSDT,"{""E"":1791341684500,""M"":true,""T"":1791341684500,""e"":""trade"",""m"":true,""p"":""83861.44000000"",""q"":""0.00081000"",""s"":""BTCUSDT"",""t"":6741496742}"
1791341684,554115631,spot,depth5,0,0,103,BTCUSDT,"{""asks"":[[""83861.45000000"",""0.01667000""],[""83861.46000000"",""0.00035000""],[""83862.36000000"",""0.00006000""],[""83862.46000000"",""0.00008000""],[""83863.01000000"",""0.00007000""]],""bids"":[[""83861.44000000"",""7.73544000""],[""83861.40000000"",""0.06275000""],[""83861.35000000"",""0.05000000""],[""83861.00000000"",""0.00200000""],[""83860.47000000"",""0.00007000""]],""lastUpdateId"":101126000085}"
1791341684,555130430,spot,depth_diff,0,0,104,BTCUSDT,"{""E"":1791341684514,""U"":101126000067,""a"":[[""83871.23000000"",""0.33756000""],[""83872.94000000"",""0.00014000""],[""83875.03000000"",""0.00400000""],[""83875.06000000"",""0.00000000""],[""83977.39000000"",""0.00000000""],[""84013.93000000"",""0.00025000""]],""b"":[[""83861.44000000"",""7.73544000""],[""83840.72000000"",""0.70000000""],[""83839.47000000"",""0.52195000""],[""83832.71000000"",""0.00000000""],[""75475.28000000"",""0.00000000""],[""67089.16000000"",""0.00232000""],[""67089.00000000"",""0.00000000""]],""e"":""depthUpdate"",""s"":""BTCUSDT"",""u"":101126000085}"
1791341684,654338574,spot,depth5,0,0,105,BTCUSDT,"{""asks"":[[""83861.45000000"",""0.01667000""],[""83861.46000000"",""0.00035000""],[""83862.36000000"",""0.00006000""],[""83862.46000000"",""0.00008000""],[""83863.01000000"",""0.00007000""]],""bids"":[[""83861.44000000"",""7.73544000""],[""83861.40000000"",""0.06275000""],[""83861.35000000"",""0.05000000""],[""83861.00000000"",""0.00200000""],[""83860.47000000"",""0.00007000""]],""lastUpdateId"":101126000108}"
1791341684,655121773,spot,depth_diff,0,0,106,BTCUSDT,"{""E"":1791341684614,""U"":101126000086,""a"":[[""83868.76000000"",""0.00689000""],[""83875.02000000"",""0.00200000""],[""83875.03000000"",""0.00000000""],[""83875.04000000"",""0.00214000""],[""83875.07000000"",""0.00418000""],[""83875.09000000"",""0.00000000""],[""83875.48000000"",""0.12096000""],[""83876.78000000"",""0.14678000""],[""83878.28000000"",""0.00024000""],[""83888.63000000"",""0.32193000""],[""83896.77000000"",""0.66685000""],[""83943.88000000"",""0.74966000""],[""83944.64000000"",""0.00000000""]],""b"":[[""83841.72000000"",""0.70000000""],[""83840.72000000"",""0.00000000""],[""83774.99000000"",""0.00832000""],[""82603.52000000"",""0.00032000""],[""67085.56000000"",""0.00058000""]],""e"":""depthUpdate"",""s"":""BTCUSDT"",""u"":101126000108}"
1791341684,694430311,spot,trade,0,0,107,BTCUSDT,"{""E"":1791341684655,""M"":true,""T"":1791341684654,""e"":""trade"",""m"":false,""p"":""83861.45000000"",""q"":""0.00299000"",""s"":""BTCUSDT"",""t"":6741496743}"
1791341684,754187617,spot,depth5,0,0,108,BTCUSDT,"{""asks"":[[""83861.45000000"",""0.01376000""],[""83861.46000000"",""0.00042000""],[""83862.36000000"",""0.00006000""],[""83862.46000000"",""0.00008000""],[""83863.01000000"",""0.00007000""]],""bids"":[[""83861.44000000"",""7.74744000""],[""83861.40000000"",""0.06275000""],[""83861.35000000"",""0.05000000""],[""83861.00000000"",""0.00200000""],[""83860.47000000"",""0.00007000""]],""lastUpdateId"":101126000139}"
1791341684,755097016,spot,depth_diff,0,0,109,BTCUSDT,"{""E"":1791341684714,""U"":101126000109,""a"":[[""83861.45000000"",""0.01376000""],[""83861.46000000"",""0.00042000""],[""83865.51000000"",""0.00006000""],[""83875.02000000"",""0.00000000""],[""83875.04000000"",""0.00014000""],[""83875.05000000"",""0.14614000""],[""83875.07000000"",""0.00212000""],[""83875.54000000"",""0.00000000""],[""83875.99000000"",""0.00200000""],[""83876.77000000"",""0.00600000""],[""83880.03000000"",""0.00006000""]],""b"":[[""83861.44000000"",""7.74744000""],[""83846.48000000"",""0.00006000""],[""83845.94000000"",""0.47425000""],[""83844.72000000"",""0.70000000""],[""83841.99000000"",""0.00000000""],[""83841.72000000"",""0.00000000""],[""83832.71000000"",""0.00000000""],[""75475.30000000"",""0.00060000""],[""67089.00000000"",""0.00000000""]],""e"":""depthUpdate"",""s"":""BTCUSDT"",""u"":101126000139}"
1791341684,854182560,spot,depth5,0,0,110,BTCUSDT,"{""asks"":[[""83861.45000000"",""0.01376000""],[""83861.46000000"",""0.00042000""],[""83862.36000000"",""0.00006000""],[""83862.46000000"",""0.00008000""],[""83863.01000000"",""0.00007000""]],""bids"":[[""83861.44000000"",""7.74744000""],[""83861.40000000"",""0.06275000""],[""83861.35000000"",""0.05000000""],[""83861.00000000"",""0.00200000""],[""83860.47000000"",""0.00007000""]],""lastUpdateId"":101126000143}"
1791341684,855072559,spot,depth_diff,0,0,111,BTCUSDT,"{""E"":1791341684814,""U"":101126000140,""a"":[],""b"":[[""83845.94000000"",""0.31117000""],[""83844.72000000"",""0.00000000""],[""83832.71000000"",""0.70000000""],[""67085.56000000"",""0.00029000""]],""e"":""depthUpdate"",""s"":""BTCUSDT"",""u"":101126000143}"
1791341684,909429774,spot,trade,0,0,112,BTCUSDT,"{""E"":1791341684867,""M"":true,""T"":1791341684866,""e"":""trade"",""m"":false,""p"":""83861.45000000"",""q"":""0.01155000"",""s"":""BTCUSDT"",""t"":6741496744}"
1791341684,935149733,spot,trade,0,0,113,BTCUSDT,"{""E"":1791341684891,""M"":true,""T"":1791341684891,""e"":""trade"",""m"":false,""p"":""83861.45000000"",""q"":""0.00035000"",""s"":""BTCUSDT"",""t"":6741496745}"
1791341684,950902809,spot,trade,0,0,114,BTCUSDT,"{""E"":1791341684908,""M"":true,""T"":1791341684908,""e"":""trade"",""m"":true,""p"":""83861.44000000"",""q"":""0.00090000"",""s"":""BTCUSDT"",""t"":6741496746}"
1791341684,954741602,spot,depth5,0,0,115,BTCUSDT,"{""asks"":[[""83861.45000000"",""0.00186000""],[""83861.46000000"",""0.00042000""],[""83862.13000000"",""0.00007000""],[""83862.36000000"",""0.00006000""],[""83862.46000000"",""0.00008000""]],""bids"":[[""83861.44000000"",""7.74654000""],[""83861.40000000"",""0.06275000""],[""83861.00000000"",""0.00200000""],[""83860.47000000"",""0.00007000""],[""83860.21000000"",""0.29974000""]],""lastUpdateId"":101126000163}"
1791341684,955534301,spot,depth_diff,0,0,116,BTCUSDT,"{""E"":1791341684914,""U"":101126000144,""a"":[[""83861.45000000"",""0.00186000""],[""83862.13000000"",""0.00007000""],[""83864.93000000"",""0.00000000""],[""83872.90000000"",""0.00000000""],[""83872.95000000"",""0.13332000""],[""83894.88000000"",""0.00000000""],[""83905.53000000"",""0.00000000""],[""83910.88000000"",""0.05783000""]],""b"":[[""83861.44000000"",""7.74654000""],[""83861.35000000"",""0.00000000""],[""83841.72000000"",""0.70000000""],[""83832.71000000"",""0.00000000""],[""82603.52000000"",""0.00040000""],[""75475.30000000"",""0.00068000""],[""75475.00000000"",""0.00024000""]],""e"":""depthUpdate"",""s"":""BTCUSDT"",""u"":101126000163}"
1791341684,958929596,spot,trade,0,0,117,BTCUSDT,"{""E"":1791341684917,""M"":true,""T"":1791341684917,""e"":""trade"",""m"":false,""p"":""83861.45000000"",""q"":""0.00093000"",""s"":""BTCUSDT"",""t"":6741496747}"
1791341684,959392995,spot,trade,0,0,118,BTCUSDT,"{""E"":1791341684917,""M"":true,""T"":1791341684917,""e"":""trade"",""m"":false,""p"":""83861.45000000"",""q"":""0.00006000"",""s"":""BTCUSDT"",""t"":6741496748}"
1791341684,959718795,spot,trade,0,0,119,BTCUSDT,"{""E"":1791341684917,""M"":true,""T"":1791341684917,""e"":""trade"",""m"":false,""p"":""83861.45000000"",""q"":""0.00007000"",""s"":""BTCUSDT"",""t"":6741496749}"
1791341684,959955694,spot,trade,0,0,120,BTCUSDT,"{""E"":1791341684917,""M"":true,""T"":1791341684917,""e"":""trade"",""m"":false,""p"":""83861.45000000"",""q"":""0.00006000"",""s"":""BTCUSDT"",""t"":6741496750}"
1791341684,960231094,spot,trade,0,0,121,BTCUSDT,"{""E"":1791341684917,""M"":true,""T"":1791341684917,""e"":""trade"",""m"":false,""p"":""83861.45000000"",""q"":""0.00007000"",""s"":""BTCUSDT"",""t"":6741496751}"
1791341684,960530393,spot,trade,0,0,122,BTCUSDT,"{""E"":1791341684917,""M"":true,""T"":1791341684917,""e"":""trade"",""m"":false,""p"":""83861.45000000"",""q"":""0.00006000"",""s"":""BTCUSDT"",""t"":6741496752}"
1791341684,960795993,spot,trade,0,0,123,BTCUSDT,"{""E"":1791341684917,""M"":true,""T"":1791341684917,""e"":""trade"",""m"":false,""p"":""83861.45000000"",""q"":""0.00007000"",""s"":""BTCUSDT"",""t"":6741496753}"
1791341684,961056493,spot,trade,0,0,124,BTCUSDT,"{""E"":1791341684917,""M"":true,""T"":1791341684917,""e"":""trade"",""m"":false,""p"":""83861.45000000"",""q"":""0.00007000"",""s"":""BTCUSDT"",""t"":6741496754}"
1791341684,961294192,spot,trade,0,0,125,BTCUSDT,"{""E"":1791341684917,""M"":true,""T"":1791341684917,""e"":""trade"",""m"":false,""p"":""83861.45000000"",""q"":""0.00007000"",""s"":""BTCUSDT"",""t"":6741496755}"
1791341684,961538392,spot,trade,0,0,126,BTCUSDT,"{""E"":1791341684917,""M"":true,""T"":1791341684917,""e"":""trade"",""m"":false,""p"":""83861.45000000"",""q"":""0.00007000"",""s"":""BTCUSDT"",""t"":6741496756}"
1791341684,961757091,spot,trade,0,0,127,BTCUSDT,"{""E"":1791341684917,""M"":true,""T"":1791341684917,""e"":""trade"",""m"":false,""p"":""83861.45000000"",""q"":""0.00007000"",""s"":""BTCUSDT"",""t"":6741496757}"
1791341684,961962591,spot,trade,0,0,128,BTCUSDT,"{""E"":1791341684917,""M"":true,""T"":1791341684917,""e"":""trade"",""m"":false,""p"":""83861.45000000"",""q"":""0.00013000"",""s"":""BTCUSDT"",""t"":6741496758}"
1791341684,962190691,spot,trade,0,0,129,BTCUSDT,"{""E"":1791341684917,""M"":true,""T"":1791341684917,""e"":""trade"",""m"":false,""p"":""83861.45000000"",""q"":""0.00006000"",""s"":""BTCUSDT"",""t"":6741496759}"
1791341684,962428790,spot,trade,0,0,130,BTCUSDT,"{""E"":1791341684917,""M"":true,""T"":1791341684917,""e"":""trade"",""m"":false,""p"":""83861.45000000"",""q"":""0.00006000"",""s"":""BTCUSDT"",""t"":6741496760}"
1791341684,962903490,spot,trade,0,0,131,BTCUSDT,"{""E"":1791341684917,""M"":true,""T"":1791341684917,""e"":""trade"",""m"":false,""p"":""83861.45000000"",""q"":""0.00006000"",""s"":""BTCUSDT"",""t"":6741496761}"
1791341684,963134689,spot,trade,0,0,132,BTCUSDT,"{""E"":1791341684917,""M"":true,""T"":1791341684917,""e"":""trade"",""m"":false,""p"":""83861.45000000"",""q"":""0.00006000"",""s"":""BTCUSDT"",""t"":6741496762}"
1791341684,963384889,spot,trade,0,0,133,BTCUSDT,"{""E"":1791341684917,""M"":true,""T"":1791341684917,""e"":""trade"",""m"":false,""p"":""83861.45000000"",""q"":""0.00006000"",""s"":""BTCUSDT"",""t"":6741496763}"
1791341684,963622589,spot,trade,0,0,134,BTCUSDT,"{""E"":1791341684917,""M"":true,""T"":1791341684917,""e"":""trade"",""m"":false,""p"":""83861.45000000"",""q"":""0.00006000"",""s"":""BTCUSDT"",""t"":6741496764}"
1791341684,964465987,spot,trade,0,0,135,BTCUSDT,"{""E"":1791341684917,""M"":true,""T"":1791341684917,""e"":""trade"",""m"":false,""p"":""83861.45000000"",""q"":""0.00006000"",""s"":""BTCUSDT"",""t"":6741496765}"
1791341684,965116386,spot,trade,0,0,136,BTCUSDT,"{""E"":1791341684917,""M"":true,""T"":1791341684917,""e"":""trade"",""m"":false,""p"":""83861.45000000"",""q"":""0.00006000"",""s"":""BTCUSDT"",""t"":6741496766}"
1791341684,965486186,spot,trade,0,0,137,BTCUSDT,"{""E"":1791341684917,""M"":true,""T"":1791341684917,""e"":""trade"",""m"":false,""p"":""83861.46000000"",""q"":""0.00007000"",""s"":""BTCUSDT"",""t"":6741496767}"
1791341684,965920285,spot,trade,0,0,138,BTCUSDT,"{""E"":1791341684917,""M"":true,""T"":1791341684917,""e"":""trade"",""m"":false,""p"":""83861.46000000"",""q"":""0.00007000"",""s"":""BTCUSDT"",""t"":6741496768}"
1791341684,966258884,spot,trade,0,0,139,BTCUSDT,"{""E"":1791341684917,""M"":true,""T"":1791341684917,""e"":""trade"",""m"":false,""p"":""83861.46000000"",""q"":""0.00007000"",""s"":""BTCUSDT"",""t"":6741496769}"
1791341684,966584784,spot,trade,0,0,140,BTCUSDT,"{""E"":1791341684917,""M"":true,""T"":1791341684917,""e"":""trade"",""m"":false,""p"":""83861.46000000"",""q"":""0.00007000"",""s"":""BTCUSDT"",""t"":6741496770}"
1791341684,966877183,spot,trade,0,0,141,BTCUSDT,"{""E"":1791341684917,""M"":true,""T"":1791341684917,""e"":""trade"",""m"":false,""p"":""83861.46000000"",""q"":""0.00007000"",""s"":""BTCUSDT"",""t"":6741496771}"
1791341684,967195283,spot,trade,0,0,142,BTCUSDT,"{""E"":1791341684917,""M"":true,""T"":1791341684917,""e"":""trade"",""m"":false,""p"":""83862.13000000"",""q"":""0.00007000"",""s"":""BTCUSDT"",""t"":6741496772}"
1791341684,967660282,spot,trade,0,0,143,BTCUSDT,"{""E"":1791341684917,""M"":true,""T"":1791341684917,""e"":""trade"",""m"":false,""p"":""83862.36000000"",""q"":""0.00006000"",""s"":""BTCUSDT"",""t"":6741496773}"
1791341684,967935982,spot,trade,0,0,144,BTCUSDT,"{""E"":1791341684917,""M"":true,""T"":1791341684917,""e"":""trade"",""m"":false,""p"":""83862.46000000"",""q"":""0.00008000"",""s"":""BTCUSDT"",""t"":6741496774}"
1791341684,968219381,spot,trade,0,0,145,BTCUSDT,"{""E"":1791341684917,""M"":true,""T"":1791341684917,""e"":""trade"",""m"":false,""p"":""83863.01000000"",""q"":""0.00007000"",""s"":""BTCUSDT"",""t"":6741496775}"
1791341684,968551681,spot,trade,0,0,146,BTCUSDT,"{""E"":1791341684917,""M"":true,""T"":1791341684917,""e"":""trade"",""m"":false,""p"":""83864.00000000"",""q"":""0.00007000"",""s"":""BTCUSDT"",""t"":6741496776}"
1791341684,968842480,spot,trade,0,0,147,BTCUSDT,"{""E"":1791341684917,""M"":true,""T"":1791341684917,""e"":""trade"",""m"":false,""p"":""83865.13000000"",""q"":""0.00007000"",""s"":""BTCUSDT"",""t"":6741496777}"
1791341684,969167480,spot,trade,0,0,148,BTCUSDT,"{""E"":1791341684917,""M"":true,""T"":1791341684917,""e"":""trade"",""m"":false,""p"":""83865.51000000"",""q"":""0.00006000"",""s"":""BTCUSDT"",""t"":6741496778}"
1791341684,969422679,spot,trade,0,0,149,BTCUSDT,"{""E"":1791341684917,""M"":true,""T"":1791341684917,""e"":""trade"",""m"":false,""p"":""83866.00000000"",""q"":""0.00002000"",""s"":""BTCUSDT"",""t"":6741496779}"
1791341685,54909345,spot,depth5,0,0,150,BTCUSDT,"{""asks"":[[""83866.00000000"",""0.57185000""],[""83866.01000000"",""0.00049000""],[""83866.62000000"",""0.00006000""],[""83868.04000000"",""0.00014000""],[""83868.05000000"",""0.02000000""]],""bids"":[[""83865.99000000"",""6.22251000""],[""83865.90000000"",""0.05000000""],[""83865.60000000"",""0.00400000""],[""83864.43000000"",""0.00008000""],[""83864.14000000"",""0.01490000""]],""lastUpdateId"":101126000616}"
1791341685,55743844,spot,depth_diff,0,0,151,BTCUSDT,"{""E"":1791341685014,""U"":101126000164,""a"":[[""83861.45000000"",""0.00000000""],[""83861.46000000"",""0.00000000""],[""83862.13000000"",""0.00000000""],[""83862.36000000"",""0.00000000""],[""83862.46000000"",""0.00000000""],[""83863.01000000"",""0.00000000""],[""83864.00000000"",""0.00000000""],[""83864.92000000"",""0.00000000""],[""83865.13000000"",""0.00000000""],[""83865.51000000"",""0.00000000""],[""83866.00000000"",""0.57185000""],[""83866.01000000"",""0.00049000""],[""83866.30000000"",""0.00000000""],[""83866.53000000"",""0.00000000""],[""83867.65000000"",""0.00000000""],[""83868.43000000"",""0.00000000""],[""83868.63000000"",""0.00000000""],[""83868.76000000"",""0.00000000""],[""83868.99000000"",""0.00000000""],[""83869.68000000"",""0.00000000""],[""83869.84000000"",""0.00006000""],[""83870.33000000"",""0.00000000""],[""83870.36000000"",""0.00000000""],[""83870.37000000"",""0.00006000""],[""83871.04000000"",""0.00000000""],[""83871.22000000"",""0.00000000""],[""83871.23000000"",""0.00000000""],[""83872.94000000"",""0.00000000""],[""83872.95000000"",""0.00006000""],[""83874.23000000"",""0.00000000""],[""83874.39000000"",""0.00007000""],[""83875.03000000"",""0.00014000""],[""83875.04000000"",""0.04462000""],[""83875.05000000"",""0.14620000""],[""83875.07000000"",""0.00012000""],[""83875.45000000"",""0.00238000""],[""83875.46000000"",""0.00238000""],[""83875.47000000"",""0.00014000""],[""83875.48000000"",""0.12102000""],[""83875.53000000"",""0.00000000""],[""83875.99000000"",""0.00000000""],[""83876.76000000"",""0.00400000""],[""83876.77000000"",""0.00407000""],[""83876.78000000"",""0.14684000""],[""83876.79000000"",""0.29823000""],[""83878.16000000"",""1.01921000""],[""83878.22000000"",""0.00000000""],[""83878.43000000"",""0.00596000""],[""83878.48000000"",""0.00007000""],[""83878.83000000"",""0.00000000""],[""83879.66000000"",""0.00000000""],[""83879.78000000"",""0.00012000""],[""83881.55000000"",""0.00200000""],[""83882.42000000"",""0.00000000""],[""83882.77000000"",""0.00007000""],[""83882.78000000"",""0.00007000""],[""83883.31000000"",""0.02600000""],[""83883.44000000"",""0.00238000""],[""83883.46000000"",""0.00000000""],[""83886.29000000"",""0.29816000""],[""83886.61000000"",""0.00006000""],[""83886.97000000"",""0.00007000""],[""83890.80000000"",""0.00000000""],[""83891.16000000"",""0.00007000""],[""83894.99000000"",""0.00000000""],[""83895.35000000"",""0.00014000""],[""83895.53000000"",""0.00000000""],[""83896.77000000"",""0.64300000""],[""83899.19000000"",""0.00000000""],[""83899.55000000"",""0.00007000""],[""83901.12000000"",""0.39565000""],[""83903.38000000"",""0.00000000""],[""83903.74000000"",""0.00007000""],[""83904.00000000"",""0.00012000""],[""83904.96000000"",""0.00012000""],[""83907.93000000"",""0.00007000""],[""83908.00000000"",""0.01000000""],[""83910.88000000"",""0.00000000""],[""83912.14000000"",""0.00000000""],[""83912.56000000"",""0.05636000""],[""83913.33000000"",""0.00972000""],[""83928.82000000"",""0.00000000""],[""83932.57000000"",""0.00297000""],[""83937.96000000"",""0.30314000""],[""83952.36000000"",""0.22873000""],[""83953.24000000"",""0.00000000""],[""83957.75000000"",""0.00292000""],[""83957.76000000"",""0.00000000""],[""84003.13000000"",""0.00000000""],[""84087.97000000"",""0.00000000""],[""84097.08000000"",""0.01867000""],[""84188.17000000"",""0.33750000""],[""84266.47000000"",""0.02892000""]],""b"":[[""83865.99000000"",""6.22251000""],[""83865.90000000"",""0.05000000""],[""83865.65000000"",""0.00000000""],[""83865.64000000"",""0.00000000""],[""83865.60000000"",""0.00400000""],[""83865.50000000"",""0.00000000""],[""83864.43000000"",""0.00008000""],[""83864.14000000"",""0.01490000""],[""83864.05000000"",""0.09612000""],[""83864.04000000"",""0.32202000""],[""83863.69000000"",""0.00000000""],[""83863.50000000"",""0.00400000""],[""83863.10000000"",""0.00000000""],[""83862.36000000"",""0.00012000""],[""83862.35000000"",""0.00000000""],[""83862.15000000"",""0.32203000""],[""83862.13000000"",""1.07140000""],[""83862.12000000"",""0.00000000""],[""83862.05000000"",""0.05000000""],[""83861.48000000"",""1.69834000""],[""83861.47000000"",""0.32203000""],[""83861.46000000"",""1.02905000""],[""83861.45000000"",""1.05222000""],[""83861.44000000"",""2.14736000""],[""83861.40000000"",""0.01275000""],[""83861.00000000"",""0.00000000""],[""83860.48000000"",""0.00200000""],[""83860.21000000"",""0.00000000""],[""83860.09000000"",""0.00000000""],[""83859.81000000"",""0.00006000""],[""83858.92000000"",""0.03117000""],[""83858.81000000"",""0.00012000""],[""83858.75000000"",""0.00000000""],[""83858.22000000"",""0.00400000""],[""83858.11000000"",""0.79531000""],[""83858.10000000"",""1.23289000""],[""83858.09000000"",""0.00000000""],[""83857.73000000"",""0.00000000""],[""83857.60000000"",""0.00007000""],[""83857.41000000"",""0.00000000""],[""83856.95000000"",""0.49086000""],[""83856.94000000"",""0.48178000""],[""83855.27000000"",""0.00000000""],[""83855.02000000"",""0.00045000""],[""83855.01000000"",""0.00000000""],[""83854.68000000"",""0.00007000""],[""83853.83000000"",""0.73324000""],[""83853.73000000"",""0.00000000""],[""83853.27000000"",""0.00000000""],[""83853.26000000"",""0.00000000""],[""83853.05000000"",""0.00000000""],[""83852.91000000"",""0.07500000""],[""83852.23000000"",""0.00007000""],[""83851.42000000"",""0.00000000""],[""83851.11000000"",""0.02200000""],[""83851.06000000"",""0.02000000""],[""83850.95000000"",""0.34856000""],[""83850.68000000"",""0.00000000""],[""83850.22000000"",""1.05402000""],[""83849.22000000"",""0.00007000""],[""83848.86000000"",""2.05810000""],[""83847.66000000"",""0.00000000""],[""83845.66000000"",""0.00000000""],[""83845.42000000"",""0.00000000""],[""83845.02000000"",""0.00007000""],[""83844.67000000"",""0.14950000""],[""83844.63000000"",""0.00000000""],[""83840.83000000"",""0.00007000""],[""83840.47000000"",""0.00000000""],[""83839.16000000"",""0.00024000""],[""83837.04000000"",""0.33817000""],[""83836.98000000"",""0.00000000""],[""83836.64000000"",""0.00007000""],[""83836.28000000"",""0.00000000""],[""83834.79000000"",""0.55764000""],[""83832.44000000"",""0.00007000""],[""83832.09000000"",""0.00000000""],[""83832.00000000"",""0.00012000""],[""83830.30000000"",""0.00000000""],[""83829.90000000"",""0.00000000""],[""83828.25000000"",""0.00007000""],[""83827.90000000"",""0.00000000""],[""83824.06000000"",""0.00007000""],[""83824.02000000"",""0.00000000""],[""83823.70000000"",""0.00000000""],[""83819.76000000"",""0.00000000""],[""83819.51000000"",""0.00000000""],[""83813.10000000"",""0.00000000""],[""83808.38000000"",""0.00298000""],[""83800.87000000"",""0.00000000""],[""83774.86000000"",""0.00000000""],[""82603.52000000"",""0.00000000""],[""75477.35000000"",""0.00000000""],[""75475.30000000"",""0.00008000""],[""75475.00000000"",""0.00024000""],[""67085.56000000"",""0.00000000""]],""e"":""depthUpdate"",""s"":""BTCUSDT"",""u"":101126000616}"
1791341685,156412581,spot,depth5,0,0,152,BTCUSDT,"{""asks"":[[""83866.00000000"",""0.57161000""],[""83866.01000000"",""0.00014000""],[""83866.62000000"",""0.00006000""],[""83868.04000000"",""0.00014000""],[""83868.05000000"",""0.05577000""]],""bids"":[[""83865.99000000"",""6.24805000""],[""83865.95000000"",""0.05000000""],[""83865.90000000"",""0.05000000""],[""83865.60000000"",""0.00400000""],[""83864.64000000"",""0.01587000""]],""lastUpdateId"":101126000666}"
1791341685,157519879,spot,depth_diff,0,0,153,BTCUSDT,"{""E"":1791341685114,""U"":101126000617,""a"":[[""83866.00000000"",""0.57161000""],[""83866.01000000"",""0.00014000""],[""83868.05000000"",""0.05577000""],[""83870.85000000"",""0.00478000""],[""83872.20000000"",""0.00796000""],[""83873.54000000"",""0.00956000""],[""83874.88000000"",""0.00956000""],[""83876.81000000"",""0.32204000""],[""83878.16000000"",""1.01927000""],[""83878.64000000"",""0.01200000""],[""83883.42000000"",""0.00238000""],[""83883.44000000"",""0.00000000""],[""83899.98000000"",""0.60429000""],[""83912.06000000"",""0.77462000""]],""b"":[[""83865.99000000"",""6.24805000""],[""83865.95000000"",""0.05000000""],[""83864.64000000"",""0.01587000""],[""83863.30000000"",""0.01905000""],[""83863.28000000"",""0.00200000""],[""83862.16000000"",""0.00600000""],[""83862.05000000"",""0.00000000""],[""83861.96000000"",""0.01905000""],[""83861.45000000"",""0.71472000""],[""83861.44000000"",""2.13134000""],[""83858.22000000"",""0.00000000""],[""83852.95000000"",""0.03577000""],[""83852.87000000"",""0.00000000""],[""83840.60000000"",""0.02287000""],[""83829.74000000"",""0.77538000""],[""83682.23000000"",""0.01200000""]],""e"":""depthUpdate"",""s"":""BTCUSDT"",""u"":101126000666}"
1791341685,258920215,spot,depth5,0,0,154,BTCUSDT,"{""asks"":[[""83866.00000000"",""0.57170000""],[""83866.01000000"",""0.00035000""],[""83866.62000000"",""0.00006000""],[""83868.04000000"",""0.00014000""],[""83868.05000000"",""0.05577000""]],""bids"":[[""83865.99000000"",""6.24905000""],[""83865.95000000"",""0.05000000""],[""83865.90000000"",""0.05000000""],[""83865.60000000"",""0.00400000""],[""83864.64000000"",""0.01587000""]],""lastUpdateId"":101126000689}"
1791341685,259888413,spot,depth_diff,0,0,155,BTCUSDT,"{""E"":1791341685215,""U"":101126000667,""a"":[[""83866.00000000"",""0.57170000""],[""83866.01000000"",""0.00035000""],[""83876.81000000"",""0.32198000""],[""83878.16000000"",""1.01921000""],[""83883.40000000"",""0.00238000""],[""83883.42000000"",""0.00000000""],[""83885.09000000"",""0.00007000""]],""b"":[[""83865.99000000"",""6.24905000""],[""83863.47000000"",""0.00007000""],[""83849.22000000"",""0.00014000""],[""83840.60000000"",""0.00000000""],[""83836.13000000"",""0.00000000""],[""83800.00000000"",""2.31839000""],[""83682.23000000"",""0.00000000""],[""82608.01000000"",""0.00008000""],[""75479.40000000"",""0.00015000""],[""75479.00000000"",""0.00077000""],[""67089.16000000"",""0.00203000""]],""e"":""depthUpdate"",""s"":""BTCUSDT"",""u"":101126000689}"
1791341685,357851854,spot,depth5,0,0,156,BTCUSDT,"{""asks"":[[""83866.00000000"",""0.61431000""],[""83866.01000000"",""0.00042000""],[""83866.62000000"",""0.00006000""],[""83868.04000000"",""0.00014000""],[""83868.05000000"",""0.02000000""]],""bids"":[[""83865.99000000"",""6.24915000""],[""83865.95000000"",""0.05000000""],[""83865.90000000"",""0.05000000""],[""83865.70000000"",""0.00008000""],[""83865.60000000"",""0.00400000""]],""lastUpdateId"":101126000755}"
1791341685,358757553,spot,depth_diff,0,0,157,BTCUSDT,"{""E"":1791341685314,""U"":101126000690,""a"":[[""83866.00000000"",""0.61431000""],[""83866.01000000"",""0.00042000""],[""83868.05000000"",""0.02000000""],[""83869.22000000"",""0.00000000""],[""83869.84000000"",""0.00000000""],[""83870.37000000"",""0.00000000""],[""83872.95000000"",""0.00000000""],[""83873.83000000"",""0.00014000""],[""83873.84000000"",""0.32199000""],[""83874.39000000"",""0.00013000""],[""83875.03000000"",""0.00000000""],[""83875.04000000"",""0.00000000""],[""83875.05000000"",""0.00006000""],[""83875.45000000"",""0.00000000""],[""83875.46000000"",""0.00000000""],[""83876.77000000"",""0.00414000""],[""83876.78000000"",""0.14684000""],[""83876.79000000"",""0.00013000""],[""83876.80000000"",""1.04576000""],[""83876.90000000"",""0.00476000""],[""83878.15000000"",""0.05025000""],[""83878.23000000"",""0.00000000""],[""83878.26000000"",""0.00000000""],[""83878.27000000"",""0.00000000""],[""83879.17000000"",""0.00000000""],[""83879.30000000"",""0.29816000""],[""83882.78000000"",""0.00013000""],[""83883.53000000"",""0.29816000""],[""83886.61000000"",""0.00000000""],[""83888.63000000"",""0.00000000""],[""83890.37000000"",""0.00000000""],[""83895.53000000"",""0.08876000""],[""83913.33000000"",""0.00000000""],[""84620.78000000"",""0.00010000""]],""b"":[[""83865.99000000"",""6.24915000""],[""83865.70000000"",""0.00008000""],[""83864.43000000"",""0.00000000""],[""83864.05000000"",""0.25720000""],[""83864.04000000"",""0.64404000""],[""83863.98000000"",""0.23564000""],[""83863.28000000"",""0.00000000""],[""83860.20000000"",""0.00000000""],[""83853.08000000"",""0.12000000""],[""83852.95000000"",""0.00000000""],[""83846.94000000"",""0.29816000""],[""83842.72000000"",""0.00000000""],[""83841.72000000"",""0.00000000""],[""83834.17000000"",""0.00000000""],[""83832.71000000"",""0.70000000""],[""83829.89000000"",""0.08781000""],[""75479.00000000"",""0.00077000""]],""e"":""depthUpdate"",""s"":""BTCUSDT"",""u"":101126000755}"
1791341685,409660870,spot,trade,0,0,158,BTCUSDT,"{""E"":1791341685367,""M"":true,""T"":1791341685367,""e"":""trade"",""m"":true,""p"":""83865.99000000"",""q"":""0.03008000"",""s"":""BTCUSDT"",""t"":6741496780}"
1791341685,454695697,spot,depth5,0,0,159,BTCUSDT,"{""asks"":[[""83866.00000000"",""0.27414000""],[""83866.01000000"",""0.00056000""],[""83866.62000000"",""0.00006000""],[""83868.04000000"",""0.00014000""],[""83868.05000000"",""0.02000000""]],""bids"":[[""83865.99000000"",""6.55879000""],[""83865.95000000"",""0.05000000""],[""83865.90000000"",""0.05000000""],[""83865.70000000"",""0.00008000""],[""83865.60000000"",""0.00400000""]],""lastUpdateId"":101126000804}"
1791341685,455373396,spot,depth_diff,0,0,160,BTCUSDT,"{""E"":1791341685414,""U"":101126000756,""a"":[[""83866.00000000"",""0.27414000""],[""83866.01000000"",""0.00056000""],[""83870.15000000"",""0.00014000""],[""83870.16000000"",""0.03583000""],[""83873.82000000"",""0.00014000""],[""83873.83000000"",""0.14627000""],[""83876.77000000"",""0.00400000""],[""83876.79000000"",""0.00006000""],[""83876.81000000"",""0.32198000""],[""83878.15000000"",""0.00000000""],[""83883.35000000"",""0.00238000""],[""83883.40000000"",""0.00000000""],[""83890.37000000"",""0.05025000""],[""83894.88000000"",""0.20000000""],[""83909.22000000"",""0.00000000""],[""84155.16000000"",""0.00021000""]],""b"":[[""83865.99000000"",""6.55879000""],[""83863.82000000"",""0.00007000""],[""83862.16000000"",""0.01000000""],[""83861.45000000"",""0.37500000""],[""83861.44000000"",""1.79162000""],[""83860.47000000"",""0.00000000""],[""83859.63000000"",""0.00000000""],[""83855.05000000"",""0.03577000""],[""83843.01000000"",""0.00200000""],[""83829.97000000"",""0.00000000""],[""83568.13000000"",""0.00021000""],[""82608.01000000"",""0.00016000""],[""75479.00000000"",""0.00067000""],[""75475.30000000"",""0.00000000""],[""75475.29000000"",""0.00008000""],[""67089.16000000"",""0.00174000""]],""e"":""depthUpdate"",""s"":""BTCUSDT"",""u"":101126000804}"
1791341685,556148433,spot,depth5,0,0,161,BTCUSDT,"{""asks"":[[""83866.00000000"",""0.71653000""],[""83866.01000000"",""0.00056000""],[""83866.62000000"",""0.00012000""],[""83868.04000000"",""0.00014000""],[""83868.05000000"",""0.02000000""]],""bids"":[[""83865.99000000"",""6.55886000""],[""83865.95000000"",""0.05000000""],[""83865.90000000"",""0.05000000""],[""83865.70000000"",""0.00008000""],[""83865.60000000"",""0.00400000""]],""lastUpdateId"":101126000824}"
1791341685,557021132,spot,depth_diff,0,0,162,BTCUSDT,"{""E"":1791341685514,""U"":101126000805,""a"":[[""83866.00000000"",""0.71653000""],[""83866.62000000"",""0.00012000""],[""83868.85000000"",""0.00684000""],[""83878.15000000"",""0.05025000""],[""83881.72000000"",""0.00012000""],[""83882.50000000"",""0.00238000""],[""83883.35000000"",""0.00000000""],[""83890.37000000"",""0.00000000""],[""83961.75000000"",""1.26918000""],[""84009.20000000"",""0.01867000""]],""b"":[[""83865.99000000"",""6.55886000""],[""83863.85000000"",""0.00200000""],[""83841.72000000"",""0.70000000""],[""83832.71000000"",""0.00000000""],[""80000.00000000"",""130.33919000""],[""75479.40000000"",""0.00030000""],[""67092.80000000"",""0.00116000""]],""e"":""depthUpdate"",""s"":""BTCUSDT"",""u"":101126000824}"
1791341685,628132016,spot,trade,0,0,163,BTCUSDT,"{""E"":1791341685579,""M"":true,""T"":1791341685579,""e"":""trade"",""m"":true,""p"":""83865.99000000"",""q"":""0.00087000"",""s"":""BTCUSDT"",""t"":6741496781}"
1791341685,654587174,spot,trade,0,0,164,BTCUSDT,"{""E"":1791341685613,""M"":true,""T"":1791341685613,""e"":""trade"",""m"":true,""p"":""83865.99000000"",""q"":""0.00085000"",""s"":""BTCUSDT"",""t"":6741496782}"
1791341685,655811172,spot,depth5,0,0,165,BTCUSDT,"{""asks"":[[""83866.00000000"",""0.71810000""],[""83866.01000000"",""0.00063000""],[""83866.62000000"",""0.00012000""],[""83868.04000000"",""0.00014000""],[""83868.05000000"",""0.02000000""]],""bids"":[[""83865.99000000"",""6.55714000""],[""83865.95000000"",""0.05000000""],[""83865.90000000"",""0.05000000""],[""83865.70000000"",""0.00008000""],[""83865.60000000"",""0.00400000""]],""lastUpdateId"":101126000845}"
1791341685,656641370,spot,depth_diff,0,0,166,BTCUSDT,"{""E"":1791341685614,""U"":101126000825,""a"":[[""83866.00000000"",""0.71810000""],[""83866.01000000"",""0.00063000""],[""83882.47000000"",""0.00238000""],[""83882.50000000"",""0.00000000""],[""83913.62000000"",""0.00000000""],[""83914.02000000"",""0.00961000""],[""83917.60000000"",""0.00000000""],[""83918.17000000"",""0.00011000""],[""83922.15000000"",""0.00017000""]],""b"":[[""83865.99000000"",""6.55714000""],[""83832.53000000"",""0.00792000""],[""83817.11000000"",""0.00011000""],[""83812.57000000"",""0.00000000""],[""83000.00000000"",""121.37383000""],[""67093.00000000"",""0.00000000""],[""67089.16000000"",""0.00145000""]],""e"":""depthUpdate"",""s"":""BTCUSDT"",""u"":101126000845}"
1791341685,683289427,spot,trade,0,0,167,BTCUSDT,"{""E"":1791341685639,""M"":true,""T"":1791341685638,""e"":""trade"",""m"":false,""p"":""83866.00000000"",""q"":""0.00014000"",""s"":""BTCUSDT"",""t"":6741496783}"
1791341685,686766321,spot,trade,0,0,168,BTCUSDT,"{""E"":1791341685639,""M"":true,""T"":1791341685638,""e"":""trade"",""m"":false,""p"":""83866.00000000"",""q"":""0.00027000"",""s"":""BTCUSDT"",""t"":6741496784}"
1791341685,700224800,spot,trade,0,0,169,BTCUSDT,"{""E"":1791341685656,""M"":true,""T"":1791341685655,""e"":""trade"",""m"":false,""p"":""83866.00000000"",""q"":""0.00073000"",""s"":""BTCUSDT"",""t"":6741496785}"
1791341685,768657189,spot,trade,0,0,170,BTCUSDT,"{""E"":1791341685713,""M"":true,""T"":1791341685713,""e"":""trade"",""m"":true,""p"":""83865.99000000"",""q"":""0.00136000"",""s"":""BTCUSDT"",""t"":6741496786}"
1791341685,791004353,spot,depth5,0,0,171,BTCUSDT,"{""asks"":[[""83866.00000000"",""0.71682000""],[""83866.01000000"",""0.00049000""],[""83866.62000000"",""0.00012000""],[""83868.04000000"",""0.00014000""],[""83868.05000000"",""0.02000000""]],""bids"":[[""83865.99000000"",""6.55578000""],[""83865.95000000"",""0.05000000""],[""83865.90000000"",""0.05000000""],[""83865.70000000"",""0.00008000""],[""83865.60000000"",""0.00400000""]],""lastUpdateId"":101126000865}"
1791341685,819363607,spot,depth_diff,0,0,172,BTCUSDT,"{""E"":1791341685714,""U"":101126000846,""a"":[[""83866.00000000"",""0.71682000""],[""83866.01000000"",""0.00049000""],[""83868.85000000"",""0.00000000""],[""83871.73000000"",""0.00000000""],[""83882.44000000"",""0.00238000""],[""83882.47000000"",""0.00000000""],[""83951.09000000"",""0.00006000""]],""b"":[[""83865.99000000"",""6.55578000""],[""83861.44000000"",""1.77969000""],[""82608.01000000"",""0.00024000""],[""75479.40000000"",""0.00045000""],[""75475.29000000"",""0.00000000""],[""67093.00000000"",""0.00000000""]],""e"":""depthUpdate"",""s"":""BTCUSDT"",""u"":101126000865}"
1791341685,864970333,spot,depth5,0,0,173,BTCUSDT,"{""asks"":[[""83866.00000000"",""0.89746000""],[""83866.01000000"",""0.00056000""],[""83866.62000000"",""0.00012000""],[""83868.04000000"",""0.00014000""],[""83868.05000000"",""0.02000000""]],""bids"":[[""83865.99000000"",""6.68913000""],[""83865.95000000"",""0.05830000""],[""83865.90000000"",""0.05000000""],[""83865.70000000"",""0.00008000""],[""83865.60000000"",""0.00400000""]],""lastUpdateId"":101126000902}"
1791341685,957708382,spot,depth_diff,0,0,174,BTCUSDT,"{""E"":1791341685814,""U"":101126000866,""a"":[[""83866.00000000"",""0.89746000""],[""83866.01000000"",""0.00056000""],[""83869.87000000"",""0.00024000""],[""83870.17000000"",""0.00007000""],[""83872.18000000"",""0.00780000""],[""83876.77000000"",""0.00800000""],[""83880.03000000"",""0.00000000""],[""83884.58000000"",""0.00006000""],[""83892.82000000"",""0.19703000""],[""83895.53000000"",""0.00000000""],[""83895.81000000"",""0.00000000""]],""b"":[[""83865.99000000"",""6.68913000""],[""83865.95000000"",""0.05830000""],[""83865.40000000"",""0.12096000""],[""83863.85000000"",""0.00000000""],[""83863.47000000"",""0.00000000""],[""83861.44000000"",""1.77794000""],[""83861.40000000"",""0.00400000""],[""83851.03000000"",""0.00006000""],[""83846.48000000"",""0.00000000""],[""83845.94000000"",""0.43389000""],[""83845.57000000"",""0.00000000""],[""83843.01000000"",""0.00000000""],[""83842.72000000"",""0.00000000""],[""83841.72000000"",""0.00200000""],[""83832.71000000"",""0.70000000""],[""83824.02000000"",""0.00006000""],[""67089.16000000"",""0.00116000""]],""e"":""depthUpdate"",""s"":""BTCUSDT"",""u"":101126000902}"
1791341685,994904222,spot,trade,0,0,175,BTCUSDT,"{""E"":1791341685832,""M"":true,""T"":1791341685831,""e"":""trade"",""m"":true,""p"":""83865.99000000"",""q"":""0.00149000"",""s"":""BTCUSDT"",""t"":6741496787}"
1791341686,32492260,spot,depth5,0,0,176,BTCUSDT,"{""asks"":[[""83866.00000000"",""0.91046000""],[""83866.01000000"",""0.00056000""],[""83866.62000000"",""0.00012000""],[""83868.04000000"",""0.00014000""],[""83868.05000000"",""0.02000000""]],""bids"":[[""83865.99000000"",""6.68764000""],[""83865.95000000"",""0.05830000""],[""83865.90000000"",""0.05000000""],[""83865.70000000"",""0.00008000""],[""83865.60000000"",""0.00400000""]],""lastUpdateId"":101126000909}"
1791341686,71905994,spot,depth_diff,0,0,177,BTCUSDT,"{""E"":1791341685914,""U"":101126000903,""a"":[[""83866.00000000"",""0.91046000""]],""b"":[[""83865.99000000"",""6.68764000""],[""83863.39000000"",""0.00200000""],[""83845.94000000"",""0.31117000""]],""e"":""depthUpdate"",""s"":""BTCUSDT"",""u"":101126000909}"
1791341686,76736586,spot,trade,0,0,178,BTCUSDT,"{""E"":1791341685960,""M"":true,""T"":1791341685960,""e"":""trade"",""m"":false,""p"":""83866.00000000"",""q"":""0.00095000"",""s"":""BTCUSDT"",""t"":6741496788}"
1791341686,86147570,spot,depth5,0,0,179,BTCUSDT,"{""asks"":[[""83866.00000000"",""0.90964000""],[""83866.01000000"",""0.00056000""],[""83866.62000000"",""0.00012000""],[""83868.04000000"",""0.00014000""],[""83868.05000000"",""0.02000000""]],""bids"":[[""83865.99000000"",""6.69002000""],[""83865.95000000"",""0.05830000""],[""83865.90000000"",""0.05000000""],[""83865.70000000"",""0.00008000""],[""83865.60000000"",""0.00400000""]],""lastUpdateId"":101126000932}"
1791341686,103808841,spot,depth_diff,0,0,180,BTCUSDT,"{""E"":1791341686014,""U"":101126000910,""a"":[[""83866.00000000"",""0.90964000""],[""83875.05000000"",""0.00000000""],[""83875.47000000"",""0.00000000""],[""83875.48000000"",""0.00006000""],[""83875.98000000"",""0.00000000""],[""83876.77000000"",""0.00807000""]],""b"":[[""83865.99000000"",""6.69002000""],[""83864.66000000"",""0.00007000""],[""83841.72000000"",""0.70200000""],[""83832.71000000"",""0.00000000""],[""82608.01000000"",""0.00032000""],[""75479.40000000"",""0.00068000""],[""67093.00000000"",""0.00000000""],[""67092.80000000"",""0.00232000""],[""67089.16000000"",""0.00087000""]],""e"":""depthUpdate"",""s"":""BTCUSDT"",""u"":101126000932}"
1791341686,165032638,spot,depth5,0,0,181,BTCUSDT,"{""asks"":[[""83866.00000000"",""0.90964000""],[""83866.01000000"",""0.00056000""],[""83866.62000000"",""0.00012000""],[""83868.04000000"",""0.00014000""],[""83868.05000000"",""0.02000000""]],""bids"":[[""83865.99000000"",""6.69002000""],[""83865.95000000"",""0.05830000""],[""83865.90000000"",""0.05000000""],[""83865.70000000"",""0.00008000""],[""83865.60000000"",""0.00400000""]],""lastUpdateId"":101126000937}"
1791341686,176990318,spot,depth_diff,0,0,182,BTCUSDT,"{""E"":1791341686114,""U"":101126000933,""a"":[],""b"":[[""83841.79000000"",""0.00000000""],[""83841.72000000"",""0.00200000""],[""83832.79000000"",""0.70000000""],[""83770.70000000"",""0.00000000""]],""e"":""depthUpdate"",""s"":""BTCUSDT"",""u"":101126000937}"
1791341686,211106161,spot,trade,0,0,183,BTCUSDT,"{""E"":1791341686171,""M"":true,""T"":1791341686171,""e"":""trade"",""m"":false,""p"":""83866.00000000"",""q"":""0.00084000"",""s"":""BTCUSDT"",""t"":6741496789}"
1791341686,256357786,spot,depth5,0,0,184,BTCUSDT,"{""asks"":[[""83866.00000000"",""0.90880000""],[""83866.01000000"",""0.00056000""],[""83866.62000000"",""0.00012000""],[""83868.04000000"",""0.00014000""],[""83868.05000000"",""0.02000000""]],""bids"":[[""83865.99000000"",""6.69002000""],[""83865.95000000"",""0.05830000""],[""83865.90000000"",""0.05000000""],[""83865.70000000"",""0.00008000""],[""83865.60000000"",""0.00400000""]],""lastUpdateId"":101126000945}"
1791341686,257357184,spot,depth_diff,0,0,185,BTCUSDT,"{""E"":1791341686214,""U"":101126000938,""a"":[[""83866.00000000"",""0.90880000""],[""83878.64000000"",""0.00000000""],[""83883.44000000"",""0.34846000""]],""b"":[[""83845.94000000"",""0.43389000""],[""83842.79000000"",""0.70000000""],[""83832.79000000"",""0.00000000""],[""75479.40000000"",""0.00083000""],[""67089.16000000"",""0.00058000""]],""e"":""depthUpdate"",""s"":""BTCUSDT"",""u"":101126000945}"
1791341686,321155077,spot,trade,0,0,186,BTCUSDT,"{""E"":1791341686277,""M"":true,""T"":1791341686276,""e"":""trade"",""m"":true,""p"":""83865.99000000"",""q"":""0.00648000"",""s"":""BTCUSDT"",""t"":6741496790}"
1791341686,346609635,spot,trade,0,0,187,BTCUSDT,"{""E"":1791341686304,""M"":true,""T"":1791341686304,""e"":""trade"",""m"":true,""p"":""83865.99000000"",""q"":""0.00299000"",""s"":""BTCUSDT"",""t"":6741496791}"
1791341686,354233822,spot,depth5,0,0,188,BTCUSDT,"{""asks"":[[""83866.00000000"",""0.92187000""],[""83866.01000000"",""0.00056000""],[""83866.62000000"",""0.00012000""],[""83868.04000000"",""0.00014000""],[""83868.05000000"",""0.02000000""]],""bids"":[[""83865.99000000"",""6.68055000""],[""83865.95000000"",""0.05830000""],[""83865.90000000"",""0.05000000""],[""83865.70000000"",""0.00008000""],[""83865.60000000"",""0.00400000""]],""lastUpdateId"":101126000956}"
1791341686,355448220,spot,depth_diff,0,0,189,BTCUSDT,"{""E"":1791341686314,""U"":101126000946,""a"":[[""83866.00000000"",""0.92187000""],[""83884.28000000"",""1.09151000""],[""83887.64000000"",""0.35771000""],[""83896.78000000"",""0.00000000""]],""b"":[[""83865.99000000"",""6.68055000""],[""83863.63000000"",""0.00793000""],[""83842.75000000"",""0.00000000""],[""82608.01000000"",""0.00040000""],[""75479.40000000"",""0.00075000""],[""75479.39000000"",""0.00008000""]],""e"":""depthUpdate"",""s"":""BTCUSDT"",""u"":101126000956}"
1791341686,454985254,spot,depth5,0,0,190,BTCUSDT,"{""asks"":[[""83866.00000000"",""0.92187000""],[""83866.01000000"",""0.00056000""],[""83866.62000000"",""0.00012000""],[""83868.04000000"",""0.00014000""],[""83868.05000000"",""0.02000000""]],""bids"":[[""83865.99000000"",""6.68055000""],[""83865.95000000"",""0.05830000""],[""83865.90000000"",""0.05000000""],[""83865.70000000"",""0.00008000""],[""83865.60000000"",""0.00400000""]],""lastUpdateId"":101126000963}"
1791341686,456220952,spot,depth_diff,0,0,191,BTCUSDT,"{""E"":1791341686414,""U"":101126000957,""a"":[[""83872.51000000"",""0.00000000""],[""83876.81000000"",""0.32204000""],[""83878.50000000"",""0.00200000""]],""b"":[[""83858.81000000"",""0.00019000""],[""75479.00000000"",""0.00067000""],[""67089.16000000"",""0.00029000""]],""e"":""depthUpdate"",""s"":""BTCUSDT"",""u"":101126000963}"
1791341686,478758014,spot,trade,0,0,192,BTCUSDT,"{""E"":1791341686437,""M"":true,""T"":1791341686437,""e"":""trade"",""m"":false,""p"":""83866.00000000"",""q"":""0.00088000"",""s"":""BTCUSDT"",""t"":6741496792}"
1791341686,523863439,spot,trade,0,0,193,BTCUSDT,"{""E"":1791341686483,""M"":true,""T"":1791341686483,""e"":""trade"",""m"":true,""p"":""83865.99000000"",""q"":""0.10206000"",""s"":""BTCUSDT"",""t"":6741496793}"
1791341686,524543938,spot,trade,0,0,194,BTCUSDT,"{""E"":1791341686483,""M"":true,""T"":1791341686483,""e"":""trade"",""m"":true,""p"":""83865.99000000"",""q"":""1.02905000"",""s"":""BTCUSDT"",""t"":6741496794}"
1791341686,525028037,spot,trade,0,0,195,BTCUSDT,"{""E"":1791341686483,""M"":true,""T"":1791341686483,""e"":""trade"",""m"":true,""p"":""83865.99000000"",""q"":""0.05264000"",""s"":""BTCUSDT"",""t"":6741496795}"
1791341686,525449436,spot,trade,0,0,196,BTCUSDT,"{""E"":1791341686483,""M"":true,""T"":1791341686483,""e"":""trade"",""m"":true,""p"":""83865.99000000"",""q"":""0.14618000"",""s"":""BTCUSDT"",""t"":6741496796}"
1791341686,525919535,spot,trade,0,0,197,BTCUSDT,"{""E"":1791341686483,""M"":true,""T"":1791341686483,""e"":""trade"",""m"":true,""p"":""83865.99000000"",""q"":""0.65079000"",""s"":""BTCUSDT"",""t"":6741496797}"
1791341686,550652594,spot,trade,0,0,198,BTCUSDT,"{""E"":1791341686510,""M"":true,""T"":1791341686509,""e"":""trade"",""m"":false,""p"":""83866.00000000"",""q"":""0.00039000"",""s"":""BTCUSDT"",""t"":6741496798}"
1791341686,555499886,spot,depth5,0,0,199,BTCUSDT,"{""asks"":[[""83866.00000000"",""0.92099000""],[""83866.01000000"",""0.00063000""],[""83866.62000000"",""0.00012000""],[""83868.04000000"",""0.00014000""],[""83868.05000000"",""0.02000000""]],""bids"":[[""83865.99000000"",""4.35774000""],[""83865.96000000"",""0.00014000""],[""83865.95000000"",""0.05830000""],[""83865.91000000"",""0.00014000""],[""83865.90000000"",""0.05000000""]],""lastUpdateId"":101126001067}"
1791341686,556764184,spot,depth_diff,0,0,200,BTCUSDT,"{""E"":1791341686514,""U"":101126000964,""a"":[[""83866.00000000"",""0.92099000""],[""83866.01000000"",""0.00063000""],[""83868.30000000"",""0.00000000""],[""83869.68000000"",""0.00769000""],[""83870.16000000"",""0.03589000""],[""83870.59000000"",""0.00014000""],[""83870.60000000"",""0.00006000""],[""83871.24000000"",""0.00014000""],[""83871.25000000"",""0.32206000""],[""83872.89000000"",""0.55685000""],[""83872.90000000"",""0.00006000""],[""83873.53000000"",""0.00476000""],[""83873.81000000"",""0.14537000""],[""83873.82000000"",""1.22109000""],[""83873.83000000"",""0.00000000""],[""83874.35000000"",""0.00000000""],[""83876.77000000"",""0.00800000""],[""83876.78000000"",""0.00006000""],[""83876.80000000"",""1.02191000""],[""83876.81000000"",""0.32198000""],[""83876.90000000"",""0.00000000""],[""83877.72000000"",""0.00120000""],[""83878.12000000"",""0.00000000""],[""83878.17000000"",""0.00000000""],[""83878.50000000"",""0.00000000""],[""83880.86000000"",""0.00000000""],[""83881.37000000"",""0.00238000""],[""83882.44000000"",""0.00000000""],[""83889.48000000"",""0.00013000""],[""83903.74000000"",""0.00032000""],[""83905.81000000"",""1.01921000""],[""83907.60000000"",""0.00400000""],[""83911.80000000"",""0.00000000""],[""83916.32000000"",""0.00038000""]],""b"":[[""83865.99000000"",""4.35774000""],[""83865.96000000"",""0.00014000""],[""83865.91000000"",""0.00014000""],[""83865.41000000"",""0.00014000""],[""83864.65000000"",""0.00014000""],[""83864.61000000"",""0.00238000""],[""83864.06000000"",""0.00007000""],[""83863.39000000"",""0.00000000""],[""83863.08000000"",""0.00200000""],[""83862.37000000"",""0.00596000""],[""83862.36000000"",""0.00006000""],[""83862.13000000"",""0.04235000""],[""83861.48000000"",""1.10356000""],[""83861.45000000"",""0.00000000""],[""83861.44000000"",""1.47794000""],[""83860.75000000"",""0.00012000""],[""83858.92000000"",""0.00209000""],[""83855.02000000"",""0.00000000""],[""83853.84000000"",""0.00058000""],[""83850.52000000"",""0.00000000""],[""83841.72000000"",""0.00000000""],[""83840.60000000"",""0.00000000""],[""83834.79000000"",""0.00000000""],[""75479.40000000"",""0.00090000""],[""75479.00000000"",""0.00067000""],[""67093.00000000"",""0.00000000""]],""e"":""depthUpdate"",""s"":""BTCUSDT"",""u"":101126001067}"
1791341686,655311719,spot,depth5,0,0,201,BTCUSDT,"{""asks"":[[""83866.00000000"",""0.92099000""],[""83866.01000000"",""0.00063000""],[""83866.62000000"",""0.00012000""],[""83868.00000000"",""0.00691000""],[""83868.04000000"",""0.00014000""]],""bids"":[[""83865.99000000"",""4.35774000""],[""83865.96000000"",""0.00014000""],[""83865.95000000"",""0.05830000""],[""83865.91000000"",""0.00014000""],[""83865.90000000"",""0.05000000""]],""lastUpdateId"":101126001165}"
1791341686,658929413,spot,depth_diff,0,0,202,BTCUSDT,"{""E"":1791341686614,""U"":101126001068,""a"":[[""83866.00000000"",""0.92099000""],[""83866.01000000"",""0.00063000""],[""83868.00000000"",""0.00691000""],[""83870.16000000"",""0.03583000""],[""83870.59000000"",""0.00014000""],[""83870.60000000"",""0.14680000""],[""83871.25000000"",""0.32212000""],[""83872.87000000"",""0.00014000""],[""83872.88000000"",""0.15274000""],[""83872.89000000"",""0.55678000""],[""83873.53000000"",""0.00000000""],[""83873.80000000"",""0.00000000""],[""83873.81000000"",""0.00000000""],[""83873.84000000"",""0.32205000""],[""83874.87000000"",""0.00476000""],[""83875.48000000"",""0.00000000""],[""83876.26000000"",""0.35767000""],[""83876.63000000"",""0.00120000""],[""83876.76000000"",""0.00200000""],[""83876.77000000"",""0.00000000""],[""83876.78000000"",""0.00000000""],[""83876.79000000"",""0.00000000""],[""83876.80000000"",""1.02191000""],[""83877.72000000"",""0.00000000""],[""83878.15000000"",""0.00000000""],[""83883.43000000"",""0.05025000""],[""83889.48000000"",""0.00000000""],[""83904.37000000"",""0.00856000""],[""83959.77000000"",""1.25254000""],[""87000.00000000"",""76.40716000""]],""b"":[[""83862.36000000"",""0.00012000""],[""83862.16000000"",""0.00200000""],[""83861.49000000"",""0.00800000""],[""83859.30000000"",""0.00410000""],[""83858.92000000"",""0.00000000""],[""83858.76000000"",""0.00805000""],[""83856.23000000"",""0.30024000""],[""83845.94000000"",""0.31117000""],[""83842.79000000"",""0.00000000""],[""83833.79000000"",""0.70000000""],[""83808.49000000"",""0.00965000""],[""83670.70000000"",""0.00622000""],[""83656.22000000"",""0.00000000""],[""82608.01000000"",""0.00048000""],[""67089.16000000"",""0.00000000""]],""e"":""depthUpdate"",""s"":""BTCUSDT"",""u"":101126001165}"
1791341686,755471252,spot,depth5,0,0,203,BTCUSDT,"{""asks"":[[""83866.00000000"",""0.92175000""],[""83866.01000000"",""0.00091000""],[""83866.62000000"",""0.00012000""],[""83868.00000000"",""0.00691000""],[""83868.04000000"",""0.00014000""]],""bids"":[[""83865.99000000"",""4.35781000""],[""83865.96000000"",""0.00014000""],[""83865.95000000"",""0.05830000""],[""83865.91000000"",""0.00014000""],[""83865.90000000"",""0.05000000""]],""lastUpdateId"":101126001197}"
1791341686,756965149,spot,depth_diff,0,0,204,BTCUSDT,"{""E"":1791341686714,""U"":101126001166,""a"":[[""83866.00000000"",""0.92175000""],[""83866.01000000"",""0.00091000""],[""83870.16000000"",""0.03577000""],[""83870.59000000"",""0.00000000""],[""83870.60000000"",""0.00006000""],[""83872.05000000"",""0.00000000""],[""83872.87000000"",""0.14674000""],[""83872.88000000"",""0.00614000""],[""83873.81000000"",""0.00007000""],[""83889.38000000"",""0.14411000""],[""83892.82000000"",""0.00000000""]],""b"":[[""83865.99000000"",""4.35781000""],[""83844.08000000"",""0.17176000""],[""83840.79000000"",""0.70000000""],[""83833.79000000"",""0.00000000""],[""83799.70000000"",""0.00000000""]],""e"":""depthUpdate"",""s"":""BTCUSDT"",""u"":101126001197}"
1791341686,860718676,spot,depth5,0,0,205,BTCUSDT,"{""asks"":[[""83866.00000000"",""0.92175000""],[""83866.01000000"",""0.00091000""],[""83866.62000000"",""0.00012000""],[""83868.00000000"",""0.00691000""],[""83868.04000000"",""0.00014000""]],""bids"":[[""83865.99000000"",""4.35781000""],[""83865.96000000"",""0.00014000""],[""83865.95000000"",""0.05830000""],[""83865.91000000"",""0.00014000""],[""83865.90000000"",""0.05000000""]],""lastUpdateId"":101126001230}"
1791341686,871049059,spot,depth_diff,0,0,206,BTCUSDT,"{""E"":1791341686814,""U"":101126001198,""a"":[[""83866.00000000"",""0.92175000""],[""83866.01000000"",""0.00091000""],[""83870.16000000"",""0.03583000""],[""83870.59000000"",""0.00014000""],[""83870.60000000"",""0.14680000""],[""83871.25000000"",""0.32212000""],[""83872.86000000"",""0.00000000""],[""83872.87000000"",""0.00000000""],[""83872.88000000"",""0.00607000""],[""83873.81000000"",""0.00000000""],[""83876.26000000"",""0.35767000""],[""83884.58000000"",""0.00006000""]],""b"":[[""83862.47000000"",""0.00000000""],[""83851.03000000"",""0.00006000""],[""82608.01000000"",""0.00056000""],[""75479.40000000"",""0.00105000""],[""67092.80000000"",""0.00203000""]],""e"":""depthUpdate"",""s"":""BTCUSDT"",""u"":101126001230}"
1791341686,922773010,spot,trade,0,0,207,BTCUSDT,"{""E"":1791341686880,""M"":true,""T"":1791341686880,""e"":""trade"",""m"":false,""p"":""83866.00000000"",""q"":""0.01700000"",""s"":""BTCUSDT"",""t"":6741496799}"
1791341686,965048197,spot,depth5,0,0,208,BTCUSDT,"{""asks"":[[""83866.00000000"",""0.90482000""],[""83866.01000000"",""0.00091000""],[""83866.62000000"",""0.00012000""],[""83868.00000000"",""0.00691000""],[""83868.04000000"",""0.00014000""]],""bids"":[[""83865.99000000"",""4.35781000""],[""83865.96000000"",""0.00014000""],[""83865.95000000"",""0.05830000""],[""83865.91000000"",""0.00014000""],[""83865.90000000"",""0.05000000""]],""lastUpdateId"":101126001248}"
1791341686,966174299,spot,depth_diff,0,0,209,BTCUSDT,"{""E"":1791341686914,""U"":101126001231,""a"":[[""83866.00000000"",""0.90482000""],[""83870.16000000"",""0.03577000""],[""83870.59000000"",""0.00000000""],[""83870.60000000"",""0.14673000""],[""83871.25000000"",""0.32218000""],[""83872.86000000"",""0.00014000""],[""83872.87000000"",""0.14674000""]],""b"":[[""83847.36000000"",""0.00007000""],[""83841.07000000"",""0.00000000""],[""83840.39000000"",""0.00200000""],[""77156.72000000"",""0.00013000""],[""75479.39000000"",""0.00000000""],[""67093.00000000"",""0.00000000""]],""e"":""depthUpdate"",""s"":""BTCUSDT"",""u"":101126001248}"
1791341687,58953687,spot,depth5,0,0,210,BTCUSDT,"{""asks"":[[""83866.00000000"",""1.24219000""],[""83866.01000000"",""0.00091000""],[""83866.62000000"",""0.00012000""],[""83868.00000000"",""0.00691000""],[""83868.01000000"",""0.00007000""]],""bids"":[[""83865.99000000"",""4.35781000""],[""83865.96000000"",""0.00014000""],[""83865.95000000"",""0.05830000""],[""83865.91000000"",""0.00014000""],[""83865.90000000"",""0.05000000""]],""lastUpdateId"":101126001280}"
1791341687,60476490,spot,depth_diff,0,0,211,BTCUSDT,"{""E"":1791341687014,""U"":101126001249,""a"":[[""83866.00000000"",""1.24219000""],[""83868.01000000"",""0.00007000""],[""83870.16000000"",""0.03577000""],[""83870.59000000"",""0.00000000""],[""83870.60000000"",""0.00006000""],[""83871.25000000"",""0.32212000""],[""83872.86000000"",""0.00400000""],[""83872.87000000"",""0.00000000""],[""83872.88000000"",""0.00614000""],[""83873.81000000"",""0.00007000""],[""83883.52000000"",""0.19943000""],[""87676.68000000"",""0.00031000""]],""b"":[[""75479.40000000"",""0.00120000""],[""67092.80000000"",""0.00290000""]],""e"":""depthUpdate"",""s"":""BTCUSDT"",""u"":101126001280}"
1791341687,164815900,spot,depth5,0,0,212,BTCUSDT,"{""asks"":[[""83866.00000000"",""1.24232000""],[""83866.01000000"",""0.00091000""],[""83866.62000000"",""0.00012000""],[""83868.00000000"",""0.00691000""],[""83868.01000000"",""0.00007000""]],""bids"":[[""83865.99000000"",""4.35781000""],[""83865.96000000"",""0.00014000""],[""83865.95000000"",""0.05830000""],[""83865.91000000"",""0.00014000""],[""83865.90000000"",""0.05000000""]],""lastUpdateId"":101126001286}"
1791341687,166320403,spot,depth_diff,0,0,213,BTCUSDT,"{""E"":1791341687114,""U"":101126001281,""a"":[[""83866.00000000"",""1.24232000""],[""83878.54000000"",""0.03200000""]],""b"":[[""83681.23000000"",""0.01200000""],[""82608.01000000"",""0.00064000""]],""e"":""depthUpdate"",""s"":""BTCUSDT"",""u"":101126001286}"
1791341687,221322813,spot,trade,0,0,214,BTCUSDT,"{""E"":1791341687181,""M"":true,""T"":1791341687180,""e"":""trade"",""m"":true,""p"":""83865.99000000"",""q"":""0.00095000"",""s"":""BTCUSDT"",""t"":6741496800}"
1791341687,256478484,spot,depth5,0,0,215,BTCUSDT,"{""asks"":[[""83866.00000000"",""0.90475000""],[""83866.01000000"",""0.00084000""],[""83866.62000000"",""0.00012000""],[""83868.00000000"",""0.00691000""],[""83868.01000000"",""0.00007000""]],""bids"":[[""83865.99000000"",""4.35686000""],[""83865.96000000"",""0.00014000""],[""83865.95000000"",""0.05830000""],[""83865.91000000"",""0.00014000""],[""83865.90000000"",""0.05000000""]],""lastUpdateId"":101126001299}"
1791341687,257975087,spot,depth_diff,0,0,216,BTCUSDT,"{""E"":1791341687214,""U"":101126001287,""a"":[[""83866.00000000"",""0.90475000""],[""83866.01000000"",""0.00084000""]],""b"":[[""83865.99000000"",""4.35686000""],[""83865.65000000"",""0.00689000""],[""83861.37000000"",""0.00200000""],[""83834.87000000"",""0.00050000""],[""83806.41000000"",""0.00623000""],[""83797.62000000"",""0.00000000""],[""75479.39000000"",""0.00008000""],[""67093.00000000"",""0.00000000""],[""67092.80000000"",""0.00261000""]],""e"":""depthUpdate"",""s"":""BTCUSDT"",""u"":101126001299}"
1791341687,349163570,spot,trade,0,0,217,BTCUSDT,"{""E"":1791341687309,""M"":true,""T"":1791341687309,""e"":""trade"",""m"":false,""p"":""83866.00000000"",""q"":""0.00097000"",""s"":""BTCUSDT"",""t"":6741496801}"
1791341687,354663181,spot,depth5,0,0,218,BTCUSDT,"{""asks"":[[""83866.00000000"",""0.90378000""],[""83866.01000000"",""0.00084000""],[""83866.62000000"",""0.00012000""],[""83868.00000000"",""0.00691000""],[""83868.01000000"",""0.00007000""]],""bids"":[[""83865.99000000"",""4.35686000""],[""83865.96000000"",""0.00014000""],[""83865.95000000"",""0.05830000""],[""83865.91000000"",""0.00014000""],[""83865.90000000"",""0.05000000""]],""lastUpdateId"":101126001304}"
1791341687,355637683,spot,depth_diff,0,0,219,BTCUSDT,"{""E"":1791341687314,""U"":101126001300,""a"":[[""83866.00000000"",""0.90378000""],[""88246.50000000"",""0.00031000""]],""b"":[[""83841.79000000"",""0.70000000""],[""83840.79000000"",""0.00000000""],[""75479.40000000"",""0.00135000""]],""e"":""depthUpdate"",""s"":""BTCUSDT"",""u"":101126001304}"
1791341687,384028940,spot,trade,0,0,220,BTCUSDT,"{""E"":1791341687343,""M"":true,""T"":1791341687342,""e"":""trade"",""m"":true,""p"":""83865.99000000"",""q"":""0.00073000"",""s"":""BTCUSDT"",""t"":6741496802}"
1791341687,394307660,spot,trade,0,0,221,BTCUSDT,"{""E"":1791341687353,""M"":true,""T"":1791341687353,""e"":""trade"",""m"":true,""p"":""83865.99000000"",""q"":""0.00084000"",""s"":""BTCUSDT"",""t"":6741496803}"
1791341687,454305781,spot,depth5,0,0,222,BTCUSDT,"{""asks"":[[""83866.00000000"",""0.90379000""],[""83866.01000000"",""0.00084000""],[""83866.62000000"",""0.00012000""],[""83868.00000000"",""0.00691000""],[""83868.01000000"",""0.00007000""]],""bids"":[[""83865.99000000"",""4.35529000""],[""83865.96000000"",""0.00014000""],[""83865.95000000"",""0.05830000""],[""83865.91000000"",""0.00014000""],[""83865.90000000"",""0.05000000""]],""lastUpdateId"":101126001317}"
1791341687,457221687,spot,depth_diff,0,0,223,BTCUSDT,"{""E"":1791341687414,""U"":101126001305,""a"":[[""83866.00000000"",""0.90379000""],[""83871.25000000"",""0.32218000""],[""83872.86000000"",""0.00414000""],[""83872.87000000"",""0.14674000""],[""83873.81000000"",""0.00000000""],[""83873.84000000"",""0.32199000""]],""b"":[[""83865.99000000"",""4.35529000""],[""82608.01000000"",""0.00072000""],[""77156.72000000"",""0.00000000""],[""67092.80000000"",""0.00232000""]],""e"":""depthUpdate"",""s"":""BTCUSDT"",""u"":101126001317}"
1791341687,525440424,spot,trade,0,0,224,BTCUSDT,"{""E"":1791341687485,""M"":true,""T"":1791341687485,""e"":""trade"",""m"":false,""p"":""83866.00000000"",""q"":""0.00086000"",""s"":""BTCUSDT"",""t"":6741496804}"
1791341687,555440984,spot,depth5,0,0,225,BTCUSDT,"{""asks"":[[""83866.00000000"",""0.90299000""],[""83866.01000000"",""0.00084000""],[""83866.62000000"",""0.00012000""],[""83868.00000000"",""0.00691000""],[""83868.01000000"",""0.00007000""]],""bids"":[[""83865.99000000"",""4.35529000""],[""83865.96000000"",""0.00014000""],[""83865.95000000"",""0.05830000""],[""83865.91000000"",""0.00014000""],[""83865.90000000"",""0.05000000""]],""lastUpdateId"":101126001336}"
1791341687,556520886,spot,depth_diff,0,0,226,BTCUSDT,"{""E"":1791341687514,""U"":101126001318,""a"":[[""83866.00000000"",""0.90299000""],[""83873.84000000"",""0.32205000""],[""83881.10000000"",""0.00238000""],[""83881.37000000"",""0.00000000""],[""83958.91000000"",""1.26918000""],[""83961.75000000"",""0.00000000""],[""88820.01000000"",""0.00031000""]],""b"":[[""83865.40000000"",""0.24192000""],[""83864.65000000"",""0.00000000""],[""83864.61000000"",""0.00000000""],[""83864.33000000"",""0.00238000""],[""83864.06000000"",""0.00014000""],[""83864.05000000"",""0.25727000""],[""83861.44000000"",""1.47198000""],[""83859.31000000"",""0.00596000""],[""83681.23000000"",""0.00000000""],[""75479.40000000"",""0.00150000""],[""75479.39000000"",""0.00000000""],[""75479.38000000"",""0.00008000""]],""e"":""depthUpdate"",""s"":""BTCUSDT"",""u"":101126001336}"
1791341687,610207794,spot,trade,0,0,227,BTCUSDT,"{""E"":1791341687566,""M"":true,""T"":1791341687566,""e"":""trade"",""m"":true,""p"":""83865.99000000"",""q"":""0.00088000"",""s"":""BTCUSDT"",""t"":6741496805}"
1791341687,654338783,spot,depth5,0,0,228,BTCUSDT,"{""asks"":[[""83866.00000000"",""0.90299000""],[""83866.01000000"",""0.00084000""],[""83866.62000000"",""0.00012000""],[""83868.00000000"",""0.00691000""],[""83868.01000000"",""0.00007000""]],""bids"":[[""83865.99000000"",""4.35441000""],[""83865.96000000"",""0.00014000""],[""83865.95000000"",""0.05830000""],[""83865.91000000"",""0.00014000""],[""83865.90000000"",""0.05000000""]],""lastUpdateId"":101126001343}"
1791341687,655376185,spot,depth_diff,0,0,229,BTCUSDT,"{""E"":1791341687614,""U"":101126001337,""a"":[[""83876.90000000"",""0.00200000""],[""83886.80000000"",""0.00736000""]],""b"":[[""83865.99000000"",""4.35441000""],[""83841.79000000"",""0.00000000""],[""83832.79000000"",""0.70000000""],[""82608.01000000"",""0.00064000""],[""67092.80000000"",""0.00203000""]],""e"":""depthUpdate"",""s"":""BTCUSDT"",""u"":101126001343}"
1791341687,756859088,spot,depth5,0,0,230,BTCUSDT,"{""asks"":[[""83866.00000000"",""1.96651000""],[""83866.01000000"",""0.00056000""],[""83866.62000000"",""0.00012000""],[""83868.00000000"",""0.00691000""],[""83868.01000000"",""0.00007000""]],""bids"":[[""83865.99000000"",""1.39436000""],[""83865.96000000"",""0.00014000""],[""83865.95000000"",""0.05830000""],[""83865.91000000"",""0.00014000""],[""83865.90000000"",""0.05000000""]],""lastUpdateId"":101126001520}"
1791341687,760394195,spot,depth_diff,0,0,231,BTCUSDT,"{""E"":1791341687714,""U"":101126001344,""a"":[[""83866.00000000"",""1.96651000""],[""83866.01000000"",""0.00056000""],[""83868.04000000"",""0.06195000""],[""83868.05000000"",""0.00000000""],[""83868.53000000"",""0.32201000""],[""83870.14000000"",""0.00834000""],[""83870.16000000"",""0.03583000""],[""83870.56000000"",""0.00238000""],[""83870.59000000"",""0.00014000""],[""83870.60000000"",""0.26968000""],[""83871.77000000"",""0.00596000""],[""83872.60000000"",""0.29816000""],[""83872.86000000"",""0.00400000""],[""83872.88000000"",""0.00600000""],[""83872.89000000"",""0.53293000""],[""83873.81000000"",""1.01921000""],[""83873.84000000"",""0.32199000""],[""83874.87000000"",""0.00000000""],[""83876.26000000"",""0.00000000""],[""83876.63000000"",""0.00000000""],[""83876.90000000"",""0.00000000""],[""83877.99000000"",""0.02908000""],[""83878.43000000"",""0.00000000""],[""83879.30000000"",""0.00000000""],[""83879.70000000"",""0.00238000""],[""83880.85000000"",""0.00010000""],[""83881.10000000"",""0.00000000""],[""83885.81000000"",""0.00000000""],[""83885.96000000"",""0.13867000""],[""83889.38000000"",""0.00000000""],[""83890.80000000"",""0.00400000""],[""83895.60000000"",""0.00000000""],[""83897.52000000"",""0.00000000""],[""83909.70000000"",""0.00000000""],[""83981.50000000"",""0.00000000""],[""84066.70000000"",""0.00000000""]],""b"":[[""83865.99000000"",""1.39436000""],[""83865.65000000"",""0.00000000""],[""83865.41000000"",""0.00000000""],[""83865.40000000"",""0.00000000""],[""83864.65000000"",""0.00014000""],[""83864.33000000"",""0.00000000""],[""83864.15000000"",""0.00014000""],[""83864.06000000"",""0.00014000""],[""83864.05000000"",""0.25720000""],[""83864.04000000"",""0.32202000""],[""83863.63000000"",""0.00000000""],[""83863.08000000"",""0.00000000""],[""83862.37000000"",""0.00000000""],[""83862.36000000"",""0.00006000""],[""83862.16000000"",""0.00329000""],[""83862.15000000"",""0.00000000""],[""83861.49000000"",""0.00000000""],[""83861.48000000"",""0.78834000""],[""83861.46000000"",""0.00000000""],[""83861.44000000"",""0.43517000""],[""83861.37000000"",""0.00000000""],[""83860.31000000"",""0.00000000""],[""83859.53000000"",""0.00000000""],[""83859.52000000"",""0.01000000""],[""83859.32000000"",""0.00000000""],[""83859.31000000"",""0.00000000""],[""83859.02000000"",""0.02000000""],[""83858.76000000"",""0.00209000""],[""83858.10000000"",""0.00006000""],[""83857.60000000"",""0.33757000""],[""83856.71000000"",""0.00000000""],[""83856.24000000"",""0.00596000""],[""83855.33000000"",""0.01192000""],[""83855.32000000"",""0.00000000""],[""83854.92000000"",""0.04000000""],[""83853.84000000"",""0.00006000""],[""83853.68000000"",""0.00000000""],[""83853.42000000"",""0.08200000""],[""83852.93000000"",""0.00000000""],[""83852.90000000"",""0.03088000""],[""83851.42000000"",""0.00000000""],[""83851.19000000"",""0.32207000""],[""83850.92000000"",""0.02000000""],[""83850.30000000"",""0.12096000""],[""83850.23000000"",""0.00600000""],[""83848.87000000"",""0.00046000""],[""83846.94000000"",""0.00000000""],[""83842.72000000"",""0.29816000""],[""83840.39000000"",""0.00000000""],[""83839.90000000"",""0.00000000""],[""83838.83000000"",""0.00000000""],[""83832.53000000"",""0.00000000""],[""83829.78000000"",""0.59659000""],[""83829.74000000"",""0.00000000""],[""83827.70000000"",""0.00000000""],[""83821.84000000"",""0.77545000""],[""83771.12000000"",""3.58207000""],[""83766.01000000"",""0.00000000""],[""83050.00000000"",""1.42457000""],[""82608.01000000"",""0.00072000""],[""67093.00000000"",""0.00000000""]],""e"":""depthUpdate"",""s"":""BTCUSDT"",""u"":101126001520}"
1791341687,854690285,spot,depth5,0,0,232,BTCUSDT,"{""asks"":[[""83866.00000000"",""2.93020000""],[""83866.01000000"",""0.00021000""],[""83866.62000000"",""0.00012000""],[""83867.79000000"",""0.00200000""],[""83868.00000000"",""0.00691000""]],""bids"":[[""83865.99000000"",""0.52427000""],[""83865.98000000"",""0.00007000""],[""83865.96000000"",""0.00014000""],[""83865.95000000"",""0.05000000""],[""83865.91000000"",""0.00014000""]],""lastUpdateId"":101126001779}"
1791341687,857561391,spot,depth_diff,0,0,233,BTCUSDT,"{""E"":1791341687814,""U"":101126001521,""a"":[[""83866.00000000"",""2.93020000""],[""83866.01000000"",""0.00021000""],[""83867.79000000"",""0.00200000""],[""83868.03000000"",""0.00014000""],[""83868.04000000"",""0.18670000""],[""83868.52000000"",""0.00014000""],[""83870.14000000"",""0.00238000""],[""83870.15000000"",""0.00000000""],[""83870.19000000"",""0.02908000""],[""83870.56000000"",""0.00000000""],[""83870.59000000"",""1.15113000""],[""83870.60000000"",""0.12294000""],[""83871.24000000"",""0.14207000""],[""83871.25000000"",""0.32212000""],[""83871.76000000"",""0.00238000""],[""83872.26000000"",""0.00000000""],[""83872.60000000"",""0.29822000""],[""83872.69000000"",""0.00000000""],[""83872.86000000"",""0.82318000""],[""83872.87000000"",""0.00000000""],[""83872.89000000"",""0.00006000""],[""83873.42000000"",""0.00000000""],[""83873.72000000"",""0.00120000""],[""83873.80000000"",""0.34846000""],[""83874.00000000"",""0.00400000""],[""83874.23000000"",""0.00596000""],[""83876.81000000"",""0.00000000""],[""83878.07000000"",""0.00000000""],[""83878.54000000"",""0.02000000""],[""83879.70000000"",""0.00000000""],[""83879.88000000"",""0.35782000""],[""83880.50000000"",""0.12288000""],[""83881.55000000"",""0.00000000""],[""83884.58000000"",""0.00006000""],[""83885.93000000"",""0.00155000""],[""83886.48000000"",""0.05576000""],[""83897.52000000"",""0.00045000""],[""83904.38000000"",""0.02336000""],[""83907.60000000"",""0.00000000""],[""83912.56000000"",""0.00000000""],[""83913.35000000"",""0.00000000""],[""83929.06000000"",""0.00000000""],[""83930.62000000"",""1.17984000""],[""84054.09000000"",""0.00000000""],[""84197.07000000"",""0.00000000""]],""b"":[[""83865.99000000"",""0.52427000""],[""83865.98000000"",""0.00007000""],[""83865.95000000"",""0.05000000""],[""83865.61000000"",""0.00175000""],[""83865.60000000"",""0.00000000""],[""83865.57000000"",""0.00875000""],[""83864.15000000"",""0.00025000""],[""83864.05000000"",""0.00000000""],[""83864.04000000"",""0.00000000""],[""83862.16000000"",""0.00000000""],[""83861.48000000"",""0.00000000""],[""83861.47000000"",""0.00000000""],[""83861.44000000"",""0.00721000""],[""83861.31000000"",""0.00000000""],[""83860.67000000"",""0.00775000""],[""83859.52000000"",""0.00000000""],[""83859.50000000"",""0.00000000""],[""83859.30000000"",""0.00400000""],[""83859.02000000"",""0.00000000""],[""83858.76000000"",""0.00000000""],[""83858.74000000"",""0.00329000""],[""83858.21000000"",""0.32419000""],[""83858.11000000"",""1.14485000""],[""83858.10000000"",""0.00012000""],[""83856.97000000"",""0.00000000""],[""83856.96000000"",""0.00006000""],[""83856.95000000"",""0.19086000""],[""83856.94000000"",""0.18178000""],[""83856.91000000"",""0.00000000""],[""83856.24000000"",""0.00596000""],[""83856.23000000"",""0.00024000""],[""83854.92000000"",""0.00000000""],[""83853.84000000"",""0.00012000""],[""83853.42000000"",""0.08000000""],[""83853.32000000"",""0.07000000""],[""83852.93000000"",""0.00000000""],[""83852.91000000"",""0.00000000""],[""83852.12000000"",""0.02000000""],[""83851.42000000"",""0.00000000""],[""83851.20000000"",""0.00000000""],[""83851.03000000"",""0.00006000""],[""83850.95000000"",""0.00010000""],[""83850.92000000"",""0.00000000""],[""83850.31000000"",""0.00200000""],[""83850.23000000"",""0.00200000""],[""83849.76000000"",""0.00200000""],[""83848.87000000"",""0.00000000""],[""83848.37000000"",""0.00000000""],[""83844.08000000"",""0.00000000""],[""83840.79000000"",""0.00000000""],[""83840.27000000"",""0.00000000""],[""83839.09000000"",""0.00000000""],[""83832.79000000"",""0.00000000""],[""83831.79000000"",""0.70000000""],[""83827.80000000"",""0.00400000""],[""83819.76000000"",""0.00006000""],[""83780.85000000"",""0.00000000""],[""83774.75000000"",""2.48415000""],[""83748.22000000"",""1.78856000""],[""83748.21000000"",""0.50099000""],[""83745.75000000"",""0.00000000""],[""83735.68000000"",""0.11067000""],[""83733.17000000"",""0.00000000""],[""83724.09000000"",""0.09537000""],[""83720.60000000"",""0.00000000""],[""83720.59000000"",""0.00000000""],[""83709.05000000"",""0.00000000""],[""83697.95000000"",""0.00000000""],[""75479.40000000"",""0.00165000""],[""67093.00000000"",""0.00000000""],[""67092.80000000"",""0.00174000""]],""e"":""depthUpdate"",""s"":""BTCUSDT"",""u"":101126001779}"
1791341687,969194615,spot,depth5,0,0,234,BTCUSDT,"{""asks"":[[""83866.00000000"",""2.60899000""],[""83866.61000000"",""0.00250000""],[""83866.62000000"",""0.00012000""],[""83867.99000000"",""0.00238000""],[""83868.00000000"",""0.00691000""]],""bids"":[[""83865.99000000"",""0.53728000""],[""83865.98000000"",""0.00021000""],[""83865.70000000"",""0.00008000""],[""83864.66000000"",""0.00007000""],[""83864.65000000"",""0.00014000""]],""lastUpdateId"":101126001977}"
1791341688,4730486,spot,depth_diff,0,0,235,BTCUSDT,"{""E"":1791341687914,""U"":101126001780,""a"":[[""83866.00000000"",""2.60899000""],[""83866.01000000"",""0.00000000""],[""83866.61000000"",""0.00250000""],[""83867.79000000"",""0.00000000""],[""83867.99000000"",""0.00238000""],[""83868.04000000"",""0.47670000""],[""83869.80000000"",""0.00400000""],[""83870.14000000"",""0.00000000""],[""83870.15000000"",""0.00014000""],[""83870.16000000"",""0.03583000""],[""83870.19000000"",""0.02914000""],[""83870.37000000"",""0.00120000""],[""83870.58000000"",""0.00614000""],[""83870.59000000"",""1.01921000""],[""83870.60000000"",""0.00006000""],[""83871.24000000"",""0.00000000""],[""83871.25000000"",""0.32206000""],[""83871.34000000"",""0.00008000""],[""83871.76000000"",""0.00000000""],[""83871.90000000"",""0.00400000""],[""83872.86000000"",""0.81918000""],[""83872.88000000"",""0.00000000""],[""83873.49000000"",""0.00238000""],[""83873.72000000"",""0.00000000""],[""83873.79000000"",""0.34853000""],[""83873.80000000"",""0.00000000""],[""83874.59000000"",""0.00000000""],[""83876.17000000"",""0.00000000""],[""83898.96000000"",""0.02378000""],[""83903.40000000"",""0.00000000""],[""83904.38000000"",""0.00000000""],[""83905.50000000"",""0.00008000""],[""83930.61000000"",""0.88579000""],[""83931.42000000"",""0.00000000""]],""b"":[[""83865.99000000"",""0.53728000""],[""83865.98000000"",""0.00021000""],[""83865.96000000"",""0.00000000""],[""83865.95000000"",""0.00000000""],[""83865.91000000"",""0.00000000""],[""83865.90000000"",""0.00000000""],[""83865.61000000"",""0.00000000""],[""83865.57000000"",""0.00000000""],[""83864.06000000"",""0.00000000""],[""83863.99000000"",""0.00014000""],[""83863.50000000"",""0.00000000""],[""83863.31000000"",""0.00014000""],[""83862.15000000"",""0.00000000""],[""83862.14000000"",""0.00007000""],[""83861.97000000"",""0.05541000""],[""83861.44000000"",""0.00715000""],[""83859.09000000"",""0.13587000""],[""83858.74000000"",""0.00545000""],[""83858.22000000"",""0.14019000""],[""83858.21000000"",""0.32205000""],[""83858.11000000"",""0.38852000""],[""83858.10000000"",""0.00006000""],[""83857.84000000"",""0.32205000""],[""83857.83000000"",""0.00000000""],[""83856.73000000"",""0.00238000""],[""83856.24000000"",""0.00000000""],[""83856.17000000"",""0.00158000""],[""83855.34000000"",""0.00000000""],[""83855.33000000"",""0.00000000""],[""83854.83000000"",""0.32206000""],[""83854.81000000"",""0.00048000""],[""83854.68000000"",""0.00017000""],[""83854.38000000"",""0.00047000""],[""83854.33000000"",""0.28029000""],[""83854.32000000"",""0.32206000""],[""83853.95000000"",""0.00187000""],[""83853.83000000"",""0.00000000""],[""83852.92000000"",""0.00000000""],[""83852.24000000"",""0.01192000""],[""83852.12000000"",""0.00000000""],[""83851.19000000"",""0.00000000""],[""83850.31000000"",""0.00596000""],[""83850.22000000"",""1.07402000""],[""83849.23000000"",""0.00200000""],[""83848.87000000"",""0.00200000""],[""83847.76000000"",""0.00046000""],[""83842.72000000"",""0.00000000""],[""83837.19000000"",""0.29818000""],[""83835.32000000"",""0.05717000""],[""83835.20000000"",""0.00000000""],[""83832.00000000"",""0.00412000""],[""83826.39000000"",""0.32217000""],[""83821.32000000"",""0.00000000""],[""83815.50000000"",""0.00006000""],[""83780.85000000"",""0.00007000""],[""83771.49000000"",""0.00000000""],[""83748.23000000"",""1.03488000""],[""83748.21000000"",""0.00000000""],[""82608.01000000"",""0.00072000""],[""67093.00000000"",""0.00100000""]],""e"":""depthUpdate"",""s"":""BTCUSDT"",""u"":101126001977}"
1791341688,5552988,spot,trade,0,0,236,BTCUSDT,"{""E"":1791341687945,""M"":true,""T"":1791341687945,""e"":""trade"",""m"":false,""p"":""83866.00000000"",""q"":""0.00006000"",""s"":""BTCUSDT"",""t"":6741496806}"
1791341688,53521381,spot,depth5,0,0,237,BTCUSDT,"{""asks"":[[""83866.00000000"",""2.60893000""],[""83866.61000000"",""0.00012000""],[""83866.62000000"",""0.00012000""],[""83867.98000000"",""0.00238000""],[""83867.99000000"",""0.00238000""]],""bids"":[[""83865.99000000"",""0.68752000""],[""83865.98000000"",""0.00014000""],[""83865.70000000"",""0.00008000""],[""83864.66000000"",""0.00007000""],[""83864.65000000"",""0.00014000""]],""lastUpdateId"":101126002029}"
1791341688,54804484,spot,depth_diff,0,0,238,BTCUSDT,"{""E"":1791341688014,""U"":101126001978,""a"":[[""83866.00000000"",""2.60893000""],[""83866.61000000"",""0.00012000""],[""83867.98000000"",""0.00238000""],[""83870.58000000"",""0.00014000""],[""83871.24000000"",""0.00007000""],[""83872.59000000"",""0.00400000""],[""83943.89000000"",""0.00000000""]],""b"":[[""83865.99000000"",""0.68752000""],[""83865.98000000"",""0.00014000""],[""83864.00000000"",""0.00014000""],[""83863.99000000"",""0.07623000""],[""83862.14000000"",""0.00000000""],[""83858.74000000"",""0.00216000""],[""83856.35000000"",""0.00329000""],[""83853.84000000"",""0.00006000""],[""83832.79000000"",""0.70000000""],[""83831.79000000"",""0.00000000""],[""83779.77000000"",""0.00000000""],[""83743.97000000"",""0.13585000""],[""83000.00000000"",""121.37390000""],[""75479.38000000"",""0.00000000""],[""67093.00000000"",""0.00000000""],[""67092.80000000"",""0.00261000""]],""e"":""depthUpdate"",""s"":""BTCUSDT"",""u"":101126002029}"
1791341688,69595013,spot,trade,0,0,239,BTCUSDT,"{""E"":1791341688027,""M"":true,""T"":1791341688027,""e"":""trade"",""m"":false,""p"":""83866.00000000"",""q"":""0.00299000"",""s"":""BTCUSDT"",""t"":6741496807}"
1791341688,153831978,spot,depth5,0,0,240,BTCUSDT,"{""asks"":[[""83866.00000000"",""2.26658000""],[""83866.61000000"",""0.00012000""],[""83866.62000000"",""0.00012000""],[""83867.98000000"",""0.00238000""],[""83867.99000000"",""0.00238000""]],""bids"":[[""83865.99000000"",""1.20821000""],[""83865.98000000"",""0.00014000""],[""83865.70000000"",""0.00008000""],[""83865.37000000"",""0.00014000""],[""83865.36000000"",""0.12096000""]],""lastUpdateId"":101126002089}"
1791341688,156085882,spot,depth_diff,0,0,241,BTCUSDT,"{""E"":1791341688114,""U"":101126002030,""a"":[[""83866.00000000"",""2.26658000""],[""83868.53000000"",""0.32207000""],[""83869.16000000"",""0.00200000""],[""83870.02000000"",""0.00014000""],[""83870.03000000"",""0.35770000""],[""83870.15000000"",""0.00000000""],[""83943.88000000"",""0.00000000""],[""83991.61000000"",""0.00000000""],[""83994.49000000"",""0.06654000""],[""87150.00000000"",""3.80955000""]],""b"":[[""83865.99000000"",""1.20821000""],[""83865.37000000"",""0.00014000""],[""83865.36000000"",""0.12096000""],[""83864.01000000"",""0.00014000""],[""83864.00000000"",""0.00014000""],[""83863.99000000"",""0.07609000""],[""83863.31000000"",""0.00000000""],[""83861.97000000"",""0.09050000""],[""83861.39000000"",""0.00000000""],[""83858.74000000"",""0.00000000""],[""83858.22000000"",""0.14235000""],[""83854.53000000"",""0.00000000""],[""83853.84000000"",""0.00012000""],[""83851.04000000"",""0.00400000""],[""83848.88000000"",""0.00046000""],[""83847.76000000"",""0.00000000""],[""83838.96000000"",""0.17162000""],[""83834.86000000"",""0.00200000""],[""83833.79000000"",""0.70000000""],[""83832.79000000"",""0.00000000""],[""83822.78000000"",""0.00000000""],[""83815.10000000"",""0.02383000""],[""83813.78000000"",""0.00000000""],[""83779.77000000"",""0.00000000""],[""83743.97000000"",""0.00000000""],[""83742.87000000"",""0.04052000""],[""83720.42000000"",""0.01867000""],[""83711.70000000"",""0.00000000""],[""75479.40000000"",""0.00180000""]],""e"":""depthUpdate"",""s"":""BTCUSDT"",""u"":101126002089}"
1791341688,257927982,spot,depth5,0,0,242,BTCUSDT,"{""asks"":[[""83866.00000000"",""2.24732000""],[""83866.61000000"",""0.00012000""],[""83866.62000000"",""0.00012000""],[""83867.98000000"",""0.00238000""],[""83867.99000000"",""0.00238000""]],""bids"":[[""83865.99000000"",""1.65040000""],[""83865.98000000"",""0.00014000""],[""83865.70000000"",""0.00008000""],[""83865.37000000"",""0.00014000""],[""83865.36000000"",""0.12096000""]],""lastUpdateId"":101126002110}"
1791341688,262076490,spot,depth_diff,0,0,243,BTCUSDT,"{""E"":1791341688214,""U"":101126002090,""a"":[[""83866.00000000"",""2.24732000""],[""83879.27000000"",""0.01100000""]],""b"":[[""83865.99000000"",""1.65040000""],[""83864.01000000"",""0.00000000""],[""83863.99000000"",""0.07616000""],[""83861.97000000"",""0.05541000""],[""83858.22000000"",""0.00216000""],[""83851.71000000"",""0.00200000""],[""83851.12000000"",""0.00200000""],[""83851.04000000"",""0.00000000""],[""83849.23000000"",""0.00000000""],[""83848.87000000"",""0.00000000""],[""83847.50000000"",""0.00000000""],[""83835.79000000"",""0.70000000""],[""83833.79000000"",""0.00000000""],[""82608.01000000"",""0.00072000""],[""67092.80000000"",""0.00232000""]],""e"":""depthUpdate"",""s"":""BTCUSDT"",""u"":101126002110}"
1791341688,285250435,spot,trade,0,0,244,BTCUSDT,"{""E"":1791341688243,""M"":true,""T"":1791341688242,""e"":""trade"",""m"":false,""p"":""83866.00000000"",""q"":""0.00316000"",""s"":""BTCUSDT"",""t"":6741496808}"
1791341688,325948515,spot,trade,0,0,245,BTCUSDT,"{""E"":1791341688285,""M"":true,""T"":1791341688284,""e"":""trade"",""m"":false,""p"":""83866.00000000"",""q"":""0.00005000"",""s"":""BTCUSDT"",""t"":6741496809}"
1791341688,355428973,spot,depth5,0,0,246,BTCUSDT,"{""asks"":[[""83866.00000000"",""2.24411000""],[""83866.61000000"",""0.00012000""],[""83866.62000000"",""0.00012000""],[""83867.98000000"",""0.00238000""],[""83867.99000000"",""0.00238000""]],""bids"":[[""83865.99000000"",""1.02475000""],[""83865.98000000"",""0.00014000""],[""83865.70000000"",""0.00008000""],[""83865.37000000"",""0.00014000""],[""83865.36000000"",""0.12096000""]],""lastUpdateId"":101126002130}"
1791341688,356436275,spot,depth_diff,0,0,247,BTCUSDT,"{""E"":1791341688314,""U"":101126002111,""a"":[[""83866.00000000"",""2.24411000""],[""83872.59000000"",""0.00600000""]],""b"":[[""83865.99000000"",""1.02475000""],[""83862.14000000"",""0.02587000""],[""83861.97000000"",""0.00000000""],[""83859.09000000"",""0.00000000""],[""83858.22000000"",""0.14479000""],[""83858.21000000"",""0.32421000""],[""83856.95000000"",""0.18967000""],[""83850.22000000"",""1.07402000""],[""83848.88000000"",""0.00000000""],[""83848.87000000"",""0.00046000""],[""83800.00000000"",""2.31860000""],[""83400.00000000"",""4.66128000""],[""75479.40000000"",""0.00203000""]],""e"":""depthUpdate"",""s"":""BTCUSDT"",""u"":101126002130}"
1791341688,398392357,spot,trade,0,0,248,BTCUSDT,"{""E"":1791341688356,""M"":true,""T"":1791341688355,""e"":""trade"",""m"":true,""p"":""83865.99000000"",""q"":""0.00097000"",""s"":""BTCUSDT"",""t"":6741496810}"
1791341688,454057366,spot,depth5,0,0,249,BTCUSDT,"{""asks"":[[""83866.00000000"",""2.24411000""],[""83866.61000000"",""0.00012000""],[""83866.62000000"",""0.00012000""],[""83867.98000000"",""0.00238000""],[""83867.99000000"",""0.00238000""]],""bids"":[[""83865.99000000"",""1.02378000""],[""83865.98000000"",""0.00014000""],[""83865.70000000"",""0.00008000""],[""83865.37000000"",""0.00014000""],[""83865.36000000"",""0.12096000""]],""lastUpdateId"":101126002144}"
1791341688,455113668,spot,depth_diff,0,0,250,BTCUSDT,"{""E"":1791341688414,""U"":101126002131,""a"":[[""83904.84000000"",""0.53983000""],[""89246.97000000"",""0.00000000""]],""b"":[[""83865.99000000"",""1.02378000""],[""83865.98000000"",""0.00014000""],[""83858.22000000"",""0.14698000""],[""83858.21000000"",""0.32205000""],[""83835.79000000"",""0.00000000""],[""83826.78000000"",""0.70000000""],[""82545.27000000"",""0.00000000""],[""67092.80000000"",""0.00203000""]],""e"":""depthUpdate"",""s"":""BTCUSDT"",""u"":101126002144}"
1791341688,553743161,spot,depth5,0,0,251,BTCUSDT,"{""asks"":[[""83866.00000000"",""2.24417000""],[""83866.61000000"",""0.00012000""],[""83866.62000000"",""0.00012000""],[""83867.98000000"",""0.00238000""],[""83867.99000000"",""0.00238000""]],""bids"":[[""83865.99000000"",""0.75408000""],[""83865.98000000"",""0.00014000""],[""83865.70000000"",""0.00008000""],[""83865.37000000"",""0.12168000""],[""83865.36000000"",""0.12096000""]],""lastUpdateId"":101126002174}"
1791341688,554958163,spot,depth_diff,0,0,252,BTCUSDT,"{""E"":1791341688514,""U"":101126002145,""a"":[[""83866.00000000"",""2.24417000""],[""83873.49000000"",""0.00000000""],[""83873.82000000"",""1.22115000""],[""83875.27000000"",""0.00238000""],[""83880.85000000"",""0.00000000""],[""83882.90000000"",""0.18872000""],[""83885.96000000"",""0.00000000""]],""b"":[[""83865.99000000"",""0.75408000""],[""83865.37000000"",""0.12168000""],[""83863.99000000"",""0.00007000""],[""83859.12000000"",""0.14611000""],[""83858.51000000"",""0.00238000""],[""83858.10000000"",""0.00012000""],[""83856.73000000"",""0.00000000""],[""83856.54000000"",""0.00021000""],[""83855.70000000"",""0.00000000""],[""83855.31000000"",""0.35776000""],[""83851.71000000"",""0.00000000""],[""83850.31000000"",""0.00796000""],[""83833.79000000"",""0.70000000""],[""83826.78000000"",""0.00000000""],[""83815.50000000"",""0.00000000""],[""83800.00000000"",""2.31843000""],[""82608.01000000"",""0.00072000""],[""67092.80000000"",""0.00319000""]],""e"":""depthUpdate"",""s"":""BTCUSDT"",""u"":101126002174}"
1791341688,593401838,spot,trade,0,0,253,BTCUSDT,"{""E"":1791341688547,""M"":true,""T"":1791341688547,""e"":""trade"",""m"":false,""p"":""83866.00000000"",""q"":""0.00084000"",""s"":""BTCUSDT"",""t"":6741496811}"
1791341688,654106357,spot,depth5,0,0,254,BTCUSDT,"{""asks"":[[""83866.00000000"",""2.24333000""],[""83866.61000000"",""0.00012000""],[""83866.62000000"",""0.00012000""],[""83867.98000000"",""0.00238000""],[""83867.99000000"",""0.00238000""]],""bids"":[[""83865.99000000"",""1.38165000""],[""83865.98000000"",""0.00007000""],[""83865.70000000"",""0.00008000""],[""83865.38000000"",""0.00014000""],[""83865.37000000"",""0.00014000""]],""lastUpdateId"":101126002214}"
1791341688,655409260,spot,depth_diff,0,0,255,BTCUSDT,"{""E"":1791341688614,""U"":101126002175,""a"":[[""83866.00000000"",""2.24333000""],[""83885.09000000"",""0.00000000""]],""b"":[[""83865.99000000"",""1.38165000""],[""83865.98000000"",""0.00007000""],[""83865.38000000"",""0.00014000""],[""83865.37000000"",""0.00014000""],[""83864.15000000"",""0.00011000""],[""83864.00000000"",""0.00000000""],[""83863.99000000"",""0.00014000""],[""83862.15000000"",""0.00007000""],[""83862.14000000"",""0.06618000""],[""83858.51000000"",""0.00457000""],[""83858.22000000"",""0.76656000""],[""83858.11000000"",""0.00000000""],[""83855.31000000"",""0.00000000""],[""83850.63000000"",""0.32208000""],[""83850.31000000"",""0.01196000""],[""83846.53000000"",""0.32209000""],[""83835.79000000"",""0.70000000""],[""83833.79000000"",""0.00000000""],[""83799.68000000"",""0.00832000""],[""75479.40000000"",""0.00210000""],[""75479.39000000"",""0.00008000""],[""67093.00000000"",""0.00000000""],[""67092.80000000"",""0.00290000""]],""e"":""depthUpdate"",""s"":""BTCUSDT"",""u"":101126002214}"
1791341688,670383789,spot,trade,0,0,256,BTCUSDT,"{""E"":1791341688630,""M"":true,""T"":1791341688629,""e"":""trade"",""m"":true,""p"":""83865.99000000"",""q"":""0.00025000"",""s"":""BTCUSDT"",""t"":6741496812}"
1791341688,677021002,spot,trade,0,0,257,BTCUSDT,"{""E"":1791341688635,""M"":true,""T"":1791341688635,""e"":""trade"",""m"":false,""p"":""83866.00000000"",""q"":""0.07678000"",""s"":""BTCUSDT"",""t"":6741496813}"
1791341688,756511858,spot,depth5,0,0,258,BTCUSDT,"{""asks"":[[""83866.00000000"",""2.16649000""],[""83866.61000000"",""0.00012000""],[""83866.62000000"",""0.00012000""],[""83867.98000000"",""0.00238000""],[""83867.99000000"",""0.00238000""]],""bids"":[[""83865.99000000"",""1.38140000""],[""83865.98000000"",""0.00007000""],[""83865.70000000"",""0.00008000""],[""83865.37000000"",""0.00014000""],[""83865.36000000"",""0.12096000""]],""lastUpdateId"":101126002238}"
1791341688,789027521,spot,depth_diff,0,0,259,BTCUSDT,"{""E"":1791341688714,""U"":101126002215,""a"":[[""83866.00000000"",""2.16649000""],[""83871.25000000"",""0.32200000""],[""83872.60000000"",""0.00006000""],[""83883.53000000"",""0.00000000""],[""83884.11000000"",""0.29818000""],[""83886.29000000"",""0.00000000""],[""83887.91000000"",""0.00000000""],[""83888.31000000"",""0.29818000""],[""83892.27000000"",""0.29818000""],[""83896.53000000"",""0.29818000""]],""b"":[[""83865.99000000"",""1.38140000""],[""83865.38000000"",""0.00000000""],[""83864.15000000"",""0.00025000""],[""83858.22000000"",""1.22094000""],[""83854.84000000"",""2.14629000""],[""83854.33000000"",""0.97824000""],[""83850.64000000"",""2.14629000""],[""83843.60000000"",""0.29818000""],[""83839.17000000"",""0.29818000""],[""83837.19000000"",""0.00000000""],[""83834.89000000"",""0.29818000""],[""83830.69000000"",""0.29818000""],[""83830.68000000"",""0.00000000""],[""83828.09000000"",""0.00000000""],[""83818.41000000"",""0.02000000""],[""83817.13000000"",""0.00000000""],[""82608.01000000"",""0.00064000""],[""67093.00000000"",""0.00000000""]],""e"":""depthUpdate"",""s"":""BTCUSDT"",""u"":101126002238}"
1791341688,858613258,spot,depth5,0,0,260,BTCUSDT,"{""asks"":[[""83866.00000000"",""2.16649000""],[""83866.61000000"",""0.00012000""],[""83866.62000000"",""0.00012000""],[""83868.00000000"",""0.00691000""],[""83868.01000000"",""0.00007000""]],""bids"":[[""83865.99000000"",""1.71883000""],[""83865.98000000"",""0.00007000""],[""83865.70000000"",""0.00008000""],[""83865.38000000"",""0.00014000""],[""83865.37000000"",""0.12166000""]],""lastUpdateId"":101126002259}"
1791341688,876567993,spot,depth_diff,0,0,261,BTCUSDT,"{""E"":1791341688814,""U"":101126002239,""a"":[[""83867.98000000"",""0.00000000""],[""83867.99000000"",""0.00000000""],[""83869.67000000"",""0.00476000""],[""83882.90000000"",""0.00000000""],[""83884.58000000"",""0.00000000""]],""b"":[[""83865.99000000"",""1.71883000""],[""83865.38000000"",""0.00014000""],[""83865.37000000"",""0.12166000""],[""83864.15000000"",""0.00011000""],[""83858.23000000"",""0.00400000""],[""83851.12000000"",""0.00000000""],[""83851.03000000"",""0.00000000""],[""83850.32000000"",""0.00046000""],[""83850.31000000"",""0.00596000""],[""83848.87000000"",""0.00000000""],[""82608.01000000"",""0.00072000""],[""75479.40000000"",""0.00225000""],[""67092.80000000"",""0.00261000""]],""e"":""depthUpdate"",""s"":""BTCUSDT"",""u"":101126002259}"
1791341688,956129049,spot,depth5,0,0,262,BTCUSDT,"{""asks"":[[""83866.00000000"",""2.16649000""],[""83866.61000000"",""0.00012000""],[""83866.62000000"",""0.00012000""],[""83868.00000000"",""0.00691000""],[""83868.01000000"",""0.00007000""]],""bids"":[[""83865.99000000"",""1.71883000""],[""83865.98000000"",""0.00007000""],[""83865.70000000"",""0.00008000""],[""83865.38000000"",""0.00014000""],[""83865.37000000"",""0.12166000""]],""lastUpdateId"":101126002265}"
1791341688,957136451,spot,depth_diff,0,0,263,BTCUSDT,"{""E"":1791341688914,""U"":101126002260,""a"":[[""83884.58000000"",""0.00006000""]],""b"":[[""83857.08000000"",""0.00200000""],[""83851.03000000"",""0.00006000""],[""83836.79000000"",""0.70000000""],[""83835.79000000"",""0.00000000""],[""83793.09000000"",""0.00000000""]],""e"":""depthUpdate"",""s"":""BTCUSDT"",""u"":101126002265}"
1791341688,990165215,spot,trade,0,0,264,BTCUSDT,"{""E"":1791341688947,""M"":true,""T"":1791341688947,""e"":""trade"",""m"":true,""p"":""83865.99000000"",""q"":""0.00086000"",""s"":""BTCUSDT"",""t"":6741496814}"
1791341689,56878443,spot,depth5,0,0,265,BTCUSDT,"{""asks"":[[""83866.00000000"",""2.16655000""],[""83866.61000000"",""0.00012000""],[""83866.62000000"",""0.00012000""],[""83867.43000000"",""0.00014000""],[""83867.44000000"",""0.12096000""]],""bids"":[[""83865.99000000"",""1.71797000""],[""83865.98000000"",""0.00007000""],[""83865.70000000"",""0.00008000""],[""83865.38000000"",""0.00014000""],[""83865.37000000"",""0.12166000""]],""lastUpdateId"":101126002289}"
1791341689,58429346,spot,depth_diff,0,0,266,BTCUSDT,"{""E"":1791341689014,""U"":101126002266,""a"":[[""83866.00000000"",""2.16655000""],[""83867.43000000"",""0.00014000""],[""83867.44000000"",""0.12096000""],[""83871.24000000"",""0.00000000""],[""83873.82000000"",""1.22109000""],[""83875.27000000"",""0.00000000""],[""83876.30000000"",""0.00238000""],[""86366.00000000"",""0.04928000""]],""b"":[[""83865.99000000"",""1.71797000""],[""83859.53000000"",""0.00238000""],[""83858.51000000"",""0.00219000""],[""83858.24000000"",""0.00134000""],[""83858.23000000"",""0.00800000""],[""82608.01000000"",""0.00064000""],[""75479.39000000"",""0.00000000""],[""75479.00000000"",""0.00067000""],[""67092.80000000"",""0.00232000""]],""e"":""depthUpdate"",""s"":""BTCUSDT"",""u"":101126002289}"
1791341689,154895930,spot,depth5,0,0,267,BTCUSDT,"{""asks"":[[""83866.00000000"",""1.54939000""],[""83866.61000000"",""0.00012000""],[""83866.62000000"",""0.00012000""],[""83867.43000000"",""0.00014000""],[""83867.44000000"",""0.12096000""]],""bids"":[[""83865.99000000"",""1.71804000""],[""83865.98000000"",""0.00007000""],[""83865.70000000"",""0.00008000""],[""83865.38000000"",""0.00014000""],[""83865.37000000"",""0.12166000""]],""lastUpdateId"":101126002319}"
1791341689,156175733,spot,depth_diff,0,0,268,BTCUSDT,"{""E"":1791341689114,""U"":101126002290,""a"":[[""83866.00000000"",""1.54939000""],[""83869.16000000"",""0.00000000""],[""83871.34000000"",""0.01208000""],[""83872.59000000"",""0.00000000""],[""83872.74000000"",""0.00200000""],[""83873.82000000"",""1.22115000""],[""83878.15000000"",""0.00600000""],[""83885.09000000"",""0.00007000""],[""83887.76000000"",""0.14030000""],[""84401.21000000"",""0.00000000""],[""87000.00000000"",""76.55809000""]],""b"":[[""83865.99000000"",""1.71804000""],[""83858.51000000"",""0.00000000""],[""83858.24000000"",""0.00355000""],[""83842.46000000"",""0.06809000""],[""83838.96000000"",""0.00000000""],[""83807.29000000"",""1.07598000""],[""83676.33000000"",""0.00000000""],[""82608.01000000"",""0.00072000""],[""75479.40000000"",""0.00240000""]],""e"":""depthUpdate"",""s"":""BTCUSDT"",""u"":101126002319}"
1791341689,254304320,spot,depth5,0,0,269,BTCUSDT,"{""asks"":[[""83866.00000000"",""0.66147000""],[""83866.61000000"",""0.00012000""],[""83866.62000000"",""0.00006000""],[""83866.71000000"",""0.00762000""],[""83867.43000000"",""0.00014000""]],""bids"":[[""83865.99000000"",""4.70568000""],[""83865.70000000"",""0.00008000""],[""83865.38000000"",""0.00014000""],[""83865.37000000"",""0.12166000""],[""83865.36000000"",""0.12096000""]],""lastUpdateId"":101126002476}"
