recv_tsec,recv_tnsec,venue,stream_kind,shard_id,conn_epoch,conn_seq,symbol,payload_json
1791339072,574847400,spot,depth5,0,0,1,BTCUSDT,"{""asks"":[[""84091.70000000"",""1.85217000""],[""84091.71000000"",""0.00056000""],[""84091.82000000"",""0.00008000""],[""84092.40000000"",""0.00006000""],[""84093.06000000"",""0.00006000""]],""bids"":[[""84091.69000000"",""3.05560000""],[""84091.68000000"",""0.00006000""],[""84091.28000000"",""0.00008000""],[""84090.38000000"",""0.00014000""],[""84090.36000000"",""0.00014000""]],""lastUpdateId"":101123530799}"
1791339072,575568800,spot,depth_diff,0,0,2,BTCUSDT,"{""E"":1791339072514,""U"":101123530606,""a"":[[""84091.70000000"",""1.85217000""],[""84091.71000000"",""0.00056000""],[""84094.60000000"",""0.01679000""],[""84094.83000000"",""0.03096000""],[""84095.25000000"",""0.00000000""],[""84096.66000000"",""0.00012000""],[""84097.29000000"",""0.00014000""],[""84098.66000000"",""0.00007000""],[""84098.67000000"",""0.15237000""],[""84098.68000000"",""0.00000000""],[""84098.69000000"",""0.00000000""],[""84098.75000000"",""0.00000000""],[""84098.76000000"",""0.00019000""],[""84099.18000000"",""0.02908000""],[""84100.11000000"",""0.33750000""],[""84101.51000000"",""0.02000000""],[""84102.33000000"",""0.00000000""],[""84102.34000000"",""0.05129000""],[""84102.35000000"",""0.00006000""],[""84103.85000000"",""0.30349000""],[""84107.25000000"",""0.32111000""],[""84107.37000000"",""0.00000000""],[""84108.71000000"",""0.00800000""],[""84108.72000000"",""0.00000000""],[""84110.68000000"",""0.00000000""],[""84112.29000000"",""0.00577000""],[""84112.36000000"",""1.51404000""],[""84112.94000000"",""1.58676000""],[""84113.49000000"",""0.10224000""],[""84114.36000000"",""1.51404000""],[""84115.25000000"",""0.00013000""],[""84115.72000000"",""0.34846000""],[""84117.61000000"",""0.00000000""],[""84121.89000000"",""0.00000000""],[""84123.00000000"",""0.36323000""],[""84129.54000000"",""0.00025000""],[""84130.76000000"",""0.44297000""],[""84133.25000000"",""0.00000000""],[""84136.54000000"",""0.32100000""],[""84139.26000000"",""0.00000000""],[""84142.16000000"",""0.00463000""],[""84144.54000000"",""0.00000000""],[""84146.53000000"",""0.08989000""],[""84146.54000000"",""0.00295000""],[""84152.79000000"",""0.00000000""],[""84156.57000000"",""0.32092000""],[""84162.86000000"",""0.00000000""],[""84187.35000000"",""0.06151000""],[""84211.64000000"",""0.00000000""],[""84215.51000000"",""0.00000000""],[""84231.44000000"",""0.00118000""],[""84295.28000000"",""0.00000000""],[""84548.43000000"",""0.00000000""]],""b"":[[""84091.69000000"",""3.05560000""],[""84090.38000000"",""0.00014000""],[""84090.37000000"",""0.00000000""],[""84090.36000000"",""0.00014000""],[""84090.35000000"",""1.34722000""],[""84090.34000000"",""0.04302000""],[""84089.40000000"",""0.00200000""],[""84089.00000000"",""0.00000000""],[""84088.95000000"",""0.03036000""],[""84088.75000000"",""0.04000000""],[""84088.15000000"",""0.00014000""],[""84088.14000000"",""0.84055000""],[""84088.13000000"",""0.30006000""],[""84084.37000000"",""0.00000000""],[""84084.04000000"",""0.08000000""],[""84081.95000000"",""0.00594000""],[""84081.94000000"",""0.00006000""],[""84080.67000000"",""0.30335000""],[""84080.66000000"",""0.00000000""],[""84080.65000000"",""0.00000000""],[""84080.64000000"",""3.31096000""],[""84080.48000000"",""0.00600000""],[""84080.15000000"",""0.00000000""],[""84079.66000000"",""0.00010000""],[""84079.06000000"",""0.00000000""],[""84078.63000000"",""0.00000000""],[""84077.65000000"",""0.00000000""],[""84077.38000000"",""0.00000000""],[""84076.74000000"",""0.00000000""],[""84075.97000000"",""0.00000000""],[""84075.83000000"",""0.00000000""],[""84075.37000000"",""0.00048000""],[""84074.63000000"",""0.08742000""],[""84074.08000000"",""0.00000000""],[""84073.23000000"",""0.29735000""],[""84072.01000000"",""0.29735000""],[""84070.93000000"",""0.00000000""],[""84070.74000000"",""0.70000000""],[""84069.88000000"",""0.00000000""],[""84069.25000000"",""0.05626000""],[""84069.21000000"",""0.00000000""],[""84067.74000000"",""0.00000000""],[""84067.50000000"",""0.00000000""],[""84064.63000000"",""0.00000000""],[""84064.01000000"",""0.40799000""],[""84063.63000000"",""0.00000000""],[""84063.17000000"",""0.00000000""],[""84062.13000000"",""0.00000000""],[""84062.12000000"",""0.03000000""],[""84040.21000000"",""0.32136000""],[""84024.53000000"",""0.00000000""],[""84020.33000000"",""1.48667000""],[""84007.71000000"",""1.48667000""],[""84000.01000000"",""3.57247000""],[""83696.77000000"",""0.00307000""],[""83479.96000000"",""0.00945000""],[""83469.96000000"",""0.00008000""],[""67273.36000000"",""0.00232000""]],""e"":""depthUpdate"",""s"":""BTCUSDT"",""u"":101123530799}"
1791339072,636154000,spot,trade,0,0,3,BTCUSDT,"{""E"":1791339072574,""M"":true,""T"":1791339072573,""e"":""trade"",""m"":false,""p"":""84091.70000000"",""q"":""0.00485000"",""s"":""BTCUSDT"",""t"":6741319591}"
1791339072,648413500,spot,trade,0,0,4,BTCUSDT,"{""E"":1791339072586,""M"":true,""T"":1791339072586,""e"":""trade"",""m"":true,""p"":""84091.69000000"",""q"":""0.00006000"",""s"":""BTCUSDT"",""t"":6741319592}"
1791339072,702658900,spot,depth5,0,0,5,BTCUSDT,"{""asks"":[[""84091.70000000"",""2.41877000""],[""84091.82000000"",""0.00008000""],[""84092.40000000"",""0.00012000""],[""84092.61000000"",""0.00014000""],[""84092.62000000"",""0.02757000""]],""bids"":[[""84091.69000000"",""1.02197000""],[""84091.68000000"",""0.00055000""],[""84091.28000000"",""0.00008000""],[""84090.36000000"",""0.00014000""],[""84090.35000000"",""0.29738000""]],""lastUpdateId"":101123531252}"
1791339072,702961400,spot,depth_diff,0,0,6,BTCUSDT,"{""E"":1791339072614,""U"":101123530800,""a"":[[""84091.70000000"",""2.41877000""],[""84091.71000000"",""0.00000000""],[""84092.40000000"",""0.00012000""],[""84092.61000000"",""0.00014000""],[""84092.62000000"",""0.02757000""],[""84092.63000000"",""0.02908000""],[""84094.59000000"",""0.00000000""],[""84094.60000000"",""0.00014000""],[""84094.82000000"",""0.00014000""],[""84094.83000000"",""0.03090000""],[""84095.95000000"",""0.00007000""],[""84097.29000000"",""0.00000000""],[""84098.66000000"",""0.00400000""],[""84098.67000000"",""0.20968000""],[""84098.76000000"",""0.00007000""],[""84099.18000000"",""0.02914000""],[""84100.11000000"",""0.33756000""],[""84100.17000000"",""0.06013000""],[""84100.78000000"",""0.32113000""],[""84102.32000000"",""0.00000000""],[""84102.33000000"",""0.00006000""],[""84102.34000000"",""0.00000000""],[""84102.35000000"",""0.00000000""],[""84103.85000000"",""0.00000000""],[""84105.06000000"",""0.00000000""],[""84105.07000000"",""0.00000000""],[""84105.08000000"",""0.87363000""],[""84107.24000000"",""0.34846000""],[""84107.28000000"",""0.00000000""],[""84107.63000000"",""0.03567000""],[""84107.84000000"",""0.00000000""],[""84108.70000000"",""1.58676000""],[""84108.71000000"",""0.00000000""],[""84109.68000000"",""0.00000000""],[""84109.69000000"",""1.16236000""],[""84110.07000000"",""0.00000000""],[""84110.16000000"",""0.00000000""],[""84111.10000000"",""0.00000000""],[""84112.29000000"",""0.00000000""],[""84112.59000000"",""0.00200000""],[""84113.70000000"",""0.32120000""],[""84114.14000000"",""0.00000000""],[""84114.37000000"",""0.73906000""],[""84114.87000000"",""0.35675000""],[""84115.73000000"",""0.00000000""],[""84116.53000000"",""0.00000000""],[""84118.79000000"",""0.00000000""],[""84123.00000000"",""0.35672000""],[""84124.15000000"",""0.00000000""],[""84124.16000000"",""0.10222000""],[""84130.76000000"",""0.00000000""],[""84132.57000000"",""0.00000000""],[""84135.00000000"",""0.00000000""],[""84136.78000000"",""0.00000000""],[""84138.26000000"",""0.00000000""],[""84140.99000000"",""0.00000000""],[""84141.30000000"",""1.17693000""],[""84143.37000000"",""0.00000000""],[""84146.71000000"",""0.00000000""],[""84148.69000000"",""0.22988000""],[""84149.41000000"",""0.00000000""],[""84173.91000000"",""0.60370000""],[""84175.82000000"",""0.00000000""],[""84194.99000000"",""0.00000000""],[""84211.13000000"",""0.00400000""],[""84218.08000000"",""0.00000000""],[""84282.63000000"",""0.00000000""],[""84515.46000000"",""0.00000000""]],""b"":[[""84091.69000000"",""1.02197000""],[""84091.68000000"",""0.00055000""],[""84090.38000000"",""0.00000000""],[""84090.35000000"",""0.29738000""],[""84090.34000000"",""0.01290000""],[""84089.39000000"",""0.00014000""],[""84089.38000000"",""0.04256000""],[""84088.97000000"",""0.00000000""],[""84088.96000000"",""0.00000000""],[""84088.95000000"",""0.00012000""],[""84088.76000000"",""0.00014000""],[""84088.15000000"",""0.00000000""],[""84088.14000000"",""0.00006000""],[""84088.13000000"",""0.00006000""],[""84087.70000000"",""0.00000000""],[""84087.69000000"",""0.00000000""],[""84087.44000000"",""0.00278000""],[""84087.36000000"",""0.00000000""],[""84087.03000000"",""0.00000000""],[""84087.02000000"",""0.00000000""],[""84086.86000000"",""0.00000000""],[""84086.55000000"",""0.32119000""],[""84084.84000000"",""0.00000000""],[""84084.37000000"",""0.00014000""],[""84084.36000000"",""0.23570000""],[""84084.04000000"",""0.00000000""],[""84083.92000000"",""0.00007000""],[""84083.91000000"",""1.48667000""],[""84083.90000000"",""0.32132000""],[""84083.88000000"",""0.00006000""],[""84083.87000000"",""0.00000000""],[""84081.95000000"",""0.00000000""],[""84081.94000000"",""0.00000000""],[""84081.34000000"",""0.08000000""],[""84080.71000000"",""1.48673000""],[""84080.68000000"",""1.55813000""],[""84080.67000000"",""0.00000000""],[""84080.64000000"",""0.33756000""],[""84080.63000000"",""0.00006000""],[""84080.48000000"",""0.00400000""],[""84079.66000000"",""0.00000000""],[""84079.65000000"",""0.33719000""],[""84079.64000000"",""0.00012000""],[""84079.62000000"",""0.00006000""],[""84079.61000000"",""0.00000000""],[""84079.55000000"",""0.32127000""],[""84079.30000000"",""0.00006000""],[""84079.22000000"",""0.00024000""],[""84078.96000000"",""0.29738000""],[""84078.95000000"",""0.00000000""],[""84078.62000000"",""0.34845000""],[""84077.94000000"",""0.00000000""],[""84077.76000000"",""0.00192000""],[""84077.25000000"",""0.34846000""],[""84076.63000000"",""0.00200000""],[""84075.83000000"",""0.00594000""],[""84075.82000000"",""0.00000000""],[""84075.37000000"",""0.00000000""],[""84075.36000000"",""0.00006000""],[""84074.65000000"",""1.37731000""],[""84074.64000000"",""1.49267000""],[""84074.63000000"",""0.00000000""],[""84074.62000000"",""0.00000000""],[""84074.51000000"",""0.32123000""],[""84073.62000000"",""0.00000000""],[""84073.61000000"",""0.00000000""],[""84073.24000000"",""0.00000000""],[""84073.23000000"",""0.00000000""],[""84072.42000000"",""0.00000000""],[""84072.01000000"",""0.00000000""],[""84070.93000000"",""0.00048000""],[""84070.74000000"",""0.00000000""],[""84070.25000000"",""0.29738000""],[""84069.79000000"",""0.00152000""],[""84069.25000000"",""0.00000000""],[""84068.34000000"",""0.34846000""],[""84068.16000000"",""0.00000000""],[""84067.77000000"",""0.00000000""],[""84067.34000000"",""0.02000000""],[""84067.32000000"",""0.02000000""],[""84066.74000000"",""0.00000000""],[""84065.61000000"",""0.00000000""],[""84065.36000000"",""0.29739000""],[""84064.81000000"",""0.59495000""],[""84064.01000000"",""0.00000000""],[""84063.16000000"",""0.00000000""],[""84062.22000000"",""0.03567000""],[""84062.17000000"",""0.29764000""],[""84062.12000000"",""0.00000000""],[""84061.73000000"",""0.70000000""],[""84061.25000000"",""0.05769000""],[""84060.97000000"",""0.00000000""],[""84056.89000000"",""0.00000000""],[""84054.98000000"",""0.40803000""],[""84053.62000000"",""0.15000000""],[""84052.62000000"",""0.02338000""],[""84048.20000000"",""0.00006000""],[""84046.74000000"",""0.10232000""],[""84046.01000000"",""1.53365000""],[""84035.46000000"",""0.00000000""],[""84029.91000000"",""1.17849000""],[""84002.81000000"",""0.00009000""],[""83997.92000000"",""0.45356000""],[""83995.09000000"",""0.00000000""],[""83987.52000000"",""0.00000000""],[""83974.46000000"",""0.12414000""],[""83965.78000000"",""0.00400000""],[""83965.32000000"",""0.00278000""],[""67273.00000000"",""0.00000000""],[""67261.28000000"",""0.00058000""]],""e"":""depthUpdate"",""s"":""BTCUSDT"",""u"":101123531252}"
1791339072,703212400,spot,trade,0,0,7,BTCUSDT,"{""E"":1791339072624,""M"":true,""T"":1791339072623,""e"":""trade"",""m"":true,""p"":""84091.69000000"",""q"":""0.00250000"",""s"":""BTCUSDT"",""t"":6741319593}"
1791339072,703241200,spot,trade,0,0,8,BTCUSDT,"{""E"":1791339072624,""M"":true,""T"":1791339072623,""e"":""trade"",""m"":true,""p"":""84091.69000000"",""q"":""0.02128000"",""s"":""BTCUSDT"",""t"":6741319594}"
1791339072,776494300,spot,depth5,0,0,9,BTCUSDT,"{""asks"":[[""84091.70000000"",""3.41266000""],[""84091.71000000"",""0.00042000""],[""84091.82000000"",""0.00008000""],[""84092.40000000"",""0.00012000""],[""84092.61000000"",""0.00014000""]],""bids"":[[""84091.69000000"",""0.70716000""],[""84091.68000000"",""0.00055000""],[""84091.28000000"",""0.00008000""],[""84090.36000000"",""0.00014000""],[""84090.35000000"",""0.29738000""]],""lastUpdateId"":101123531411}"
1791339072,776741600,spot,depth_diff,0,0,10,BTCUSDT,"{""E"":1791339072714,""U"":101123531253,""a"":[[""84091.70000000"",""3.41266000""],[""84091.71000000"",""0.00042000""],[""84092.62000000"",""0.11458000""],[""84092.63000000"",""0.02914000""],[""84094.04000000"",""0.00014000""],[""84094.05000000"",""0.30349000""],[""84094.60000000"",""0.00000000""],[""84095.95000000"",""0.00000000""],[""84100.78000000"",""0.32125000""],[""84102.33000000"",""0.00000000""],[""84104.50000000"",""0.09692000""],[""84104.51000000"",""0.32112000""],[""84108.21000000"",""0.00000000""],[""84111.22000000"",""0.16830000""],[""84111.57000000"",""0.00007000""],[""84113.70000000"",""0.00012000""],[""84121.27000000"",""0.00000000""],[""84126.77000000"",""1.29299000""],[""84138.22000000"",""0.02320000""],[""84227.87000000"",""0.00000000""],[""84712.93000000"",""0.00300000""]],""b"":[[""84091.69000000"",""0.70716000""],[""84091.68000000"",""0.00055000""],[""84090.34000000"",""0.01278000""],[""84089.39000000"",""0.00000000""],[""84089.38000000"",""0.00000000""],[""84088.95000000"",""0.00006000""],[""84088.76000000"",""0.00000000""],[""84088.75000000"",""0.00006000""],[""84086.56000000"",""0.00014000""],[""84083.92000000"",""0.00014000""],[""84083.91000000"",""1.48674000""],[""84083.88000000"",""0.00012000""],[""84081.34000000"",""0.12000000""],[""84080.72000000"",""0.00000000""],[""84079.62000000"",""0.00012000""],[""84079.53000000"",""0.00070000""],[""84078.69000000"",""0.00048000""],[""84078.68000000"",""0.00048000""],[""84075.36000000"",""0.00012000""],[""84074.66000000"",""0.00400000""],[""84074.64000000"",""1.48867000""],[""84065.80000000"",""0.10927000""],[""84061.73000000"",""0.00000000""],[""84061.25000000"",""0.00000000""],[""84051.29000000"",""0.05541000""],[""84050.97000000"",""1.29416000""],[""83974.03000000"",""0.00000000""],[""83577.00000000"",""26.57696000""],[""83553.47000000"",""0.00319000""],[""82830.32000000"",""0.00040000""],[""75682.53000000"",""0.00075000""],[""75682.52000000"",""0.00000000""],[""67273.00000000"",""0.00000000""]],""e"":""depthUpdate"",""s"":""BTCUSDT"",""u"":101123531411}"
1791339072,792142300,spot,trade,0,0,11,BTCUSDT,"{""E"":1791339072731,""M"":true,""T"":1791339072730,""e"":""trade"",""m"":false,""p"":""84091.70000000"",""q"":""0.00063000"",""s"":""BTCUSDT"",""t"":6741319595}"
1791339072,874015100,spot,depth5,0,0,12,BTCUSDT,"{""asks"":[[""84091.70000000"",""3.41203000""],[""84091.71000000"",""0.00042000""],[""84091.82000000"",""0.00008000""],[""84092.40000000"",""0.00012000""],[""84092.61000000"",""0.00014000""]],""bids"":[[""84091.69000000"",""0.62317000""],[""84091.68000000"",""0.00048000""],[""84091.28000000"",""0.00008000""],[""84090.36000000"",""0.00014000""],[""84090.34000000"",""0.01278000""]],""lastUpdateId"":101123531443}"
1791339072,874173200,spot,depth_diff,0,0,13,BTCUSDT,"{""E"":1791339072814,""U"":101123531412,""a"":[[""84091.70000000"",""3.41203000""],[""84101.93000000"",""0.32113000""],[""84107.25000000"",""0.00000000""],[""84112.95000000"",""0.00000000""],[""84134.25000000"",""0.00000000""],[""84221.45000000"",""0.07515000""],[""84347.38000000"",""0.06645000""]],""b"":[[""84091.69000000"",""0.62317000""],[""84091.68000000"",""0.00048000""],[""84090.35000000"",""0.00000000""],[""84088.14000000"",""0.00012000""],[""84079.37000000"",""0.32121000""],[""84078.40000000"",""0.00000000""],[""84075.36000000"",""0.00022000""],[""84074.66000000"",""0.00400000""],[""84058.06000000"",""0.00200000""],[""84056.73000000"",""0.70000000""],[""84051.29000000"",""0.05765000""],[""84048.73000000"",""0.00000000""],[""84040.73000000"",""0.70000000""],[""83969.15000000"",""0.03688000""],[""83949.03000000"",""0.23971000""],[""83892.01000000"",""0.00000000""],[""83874.79000000"",""0.00731000""],[""67261.28000000"",""0.00029000""]],""e"":""depthUpdate"",""s"":""BTCUSDT"",""u"":101123531443}"
1791339072,919387100,spot,trade,0,0,14,BTCUSDT,"{""E"":1791339072858,""M"":true,""T"":1791339072857,""e"":""trade"",""m"":false,""p"":""84091.70000000"",""q"":""0.02699000"",""s"":""BTCUSDT"",""t"":6741319596}"
1791339072,974360400,spot,depth5,0,0,15,BTCUSDT,"{""asks"":[[""84091.70000000"",""2.86818000""],[""84091.82000000"",""0.00008000""],[""84092.40000000"",""0.00012000""],[""84092.62000000"",""0.11444000""],[""84092.63000000"",""0.02914000""]],""bids"":[[""84091.69000000"",""0.04294000""],[""84091.68000000"",""0.00049000""],[""84091.28000000"",""0.00008000""],[""84090.35000000"",""0.00014000""],[""84090.34000000"",""0.01272000""]],""lastUpdateId"":101123531650}"
1791339072,974620500,spot,depth_diff,0,0,16,BTCUSDT,"{""E"":1791339072914,""U"":101123531444,""a"":[[""84091.70000000"",""2.86818000""],[""84091.71000000"",""0.00000000""],[""84092.61000000"",""0.00000000""],[""84092.62000000"",""0.11444000""],[""84094.04000000"",""0.00000000""],[""84094.82000000"",""0.00000000""],[""84094.83000000"",""0.03096000""],[""84097.32000000"",""0.32086000""],[""84097.33000000"",""0.32115000""],[""84097.69000000"",""0.00000000""],[""84098.65000000"",""0.34846000""],[""84098.67000000"",""0.00006000""],[""84100.78000000"",""0.32131000""],[""84101.92000000"",""0.19525000""],[""84104.50000000"",""0.00009000""],[""84108.05000000"",""0.10224000""],[""84108.09000000"",""0.13980000""],[""84108.15000000"",""0.32110000""],[""84111.10000000"",""0.48000000""],[""84111.22000000"",""0.00000000""],[""84111.78000000"",""0.15330000""],[""84117.56000000"",""0.00024000""],[""84121.92000000"",""0.00000000""],[""84122.44000000"",""0.00000000""],[""84128.44000000"",""0.68841000""],[""84157.02000000"",""0.93960000""],[""84171.01000000"",""0.00000000""],[""84171.24000000"",""0.46593000""],[""84188.79000000"",""0.00000000""]],""b"":[[""84091.69000000"",""0.04294000""],[""84091.68000000"",""0.00049000""],[""84090.36000000"",""0.00000000""],[""84090.35000000"",""0.00014000""],[""84090.34000000"",""0.01272000""],[""84090.33000000"",""0.00007000""],[""84089.00000000"",""0.00014000""],[""84088.14000000"",""0.00006000""],[""84088.13000000"",""0.00000000""],[""84087.66000000"",""0.00014000""],[""84086.55000000"",""0.32125000""],[""84084.60000000"",""0.16709000""],[""84084.59000000"",""0.00000000""],[""84084.38000000"",""0.00000000""],[""84084.37000000"",""0.00000000""],[""84084.36000000"",""0.00000000""],[""84083.92000000"",""0.00000000""],[""84083.91000000"",""0.00000000""],[""84083.90000000"",""0.32126000""],[""84083.88000000"",""0.00006000""],[""84081.35000000"",""0.17130000""],[""84080.94000000"",""0.23564000""],[""84080.71000000"",""0.00006000""],[""84079.65000000"",""0.00006000""],[""84079.62000000"",""0.00006000""],[""84079.55000000"",""0.32127000""],[""84078.96000000"",""0.00000000""],[""84078.62000000"",""0.34845000""],[""84077.25000000"",""0.00000000""],[""84076.79000000"",""0.29739000""],[""84076.63000000"",""0.00000000""],[""84075.83000000"",""0.00000000""],[""84075.36000000"",""0.00012000""],[""84074.66000000"",""1.48667000""],[""84073.63000000"",""0.00000000""],[""84072.85000000"",""0.00000000""],[""84072.60000000"",""0.00587000""],[""84072.59000000"",""0.00000000""],[""84072.21000000"",""0.00000000""],[""84071.93000000"",""0.00000000""],[""84071.08000000"",""0.00594000""],[""84070.91000000"",""0.41880000""],[""84070.53000000"",""0.32125000""],[""84070.25000000"",""0.00000000""],[""84070.24000000"",""0.00000000""],[""84069.42000000"",""0.02000000""],[""84068.81000000"",""0.00000000""],[""84068.39000000"",""0.00590000""],[""84067.31000000"",""0.00000000""],[""84066.85000000"",""0.29740000""],[""84065.80000000"",""0.00000000""],[""84064.81000000"",""0.00000000""],[""84058.73000000"",""0.00000000""],[""84058.06000000"",""0.00000000""],[""84057.73000000"",""0.00000000""],[""84056.73000000"",""0.00000000""],[""84054.04000000"",""0.10231000""],[""84051.29000000"",""0.00000000""],[""84047.69000000"",""0.23954000""],[""84039.59000000"",""0.05785000""],[""84028.47000000"",""0.00000000""],[""84017.55000000"",""0.49222000""],[""84016.89000000"",""1.17868000""],[""83934.48000000"",""0.00000000""],[""83663.09000000"",""0.00000000""],[""82830.32000000"",""0.00048000""],[""75682.53000000"",""0.00090000""]],""e"":""depthUpdate"",""s"":""BTCUSDT"",""u"":101123531650}"
1791339073,103050000,spot,depth5,0,0,17,BTCUSDT,"{""asks"":[[""84091.70000000"",""3.48532000""],[""84091.82000000"",""0.00008000""],[""84092.40000000"",""0.00012000""],[""84092.61000000"",""0.00014000""],[""84092.62000000"",""0.11458000""]],""bids"":[[""84091.69000000"",""0.33640000""],[""84091.68000000"",""0.00049000""],[""84091.28000000"",""0.00008000""],[""84090.35000000"",""0.00014000""],[""84090.34000000"",""0.01272000""]],""lastUpdateId"":101123531792}"
1791339073,103179100,spot,depth_diff,0,0,18,BTCUSDT,"{""E"":1791339073014,""U"":101123531651,""a"":[[""84091.70000000"",""3.48532000""],[""84092.61000000"",""0.00014000""],[""84092.62000000"",""0.11458000""],[""84093.06000000"",""0.00000000""],[""84093.38000000"",""0.00008000""],[""84094.04000000"",""0.00014000""],[""84094.82000000"",""0.00014000""],[""84094.83000000"",""0.03096000""],[""84097.33000000"",""0.32121000""],[""84103.20000000"",""0.00000000""],[""84103.40000000"",""0.00000000""],[""84104.51000000"",""0.32118000""],[""84105.36000000"",""0.00000000""],[""84431.73000000"",""0.08582000""]],""b"":[[""84091.69000000"",""0.33640000""],[""84091.68000000"",""0.00049000""],[""84086.55000000"",""0.32125000""],[""84084.61000000"",""0.00000000""],[""84084.60000000"",""0.00000000""],[""84084.59000000"",""0.17130000""],[""84083.92000000"",""0.00007000""],[""84083.91000000"",""0.17137000""],[""84083.90000000"",""0.00012000""],[""84082.25000000"",""0.32120000""],[""84081.35000000"",""0.00000000""],[""84081.34000000"",""0.12006000""],[""84080.71000000"",""0.00000000""],[""84080.68000000"",""0.00000000""],[""84080.64000000"",""0.33750000""],[""84080.63000000"",""0.00000000""],[""84078.62000000"",""0.34839000""],[""84077.25000000"",""0.00006000""],[""84076.03000000"",""0.00200000""],[""84074.67000000"",""0.00400000""],[""84074.51000000"",""0.00000000""],[""84072.81000000"",""0.00000000""],[""84069.42000000"",""0.00000000""],[""84069.13000000"",""0.00000000""],[""84067.34000000"",""0.00000000""],[""84066.96000000"",""0.00000000""],[""84059.77000000"",""0.02000000""],[""84059.73000000"",""0.10230000""],[""84049.19000000"",""0.08026000""],[""84041.73000000"",""0.70000000""],[""67261.28000000"",""0.00000000""]],""e"":""depthUpdate"",""s"":""BTCUSDT"",""u"":101123531792}"
1791339073,116508500,spot,trade,0,0,19,BTCUSDT,"{""E"":1791339073056,""M"":true,""T"":1791339073055,""e"":""trade"",""m"":false,""p"":""84091.70000000"",""q"":""0.00023000"",""s"":""BTCUSDT"",""t"":6741319597}"
1791339073,174344700,spot,depth5,0,0,20,BTCUSDT,"{""asks"":[[""84091.70000000"",""3.48497000""],[""84091.82000000"",""0.00008000""],[""84092.40000000"",""0.00006000""],[""84092.61000000"",""0.00014000""],[""84092.62000000"",""0.02757000""]],""bids"":[[""84091.69000000"",""0.33673000""],[""84091.68000000"",""0.00042000""],[""84091.28000000"",""0.00008000""],[""84090.35000000"",""0.00014000""],[""84090.34000000"",""0.01272000""]],""lastUpdateId"":101123531857}"
1791339073,174520500,spot,depth_diff,0,0,21,BTCUSDT,"{""E"":1791339073114,""U"":101123531793,""a"":[[""84091.70000000"",""3.48497000""],[""84092.40000000"",""0.00006000""],[""84092.62000000"",""0.02757000""],[""84092.63000000"",""0.02908000""],[""84094.04000000"",""0.00000000""],[""84094.05000000"",""0.00000000""],[""84094.82000000"",""0.00000000""],[""84094.83000000"",""0.03090000""],[""84096.50000000"",""0.32115000""],[""84096.66000000"",""0.00006000""],[""84097.33000000"",""0.00006000""],[""84098.66000000"",""0.00000000""],[""84098.97000000"",""0.00400000""],[""84100.77000000"",""0.00400000""],[""84108.09000000"",""0.00000000""],[""84111.75000000"",""0.00000000""],[""84161.42000000"",""0.00000000""],[""84182.80000000"",""0.05713000""],[""84204.12000000"",""0.00400000""],[""84204.32000000"",""0.00000000""],[""84211.13000000"",""0.00000000""],[""84221.45000000"",""0.00000000""]],""b"":[[""84091.69000000"",""0.33673000""],[""84091.68000000"",""0.00042000""],[""84088.95000000"",""0.00000000""],[""84088.25000000"",""0.00007000""],[""84087.77000000"",""0.00024000""],[""84087.68000000"",""0.00006000""],[""84086.55000000"",""0.32125000""],[""84084.60000000"",""0.00007000""],[""84084.59000000"",""0.00006000""],[""84083.92000000"",""0.00000000""],[""84083.91000000"",""0.00000000""],[""84083.88000000"",""0.00012000""],[""84082.26000000"",""0.15591000""],[""84080.37000000"",""0.00000000""],[""84079.62000000"",""0.00012000""],[""84075.64000000"",""0.32123000""],[""84045.73000000"",""0.70000000""],[""84044.59000000"",""0.05602000""],[""84040.73000000"",""0.00000000""],[""84039.59000000"",""0.00000000""],[""83969.15000000"",""0.13221000""],[""75682.53000000"",""0.00098000""]],""e"":""depthUpdate"",""s"":""BTCUSDT"",""u"":101123531857}"
1791339073,273861500,spot,depth5,0,0,22,BTCUSDT,"{""asks"":[[""84091.70000000"",""3.48497000""],[""84091.82000000"",""0.00008000""],[""84092.40000000"",""0.00012000""],[""84092.61000000"",""0.00014000""],[""84092.62000000"",""0.11975000""]],""bids"":[[""84091.69000000"",""0.17862000""],[""84091.68000000"",""0.00042000""],[""84091.28000000"",""0.00008000""],[""84090.35000000"",""0.00014000""],[""84090.34000000"",""0.01272000""]],""lastUpdateId"":101123531893}"
1791339073,274046900,spot,depth_diff,0,0,23,BTCUSDT,"{""E"":1791339073214,""U"":101123531858,""a"":[[""84092.40000000"",""0.00012000""],[""84092.62000000"",""0.11975000""],[""84094.83000000"",""0.03096000""],[""84096.50000000"",""0.00000000""],[""84096.66000000"",""0.00012000""],[""84114.35000000"",""1.29522000""],[""84114.37000000"",""0.00000000""],[""84218.53000000"",""0.05069000""],[""84516.17000000"",""0.11085000""]],""b"":[[""84091.69000000"",""0.17862000""],[""84086.55000000"",""0.32119000""],[""84084.60000000"",""0.00000000""],[""84082.27000000"",""0.00007000""],[""84077.08000000"",""0.00200000""],[""84074.67000000"",""0.00600000""],[""84060.04000000"",""0.02000000""],[""84056.75000000"",""0.02000000""],[""84056.67000000"",""0.02000000""],[""84055.73000000"",""0.70000000""],[""84055.47000000"",""0.00200000""],[""84054.73000000"",""0.00000000""],[""84048.65000000"",""1.08700000""],[""84041.73000000"",""0.00000000""],[""84025.14000000"",""0.88279000""],[""83987.51000000"",""0.02000000""],[""83969.15000000"",""0.13221000""],[""83968.32000000"",""0.02000000""],[""83966.32000000"",""0.02000000""],[""83674.67000000"",""0.00011000""],[""82830.32000000"",""0.00056000""],[""75682.53000000"",""0.00113000""],[""67273.36000000"",""0.00203000""]],""e"":""depthUpdate"",""s"":""BTCUSDT"",""u"":101123531893}"
1791339073,293542800,spot,trade,0,0,24,BTCUSDT,"{""E"":1791339073232,""M"":true,""T"":1791339073232,""e"":""trade"",""m"":true,""p"":""84091.69000000"",""q"":""0.00007000"",""s"":""BTCUSDT"",""t"":6741319598}"
1791339073,293611200,spot,trade,0,0,25,BTCUSDT,"{""E"":1791339073232,""M"":true,""T"":1791339073232,""e"":""trade"",""m"":true,""p"":""84091.69000000"",""q"":""0.00006000"",""s"":""BTCUSDT"",""t"":6741319599}"
1791339073,293636500,spot,trade,0,0,26,BTCUSDT,"{""E"":1791339073232,""M"":true,""T"":1791339073232,""e"":""trade"",""m"":true,""p"":""84091.69000000"",""q"":""0.00012000"",""s"":""BTCUSDT"",""t"":6741319600}"
1791339073,293656100,spot,trade,0,0,27,BTCUSDT,"{""E"":1791339073232,""M"":true,""T"":1791339073232,""e"":""trade"",""m"":true,""p"":""84091.69000000"",""q"":""0.00007000"",""s"":""BTCUSDT"",""t"":6741319601}"
1791339073,293675000,spot,trade,0,0,28,BTCUSDT,"{""E"":1791339073232,""M"":true,""T"":1791339073232,""e"":""trade"",""m"":true,""p"":""84091.69000000"",""q"":""0.00268000"",""s"":""BTCUSDT"",""t"":6741319602}"
1791339073,373285900,spot,depth5,0,0,29,BTCUSDT,"{""asks"":[[""84091.70000000"",""3.52484000""],[""84091.82000000"",""0.00008000""],[""84092.40000000"",""0.00012000""],[""84092.61000000"",""0.00014000""],[""84092.62000000"",""0.02757000""]],""bids"":[[""84091.69000000"",""0.17582000""],[""84091.68000000"",""0.00035000""],[""84091.28000000"",""0.00008000""],[""84090.35000000"",""0.00014000""],[""84090.34000000"",""0.01272000""]],""lastUpdateId"":101123531940}"
1791339073,373500300,spot,depth_diff,0,0,30,BTCUSDT,"{""E"":1791339073314,""U"":101123531894,""a"":[[""84091.70000000"",""3.52484000""],[""84092.62000000"",""0.02757000""],[""84094.83000000"",""0.03090000""],[""84097.34000000"",""0.00000000""],[""84106.53000000"",""0.32111000""],[""84108.15000000"",""0.00000000""],[""84108.58000000"",""0.15402000""],[""84111.39000000"",""0.32109000""],[""84111.57000000"",""0.00000000""],[""84111.73000000"",""0.00000000""],[""84150.30000000"",""0.05640000""],[""84182.80000000"",""0.00000000""],[""84600.69000000"",""0.14317000""],[""84833.29000000"",""0.00000000""]],""b"":[[""84091.69000000"",""0.17582000""],[""84091.68000000"",""0.00035000""],[""84086.55000000"",""0.32125000""],[""84084.93000000"",""0.00007000""],[""84084.92000000"",""0.32119000""],[""84084.60000000"",""0.00000000""],[""84084.59000000"",""0.00006000""],[""84079.55000000"",""0.32121000""],[""84079.37000000"",""0.00000000""],[""84078.09000000"",""0.00000000""],[""84077.08000000"",""0.00000000""],[""84076.60000000"",""0.00000000""],[""84074.67000000"",""0.01000000""],[""84063.16000000"",""0.11531000""],[""84055.73000000"",""0.00000000""]],""e"":""depthUpdate"",""s"":""BTCUSDT"",""u"":101123531940}"
1791339073,449089100,spot,trade,0,0,31,BTCUSDT,"{""E"":1791339073386,""M"":true,""T"":1791339073386,""e"":""trade"",""m"":false,""p"":""84091.70000000"",""q"":""0.00141000"",""s"":""BTCUSDT"",""t"":6741319603}"
1791339073,449228100,spot,trade,0,0,32,BTCUSDT,"{""E"":1791339073386,""M"":true,""T"":1791339073386,""e"":""trade"",""m"":false,""p"":""84091.70000000"",""q"":""0.00007000"",""s"":""BTCUSDT"",""t"":6741319604}"
1791339073,449300100,spot,trade,0,0,33,BTCUSDT,"{""E"":1791339073386,""M"":true,""T"":1791339073386,""e"":""trade"",""m"":false,""p"":""84091.70000000"",""q"":""0.00013000"",""s"":""BTCUSDT"",""t"":6741319605}"
1791339073,449388400,spot,trade,0,0,34,BTCUSDT,"{""E"":1791339073386,""M"":true,""T"":1791339073386,""e"":""trade"",""m"":false,""p"":""84091.70000000"",""q"":""0.00065000"",""s"":""BTCUSDT"",""t"":6741319606}"
1791339073,474024000,spot,depth5,0,0,35,BTCUSDT,"{""asks"":[[""84091.70000000"",""3.52271000""],[""84091.82000000"",""0.00008000""],[""84092.40000000"",""0.00012000""],[""84092.61000000"",""0.00014000""],[""84092.62000000"",""0.02757000""]],""bids"":[[""84091.69000000"",""0.17576000""],[""84091.68000000"",""0.00035000""],[""84091.28000000"",""0.00008000""],[""84090.35000000"",""0.00014000""],[""84090.34000000"",""0.01272000""]],""lastUpdateId"":101123531975}"
1791339073,474231500,spot,depth_diff,0,0,36,BTCUSDT,"{""E"":1791339073414,""U"":101123531941,""a"":[[""84091.70000000"",""3.52271000""],[""84092.83000000"",""0.00007000""],[""84094.83000000"",""0.03096000""],[""84096.93000000"",""0.32115000""],[""84106.53000000"",""0.00000000""],[""84111.73000000"",""0.00006000""],[""84114.27000000"",""0.04000000""],[""84124.76000000"",""0.00000000""],[""84147.55000000"",""0.97394000""]],""b"":[[""84091.69000000"",""0.17576000""],[""84086.55000000"",""0.32119000""],[""84084.93000000"",""0.00000000""],[""84084.92000000"",""0.00000000""],[""84084.59000000"",""0.15867000""],[""84078.62000000"",""0.34845000""],[""84078.09000000"",""0.00006000""],[""84077.25000000"",""0.00000000""],[""84059.81000000"",""0.02000000""],[""84057.48000000"",""0.02000000""],[""84055.73000000"",""0.00000000""],[""84054.73000000"",""0.00000000""],[""83995.85000000"",""1.33889000""],[""83966.32000000"",""0.00000000""],[""83966.17000000"",""0.02000000""],[""82575.50000000"",""0.00000000""],[""75682.53000000"",""0.00120000""],[""75682.52000000"",""0.00008000""],[""67273.36000000"",""0.00174000""]],""e"":""depthUpdate"",""s"":""BTCUSDT"",""u"":101123531975}"
1791339073,573427100,spot,depth5,0,0,37,BTCUSDT,"{""asks"":[[""84091.70000000"",""3.52296000""],[""84091.82000000"",""0.00008000""],[""84092.40000000"",""0.00012000""],[""84092.61000000"",""0.00014000""],[""84092.62000000"",""0.02757000""]],""bids"":[[""84091.69000000"",""0.17576000""],[""84091.68000000"",""0.00035000""],[""84091.28000000"",""0.00008000""],[""84090.35000000"",""0.00014000""],[""84090.34000000"",""0.01272000""]],""lastUpdateId"":101123531988}"
1791339073,575021000,spot,depth_diff,0,0,38,BTCUSDT,"{""E"":1791339073514,""U"":101123531976,""a"":[[""84091.70000000"",""3.52296000""]],""b"":[[""84086.55000000"",""0.32125000""],[""84084.60000000"",""0.00007000""],[""83968.32000000"",""0.00000000""],[""82871.17000000"",""0.00000000""],[""82830.32000000"",""0.00064000""],[""67273.36000000"",""0.00290000""],[""67273.00000000"",""0.00000000""]],""e"":""depthUpdate"",""s"":""BTCUSDT"",""u"":101123531988}"
1791339073,675536200,spot,depth5,0,0,39,BTCUSDT,"{""asks"":[[""84091.70000000"",""3.52290000""],[""84091.82000000"",""0.00008000""],[""84092.40000000"",""0.00012000""],[""84092.61000000"",""0.00014000""],[""84092.62000000"",""0.02757000""]],""bids"":[[""84091.69000000"",""0.17575000""],[""84091.68000000"",""0.00035000""],[""84091.28000000"",""0.00008000""],[""84090.35000000"",""0.00014000""],[""84090.34000000"",""0.01272000""]],""lastUpdateId"":101123532046}"
1791339073,675738500,spot,depth_diff,0,0,40,BTCUSDT,"{""E"":1791339073614,""U"":101123531989,""a"":[[""84091.70000000"",""3.52290000""],[""84096.92000000"",""0.00200000""],[""84101.04000000"",""0.00595000""],[""84102.73000000"",""0.00642000""],[""84104.51000000"",""0.32112000""],[""84105.44000000"",""0.18533000""],[""84106.94000000"",""0.00652000""],[""84108.58000000"",""0.00000000""],[""84109.46000000"",""0.00577000""],[""84111.15000000"",""0.00662000""],[""84115.36000000"",""0.00634000""],[""84117.88000000"",""0.00595000""],[""84119.57000000"",""0.00649000""],[""84126.30000000"",""0.00597000""],[""84134.72000000"",""0.00593000""],[""84161.59000000"",""0.00792000""],[""84171.24000000"",""0.00000000""],[""84176.91000000"",""0.00006000""],[""84297.20000000"",""0.00006000""],[""84685.30000000"",""0.18491000""]],""b"":[[""84091.69000000"",""0.17575000""],[""84082.25000000"",""0.32126000""],[""84082.15000000"",""0.32121000""],[""84079.55000000"",""0.32127000""],[""84079.34000000"",""0.38621000""],[""84079.33000000"",""0.00000000""],[""84078.62000000"",""0.34839000""],[""84077.87000000"",""0.00200000""],[""84060.71000000"",""0.02000000""],[""84055.84000000"",""0.02000000""],[""84055.83000000"",""0.02000000""],[""84055.73000000"",""0.70000000""],[""84054.73000000"",""0.00000000""],[""84053.73000000"",""0.81266000""],[""84045.73000000"",""0.00000000""],[""83987.51000000"",""0.00000000""],[""83983.97000000"",""0.02000000""],[""83971.19000000"",""0.02000000""],[""83970.91000000"",""0.02000000""],[""82871.18000000"",""0.00298000""],[""82703.25000000"",""0.00299000""],[""67273.36000000"",""0.00261000""]],""e"":""depthUpdate"",""s"":""BTCUSDT"",""u"":101123532046}"
1791339073,702698500,spot,trade,0,0,41,BTCUSDT,"{""E"":1791339073642,""M"":true,""T"":1791339073642,""e"":""trade"",""m"":false,""p"":""84091.70000000"",""q"":""0.00110000"",""s"":""BTCUSDT"",""t"":6741319607}"
1791339073,774478600,spot,depth5,0,0,42,BTCUSDT,"{""asks"":[[""84091.70000000"",""3.52186000""],[""84091.82000000"",""0.00008000""],[""84092.40000000"",""0.00012000""],[""84092.61000000"",""0.00014000""],[""84092.62000000"",""0.11452000""]],""bids"":[[""84091.69000000"",""0.17581000""],[""84091.68000000"",""0.00035000""],[""84091.28000000"",""0.00008000""],[""84090.35000000"",""0.00014000""],[""84090.34000000"",""0.01272000""]],""lastUpdateId"":101123532080}"
1791339073,774689500,spot,depth_diff,0,0,43,BTCUSDT,"{""E"":1791339073714,""U"":101123532047,""a"":[[""84091.70000000"",""3.52186000""],[""84092.62000000"",""0.11452000""],[""84092.63000000"",""0.02914000""],[""84093.02000000"",""0.30349000""],[""84096.92000000"",""0.00000000""],[""84113.29000000"",""0.00000000""],[""84116.13000000"",""0.05000000""],[""84116.29000000"",""0.03000000""],[""84173.92000000"",""0.00000000""],[""84192.86000000"",""0.00000000""],[""84769.99000000"",""0.23882000""]],""b"":[[""84091.69000000"",""0.17581000""],[""84088.14000000"",""0.00038000""],[""84084.60000000"",""0.00073000""],[""84084.59000000"",""0.15873000""],[""84083.67000000"",""0.30349000""],[""84082.26000000"",""0.00000000""],[""84077.87000000"",""0.00000000""],[""84055.73000000"",""0.00000000""],[""84055.66000000"",""0.02000000""],[""84055.51000000"",""0.02000000""],[""84044.73000000"",""0.70000000""],[""83983.95000000"",""0.00000000""],[""83978.03000000"",""0.00000000""],[""75682.53000000"",""0.00135000""],[""75682.52000000"",""0.00000000""]],""e"":""depthUpdate"",""s"":""BTCUSDT"",""u"":101123532080}"
1791339073,803944300,spot,trade,0,0,44,BTCUSDT,"{""E"":1791339073742,""M"":true,""T"":1791339073742,""e"":""trade"",""m"":false,""p"":""84091.70000000"",""q"":""0.00207000"",""s"":""BTCUSDT"",""t"":6741319608}"
1791339073,874405400,spot,depth5,0,0,45,BTCUSDT,"{""asks"":[[""84091.70000000"",""3.77446000""],[""84091.82000000"",""0.00008000""],[""84092.40000000"",""0.00012000""],[""84092.62000000"",""0.11438000""],[""84092.63000000"",""0.02914000""]],""bids"":[[""84091.69000000"",""0.03971000""],[""84091.68000000"",""0.00035000""],[""84091.28000000"",""0.00008000""],[""84090.35000000"",""0.00014000""],[""84090.34000000"",""0.01272000""]],""lastUpdateId"":101123532127}"
1791339073,874592700,spot,depth_diff,0,0,46,BTCUSDT,"{""E"":1791339073814,""U"":101123532081,""a"":[[""84091.70000000"",""3.77446000""],[""84092.61000000"",""0.00000000""],[""84092.62000000"",""0.11438000""],[""84128.40000000"",""0.00017000""],[""84147.55000000"",""0.88176000""]],""b"":[[""84091.69000000"",""0.03971000""],[""84086.55000000"",""0.32125000""],[""84084.96000000"",""0.00007000""],[""84084.95000000"",""0.32125000""],[""84084.60000000"",""0.00066000""],[""84084.59000000"",""0.00006000""],[""84083.68000000"",""0.00007000""],[""84082.27000000"",""0.00000000""],[""84082.25000000"",""0.32120000""],[""84082.15000000"",""0.00000000""],[""84080.68000000"",""0.00048000""],[""84078.62000000"",""0.34839000""],[""84060.95000000"",""0.02000000""],[""84054.73000000"",""0.00000000""],[""84045.73000000"",""0.70000000""],[""84044.73000000"",""0.00000000""],[""83989.33000000"",""0.02000000""],[""83950.01000000"",""0.00000000""],[""83882.83000000"",""0.01863000""],[""82830.32000000"",""0.00072000""],[""67273.36000000"",""0.00232000""]],""e"":""depthUpdate"",""s"":""BTCUSDT"",""u"":101123532127}"
1791339073,874706500,spot,trade,0,0,47,BTCUSDT,"{""E"":1791339073814,""M"":true,""T"":1791339073814,""e"":""trade"",""m"":true,""p"":""84091.69000000"",""q"":""0.00360000"",""s"":""BTCUSDT"",""t"":6741319609}"
1791339073,896001500,spot,trade,0,0,48,BTCUSDT,"{""E"":1791339073835,""M"":true,""T"":1791339073835,""e"":""trade"",""m"":false,""p"":""84091.70000000"",""q"":""0.00118000"",""s"":""BTCUSDT"",""t"":6741319610}"
1791339073,975745000,spot,depth5,0,0,49,BTCUSDT,"{""asks"":[[""84091.70000000"",""3.77341000""],[""84091.82000000"",""0.00008000""],[""84092.40000000"",""0.00012000""],[""84092.62000000"",""0.11438000""],[""84092.63000000"",""0.02914000""]],""bids"":[[""84091.69000000"",""0.17174000""],[""84091.68000000"",""0.00035000""],[""84091.28000000"",""0.00008000""],[""84090.35000000"",""0.00014000""],[""84090.34000000"",""0.01272000""]],""lastUpdateId"":101123532164}"
1791339073,976101100,spot,depth_diff,0,0,50,BTCUSDT,"{""E"":1791339073914,""U"":101123532128,""a"":[[""84091.70000000"",""3.77341000""],[""84100.78000000"",""0.00018000""],[""84128.61000000"",""0.00000000""],[""84168.40000000"",""0.47831000""],[""84500.00000000"",""1.47086000""]],""b"":[[""84091.69000000"",""0.17174000""],[""84086.55000000"",""0.32125000""],[""84084.96000000"",""0.00000000""],[""84084.95000000"",""0.00000000""],[""84084.60000000"",""0.00073000""],[""84084.59000000"",""0.17142000""],[""84083.68000000"",""0.17137000""],[""84083.67000000"",""0.30355000""],[""84082.26000000"",""0.32120000""],[""84082.25000000"",""0.00000000""],[""84078.62000000"",""0.34839000""],[""84075.46000000"",""0.00000000""],[""84056.10000000"",""0.02000000""],[""84055.47000000"",""0.00000000""],[""84040.93000000"",""0.00000000""],[""83999.55000000"",""0.02000000""],[""83966.22000000"",""0.00400000""],[""83966.17000000"",""0.00000000""],[""83965.78000000"",""0.00000000""],[""83170.01000000"",""0.00260000""]],""e"":""depthUpdate"",""s"":""BTCUSDT"",""u"":101123532164}"
1791339074,79751200,spot,depth5,0,0,51,BTCUSDT,"{""asks"":[[""84091.70000000"",""3.51855000""],[""84091.82000000"",""0.00008000""],[""84092.40000000"",""0.00012000""],[""84092.61000000"",""0.00014000""],[""84092.62000000"",""0.11452000""]],""bids"":[[""84091.69000000"",""0.34719000""],[""84091.68000000"",""0.00035000""],[""84091.28000000"",""0.00008000""],[""84090.35000000"",""0.00014000""],[""84090.34000000"",""0.01272000""]],""lastUpdateId"":101123532238}"
1791339074,80156800,spot,depth_diff,0,0,52,BTCUSDT,"{""E"":1791339074014,""U"":101123532165,""a"":[[""84091.70000000"",""3.51855000""],[""84092.61000000"",""0.00014000""],[""84092.62000000"",""0.11452000""],[""84093.01000000"",""0.00014000""],[""84094.82000000"",""0.00014000""],[""84096.92000000"",""0.00000000""],[""84097.32000000"",""0.23437000""],[""84098.64000000"",""0.00200000""],[""84100.17000000"",""0.06007000""],[""84100.78000000"",""0.00012000""],[""84101.93000000"",""0.32119000""],[""84106.42000000"",""0.32111000""],[""84114.35000000"",""1.17231000""]],""b"":[[""84091.69000000"",""0.34719000""],[""84087.44000000"",""0.00000000""],[""84086.56000000"",""0.15526000""],[""84086.55000000"",""0.32125000""],[""84085.42000000"",""0.00007000""],[""84085.41000000"",""0.32119000""],[""84084.60000000"",""0.00066000""],[""84084.59000000"",""0.00006000""],[""84083.90000000"",""0.00006000""],[""84083.68000000"",""0.00000000""],[""84080.68000000"",""0.00000000""],[""84079.56000000"",""1.55813000""],[""84078.74000000"",""0.00200000""],[""84078.62000000"",""0.34845000""],[""84078.58000000"",""0.00037000""],[""84053.73000000"",""0.81266000""],[""84045.73000000"",""0.00000000""],[""84043.73000000"",""0.70000000""],[""84009.56000000"",""0.02000000""],[""84009.22000000"",""0.02000000""],[""83987.40000000"",""1.48667000""],[""83983.97000000"",""0.00000000""],[""83971.19000000"",""0.00000000""],[""83970.91000000"",""0.00000000""],[""82830.32000000"",""0.00064000""],[""81989.40000000"",""0.00304000""],[""75682.53000000"",""0.00150000""],[""67273.36000000"",""0.00319000""]],""e"":""depthUpdate"",""s"":""BTCUSDT"",""u"":101123532238}"
1791339074,165514500,spot,trade,0,0,53,BTCUSDT,"{""E"":1791339074104,""M"":true,""T"":1791339074104,""e"":""trade"",""m"":true,""p"":""84091.69000000"",""q"":""0.00300000"",""s"":""BTCUSDT"",""t"":6741319611}"
1791339074,168106500,spot,trade,0,0,54,BTCUSDT,"{""E"":1791339074107,""M"":true,""T"":1791339074107,""e"":""trade"",""m"":false,""p"":""84091.70000000"",""q"":""0.00873000"",""s"":""BTCUSDT"",""t"":6741319612}"
1791339074,175062300,spot,depth5,0,0,55,BTCUSDT,"{""asks"":[[""84091.70000000"",""3.50976000""],[""84091.82000000"",""0.00008000""],[""84092.40000000"",""0.00012000""],[""84092.61000000"",""0.00014000""],[""84092.62000000"",""0.11452000""]],""bids"":[[""84091.69000000"",""0.34792000""],[""84091.68000000"",""0.00028000""],[""84091.28000000"",""0.00008000""],[""84090.35000000"",""0.00014000""],[""84090.34000000"",""0.01272000""]],""lastUpdateId"":101123532271}"
1791339074,175274400,spot,depth_diff,0,0,56,BTCUSDT,"{""E"":1791339074114,""U"":101123532239,""a"":[[""84091.70000000"",""3.50976000""],[""84098.27000000"",""0.00000000""],[""84098.64000000"",""0.00000000""],[""84101.93000000"",""0.32113000""],[""84157.91000000"",""0.01200000""],[""87500.00000000"",""20.88300000""]],""b"":[[""84091.69000000"",""0.34792000""],[""84091.68000000"",""0.00028000""],[""84088.14000000"",""0.00044000""],[""84086.57000000"",""0.00014000""],[""84085.42000000"",""0.00000000""],[""84080.64000000"",""0.33756000""],[""84078.74000000"",""0.00000000""],[""84078.62000000"",""0.34839000""],[""84056.60000000"",""0.00200000""],[""84054.73000000"",""0.70000000""],[""83963.93000000"",""0.01200000""],[""82830.32000000"",""0.00072000""],[""75682.52000000"",""0.00008000""]],""e"":""depthUpdate"",""s"":""BTCUSDT"",""u"":101123532271}"
1791339074,274261600,spot,depth5,0,0,57,BTCUSDT,"{""asks"":[[""84091.70000000"",""3.50982000""],[""84091.82000000"",""0.00008000""],[""84092.40000000"",""0.00012000""],[""84092.61000000"",""0.00014000""],[""84092.62000000"",""0.11452000""]],""bids"":[[""84091.69000000"",""0.22797000""],[""84091.68000000"",""0.00042000""],[""84091.28000000"",""0.00008000""],[""84090.35000000"",""0.00014000""],[""84090.34000000"",""0.01272000""]],""lastUpdateId"":101123532307}"
1791339074,274476900,spot,depth_diff,0,0,58,BTCUSDT,"{""E"":1791339074214,""U"":101123532272,""a"":[[""84091.70000000"",""3.50982000""],[""84094.82000000"",""0.00000000""],[""84101.93000000"",""0.32119000""],[""84126.27000000"",""1.17352000""]],""b"":[[""84091.69000000"",""0.22797000""],[""84091.68000000"",""0.00042000""],[""84056.60000000"",""0.00000000""],[""84055.73000000"",""0.70000000""],[""84054.73000000"",""0.00000000""],[""84053.73000000"",""1.13006000""],[""84035.60000000"",""0.02000000""],[""84029.10000000"",""0.17918000""],[""83963.93000000"",""0.00000000""],[""83917.69000000"",""0.11680000""],[""83866.90000000"",""0.00000000""],[""83696.77000000"",""0.00007000""],[""75682.53000000"",""0.00165000""],[""67273.36000000"",""0.00290000""],[""67273.00000000"",""0.00000000""]],""e"":""depthUpdate"",""s"":""BTCUSDT"",""u"":101123532307}"
1791339074,379984800,spot,depth5,0,0,59,BTCUSDT,"{""asks"":[[""84091.70000000"",""3.46982000""],[""84091.82000000"",""0.00008000""],[""84092.28000000"",""0.04000000""],[""84092.40000000"",""0.00012000""],[""84092.61000000"",""0.00014000""]],""bids"":[[""84091.69000000"",""0.36384000""],[""84091.68000000"",""0.00042000""],[""84091.28000000"",""0.00008000""],[""84090.35000000"",""0.00014000""],[""84090.34000000"",""0.01272000""]],""lastUpdateId"":101123532325}"
1791339074,380190700,spot,depth_diff,0,0,60,BTCUSDT,"{""E"":1791339074314,""U"":101123532308,""a"":[[""84091.70000000"",""3.46982000""],[""84092.28000000"",""0.04000000""],[""84094.82000000"",""0.00014000""],[""84100.31000000"",""0.00000000""],[""84101.93000000"",""0.32113000""],[""84848.52000000"",""0.00010000""]],""b"":[[""84091.69000000"",""0.36384000""],[""83989.33000000"",""0.00000000""],[""83918.50000000"",""0.00595000""],[""83874.79000000"",""0.00000000""],[""83870.01000000"",""0.00731000""],[""82830.32000000"",""0.00072000""]],""e"":""depthUpdate"",""s"":""BTCUSDT"",""u"":101123532325}"
1791339074,474169600,spot,depth5,0,0,61,BTCUSDT,"{""asks"":[[""84091.70000000"",""3.46982000""],[""84091.82000000"",""0.00008000""],[""84092.27000000"",""0.00014000""],[""84092.28000000"",""0.04000000""],[""84092.40000000"",""0.00012000""]],""bids"":[[""84091.69000000"",""0.36390000""],[""84091.68000000"",""0.00042000""],[""84091.28000000"",""0.00008000""],[""84090.35000000"",""0.00014000""],[""84090.34000000"",""0.01272000""]],""lastUpdateId"":101123532351}"
1791339074,474340300,spot,depth_diff,0,0,62,BTCUSDT,"{""E"":1791339074414,""U"":101123532326,""a"":[[""84092.27000000"",""0.00014000""],[""84100.59000000"",""0.00657000""],[""84105.44000000"",""0.00000000""],[""84111.73000000"",""0.00006000""],[""84146.54000000"",""0.00000000""],[""84231.44000000"",""0.00000000""],[""84308.96000000"",""0.01863000""],[""84327.72000000"",""0.00000000""]],""b"":[[""84091.69000000"",""0.36390000""],[""84078.62000000"",""0.34845000""],[""84078.09000000"",""0.00006000""],[""84055.73000000"",""0.00000000""],[""84045.73000000"",""0.70000000""],[""84043.73000000"",""0.00000000""],[""84015.41000000"",""0.02000000""],[""84000.00000000"",""0.25604000""],[""82871.18000000"",""0.00000000""],[""82703.25000000"",""0.00000000""],[""67273.36000000"",""0.00261000""]],""e"":""depthUpdate"",""s"":""BTCUSDT"",""u"":101123532351}"
1791339074,574446800,spot,depth5,0,0,63,BTCUSDT,"{""asks"":[[""84091.70000000"",""4.00522000""],[""84091.82000000"",""0.00008000""],[""84092.27000000"",""0.00014000""],[""84092.28000000"",""0.04000000""],[""84092.40000000"",""0.00012000""]],""bids"":[[""84091.69000000"",""0.35203000""],[""84091.68000000"",""0.00049000""],[""84091.28000000"",""0.00008000""],[""84090.35000000"",""0.00014000""],[""84090.34000000"",""0.01272000""]],""lastUpdateId"":101123532392}"
1791339074,574649400,spot,depth_diff,0,0,64,BTCUSDT,"{""E"":1791339074514,""U"":101123532352,""a"":[[""84091.70000000"",""4.00522000""],[""84094.82000000"",""0.00007000""],[""84096.92000000"",""0.00400000""],[""84098.27000000"",""0.00200000""],[""84146.52000000"",""0.00295000""],[""84231.44000000"",""0.00118000""]],""b"":[[""84091.69000000"",""0.35203000""],[""84091.68000000"",""0.00049000""],[""84086.57000000"",""0.00000000""],[""84086.56000000"",""0.17144000""],[""84085.42000000"",""0.00007000""],[""84078.62000000"",""0.34839000""],[""84078.22000000"",""0.00000000""],[""84059.73000000"",""0.10230000""],[""84055.73000000"",""0.00000000""],[""84055.67000000"",""0.00200000""],[""84046.73000000"",""0.70000000""],[""84045.73000000"",""0.00000000""],[""83989.45000000"",""0.00000000""],[""75682.53000000"",""0.00180000""],[""67273.00000000"",""0.00000000""]],""e"":""depthUpdate"",""s"":""BTCUSDT"",""u"":101123532392}"
1791339074,676258300,spot,depth5,0,0,65,BTCUSDT,"{""asks"":[[""84091.70000000"",""4.00522000""],[""84091.82000000"",""0.00008000""],[""84092.27000000"",""0.00014000""],[""84092.28000000"",""0.04000000""],[""84092.40000000"",""0.00012000""]],""bids"":[[""84091.69000000"",""0.03388000""],[""84091.68000000"",""0.00049000""],[""84091.28000000"",""0.00008000""],[""84090.35000000"",""0.00014000""],[""84090.34000000"",""0.01272000""]],""lastUpdateId"":101123532415}"
1791339074,676742800,spot,depth_diff,0,0,66,BTCUSDT,"{""E"":1791339074614,""U"":101123532393,""a"":[[""84093.01000000"",""0.00000000""],[""84094.82000000"",""0.00000000""],[""84096.92000000"",""0.00000000""],[""84106.37000000"",""0.18768000""],[""84141.15000000"",""0.00728000""],[""84168.40000000"",""0.00000000""],[""84174.02000000"",""0.00006000""],[""84304.28000000"",""0.00006000""],[""84854.76000000"",""0.30849000""]],""b"":[[""84091.69000000"",""0.03388000""],[""84086.57000000"",""0.00014000""],[""84086.56000000"",""0.00014000""],[""84085.42000000"",""0.00000000""],[""82830.32000000"",""0.00072000""],[""67273.36000000"",""0.00232000""]],""e"":""depthUpdate"",""s"":""BTCUSDT"",""u"":101123532415}"
1791339074,701566900,spot,trade,0,0,67,BTCUSDT,"{""E"":1791339074642,""M"":true,""T"":1791339074641,""e"":""trade"",""m"":false,""p"":""84091.70000000"",""q"":""0.00059000"",""s"":""BTCUSDT"",""t"":6741319613}"
1791339074,778862200,spot,depth5,0,0,68,BTCUSDT,"{""asks"":[[""84091.70000000"",""4.25943000""],[""84091.82000000"",""0.00008000""],[""84092.27000000"",""0.00014000""],[""84092.28000000"",""0.04000000""],[""84092.40000000"",""0.00012000""]],""bids"":[[""84091.69000000"",""0.34554000""],[""84091.68000000"",""0.00049000""],[""84091.28000000"",""0.00008000""],[""84090.35000000"",""0.00014000""],[""84090.34000000"",""0.01272000""]],""lastUpdateId"":101123532474}"
1791339074,779143500,spot,depth_diff,0,0,69,BTCUSDT,"{""E"":1791339074714,""U"":101123532416,""a"":[[""84091.70000000"",""4.25943000""],[""84092.27000000"",""0.00014000""],[""84092.61000000"",""0.00014000""],[""84092.62000000"",""0.11452000""],[""84093.01000000"",""0.00014000""],[""84094.82000000"",""0.00007000""],[""84098.27000000"",""0.00000000""],[""84101.93000000"",""0.32113000""],[""84173.92000000"",""0.05000000""],[""84192.86000000"",""0.03000000""]],""b"":[[""84091.69000000"",""0.34554000""],[""84091.68000000"",""0.00049000""],[""84086.57000000"",""0.00014000""],[""84086.56000000"",""0.15960000""],[""84085.42000000"",""0.00000000""],[""84054.73000000"",""0.70000000""],[""84046.88000000"",""0.05760000""],[""84046.73000000"",""0.00000000""],[""84044.59000000"",""0.00000000""],[""83808.36000000"",""0.00300000""],[""82702.77000000"",""0.00299000""],[""75682.53000000"",""0.00195000""],[""75682.52000000"",""0.00000000""],[""75682.51000000"",""0.00008000""],[""67273.00000000"",""0.00000000""]],""e"":""depthUpdate"",""s"":""BTCUSDT"",""u"":101123532474}"
1791339074,869760100,spot,trade,0,0,70,BTCUSDT,"{""E"":1791339074809,""M"":true,""T"":1791339074808,""e"":""trade"",""m"":false,""p"":""84091.70000000"",""q"":""0.00010000"",""s"":""BTCUSDT"",""t"":6741319614}"
1791339074,874312500,spot,depth5,0,0,71,BTCUSDT,"{""asks"":[[""84091.70000000"",""4.25933000""],[""84091.82000000"",""0.00008000""],[""84092.27000000"",""0.00014000""],[""84092.28000000"",""0.04000000""],[""84092.40000000"",""0.00012000""]],""bids"":[[""84091.69000000"",""0.34554000""],[""84091.68000000"",""0.00049000""],[""84091.28000000"",""0.00008000""],[""84090.35000000"",""0.00014000""],[""84090.34000000"",""0.01272000""]],""lastUpdateId"":101123532484}"
1791339074,874600600,spot,depth_diff,0,0,72,BTCUSDT,"{""E"":1791339074814,""U"":101123532475,""a"":[[""84091.70000000"",""4.25933000""],[""84256.00000000"",""0.00006000""],[""84712.93000000"",""0.00000000""]],""b"":[[""84091.69000000"",""0.34554000""],[""67273.36000000"",""0.00203000""]],""e"":""depthUpdate"",""s"":""BTCUSDT"",""u"":101123532484}"
1791339074,960379700,spot,trade,0,0,73,BTCUSDT,"{""E"":1791339074894,""M"":true,""T"":1791339074894,""e"":""trade"",""m"":true,""p"":""84091.69000000"",""q"":""0.01850000"",""s"":""BTCUSDT"",""t"":6741319615}"
1791339074,960704300,spot,trade,0,0,74,BTCUSDT,"{""E"":1791339074894,""M"":true,""T"":1791339074894,""e"":""trade"",""m"":true,""p"":""84091.69000000"",""q"":""0.00763000"",""s"":""BTCUSDT"",""t"":6741319616}"
1791339074,960849100,spot,trade,0,0,75,BTCUSDT,"{""E"":1791339074894,""M"":true,""T"":1791339074894,""e"":""trade"",""m"":true,""p"":""84091.69000000"",""q"":""0.00021000"",""s"":""BTCUSDT"",""t"":6741319617}"
1791339074,961199600,spot,trade,0,0,76,BTCUSDT,"{""E"":1791339074894,""M"":true,""T"":1791339074894,""e"":""trade"",""m"":true,""p"":""84091.69000000"",""q"":""0.00554000"",""s"":""BTCUSDT"",""t"":6741319618}"
1791339074,961391300,spot,trade,0,0,77,BTCUSDT,"{""E"":1791339074894,""M"":true,""T"":1791339074894,""e"":""trade"",""m"":true,""p"":""84091.69000000"",""q"":""0.00007000"",""s"":""BTCUSDT"",""t"":6741319619}"
1791339074,961517000,spot,trade,0,0,78,BTCUSDT,"{""E"":1791339074894,""M"":true,""T"":1791339074894,""e"":""trade"",""m"":true,""p"":""84091.69000000"",""q"":""0.00007000"",""s"":""BTCUSDT"",""t"":6741319620}"
1791339074,961633200,spot,trade,0,0,79,BTCUSDT,"{""E"":1791339074894,""M"":true,""T"":1791339074894,""e"":""trade"",""m"":true,""p"":""84091.69000000"",""q"":""0.00007000"",""s"":""BTCUSDT"",""t"":6741319621}"
1791339074,961864700,spot,trade,0,0,80,BTCUSDT,"{""E"":1791339074894,""M"":true,""T"":1791339074894,""e"":""trade"",""m"":true,""p"":""84091.69000000"",""q"":""0.00007000"",""s"":""BTCUSDT"",""t"":6741319622}"
1791339074,962005200,spot,trade,0,0,81,BTCUSDT,"{""E"":1791339074894,""M"":true,""T"":1791339074894,""e"":""trade"",""m"":true,""p"":""84091.69000000"",""q"":""0.00007000"",""s"":""BTCUSDT"",""t"":6741319623}"
1791339074,962118100,spot,trade,0,0,82,BTCUSDT,"{""E"":1791339074894,""M"":true,""T"":1791339074894,""e"":""trade"",""m"":true,""p"":""84091.69000000"",""q"":""0.00006000"",""s"":""BTCUSDT"",""t"":6741319624}"
1791339074,962230900,spot,trade,0,0,83,BTCUSDT,"{""E"":1791339074894,""M"":true,""T"":1791339074894,""e"":""trade"",""m"":true,""p"":""84091.69000000"",""q"":""0.00006000"",""s"":""BTCUSDT"",""t"":6741319625}"
1791339074,962342900,spot,trade,0,0,84,BTCUSDT,"{""E"":1791339074894,""M"":true,""T"":1791339074894,""e"":""trade"",""m"":true,""p"":""84091.69000000"",""q"":""0.00006000"",""s"":""BTCUSDT"",""t"":6741319626}"
1791339074,962610100,spot,trade,0,0,85,BTCUSDT,"{""E"":1791339074894,""M"":true,""T"":1791339074894,""e"":""trade"",""m"":true,""p"":""84091.69000000"",""q"":""0.00006000"",""s"":""BTCUSDT"",""t"":6741319627}"
1791339074,962690300,spot,trade,0,0,86,BTCUSDT,"{""E"":1791339074894,""M"":true,""T"":1791339074894,""e"":""trade"",""m"":true,""p"":""84091.69000000"",""q"":""0.00006000"",""s"":""BTCUSDT"",""t"":6741319628}"
1791339074,962744900,spot,trade,0,0,87,BTCUSDT,"{""E"":1791339074894,""M"":true,""T"":1791339074894,""e"":""trade"",""m"":true,""p"":""84091.69000000"",""q"":""0.00006000"",""s"":""BTCUSDT"",""t"":6741319629}"
1791339074,962811000,spot,trade,0,0,88,BTCUSDT,"{""E"":1791339074894,""M"":true,""T"":1791339074894,""e"":""trade"",""m"":true,""p"":""84091.69000000"",""q"":""0.00007000"",""s"":""BTCUSDT"",""t"":6741319630}"
1791339074,962870100,spot,trade,0,0,89,BTCUSDT,"{""E"":1791339074894,""M"":true,""T"":1791339074894,""e"":""trade"",""m"":true,""p"":""84091.69000000"",""q"":""0.00007000"",""s"":""BTCUSDT"",""t"":6741319631}"
1791339074,962938300,spot,trade,0,0,90,BTCUSDT,"{""E"":1791339074894,""M"":true,""T"":1791339074894,""e"":""trade"",""m"":true,""p"":""84091.69000000"",""q"":""0.00006000"",""s"":""BTCUSDT"",""t"":6741319632}"
1791339074,962987800,spot,trade,0,0,91,BTCUSDT,"{""E"":1791339074894,""M"":true,""T"":1791339074894,""e"":""trade"",""m"":true,""p"":""84091.69000000"",""q"":""0.00006000"",""s"":""BTCUSDT"",""t"":6741319633}"
1791339074,963070500,spot,trade,0,0,92,BTCUSDT,"{""E"":1791339074894,""M"":true,""T"":1791339074894,""e"":""trade"",""m"":true,""p"":""84091.69000000"",""q"":""0.00006000"",""s"":""BTCUSDT"",""t"":6741319634}"
1791339074,963119700,spot,trade,0,0,93,BTCUSDT,"{""E"":1791339074894,""M"":true,""T"":1791339074894,""e"":""trade"",""m"":true,""p"":""84091.69000000"",""q"":""0.00006000"",""s"":""BTCUSDT"",""t"":6741319635}"
1791339074,963167900,spot,trade,0,0,94,BTCUSDT,"{""E"":1791339074894,""M"":true,""T"":1791339074894,""e"":""trade"",""m"":true,""p"":""84091.69000000"",""q"":""0.00006000"",""s"":""BTCUSDT"",""t"":6741319636}"
1791339074,963215400,spot,trade,0,0,95,BTCUSDT,"{""E"":1791339074894,""M"":true,""T"":1791339074894,""e"":""trade"",""m"":true,""p"":""84091.69000000"",""q"":""0.00007000"",""s"":""BTCUSDT"",""t"":6741319637}"
1791339074,963262800,spot,trade,0,0,96,BTCUSDT,"{""E"":1791339074894,""M"":true,""T"":1791339074894,""e"":""trade"",""m"":true,""p"":""84091.69000000"",""q"":""0.00010000"",""s"":""BTCUSDT"",""t"":6741319638}"
1791339074,963309300,spot,trade,0,0,97,BTCUSDT,"{""E"":1791339074894,""M"":true,""T"":1791339074894,""e"":""trade"",""m"":true,""p"":""84091.69000000"",""q"":""0.13570000"",""s"":""BTCUSDT"",""t"":6741319639}"
1791339074,963356400,spot,trade,0,0,98,BTCUSDT,"{""E"":1791339074894,""M"":true,""T"":1791339074894,""e"":""trade"",""m"":true,""p"":""84091.69000000"",""q"":""0.00006000"",""s"":""BTCUSDT"",""t"":6741319640}"
1791339074,963408100,spot,trade,0,0,99,BTCUSDT,"{""E"":1791339074894,""M"":true,""T"":1791339074894,""e"":""trade"",""m"":true,""p"":""84091.69000000"",""q"":""0.00007000"",""s"":""BTCUSDT"",""t"":6741319641}"
1791339074,963456200,spot,trade,0,0,100,BTCUSDT,"{""E"":1791339074894,""M"":true,""T"":1791339074894,""e"":""trade"",""m"":true,""p"":""84091.69000000"",""q"":""0.00048000"",""s"":""BTCUSDT"",""t"":6741319642}"
1791339074,963504100,spot,trade,0,0,101,BTCUSDT,"{""E"":1791339074894,""M"":true,""T"":1791339074894,""e"":""trade"",""m"":true,""p"":""84091.69000000"",""q"":""0.17596000"",""s"":""BTCUSDT"",""t"":6741319643}"
1791339074,963550300,spot,trade,0,0,102,BTCUSDT,"{""E"":1791339074894,""M"":true,""T"":1791339074894,""e"":""trade"",""m"":true,""p"":""84091.69000000"",""q"":""0.00203000"",""s"":""BTCUSDT"",""t"":6741319644}"
1791339074,963596900,spot,trade,0,0,103,BTCUSDT,"{""E"":1791339074894,""M"":true,""T"":1791339074894,""e"":""trade"",""m"":true,""p"":""84091.69000000"",""q"":""0.00204000"",""s"":""BTCUSDT"",""t"":6741319645}"
1791339074,963643500,spot,trade,0,0,104,BTCUSDT,"{""E"":1791339074894,""M"":true,""T"":1791339074894,""e"":""trade"",""m"":true,""p"":""84091.69000000"",""q"":""0.00060000"",""s"":""BTCUSDT"",""t"":6741319646}"
1791339074,963690000,spot,trade,0,0,105,BTCUSDT,"{""E"":1791339074894,""M"":true,""T"":1791339074894,""e"":""trade"",""m"":true,""p"":""84091.69000000"",""q"":""0.01190000"",""s"":""BTCUSDT"",""t"":6741319647}"
1791339074,963736500,spot,trade,0,0,106,BTCUSDT,"{""E"":1791339074894,""M"":true,""T"":1791339074894,""e"":""trade"",""m"":true,""p"":""84091.69000000"",""q"":""0.00059000"",""s"":""BTCUSDT"",""t"":6741319648}"
1791339074,963799900,spot,trade,0,0,107,BTCUSDT,"{""E"":1791339074894,""M"":true,""T"":1791339074894,""e"":""trade"",""m"":true,""p"":""84091.69000000"",""q"":""0.03104000"",""s"":""BTCUSDT"",""t"":6741319649}"
1791339074,963859300,spot,trade,0,0,108,BTCUSDT,"{""E"":1791339074894,""M"":true,""T"":1791339074894,""e"":""trade"",""m"":true,""p"":""84091.69000000"",""q"":""0.00010000"",""s"":""BTCUSDT"",""t"":6741319650}"
1791339074,963910000,spot,trade,0,0,109,BTCUSDT,"{""E"":1791339074894,""M"":true,""T"":1791339074894,""e"":""trade"",""m"":true,""p"":""84091.69000000"",""q"":""0.00150000"",""s"":""BTCUSDT"",""t"":6741319651}"
1791339074,963956900,spot,trade,0,0,110,BTCUSDT,"{""E"":1791339074894,""M"":true,""T"":1791339074894,""e"":""trade"",""m"":true,""p"":""84091.69000000"",""q"":""0.00007000"",""s"":""BTCUSDT"",""t"":6741319652}"
1791339074,964003100,spot,trade,0,0,111,BTCUSDT,"{""E"":1791339074894,""M"":true,""T"":1791339074894,""e"":""trade"",""m"":true,""p"":""84091.69000000"",""q"":""0.00006000"",""s"":""BTCUSDT"",""t"":6741319653}"
1791339074,964049700,spot,trade,0,0,112,BTCUSDT,"{""E"":1791339074894,""M"":true,""T"":1791339074894,""e"":""trade"",""m"":true,""p"":""84091.69000000"",""q"":""0.00007000"",""s"":""BTCUSDT"",""t"":6741319654}"
1791339074,964096400,spot,trade,0,0,113,BTCUSDT,"{""E"":1791339074894,""M"":true,""T"":1791339074894,""e"":""trade"",""m"":true,""p"":""84091.69000000"",""q"":""0.00006000"",""s"":""BTCUSDT"",""t"":6741319655}"
1791339074,964142600,spot,trade,0,0,114,BTCUSDT,"{""E"":1791339074894,""M"":true,""T"":1791339074894,""e"":""trade"",""m"":true,""p"":""84091.69000000"",""q"":""0.00006000"",""s"":""BTCUSDT"",""t"":6741319656}"
1791339074,964189200,spot,trade,0,0,115,BTCUSDT,"{""E"":1791339074895,""M"":true,""T"":1791339074894,""e"":""trade"",""m"":true,""p"":""84091.69000000"",""q"":""0.00006000"",""s"":""BTCUSDT"",""t"":6741319657}"
1791339074,964236500,spot,trade,0,0,116,BTCUSDT,"{""E"":1791339074895,""M"":true,""T"":1791339074894,""e"":""trade"",""m"":true,""p"":""84091.69000000"",""q"":""0.00006000"",""s"":""BTCUSDT"",""t"":6741319658}"
1791339074,964287200,spot,trade,0,0,117,BTCUSDT,"{""E"":1791339074895,""M"":true,""T"":1791339074894,""e"":""trade"",""m"":true,""p"":""84091.69000000"",""q"":""0.00006000"",""s"":""BTCUSDT"",""t"":6741319659}"
1791339074,964335000,spot,trade,0,0,118,BTCUSDT,"{""E"":1791339074895,""M"":true,""T"":1791339074894,""e"":""trade"",""m"":true,""p"":""84091.69000000"",""q"":""0.00006000"",""s"":""BTCUSDT"",""t"":6741319660}"
1791339074,964382400,spot,trade,0,0,119,BTCUSDT,"{""E"":1791339074895,""M"":true,""T"":1791339074894,""e"":""trade"",""m"":true,""p"":""84091.69000000"",""q"":""0.00006000"",""s"":""BTCUSDT"",""t"":6741319661}"
1791339074,964429500,spot,trade,0,0,120,BTCUSDT,"{""E"":1791339074895,""M"":true,""T"":1791339074894,""e"":""trade"",""m"":true,""p"":""84091.69000000"",""q"":""0.00006000"",""s"":""BTCUSDT"",""t"":6741319662}"
1791339074,964476500,spot,trade,0,0,121,BTCUSDT,"{""E"":1791339074895,""M"":true,""T"":1791339074894,""e"":""trade"",""m"":true,""p"":""84091.69000000"",""q"":""0.00006000"",""s"":""BTCUSDT"",""t"":6741319663}"
1791339074,964523000,spot,trade,0,0,122,BTCUSDT,"{""E"":1791339074895,""M"":true,""T"":1791339074894,""e"":""trade"",""m"":true,""p"":""84091.69000000"",""q"":""0.00006000"",""s"":""BTCUSDT"",""t"":6741319664}"
1791339074,964569600,spot,trade,0,0,123,BTCUSDT,"{""E"":1791339074895,""M"":true,""T"":1791339074894,""e"":""trade"",""m"":true,""p"":""84091.69000000"",""q"":""0.00006000"",""s"":""BTCUSDT"",""t"":6741319665}"
1791339074,964615800,spot,trade,0,0,124,BTCUSDT,"{""E"":1791339074895,""M"":true,""T"":1791339074894,""e"":""trade"",""m"":true,""p"":""84091.69000000"",""q"":""0.00006000"",""s"":""BTCUSDT"",""t"":6741319666}"
1791339074,964661600,spot,trade,0,0,125,BTCUSDT,"{""E"":1791339074895,""M"":true,""T"":1791339074894,""e"":""trade"",""m"":true,""p"":""84091.69000000"",""q"":""0.00006000"",""s"":""BTCUSDT"",""t"":6741319667}"
1791339074,964711200,spot,trade,0,0,126,BTCUSDT,"{""E"":1791339074895,""M"":true,""T"":1791339074894,""e"":""trade"",""m"":true,""p"":""84091.69000000"",""q"":""0.00006000"",""s"":""BTCUSDT"",""t"":6741319668}"
1791339074,964765900,spot,trade,0,0,127,BTCUSDT,"{""E"":1791339074895,""M"":true,""T"":1791339074894,""e"":""trade"",""m"":true,""p"":""84091.69000000"",""q"":""0.00006000"",""s"":""BTCUSDT"",""t"":6741319669}"
1791339074,964817800,spot,trade,0,0,128,BTCUSDT,"{""E"":1791339074895,""M"":true,""T"":1791339074894,""e"":""trade"",""m"":true,""p"":""84091.69000000"",""q"":""0.00006000"",""s"":""BTCUSDT"",""t"":6741319670}"
1791339074,964865700,spot,trade,0,0,129,BTCUSDT,"{""E"":1791339074895,""M"":true,""T"":1791339074894,""e"":""trade"",""m"":true,""p"":""84091.69000000"",""q"":""0.00006000"",""s"":""BTCUSDT"",""t"":6741319671}"
1791339074,964913200,spot,trade,0,0,130,BTCUSDT,"{""E"":1791339074895,""M"":true,""T"":1791339074894,""e"":""trade"",""m"":true,""p"":""84091.69000000"",""q"":""0.00006000"",""s"":""BTCUSDT"",""t"":6741319672}"
1791339074,964959600,spot,trade,0,0,131,BTCUSDT,"{""E"":1791339074895,""M"":true,""T"":1791339074894,""e"":""trade"",""m"":true,""p"":""84091.69000000"",""q"":""0.00006000"",""s"":""BTCUSDT"",""t"":6741319673}"
1791339074,965006600,spot,trade,0,0,132,BTCUSDT,"{""E"":1791339074895,""M"":true,""T"":1791339074894,""e"":""trade"",""m"":true,""p"":""84091.69000000"",""q"":""0.00006000"",""s"":""BTCUSDT"",""t"":6741319674}"
1791339074,965081000,spot,trade,0,0,133,BTCUSDT,"{""E"":1791339074895,""M"":true,""T"":1791339074894,""e"":""trade"",""m"":true,""p"":""84091.69000000"",""q"":""0.00006000"",""s"":""BTCUSDT"",""t"":6741319675}"
1791339074,965129500,spot,trade,0,0,134,BTCUSDT,"{""E"":1791339074895,""M"":true,""T"":1791339074894,""e"":""trade"",""m"":true,""p"":""84091.69000000"",""q"":""0.00006000"",""s"":""BTCUSDT"",""t"":6741319676}"
1791339074,965181000,spot,trade,0,0,135,BTCUSDT,"{""E"":1791339074895,""M"":true,""T"":1791339074894,""e"":""trade"",""m"":true,""p"":""84091.69000000"",""q"":""0.00006000"",""s"":""BTCUSDT"",""t"":6741319677}"
1791339074,965230000,spot,trade,0,0,136,BTCUSDT,"{""E"":1791339074895,""M"":true,""T"":1791339074894,""e"":""trade"",""m"":true,""p"":""84091.69000000"",""q"":""0.00006000"",""s"":""BTCUSDT"",""t"":6741319678}"
1791339074,965277200,spot,trade,0,0,137,BTCUSDT,"{""E"":1791339074895,""M"":true,""T"":1791339074894,""e"":""trade"",""m"":true,""p"":""84091.69000000"",""q"":""0.00006000"",""s"":""BTCUSDT"",""t"":6741319679}"
1791339074,965324000,spot,trade,0,0,138,BTCUSDT,"{""E"":1791339074895,""M"":true,""T"":1791339074894,""e"":""trade"",""m"":true,""p"":""84091.69000000"",""q"":""0.00006000"",""s"":""BTCUSDT"",""t"":6741319680}"
1791339074,965370900,spot,trade,0,0,139,BTCUSDT,"{""E"":1791339074895,""M"":true,""T"":1791339074894,""e"":""trade"",""m"":true,""p"":""84091.69000000"",""q"":""0.00006000"",""s"":""BTCUSDT"",""t"":6741319681}"
1791339074,965431700,spot,trade,0,0,140,BTCUSDT,"{""E"":1791339074895,""M"":true,""T"":1791339074894,""e"":""trade"",""m"":true,""p"":""84091.69000000"",""q"":""0.00006000"",""s"":""BTCUSDT"",""t"":6741319682}"
1791339074,965688900,spot,trade,0,0,141,BTCUSDT,"{""E"":1791339074895,""M"":true,""T"":1791339074894,""e"":""trade"",""m"":true,""p"":""84091.69000000"",""q"":""0.00006000"",""s"":""BTCUSDT"",""t"":6741319683}"
1791339074,966000700,spot,trade,0,0,142,BTCUSDT,"{""E"":1791339074895,""M"":true,""T"":1791339074894,""e"":""trade"",""m"":true,""p"":""84091.69000000"",""q"":""0.00006000"",""s"":""BTCUSDT"",""t"":6741319684}"
1791339074,966118200,spot,trade,0,0,143,BTCUSDT,"{""E"":1791339074895,""M"":true,""T"":1791339074894,""e"":""trade"",""m"":true,""p"":""84091.69000000"",""q"":""0.00006000"",""s"":""BTCUSDT"",""t"":6741319685}"
1791339074,966262800,spot,trade,0,0,144,BTCUSDT,"{""E"":1791339074895,""M"":true,""T"":1791339074894,""e"":""trade"",""m"":true,""p"":""84091.69000000"",""q"":""0.00006000"",""s"":""BTCUSDT"",""t"":6741319686}"
1791339074,966387500,spot,trade,0,0,145,BTCUSDT,"{""E"":1791339074895,""M"":true,""T"":1791339074894,""e"":""trade"",""m"":true,""p"":""84091.69000000"",""q"":""0.00006000"",""s"":""BTCUSDT"",""t"":6741319687}"
1791339074,966484000,spot,trade,0,0,146,BTCUSDT,"{""E"":1791339074895,""M"":true,""T"":1791339074894,""e"":""trade"",""m"":true,""p"":""84091.69000000"",""q"":""0.00006000"",""s"":""BTCUSDT"",""t"":6741319688}"
1791339074,966544400,spot,trade,0,0,147,BTCUSDT,"{""E"":1791339074895,""M"":true,""T"":1791339074894,""e"":""trade"",""m"":true,""p"":""84091.69000000"",""q"":""0.00006000"",""s"":""BTCUSDT"",""t"":6741319689}"
1791339074,966593400,spot,trade,0,0,148,BTCUSDT,"{""E"":1791339074895,""M"":true,""T"":1791339074894,""e"":""trade"",""m"":true,""p"":""84091.69000000"",""q"":""0.00006000"",""s"":""BTCUSDT"",""t"":6741319690}"
1791339074,966641100,spot,trade,0,0,149,BTCUSDT,"{""E"":1791339074895,""M"":true,""T"":1791339074894,""e"":""trade"",""m"":true,""p"":""84091.69000000"",""q"":""0.00006000"",""s"":""BTCUSDT"",""t"":6741319691}"
1791339074,966688200,spot,trade,0,0,150,BTCUSDT,"{""E"":1791339074895,""M"":true,""T"":1791339074894,""e"":""trade"",""m"":true,""p"":""84091.69000000"",""q"":""0.00006000"",""s"":""BTCUSDT"",""t"":6741319692}"
1791339074,966761600,spot,trade,0,0,151,BTCUSDT,"{""E"":1791339074895,""M"":true,""T"":1791339074894,""e"":""trade"",""m"":true,""p"":""84091.69000000"",""q"":""0.00006000"",""s"":""BTCUSDT"",""t"":6741319693}"
1791339074,966857000,spot,trade,0,0,152,BTCUSDT,"{""E"":1791339074895,""M"":true,""T"":1791339074894,""e"":""trade"",""m"":true,""p"":""84091.69000000"",""q"":""0.00006000"",""s"":""BTCUSDT"",""t"":6741319694}"
1791339074,966937700,spot,trade,0,0,153,BTCUSDT,"{""E"":1791339074895,""M"":true,""T"":1791339074894,""e"":""trade"",""m"":true,""p"":""84091.69000000"",""q"":""0.00006000"",""s"":""BTCUSDT"",""t"":6741319695}"
1791339074,966988500,spot,trade,0,0,154,BTCUSDT,"{""E"":1791339074895,""M"":true,""T"":1791339074894,""e"":""trade"",""m"":true,""p"":""84091.69000000"",""q"":""0.00006000"",""s"":""BTCUSDT"",""t"":6741319696}"
1791339074,967036000,spot,trade,0,0,155,BTCUSDT,"{""E"":1791339074895,""M"":true,""T"":1791339074894,""e"":""trade"",""m"":true,""p"":""84091.69000000"",""q"":""0.00006000"",""s"":""BTCUSDT"",""t"":6741319697}"
1791339074,967083100,spot,trade,0,0,156,BTCUSDT,"{""E"":1791339074895,""M"":true,""T"":1791339074894,""e"":""trade"",""m"":true,""p"":""84091.69000000"",""q"":""0.00006000"",""s"":""BTCUSDT"",""t"":6741319698}"
1791339074,967129300,spot,trade,0,0,157,BTCUSDT,"{""E"":1791339074895,""M"":true,""T"":1791339074894,""e"":""trade"",""m"":true,""p"":""84091.69000000"",""q"":""0.00006000"",""s"":""BTCUSDT"",""t"":6741319699}"
1791339074,967208900,spot,trade,0,0,158,BTCUSDT,"{""E"":1791339074895,""M"":true,""T"":1791339074894,""e"":""trade"",""m"":true,""p"":""84091.69000000"",""q"":""0.00006000"",""s"":""BTCUSDT"",""t"":6741319700}"
1791339074,967262200,spot,trade,0,0,159,BTCUSDT,"{""E"":1791339074895,""M"":true,""T"":1791339074894,""e"":""trade"",""m"":true,""p"":""84091.68000000"",""q"":""0.00007000"",""s"":""BTCUSDT"",""t"":6741319701}"
1791339074,967310100,spot,trade,0,0,160,BTCUSDT,"{""E"":1791339074895,""M"":true,""T"":1791339074894,""e"":""trade"",""m"":true,""p"":""84091.68000000"",""q"":""0.00007000"",""s"":""BTCUSDT"",""t"":6741319702}"
1791339074,967368000,spot,trade,0,0,161,BTCUSDT,"{""E"":1791339074895,""M"":true,""T"":1791339074894,""e"":""trade"",""m"":true,""p"":""84091.68000000"",""q"":""0.00007000"",""s"":""BTCUSDT"",""t"":6741319703}"
1791339074,967451900,spot,trade,0,0,162,BTCUSDT,"{""E"":1791339074895,""M"":true,""T"":1791339074894,""e"":""trade"",""m"":true,""p"":""84091.68000000"",""q"":""0.00007000"",""s"":""BTCUSDT"",""t"":6741319704}"
1791339074,967507500,spot,trade,0,0,163,BTCUSDT,"{""E"":1791339074895,""M"":true,""T"":1791339074894,""e"":""trade"",""m"":true,""p"":""84091.68000000"",""q"":""0.00007000"",""s"":""BTCUSDT"",""t"":6741319705}"
1791339074,967556400,spot,trade,0,0,164,BTCUSDT,"{""E"":1791339074895,""M"":true,""T"":1791339074894,""e"":""trade"",""m"":true,""p"":""84091.68000000"",""q"":""0.00007000"",""s"":""BTCUSDT"",""t"":6741319706}"
1791339074,967615100,spot,trade,0,0,165,BTCUSDT,"{""E"":1791339074895,""M"":true,""T"":1791339074894,""e"":""trade"",""m"":true,""p"":""84091.68000000"",""q"":""0.00007000"",""s"":""BTCUSDT"",""t"":6741319707}"
1791339074,967704300,spot,trade,0,0,166,BTCUSDT,"{""E"":1791339074895,""M"":true,""T"":1791339074894,""e"":""trade"",""m"":true,""p"":""84091.68000000"",""q"":""0.00007000"",""s"":""BTCUSDT"",""t"":6741319708}"
1791339074,967827300,spot,trade,0,0,167,BTCUSDT,"{""E"":1791339074895,""M"":true,""T"":1791339074894,""e"":""trade"",""m"":true,""p"":""84091.28000000"",""q"":""0.00008000"",""s"":""BTCUSDT"",""t"":6741319709}"
1791339075,6747900,spot,trade,0,0,168,BTCUSDT,"{""E"":1791339074895,""M"":true,""T"":1791339074894,""e"":""trade"",""m"":true,""p"":""84090.35000000"",""q"":""0.00007000"",""s"":""BTCUSDT"",""t"":6741319710}"
1791339075,6879100,spot,trade,0,0,169,BTCUSDT,"{""E"":1791339074895,""M"":true,""T"":1791339074894,""e"":""trade"",""m"":true,""p"":""84090.35000000"",""q"":""0.00007000"",""s"":""BTCUSDT"",""t"":6741319711}"
1791339075,6938200,spot,trade,0,0,170,BTCUSDT,"{""E"":1791339074895,""M"":true,""T"":1791339074894,""e"":""trade"",""m"":true,""p"":""84090.35000000"",""q"":""0.00007000"",""s"":""BTCUSDT"",""t"":6741319712}"
1791339075,6990000,spot,trade,0,0,171,BTCUSDT,"{""E"":1791339074895,""M"":true,""T"":1791339074894,""e"":""trade"",""m"":true,""p"":""84090.34000000"",""q"":""0.01272000"",""s"":""BTCUSDT"",""t"":6741319713}"
1791339075,7037700,spot,trade,0,0,172,BTCUSDT,"{""E"":1791339074895,""M"":true,""T"":1791339074894,""e"":""trade"",""m"":true,""p"":""84090.33000000"",""q"":""0.00007000"",""s"":""BTCUSDT"",""t"":6741319714}"
1791339075,7085400,spot,trade,0,0,173,BTCUSDT,"{""E"":1791339074895,""M"":true,""T"":1791339074894,""e"":""trade"",""m"":true,""p"":""84089.40000000"",""q"":""0.00200000"",""s"":""BTCUSDT"",""t"":6741319715}"
1791339075,7132700,spot,trade,0,0,174,BTCUSDT,"{""E"":1791339074895,""M"":true,""T"":1791339074894,""e"":""trade"",""m"":true,""p"":""84089.00000000"",""q"":""0.00007000"",""s"":""BTCUSDT"",""t"":6741319716}"
1791339075,7180900,spot,trade,0,0,175,BTCUSDT,"{""E"":1791339074895,""M"":true,""T"":1791339074894,""e"":""trade"",""m"":true,""p"":""84089.00000000"",""q"":""0.00007000"",""s"":""BTCUSDT"",""t"":6741319717}"
1791339075,7228400,spot,trade,0,0,176,BTCUSDT,"{""E"":1791339074895,""M"":true,""T"":1791339074894,""e"":""trade"",""m"":true,""p"":""84089.00000000"",""q"":""0.00007000"",""s"":""BTCUSDT"",""t"":6741319718}"
1791339075,7281500,spot,trade,0,0,177,BTCUSDT,"{""E"":1791339074895,""M"":true,""T"":1791339074894,""e"":""trade"",""m"":true,""p"":""84088.99000000"",""q"":""0.01526000"",""s"":""BTCUSDT"",""t"":6741319719}"
1791339075,7330400,spot,trade,0,0,178,BTCUSDT,"{""E"":1791339074895,""M"":true,""T"":1791339074894,""e"":""trade"",""m"":true,""p"":""84088.75000000"",""q"":""0.00006000"",""s"":""BTCUSDT"",""t"":6741319720}"
1791339075,7376800,spot,trade,0,0,179,BTCUSDT,"{""E"":1791339074895,""M"":true,""T"":1791339074894,""e"":""trade"",""m"":true,""p"":""84088.75000000"",""q"":""0.00006000"",""s"":""BTCUSDT"",""t"":6741319721}"
1791339075,7423700,spot,trade,0,0,180,BTCUSDT,"{""E"":1791339074895,""M"":true,""T"":1791339074894,""e"":""trade"",""m"":true,""p"":""84088.75000000"",""q"":""0.00006000"",""s"":""BTCUSDT"",""t"":6741319722}"
1791339075,7471100,spot,trade,0,0,181,BTCUSDT,"{""E"":1791339074895,""M"":true,""T"":1791339074894,""e"":""trade"",""m"":true,""p"":""84088.75000000"",""q"":""0.00006000"",""s"":""BTCUSDT"",""t"":6741319723}"
1791339075,7517600,spot,trade,0,0,182,BTCUSDT,"{""E"":1791339074895,""M"":true,""T"":1791339074894,""e"":""trade"",""m"":true,""p"":""84088.75000000"",""q"":""0.00006000"",""s"":""BTCUSDT"",""t"":6741319724}"
1791339075,7564100,spot,trade,0,0,183,BTCUSDT,"{""E"":1791339074895,""M"":true,""T"":1791339074894,""e"":""trade"",""m"":true,""p"":""84088.25000000"",""q"":""0.00007000"",""s"":""BTCUSDT"",""t"":6741319725}"
1791339075,7610800,spot,trade,0,0,184,BTCUSDT,"{""E"":1791339074895,""M"":true,""T"":1791339074894,""e"":""trade"",""m"":true,""p"":""84088.14000000"",""q"":""0.00006000"",""s"":""BTCUSDT"",""t"":6741319726}"
1791339075,7673700,spot,trade,0,0,185,BTCUSDT,"{""E"":1791339074895,""M"":true,""T"":1791339074894,""e"":""trade"",""m"":true,""p"":""84088.14000000"",""q"":""0.00032000"",""s"":""BTCUSDT"",""t"":6741319727}"
1791339075,7735200,spot,trade,0,0,186,BTCUSDT,"{""E"":1791339074895,""M"":true,""T"":1791339074894,""e"":""trade"",""m"":true,""p"":""84088.14000000"",""q"":""0.00006000"",""s"":""BTCUSDT"",""t"":6741319728}"
1791339075,7785700,spot,trade,0,0,187,BTCUSDT,"{""E"":1791339074895,""M"":true,""T"":1791339074894,""e"":""trade"",""m"":true,""p"":""84087.77000000"",""q"":""0.00024000"",""s"":""BTCUSDT"",""t"":6741319729}"
1791339075,7833300,spot,trade,0,0,188,BTCUSDT,"{""E"":1791339074895,""M"":true,""T"":1791339074894,""e"":""trade"",""m"":true,""p"":""84087.68000000"",""q"":""0.00006000"",""s"":""BTCUSDT"",""t"":6741319730}"
1791339075,7880500,spot,trade,0,0,189,BTCUSDT,"{""E"":1791339074895,""M"":true,""T"":1791339074894,""e"":""trade"",""m"":true,""p"":""84087.68000000"",""q"":""0.00006000"",""s"":""BTCUSDT"",""t"":6741319731}"
1791339075,7927400,spot,trade,0,0,190,BTCUSDT,"{""E"":1791339074895,""M"":true,""T"":1791339074894,""e"":""trade"",""m"":true,""p"":""84087.68000000"",""q"":""0.00006000"",""s"":""BTCUSDT"",""t"":6741319732}"
1791339075,7974900,spot,trade,0,0,191,BTCUSDT,"{""E"":1791339074895,""M"":true,""T"":1791339074894,""e"":""trade"",""m"":true,""p"":""84087.68000000"",""q"":""0.00006000"",""s"":""BTCUSDT"",""t"":6741319733}"
1791339075,8022400,spot,trade,0,0,192,BTCUSDT,"{""E"":1791339074895,""M"":true,""T"":1791339074894,""e"":""trade"",""m"":true,""p"":""84087.68000000"",""q"":""0.00006000"",""s"":""BTCUSDT"",""t"":6741319734}"
1791339075,8069100,spot,trade,0,0,193,BTCUSDT,"{""E"":1791339074895,""M"":true,""T"":1791339074894,""e"":""trade"",""m"":true,""p"":""84087.66000000"",""q"":""0.00007000"",""s"":""BTCUSDT"",""t"":6741319735}"
1791339075,8116000,spot,trade,0,0,194,BTCUSDT,"{""E"":1791339074895,""M"":true,""T"":1791339074894,""e"":""trade"",""m"":true,""p"":""84087.66000000"",""q"":""0.00007000"",""s"":""BTCUSDT"",""t"":6741319736}"
1791339075,8166600,spot,trade,0,0,195,BTCUSDT,"{""E"":1791339074895,""M"":true,""T"":1791339074894,""e"":""trade"",""m"":true,""p"":""84087.66000000"",""q"":""0.00007000"",""s"":""BTCUSDT"",""t"":6741319737}"
1791339075,8215100,spot,trade,0,0,196,BTCUSDT,"{""E"":1791339074895,""M"":true,""T"":1791339074894,""e"":""trade"",""m"":true,""p"":""84087.65000000"",""q"":""0.01526000"",""s"":""BTCUSDT"",""t"":6741319738}"
1791339075,8262000,spot,trade,0,0,197,BTCUSDT,"{""E"":1791339074895,""M"":true,""T"":1791339074894,""e"":""trade"",""m"":true,""p"":""84087.17000000"",""q"":""0.00007000"",""s"":""BTCUSDT"",""t"":6741319739}"
1791339075,8310200,spot,trade,0,0,198,BTCUSDT,"{""E"":1791339074895,""M"":true,""T"":1791339074894,""e"":""trade"",""m"":true,""p"":""84087.17000000"",""q"":""0.00007000"",""s"":""BTCUSDT"",""t"":6741319740}"
1791339075,8393000,spot,trade,0,0,199,BTCUSDT,"{""E"":1791339074895,""M"":true,""T"":1791339074894,""e"":""trade"",""m"":true,""p"":""84087.17000000"",""q"":""0.00007000"",""s"":""BTCUSDT"",""t"":6741319741}"
1791339075,8668400,spot,trade,0,0,200,BTCUSDT,"{""E"":1791339074895,""M"":true,""T"":1791339074894,""e"":""trade"",""m"":true,""p"":""84087.16000000"",""q"":""0.07069000"",""s"":""BTCUSDT"",""t"":6741319742}"
1791339075,8917300,spot,trade,0,0,201,BTCUSDT,"{""E"":1791339074895,""M"":true,""T"":1791339074894,""e"":""trade"",""m"":true,""p"":""84086.57000000"",""q"":""0.00007000"",""s"":""BTCUSDT"",""t"":6741319743}"
1791339075,9138600,spot,trade,0,0,202,BTCUSDT,"{""E"":1791339074895,""M"":true,""T"":1791339074894,""e"":""trade"",""m"":true,""p"":""84086.57000000"",""q"":""0.00007000"",""s"":""BTCUSDT"",""t"":6741319744}"
1791339075,9341600,spot,trade,0,0,203,BTCUSDT,"{""E"":1791339074895,""M"":true,""T"":1791339074894,""e"":""trade"",""m"":true,""p"":""84086.57000000"",""q"":""0.00007000"",""s"":""BTCUSDT"",""t"":6741319745}"
1791339075,9473900,spot,trade,0,0,204,BTCUSDT,"{""E"":1791339074895,""M"":true,""T"":1791339074894,""e"":""trade"",""m"":true,""p"":""84086.56000000"",""q"":""0.15946000"",""s"":""BTCUSDT"",""t"":6741319746}"
1791339075,9613000,spot,trade,0,0,205,BTCUSDT,"{""E"":1791339074895,""M"":true,""T"":1791339074894,""e"":""trade"",""m"":true,""p"":""84086.55000000"",""q"":""0.32119000"",""s"":""BTCUSDT"",""t"":6741319747}"
1791339075,9767700,spot,trade,0,0,206,BTCUSDT,"{""E"":1791339074895,""M"":true,""T"":1791339074894,""e"":""trade"",""m"":true,""p"":""84086.55000000"",""q"":""0.00006000"",""s"":""BTCUSDT"",""t"":6741319748}"
1791339075,9927400,spot,trade,0,0,207,BTCUSDT,"{""E"":1791339074895,""M"":true,""T"":1791339074894,""e"":""trade"",""m"":true,""p"":""84086.55000000"",""q"":""0.00006000"",""s"":""BTCUSDT"",""t"":6741319749}"
1791339075,10034400,spot,trade,0,0,208,BTCUSDT,"{""E"":1791339074895,""M"":true,""T"":1791339074894,""e"":""trade"",""m"":true,""p"":""84086.55000000"",""q"":""0.00006000"",""s"":""BTCUSDT"",""t"":6741319750}"
1791339075,10168500,spot,trade,0,0,209,BTCUSDT,"{""E"":1791339074895,""M"":true,""T"":1791339074894,""e"":""trade"",""m"":true,""p"":""84086.55000000"",""q"":""0.00006000"",""s"":""BTCUSDT"",""t"":6741319751}"
1791339075,10282800,spot,trade,0,0,210,BTCUSDT,"{""E"":1791339074895,""M"":true,""T"":1791339074894,""e"":""trade"",""m"":true,""p"":""84086.55000000"",""q"":""0.00006000"",""s"":""BTCUSDT"",""t"":6741319752}"
1791339075,10384000,spot,trade,0,0,211,BTCUSDT,"{""E"":1791339074895,""M"":true,""T"":1791339074894,""e"":""trade"",""m"":true,""p"":""84085.41000000"",""q"":""0.00178000"",""s"":""BTCUSDT"",""t"":6741319753}"
1791339075,10590700,spot,trade,0,0,212,BTCUSDT,"{""E"":1791339074909,""M"":true,""T"":1791339074908,""e"":""trade"",""m"":false,""p"":""84085.42000000"",""q"":""0.00010000"",""s"":""BTCUSDT"",""t"":6741319754}"
1791339075,10927700,spot,depth5,0,0,213,BTCUSDT,"{""asks"":[[""84085.42000000"",""4.27258000""],[""84086.07000000"",""0.02908000""],[""84088.14000000"",""0.00006000""],[""84089.26000000"",""0.00008000""],[""84089.41000000"",""0.19670000""]],""bids"":[[""84085.41000000"",""1.31826000""],[""84085.40000000"",""0.00042000""],[""84084.60000000"",""0.00066000""],[""84084.59000000"",""0.00006000""],[""84083.90000000"",""0.00006000""]],""lastUpdateId"":101123532796}"
1791339075,12249900,spot,depth_diff,0,0,214,BTCUSDT,"{""E"":1791339074914,""U"":101123532485,""a"":[[""84085.42000000"",""4.27258000""],[""84086.07000000"",""0.02908000""],[""84086.56000000"",""0.00000000""],[""84086.57000000"",""0.00000000""],[""84087.17000000"",""0.00000000""],[""84087.66000000"",""0.00000000""],[""84088.14000000"",""0.00006000""],[""84088.56000000"",""0.00000000""],[""84088.97000000"",""0.00000000""],[""84089.00000000"",""0.00000000""],[""84089.26000000"",""0.00008000""],[""84089.41000000"",""0.19670000""],[""84090.01000000"",""0.00200000""],[""84090.35000000"",""0.00000000""],[""84091.69000000"",""0.07514000""],[""84091.70000000"",""1.93094000""],[""84091.82000000"",""0.00000000""],[""84092.27000000"",""0.00000000""],[""84092.61000000"",""0.00000000""],[""84092.62000000"",""0.11446000""],[""84093.01000000"",""0.00000000""],[""84093.66000000"",""0.00200000""],[""84093.83000000"",""0.00007000""],[""84094.82000000"",""0.00000000""],[""84096.92000000"",""0.33612000""],[""84097.32000000"",""0.00000000""],[""84098.27000000"",""0.00000000""],[""84098.76000000"",""0.00000000""],[""84100.77000000"",""0.00200000""],[""84101.03000000"",""0.00200000""],[""84101.16000000"",""0.20333000""],[""84105.87000000"",""0.00000000""],[""84111.73000000"",""0.00000000""],[""84114.37000000"",""0.00000000""],[""84130.74000000"",""0.00006000""],[""84131.88000000"",""0.00006000""],[""84131.93000000"",""0.01057000""],[""84148.79000000"",""0.00000000""],[""84176.88000000"",""0.00000000""],[""84176.91000000"",""0.00000000""],[""84269.98000000"",""0.00000000""],[""84319.14000000"",""0.00000000""],[""84825.91000000"",""0.00300000""]],""b"":[[""84091.69000000"",""0.00000000""],[""84091.68000000"",""0.00000000""],[""84091.28000000"",""0.00000000""],[""84090.35000000"",""0.00000000""],[""84090.34000000"",""0.00000000""],[""84090.33000000"",""0.00000000""],[""84089.40000000"",""0.00000000""],[""84089.00000000"",""0.00000000""],[""84088.99000000"",""0.00000000""],[""84088.75000000"",""0.00000000""],[""84088.25000000"",""0.00000000""],[""84088.14000000"",""0.00000000""],[""84087.77000000"",""0.00000000""],[""84087.68000000"",""0.00000000""],[""84087.66000000"",""0.00000000""],[""84087.65000000"",""0.00000000""],[""84087.17000000"",""0.00000000""],[""84087.16000000"",""0.00000000""],[""84086.57000000"",""0.00000000""],[""84086.56000000"",""0.00000000""],[""84086.55000000"",""0.00000000""],[""84085.41000000"",""1.31826000""],[""84085.40000000"",""0.00042000""],[""84083.68000000"",""0.00014000""],[""84083.67000000"",""0.00006000""],[""84082.27000000"",""0.00014000""],[""84082.13000000"",""0.32121000""],[""84081.93000000"",""0.00000000""],[""84081.35000000"",""0.00014000""],[""84080.95000000"",""0.00014000""],[""84080.65000000"",""0.00007000""],[""84080.64000000"",""0.00006000""],[""84079.57000000"",""0.00000000""],[""84078.69000000"",""0.00000000""],[""84078.62000000"",""0.34845000""],[""84078.21000000"",""0.00000000""],[""84078.09000000"",""0.00000000""],[""84077.00000000"",""0.00007000""],[""84076.79000000"",""0.00006000""],[""84076.03000000"",""0.00000000""],[""84075.64000000"",""0.32129000""],[""84075.37000000"",""0.29740000""],[""84074.68000000"",""0.00600000""],[""84074.67000000"",""0.00200000""],[""84074.66000000"",""1.48673000""],[""84074.65000000"",""1.37737000""],[""84074.64000000"",""1.48673000""],[""84074.61000000"",""1.55819000""],[""84074.51000000"",""0.00000000""],[""84074.49000000"",""0.00000000""],[""84074.25000000"",""0.00200000""],[""84074.02000000"",""0.11509000""],[""84070.93000000"",""0.00000000""],[""84063.16000000"",""0.00000000""],[""84055.73000000"",""0.00000000""],[""84054.97000000"",""0.00000000""],[""84054.73000000"",""0.00000000""],[""84049.00000000"",""0.00000000""],[""84046.88000000"",""0.00000000""],[""84045.73000000"",""0.70000000""],[""84045.54000000"",""0.00012000""],[""84043.00000000"",""0.01000000""],[""84029.81000000"",""0.05481000""],[""83193.32000000"",""0.00000000""],[""82830.32000000"",""0.00000000""],[""75682.53000000"",""0.00000000""],[""75682.51000000"",""0.00000000""]],""e"":""depthUpdate"",""s"":""BTCUSDT"",""u"":101123532796}"
1791339075,86410200,spot,depth5,0,0,215,BTCUSDT,"{""asks"":[[""84085.42000000"",""3.02941000""],[""84086.07000000"",""0.00006000""],[""84087.68000000"",""0.00008000""],[""84088.14000000"",""0.00006000""],[""84089.40000000"",""0.00014000""]],""bids"":[[""84085.41000000"",""1.67414000""],[""84085.40000000"",""0.00042000""],[""84084.60000000"",""0.00066000""],[""84083.90000000"",""0.00006000""],[""84083.88000000"",""0.00012000""]],""lastUpdateId"":101123532994}"
1791339075,86624700,spot,depth_diff,0,0,216,BTCUSDT,"{""E"":1791339075014,""U"":101123532797,""a"":[[""84085.42000000"",""3.02941000""],[""84086.06000000"",""0.00000000""],[""84086.07000000"",""0.00006000""],[""84087.68000000"",""0.00008000""],[""84089.26000000"",""0.00000000""],[""84089.40000000"",""0.00014000""],[""84089.41000000"",""0.19676000""],[""84091.68000000"",""0.00223000""],[""84091.69000000"",""0.19972000""],[""84091.70000000"",""0.43905000""],[""84092.61000000"",""0.00014000""],[""84093.01000000"",""0.00014000""],[""84093.26000000"",""0.00000000""],[""84093.66000000"",""0.00000000""],[""84094.61000000"",""0.00000000""],[""84094.83000000"",""0.03096000""],[""84095.96000000"",""0.00000000""],[""84095.99000000"",""0.00200000""],[""84097.30000000"",""0.00000000""],[""84100.17000000"",""0.06013000""],[""84100.78000000"",""0.00000000""],[""84101.16000000"",""0.20339000""],[""84105.45000000"",""0.00006000""],[""84128.00000000"",""0.01006000""],[""84133.90000000"",""0.23493000""],[""84134.00000000"",""0.00400000""],[""84269.98000000"",""0.10467000""],[""84403.39000000"",""0.00000000""]],""b"":[[""84085.41000000"",""1.67414000""],[""84085.40000000"",""0.00042000""],[""84084.59000000"",""0.00000000""],[""84083.86000000"",""0.00000000""],[""84083.68000000"",""0.00000000""],[""84082.28000000"",""0.00014000""],[""84082.27000000"",""1.63462000""],[""84082.26000000"",""0.32126000""],[""84082.14000000"",""0.00014000""],[""84082.01000000"",""0.00559000""],[""84081.35000000"",""0.00000000""],[""84080.66000000"",""0.00933000""],[""84080.65000000"",""0.00000000""],[""84080.13000000"",""0.00000000""],[""84079.57000000"",""0.00007000""],[""84079.55000000"",""0.32121000""],[""84079.53000000"",""0.00000000""],[""84079.34000000"",""0.00000000""],[""84079.31000000"",""0.01119000""],[""84078.68000000"",""0.00000000""],[""84078.62000000"",""0.34839000""],[""84077.97000000"",""0.01119000""],[""84077.76000000"",""0.00000000""],[""84075.64000000"",""0.32135000""],[""84074.68000000"",""0.00610000""],[""84074.67000000"",""0.00400000""],[""84074.61000000"",""1.55819000""],[""84074.02000000"",""0.11503000""],[""84072.65000000"",""0.00192000""],[""84071.81000000"",""0.00006000""],[""84067.54000000"",""0.00007000""],[""84062.81000000"",""0.00000000""],[""83969.15000000"",""0.00000000""],[""83461.01000000"",""0.00008000""],[""82830.32000000"",""0.00012000""],[""82199.63000000"",""0.00017000""],[""81568.94000000"",""0.00024000""],[""75676.87000000"",""0.00015000""],[""67273.36000000"",""0.00174000""],[""67268.33000000"",""0.00116000""]],""e"":""depthUpdate"",""s"":""BTCUSDT"",""u"":101123532994}"
1791339075,97824800,spot,trade,0,0,217,BTCUSDT,"{""E"":1791339075037,""M"":true,""T"":1791339075037,""e"":""trade"",""m"":true,""p"":""84085.41000000"",""q"":""0.00300000"",""s"":""BTCUSDT"",""t"":6741319755}"
1791339075,136672700,spot,trade,0,0,218,BTCUSDT,"{""E"":1791339075077,""M"":true,""T"":1791339075077,""e"":""trade"",""m"":true,""p"":""84085.41000000"",""q"":""0.00007000"",""s"":""BTCUSDT"",""t"":6741319756}"
1791339075,136761800,spot,trade,0,0,219,BTCUSDT,"{""E"":1791339075077,""M"":true,""T"":1791339075077,""e"":""trade"",""m"":true,""p"":""84085.41000000"",""q"":""0.00002000"",""s"":""BTCUSDT"",""t"":6741319757}"
1791339075,175592000,spot,depth5,0,0,220,BTCUSDT,"{""asks"":[[""84085.42000000"",""3.86394000""],[""84086.07000000"",""0.00006000""],[""84086.21000000"",""0.01821000""],[""84086.22000000"",""0.02908000""],[""84086.77000000"",""0.01445000""]],""bids"":[[""84085.41000000"",""0.16328000""],[""84085.40000000"",""0.00042000""],[""84084.60000000"",""0.00066000""],[""84083.88000000"",""0.00006000""],[""84082.26000000"",""0.00006000""]],""lastUpdateId"":101123533337}"
1791339075,176646500,spot,depth_diff,0,0,221,BTCUSDT,"{""E"":1791339075114,""U"":101123532995,""a"":[[""84085.42000000"",""3.86394000""],[""84086.21000000"",""0.01821000""],[""84086.22000000"",""0.02908000""],[""84086.77000000"",""0.01445000""],[""84087.68000000"",""0.00000000""],[""84088.12000000"",""0.01734000""],[""84088.14000000"",""0.00012000""],[""84088.40000000"",""0.00024000""],[""84089.40000000"",""0.00000000""],[""84089.46000000"",""0.01734000""],[""84090.01000000"",""0.00000000""],[""84091.68000000"",""0.00000000""],[""84091.69000000"",""0.14303000""],[""84091.70000000"",""0.36905000""],[""84091.96000000"",""0.02000000""],[""84092.27000000"",""0.00000000""],[""84092.61000000"",""0.00000000""],[""84092.62000000"",""0.26216000""],[""84092.63000000"",""0.02920000""],[""84092.86000000"",""0.24000000""],[""84093.01000000"",""0.00000000""],[""84093.02000000"",""0.30355000""],[""84093.84000000"",""0.32117000""],[""84094.83000000"",""0.03102000""],[""84096.88000000"",""0.20333000""],[""84096.92000000"",""0.86688000""],[""84096.93000000"",""0.32121000""],[""84097.14000000"",""0.32115000""],[""84099.18000000"",""0.02920000""],[""84099.57000000"",""0.10231000""],[""84100.10000000"",""1.51404000""],[""84100.17000000"",""0.06007000""],[""84101.16000000"",""0.00000000""],[""84101.51000000"",""0.00000000""],[""84101.92000000"",""0.00008000""],[""84101.93000000"",""0.00000000""],[""84104.51000000"",""0.00000000""],[""84107.18000000"",""0.35679000""],[""84107.63000000"",""0.00000000""],[""84110.17000000"",""0.00000000""],[""84111.39000000"",""0.00000000""],[""84112.37000000"",""0.00000000""],[""84126.27000000"",""0.38389000""],[""84126.77000000"",""0.00000000""],[""84129.06000000"",""0.00000000""],[""84130.74000000"",""0.00000000""],[""84131.39000000"",""0.57251000""],[""84131.88000000"",""0.00012000""],[""84132.35000000"",""0.02310000""],[""84133.71000000"",""0.35113000""],[""84138.22000000"",""0.00000000""],[""84151.86000000"",""0.00000000""],[""84195.77000000"",""0.00000000""],[""84195.78000000"",""0.00000000""],[""84197.88000000"",""0.00400000""],[""84204.12000000"",""0.00000000""],[""84218.53000000"",""0.00000000""],[""84219.40000000"",""0.05069000""],[""84269.98000000"",""0.00000000""],[""84420.86000000"",""0.00000000""]],""b"":[[""84085.41000000"",""0.16328000""],[""84085.40000000"",""0.00042000""],[""84083.90000000"",""0.00000000""],[""84083.88000000"",""0.00006000""],[""84083.67000000"",""0.00000000""],[""84082.28000000"",""0.00000000""],[""84082.27000000"",""0.00000000""],[""84082.26000000"",""0.00006000""],[""84081.35000000"",""0.00000000""],[""84081.34000000"",""0.00000000""],[""84080.95000000"",""0.00000000""],[""84080.94000000"",""0.00000000""],[""84080.64000000"",""0.00000000""],[""84080.48000000"",""0.00000000""],[""84079.84000000"",""0.00000000""],[""84079.65000000"",""0.00000000""],[""84079.62000000"",""0.00006000""],[""84079.57000000"",""0.00000000""],[""84079.56000000"",""0.00000000""],[""84079.55000000"",""0.00000000""],[""84079.22000000"",""0.00000000""],[""84078.63000000"",""0.00014000""],[""84078.62000000"",""0.18915000""],[""84077.54000000"",""0.00000000""],[""84077.01000000"",""0.17243000""],[""84077.00000000"",""0.33763000""],[""84076.76000000"",""0.00014000""],[""84076.75000000"",""0.23564000""],[""84075.65000000"",""0.00007000""],[""84075.64000000"",""0.32129000""],[""84075.54000000"",""0.12006000""],[""84075.37000000"",""0.00000000""],[""84075.36000000"",""0.00006000""],[""84074.68000000"",""0.00200000""],[""84074.67000000"",""0.00000000""],[""84074.66000000"",""0.00000000""],[""84074.65000000"",""0.00000000""],[""84074.64000000"",""0.00000000""],[""84074.61000000"",""0.00006000""],[""84074.53000000"",""0.32124000""],[""84074.02000000"",""0.11509000""],[""84072.77000000"",""0.00000000""],[""84072.65000000"",""0.00000000""],[""84072.60000000"",""0.00000000""],[""84071.10000000"",""0.00006000""],[""84070.92000000"",""0.00000000""],[""84070.91000000"",""0.00000000""],[""84070.65000000"",""1.63448000""],[""84070.53000000"",""0.00000000""],[""84069.67000000"",""0.58425000""],[""84069.66000000"",""1.63448000""],[""84068.81000000"",""0.32126000""],[""84068.39000000"",""0.00000000""],[""84068.34000000"",""0.00000000""],[""84067.75000000"",""0.34846000""],[""84067.32000000"",""0.00000000""],[""84067.00000000"",""1.03284000""],[""84066.99000000"",""1.71896000""],[""84066.98000000"",""0.00000000""],[""84066.97000000"",""0.00000000""],[""84066.85000000"",""0.00000000""],[""84066.84000000"",""0.00006000""],[""84066.71000000"",""0.00000000""],[""84065.36000000"",""0.00000000""],[""84064.99000000"",""0.05713000""],[""84063.96000000"",""0.00000000""],[""84063.05000000"",""1.63448000""],[""84062.86000000"",""0.02000000""],[""84062.58000000"",""0.00012000""],[""84062.57000000"",""0.00000000""],[""84062.50000000"",""0.00000000""],[""84062.25000000"",""0.89255000""],[""84062.24000000"",""0.35699000""],[""84062.22000000"",""0.00000000""],[""84062.17000000"",""0.00000000""],[""84061.75000000"",""0.00000000""],[""84061.20000000"",""1.63448000""],[""84060.30000000"",""0.00581000""],[""84059.29000000"",""0.34846000""],[""84058.86000000"",""0.00000000""],[""84058.62000000"",""0.00649000""],[""84058.32000000"",""0.00012000""],[""84058.31000000"",""0.00000000""],[""84055.67000000"",""0.00000000""],[""84054.73000000"",""0.70000000""],[""84054.44000000"",""0.03568000""],[""84054.41000000"",""0.00635000""],[""84054.40000000"",""0.00000000""],[""84053.62000000"",""0.00000000""],[""84052.73000000"",""0.00000000""],[""84052.62000000"",""0.00000000""],[""84051.64000000"",""0.00000000""],[""84050.98000000"",""0.30396000""],[""84050.97000000"",""0.00000000""],[""84050.20000000"",""0.00655000""],[""84047.69000000"",""0.00000000""],[""84046.32000000"",""0.05000000""],[""84045.99000000"",""0.00646000""],[""84045.92000000"",""0.10000000""],[""84045.73000000"",""0.00000000""],[""84045.43000000"",""0.07128000""],[""84041.78000000"",""0.00637000""],[""84041.28000000"",""0.00006000""],[""84040.10000000"",""0.00000000""],[""84038.28000000"",""0.77345000""],[""84030.35000000"",""0.00000000""],[""84029.91000000"",""0.00000000""],[""84029.81000000"",""0.00000000""],[""84027.49000000"",""0.00000000""],[""84026.86000000"",""0.32142000""],[""84017.55000000"",""0.00000000""],[""84011.33000000"",""1.17878000""],[""84003.55000000"",""2.10263000""],[""83997.93000000"",""1.63448000""],[""83995.85000000"",""0.00000000""],[""83993.01000000"",""1.33889000""],[""83987.40000000"",""0.00000000""],[""83980.26000000"",""0.00400000""],[""83973.94000000"",""0.00000000""],[""83967.11000000"",""0.13221000""],[""83965.34000000"",""1.64627000""],[""83952.71000000"",""1.63448000""],[""83743.99000000"",""0.00000000""],[""83728.34000000"",""0.00030000""],[""83663.06000000"",""0.00006000""]],""e"":""depthUpdate"",""s"":""BTCUSDT"",""u"":101123533337}"
1791339075,181379500,spot,trade,0,0,222,BTCUSDT,"{""E"":1791339075120,""M"":true,""T"":1791339075120,""e"":""trade"",""m"":true,""p"":""84085.41000000"",""q"":""0.00005000"",""s"":""BTCUSDT"",""t"":6741319758}"
1791339075,181456800,spot,trade,0,0,223,BTCUSDT,"{""E"":1791339075120,""M"":true,""T"":1791339075120,""e"":""trade"",""m"":true,""p"":""84085.41000000"",""q"":""0.00008000"",""s"":""BTCUSDT"",""t"":6741319759}"
1791339075,181489600,spot,trade,0,0,224,BTCUSDT,"{""E"":1791339075120,""M"":true,""T"":1791339075120,""e"":""trade"",""m"":true,""p"":""84085.41000000"",""q"":""0.00007000"",""s"":""BTCUSDT"",""t"":6741319760}"
1791339075,181517700,spot,trade,0,0,225,BTCUSDT,"{""E"":1791339075120,""M"":true,""T"":1791339075120,""e"":""trade"",""m"":true,""p"":""84085.41000000"",""q"":""0.00007000"",""s"":""BTCUSDT"",""t"":6741319761}"
1791339075,181544600,spot,trade,0,0,226,BTCUSDT,"{""E"":1791339075120,""M"":true,""T"":1791339075120,""e"":""trade"",""m"":true,""p"":""84085.41000000"",""q"":""0.00006000"",""s"":""BTCUSDT"",""t"":6741319762}"
1791339075,181571200,spot,trade,0,0,227,BTCUSDT,"{""E"":1791339075120,""M"":true,""T"":1791339075120,""e"":""trade"",""m"":true,""p"":""84085.41000000"",""q"":""0.00007000"",""s"":""BTCUSDT"",""t"":6741319763}"
1791339075,181597100,spot,trade,0,0,228,BTCUSDT,"{""E"":1791339075120,""M"":true,""T"":1791339075120,""e"":""trade"",""m"":true,""p"":""84085.41000000"",""q"":""0.00007000"",""s"":""BTCUSDT"",""t"":6741319764}"
1791339075,181622200,spot,trade,0,0,229,BTCUSDT,"{""E"":1791339075120,""M"":true,""T"":1791339075120,""e"":""trade"",""m"":true,""p"":""84085.41000000"",""q"":""0.00007000"",""s"":""BTCUSDT"",""t"":6741319765}"
1791339075,181651900,spot,trade,0,0,230,BTCUSDT,"{""E"":1791339075120,""M"":true,""T"":1791339075120,""e"":""trade"",""m"":true,""p"":""84085.41000000"",""q"":""0.00006000"",""s"":""BTCUSDT"",""t"":6741319766}"
1791339075,181679200,spot,trade,0,0,231,BTCUSDT,"{""E"":1791339075120,""M"":true,""T"":1791339075120,""e"":""trade"",""m"":true,""p"":""84085.41000000"",""q"":""0.00013000"",""s"":""BTCUSDT"",""t"":6741319767}"
1791339075,181704400,spot,trade,0,0,232,BTCUSDT,"{""E"":1791339075120,""M"":true,""T"":1791339075120,""e"":""trade"",""m"":true,""p"":""84085.41000000"",""q"":""0.00047000"",""s"":""BTCUSDT"",""t"":6741319768}"
1791339075,181730300,spot,trade,0,0,233,BTCUSDT,"{""E"":1791339075120,""M"":true,""T"":1791339075120,""e"":""trade"",""m"":true,""p"":""84085.41000000"",""q"":""0.00007000"",""s"":""BTCUSDT"",""t"":6741319769}"
1791339075,181755300,spot,trade,0,0,234,BTCUSDT,"{""E"":1791339075120,""M"":true,""T"":1791339075120,""e"":""trade"",""m"":true,""p"":""84085.41000000"",""q"":""0.00007000"",""s"":""BTCUSDT"",""t"":6741319770}"
1791339075,181780400,spot,trade,0,0,235,BTCUSDT,"{""E"":1791339075120,""M"":true,""T"":1791339075120,""e"":""trade"",""m"":true,""p"":""84085.41000000"",""q"":""0.01129000"",""s"":""BTCUSDT"",""t"":6741319771}"
1791339075,192257900,spot,trade,0,0,236,BTCUSDT,"{""E"":1791339075128,""M"":true,""T"":1791339075127,""e"":""trade"",""m"":true,""p"":""84085.41000000"",""q"":""0.01422000"",""s"":""BTCUSDT"",""t"":6741319772}"
1791339075,192465600,spot,trade,0,0,237,BTCUSDT,"{""E"":1791339075128,""M"":true,""T"":1791339075127,""e"":""trade"",""m"":true,""p"":""84085.41000000"",""q"":""0.00007000"",""s"":""BTCUSDT"",""t"":6741319773}"
1791339075,192834400,spot,trade,0,0,238,BTCUSDT,"{""E"":1791339075128,""M"":true,""T"":1791339075127,""e"":""trade"",""m"":true,""p"":""84085.41000000"",""q"":""0.00006000"",""s"":""BTCUSDT"",""t"":6741319774}"
1791339075,192920400,spot,trade,0,0,239,BTCUSDT,"{""E"":1791339075128,""M"":true,""T"":1791339075127,""e"":""trade"",""m"":true,""p"":""84085.41000000"",""q"":""0.00006000"",""s"":""BTCUSDT"",""t"":6741319775}"
1791339075,192980500,spot,trade,0,0,240,BTCUSDT,"{""E"":1791339075128,""M"":true,""T"":1791339075127,""e"":""trade"",""m"":true,""p"":""84085.41000000"",""q"":""0.00006000"",""s"":""BTCUSDT"",""t"":6741319776}"
1791339075,193039600,spot,trade,0,0,241,BTCUSDT,"{""E"":1791339075128,""M"":true,""T"":1791339075127,""e"":""trade"",""m"":true,""p"":""84085.41000000"",""q"":""0.00006000"",""s"":""BTCUSDT"",""t"":6741319777}"
1791339075,193091300,spot,trade,0,0,242,BTCUSDT,"{""E"":1791339075128,""M"":true,""T"":1791339075127,""e"":""trade"",""m"":true,""p"":""84085.41000000"",""q"":""0.00006000"",""s"":""BTCUSDT"",""t"":6741319778}"
1791339075,193200500,spot,trade,0,0,243,BTCUSDT,"{""E"":1791339075128,""M"":true,""T"":1791339075127,""e"":""trade"",""m"":true,""p"":""84085.41000000"",""q"":""0.00006000"",""s"":""BTCUSDT"",""t"":6741319779}"
1791339075,193280800,spot,trade,0,0,244,BTCUSDT,"{""E"":1791339075128,""M"":true,""T"":1791339075127,""e"":""trade"",""m"":true,""p"":""84085.41000000"",""q"":""0.00007000"",""s"":""BTCUSDT"",""t"":6741319780}"
1791339075,193358400,spot,trade,0,0,245,BTCUSDT,"{""E"":1791339075128,""M"":true,""T"":1791339075127,""e"":""trade"",""m"":true,""p"":""84085.41000000"",""q"":""0.00007000"",""s"":""BTCUSDT"",""t"":6741319781}"
1791339075,193413100,spot,trade,0,0,246,BTCUSDT,"{""E"":1791339075128,""M"":true,""T"":1791339075127,""e"":""trade"",""m"":true,""p"":""84085.41000000"",""q"":""0.00007000"",""s"":""BTCUSDT"",""t"":6741319782}"
1791339075,193463800,spot,trade,0,0,247,BTCUSDT,"{""E"":1791339075128,""M"":true,""T"":1791339075127,""e"":""trade"",""m"":true,""p"":""84085.41000000"",""q"":""0.00007000"",""s"":""BTCUSDT"",""t"":6741319783}"
1791339075,193557800,spot,trade,0,0,248,BTCUSDT,"{""E"":1791339075128,""M"":true,""T"":1791339075127,""e"":""trade"",""m"":true,""p"":""84085.41000000"",""q"":""0.00007000"",""s"":""BTCUSDT"",""t"":6741319784}"
1791339075,193624800,spot,trade,0,0,249,BTCUSDT,"{""E"":1791339075128,""M"":true,""T"":1791339075127,""e"":""trade"",""m"":true,""p"":""84085.41000000"",""q"":""0.00007000"",""s"":""BTCUSDT"",""t"":6741319785}"
1791339075,193677400,spot,trade,0,0,250,BTCUSDT,"{""E"":1791339075128,""M"":true,""T"":1791339075127,""e"":""trade"",""m"":true,""p"":""84085.41000000"",""q"":""0.00007000"",""s"":""BTCUSDT"",""t"":6741319786}"
1791339075,193729000,spot,trade,0,0,251,BTCUSDT,"{""E"":1791339075128,""M"":true,""T"":1791339075127,""e"":""trade"",""m"":true,""p"":""84085.41000000"",""q"":""0.00007000"",""s"":""BTCUSDT"",""t"":6741319787}"
1791339075,193785100,spot,trade,0,0,252,BTCUSDT,"{""E"":1791339075128,""M"":true,""T"":1791339075127,""e"":""trade"",""m"":true,""p"":""84085.41000000"",""q"":""0.00006000"",""s"":""BTCUSDT"",""t"":6741319788}"
1791339075,193845100,spot,trade,0,0,253,BTCUSDT,"{""E"":1791339075128,""M"":true,""T"":1791339075127,""e"":""trade"",""m"":true,""p"":""84085.41000000"",""q"":""0.00006000"",""s"":""BTCUSDT"",""t"":6741319789}"
1791339075,193893700,spot,trade,0,0,254,BTCUSDT,"{""E"":1791339075128,""M"":true,""T"":1791339075127,""e"":""trade"",""m"":true,""p"":""84085.41000000"",""q"":""0.00006000"",""s"":""BTCUSDT"",""t"":6741319790}"
1791339075,193979300,spot,trade,0,0,255,BTCUSDT,"{""E"":1791339075128,""M"":true,""T"":1791339075127,""e"":""trade"",""m"":true,""p"":""84085.41000000"",""q"":""0.00006000"",""s"":""BTCUSDT"",""t"":6741319791}"
1791339075,194065200,spot,trade,0,0,256,BTCUSDT,"{""E"":1791339075128,""M"":true,""T"":1791339075127,""e"":""trade"",""m"":true,""p"":""84085.41000000"",""q"":""0.00006000"",""s"":""BTCUSDT"",""t"":6741319792}"
1791339075,194133900,spot,trade,0,0,257,BTCUSDT,"{""E"":1791339075128,""M"":true,""T"":1791339075127,""e"":""trade"",""m"":true,""p"":""84085.41000000"",""q"":""0.00006000"",""s"":""BTCUSDT"",""t"":6741319793}"
1791339075,194191500,spot,trade,0,0,258,BTCUSDT,"{""E"":1791339075128,""M"":true,""T"":1791339075127,""e"":""trade"",""m"":true,""p"":""84085.41000000"",""q"":""0.00006000"",""s"":""BTCUSDT"",""t"":6741319794}"
1791339075,194249000,spot,trade,0,0,259,BTCUSDT,"{""E"":1791339075128,""M"":true,""T"":1791339075127,""e"":""trade"",""m"":true,""p"":""84085.41000000"",""q"":""0.00006000"",""s"":""BTCUSDT"",""t"":6741319795}"
1791339075,194304900,spot,trade,0,0,260,BTCUSDT,"{""E"":1791339075128,""M"":true,""T"":1791339075127,""e"":""trade"",""m"":true,""p"":""84085.41000000"",""q"":""0.00006000"",""s"":""BTCUSDT"",""t"":6741319796}"
1791339075,194359900,spot,trade,0,0,261,BTCUSDT,"{""E"":1791339075128,""M"":true,""T"":1791339075127,""e"":""trade"",""m"":true,""p"":""84085.41000000"",""q"":""0.00006000"",""s"":""BTCUSDT"",""t"":6741319797}"
1791339075,194423100,spot,trade,0,0,262,BTCUSDT,"{""E"":1791339075128,""M"":true,""T"":1791339075127,""e"":""trade"",""m"":true,""p"":""84085.41000000"",""q"":""0.00006000"",""s"":""BTCUSDT"",""t"":6741319798}"
1791339075,194477400,spot,trade,0,0,263,BTCUSDT,"{""E"":1791339075128,""M"":true,""T"":1791339075127,""e"":""trade"",""m"":true,""p"":""84085.41000000"",""q"":""0.00006000"",""s"":""BTCUSDT"",""t"":6741319799}"
1791339075,194529700,spot,trade,0,0,264,BTCUSDT,"{""E"":1791339075128,""M"":true,""T"":1791339075127,""e"":""trade"",""m"":true,""p"":""84085.41000000"",""q"":""0.00006000"",""s"":""BTCUSDT"",""t"":6741319800}"
1791339075,194586700,spot,trade,0,0,265,BTCUSDT,"{""E"":1791339075128,""M"":true,""T"":1791339075127,""e"":""trade"",""m"":true,""p"":""84085.41000000"",""q"":""0.00006000"",""s"":""BTCUSDT"",""t"":6741319801}"
1791339075,194640000,spot,trade,0,0,266,BTCUSDT,"{""E"":1791339075128,""M"":true,""T"":1791339075127,""e"":""trade"",""m"":true,""p"":""84085.41000000"",""q"":""0.00006000"",""s"":""BTCUSDT"",""t"":6741319802}"
1791339075,194708100,spot,trade,0,0,267,BTCUSDT,"{""E"":1791339075128,""M"":true,""T"":1791339075127,""e"":""trade"",""m"":true,""p"":""84085.41000000"",""q"":""0.00006000"",""s"":""BTCUSDT"",""t"":6741319803}"
1791339075,194760900,spot,trade,0,0,268,BTCUSDT,"{""E"":1791339075128,""M"":true,""T"":1791339075127,""e"":""trade"",""m"":true,""p"":""84085.41000000"",""q"":""0.00006000"",""s"":""BTCUSDT"",""t"":6741319804}"
1791339075,194809800,spot,trade,0,0,269,BTCUSDT,"{""E"":1791339075128,""M"":true,""T"":1791339075127,""e"":""trade"",""m"":true,""p"":""84085.41000000"",""q"":""0.00006000"",""s"":""BTCUSDT"",""t"":6741319805}"
1791339075,194860900,spot,trade,0,0,270,BTCUSDT,"{""E"":1791339075128,""M"":true,""T"":1791339075127,""e"":""trade"",""m"":true,""p"":""84085.41000000"",""q"":""0.00006000"",""s"":""BTCUSDT"",""t"":6741319806}"
1791339075,194919700,spot,trade,0,0,271,BTCUSDT,"{""E"":1791339075128,""M"":true,""T"":1791339075127,""e"":""trade"",""m"":true,""p"":""84085.41000000"",""q"":""0.00006000"",""s"":""BTCUSDT"",""t"":6741319807}"
1791339075,194971500,spot,trade,0,0,272,BTCUSDT,"{""E"":1791339075128,""M"":true,""T"":1791339075127,""e"":""trade"",""m"":true,""p"":""84085.41000000"",""q"":""0.00006000"",""s"":""BTCUSDT"",""t"":6741319808}"
1791339075,195022800,spot,trade,0,0,273,BTCUSDT,"{""E"":1791339075128,""M"":true,""T"":1791339075127,""e"":""trade"",""m"":true,""p"":""84085.41000000"",""q"":""0.00006000"",""s"":""BTCUSDT"",""t"":6741319809}"
1791339075,195074100,spot,trade,0,0,274,BTCUSDT,"{""E"":1791339075128,""M"":true,""T"":1791339075127,""e"":""trade"",""m"":true,""p"":""84085.40000000"",""q"":""0.00007000"",""s"":""BTCUSDT"",""t"":6741319810}"
1791339075,195123900,spot,trade,0,0,275,BTCUSDT,"{""E"":1791339075128,""M"":true,""T"":1791339075127,""e"":""trade"",""m"":true,""p"":""84085.40000000"",""q"":""0.00007000"",""s"":""BTCUSDT"",""t"":6741319811}"
1791339075,195186200,spot,trade,0,0,276,BTCUSDT,"{""E"":1791339075128,""M"":true,""T"":1791339075127,""e"":""trade"",""m"":true,""p"":""84085.40000000"",""q"":""0.00007000"",""s"":""BTCUSDT"",""t"":6741319812}"
1791339075,195245300,spot,trade,0,0,277,BTCUSDT,"{""E"":1791339075128,""M"":true,""T"":1791339075127,""e"":""trade"",""m"":true,""p"":""84085.40000000"",""q"":""0.00007000"",""s"":""BTCUSDT"",""t"":6741319813}"
1791339075,195298800,spot,trade,0,0,278,BTCUSDT,"{""E"":1791339075128,""M"":true,""T"":1791339075127,""e"":""trade"",""m"":true,""p"":""84085.40000000"",""q"":""0.00007000"",""s"":""BTCUSDT"",""t"":6741319814}"
1791339075,195348100,spot,trade,0,0,279,BTCUSDT,"{""E"":1791339075128,""M"":true,""T"":1791339075127,""e"":""trade"",""m"":true,""p"":""84085.40000000"",""q"":""0.00007000"",""s"":""BTCUSDT"",""t"":6741319815}"
1791339075,195398800,spot,trade,0,0,280,BTCUSDT,"{""E"":1791339075128,""M"":true,""T"":1791339075127,""e"":""trade"",""m"":true,""p"":""84084.60000000"",""q"":""0.00066000"",""s"":""BTCUSDT"",""t"":6741319816}"
1791339075,195443400,spot,trade,0,0,281,BTCUSDT,"{""E"":1791339075128,""M"":true,""T"":1791339075127,""e"":""trade"",""m"":true,""p"":""84083.88000000"",""q"":""0.00006000"",""s"":""BTCUSDT"",""t"":6741319817}"
1791339075,195488700,spot,trade,0,0,282,BTCUSDT,"{""E"":1791339075128,""M"":true,""T"":1791339075127,""e"":""trade"",""m"":true,""p"":""84083.30000000"",""q"":""0.00008000"",""s"":""BTCUSDT"",""t"":6741319818}"
1791339075,195537300,spot,trade,0,0,283,BTCUSDT,"{""E"":1791339075128,""M"":true,""T"":1791339075127,""e"":""trade"",""m"":true,""p"":""84082.26000000"",""q"":""0.00006000"",""s"":""BTCUSDT"",""t"":6741319819}"
1791339075,195592800,spot,trade,0,0,284,BTCUSDT,"{""E"":1791339075128,""M"":true,""T"":1791339075127,""e"":""trade"",""m"":true,""p"":""84082.26000000"",""q"":""0.00006000"",""s"":""BTCUSDT"",""t"":6741319820}"
1791339075,195746100,spot,trade,0,0,285,BTCUSDT,"{""E"":1791339075128,""M"":true,""T"":1791339075127,""e"":""trade"",""m"":true,""p"":""84082.26000000"",""q"":""0.00006000"",""s"":""BTCUSDT"",""t"":6741319821}"
1791339075,195828300,spot,trade,0,0,286,BTCUSDT,"{""E"":1791339075128,""M"":true,""T"":1791339075127,""e"":""trade"",""m"":true,""p"":""84082.26000000"",""q"":""0.00006000"",""s"":""BTCUSDT"",""t"":6741319822}"
1791339075,195884200,spot,trade,0,0,287,BTCUSDT,"{""E"":1791339075128,""M"":true,""T"":1791339075127,""e"":""trade"",""m"":true,""p"":""84082.26000000"",""q"":""0.00006000"",""s"":""BTCUSDT"",""t"":6741319823}"
1791339075,195936700,spot,trade,0,0,288,BTCUSDT,"{""E"":1791339075128,""M"":true,""T"":1791339075127,""e"":""trade"",""m"":true,""p"":""84082.14000000"",""q"":""0.00007000"",""s"":""BTCUSDT"",""t"":6741319824}"
1791339075,195999200,spot,trade,0,0,289,BTCUSDT,"{""E"":1791339075128,""M"":true,""T"":1791339075127,""e"":""trade"",""m"":true,""p"":""84082.14000000"",""q"":""0.00007000"",""s"":""BTCUSDT"",""t"":6741319825}"
1791339075,196059100,spot,trade,0,0,290,BTCUSDT,"{""E"":1791339075128,""M"":true,""T"":1791339075127,""e"":""trade"",""m"":true,""p"":""84082.14000000"",""q"":""0.00007000"",""s"":""BTCUSDT"",""t"":6741319826}"
1791339075,196111400,spot,trade,0,0,291,BTCUSDT,"{""E"":1791339075128,""M"":true,""T"":1791339075127,""e"":""trade"",""m"":true,""p"":""84082.13000000"",""q"":""0.29320000"",""s"":""BTCUSDT"",""t"":6741319827}"
1791339075,196160500,spot,trade,0,0,292,BTCUSDT,"{""E"":1791339075128,""M"":true,""T"":1791339075128,""e"":""trade"",""m"":true,""p"":""84082.13000000"",""q"":""0.02801000"",""s"":""BTCUSDT"",""t"":6741319828}"
1791339075,196209700,spot,trade,0,0,293,BTCUSDT,"{""E"":1791339075128,""M"":true,""T"":1791339075128,""e"":""trade"",""m"":true,""p"":""84082.01000000"",""q"":""0.00559000"",""s"":""BTCUSDT"",""t"":6741319829}"
1791339075,196258100,spot,trade,0,0,294,BTCUSDT,"{""E"":1791339075128,""M"":true,""T"":1791339075128,""e"":""trade"",""m"":true,""p"":""84080.66000000"",""q"":""0.00933000"",""s"":""BTCUSDT"",""t"":6741319830}"
1791339075,196319900,spot,trade,0,0,295,BTCUSDT,"{""E"":1791339075128,""M"":true,""T"":1791339075128,""e"":""trade"",""m"":true,""p"":""84079.64000000"",""q"":""0.00006000"",""s"":""BTCUSDT"",""t"":6741319831}"
1791339075,196381900,spot,trade,0,0,296,BTCUSDT,"{""E"":1791339075128,""M"":true,""T"":1791339075128,""e"":""trade"",""m"":true,""p"":""84079.64000000"",""q"":""0.00006000"",""s"":""BTCUSDT"",""t"":6741319832}"
1791339075,196438000,spot,trade,0,0,297,BTCUSDT,"{""E"":1791339075128,""M"":true,""T"":1791339075128,""e"":""trade"",""m"":true,""p"":""84079.64000000"",""q"":""0.00006000"",""s"":""BTCUSDT"",""t"":6741319833}"
1791339075,196499600,spot,trade,0,0,298,BTCUSDT,"{""E"":1791339075128,""M"":true,""T"":1791339075128,""e"":""trade"",""m"":true,""p"":""84079.64000000"",""q"":""0.00006000"",""s"":""BTCUSDT"",""t"":6741319834}"
1791339075,196549900,spot,trade,0,0,299,BTCUSDT,"{""E"":1791339075128,""M"":true,""T"":1791339075128,""e"":""trade"",""m"":true,""p"":""84079.64000000"",""q"":""0.00006000"",""s"":""BTCUSDT"",""t"":6741319835}"
1791339075,196600700,spot,trade,0,0,300,BTCUSDT,"{""E"":1791339075128,""M"":true,""T"":1791339075128,""e"":""trade"",""m"":true,""p"":""84079.64000000"",""q"":""0.00006000"",""s"":""BTCUSDT"",""t"":6741319836}"
1791339075,196657600,spot,trade,0,0,301,BTCUSDT,"{""E"":1791339075128,""M"":true,""T"":1791339075128,""e"":""trade"",""m"":true,""p"":""84079.62000000"",""q"":""0.00006000"",""s"":""BTCUSDT"",""t"":6741319837}"
1791339075,196716900,spot,trade,0,0,302,BTCUSDT,"{""E"":1791339075128,""M"":true,""T"":1791339075128,""e"":""trade"",""m"":true,""p"":""84079.31000000"",""q"":""0.01119000"",""s"":""BTCUSDT"",""t"":6741319838}"
1791339075,196780800,spot,trade,0,0,303,BTCUSDT,"{""E"":1791339075128,""M"":true,""T"":1791339075128,""e"":""trade"",""m"":true,""p"":""84079.30000000"",""q"":""0.00006000"",""s"":""BTCUSDT"",""t"":6741319839}"
1791339075,196824300,spot,trade,0,0,304,BTCUSDT,"{""E"":1791339075128,""M"":true,""T"":1791339075128,""e"":""trade"",""m"":true,""p"":""84079.30000000"",""q"":""0.00006000"",""s"":""BTCUSDT"",""t"":6741319840}"
1791339075,196850700,spot,trade,0,0,305,BTCUSDT,"{""E"":1791339075128,""M"":true,""T"":1791339075128,""e"":""trade"",""m"":true,""p"":""84079.30000000"",""q"":""0.00006000"",""s"":""BTCUSDT"",""t"":6741319841}"
1791339075,196874600,spot,trade,0,0,306,BTCUSDT,"{""E"":1791339075128,""M"":true,""T"":1791339075128,""e"":""trade"",""m"":true,""p"":""84079.30000000"",""q"":""0.00006000"",""s"":""BTCUSDT"",""t"":6741319842}"
1791339075,196905500,spot,trade,0,0,307,BTCUSDT,"{""E"":1791339075128,""M"":true,""T"":1791339075128,""e"":""trade"",""m"":true,""p"":""84079.30000000"",""q"":""0.00006000"",""s"":""BTCUSDT"",""t"":6741319843}"
1791339075,196938500,spot,trade,0,0,308,BTCUSDT,"{""E"":1791339075128,""M"":true,""T"":1791339075128,""e"":""trade"",""m"":true,""p"":""84078.63000000"",""q"":""0.00007000"",""s"":""BTCUSDT"",""t"":6741319844}"
1791339075,196981800,spot,trade,0,0,309,BTCUSDT,"{""E"":1791339075128,""M"":true,""T"":1791339075128,""e"":""trade"",""m"":true,""p"":""84078.63000000"",""q"":""0.00007000"",""s"":""BTCUSDT"",""t"":6741319845}"
1791339075,197027500,spot,trade,0,0,310,BTCUSDT,"{""E"":1791339075128,""M"":true,""T"":1791339075128,""e"":""trade"",""m"":true,""p"":""84078.63000000"",""q"":""0.13364000"",""s"":""BTCUSDT"",""t"":6741319846}"
1791339075,198616300,spot,trade,0,0,311,BTCUSDT,"{""E"":1791339075128,""M"":true,""T"":1791339075128,""e"":""trade"",""m"":true,""p"":""84078.63000000"",""q"":""0.03865000"",""s"":""BTCUSDT"",""t"":6741319847}"
1791339075,198694300,spot,trade,0,0,312,BTCUSDT,"{""E"":1791339075128,""M"":true,""T"":1791339075128,""e"":""trade"",""m"":true,""p"":""84078.63000000"",""q"":""0.00007000"",""s"":""BTCUSDT"",""t"":6741319848}"
1791339075,198725200,spot,trade,0,0,313,BTCUSDT,"{""E"":1791339075128,""M"":true,""T"":1791339075128,""e"":""trade"",""m"":true,""p"":""84078.62000000"",""q"":""0.00006000"",""s"":""BTCUSDT"",""t"":6741319849}"
1791339075,198761600,spot,trade,0,0,314,BTCUSDT,"{""E"":1791339075128,""M"":true,""T"":1791339075128,""e"":""trade"",""m"":true,""p"":""84078.62000000"",""q"":""0.00006000"",""s"":""BTCUSDT"",""t"":6741319850}"
1791339075,198794400,spot,trade,0,0,315,BTCUSDT,"{""E"":1791339075128,""M"":true,""T"":1791339075128,""e"":""trade"",""m"":true,""p"":""84078.62000000"",""q"":""0.02490000"",""s"":""BTCUSDT"",""t"":6741319851}"
1791339075,198822300,spot,trade,0,0,316,BTCUSDT,"{""E"":1791339075129,""M"":true,""T"":1791339075128,""e"":""trade"",""m"":true,""p"":""84078.62000000"",""q"":""0.02000000"",""s"":""BTCUSDT"",""t"":6741319852}"
1791339075,198849100,spot,trade,0,0,317,BTCUSDT,"{""E"":1791339075133,""M"":true,""T"":1791339075132,""e"":""trade"",""m"":true,""p"":""84078.62000000"",""q"":""0.00006000"",""s"":""BTCUSDT"",""t"":6741319853}"
1791339075,198874700,spot,trade,0,0,318,BTCUSDT,"{""E"":1791339075133,""M"":true,""T"":1791339075132,""e"":""trade"",""m"":true,""p"":""84078.62000000"",""q"":""0.00006000"",""s"":""BTCUSDT"",""t"":6741319854}"
1791339075,198903500,spot,trade,0,0,319,BTCUSDT,"{""E"":1791339075133,""M"":true,""T"":1791339075132,""e"":""trade"",""m"":true,""p"":""84078.62000000"",""q"":""0.00006000"",""s"":""BTCUSDT"",""t"":6741319855}"
1791339075,198930700,spot,trade,0,0,320,BTCUSDT,"{""E"":1791339075133,""M"":true,""T"":1791339075132,""e"":""trade"",""m"":true,""p"":""84078.62000000"",""q"":""0.00006000"",""s"":""BTCUSDT"",""t"":6741319856}"
1791339075,198956400,spot,trade,0,0,321,BTCUSDT,"{""E"":1791339075133,""M"":true,""T"":1791339075132,""e"":""trade"",""m"":true,""p"":""84078.62000000"",""q"":""0.00006000"",""s"":""BTCUSDT"",""t"":6741319857}"
1791339075,198981700,spot,trade,0,0,322,BTCUSDT,"{""E"":1791339075133,""M"":true,""T"":1791339075132,""e"":""trade"",""m"":true,""p"":""84078.62000000"",""q"":""0.00006000"",""s"":""BTCUSDT"",""t"":6741319858}"
1791339075,199007100,spot,trade,0,0,323,BTCUSDT,"{""E"":1791339075133,""M"":true,""T"":1791339075132,""e"":""trade"",""m"":true,""p"":""84078.62000000"",""q"":""0.00006000"",""s"":""BTCUSDT"",""t"":6741319859}"
1791339075,199032000,spot,trade,0,0,324,BTCUSDT,"{""E"":1791339075133,""M"":true,""T"":1791339075132,""e"":""trade"",""m"":true,""p"":""84078.62000000"",""q"":""0.00008000"",""s"":""BTCUSDT"",""t"":6741319860}"
1791339075,199057300,spot,trade,0,0,325,BTCUSDT,"{""E"":1791339075133,""M"":true,""T"":1791339075132,""e"":""trade"",""m"":true,""p"":""84078.62000000"",""q"":""0.00007000"",""s"":""BTCUSDT"",""t"":6741319861}"
1791339075,199082300,spot,trade,0,0,326,BTCUSDT,"{""E"":1791339075133,""M"":true,""T"":1791339075132,""e"":""trade"",""m"":true,""p"":""84078.62000000"",""q"":""0.00007000"",""s"":""BTCUSDT"",""t"":6741319862}"
1791339075,199107400,spot,trade,0,0,327,BTCUSDT,"{""E"":1791339075133,""M"":true,""T"":1791339075132,""e"":""trade"",""m"":true,""p"":""84078.62000000"",""q"":""0.00007000"",""s"":""BTCUSDT"",""t"":6741319863}"
1791339075,199134700,spot,trade,0,0,328,BTCUSDT,"{""E"":1791339075133,""M"":true,""T"":1791339075132,""e"":""trade"",""m"":true,""p"":""84078.62000000"",""q"":""0.00006000"",""s"":""BTCUSDT"",""t"":6741319864}"
1791339075,199160400,spot,trade,0,0,329,BTCUSDT,"{""E"":1791339075133,""M"":true,""T"":1791339075132,""e"":""trade"",""m"":true,""p"":""84078.62000000"",""q"":""0.00006000"",""s"":""BTCUSDT"",""t"":6741319865}"
1791339075,199185700,spot,trade,0,0,330,BTCUSDT,"{""E"":1791339075133,""M"":true,""T"":1791339075132,""e"":""trade"",""m"":true,""p"":""84078.62000000"",""q"":""0.00006000"",""s"":""BTCUSDT"",""t"":6741319866}"
1791339075,199211000,spot,trade,0,0,331,BTCUSDT,"{""E"":1791339075133,""M"":true,""T"":1791339075132,""e"":""trade"",""m"":true,""p"":""84078.62000000"",""q"":""0.00006000"",""s"":""BTCUSDT"",""t"":6741319867}"
1791339075,199235400,spot,trade,0,0,332,BTCUSDT,"{""E"":1791339075133,""M"":true,""T"":1791339075132,""e"":""trade"",""m"":true,""p"":""84078.62000000"",""q"":""0.00006000"",""s"":""BTCUSDT"",""t"":6741319868}"
1791339075,199261000,spot,trade,0,0,333,BTCUSDT,"{""E"":1791339075133,""M"":true,""T"":1791339075132,""e"":""trade"",""m"":true,""p"":""84078.62000000"",""q"":""0.00006000"",""s"":""BTCUSDT"",""t"":6741319869}"
1791339075,199289400,spot,trade,0,0,334,BTCUSDT,"{""E"":1791339075133,""M"":true,""T"":1791339075132,""e"":""trade"",""m"":true,""p"":""84078.62000000"",""q"":""0.00006000"",""s"":""BTCUSDT"",""t"":6741319870}"
1791339075,199316700,spot,trade,0,0,335,BTCUSDT,"{""E"":1791339075133,""M"":true,""T"":1791339075132,""e"":""trade"",""m"":true,""p"":""84078.62000000"",""q"":""0.00006000"",""s"":""BTCUSDT"",""t"":6741319871}"
1791339075,199342300,spot,trade,0,0,336,BTCUSDT,"{""E"":1791339075133,""M"":true,""T"":1791339075132,""e"":""trade"",""m"":true,""p"":""84078.62000000"",""q"":""0.00006000"",""s"":""BTCUSDT"",""t"":6741319872}"
1791339075,199369600,spot,trade,0,0,337,BTCUSDT,"{""E"":1791339075133,""M"":true,""T"":1791339075132,""e"":""trade"",""m"":true,""p"":""84078.62000000"",""q"":""0.00006000"",""s"":""BTCUSDT"",""t"":6741319873}"
1791339075,199395400,spot,trade,0,0,338,BTCUSDT,"{""E"":1791339075133,""M"":true,""T"":1791339075132,""e"":""trade"",""m"":true,""p"":""84078.62000000"",""q"":""0.00006000"",""s"":""BTCUSDT"",""t"":6741319874}"
1791339075,199420500,spot,trade,0,0,339,BTCUSDT,"{""E"":1791339075133,""M"":true,""T"":1791339075132,""e"":""trade"",""m"":true,""p"":""84078.62000000"",""q"":""0.00006000"",""s"":""BTCUSDT"",""t"":6741319875}"
1791339075,199445300,spot,trade,0,0,340,BTCUSDT,"{""E"":1791339075133,""M"":true,""T"":1791339075132,""e"":""trade"",""m"":true,""p"":""84078.62000000"",""q"":""0.00006000"",""s"":""BTCUSDT"",""t"":6741319876}"
1791339075,199470400,spot,trade,0,0,341,BTCUSDT,"{""E"":1791339075133,""M"":true,""T"":1791339075132,""e"":""trade"",""m"":true,""p"":""84078.62000000"",""q"":""0.00006000"",""s"":""BTCUSDT"",""t"":6741319877}"
1791339075,199495600,spot,trade,0,0,342,BTCUSDT,"{""E"":1791339075133,""M"":true,""T"":1791339075132,""e"":""trade"",""m"":true,""p"":""84078.62000000"",""q"":""0.00006000"",""s"":""BTCUSDT"",""t"":6741319878}"
1791339075,199519100,spot,trade,0,0,343,BTCUSDT,"{""E"":1791339075133,""M"":true,""T"":1791339075132,""e"":""trade"",""m"":true,""p"":""84078.62000000"",""q"":""0.00006000"",""s"":""BTCUSDT"",""t"":6741319879}"
1791339075,199544100,spot,trade,0,0,344,BTCUSDT,"{""E"":1791339075133,""M"":true,""T"":1791339075132,""e"":""trade"",""m"":true,""p"":""84078.62000000"",""q"":""0.00006000"",""s"":""BTCUSDT"",""t"":6741319880}"
1791339075,199568900,spot,trade,0,0,345,BTCUSDT,"{""E"":1791339075133,""M"":true,""T"":1791339075132,""e"":""trade"",""m"":true,""p"":""84078.62000000"",""q"":""0.00006000"",""s"":""BTCUSDT"",""t"":6741319881}"
1791339075,199595600,spot,trade,0,0,346,BTCUSDT,"{""E"":1791339075133,""M"":true,""T"":1791339075132,""e"":""trade"",""m"":true,""p"":""84078.62000000"",""q"":""0.00006000"",""s"":""BTCUSDT"",""t"":6741319882}"
1791339075,199620400,spot,trade,0,0,347,BTCUSDT,"{""E"":1791339075133,""M"":true,""T"":1791339075132,""e"":""trade"",""m"":true,""p"":""84078.62000000"",""q"":""0.00006000"",""s"":""BTCUSDT"",""t"":6741319883}"
1791339075,199645600,spot,trade,0,0,348,BTCUSDT,"{""E"":1791339075133,""M"":true,""T"":1791339075132,""e"":""trade"",""m"":true,""p"":""84078.62000000"",""q"":""0.00006000"",""s"":""BTCUSDT"",""t"":6741319884}"
1791339075,199670600,spot,trade,0,0,349,BTCUSDT,"{""E"":1791339075133,""M"":true,""T"":1791339075132,""e"":""trade"",""m"":true,""p"":""84078.62000000"",""q"":""0.00006000"",""s"":""BTCUSDT"",""t"":6741319885}"
1791339075,199696100,spot,trade,0,0,350,BTCUSDT,"{""E"":1791339075133,""M"":true,""T"":1791339075132,""e"":""trade"",""m"":true,""p"":""84078.62000000"",""q"":""0.00006000"",""s"":""BTCUSDT"",""t"":6741319886}"
1791339075,199721200,spot,trade,0,0,351,BTCUSDT,"{""E"":1791339075133,""M"":true,""T"":1791339075132,""e"":""trade"",""m"":true,""p"":""84078.62000000"",""q"":""0.00006000"",""s"":""BTCUSDT"",""t"":6741319887}"
1791339075,199745300,spot,trade,0,0,352,BTCUSDT,"{""E"":1791339075133,""M"":true,""T"":1791339075132,""e"":""trade"",""m"":true,""p"":""84078.62000000"",""q"":""0.00006000"",""s"":""BTCUSDT"",""t"":6741319888}"
1791339075,199773000,spot,trade,0,0,353,BTCUSDT,"{""E"":1791339075133,""M"":true,""T"":1791339075132,""e"":""trade"",""m"":true,""p"":""84078.62000000"",""q"":""0.00006000"",""s"":""BTCUSDT"",""t"":6741319889}"
1791339075,199800500,spot,trade,0,0,354,BTCUSDT,"{""E"":1791339075133,""M"":true,""T"":1791339075132,""e"":""trade"",""m"":true,""p"":""84078.62000000"",""q"":""0.00006000"",""s"":""BTCUSDT"",""t"":6741319890}"
1791339075,199828000,spot,trade,0,0,355,BTCUSDT,"{""E"":1791339075133,""M"":true,""T"":1791339075132,""e"":""trade"",""m"":true,""p"":""84078.62000000"",""q"":""0.00006000"",""s"":""BTCUSDT"",""t"":6741319891}"
1791339075,199853700,spot,trade,0,0,356,BTCUSDT,"{""E"":1791339075133,""M"":true,""T"":1791339075132,""e"":""trade"",""m"":true,""p"":""84078.62000000"",""q"":""0.00006000"",""s"":""BTCUSDT"",""t"":6741319892}"
1791339075,199879000,spot,trade,0,0,357,BTCUSDT,"{""E"":1791339075133,""M"":true,""T"":1791339075132,""e"":""trade"",""m"":true,""p"":""84078.62000000"",""q"":""0.00006000"",""s"":""BTCUSDT"",""t"":6741319893}"
1791339075,199904100,spot,trade,0,0,358,BTCUSDT,"{""E"":1791339075133,""M"":true,""T"":1791339075132,""e"":""trade"",""m"":true,""p"":""84078.62000000"",""q"":""0.00006000"",""s"":""BTCUSDT"",""t"":6741319894}"
1791339075,199929200,spot,trade,0,0,359,BTCUSDT,"{""E"":1791339075133,""M"":true,""T"":1791339075132,""e"":""trade"",""m"":true,""p"":""84078.62000000"",""q"":""0.00006000"",""s"":""BTCUSDT"",""t"":6741319895}"
1791339075,199953800,spot,trade,0,0,360,BTCUSDT,"{""E"":1791339075133,""M"":true,""T"":1791339075132,""e"":""trade"",""m"":true,""p"":""84078.62000000"",""q"":""0.00006000"",""s"":""BTCUSDT"",""t"":6741319896}"
1791339075,199978400,spot,trade,0,0,361,BTCUSDT,"{""E"":1791339075133,""M"":true,""T"":1791339075132,""e"":""trade"",""m"":true,""p"":""84078.62000000"",""q"":""0.00006000"",""s"":""BTCUSDT"",""t"":6741319897}"
1791339075,200004000,spot,trade,0,0,362,BTCUSDT,"{""E"":1791339075133,""M"":true,""T"":1791339075132,""e"":""trade"",""m"":true,""p"":""84078.62000000"",""q"":""0.00006000"",""s"":""BTCUSDT"",""t"":6741319898}"
1791339075,200028300,spot,trade,0,0,363,BTCUSDT,"{""E"":1791339075133,""M"":true,""T"":1791339075132,""e"":""trade"",""m"":true,""p"":""84078.62000000"",""q"":""0.00006000"",""s"":""BTCUSDT"",""t"":6741319899}"
1791339075,200054900,spot,trade,0,0,364,BTCUSDT,"{""E"":1791339075133,""M"":true,""T"":1791339075132,""e"":""trade"",""m"":true,""p"":""84078.62000000"",""q"":""0.00006000"",""s"":""BTCUSDT"",""t"":6741319900}"
1791339075,200080500,spot,trade,0,0,365,BTCUSDT,"{""E"":1791339075133,""M"":true,""T"":1791339075132,""e"":""trade"",""m"":true,""p"":""84078.62000000"",""q"":""0.00006000"",""s"":""BTCUSDT"",""t"":6741319901}"
1791339075,200105100,spot,trade,0,0,366,BTCUSDT,"{""E"":1791339075133,""M"":true,""T"":1791339075132,""e"":""trade"",""m"":true,""p"":""84078.62000000"",""q"":""0.00006000"",""s"":""BTCUSDT"",""t"":6741319902}"
1791339075,200130500,spot,trade,0,0,367,BTCUSDT,"{""E"":1791339075133,""M"":true,""T"":1791339075132,""e"":""trade"",""m"":true,""p"":""84078.62000000"",""q"":""0.00006000"",""s"":""BTCUSDT"",""t"":6741319903}"
1791339075,200155300,spot,trade,0,0,368,BTCUSDT,"{""E"":1791339075133,""M"":true,""T"":1791339075132,""e"":""trade"",""m"":true,""p"":""84078.62000000"",""q"":""0.00006000"",""s"":""BTCUSDT"",""t"":6741319904}"
1791339075,200180200,spot,trade,0,0,369,BTCUSDT,"{""E"":1791339075133,""M"":true,""T"":1791339075132,""e"":""trade"",""m"":true,""p"":""84078.62000000"",""q"":""0.00006000"",""s"":""BTCUSDT"",""t"":6741319905}"
1791339075,200205200,spot,trade,0,0,370,BTCUSDT,"{""E"":1791339075133,""M"":true,""T"":1791339075132,""e"":""trade"",""m"":true,""p"":""84078.62000000"",""q"":""0.00006000"",""s"":""BTCUSDT"",""t"":6741319906}"
1791339075,200229400,spot,trade,0,0,371,BTCUSDT,"{""E"":1791339075133,""M"":true,""T"":1791339075132,""e"":""trade"",""m"":true,""p"":""84078.62000000"",""q"":""0.00006000"",""s"":""BTCUSDT"",""t"":6741319907}"
1791339075,200254600,spot,trade,0,0,372,BTCUSDT,"{""E"":1791339075133,""M"":true,""T"":1791339075132,""e"":""trade"",""m"":true,""p"":""84078.62000000"",""q"":""0.00006000"",""s"":""BTCUSDT"",""t"":6741319908}"
1791339075,200364800,spot,trade,0,0,373,BTCUSDT,"{""E"":1791339075133,""M"":true,""T"":1791339075132,""e"":""trade"",""m"":true,""p"":""84078.62000000"",""q"":""0.00006000"",""s"":""BTCUSDT"",""t"":6741319909}"
1791339075,200398100,spot,trade,0,0,374,BTCUSDT,"{""E"":1791339075133,""M"":true,""T"":1791339075132,""e"":""trade"",""m"":true,""p"":""84078.62000000"",""q"":""0.00006000"",""s"":""BTCUSDT"",""t"":6741319910}"
1791339075,200424400,spot,trade,0,0,375,BTCUSDT,"{""E"":1791339075133,""M"":true,""T"":1791339075132,""e"":""trade"",""m"":true,""p"":""84078.62000000"",""q"":""0.00006000"",""s"":""BTCUSDT"",""t"":6741319911}"
1791339075,200449700,spot,trade,0,0,376,BTCUSDT,"{""E"":1791339075133,""M"":true,""T"":1791339075132,""e"":""trade"",""m"":true,""p"":""84078.62000000"",""q"":""0.00006000"",""s"":""BTCUSDT"",""t"":6741319912}"
1791339075,200474600,spot,trade,0,0,377,BTCUSDT,"{""E"":1791339075133,""M"":true,""T"":1791339075132,""e"":""trade"",""m"":true,""p"":""84078.62000000"",""q"":""0.00006000"",""s"":""BTCUSDT"",""t"":6741319913}"
1791339075,200499500,spot,trade,0,0,378,BTCUSDT,"{""E"":1791339075133,""M"":true,""T"":1791339075132,""e"":""trade"",""m"":true,""p"":""84078.62000000"",""q"":""0.00006000"",""s"":""BTCUSDT"",""t"":6741319914}"
1791339075,200524200,spot,trade,0,0,379,BTCUSDT,"{""E"":1791339075133,""M"":true,""T"":1791339075132,""e"":""trade"",""m"":true,""p"":""84078.61000000"",""q"":""0.00007000"",""s"":""BTCUSDT"",""t"":6741319915}"
1791339075,200548900,spot,trade,0,0,380,BTCUSDT,"{""E"":1791339075133,""M"":true,""T"":1791339075132,""e"":""trade"",""m"":true,""p"":""84078.61000000"",""q"":""0.00007000"",""s"":""BTCUSDT"",""t"":6741319916}"
1791339075,200573900,spot,trade,0,0,381,BTCUSDT,"{""E"":1791339075133,""M"":true,""T"":1791339075132,""e"":""trade"",""m"":true,""p"":""84078.58000000"",""q"":""0.00037000"",""s"":""BTCUSDT"",""t"":6741319917}"
1791339075,200602000,spot,trade,0,0,382,BTCUSDT,"{""E"":1791339075133,""M"":true,""T"":1791339075132,""e"":""trade"",""m"":true,""p"":""84078.23000000"",""q"":""0.00009000"",""s"":""BTCUSDT"",""t"":6741319918}"
1791339075,206018000,spot,trade,0,0,383,BTCUSDT,"{""E"":1791339075141,""M"":true,""T"":1791339075140,""e"":""trade"",""m"":true,""p"":""84077.97000000"",""q"":""0.01119000"",""s"":""BTCUSDT"",""t"":6741319919}"
1791339075,206102000,spot,trade,0,0,384,BTCUSDT,"{""E"":1791339075141,""M"":true,""T"":1791339075140,""e"":""trade"",""m"":true,""p"":""84077.97000000"",""q"":""0.00007000"",""s"":""BTCUSDT"",""t"":6741319920}"
1791339075,206137100,spot,trade,0,0,385,BTCUSDT,"{""E"":1791339075141,""M"":true,""T"":1791339075140,""e"":""trade"",""m"":true,""p"":""84077.97000000"",""q"":""0.00006000"",""s"":""BTCUSDT"",""t"":6741319921}"
1791339075,206164800,spot,trade,0,0,386,BTCUSDT,"{""E"":1791339075141,""M"":true,""T"":1791339075140,""e"":""trade"",""m"":true,""p"":""84077.97000000"",""q"":""0.00007000"",""s"":""BTCUSDT"",""t"":6741319922}"
1791339075,206189500,spot,trade,0,0,387,BTCUSDT,"{""E"":1791339075141,""M"":true,""T"":1791339075140,""e"":""trade"",""m"":true,""p"":""84077.97000000"",""q"":""0.00007000"",""s"":""BTCUSDT"",""t"":6741319923}"
1791339075,206214000,spot,trade,0,0,388,BTCUSDT,"{""E"":1791339075141,""M"":true,""T"":1791339075140,""e"":""trade"",""m"":true,""p"":""84077.97000000"",""q"":""0.00007000"",""s"":""BTCUSDT"",""t"":6741319924}"
1791339075,206238300,spot,trade,0,0,389,BTCUSDT,"{""E"":1791339075141,""M"":true,""T"":1791339075140,""e"":""trade"",""m"":true,""p"":""84077.97000000"",""q"":""0.00006000"",""s"":""BTCUSDT"",""t"":6741319925}"
1791339075,206262900,spot,trade,0,0,390,BTCUSDT,"{""E"":1791339075141,""M"":true,""T"":1791339075140,""e"":""trade"",""m"":true,""p"":""84077.97000000"",""q"":""0.00006000"",""s"":""BTCUSDT"",""t"":6741319926}"
1791339075,206291100,spot,trade,0,0,391,BTCUSDT,"{""E"":1791339075141,""M"":true,""T"":1791339075140,""e"":""trade"",""m"":true,""p"":""84077.97000000"",""q"":""0.00007000"",""s"":""BTCUSDT"",""t"":6741319927}"
1791339075,206326900,spot,trade,0,0,392,BTCUSDT,"{""E"":1791339075141,""M"":true,""T"":1791339075140,""e"":""trade"",""m"":true,""p"":""84077.97000000"",""q"":""0.00006000"",""s"":""BTCUSDT"",""t"":6741319928}"
1791339075,206357900,spot,trade,0,0,393,BTCUSDT,"{""E"":1791339075141,""M"":true,""T"":1791339075140,""e"":""trade"",""m"":true,""p"":""84077.97000000"",""q"":""0.00006000"",""s"":""BTCUSDT"",""t"":6741319929}"
1791339075,206383700,spot,trade,0,0,394,BTCUSDT,"{""E"":1791339075141,""M"":true,""T"":1791339075140,""e"":""trade"",""m"":true,""p"":""84077.97000000"",""q"":""0.00006000"",""s"":""BTCUSDT"",""t"":6741319930}"
1791339075,206407400,spot,trade,0,0,395,BTCUSDT,"{""E"":1791339075141,""M"":true,""T"":1791339075140,""e"":""trade"",""m"":true,""p"":""84077.97000000"",""q"":""0.00006000"",""s"":""BTCUSDT"",""t"":6741319931}"
1791339075,206432400,spot,trade,0,0,396,BTCUSDT,"{""E"":1791339075141,""M"":true,""T"":1791339075140,""e"":""trade"",""m"":true,""p"":""84077.97000000"",""q"":""0.00006000"",""s"":""BTCUSDT"",""t"":6741319932}"
1791339075,206456500,spot,trade,0,0,397,BTCUSDT,"{""E"":1791339075141,""M"":true,""T"":1791339075140,""e"":""trade"",""m"":true,""p"":""84077.97000000"",""q"":""0.00006000"",""s"":""BTCUSDT"",""t"":6741319933}"
1791339075,206480000,spot,trade,0,0,398,BTCUSDT,"{""E"":1791339075141,""M"":true,""T"":1791339075140,""e"":""trade"",""m"":true,""p"":""84077.97000000"",""q"":""0.00006000"",""s"":""BTCUSDT"",""t"":6741319934}"
1791339075,206503300,spot,trade,0,0,399,BTCUSDT,"{""E"":1791339075141,""M"":true,""T"":1791339075140,""e"":""trade"",""m"":true,""p"":""84077.97000000"",""q"":""0.00006000"",""s"":""BTCUSDT"",""t"":6741319935}"
1791339075,206530600,spot,trade,0,0,400,BTCUSDT,"{""E"":1791339075141,""M"":true,""T"":1791339075140,""e"":""trade"",""m"":true,""p"":""84077.97000000"",""q"":""0.00006000"",""s"":""BTCUSDT"",""t"":6741319936}"
1791339075,206555500,spot,trade,0,0,401,BTCUSDT,"{""E"":1791339075141,""M"":true,""T"":1791339075140,""e"":""trade"",""m"":true,""p"":""84077.97000000"",""q"":""0.00006000"",""s"":""BTCUSDT"",""t"":6741319937}"
1791339075,206579200,spot,trade,0,0,402,BTCUSDT,"{""E"":1791339075141,""M"":true,""T"":1791339075140,""e"":""trade"",""m"":true,""p"":""84077.97000000"",""q"":""0.00006000"",""s"":""BTCUSDT"",""t"":6741319938}"
1791339075,206602400,spot,trade,0,0,403,BTCUSDT,"{""E"":1791339075141,""M"":true,""T"":1791339075140,""e"":""trade"",""m"":true,""p"":""84077.97000000"",""q"":""0.00006000"",""s"":""BTCUSDT"",""t"":6741319939}"
1791339075,206626400,spot,trade,0,0,404,BTCUSDT,"{""E"":1791339075141,""M"":true,""T"":1791339075140,""e"":""trade"",""m"":true,""p"":""84077.96000000"",""q"":""0.00007000"",""s"":""BTCUSDT"",""t"":6741319940}"
1791339075,206649700,spot,trade,0,0,405,BTCUSDT,"{""E"":1791339075141,""M"":true,""T"":1791339075140,""e"":""trade"",""m"":true,""p"":""84077.96000000"",""q"":""0.00007000"",""s"":""BTCUSDT"",""t"":6741319941}"
1791339075,206683900,spot,trade,0,0,406,BTCUSDT,"{""E"":1791339075141,""M"":true,""T"":1791339075140,""e"":""trade"",""m"":true,""p"":""84077.35000000"",""q"":""0.00008000"",""s"":""BTCUSDT"",""t"":6741319942}"
1791339075,206720100,spot,trade,0,0,407,BTCUSDT,"{""E"":1791339075141,""M"":true,""T"":1791339075140,""e"":""trade"",""m"":true,""p"":""84075.64000000"",""q"":""0.00006000"",""s"":""BTCUSDT"",""t"":6741319943}"
1791339075,206744200,spot,trade,0,0,408,BTCUSDT,"{""E"":1791339075141,""M"":true,""T"":1791339075140,""e"":""trade"",""m"":true,""p"":""84075.64000000"",""q"":""0.00006000"",""s"":""BTCUSDT"",""t"":6741319944}"
1791339075,206770300,spot,trade,0,0,409,BTCUSDT,"{""E"":1791339075141,""M"":true,""T"":1791339075140,""e"":""trade"",""m"":true,""p"":""84075.64000000"",""q"":""0.00006000"",""s"":""BTCUSDT"",""t"":6741319945}"
1791339075,206794700,spot,trade,0,0,410,BTCUSDT,"{""E"":1791339075141,""M"":true,""T"":1791339075140,""e"":""trade"",""m"":true,""p"":""84075.64000000"",""q"":""0.00006000"",""s"":""BTCUSDT"",""t"":6741319946}"
1791339075,206822900,spot,trade,0,0,411,BTCUSDT,"{""E"":1791339075141,""M"":true,""T"":1791339075140,""e"":""trade"",""m"":true,""p"":""84075.64000000"",""q"":""0.00006000"",""s"":""BTCUSDT"",""t"":6741319947}"
1791339075,206849600,spot,trade,0,0,412,BTCUSDT,"{""E"":1791339075141,""M"":true,""T"":1791339075140,""e"":""trade"",""m"":true,""p"":""84075.55000000"",""q"":""0.00007000"",""s"":""BTCUSDT"",""t"":6741319948}"
1791339075,206874200,spot,trade,0,0,413,BTCUSDT,"{""E"":1791339075141,""M"":true,""T"":1791339075140,""e"":""trade"",""m"":true,""p"":""84075.55000000"",""q"":""0.00007000"",""s"":""BTCUSDT"",""t"":6741319949}"
1791339075,206896800,spot,trade,0,0,414,BTCUSDT,"{""E"":1791339075141,""M"":true,""T"":1791339075140,""e"":""trade"",""m"":true,""p"":""84075.55000000"",""q"":""0.00007000"",""s"":""BTCUSDT"",""t"":6741319950}"
1791339075,206919600,spot,trade,0,0,415,BTCUSDT,"{""E"":1791339075141,""M"":true,""T"":1791339075140,""e"":""trade"",""m"":true,""p"":""84075.36000000"",""q"":""0.00006000"",""s"":""BTCUSDT"",""t"":6741319951}"
1791339075,206942300,spot,trade,0,0,416,BTCUSDT,"{""E"":1791339075141,""M"":true,""T"":1791339075140,""e"":""trade"",""m"":true,""p"":""84074.61000000"",""q"":""0.00006000"",""s"":""BTCUSDT"",""t"":6741319952}"
1791339075,206965600,spot,trade,0,0,417,BTCUSDT,"{""E"":1791339075141,""M"":true,""T"":1791339075140,""e"":""trade"",""m"":true,""p"":""84074.61000000"",""q"":""0.00006000"",""s"":""BTCUSDT"",""t"":6741319953}"
1791339075,206989900,spot,trade,0,0,418,BTCUSDT,"{""E"":1791339075141,""M"":true,""T"":1791339075140,""e"":""trade"",""m"":true,""p"":""84074.61000000"",""q"":""0.00006000"",""s"":""BTCUSDT"",""t"":6741319954}"
1791339075,207013100,spot,trade,0,0,419,BTCUSDT,"{""E"":1791339075141,""M"":true,""T"":1791339075140,""e"":""trade"",""m"":true,""p"":""84074.61000000"",""q"":""0.00006000"",""s"":""BTCUSDT"",""t"":6741319955}"
1791339075,207036000,spot,trade,0,0,420,BTCUSDT,"{""E"":1791339075141,""M"":true,""T"":1791339075140,""e"":""trade"",""m"":true,""p"":""84074.61000000"",""q"":""0.00006000"",""s"":""BTCUSDT"",""t"":6741319956}"
1791339075,207058800,spot,trade,0,0,421,BTCUSDT,"{""E"":1791339075141,""M"":true,""T"":1791339075140,""e"":""trade"",""m"":true,""p"":""84074.07000000"",""q"":""0.00012000"",""s"":""BTCUSDT"",""t"":6741319957}"
1791339075,207081700,spot,trade,0,0,422,BTCUSDT,"{""E"":1791339075141,""M"":true,""T"":1791339075140,""e"":""trade"",""m"":true,""p"":""84074.03000000"",""q"":""0.00007000"",""s"":""BTCUSDT"",""t"":6741319958}"
1791339075,207104600,spot,trade,0,0,423,BTCUSDT,"{""E"":1791339075141,""M"":true,""T"":1791339075140,""e"":""trade"",""m"":true,""p"":""84074.03000000"",""q"":""0.00007000"",""s"":""BTCUSDT"",""t"":6741319959}"
1791339075,207127600,spot,trade,0,0,424,BTCUSDT,"{""E"":1791339075141,""M"":true,""T"":1791339075140,""e"":""trade"",""m"":true,""p"":""84074.03000000"",""q"":""0.00007000"",""s"":""BTCUSDT"",""t"":6741319960}"
1791339075,207150600,spot,trade,0,0,425,BTCUSDT,"{""E"":1791339075141,""M"":true,""T"":1791339075140,""e"":""trade"",""m"":true,""p"":""84074.02000000"",""q"":""0.00006000"",""s"":""BTCUSDT"",""t"":6741319961}"
1791339075,207173500,spot,trade,0,0,426,BTCUSDT,"{""E"":1791339075141,""M"":true,""T"":1791339075140,""e"":""trade"",""m"":true,""p"":""84074.02000000"",""q"":""0.00006000"",""s"":""BTCUSDT"",""t"":6741319962}"
1791339075,207198000,spot,trade,0,0,427,BTCUSDT,"{""E"":1791339075141,""M"":true,""T"":1791339075140,""e"":""trade"",""m"":true,""p"":""84074.02000000"",""q"":""0.00006000"",""s"":""BTCUSDT"",""t"":6741319963}"
1791339075,207221500,spot,trade,0,0,428,BTCUSDT,"{""E"":1791339075141,""M"":true,""T"":1791339075140,""e"":""trade"",""m"":true,""p"":""84074.02000000"",""q"":""0.00006000"",""s"":""BTCUSDT"",""t"":6741319964}"
1791339075,207244200,spot,trade,0,0,429,BTCUSDT,"{""E"":1791339075141,""M"":true,""T"":1791339075140,""e"":""trade"",""m"":true,""p"":""84074.02000000"",""q"":""0.00006000"",""s"":""BTCUSDT"",""t"":6741319965}"
1791339075,207267100,spot,trade,0,0,430,BTCUSDT,"{""E"":1791339075141,""M"":true,""T"":1791339075140,""e"":""trade"",""m"":true,""p"":""84074.02000000"",""q"":""0.00006000"",""s"":""BTCUSDT"",""t"":6741319966}"
1791339075,207292900,spot,trade,0,0,431,BTCUSDT,"{""E"":1791339075141,""M"":true,""T"":1791339075140,""e"":""trade"",""m"":true,""p"":""84074.02000000"",""q"":""0.00006000"",""s"":""BTCUSDT"",""t"":6741319967}"
1791339075,207317900,spot,trade,0,0,432,BTCUSDT,"{""E"":1791339075141,""M"":true,""T"":1791339075140,""e"":""trade"",""m"":true,""p"":""84074.02000000"",""q"":""0.00006000"",""s"":""BTCUSDT"",""t"":6741319968}"
1791339075,207341200,spot,trade,0,0,433,BTCUSDT,"{""E"":1791339075141,""M"":true,""T"":1791339075140,""e"":""trade"",""m"":true,""p"":""84074.02000000"",""q"":""0.00006000"",""s"":""BTCUSDT"",""t"":6741319969}"
1791339075,207364200,spot,trade,0,0,434,BTCUSDT,"{""E"":1791339075141,""M"":true,""T"":1791339075140,""e"":""trade"",""m"":true,""p"":""84074.02000000"",""q"":""0.00006000"",""s"":""BTCUSDT"",""t"":6741319970}"
1791339075,207387000,spot,trade,0,0,435,BTCUSDT,"{""E"":1791339075141,""M"":true,""T"":1791339075140,""e"":""trade"",""m"":true,""p"":""84073.60000000"",""q"":""0.00190000"",""s"":""BTCUSDT"",""t"":6741319971}"
1791339075,207411500,spot,trade,0,0,436,BTCUSDT,"{""E"":1791339075141,""M"":true,""T"":1791339075140,""e"":""trade"",""m"":true,""p"":""84073.22000000"",""q"":""0.00007000"",""s"":""BTCUSDT"",""t"":6741319972}"
1791339075,207434800,spot,trade,0,0,437,BTCUSDT,"{""E"":1791339075141,""M"":true,""T"":1791339075140,""e"":""trade"",""m"":true,""p"":""84072.67000000"",""q"":""0.00007000"",""s"":""BTCUSDT"",""t"":6741319973}"
1791339075,207457700,spot,trade,0,0,438,BTCUSDT,"{""E"":1791339075141,""M"":true,""T"":1791339075140,""e"":""trade"",""m"":true,""p"":""84072.67000000"",""q"":""0.00007000"",""s"":""BTCUSDT"",""t"":6741319974}"
1791339075,207480600,spot,trade,0,0,439,BTCUSDT,"{""E"":1791339075141,""M"":true,""T"":1791339075140,""e"":""trade"",""m"":true,""p"":""84072.67000000"",""q"":""0.00007000"",""s"":""BTCUSDT"",""t"":6741319975}"
1791339075,207525000,spot,trade,0,0,440,BTCUSDT,"{""E"":1791339075141,""M"":true,""T"":1791339075140,""e"":""trade"",""m"":true,""p"":""84072.66000000"",""q"":""0.00336000"",""s"":""BTCUSDT"",""t"":6741319976}"
1791339075,207548900,spot,trade,0,0,441,BTCUSDT,"{""E"":1791339075141,""M"":true,""T"":1791339075140,""e"":""trade"",""m"":false,""p"":""84072.67000000"",""q"":""0.01189000"",""s"":""BTCUSDT"",""t"":6741319977}"
1791339075,207572100,spot,trade,0,0,442,BTCUSDT,"{""E"":1791339075141,""M"":true,""T"":1791339075140,""e"":""trade"",""m"":true,""p"":""84072.66000000"",""q"":""0.01200000"",""s"":""BTCUSDT"",""t"":6741319978}"
1791339075,207595100,spot,trade,0,0,443,BTCUSDT,"{""E"":1791339075142,""M"":true,""T"":1791339075141,""e"":""trade"",""m"":true,""p"":""84072.63000000"",""q"":""0.00048000"",""s"":""BTCUSDT"",""t"":6741319979}"
1791339075,207617700,spot,trade,0,0,444,BTCUSDT,"{""E"":1791339075142,""M"":true,""T"":1791339075141,""e"":""trade"",""m"":true,""p"":""84072.00000000"",""q"":""0.00012000"",""s"":""BTCUSDT"",""t"":6741319980}"
1791339075,207642500,spot,trade,0,0,445,BTCUSDT,"{""E"":1791339075142,""M"":true,""T"":1791339075141,""e"":""trade"",""m"":true,""p"":""84071.35000000"",""q"":""0.00059000"",""s"":""BTCUSDT"",""t"":6741319981}"
1791339075,207672900,spot,trade,0,0,446,BTCUSDT,"{""E"":1791339075142,""M"":true,""T"":1791339075141,""e"":""trade"",""m"":true,""p"":""84071.24000000"",""q"":""0.00007000"",""s"":""BTCUSDT"",""t"":6741319982}"
1791339075,207702800,spot,trade,0,0,447,BTCUSDT,"{""E"":1791339075142,""M"":true,""T"":1791339075141,""e"":""trade"",""m"":true,""p"":""84071.24000000"",""q"":""0.00007000"",""s"":""BTCUSDT"",""t"":6741319983}"
1791339075,207726400,spot,trade,0,0,448,BTCUSDT,"{""E"":1791339075142,""M"":true,""T"":1791339075141,""e"":""trade"",""m"":true,""p"":""84071.24000000"",""q"":""0.00007000"",""s"":""BTCUSDT"",""t"":6741319984}"
1791339075,207749300,spot,trade,0,0,449,BTCUSDT,"{""E"":1791339075142,""M"":true,""T"":1791339075141,""e"":""trade"",""m"":true,""p"":""84071.23000000"",""q"":""0.00560000"",""s"":""BTCUSDT"",""t"":6741319985}"
1791339075,207776300,spot,trade,0,0,450,BTCUSDT,"{""E"":1791339075142,""M"":true,""T"":1791339075141,""e"":""trade"",""m"":true,""p"":""84071.23000000"",""q"":""0.00200000"",""s"":""BTCUSDT"",""t"":6741319986}"
1791339075,207802300,spot,trade,0,0,451,BTCUSDT,"{""E"":1791339075142,""M"":true,""T"":1791339075141,""e"":""trade"",""m"":true,""p"":""84071.23000000"",""q"":""0.02000000"",""s"":""BTCUSDT"",""t"":6741319987}"
1791339075,207825900,spot,trade,0,0,452,BTCUSDT,"{""E"":1791339075142,""M"":true,""T"":1791339075141,""e"":""trade"",""m"":true,""p"":""84071.23000000"",""q"":""0.00809000"",""s"":""BTCUSDT"",""t"":6741319988}"
1791339075,207848700,spot,trade,0,0,453,BTCUSDT,"{""E"":1791339075142,""M"":true,""T"":1791339075141,""e"":""trade"",""m"":true,""p"":""84071.23000000"",""q"":""0.00006000"",""s"":""BTCUSDT"",""t"":6741319989}"
1791339075,207874400,spot,trade,0,0,454,BTCUSDT,"{""E"":1791339075142,""M"":true,""T"":1791339075141,""e"":""trade"",""m"":true,""p"":""84071.23000000"",""q"":""0.00006000"",""s"":""BTCUSDT"",""t"":6741319990}"
1791339075,207898300,spot,trade,0,0,455,BTCUSDT,"{""E"":1791339075142,""M"":true,""T"":1791339075141,""e"":""trade"",""m"":true,""p"":""84071.23000000"",""q"":""0.00006000"",""s"":""BTCUSDT"",""t"":6741319991}"
1791339075,207921400,spot,trade,0,0,456,BTCUSDT,"{""E"":1791339075142,""M"":true,""T"":1791339075141,""e"":""trade"",""m"":true,""p"":""84071.23000000"",""q"":""0.00006000"",""s"":""BTCUSDT"",""t"":6741319992}"
1791339075,207946300,spot,trade,0,0,457,BTCUSDT,"{""E"":1791339075142,""M"":true,""T"":1791339075141,""e"":""trade"",""m"":true,""p"":""84071.23000000"",""q"":""0.00006000"",""s"":""BTCUSDT"",""t"":6741319993}"
1791339075,207984900,spot,trade,0,0,458,BTCUSDT,"{""E"":1791339075142,""M"":true,""T"":1791339075141,""e"":""trade"",""m"":true,""p"":""84071.10000000"",""q"":""0.00006000"",""s"":""BTCUSDT"",""t"":6741319994}"
1791339075,208026100,spot,trade,0,0,459,BTCUSDT,"{""E"":1791339075142,""M"":true,""T"":1791339075141,""e"":""trade"",""m"":true,""p"":""84071.07000000"",""q"":""0.00006000"",""s"":""BTCUSDT"",""t"":6741319995}"
1791339075,208075600,spot,trade,0,0,460,BTCUSDT,"{""E"":1791339075142,""M"":true,""T"":1791339075141,""e"":""trade"",""m"":true,""p"":""84070.85000000"",""q"":""0.00190000"",""s"":""BTCUSDT"",""t"":6741319996}"
1791339075,208246200,spot,trade,0,0,461,BTCUSDT,"{""E"":1791339075142,""M"":true,""T"":1791339075141,""e"":""trade"",""m"":true,""p"":""84070.74000000"",""q"":""0.00959000"",""s"":""BTCUSDT"",""t"":6741319997}"
1791339075,208300400,spot,trade,0,0,462,BTCUSDT,"{""E"":1791339075143,""M"":true,""T"":1791339075142,""e"":""trade"",""m"":true,""p"":""84070.74000000"",""q"":""0.02000000"",""s"":""BTCUSDT"",""t"":6741319998}"
1791339075,208339100,spot,trade,0,0,463,BTCUSDT,"{""E"":1791339075143,""M"":true,""T"":1791339075142,""e"":""trade"",""m"":true,""p"":""84070.74000000"",""q"":""0.01041000"",""s"":""BTCUSDT"",""t"":6741319999}"
1791339075,208394900,spot,trade,0,0,464,BTCUSDT,"{""E"":1791339075143,""M"":true,""T"":1791339075142,""e"":""trade"",""m"":true,""p"":""84070.74000000"",""q"":""0.00006000"",""s"":""BTCUSDT"",""t"":6741320000}"
1791339075,208443900,spot,trade,0,0,465,BTCUSDT,"{""E"":1791339075143,""M"":true,""T"":1791339075142,""e"":""trade"",""m"":true,""p"":""84070.74000000"",""q"":""0.00006000"",""s"":""BTCUSDT"",""t"":6741320001}"
1791339075,208511400,spot,trade,0,0,466,BTCUSDT,"{""E"":1791339075143,""M"":true,""T"":1791339075142,""e"":""trade"",""m"":true,""p"":""84070.74000000"",""q"":""0.00006000"",""s"":""BTCUSDT"",""t"":6741320002}"
1791339075,208610100,spot,trade,0,0,467,BTCUSDT,"{""E"":1791339075143,""M"":true,""T"":1791339075142,""e"":""trade"",""m"":true,""p"":""84070.74000000"",""q"":""0.00006000"",""s"":""BTCUSDT"",""t"":6741320003}"
1791339075,208748700,spot,trade,0,0,468,BTCUSDT,"{""E"":1791339075143,""M"":true,""T"":1791339075142,""e"":""trade"",""m"":true,""p"":""84070.74000000"",""q"":""0.00006000"",""s"":""BTCUSDT"",""t"":6741320004}"
1791339075,208848800,spot,trade,0,0,469,BTCUSDT,"{""E"":1791339075143,""M"":true,""T"":1791339075142,""e"":""trade"",""m"":true,""p"":""84070.74000000"",""q"":""0.00006000"",""s"":""BTCUSDT"",""t"":6741320005}"
1791339075,208954300,spot,trade,0,0,470,BTCUSDT,"{""E"":1791339075143,""M"":true,""T"":1791339075142,""e"":""trade"",""m"":true,""p"":""84070.74000000"",""q"":""0.00006000"",""s"":""BTCUSDT"",""t"":6741320006}"
1791339075,209013200,spot,trade,0,0,471,BTCUSDT,"{""E"":1791339075143,""M"":true,""T"":1791339075142,""e"":""trade"",""m"":true,""p"":""84070.74000000"",""q"":""0.00006000"",""s"":""BTCUSDT"",""t"":6741320007}"
1791339075,209146400,spot,trade,0,0,472,BTCUSDT,"{""E"":1791339075143,""M"":true,""T"":1791339075142,""e"":""trade"",""m"":true,""p"":""84070.74000000"",""q"":""0.00006000"",""s"":""BTCUSDT"",""t"":6741320008}"
1791339075,209257600,spot,trade,0,0,473,BTCUSDT,"{""E"":1791339075143,""M"":true,""T"":1791339075142,""e"":""trade"",""m"":true,""p"":""84070.74000000"",""q"":""0.00005000"",""s"":""BTCUSDT"",""t"":6741320009}"
1791339075,304052600,spot,trade,0,0,474,BTCUSDT,"{""E"":1791339075170,""M"":true,""T"":1791339075170,""e"":""trade"",""m"":false,""p"":""84070.75000000"",""q"":""0.01111000"",""s"":""BTCUSDT"",""t"":6741320010}"
1791339075,304158300,spot,depth5,0,0,475,BTCUSDT,"{""asks"":[[""84070.75000000"",""0.38430000""],[""84071.10000000"",""0.00006000""],[""84071.86000000"",""0.00007000""],[""84075.36000000"",""0.00006000""],[""84077.96000000"",""0.00006000""]],""bids"":[[""84070.74000000"",""7.74726000""],[""84070.65000000"",""0.29752000""],[""84069.90000000"",""0.00008000""],[""84069.85000000"",""0.00009000""],[""84069.75000000"",""0.00024000""]],""lastUpdateId"":101123535081}"
1791339075,310266800,spot,depth_diff,0,0,476,BTCUSDT,"{""E"":1791339075214,""U"":101123533338,""a"":[[""84070.75000000"",""0.38430000""],[""84070.85000000"",""0.00000000""],[""84070.86000000"",""0.00000000""],[""84071.08000000"",""0.00000000""],[""84071.09000000"",""0.00000000""],[""84071.10000000"",""0.00006000""],[""84071.23000000"",""0.00000000""],[""84071.24000000"",""0.00000000""],[""84071.36000000"",""0.00000000""],[""84071.86000000"",""0.00007000""],[""84072.01000000"",""0.00000000""],[""84072.64000000"",""0.00000000""],[""84072.65000000"",""0.00000000""],[""84072.66000000"",""0.00000000""],[""84072.67000000"",""0.00000000""],[""84072.96000000"",""0.00000000""],[""84074.01000000"",""0.00000000""],[""84074.02000000"",""0.00000000""],[""84074.03000000"",""0.00000000""],[""84074.08000000"",""0.00000000""],[""84075.18000000"",""0.00000000""],[""84075.19000000"",""0.00000000""],[""84075.36000000"",""0.00006000""],[""84075.55000000"",""0.00000000""],[""84075.65000000"",""0.00000000""],[""84076.90000000"",""0.00000000""],[""84077.02000000"",""0.00000000""],[""84077.89000000"",""0.00000000""],[""84077.95000000"",""0.00000000""],[""84077.96000000"",""0.00006000""],[""84077.97000000"",""0.00000000""],[""84077.98000000"",""0.00030000""],[""84078.58000000"",""0.00000000""],[""84078.59000000"",""0.00000000""],[""84078.62000000"",""0.00000000""],[""84078.63000000"",""0.00000000""],[""84078.64000000"",""0.00000000""],[""84078.67000000"",""0.00000000""],[""84079.16000000"",""0.00007000""],[""84079.22000000"",""0.00000000""],[""84079.31000000"",""0.00000000""],[""84079.32000000"",""0.00000000""],[""84079.62000000"",""0.00012000""],[""84079.63000000"",""0.00000000""],[""84079.65000000"",""0.00000000""],[""84079.77000000"",""0.00024000""],[""84080.67000000"",""0.00000000""],[""84080.95000000"",""0.00000000""],[""84081.14000000"",""0.00000000""],[""84081.23000000"",""0.00000000""],[""84081.40000000"",""0.17220000""],[""84081.46000000"",""0.17232000""],[""84082.02000000"",""0.00014000""],[""84082.03000000"",""0.16956000""],[""84082.04000000"",""0.30000000""],[""84082.13000000"",""0.00020000""],[""84082.14000000"",""0.30018000""],[""84082.27000000"",""0.00000000""],[""84082.28000000"",""0.00014000""],[""84082.29000000"",""0.30349000""],[""84082.41000000"",""0.00000000""],[""84082.44000000"",""0.00000000""],[""84082.92000000"",""0.00000000""],[""84083.04000000"",""0.00209000""],[""84083.11000000"",""0.00006000""],[""84083.75000000"",""0.00000000""],[""84083.88000000"",""0.00012000""],[""84083.89000000"",""0.00000000""],[""84084.59000000"",""0.00007000""],[""84084.60000000"",""0.28712000""],[""84084.61000000"",""0.33756000""],[""84084.84000000"",""0.00008000""],[""84085.01000000"",""0.00000000""],[""84085.41000000"",""0.37512000""],[""84085.42000000"",""1.15558000""],[""84085.56000000"",""0.00400000""],[""84086.07000000"",""0.00000000""],[""84086.20000000"",""0.00200000""],[""84086.21000000"",""0.00000000""],[""84086.22000000"",""0.02914000""],[""84086.76000000"",""0.00200000""],[""84086.77000000"",""0.00000000""],[""84087.04000000"",""0.00000000""],[""84087.11000000"",""0.00009000""],[""84087.56000000"",""0.06006000""],[""84088.00000000"",""0.00000000""],[""84088.12000000"",""0.00000000""],[""84088.39000000"",""0.00200000""],[""84088.66000000"",""0.10239000""],[""84088.69000000"",""0.18725000""],[""84088.70000000"",""0.21869000""],[""84089.39000000"",""0.00007000""],[""84089.40000000"",""0.00200000""],[""84089.41000000"",""0.00000000""],[""84089.46000000"",""0.00000000""],[""84089.96000000"",""0.02000000""],[""84090.20000000"",""0.00580000""],[""84090.78000000"",""0.00006000""],[""84090.84000000"",""0.00007000""],[""84091.15000000"",""0.32118000""],[""84091.66000000"",""0.00849000""],[""84091.67000000"",""0.00006000""],[""84091.68000000"",""0.00000000""],[""84091.69000000"",""0.00000000""],[""84091.70000000"",""0.33863000""],[""84091.88000000"",""0.00649000""],[""84091.96000000"",""0.00000000""],[""84092.62000000"",""0.25085000""],[""84092.63000000"",""0.02908000""],[""84092.83000000"",""0.00000000""],[""84093.02000000"",""0.00000000""],[""84093.05000000"",""0.00000000""],[""84093.46000000"",""0.00000000""],[""84093.67000000"",""0.00000000""],[""84093.83000000"",""0.00000000""],[""84093.84000000"",""0.00000000""],[""84093.91000000"",""0.10226000""],[""84093.93000000"",""0.15334000""],[""84094.45000000"",""0.00589000""],[""84094.58000000"",""0.32116000""],[""84094.62000000"",""0.00000000""],[""84094.83000000"",""0.03084000""],[""84095.05000000"",""0.00007000""],[""84095.45000000"",""0.00000000""],[""84095.99000000"",""0.00000000""],[""84096.09000000"",""0.00644000""],[""84096.88000000"",""0.00000000""],[""84096.91000000"",""0.00000000""],[""84096.92000000"",""1.30013000""],[""84096.93000000"",""0.00000000""],[""84097.14000000"",""0.00000000""],[""84097.33000000"",""0.00000000""],[""84098.64000000"",""0.00009000""],[""84098.67000000"",""0.00000000""],[""84099.18000000"",""0.02908000""],[""84099.25000000"",""0.00007000""],[""84099.57000000"",""0.10225000""],[""84099.65000000"",""0.00000000""],[""84100.00000000"",""0.00000000""],[""84100.09000000"",""1.58676000""],[""84100.11000000"",""0.33750000""],[""84100.17000000"",""0.00007000""],[""84100.52000000"",""0.15659000""],[""84100.74000000"",""0.64000000""],[""84100.77000000"",""0.00000000""],[""84101.03000000"",""0.00000000""],[""84101.52000000"",""0.11205000""],[""84101.53000000"",""0.00000000""],[""84102.04000000"",""0.12000000""],[""84102.75000000"",""0.10225000""],[""84103.44000000"",""0.00000000""],[""84103.46000000"",""0.00086000""],[""84103.85000000"",""0.00000000""],[""84104.62000000"",""0.00119000""],[""84104.63000000"",""0.00151000""],[""84104.77000000"",""0.08311000""],[""84104.96000000"",""0.00000000""],[""84105.44000000"",""0.00188000""],[""84105.45000000"",""0.00000000""],[""84106.37000000"",""0.00000000""],[""84107.66000000"",""0.00007000""],[""84108.06000000"",""0.00000000""],[""84108.91000000"",""0.00025000""],[""84109.16000000"",""0.00000000""],[""84111.05000000"",""0.00191000""],[""84111.10000000"",""0.00000000""],[""84111.15000000"",""0.00000000""],[""84111.78000000"",""0.00000000""],[""84111.86000000"",""0.00007000""],[""84112.26000000"",""0.00000000""],[""84112.43000000"",""0.00025000""],[""84112.59000000"",""0.00000000""],[""84113.37000000"",""0.00000000""],[""84113.43000000"",""0.00059000""],[""84113.49000000"",""0.00000000""],[""84113.70000000"",""0.00006000""],[""84115.10000000"",""0.01057000""],[""84115.25000000"",""0.00000000""],[""84115.36000000"",""0.00000000""],[""84115.72000000"",""0.66954000""],[""84116.07000000"",""0.00007000""],[""84116.47000000"",""0.00000000""],[""84116.82000000"",""0.00000000""],[""84117.57000000"",""0.00000000""],[""84117.96000000"",""0.00052000""],[""84118.18000000"",""0.68863000""],[""84118.99000000"",""0.00000000""],[""84119.09000000"",""0.00000000""],[""84119.30000000"",""0.00163000""],[""84119.57000000"",""0.00000000""],[""84120.05000000"",""0.00000000""],[""84120.67000000"",""0.00000000""],[""84121.00000000"",""0.01000000""],[""84121.42000000"",""0.00000000""],[""84121.52000000"",""0.00038000""],[""84121.78000000"",""0.00000000""],[""84122.22000000"",""0.00000000""],[""84123.33000000"",""0.00436000""],[""84124.16000000"",""0.00000000""],[""84124.39000000"",""0.00000000""],[""84124.88000000"",""0.93995000""],[""84124.99000000"",""0.00297000""],[""84125.98000000"",""0.00000000""],[""84126.27000000"",""0.55442000""],[""84126.48000000"",""0.00000000""],[""84127.70000000"",""0.02340000""],[""84128.00000000"",""0.00006000""],[""84128.44000000"",""0.00000000""],[""84129.54000000"",""0.00000000""],[""84130.18000000"",""0.00000000""],[""84130.76000000"",""0.64267000""],[""84130.96000000"",""0.00427000""],[""84131.93000000"",""0.00000000""],[""84132.35000000"",""0.00000000""],[""84133.64000000"",""0.00000000""],[""84134.72000000"",""0.00000000""],[""84135.60000000"",""0.00000000""],[""84135.82000000"",""0.00425000""],[""84136.88000000"",""0.00000000""],[""84137.39000000"",""0.00000000""],[""84137.66000000"",""0.00000000""],[""84139.17000000"",""0.93980000""],[""84139.56000000"",""0.00000000""],[""84142.16000000"",""0.00000000""],[""84146.52000000"",""0.00000000""],[""84147.86000000"",""0.00000000""],[""84148.06000000"",""0.00014000""],[""84148.30000000"",""0.00000000""],[""84150.46000000"",""0.00000000""],[""84153.88000000"",""0.00109000""],[""84156.57000000"",""0.00000000""],[""84157.01000000"",""0.62592000""],[""84157.02000000"",""0.00000000""],[""84157.91000000"",""0.00000000""],[""84158.26000000"",""0.00000000""],[""84158.94000000"",""0.00000000""],[""84162.71000000"",""0.00015000""],[""84167.28000000"",""0.00000000""],[""84172.23000000"",""0.00000000""],[""84179.35000000"",""0.00000000""],[""84184.10000000"",""0.00000000""],[""84191.53000000"",""1.51404000""],[""84191.54000000"",""0.00000000""],[""84197.43000000"",""0.00000000""],[""84197.88000000"",""0.00000000""],[""84200.92000000"",""0.00000000""],[""84217.74000000"",""0.00000000""],[""84234.56000000"",""0.00000000""],[""84246.66000000"",""0.00007000""],[""84246.79000000"",""0.00007000""],[""84251.38000000"",""0.00000000""],[""84256.32000000"",""0.00000000""],[""84257.34000000"",""0.10467000""],[""84268.20000000"",""0.00000000""],[""84285.02000000"",""0.00000000""],[""84301.84000000"",""0.00000000""],[""84302.32000000"",""0.33757000""],[""84310.73000000"",""0.00000000""],[""84318.66000000"",""0.00000000""],[""84330.87000000"",""0.00007000""],[""84335.48000000"",""0.00000000""],[""84340.40000000"",""0.00000000""],[""84373.89000000"",""1.19998000""],[""84406.22000000"",""0.00009000""],[""84414.91000000"",""9.47997000""],[""84414.94000000"",""0.00007000""],[""84424.49000000"",""0.00000000""],[""84499.02000000"",""0.00007000""],[""84508.58000000"",""0.00000000""],[""84583.10000000"",""0.00007000""],[""84592.67000000"",""0.00000000""],[""84667.18000000"",""0.00007000""],[""84676.76000000"",""0.00007000""],[""84751.26000000"",""0.00007000""],[""84760.85000000"",""0.00000000""]],""b"":[[""84085.41000000"",""0.00000000""],[""84085.40000000"",""0.00000000""],[""84084.60000000"",""0.00000000""],[""84083.88000000"",""0.00000000""],[""84083.30000000"",""0.00000000""],[""84082.26000000"",""0.00000000""],[""84082.14000000"",""0.00000000""],[""84082.13000000"",""0.00000000""],[""84082.01000000"",""0.00000000""],[""84080.66000000"",""0.00000000""],[""84079.64000000"",""0.00000000""],[""84079.62000000"",""0.00000000""],[""84079.31000000"",""0.00000000""],[""84079.30000000"",""0.00000000""],[""84078.63000000"",""0.00000000""],[""84078.62000000"",""0.00000000""],[""84078.61000000"",""0.00000000""],[""84078.58000000"",""0.00000000""],[""84078.23000000"",""0.00000000""],[""84077.98000000"",""0.00000000""],[""84077.97000000"",""0.00000000""],[""84077.96000000"",""0.00000000""],[""84077.35000000"",""0.00000000""],[""84077.02000000"",""0.00000000""],[""84077.01000000"",""0.00000000""],[""84077.00000000"",""0.00000000""],[""84076.79000000"",""0.00000000""],[""84076.78000000"",""0.00000000""],[""84076.76000000"",""0.00000000""],[""84076.75000000"",""0.00000000""],[""84076.30000000"",""0.00000000""],[""84075.65000000"",""0.00000000""],[""84075.64000000"",""0.00000000""],[""84075.55000000"",""0.00000000""],[""84075.54000000"",""0.00000000""],[""84075.36000000"",""0.00000000""],[""84074.68000000"",""0.00000000""],[""84074.61000000"",""0.00000000""],[""84074.53000000"",""0.00000000""],[""84074.25000000"",""0.00000000""],[""84074.07000000"",""0.00000000""],[""84074.03000000"",""0.00000000""],[""84074.02000000"",""0.00000000""],[""84073.93000000"",""0.00000000""],[""84073.60000000"",""0.00000000""],[""84073.22000000"",""0.00000000""],[""84072.74000000"",""0.00000000""],[""84072.67000000"",""0.00000000""],[""84072.66000000"",""0.00000000""],[""84072.63000000"",""0.00000000""],[""84072.00000000"",""0.00000000""],[""84071.81000000"",""0.00000000""],[""84071.35000000"",""0.00000000""],[""84071.31000000"",""0.00000000""],[""84071.24000000"",""0.00000000""],[""84071.23000000"",""0.00000000""],[""84071.10000000"",""0.00000000""],[""84071.08000000"",""0.00000000""],[""84071.07000000"",""0.00000000""],[""84070.85000000"",""0.00000000""],[""84070.80000000"",""0.00000000""],[""84070.74000000"",""7.74726000""],[""84070.73000000"",""0.00000000""],[""84070.66000000"",""0.00000000""],[""84070.65000000"",""0.29752000""],[""84070.64000000"",""0.00000000""],[""84070.21000000"",""0.00000000""],[""84069.90000000"",""0.00008000""],[""84069.86000000"",""0.00000000""],[""84069.79000000"",""0.00000000""],[""84069.75000000"",""0.00024000""],[""84069.67000000"",""0.00000000""],[""84069.66000000"",""0.00000000""],[""84069.56000000"",""0.00000000""],[""84069.02000000"",""0.11163000""],[""84068.81000000"",""0.00000000""],[""84068.65000000"",""0.00000000""],[""84068.58000000"",""0.00000000""],[""84068.47000000"",""0.00000000""],[""84068.39000000"",""0.00000000""],[""84068.23000000"",""0.00000000""],[""84068.22000000"",""0.00000000""],[""84067.75000000"",""0.00000000""],[""84067.70000000"",""0.32127000""],[""84067.11000000"",""0.00000000""],[""84067.07000000"",""0.32127000""],[""84067.01000000"",""0.00000000""],[""84067.00000000"",""0.00006000""],[""84066.99000000"",""0.00000000""],[""84066.84000000"",""0.00012000""],[""84065.36000000"",""0.29746000""],[""84065.19000000"",""0.00000000""],[""84064.99000000"",""0.00000000""],[""84064.94000000"",""0.23576000""],[""84064.71000000"",""0.00410000""],[""84064.25000000"",""0.00007000""],[""84063.91000000"",""0.00000000""],[""84063.90000000"",""0.00000000""],[""84063.36000000"",""0.00684000""],[""84063.07000000"",""1.12020000""],[""84063.06000000"",""3.75278000""],[""84063.05000000"",""0.00000000""],[""84062.93000000"",""0.00000000""],[""84062.90000000"",""0.00000000""],[""84062.86000000"",""0.00000000""],[""84062.58000000"",""0.00012000""],[""84062.40000000"",""0.00000000""],[""84062.26000000"",""0.00000000""],[""84062.25000000"",""0.62263000""],[""84062.24000000"",""0.00000000""],[""84062.01000000"",""0.00821000""],[""84061.92000000"",""0.00000000""],[""84061.91000000"",""0.00006000""],[""84061.81000000"",""0.00000000""],[""84061.80000000"",""0.33756000""],[""84061.48000000"",""0.00000000""],[""84061.20000000"",""0.00000000""],[""84060.99000000"",""0.00000000""],[""84060.95000000"",""0.00000000""],[""84060.71000000"",""0.00000000""],[""84060.67000000"",""0.00821000""],[""84060.30000000"",""0.00000000""],[""84060.26000000"",""0.00000000""],[""84060.05000000"",""0.00000000""],[""84060.04000000"",""0.00000000""],[""84059.93000000"",""1.78405000""],[""84059.81000000"",""0.00000000""],[""84059.77000000"",""0.00000000""],[""84059.73000000"",""0.00000000""],[""84059.49000000"",""0.00000000""],[""84059.29000000"",""0.00000000""],[""84059.26000000"",""0.00000000""],[""84059.23000000"",""0.00594000""],[""84058.70000000"",""0.00000000""],[""84058.62000000"",""0.00000000""],[""84058.32000000"",""0.00012000""],[""84058.30000000"",""0.00000000""],[""84057.58000000"",""0.00000000""],[""84057.49000000"",""0.00012000""],[""84057.41000000"",""0.70423000""],[""84057.40000000"",""1.96879000""],[""84057.14000000"",""0.00006000""],[""84057.10000000"",""0.34852000""],[""84056.93000000"",""0.11511000""],[""84056.79000000"",""0.00000000""],[""84056.75000000"",""0.00000000""],[""84056.71000000"",""0.35701000""],[""84056.67000000"",""0.00000000""],[""84056.10000000"",""0.00000000""],[""84055.85000000"",""0.00007000""],[""84055.84000000"",""0.00000000""],[""84055.83000000"",""0.00000000""],[""84055.66000000"",""0.00000000""],[""84055.60000000"",""0.00012000""],[""84055.51000000"",""0.00000000""],[""84055.10000000"",""0.00000000""],[""84055.00000000"",""0.00010000""],[""84054.99000000"",""0.00000000""],[""84054.98000000"",""0.00000000""],[""84054.73000000"",""0.00000000""],[""84054.71000000"",""0.00188000""],[""84054.60000000"",""0.00060000""],[""84054.49000000"",""0.00000000""],[""84054.44000000"",""0.00000000""],[""84054.41000000"",""0.00007000""],[""84054.05000000"",""0.03569000""],[""84054.04000000"",""0.00000000""],[""84053.96000000"",""0.02000000""],[""84053.93000000"",""0.02908000""],[""84053.84000000"",""0.00000000""],[""84053.73000000"",""1.58091000""],[""84053.54000000"",""0.00597000""],[""84053.04000000"",""1.96873000""],[""84052.88000000"",""1.63448000""],[""84052.87000000"",""0.00000000""],[""84052.58000000"",""0.00000000""],[""84052.47000000"",""0.10868000""],[""84051.67000000"",""0.29743000""],[""84051.64000000"",""0.00007000""],[""84050.98000000"",""0.00000000""],[""84050.94000000"",""1.63448000""],[""84050.80000000"",""0.00000000""],[""84050.57000000"",""0.00165000""],[""84050.35000000"",""0.00000000""],[""84050.29000000"",""0.00000000""],[""84049.54000000"",""0.00000000""],[""84048.88000000"",""0.00119000""],[""84048.75000000"",""0.93768000""],[""84048.74000000"",""1.71296000""],[""84048.65000000"",""0.00000000""],[""84048.64000000"",""0.00000000""],[""84048.52000000"",""0.00000000""],[""84048.48000000"",""0.34846000""],[""84048.38000000"",""0.00000000""],[""84048.13000000"",""0.03568000""],[""84048.11000000"",""0.02000000""],[""84047.90000000"",""0.00000000""],[""84047.44000000"",""0.00007000""],[""84047.20000000"",""0.00021000""],[""84046.74000000"",""0.00000000""],[""84046.61000000"",""0.00000000""],[""84046.32000000"",""0.00000000""],[""84046.28000000"",""0.40808000""],[""84046.09000000"",""0.00000000""],[""84046.01000000"",""0.00000000""],[""84046.00000000"",""0.00000000""],[""84045.92000000"",""0.00000000""],[""84045.13000000"",""0.00574000""],[""84045.09000000"",""0.68126000""],[""84045.08000000"",""1.63448000""],[""84045.02000000"",""0.29764000""],[""84045.00000000"",""0.54481000""],[""84044.45000000"",""0.10232000""],[""84044.31000000"",""0.00000000""],[""84044.29000000"",""0.00000000""],[""84044.17000000"",""0.00000000""],[""84043.48000000"",""0.32136000""],[""84043.23000000"",""0.00007000""],[""84043.00000000"",""0.00000000""],[""84042.00000000"",""0.00012000""],[""84041.74000000"",""0.33750000""],[""84041.28000000"",""0.00012000""],[""84040.80000000"",""0.86381000""],[""84040.31000000"",""0.00000000""],[""84040.21000000"",""0.00000000""],[""84039.97000000"",""0.00000000""],[""84039.75000000"",""0.00000000""],[""84039.53000000"",""0.03082000""],[""84039.27000000"",""0.10233000""],[""84039.12000000"",""0.10000000""],[""84039.03000000"",""0.00007000""],[""84038.28000000"",""0.00000000""],[""84037.80000000"",""1.71296000""],[""84037.73000000"",""0.70000000""],[""84037.34000000"",""1.42278000""],[""84037.33000000"",""0.00000000""],[""84037.12000000"",""0.01000000""],[""84037.02000000"",""0.00012000""],[""84036.73000000"",""1.63448000""],[""84036.72000000"",""0.00588000""],[""84036.68000000"",""0.00000000""],[""84036.56000000"",""0.10233000""],[""84035.48000000"",""1.63448000""],[""84035.22000000"",""0.00000000""],[""84034.83000000"",""0.00007000""],[""84033.25000000"",""0.00000000""],[""84033.11000000"",""0.10234000""],[""84032.91000000"",""0.00042000""],[""84032.76000000"",""0.00012000""],[""84032.72000000"",""0.00000000""],[""84032.62000000"",""0.14000000""],[""84032.54000000"",""0.00000000""],[""84031.85000000"",""0.46749000""],[""84031.55000000"",""0.51690000""],[""84030.89000000"",""0.00000000""],[""84030.68000000"",""0.02000000""],[""84030.62000000"",""0.00007000""],[""84029.95000000"",""0.77353000""],[""84029.10000000"",""0.95748000""],[""84029.09000000"",""0.00000000""],[""84029.01000000"",""0.00000000""],[""84029.00000000"",""0.00000000""],[""84028.82000000"",""0.00000000""],[""84028.50000000"",""0.00000000""],[""84028.31000000"",""0.00591000""],[""84028.00000000"",""0.01000000""],[""84026.86000000"",""2.03438000""],[""84025.16000000"",""0.62555000""],[""84025.15000000"",""1.63448000""],[""84025.14000000"",""0.00000000""],[""84025.13000000"",""0.00000000""],[""84024.89000000"",""0.00000000""],[""84024.18000000"",""0.00000000""],[""84023.23000000"",""0.00000000""],[""84020.90000000"",""0.00000000""],[""84020.35000000"",""1.58013000""],[""84020.34000000"",""3.60321000""],[""84020.33000000"",""0.00000000""],[""84020.32000000"",""0.00000000""],[""84020.30000000"",""0.00063000""],[""84020.16000000"",""0.00000000""],[""84019.90000000"",""0.00596000""],[""84017.87000000"",""0.00000000""],[""84015.93000000"",""0.49752000""],[""84015.92000000"",""1.71296000""],[""84015.90000000"",""0.00000000""],[""84015.04000000"",""0.00432000""],[""84014.86000000"",""0.00436000""],[""84014.46000000"",""0.00000000""],[""84014.12000000"",""0.00000000""],[""84013.73000000"",""0.00000000""],[""84012.54000000"",""0.00000000""],[""84012.53000000"",""1.63448000""],[""84012.17000000"",""0.00433000""],[""84011.19000000"",""0.05663000""],[""84010.96000000"",""0.00111000""],[""84010.20000000"",""0.00000000""],[""84009.57000000"",""0.00000000""],[""84007.71000000"",""0.00000000""],[""84006.88000000"",""1.63448000""],[""84004.98000000"",""1.71296000""],[""84003.59000000"",""0.00000000""],[""84003.55000000"",""0.00000000""],[""84003.54000000"",""0.00000000""],[""84003.19000000"",""0.00000000""],[""84000.02000000"",""1.71296000""],[""84000.01000000"",""0.00000000""],[""83999.08000000"",""0.00000000""],[""83998.60000000"",""0.01711000""],[""83997.94000000"",""0.00000000""],[""83997.92000000"",""0.00000000""],[""83995.73000000"",""0.00000000""],[""83995.72000000"",""2.02746000""],[""83994.54000000"",""0.00007000""],[""83993.33000000"",""3.63399000""],[""83993.01000000"",""0.00000000""],[""83992.60000000"",""1.71296000""],[""83989.45000000"",""0.02000000""],[""83984.47000000"",""0.00000000""],[""83982.26000000"",""0.00000000""],[""83981.66000000"",""1.71296000""],[""83974.46000000"",""0.12414000""],[""83973.30000000"",""0.11575000""],[""83971.01000000"",""0.00000000""],[""83970.72000000"",""1.71296000""],[""83965.44000000"",""0.00000000""],[""83965.34000000"",""0.00000000""],[""83965.32000000"",""0.00000000""],[""83959.78000000"",""1.71296000""],[""83957.55000000"",""0.00000000""],[""83952.18000000"",""0.00400000""],[""83949.04000000"",""1.71296000""],[""83949.03000000"",""0.00000000""],[""83948.62000000"",""0.00000000""],[""83940.10000000"",""0.00000000""],[""83940.09000000"",""1.63448000""],[""83938.10000000"",""1.71296000""],[""83936.01000000"",""0.00000000""],[""83933.09000000"",""0.00000000""],[""83931.80000000"",""0.00000000""],[""83927.47000000"",""0.00000000""],[""83927.16000000"",""1.71296000""],[""83919.50000000"",""0.00000000""],[""83916.01000000"",""0.00118000""],[""83914.98000000"",""0.00000000""],[""83914.86000000"",""0.00000000""],[""83914.85000000"",""0.00000000""],[""83910.46000000"",""0.00007000""],[""83909.20000000"",""1.78521000""],[""83898.16000000"",""0.00000000""],[""83881.34000000"",""0.00000000""],[""83864.52000000"",""0.00000000""],[""83847.70000000"",""0.00000000""],[""83835.42000000"",""0.00000000""],[""83830.88000000"",""0.00000000""],[""83826.38000000"",""0.00007000""],[""83814.06000000"",""0.00000000""],[""83751.33000000"",""0.00000000""],[""83743.71000000"",""9.55595000""],[""83742.31000000"",""0.00007000""],[""83667.24000000"",""0.00000000""],[""83663.06000000"",""0.00012000""],[""83658.23000000"",""0.00007000""],[""83583.15000000"",""0.00000000""],[""83574.15000000"",""0.00007000""],[""83499.07000000"",""0.00011000""],[""83490.07000000"",""0.00007000""],[""83414.98000000"",""0.00000000""],[""83405.99000000"",""0.00007000""],[""82870.69000000"",""0.00000000""],[""82824.13000000"",""0.00000000""],[""82702.77000000"",""0.00000000""],[""75676.87000000"",""0.00000000""],[""75663.67000000"",""0.00023000""],[""67273.36000000"",""0.00145000""]],""e"":""depthUpdate"",""s"":""BTCUSDT"",""u"":101123535081}"
1791339075,373645300,spot,depth5,0,0,477,BTCUSDT,"{""asks"":[[""84070.75000000"",""1.15107000""],[""84071.10000000"",""0.00006000""],[""84071.86000000"",""0.00007000""],[""84072.09000000"",""0.00014000""],[""84072.10000000"",""0.01694000""]],""bids"":[[""84070.74000000"",""7.76708000""],[""84070.73000000"",""0.00021000""],[""84070.66000000"",""0.00014000""],[""84070.65000000"",""0.29758000""],[""84070.59000000"",""0.00200000""]],""lastUpdateId"":101123535270}"
1791339075,373878400,spot,depth_diff,0,0,478,BTCUSDT,"{""E"":1791339075314,""U"":101123535082,""a"":[[""84070.75000000"",""1.15107000""],[""84072.09000000"",""0.00014000""],[""84072.10000000"",""0.01694000""],[""84073.44000000"",""0.00014000""],[""84073.45000000"",""0.02033000""],[""84074.78000000"",""0.00014000""],[""84074.79000000"",""0.02033000""],[""84075.67000000"",""0.00014000""],[""84075.68000000"",""0.01224000""],[""84075.69000000"",""0.04000000""],[""84077.84000000"",""0.00000000""],[""84077.85000000"",""0.00000000""],[""84077.95000000"",""0.00000000""],[""84079.99000000"",""0.00011000""],[""84080.00000000"",""0.00006000""],[""84081.39000000"",""0.00400000""],[""84081.40000000"",""0.17226000""],[""84081.45000000"",""0.00000000""],[""84081.46000000"",""0.00000000""],[""84082.01000000"",""0.00000000""],[""84082.02000000"",""0.17220000""],[""84082.03000000"",""0.24880000""],[""84082.04000000"",""0.30006000""],[""84082.12000000"",""0.00000000""],[""84082.13000000"",""0.30006000""],[""84082.14000000"",""0.30024000""],[""84082.28000000"",""0.30000000""],[""84084.59000000"",""0.00000000""],[""84085.41000000"",""0.37500000""],[""84085.42000000"",""0.11018000""],[""84088.39000000"",""0.00000000""],[""84088.69000000"",""0.18725000""],[""84088.70000000"",""0.21875000""],[""84089.40000000"",""0.00000000""],[""84090.20000000"",""0.00000000""],[""84091.67000000"",""0.00000000""],[""84091.70000000"",""0.00095000""],[""84091.88000000"",""0.00000000""],[""84092.28000000"",""0.04000000""],[""84092.50000000"",""0.00664000""],[""84092.62000000"",""0.25085000""],[""84106.42000000"",""0.00000000""],[""84113.00000000"",""0.01000000""],[""84121.00000000"",""0.00000000""],[""84177.01000000"",""0.09191000""],[""84219.40000000"",""0.02446000""],[""84310.73000000"",""0.33750000""],[""84848.52000000"",""0.00000000""]],""b"":[[""84070.74000000"",""7.76708000""],[""84070.73000000"",""0.00021000""],[""84070.68000000"",""0.00000000""],[""84070.66000000"",""0.00014000""],[""84070.65000000"",""0.29758000""],[""84070.59000000"",""0.00200000""],[""84069.75000000"",""0.00000000""],[""84069.03000000"",""0.00014000""],[""84069.02000000"",""0.11169000""],[""84068.99000000"",""0.00200000""],[""84067.71000000"",""0.00014000""],[""84067.70000000"",""0.32133000""],[""84067.08000000"",""0.00014000""],[""84066.01000000"",""0.00600000""],[""84064.01000000"",""0.00400000""],[""84059.93000000"",""1.78405000""],[""84057.49000000"",""0.00000000""],[""84057.48000000"",""0.00000000""],[""84057.40000000"",""1.96873000""],[""84057.10000000"",""0.34846000""],[""84056.93000000"",""0.11505000""],[""84047.25000000"",""0.00200000""],[""84041.37000000"",""0.70000000""],[""84039.99000000"",""0.02339000""],[""84037.73000000"",""0.00000000""],[""84036.90000000"",""0.23899000""],[""84035.60000000"",""0.00000000""],[""84006.76000000"",""0.48106000""],[""83967.11000000"",""0.00000000""],[""82977.82000000"",""0.00300000""],[""75676.87000000"",""0.00025000""]],""e"":""depthUpdate"",""s"":""BTCUSDT"",""u"":101123535270}"
1791339075,473712900,spot,depth5,0,0,479,BTCUSDT,"{""asks"":[[""84070.75000000"",""1.02318000""],[""84071.10000000"",""0.00006000""],[""84071.86000000"",""0.00007000""],[""84072.09000000"",""0.00014000""],[""84072.10000000"",""0.01694000""]],""bids"":[[""84070.74000000"",""7.76695000""],[""84070.73000000"",""0.00014000""],[""84070.67000000"",""0.00014000""],[""84070.66000000"",""0.21964000""],[""84070.65000000"",""0.29758000""]],""lastUpdateId"":101123535348}"
1791339075,474065700,spot,depth_diff,0,0,480,BTCUSDT,"{""E"":1791339075414,""U"":101123535271,""a"":[[""84070.75000000"",""1.02318000""],[""84081.39000000"",""0.00000000""],[""84088.04000000"",""0.00007000""],[""84088.65000000"",""0.00400000""],[""84088.70000000"",""0.21869000""],[""84092.28000000"",""0.00000000""],[""84101.61000000"",""0.03000000""],[""84102.11000000"",""0.00000000""],[""84103.65000000"",""0.04000000""],[""84113.28000000"",""1.29320000""],[""84114.27000000"",""0.00000000""],[""84163.54000000"",""0.00000000""],[""84219.40000000"",""0.00000000""]],""b"":[[""84070.74000000"",""7.76695000""],[""84070.73000000"",""0.00014000""],[""84070.67000000"",""0.00014000""],[""84070.66000000"",""0.21964000""],[""84069.35000000"",""0.00024000""],[""84068.12000000"",""0.00007000""],[""84067.71000000"",""0.00014000""],[""84067.08000000"",""0.00007000""],[""84064.46000000"",""0.02000000""],[""84064.26000000"",""0.00400000""],[""84062.86000000"",""0.00000000""],[""84061.80000000"",""0.33750000""],[""84060.08000000"",""0.05463000""],[""84054.27000000"",""0.10981000""],[""84053.96000000"",""0.00000000""],[""84051.18000000"",""0.02000000""],[""84049.07000000"",""0.02000000""],[""84046.73000000"",""0.00000000""],[""84045.09000000"",""0.98788000""],[""84044.73000000"",""0.00000000""],[""84041.37000000"",""0.00000000""],[""84037.49000000"",""1.29436000""],[""84015.93000000"",""0.00000000""],[""84011.19000000"",""0.00009000""],[""83994.29000000"",""0.02000000""],[""83974.46000000"",""0.00000000""],[""83966.18000000"",""0.02000000""],[""83961.30000000"",""0.00000000""],[""82809.68000000"",""0.00008000""],[""67273.36000000"",""0.00116000""]],""e"":""depthUpdate"",""s"":""BTCUSDT"",""u"":101123535348}"
1791339075,569770000,spot,trade,0,0,481,BTCUSDT,"{""E"":1791339075505,""M"":true,""T"":1791339075505,""e"":""trade"",""m"":true,""p"":""84070.74000000"",""q"":""0.00001000"",""s"":""BTCUSDT"",""t"":6741320011}"
1791339075,569871700,spot,trade,0,0,482,BTCUSDT,"{""E"":1791339075505,""M"":true,""T"":1791339075505,""e"":""trade"",""m"":true,""p"":""84070.74000000"",""q"":""0.00006000"",""s"":""BTCUSDT"",""t"":6741320012}"
1791339075,569909900,spot,trade,0,0,483,BTCUSDT,"{""E"":1791339075505,""M"":true,""T"":1791339075505,""e"":""trade"",""m"":true,""p"":""84070.74000000"",""q"":""0.00002000"",""s"":""BTCUSDT"",""t"":6741320013}"
1791339075,569955800,spot,trade,0,0,484,BTCUSDT,"{""E"":1791339075506,""M"":true,""T"":1791339075505,""e"":""trade"",""m"":true,""p"":""84070.74000000"",""q"":""0.00004000"",""s"":""BTCUSDT"",""t"":6741320014}"
1791339075,569985500,spot,trade,0,0,485,BTCUSDT,"{""E"":1791339075506,""M"":true,""T"":1791339075505,""e"":""trade"",""m"":true,""p"":""84070.74000000"",""q"":""0.00007000"",""s"":""BTCUSDT"",""t"":6741320015}"
1791339075,570010600,spot,trade,0,0,486,BTCUSDT,"{""E"":1791339075506,""M"":true,""T"":1791339075505,""e"":""trade"",""m"":true,""p"":""84070.74000000"",""q"":""0.03610000"",""s"":""BTCUSDT"",""t"":6741320016}"
1791339075,570034900,spot,trade,0,0,487,BTCUSDT,"{""E"":1791339075506,""M"":true,""T"":1791339075505,""e"":""trade"",""m"":true,""p"":""84070.74000000"",""q"":""0.00390000"",""s"":""BTCUSDT"",""t"":6741320017}"
1791339075,570059900,spot,trade,0,0,488,BTCUSDT,"{""E"":1791339075506,""M"":true,""T"":1791339075505,""e"":""trade"",""m"":true,""p"":""84070.74000000"",""q"":""0.08000000"",""s"":""BTCUSDT"",""t"":6741320018}"
1791339075,570083400,spot,trade,0,0,489,BTCUSDT,"{""E"":1791339075506,""M"":true,""T"":1791339075505,""e"":""trade"",""m"":true,""p"":""84070.74000000"",""q"":""0.03689000"",""s"":""BTCUSDT"",""t"":6741320019}"
1791339075,570117000,spot,trade,0,0,490,BTCUSDT,"{""E"":1791339075506,""M"":true,""T"":1791339075505,""e"":""trade"",""m"":true,""p"":""84070.74000000"",""q"":""0.00006000"",""s"":""BTCUSDT"",""t"":6741320020}"
1791339075,570150100,spot,trade,0,0,491,BTCUSDT,"{""E"":1791339075506,""M"":true,""T"":1791339075505,""e"":""trade"",""m"":true,""p"":""84070.74000000"",""q"":""0.00006000"",""s"":""BTCUSDT"",""t"":6741320021}"
1791339075,570178700,spot,trade,0,0,492,BTCUSDT,"{""E"":1791339075506,""M"":true,""T"":1791339075505,""e"":""trade"",""m"":true,""p"":""84070.74000000"",""q"":""0.00006000"",""s"":""BTCUSDT"",""t"":6741320022}"
1791339075,570204500,spot,trade,0,0,493,BTCUSDT,"{""E"":1791339075506,""M"":true,""T"":1791339075505,""e"":""trade"",""m"":true,""p"":""84070.74000000"",""q"":""0.00006000"",""s"":""BTCUSDT"",""t"":6741320023}"
1791339075,570229600,spot,trade,0,0,494,BTCUSDT,"{""E"":1791339075506,""M"":true,""T"":1791339075505,""e"":""trade"",""m"":true,""p"":""84070.74000000"",""q"":""0.00006000"",""s"":""BTCUSDT"",""t"":6741320024}"
1791339075,570253200,spot,trade,0,0,495,BTCUSDT,"{""E"":1791339075506,""M"":true,""T"":1791339075505,""e"":""trade"",""m"":true,""p"":""84070.74000000"",""q"":""0.00006000"",""s"":""BTCUSDT"",""t"":6741320025}"
1791339075,570276800,spot,trade,0,0,496,BTCUSDT,"{""E"":1791339075506,""M"":true,""T"":1791339075505,""e"":""trade"",""m"":true,""p"":""84070.74000000"",""q"":""0.00007000"",""s"":""BTCUSDT"",""t"":6741320026}"
1791339075,570300300,spot,trade,0,0,497,BTCUSDT,"{""E"":1791339075506,""M"":true,""T"":1791339075505,""e"":""trade"",""m"":true,""p"":""84070.74000000"",""q"":""0.00006000"",""s"":""BTCUSDT"",""t"":6741320027}"
1791339075,570323900,spot,trade,0,0,498,BTCUSDT,"{""E"":1791339075506,""M"":true,""T"":1791339075505,""e"":""trade"",""m"":true,""p"":""84070.74000000"",""q"":""0.00006000"",""s"":""BTCUSDT"",""t"":6741320028}"
1791339075,570347100,spot,trade,0,0,499,BTCUSDT,"{""E"":1791339075506,""M"":true,""T"":1791339075505,""e"":""trade"",""m"":true,""p"":""84070.74000000"",""q"":""0.01953000"",""s"":""BTCUSDT"",""t"":6741320029}"
1791339075,570370500,spot,trade,0,0,500,BTCUSDT,"{""E"":1791339075506,""M"":true,""T"":1791339075505,""e"":""trade"",""m"":true,""p"":""84070.74000000"",""q"":""0.00013000"",""s"":""BTCUSDT"",""t"":6741320030}"
1791339075,570394800,spot,trade,0,0,501,BTCUSDT,"{""E"":1791339075506,""M"":true,""T"":1791339075505,""e"":""trade"",""m"":true,""p"":""84070.74000000"",""q"":""0.00007000"",""s"":""BTCUSDT"",""t"":6741320031}"
1791339075,570417900,spot,trade,0,0,502,BTCUSDT,"{""E"":1791339075506,""M"":true,""T"":1791339075505,""e"":""trade"",""m"":true,""p"":""84070.74000000"",""q"":""0.00007000"",""s"":""BTCUSDT"",""t"":6741320032}"
1791339075,570440800,spot,trade,0,0,503,BTCUSDT,"{""E"":1791339075506,""M"":true,""T"":1791339075505,""e"":""trade"",""m"":true,""p"":""84070.74000000"",""q"":""0.02269000"",""s"":""BTCUSDT"",""t"":6741320033}"
1791339075,570463600,spot,trade,0,0,504,BTCUSDT,"{""E"":1791339075506,""M"":true,""T"":1791339075505,""e"":""trade"",""m"":true,""p"":""84070.74000000"",""q"":""0.00007000"",""s"":""BTCUSDT"",""t"":6741320034}"
1791339075,570486300,spot,trade,0,0,505,BTCUSDT,"{""E"":1791339075506,""M"":true,""T"":1791339075505,""e"":""trade"",""m"":true,""p"":""84070.74000000"",""q"":""0.00007000"",""s"":""BTCUSDT"",""t"":6741320035}"
1791339075,570509000,spot,trade,0,0,506,BTCUSDT,"{""E"":1791339075506,""M"":true,""T"":1791339075505,""e"":""trade"",""m"":true,""p"":""84070.74000000"",""q"":""0.00006000"",""s"":""BTCUSDT"",""t"":6741320036}"
1791339075,570531700,spot,trade,0,0,507,BTCUSDT,"{""E"":1791339075506,""M"":true,""T"":1791339075505,""e"":""trade"",""m"":true,""p"":""84070.74000000"",""q"":""0.00006000"",""s"":""BTCUSDT"",""t"":6741320037}"
1791339075,570554400,spot,trade,0,0,508,BTCUSDT,"{""E"":1791339075506,""M"":true,""T"":1791339075505,""e"":""trade"",""m"":true,""p"":""84070.74000000"",""q"":""0.00006000"",""s"":""BTCUSDT"",""t"":6741320038}"
1791339075,570578300,spot,trade,0,0,509,BTCUSDT,"{""E"":1791339075506,""M"":true,""T"":1791339075505,""e"":""trade"",""m"":true,""p"":""84070.74000000"",""q"":""0.00006000"",""s"":""BTCUSDT"",""t"":6741320039}"
1791339075,570629800,spot,trade,0,0,510,BTCUSDT,"{""E"":1791339075506,""M"":true,""T"":1791339075505,""e"":""trade"",""m"":true,""p"":""84070.74000000"",""q"":""0.00006000"",""s"":""BTCUSDT"",""t"":6741320040}"
1791339075,570664000,spot,trade,0,0,511,BTCUSDT,"{""E"":1791339075506,""M"":true,""T"":1791339075505,""e"":""trade"",""m"":true,""p"":""84070.74000000"",""q"":""0.00006000"",""s"":""BTCUSDT"",""t"":6741320041}"
1791339075,570688700,spot,trade,0,0,512,BTCUSDT,"{""E"":1791339075506,""M"":true,""T"":1791339075505,""e"":""trade"",""m"":true,""p"":""84070.74000000"",""q"":""0.00006000"",""s"":""BTCUSDT"",""t"":6741320042}"
1791339075,570712200,spot,trade,0,0,513,BTCUSDT,"{""E"":1791339075506,""M"":true,""T"":1791339075505,""e"":""trade"",""m"":true,""p"":""84070.74000000"",""q"":""0.00006000"",""s"":""BTCUSDT"",""t"":6741320043}"
1791339075,570735100,spot,trade,0,0,514,BTCUSDT,"{""E"":1791339075506,""M"":true,""T"":1791339075505,""e"":""trade"",""m"":true,""p"":""84070.74000000"",""q"":""0.00006000"",""s"":""BTCUSDT"",""t"":6741320044}"
1791339075,570757800,spot,trade,0,0,515,BTCUSDT,"{""E"":1791339075506,""M"":true,""T"":1791339075505,""e"":""trade"",""m"":true,""p"":""84070.74000000"",""q"":""0.00006000"",""s"":""BTCUSDT"",""t"":6741320045}"
1791339075,570781600,spot,trade,0,0,516,BTCUSDT,"{""E"":1791339075506,""M"":true,""T"":1791339075505,""e"":""trade"",""m"":true,""p"":""84070.74000000"",""q"":""0.00006000"",""s"":""BTCUSDT"",""t"":6741320046}"
1791339075,570804500,spot,trade,0,0,517,BTCUSDT,"{""E"":1791339075506,""M"":true,""T"":1791339075505,""e"":""trade"",""m"":true,""p"":""84070.74000000"",""q"":""0.00006000"",""s"":""BTCUSDT"",""t"":6741320047}"
1791339075,570827900,spot,trade,0,0,518,BTCUSDT,"{""E"":1791339075506,""M"":true,""T"":1791339075505,""e"":""trade"",""m"":true,""p"":""84070.74000000"",""q"":""0.00006000"",""s"":""BTCUSDT"",""t"":6741320048}"
1791339075,570853200,spot,trade,0,0,519,BTCUSDT,"{""E"":1791339075506,""M"":true,""T"":1791339075505,""e"":""trade"",""m"":true,""p"":""84070.74000000"",""q"":""0.00006000"",""s"":""BTCUSDT"",""t"":6741320049}"
1791339075,570876900,spot,trade,0,0,520,BTCUSDT,"{""E"":1791339075506,""M"":true,""T"":1791339075505,""e"":""trade"",""m"":true,""p"":""84070.74000000"",""q"":""0.00006000"",""s"":""BTCUSDT"",""t"":6741320050}"
1791339075,570899900,spot,trade,0,0,521,BTCUSDT,"{""E"":1791339075506,""M"":true,""T"":1791339075505,""e"":""trade"",""m"":true,""p"":""84070.74000000"",""q"":""0.00006000"",""s"":""BTCUSDT"",""t"":6741320051}"
1791339075,570922900,spot,trade,0,0,522,BTCUSDT,"{""E"":1791339075506,""M"":true,""T"":1791339075505,""e"":""trade"",""m"":true,""p"":""84070.74000000"",""q"":""0.00006000"",""s"":""BTCUSDT"",""t"":6741320052}"
1791339075,570946000,spot,trade,0,0,523,BTCUSDT,"{""E"":1791339075506,""M"":true,""T"":1791339075505,""e"":""trade"",""m"":true,""p"":""84070.74000000"",""q"":""0.00006000"",""s"":""BTCUSDT"",""t"":6741320053}"
1791339075,570968800,spot,trade,0,0,524,BTCUSDT,"{""E"":1791339075506,""M"":true,""T"":1791339075505,""e"":""trade"",""m"":true,""p"":""84070.74000000"",""q"":""0.00006000"",""s"":""BTCUSDT"",""t"":6741320054}"
1791339075,570991900,spot,trade,0,0,525,BTCUSDT,"{""E"":1791339075506,""M"":true,""T"":1791339075505,""e"":""trade"",""m"":true,""p"":""84070.74000000"",""q"":""0.00006000"",""s"":""BTCUSDT"",""t"":6741320055}"
1791339075,571014900,spot,trade,0,0,526,BTCUSDT,"{""E"":1791339075506,""M"":true,""T"":1791339075505,""e"":""trade"",""m"":true,""p"":""84070.74000000"",""q"":""0.00006000"",""s"":""BTCUSDT"",""t"":6741320056}"
1791339075,571037900,spot,trade,0,0,527,BTCUSDT,"{""E"":1791339075506,""M"":true,""T"":1791339075505,""e"":""trade"",""m"":true,""p"":""84070.74000000"",""q"":""0.00006000"",""s"":""BTCUSDT"",""t"":6741320057}"
1791339075,571062500,spot,trade,0,0,528,BTCUSDT,"{""E"":1791339075506,""M"":true,""T"":1791339075505,""e"":""trade"",""m"":true,""p"":""84070.74000000"",""q"":""0.00006000"",""s"":""BTCUSDT"",""t"":6741320058}"
1791339075,571089700,spot,trade,0,0,529,BTCUSDT,"{""E"":1791339075506,""M"":true,""T"":1791339075505,""e"":""trade"",""m"":true,""p"":""84070.74000000"",""q"":""0.00006000"",""s"":""BTCUSDT"",""t"":6741320059}"
1791339075,571115000,spot,trade,0,0,530,BTCUSDT,"{""E"":1791339075506,""M"":true,""T"":1791339075505,""e"":""trade"",""m"":true,""p"":""84070.74000000"",""q"":""0.00006000"",""s"":""BTCUSDT"",""t"":6741320060}"
1791339075,571138500,spot,trade,0,0,531,BTCUSDT,"{""E"":1791339075506,""M"":true,""T"":1791339075505,""e"":""trade"",""m"":true,""p"":""84070.74000000"",""q"":""0.00006000"",""s"":""BTCUSDT"",""t"":6741320061}"
1791339075,571161200,spot,trade,0,0,532,BTCUSDT,"{""E"":1791339075506,""M"":true,""T"":1791339075505,""e"":""trade"",""m"":true,""p"":""84070.74000000"",""q"":""0.00006000"",""s"":""BTCUSDT"",""t"":6741320062}"
1791339075,571184000,spot,trade,0,0,533,BTCUSDT,"{""E"":1791339075506,""M"":true,""T"":1791339075505,""e"":""trade"",""m"":true,""p"":""84070.74000000"",""q"":""0.00006000"",""s"":""BTCUSDT"",""t"":6741320063}"
1791339075,571215400,spot,trade,0,0,534,BTCUSDT,"{""E"":1791339075506,""M"":true,""T"":1791339075505,""e"":""trade"",""m"":true,""p"":""84070.74000000"",""q"":""0.00006000"",""s"":""BTCUSDT"",""t"":6741320064}"
1791339075,571245400,spot,trade,0,0,535,BTCUSDT,"{""E"":1791339075506,""M"":true,""T"":1791339075505,""e"":""trade"",""m"":true,""p"":""84070.74000000"",""q"":""0.00006000"",""s"":""BTCUSDT"",""t"":6741320065}"
1791339075,571269000,spot,trade,0,0,536,BTCUSDT,"{""E"":1791339075506,""M"":true,""T"":1791339075505,""e"":""trade"",""m"":true,""p"":""84070.74000000"",""q"":""0.00006000"",""s"":""BTCUSDT"",""t"":6741320066}"
1791339075,571294400,spot,trade,0,0,537,BTCUSDT,"{""E"":1791339075506,""M"":true,""T"":1791339075505,""e"":""trade"",""m"":true,""p"":""84070.74000000"",""q"":""0.00006000"",""s"":""BTCUSDT"",""t"":6741320067}"
1791339075,571318000,spot,trade,0,0,538,BTCUSDT,"{""E"":1791339075506,""M"":true,""T"":1791339075505,""e"":""trade"",""m"":true,""p"":""84070.74000000"",""q"":""0.00006000"",""s"":""BTCUSDT"",""t"":6741320068}"
1791339075,571355800,spot,trade,0,0,539,BTCUSDT,"{""E"":1791339075506,""M"":true,""T"":1791339075505,""e"":""trade"",""m"":true,""p"":""84070.74000000"",""q"":""0.00006000"",""s"":""BTCUSDT"",""t"":6741320069}"
1791339075,571384000,spot,trade,0,0,540,BTCUSDT,"{""E"":1791339075506,""M"":true,""T"":1791339075505,""e"":""trade"",""m"":true,""p"":""84070.74000000"",""q"":""0.00006000"",""s"":""BTCUSDT"",""t"":6741320070}"
1791339075,571407600,spot,trade,0,0,541,BTCUSDT,"{""E"":1791339075506,""M"":true,""T"":1791339075505,""e"":""trade"",""m"":true,""p"":""84070.74000000"",""q"":""0.00006000"",""s"":""BTCUSDT"",""t"":6741320071}"
1791339075,571452700,spot,trade,0,0,542,BTCUSDT,"{""E"":1791339075506,""M"":true,""T"":1791339075505,""e"":""trade"",""m"":true,""p"":""84070.74000000"",""q"":""0.00006000"",""s"":""BTCUSDT"",""t"":6741320072}"
1791339075,571476700,spot,trade,0,0,543,BTCUSDT,"{""E"":1791339075506,""M"":true,""T"":1791339075505,""e"":""trade"",""m"":true,""p"":""84070.74000000"",""q"":""0.00006000"",""s"":""BTCUSDT"",""t"":6741320073}"
1791339075,571499900,spot,trade,0,0,544,BTCUSDT,"{""E"":1791339075506,""M"":true,""T"":1791339075505,""e"":""trade"",""m"":true,""p"":""84070.73000000"",""q"":""0.00007000"",""s"":""BTCUSDT"",""t"":6741320074}"
1791339075,571522900,spot,trade,0,0,545,BTCUSDT,"{""E"":1791339075506,""M"":true,""T"":1791339075505,""e"":""trade"",""m"":true,""p"":""84070.73000000"",""q"":""0.00007000"",""s"":""BTCUSDT"",""t"":6741320075}"
1791339075,571548600,spot,trade,0,0,546,BTCUSDT,"{""E"":1791339075506,""M"":true,""T"":1791339075505,""e"":""trade"",""m"":true,""p"":""84070.73000000"",""q"":""0.00007000"",""s"":""BTCUSDT"",""t"":6741320076}"
1791339075,571572500,spot,trade,0,0,547,BTCUSDT,"{""E"":1791339075506,""M"":true,""T"":1791339075505,""e"":""trade"",""m"":true,""p"":""84070.73000000"",""q"":""0.00007000"",""s"":""BTCUSDT"",""t"":6741320077}"
1791339075,571663000,spot,trade,0,0,548,BTCUSDT,"{""E"":1791339075506,""M"":true,""T"":1791339075505,""e"":""trade"",""m"":true,""p"":""84070.67000000"",""q"":""0.00007000"",""s"":""BTCUSDT"",""t"":6741320078}"
1791339075,571693800,spot,trade,0,0,549,BTCUSDT,"{""E"":1791339075506,""M"":true,""T"":1791339075505,""e"":""trade"",""m"":true,""p"":""84070.67000000"",""q"":""0.00007000"",""s"":""BTCUSDT"",""t"":6741320079}"
1791339075,571717800,spot,trade,0,0,550,BTCUSDT,"{""E"":1791339075506,""M"":true,""T"":1791339075505,""e"":""trade"",""m"":true,""p"":""84070.67000000"",""q"":""0.00007000"",""s"":""BTCUSDT"",""t"":6741320080}"
1791339075,571740800,spot,trade,0,0,551,BTCUSDT,"{""E"":1791339075506,""M"":true,""T"":1791339075505,""e"":""trade"",""m"":true,""p"":""84070.66000000"",""q"":""0.00007000"",""s"":""BTCUSDT"",""t"":6741320081}"
1791339075,571763900,spot,trade,0,0,552,BTCUSDT,"{""E"":1791339075506,""M"":true,""T"":1791339075505,""e"":""trade"",""m"":true,""p"":""84070.66000000"",""q"":""0.00007000"",""s"":""BTCUSDT"",""t"":6741320082}"
1791339075,571786900,spot,trade,0,0,553,BTCUSDT,"{""E"":1791339075506,""M"":true,""T"":1791339075505,""e"":""trade"",""m"":true,""p"":""84070.66000000"",""q"":""0.00007000"",""s"":""BTCUSDT"",""t"":6741320083}"
1791339075,571809900,spot,trade,0,0,554,BTCUSDT,"{""E"":1791339075506,""M"":true,""T"":1791339075505,""e"":""trade"",""m"":true,""p"":""84070.65000000"",""q"":""0.04814000"",""s"":""BTCUSDT"",""t"":6741320084}"
1791339075,571835700,spot,trade,0,0,555,BTCUSDT,"{""E"":1791339075506,""M"":true,""T"":1791339075505,""e"":""trade"",""m"":true,""p"":""84070.65000000"",""q"":""0.24932000"",""s"":""BTCUSDT"",""t"":6741320085}"
1791339075,571859200,spot,trade,0,0,556,BTCUSDT,"{""E"":1791339075506,""M"":true,""T"":1791339075505,""e"":""trade"",""m"":true,""p"":""84070.65000000"",""q"":""0.00006000"",""s"":""BTCUSDT"",""t"":6741320086}"
1791339075,571882300,spot,trade,0,0,557,BTCUSDT,"{""E"":1791339075506,""M"":true,""T"":1791339075505,""e"":""trade"",""m"":true,""p"":""84070.65000000"",""q"":""0.00006000"",""s"":""BTCUSDT"",""t"":6741320087}"
1791339075,571905000,spot,trade,0,0,558,BTCUSDT,"{""E"":1791339075506,""M"":true,""T"":1791339075505,""e"":""trade"",""m"":true,""p"":""84070.65000000"",""q"":""0.00006000"",""s"":""BTCUSDT"",""t"":6741320088}"
1791339075,571928500,spot,trade,0,0,559,BTCUSDT,"{""E"":1791339075506,""M"":true,""T"":1791339075505,""e"":""trade"",""m"":true,""p"":""84070.65000000"",""q"":""0.00006000"",""s"":""BTCUSDT"",""t"":6741320089}"
1791339075,571951300,spot,trade,0,0,560,BTCUSDT,"{""E"":1791339075506,""M"":true,""T"":1791339075505,""e"":""trade"",""m"":true,""p"":""84070.65000000"",""q"":""0.00006000"",""s"":""BTCUSDT"",""t"":6741320090}"
1791339075,571974200,spot,trade,0,0,561,BTCUSDT,"{""E"":1791339075506,""M"":true,""T"":1791339075505,""e"":""trade"",""m"":true,""p"":""84070.65000000"",""q"":""0.00006000"",""s"":""BTCUSDT"",""t"":6741320091}"
1791339075,571996800,spot,trade,0,0,562,BTCUSDT,"{""E"":1791339075506,""M"":true,""T"":1791339075505,""e"":""trade"",""m"":true,""p"":""84070.65000000"",""q"":""0.00006000"",""s"":""BTCUSDT"",""t"":6741320092}"
1791339075,572019600,spot,trade,0,0,563,BTCUSDT,"{""E"":1791339075506,""M"":true,""T"":1791339075505,""e"":""trade"",""m"":true,""p"":""84070.65000000"",""q"":""0.00006000"",""s"":""BTCUSDT"",""t"":6741320093}"
1791339075,572045500,spot,trade,0,0,564,BTCUSDT,"{""E"":1791339075506,""M"":true,""T"":1791339075505,""e"":""trade"",""m"":true,""p"":""84070.65000000"",""q"":""0.00006000"",""s"":""BTCUSDT"",""t"":6741320094}"
1791339075,572069900,spot,trade,0,0,565,BTCUSDT,"{""E"":1791339075506,""M"":true,""T"":1791339075505,""e"":""trade"",""m"":true,""p"":""84070.65000000"",""q"":""0.00006000"",""s"":""BTCUSDT"",""t"":6741320095}"
1791339075,572093400,spot,trade,0,0,566,BTCUSDT,"{""E"":1791339075506,""M"":true,""T"":1791339075505,""e"":""trade"",""m"":true,""p"":""84069.90000000"",""q"":""0.00008000"",""s"":""BTCUSDT"",""t"":6741320096}"
1791339075,573527500,spot,trade,0,0,567,BTCUSDT,"{""E"":1791339075508,""M"":true,""T"":1791339075506,""e"":""trade"",""m"":true,""p"":""84069.03000000"",""q"":""0.00007000"",""s"":""BTCUSDT"",""t"":6741320097}"
1791339075,573646100,spot,trade,0,0,568,BTCUSDT,"{""E"":1791339075508,""M"":true,""T"":1791339075506,""e"":""trade"",""m"":true,""p"":""84069.03000000"",""q"":""0.00007000"",""s"":""BTCUSDT"",""t"":6741320098}"
1791339075,573689900,spot,trade,0,0,569,BTCUSDT,"{""E"":1791339075508,""M"":true,""T"":1791339075506,""e"":""trade"",""m"":true,""p"":""84069.03000000"",""q"":""0.00007000"",""s"":""BTCUSDT"",""t"":6741320099}"
1791339075,573717300,spot,trade,0,0,570,BTCUSDT,"{""E"":1791339075508,""M"":true,""T"":1791339075506,""e"":""trade"",""m"":true,""p"":""84069.02000000"",""q"":""0.00006000"",""s"":""BTCUSDT"",""t"":6741320100}"
1791339075,573741700,spot,trade,0,0,571,BTCUSDT,"{""E"":1791339075508,""M"":true,""T"":1791339075506,""e"":""trade"",""m"":true,""p"":""84069.02000000"",""q"":""0.00006000"",""s"":""BTCUSDT"",""t"":6741320101}"
1791339075,573765500,spot,trade,0,0,572,BTCUSDT,"{""E"":1791339075508,""M"":true,""T"":1791339075506,""e"":""trade"",""m"":true,""p"":""84069.02000000"",""q"":""0.00006000"",""s"":""BTCUSDT"",""t"":6741320102}"
1791339075,573789200,spot,trade,0,0,573,BTCUSDT,"{""E"":1791339075508,""M"":true,""T"":1791339075506,""e"":""trade"",""m"":true,""p"":""84069.02000000"",""q"":""0.00006000"",""s"":""BTCUSDT"",""t"":6741320103}"
1791339075,573812800,spot,trade,0,0,574,BTCUSDT,"{""E"":1791339075508,""M"":true,""T"":1791339075506,""e"":""trade"",""m"":true,""p"":""84069.02000000"",""q"":""0.00006000"",""s"":""BTCUSDT"",""t"":6741320104}"
1791339075,573843400,spot,trade,0,0,575,BTCUSDT,"{""E"":1791339075508,""M"":true,""T"":1791339075506,""e"":""trade"",""m"":true,""p"":""84068.21000000"",""q"":""0.00006000"",""s"":""BTCUSDT"",""t"":6741320105}"
1791339075,573868900,spot,trade,0,0,576,BTCUSDT,"{""E"":1791339075508,""M"":true,""T"":1791339075506,""e"":""trade"",""m"":true,""p"":""84067.83000000"",""q"":""0.00007000"",""s"":""BTCUSDT"",""t"":6741320106}"
1791339075,573892500,spot,trade,0,0,577,BTCUSDT,"{""E"":1791339075508,""M"":true,""T"":1791339075506,""e"":""trade"",""m"":true,""p"":""84067.71000000"",""q"":""0.00007000"",""s"":""BTCUSDT"",""t"":6741320107}"
1791339075,573916000,spot,trade,0,0,578,BTCUSDT,"{""E"":1791339075508,""M"":true,""T"":1791339075506,""e"":""trade"",""m"":true,""p"":""84067.71000000"",""q"":""0.00007000"",""s"":""BTCUSDT"",""t"":6741320108}"
1791339075,573939400,spot,trade,0,0,579,BTCUSDT,"{""E"":1791339075508,""M"":true,""T"":1791339075506,""e"":""trade"",""m"":true,""p"":""84067.71000000"",""q"":""0.00007000"",""s"":""BTCUSDT"",""t"":6741320109}"
1791339075,573962900,spot,trade,0,0,580,BTCUSDT,"{""E"":1791339075508,""M"":true,""T"":1791339075506,""e"":""trade"",""m"":true,""p"":""84067.70000000"",""q"":""0.11893000"",""s"":""BTCUSDT"",""t"":6741320110}"
1791339075,578680000,spot,trade,0,0,581,BTCUSDT,"{""E"":1791339075515,""M"":true,""T"":1791339075510,""e"":""trade"",""m"":true,""p"":""84067.70000000"",""q"":""0.00006000"",""s"":""BTCUSDT"",""t"":6741320111}"
1791339075,578804300,spot,trade,0,0,582,BTCUSDT,"{""E"":1791339075515,""M"":true,""T"":1791339075510,""e"":""trade"",""m"":true,""p"":""84067.70000000"",""q"":""0.00006000"",""s"":""BTCUSDT"",""t"":6741320112}"
1791339075,578843000,spot,trade,0,0,583,BTCUSDT,"{""E"":1791339075515,""M"":true,""T"":1791339075510,""e"":""trade"",""m"":true,""p"":""84067.70000000"",""q"":""0.00006000"",""s"":""BTCUSDT"",""t"":6741320113}"
1791339075,578870700,spot,trade,0,0,584,BTCUSDT,"{""E"":1791339075515,""M"":true,""T"":1791339075510,""e"":""trade"",""m"":true,""p"":""84067.70000000"",""q"":""0.00006000"",""s"":""BTCUSDT"",""t"":6741320114}"
1791339075,578896000,spot,trade,0,0,585,BTCUSDT,"{""E"":1791339075515,""M"":true,""T"":1791339075510,""e"":""trade"",""m"":true,""p"":""84067.70000000"",""q"":""0.00006000"",""s"":""BTCUSDT"",""t"":6741320115}"
1791339075,578920000,spot,trade,0,0,586,BTCUSDT,"{""E"":1791339075515,""M"":true,""T"":1791339075510,""e"":""trade"",""m"":true,""p"":""84067.70000000"",""q"":""0.00006000"",""s"":""BTCUSDT"",""t"":6741320116}"
1791339075,578953300,spot,trade,0,0,587,BTCUSDT,"{""E"":1791339075515,""M"":true,""T"":1791339075510,""e"":""trade"",""m"":true,""p"":""84067.70000000"",""q"":""0.00006000"",""s"":""BTCUSDT"",""t"":6741320117}"
1791339075,578983900,spot,trade,0,0,588,BTCUSDT,"{""E"":1791339075515,""M"":true,""T"":1791339075510,""e"":""trade"",""m"":true,""p"":""84067.70000000"",""q"":""0.00006000"",""s"":""BTCUSDT"",""t"":6741320118}"
1791339075,579014900,spot,trade,0,0,589,BTCUSDT,"{""E"":1791339075515,""M"":true,""T"":1791339075510,""e"":""trade"",""m"":true,""p"":""84067.70000000"",""q"":""0.00006000"",""s"":""BTCUSDT"",""t"":6741320119}"
1791339075,579040300,spot,trade,0,0,590,BTCUSDT,"{""E"":1791339075515,""M"":true,""T"":1791339075510,""e"":""trade"",""m"":true,""p"":""84067.70000000"",""q"":""0.00006000"",""s"":""BTCUSDT"",""t"":6741320120}"
1791339075,579064500,spot,trade,0,0,591,BTCUSDT,"{""E"":1791339075515,""M"":true,""T"":1791339075510,""e"":""trade"",""m"":true,""p"":""84067.70000000"",""q"":""0.00006000"",""s"":""BTCUSDT"",""t"":6741320121}"
1791339075,579088400,spot,trade,0,0,592,BTCUSDT,"{""E"":1791339075515,""M"":true,""T"":1791339075510,""e"":""trade"",""m"":true,""p"":""84067.70000000"",""q"":""0.00006000"",""s"":""BTCUSDT"",""t"":6741320122}"
1791339075,579117800,spot,trade,0,0,593,BTCUSDT,"{""E"":1791339075515,""M"":true,""T"":1791339075510,""e"":""trade"",""m"":true,""p"":""84067.70000000"",""q"":""0.00006000"",""s"":""BTCUSDT"",""t"":6741320123}"
1791339075,579150500,spot,trade,0,0,594,BTCUSDT,"{""E"":1791339075515,""M"":true,""T"":1791339075510,""e"":""trade"",""m"":true,""p"":""84067.70000000"",""q"":""0.00006000"",""s"":""BTCUSDT"",""t"":6741320124}"
1791339075,579193600,spot,trade,0,0,595,BTCUSDT,"{""E"":1791339075515,""M"":true,""T"":1791339075510,""e"":""trade"",""m"":true,""p"":""84067.70000000"",""q"":""0.00006000"",""s"":""BTCUSDT"",""t"":6741320125}"
1791339075,579220300,spot,trade,0,0,596,BTCUSDT,"{""E"":1791339075515,""M"":true,""T"":1791339075510,""e"":""trade"",""m"":true,""p"":""84067.70000000"",""q"":""0.00006000"",""s"":""BTCUSDT"",""t"":6741320126}"
1791339075,579243900,spot,trade,0,0,597,BTCUSDT,"{""E"":1791339075515,""M"":true,""T"":1791339075510,""e"":""trade"",""m"":true,""p"":""84067.70000000"",""q"":""0.00006000"",""s"":""BTCUSDT"",""t"":6741320127}"
1791339075,579269700,spot,trade,0,0,598,BTCUSDT,"{""E"":1791339075515,""M"":true,""T"":1791339075510,""e"":""trade"",""m"":true,""p"":""84067.70000000"",""q"":""0.00006000"",""s"":""BTCUSDT"",""t"":6741320128}"
1791339075,579293700,spot,trade,0,0,599,BTCUSDT,"{""E"":1791339075515,""M"":true,""T"":1791339075510,""e"":""trade"",""m"":true,""p"":""84067.70000000"",""q"":""0.00006000"",""s"":""BTCUSDT"",""t"":6741320129}"
1791339075,579321700,spot,trade,0,0,600,BTCUSDT,"{""E"":1791339075515,""M"":true,""T"":1791339075510,""e"":""trade"",""m"":true,""p"":""84067.70000000"",""q"":""0.00006000"",""s"":""BTCUSDT"",""t"":6741320130}"
1791339075,579363800,spot,trade,0,0,601,BTCUSDT,"{""E"":1791339075515,""M"":true,""T"":1791339075510,""e"":""trade"",""m"":true,""p"":""84067.70000000"",""q"":""0.00006000"",""s"":""BTCUSDT"",""t"":6741320131}"
1791339075,579405800,spot,trade,0,0,602,BTCUSDT,"{""E"":1791339075515,""M"":true,""T"":1791339075510,""e"":""trade"",""m"":true,""p"":""84067.70000000"",""q"":""0.00006000"",""s"":""BTCUSDT"",""t"":6741320132}"
1791339075,579434000,spot,trade,0,0,603,BTCUSDT,"{""E"":1791339075515,""M"":true,""T"":1791339075510,""e"":""trade"",""m"":true,""p"":""84067.70000000"",""q"":""0.00006000"",""s"":""BTCUSDT"",""t"":6741320133}"
1791339075,579459400,spot,trade,0,0,604,BTCUSDT,"{""E"":1791339075515,""M"":true,""T"":1791339075510,""e"":""trade"",""m"":true,""p"":""84067.70000000"",""q"":""0.00006000"",""s"":""BTCUSDT"",""t"":6741320134}"
1791339075,579483300,spot,trade,0,0,605,BTCUSDT,"{""E"":1791339075515,""M"":true,""T"":1791339075510,""e"":""trade"",""m"":true,""p"":""84067.70000000"",""q"":""0.00006000"",""s"":""BTCUSDT"",""t"":6741320135}"
1791339075,579506800,spot,trade,0,0,606,BTCUSDT,"{""E"":1791339075515,""M"":true,""T"":1791339075510,""e"":""trade"",""m"":true,""p"":""84067.70000000"",""q"":""0.00006000"",""s"":""BTCUSDT"",""t"":6741320136}"
1791339075,579540800,spot,trade,0,0,607,BTCUSDT,"{""E"":1791339075515,""M"":true,""T"":1791339075510,""e"":""trade"",""m"":true,""p"":""84067.70000000"",""q"":""0.00006000"",""s"":""BTCUSDT"",""t"":6741320137}"
1791339075,579579600,spot,trade,0,0,608,BTCUSDT,"{""E"":1791339075515,""M"":true,""T"":1791339075510,""e"":""trade"",""m"":true,""p"":""84067.70000000"",""q"":""0.00006000"",""s"":""BTCUSDT"",""t"":6741320138}"
1791339075,579638400,spot,trade,0,0,609,BTCUSDT,"{""E"":1791339075515,""M"":true,""T"":1791339075510,""e"":""trade"",""m"":true,""p"":""84067.70000000"",""q"":""0.00006000"",""s"":""BTCUSDT"",""t"":6741320139}"
1791339075,579684000,spot,trade,0,0,610,BTCUSDT,"{""E"":1791339075515,""M"":true,""T"":1791339075510,""e"":""trade"",""m"":true,""p"":""84067.70000000"",""q"":""0.00006000"",""s"":""BTCUSDT"",""t"":6741320140}"
1791339075,579733300,spot,trade,0,0,611,BTCUSDT,"{""E"":1791339075515,""M"":true,""T"":1791339075510,""e"":""trade"",""m"":true,""p"":""84067.70000000"",""q"":""0.00006000"",""s"":""BTCUSDT"",""t"":6741320141}"
1791339075,579779800,spot,trade,0,0,612,BTCUSDT,"{""E"":1791339075515,""M"":true,""T"":1791339075510,""e"":""trade"",""m"":true,""p"":""84067.70000000"",""q"":""0.00006000"",""s"":""BTCUSDT"",""t"":6741320142}"
1791339075,579808800,spot,trade,0,0,613,BTCUSDT,"{""E"":1791339075515,""M"":true,""T"":1791339075510,""e"":""trade"",""m"":true,""p"":""84067.70000000"",""q"":""0.00006000"",""s"":""BTCUSDT"",""t"":6741320143}"
1791339075,579833200,spot,trade,0,0,614,BTCUSDT,"{""E"":1791339075515,""M"":true,""T"":1791339075510,""e"":""trade"",""m"":true,""p"":""84067.70000000"",""q"":""0.00006000"",""s"":""BTCUSDT"",""t"":6741320144}"
1791339075,579856200,spot,trade,0,0,615,BTCUSDT,"{""E"":1791339075515,""M"":true,""T"":1791339075510,""e"":""trade"",""m"":true,""p"":""84067.70000000"",""q"":""0.00006000"",""s"":""BTCUSDT"",""t"":6741320145}"
1791339075,579884100,spot,trade,0,0,616,BTCUSDT,"{""E"":1791339075515,""M"":true,""T"":1791339075510,""e"":""trade"",""m"":true,""p"":""84067.70000000"",""q"":""0.00006000"",""s"":""BTCUSDT"",""t"":6741320146}"
1791339075,579908200,spot,trade,0,0,617,BTCUSDT,"{""E"":1791339075515,""M"":true,""T"":1791339075510,""e"":""trade"",""m"":true,""p"":""84067.70000000"",""q"":""0.00006000"",""s"":""BTCUSDT"",""t"":6741320147}"
1791339075,579931500,spot,trade,0,0,618,BTCUSDT,"{""E"":1791339075515,""M"":true,""T"":1791339075510,""e"":""trade"",""m"":true,""p"":""84067.70000000"",""q"":""0.00006000"",""s"":""BTCUSDT"",""t"":6741320148}"
1791339075,579955100,spot,trade,0,0,619,BTCUSDT,"{""E"":1791339075515,""M"":true,""T"":1791339075510,""e"":""trade"",""m"":true,""p"":""84067.70000000"",""q"":""0.00006000"",""s"":""BTCUSDT"",""t"":6741320149}"
1791339075,579977800,spot,trade,0,0,620,BTCUSDT,"{""E"":1791339075515,""M"":true,""T"":1791339075510,""e"":""trade"",""m"":true,""p"":""84067.70000000"",""q"":""0.00006000"",""s"":""BTCUSDT"",""t"":6741320150}"
1791339075,580000800,spot,trade,0,0,621,BTCUSDT,"{""E"":1791339075515,""M"":true,""T"":1791339075510,""e"":""trade"",""m"":true,""p"":""84067.70000000"",""q"":""0.00006000"",""s"":""BTCUSDT"",""t"":6741320151}"
1791339075,580023500,spot,trade,0,0,622,BTCUSDT,"{""E"":1791339075515,""M"":true,""T"":1791339075510,""e"":""trade"",""m"":true,""p"":""84067.70000000"",""q"":""0.00006000"",""s"":""BTCUSDT"",""t"":6741320152}"
1791339075,580046000,spot,trade,0,0,623,BTCUSDT,"{""E"":1791339075515,""M"":true,""T"":1791339075510,""e"":""trade"",""m"":true,""p"":""84067.70000000"",""q"":""0.00006000"",""s"":""BTCUSDT"",""t"":6741320153}"
1791339075,580068600,spot,trade,0,0,624,BTCUSDT,"{""E"":1791339075515,""M"":true,""T"":1791339075510,""e"":""trade"",""m"":true,""p"":""84067.70000000"",""q"":""0.00006000"",""s"":""BTCUSDT"",""t"":6741320154}"
1791339075,580093100,spot,trade,0,0,625,BTCUSDT,"{""E"":1791339075515,""M"":true,""T"":1791339075510,""e"":""trade"",""m"":true,""p"":""84067.70000000"",""q"":""0.00006000"",""s"":""BTCUSDT"",""t"":6741320155}"
1791339075,580130600,spot,trade,0,0,626,BTCUSDT,"{""E"":1791339075515,""M"":true,""T"":1791339075510,""e"":""trade"",""m"":true,""p"":""84067.70000000"",""q"":""0.00006000"",""s"":""BTCUSDT"",""t"":6741320156}"
1791339075,580160600,spot,trade,0,0,627,BTCUSDT,"{""E"":1791339075515,""M"":true,""T"":1791339075510,""e"":""trade"",""m"":true,""p"":""84067.70000000"",""q"":""0.00006000"",""s"":""BTCUSDT"",""t"":6741320157}"
1791339075,580184400,spot,trade,0,0,628,BTCUSDT,"{""E"":1791339075515,""M"":true,""T"":1791339075510,""e"":""trade"",""m"":true,""p"":""84067.70000000"",""q"":""0.00006000"",""s"":""BTCUSDT"",""t"":6741320158}"
1791339075,580207400,spot,trade,0,0,629,BTCUSDT,"{""E"":1791339075515,""M"":true,""T"":1791339075510,""e"":""trade"",""m"":true,""p"":""84067.70000000"",""q"":""0.00006000"",""s"":""BTCUSDT"",""t"":6741320159}"
1791339075,580230200,spot,trade,0,0,630,BTCUSDT,"{""E"":1791339075515,""M"":true,""T"":1791339075510,""e"":""trade"",""m"":true,""p"":""84067.70000000"",""q"":""0.00006000"",""s"":""BTCUSDT"",""t"":6741320160}"
1791339075,580253500,spot,trade,0,0,631,BTCUSDT,"{""E"":1791339075515,""M"":true,""T"":1791339075510,""e"":""trade"",""m"":true,""p"":""84067.70000000"",""q"":""0.00006000"",""s"":""BTCUSDT"",""t"":6741320161}"
1791339075,580276600,spot,trade,0,0,632,BTCUSDT,"{""E"":1791339075515,""M"":true,""T"":1791339075510,""e"":""trade"",""m"":true,""p"":""84067.70000000"",""q"":""0.00006000"",""s"":""BTCUSDT"",""t"":6741320162}"
1791339075,580299300,spot,trade,0,0,633,BTCUSDT,"{""E"":1791339075515,""M"":true,""T"":1791339075510,""e"":""trade"",""m"":true,""p"":""84067.70000000"",""q"":""0.00006000"",""s"":""BTCUSDT"",""t"":6741320163}"
1791339075,580325800,spot,trade,0,0,634,BTCUSDT,"{""E"":1791339075515,""M"":true,""T"":1791339075510,""e"":""trade"",""m"":true,""p"":""84067.70000000"",""q"":""0.00006000"",""s"":""BTCUSDT"",""t"":6741320164}"
1791339075,580350700,spot,trade,0,0,635,BTCUSDT,"{""E"":1791339075515,""M"":true,""T"":1791339075510,""e"":""trade"",""m"":true,""p"":""84067.70000000"",""q"":""0.00006000"",""s"":""BTCUSDT"",""t"":6741320165}"
1791339075,580388600,spot,trade,0,0,636,BTCUSDT,"{""E"":1791339075517,""M"":true,""T"":1791339075511,""e"":""trade"",""m"":true,""p"":""84067.08000000"",""q"":""0.00007000"",""s"":""BTCUSDT"",""t"":6741320166}"
1791339075,580414000,spot,trade,0,0,637,BTCUSDT,"{""E"":1791339075517,""M"":true,""T"":1791339075511,""e"":""trade"",""m"":true,""p"":""84067.08000000"",""q"":""0.00007000"",""s"":""BTCUSDT"",""t"":6741320167}"
1791339075,580437100,spot,trade,0,0,638,BTCUSDT,"{""E"":1791339075517,""M"":true,""T"":1791339075511,""e"":""trade"",""m"":true,""p"":""84067.08000000"",""q"":""0.00007000"",""s"":""BTCUSDT"",""t"":6741320168}"
1791339075,580459800,spot,trade,0,0,639,BTCUSDT,"{""E"":1791339075517,""M"":true,""T"":1791339075511,""e"":""trade"",""m"":true,""p"":""84067.07000000"",""q"":""0.00006000"",""s"":""BTCUSDT"",""t"":6741320169}"
1791339075,580482600,spot,trade,0,0,640,BTCUSDT,"{""E"":1791339075517,""M"":true,""T"":1791339075511,""e"":""trade"",""m"":true,""p"":""84067.07000000"",""q"":""0.00006000"",""s"":""BTCUSDT"",""t"":6741320170}"
1791339075,580505300,spot,trade,0,0,641,BTCUSDT,"{""E"":1791339075517,""M"":true,""T"":1791339075511,""e"":""trade"",""m"":true,""p"":""84067.07000000"",""q"":""0.00006000"",""s"":""BTCUSDT"",""t"":6741320171}"
1791339075,580528300,spot,trade,0,0,642,BTCUSDT,"{""E"":1791339075517,""M"":true,""T"":1791339075511,""e"":""trade"",""m"":true,""p"":""84067.07000000"",""q"":""0.00006000"",""s"":""BTCUSDT"",""t"":6741320172}"
1791339075,580551100,spot,trade,0,0,643,BTCUSDT,"{""E"":1791339075517,""M"":true,""T"":1791339075511,""e"":""trade"",""m"":true,""p"":""84067.07000000"",""q"":""0.00006000"",""s"":""BTCUSDT"",""t"":6741320173}"
1791339075,580575500,spot,trade,0,0,644,BTCUSDT,"{""E"":1791339075517,""M"":true,""T"":1791339075511,""e"":""trade"",""m"":true,""p"":""84067.00000000"",""q"":""0.00006000"",""s"":""BTCUSDT"",""t"":6741320174}"
1791339075,580602700,spot,trade,0,0,645,BTCUSDT,"{""E"":1791339075517,""M"":true,""T"":1791339075511,""e"":""trade"",""m"":true,""p"":""84067.00000000"",""q"":""0.00006000"",""s"":""BTCUSDT"",""t"":6741320175}"
1791339075,580628200,spot,trade,0,0,646,BTCUSDT,"{""E"":1791339075517,""M"":true,""T"":1791339075511,""e"":""trade"",""m"":true,""p"":""84067.00000000"",""q"":""0.00006000"",""s"":""BTCUSDT"",""t"":6741320176}"
1791339075,580651300,spot,trade,0,0,647,BTCUSDT,"{""E"":1791339075517,""M"":true,""T"":1791339075511,""e"":""trade"",""m"":true,""p"":""84067.00000000"",""q"":""0.00006000"",""s"":""BTCUSDT"",""t"":6741320177}"
1791339075,580674000,spot,trade,0,0,648,BTCUSDT,"{""E"":1791339075517,""M"":true,""T"":1791339075511,""e"":""trade"",""m"":true,""p"":""84067.00000000"",""q"":""0.00006000"",""s"":""BTCUSDT"",""t"":6741320178}"
1791339075,580696800,spot,trade,0,0,649,BTCUSDT,"{""E"":1791339075517,""M"":true,""T"":1791339075511,""e"":""trade"",""m"":true,""p"":""84066.84000000"",""q"":""0.00006000"",""s"":""BTCUSDT"",""t"":6741320179}"
1791339075,580719500,spot,trade,0,0,650,BTCUSDT,"{""E"":1791339075517,""M"":true,""T"":1791339075511,""e"":""trade"",""m"":true,""p"":""84066.84000000"",""q"":""0.00006000"",""s"":""BTCUSDT"",""t"":6741320180}"
1791339075,580742000,spot,trade,0,0,651,BTCUSDT,"{""E"":1791339075517,""M"":true,""T"":1791339075511,""e"":""trade"",""m"":true,""p"":""84066.84000000"",""q"":""0.00006000"",""s"":""BTCUSDT"",""t"":6741320181}"
1791339075,580764700,spot,trade,0,0,652,BTCUSDT,"{""E"":1791339075517,""M"":true,""T"":1791339075511,""e"":""trade"",""m"":true,""p"":""84066.84000000"",""q"":""0.00006000"",""s"":""BTCUSDT"",""t"":6741320182}"
1791339075,580789300,spot,trade,0,0,653,BTCUSDT,"{""E"":1791339075517,""M"":true,""T"":1791339075511,""e"":""trade"",""m"":true,""p"":""84066.84000000"",""q"":""0.00006000"",""s"":""BTCUSDT"",""t"":6741320183}"
1791339075,580813000,spot,trade,0,0,654,BTCUSDT,"{""E"":1791339075517,""M"":true,""T"":1791339075511,""e"":""trade"",""m"":true,""p"":""84066.84000000"",""q"":""0.00006000"",""s"":""BTCUSDT"",""t"":6741320184}"
1791339075,585741700,spot,depth5,0,0,655,BTCUSDT,"{""asks"":[[""84066.02000000"",""0.23771000""],[""84066.73000000"",""0.30000000""],[""84066.85000000"",""0.21580000""],[""84067.01000000"",""0.30000000""],[""84067.07000000"",""0.83738000""]],""bids"":[[""84066.01000000"",""0.00212000""],[""84065.83000000"",""0.00008000""],[""84065.37000000"",""0.00014000""],[""84065.36000000"",""0.00006000""],[""84064.95000000"",""0.00014000""]],""lastUpdateId"":101123535985}"
1791339075,586264400,spot,depth_diff,0,0,656,BTCUSDT,"{""E"":1791339075519,""U"":101123535349,""a"":[[""84066.02000000"",""0.23771000""],[""84066.73000000"",""0.30000000""],[""84066.85000000"",""0.21580000""],[""84067.01000000"",""0.30000000""],[""84067.07000000"",""0.83738000""],[""84067.08000000"",""1.24517000""],[""84067.09000000"",""0.51580000""],[""84067.55000000"",""0.30000000""],[""84067.70000000"",""0.23074000""],[""84067.71000000"",""3.18434000""],[""84067.77000000"",""0.00000000""],[""84067.84000000"",""0.00000000""],[""84067.98000000"",""0.26990000""],[""84068.13000000"",""0.00000000""],[""84068.22000000"",""0.00000000""],[""84068.93000000"",""0.00000000""],[""84069.03000000"",""0.41285000""],[""84069.04000000"",""2.22480000""],[""84069.60000000"",""0.00140000""],[""84069.86000000"",""0.00000000""],[""84069.91000000"",""0.00000000""],[""84070.53000000"",""0.00000000""],[""84070.60000000"",""0.00000000""],[""84070.65000000"",""0.60863000""],[""84070.66000000"",""1.09967000""],[""84070.67000000"",""0.00000000""],[""84070.68000000"",""0.00000000""],[""84070.71000000"",""0.00000000""],[""84070.74000000"",""2.02699000""],[""84070.75000000"",""0.93930000""],[""84071.10000000"",""0.00012000""],[""84071.24000000"",""0.00000000""],[""84071.52000000"",""0.00400000""],[""84071.62000000"",""0.02908000""],[""84072.00000000"",""0.07000000""],[""84072.09000000"",""0.00000000""],[""84073.00000000"",""0.07000000""],[""84073.05000000"",""0.02000000""],[""84073.44000000"",""0.00000000""],[""84073.45000000"",""0.02039000""],[""84074.30000000"",""0.00000000""],[""84074.78000000"",""0.00000000""],[""84074.79000000"",""0.02039000""],[""84075.36000000"",""0.00012000""],[""84075.67000000"",""0.00000000""],[""84075.68000000"",""0.01210000""],[""84076.12000000"",""0.00007000""],[""84076.30000000"",""0.00008000""],[""84077.40000000"",""0.02908000""],[""84077.85000000"",""0.00000000""],[""84078.54000000"",""0.00400000""],[""84080.19000000"",""0.34846000""],[""84081.39000000"",""1.58676000""],[""84081.40000000"",""0.00006000""],[""84082.01000000"",""0.00000000""],[""84082.02000000"",""0.00000000""],[""84082.03000000"",""0.41784000""],[""84082.29000000"",""0.00000000""],[""84083.04000000"",""0.00000000""],[""84084.00000000"",""0.00007000""],[""84085.10000000"",""0.07531000""],[""84085.20000000"",""0.21869000""],[""84085.41000000"",""0.07500000""],[""84085.42000000"",""0.02618000""],[""84085.85000000"",""0.00007000""],[""84086.20000000"",""0.00000000""],[""84086.76000000"",""0.00000000""],[""84087.56000000"",""0.00006000""],[""84088.51000000"",""0.00000000""],[""84088.64000000"",""1.86259000""],[""84088.65000000"",""0.00000000""],[""84088.66000000"",""0.10227000""],[""84088.70000000"",""0.00000000""],[""84089.96000000"",""0.00000000""],[""84090.01000000"",""1.51404000""],[""84090.06000000"",""0.00007000""],[""84091.15000000"",""0.00000000""],[""84092.61000000"",""1.58676000""],[""84093.37000000"",""0.40813000""],[""84093.41000000"",""0.00000000""],[""84093.90000000"",""0.00000000""],[""84094.26000000"",""0.00007000""],[""84094.58000000"",""0.00000000""],[""84096.91000000"",""0.00000000""],[""84097.44000000"",""0.16309000""],[""84098.35000000"",""0.35683000""],[""84098.46000000"",""0.00007000""],[""84098.64000000"",""0.00000000""],[""84100.52000000"",""0.00000000""],[""84102.67000000"",""0.00007000""],[""84104.63000000"",""0.00000000""],[""84104.77000000"",""0.00000000""],[""84105.28000000"",""0.00000000""],[""84106.87000000"",""0.00007000""],[""84107.38000000"",""0.37217000""],[""84108.05000000"",""0.00000000""],[""84111.07000000"",""0.00007000""],[""84113.28000000"",""0.00000000""],[""84113.70000000"",""0.00000000""],[""84117.59000000"",""0.00000000""],[""84117.96000000"",""0.00046000""],[""84127.11000000"",""0.00000000""],[""84131.39000000"",""0.00007000""],[""84133.71000000"",""0.00000000""],[""84136.54000000"",""0.00000000""],[""84141.30000000"",""0.00000000""],[""84150.23000000"",""0.00000000""],[""84153.11000000"",""0.00007000""],[""84159.71000000"",""0.00000000""],[""84179.92000000"",""0.00000000""],[""84182.60000000"",""0.00000000""],[""84190.56000000"",""0.00000000""],[""84191.53000000"",""0.00000000""],[""84201.20000000"",""0.00000000""],[""84206.46000000"",""0.07515000""],[""84237.18000000"",""0.00007000""],[""84303.05000000"",""0.00000000""],[""84321.25000000"",""0.00007000""],[""84405.32000000"",""0.00007000""],[""84420.39000000"",""0.00000000""],[""84489.39000000"",""0.00007000""],[""84573.45000000"",""0.00007000""],[""84657.52000000"",""0.00007000""],[""84741.59000000"",""0.00007000""]],""b"":[[""84070.74000000"",""0.00000000""],[""84070.73000000"",""0.00000000""],[""84070.67000000"",""0.00000000""],[""84070.66000000"",""0.00000000""],[""84070.65000000"",""0.00000000""],[""84070.59000000"",""0.00000000""],[""84069.90000000"",""0.00000000""],[""84069.85000000"",""0.00000000""],[""84069.35000000"",""0.00000000""],[""84069.03000000"",""0.00000000""],[""84069.02000000"",""0.00000000""],[""84068.99000000"",""0.00000000""],[""84068.21000000"",""0.00000000""],[""84068.12000000"",""0.00000000""],[""84067.83000000"",""0.00000000""],[""84067.76000000"",""0.00000000""],[""84067.71000000"",""0.00000000""],[""84067.70000000"",""0.00000000""],[""84067.54000000"",""0.00000000""],[""84067.08000000"",""0.00000000""],[""84067.07000000"",""0.00000000""],[""84067.00000000"",""0.00000000""],[""84066.84000000"",""0.00000000""],[""84066.72000000"",""0.00000000""],[""84066.01000000"",""0.00212000""],[""84066.00000000"",""0.00000000""],[""84065.83000000"",""0.00008000""],[""84065.37000000"",""0.00014000""],[""84065.36000000"",""0.00006000""],[""84065.35000000"",""0.00000000""],[""84064.95000000"",""0.00014000""],[""84064.94000000"",""0.00012000""],[""84064.51000000"",""0.00000000""],[""84064.46000000"",""0.00000000""],[""84064.26000000"",""0.00000000""],[""84064.25000000"",""0.00000000""],[""84064.01000000"",""0.00000000""],[""84063.66000000"",""0.00000000""],[""84063.08000000"",""0.00014000""],[""84063.07000000"",""0.00007000""],[""84063.06000000"",""0.00000000""],[""84062.58000000"",""0.00006000""],[""84062.25000000"",""0.00000000""],[""84061.80000000"",""0.00006000""],[""84061.28000000"",""0.00000000""],[""84061.25000000"",""0.00007000""],[""84060.81000000"",""0.00000000""],[""84060.62000000"",""0.00007000""],[""84060.08000000"",""0.00006000""],[""84059.93000000"",""0.00006000""],[""84059.29000000"",""0.33750000""],[""84059.23000000"",""0.00000000""],[""84058.32000000"",""0.00006000""],[""84057.41000000"",""0.00006000""],[""84057.40000000"",""0.00006000""],[""84057.10000000"",""0.00006000""],[""84056.93000000"",""0.11511000""],[""84056.71000000"",""0.00000000""],[""84056.19000000"",""0.00000000""],[""84056.16000000"",""0.00000000""],[""84055.00000000"",""0.00000000""],[""84054.54000000"",""0.00000000""],[""84054.42000000"",""0.00200000""],[""84054.27000000"",""0.00000000""],[""84054.06000000"",""0.00006000""],[""84053.93000000"",""0.00000000""],[""84053.73000000"",""0.00000000""],[""84053.54000000"",""0.00000000""],[""84053.18000000"",""0.00000000""],[""84053.04000000"",""0.00000000""],[""84052.88000000"",""0.00000000""],[""84052.47000000"",""0.00000000""],[""84052.39000000"",""0.00000000""],[""84052.06000000"",""0.02000000""],[""84051.67000000"",""0.00000000""],[""84050.95000000"",""0.00000000""],[""84050.94000000"",""0.00000000""],[""84050.89000000"",""0.00007000""],[""84050.69000000"",""0.00594000""],[""84050.57000000"",""0.00000000""],[""84049.80000000"",""0.00006000""],[""84049.19000000"",""0.00000000""],[""84048.75000000"",""0.00000000""],[""84048.74000000"",""0.00000000""],[""84048.48000000"",""0.00000000""],[""84048.13000000"",""0.00000000""],[""84047.73000000"",""0.00000000""],[""84047.25000000"",""0.00000000""],[""84047.20000000"",""0.00000000""],[""84046.99000000"",""0.00000000""],[""84046.73000000"",""0.00000000""],[""84046.68000000"",""0.00007000""],[""84046.42000000"",""0.00000000""],[""84046.28000000"",""0.00000000""],[""84045.54000000"",""0.00006000""],[""84045.08000000"",""0.00000000""],[""84045.02000000"",""0.00000000""],[""84045.00000000"",""0.00000000""],[""84044.45000000"",""0.00000000""],[""84044.37000000"",""1.78405000""],[""84043.48000000"",""0.00000000""],[""84042.48000000"",""0.00007000""],[""84042.11000000"",""1.96873000""],[""84041.28000000"",""0.00006000""],[""84041.23000000"",""1.78405000""],[""84040.79000000"",""0.00000000""],[""84039.64000000"",""0.00000000""],[""84039.62000000"",""0.03568000""],[""84039.53000000"",""0.00000000""],[""84039.27000000"",""0.00000000""],[""84038.28000000"",""0.00007000""],[""84037.80000000"",""0.00000000""],[""84037.73000000"",""0.70000000""],[""84037.37000000"",""0.40813000""],[""84037.12000000"",""0.00000000""],[""84036.90000000"",""0.00000000""],[""84036.73000000"",""0.00000000""],[""84036.56000000"",""0.00000000""],[""84036.53000000"",""0.00000000""],[""84035.48000000"",""0.00000000""],[""84034.69000000"",""0.59517000""],[""84034.22000000"",""0.00000000""],[""84034.07000000"",""0.00007000""],[""84033.11000000"",""0.00000000""],[""84032.91000000"",""0.00000000""],[""84032.62000000"",""0.00000000""],[""84032.15000000"",""0.00165000""],[""84031.18000000"",""1.96873000""],[""84030.22000000"",""0.03000000""],[""84030.02000000"",""0.04000000""],[""84029.95000000"",""0.00000000""],[""84029.87000000"",""0.00007000""],[""84029.02000000"",""0.08000000""],[""84028.50000000"",""0.00012000""],[""84028.19000000"",""0.00000000""],[""84028.00000000"",""0.00000000""],[""84026.86000000"",""1.71296000""],[""84025.67000000"",""0.00007000""],[""84020.62000000"",""0.77361000""],[""84017.33000000"",""0.07641000""],[""84016.89000000"",""0.00000000""],[""84010.89000000"",""0.33750000""],[""84010.68000000"",""0.00000000""],[""84008.38000000"",""1.17882000""],[""84006.76000000"",""0.00000000""],[""83996.04000000"",""0.00000000""],[""83994.54000000"",""0.00000000""],[""83992.96000000"",""0.00000000""],[""83984.96000000"",""0.00007000""],[""83984.47000000"",""1.78405000""],[""83971.01000000"",""1.78405000""],[""83957.55000000"",""1.78405000""],[""83954.21000000"",""0.03688000""],[""83952.85000000"",""0.01863000""],[""83945.16000000"",""0.00400000""],[""83938.66000000"",""0.00000000""],[""83938.14000000"",""0.00400000""],[""83931.12000000"",""0.00408000""],[""83927.47000000"",""1.78405000""],[""83914.85000000"",""1.78405000""],[""83910.46000000"",""0.00000000""],[""83900.89000000"",""0.00007000""],[""83816.82000000"",""0.00007000""],[""83742.31000000"",""0.00000000""],[""83732.75000000"",""0.00007000""],[""83728.34000000"",""0.00000000""],[""83648.68000000"",""0.00007000""],[""83564.62000000"",""0.00007000""],[""83490.07000000"",""0.00000000""],[""83480.55000000"",""0.00007000""],[""83396.48000000"",""0.00007000""],[""82809.68000000"",""0.00000000""],[""75663.67000000"",""0.00000000""],[""75663.66000000"",""0.00008000""]],""e"":""depthUpdate"",""s"":""BTCUSDT"",""u"":101123535985}"
1791339075,586775900,spot,trade,0,0,657,BTCUSDT,"{""E"":1791339075522,""M"":true,""T"":1791339075517,""e"":""trade"",""m"":true,""p"":""84066.01000000"",""q"":""0.00006000"",""s"":""BTCUSDT"",""t"":6741320185}"
1791339075,586810600,spot,trade,0,0,658,BTCUSDT,"{""E"":1791339075522,""M"":true,""T"":1791339075517,""e"":""trade"",""m"":true,""p"":""84066.01000000"",""q"":""0.00006000"",""s"":""BTCUSDT"",""t"":6741320186}"
1791339075,586836600,spot,trade,0,0,659,BTCUSDT,"{""E"":1791339075522,""M"":true,""T"":1791339075517,""e"":""trade"",""m"":true,""p"":""84066.01000000"",""q"":""0.00006000"",""s"":""BTCUSDT"",""t"":6741320187}"
1791339075,586860400,spot,trade,0,0,660,BTCUSDT,"{""E"":1791339075522,""M"":true,""T"":1791339075517,""e"":""trade"",""m"":true,""p"":""84066.01000000"",""q"":""0.00006000"",""s"":""BTCUSDT"",""t"":6741320188}"
1791339075,586883900,spot,trade,0,0,661,BTCUSDT,"{""E"":1791339075522,""M"":true,""T"":1791339075517,""e"":""trade"",""m"":true,""p"":""84066.01000000"",""q"":""0.00006000"",""s"":""BTCUSDT"",""t"":6741320189}"
1791339075,586907500,spot,trade,0,0,662,BTCUSDT,"{""E"":1791339075522,""M"":true,""T"":1791339075517,""e"":""trade"",""m"":true,""p"":""84066.01000000"",""q"":""0.00006000"",""s"":""BTCUSDT"",""t"":6741320190}"
1791339075,586931700,spot,trade,0,0,663,BTCUSDT,"{""E"":1791339075522,""M"":true,""T"":1791339075517,""e"":""trade"",""m"":true,""p"":""84066.01000000"",""q"":""0.00006000"",""s"":""BTCUSDT"",""t"":6741320191}"
1791339075,586955100,spot,trade,0,0,664,BTCUSDT,"{""E"":1791339075522,""M"":true,""T"":1791339075517,""e"":""trade"",""m"":true,""p"":""84066.01000000"",""q"":""0.00006000"",""s"":""BTCUSDT"",""t"":6741320192}"
1791339075,586981200,spot,trade,0,0,665,BTCUSDT,"{""E"":1791339075522,""M"":true,""T"":1791339075517,""e"":""trade"",""m"":true,""p"":""84066.01000000"",""q"":""0.00006000"",""s"":""BTCUSDT"",""t"":6741320193}"
1791339075,587005300,spot,trade,0,0,666,BTCUSDT,"{""E"":1791339075522,""M"":true,""T"":1791339075517,""e"":""trade"",""m"":true,""p"":""84066.01000000"",""q"":""0.00006000"",""s"":""BTCUSDT"",""t"":6741320194}"
1791339075,587028500,spot,trade,0,0,667,BTCUSDT,"{""E"":1791339075522,""M"":true,""T"":1791339075517,""e"":""trade"",""m"":true,""p"":""84066.01000000"",""q"":""0.00006000"",""s"":""BTCUSDT"",""t"":6741320195}"
1791339075,587051800,spot,trade,0,0,668,BTCUSDT,"{""E"":1791339075522,""M"":true,""T"":1791339075517,""e"":""trade"",""m"":true,""p"":""84066.01000000"",""q"":""0.00006000"",""s"":""BTCUSDT"",""t"":6741320196}"
1791339075,587074600,spot,trade,0,0,669,BTCUSDT,"{""E"":1791339075522,""M"":true,""T"":1791339075517,""e"":""trade"",""m"":true,""p"":""84066.01000000"",""q"":""0.00006000"",""s"":""BTCUSDT"",""t"":6741320197}"
1791339075,587097500,spot,trade,0,0,670,BTCUSDT,"{""E"":1791339075522,""M"":true,""T"":1791339075517,""e"":""trade"",""m"":true,""p"":""84066.01000000"",""q"":""0.00006000"",""s"":""BTCUSDT"",""t"":6741320198}"
1791339075,587124800,spot,trade,0,0,671,BTCUSDT,"{""E"":1791339075522,""M"":true,""T"":1791339075517,""e"":""trade"",""m"":true,""p"":""84066.01000000"",""q"":""0.00006000"",""s"":""BTCUSDT"",""t"":6741320199}"
1791339075,587150900,spot,trade,0,0,672,BTCUSDT,"{""E"":1791339075522,""M"":true,""T"":1791339075517,""e"":""trade"",""m"":true,""p"":""84066.01000000"",""q"":""0.00006000"",""s"":""BTCUSDT"",""t"":6741320200}"
1791339075,587174700,spot,trade,0,0,673,BTCUSDT,"{""E"":1791339075522,""M"":true,""T"":1791339075517,""e"":""trade"",""m"":true,""p"":""84066.01000000"",""q"":""0.00006000"",""s"":""BTCUSDT"",""t"":6741320201}"
1791339075,587199500,spot,trade,0,0,674,BTCUSDT,"{""E"":1791339075522,""M"":true,""T"":1791339075517,""e"":""trade"",""m"":true,""p"":""84066.01000000"",""q"":""0.00006000"",""s"":""BTCUSDT"",""t"":6741320202}"
1791339075,587223200,spot,trade,0,0,675,BTCUSDT,"{""E"":1791339075522,""M"":true,""T"":1791339075517,""e"":""trade"",""m"":true,""p"":""84066.01000000"",""q"":""0.00006000"",""s"":""BTCUSDT"",""t"":6741320203}"
1791339075,587246400,spot,trade,0,0,676,BTCUSDT,"{""E"":1791339075522,""M"":true,""T"":1791339075517,""e"":""trade"",""m"":true,""p"":""84066.01000000"",""q"":""0.00006000"",""s"":""BTCUSDT"",""t"":6741320204}"
1791339075,587269500,spot,trade,0,0,677,BTCUSDT,"{""E"":1791339075522,""M"":true,""T"":1791339075517,""e"":""trade"",""m"":true,""p"":""84066.01000000"",""q"":""0.00006000"",""s"":""BTCUSDT"",""t"":6741320205}"
1791339075,587292300,spot,trade,0,0,678,BTCUSDT,"{""E"":1791339075522,""M"":true,""T"":1791339075517,""e"":""trade"",""m"":true,""p"":""84066.01000000"",""q"":""0.00006000"",""s"":""BTCUSDT"",""t"":6741320206}"
1791339075,587315200,spot,trade,0,0,679,BTCUSDT,"{""E"":1791339075522,""M"":true,""T"":1791339075517,""e"":""trade"",""m"":true,""p"":""84066.01000000"",""q"":""0.00006000"",""s"":""BTCUSDT"",""t"":6741320207}"
1791339075,587338200,spot,trade,0,0,680,BTCUSDT,"{""E"":1791339075522,""M"":true,""T"":1791339075517,""e"":""trade"",""m"":true,""p"":""84066.01000000"",""q"":""0.00006000"",""s"":""BTCUSDT"",""t"":6741320208}"
1791339075,587361600,spot,trade,0,0,681,BTCUSDT,"{""E"":1791339075522,""M"":true,""T"":1791339075517,""e"":""trade"",""m"":true,""p"":""84066.01000000"",""q"":""0.00006000"",""s"":""BTCUSDT"",""t"":6741320209}"
1791339075,587384500,spot,trade,0,0,682,BTCUSDT,"{""E"":1791339075522,""M"":true,""T"":1791339075517,""e"":""trade"",""m"":true,""p"":""84066.01000000"",""q"":""0.00006000"",""s"":""BTCUSDT"",""t"":6741320210}"
1791339075,587429900,spot,trade,0,0,683,BTCUSDT,"{""E"":1791339075522,""M"":true,""T"":1791339075517,""e"":""trade"",""m"":true,""p"":""84066.01000000"",""q"":""0.00006000"",""s"":""BTCUSDT"",""t"":6741320211}"
1791339075,587454500,spot,trade,0,0,684,BTCUSDT,"{""E"":1791339075522,""M"":true,""T"":1791339075517,""e"":""trade"",""m"":true,""p"":""84066.01000000"",""q"":""0.00006000"",""s"":""BTCUSDT"",""t"":6741320212}"
1791339075,587477800,spot,trade,0,0,685,BTCUSDT,"{""E"":1791339075522,""M"":true,""T"":1791339075517,""e"":""trade"",""m"":true,""p"":""84066.01000000"",""q"":""0.00006000"",""s"":""BTCUSDT"",""t"":6741320213}"
1791339075,587500800,spot,trade,0,0,686,BTCUSDT,"{""E"":1791339075522,""M"":true,""T"":1791339075517,""e"":""trade"",""m"":true,""p"":""84066.01000000"",""q"":""0.00006000"",""s"":""BTCUSDT"",""t"":6741320214}"
1791339075,587523800,spot,trade,0,0,687,BTCUSDT,"{""E"":1791339075522,""M"":true,""T"":1791339075517,""e"":""trade"",""m"":true,""p"":""84065.83000000"",""q"":""0.00008000"",""s"":""BTCUSDT"",""t"":6741320215}"
1791339075,587547200,spot,trade,0,0,688,BTCUSDT,"{""E"":1791339075522,""M"":true,""T"":1791339075517,""e"":""trade"",""m"":true,""p"":""84065.37000000"",""q"":""0.00007000"",""s"":""BTCUSDT"",""t"":6741320216}"
1791339075,587570000,spot,trade,0,0,689,BTCUSDT,"{""E"":1791339075522,""M"":true,""T"":1791339075517,""e"":""trade"",""m"":true,""p"":""84065.37000000"",""q"":""0.00007000"",""s"":""BTCUSDT"",""t"":6741320217}"
1791339075,587592900,spot,trade,0,0,690,BTCUSDT,"{""E"":1791339075522,""M"":true,""T"":1791339075517,""e"":""trade"",""m"":true,""p"":""84065.37000000"",""q"":""0.00007000"",""s"":""BTCUSDT"",""t"":6741320218}"
1791339075,587619100,spot,trade,0,0,691,BTCUSDT,"{""E"":1791339075522,""M"":true,""T"":1791339075517,""e"":""trade"",""m"":true,""p"":""84065.36000000"",""q"":""0.00006000"",""s"":""BTCUSDT"",""t"":6741320219}"
1791339075,587694900,spot,trade,0,0,692,BTCUSDT,"{""E"":1791339075522,""M"":true,""T"":1791339075517,""e"":""trade"",""m"":true,""p"":""84065.36000000"",""q"":""0.00006000"",""s"":""BTCUSDT"",""t"":6741320220}"
1791339075,587765400,spot,trade,0,0,693,BTCUSDT,"{""E"":1791339075522,""M"":true,""T"":1791339075517,""e"":""trade"",""m"":true,""p"":""84065.36000000"",""q"":""0.00006000"",""s"":""BTCUSDT"",""t"":6741320221}"
1791339075,587793200,spot,trade,0,0,694,BTCUSDT,"{""E"":1791339075522,""M"":true,""T"":1791339075517,""e"":""trade"",""m"":true,""p"":""84065.36000000"",""q"":""0.00006000"",""s"":""BTCUSDT"",""t"":6741320222}"
1791339075,587816900,spot,trade,0,0,695,BTCUSDT,"{""E"":1791339075522,""M"":true,""T"":1791339075517,""e"":""trade"",""m"":true,""p"":""84065.36000000"",""q"":""0.00006000"",""s"":""BTCUSDT"",""t"":6741320223}"
1791339075,587839900,spot,trade,0,0,696,BTCUSDT,"{""E"":1791339075522,""M"":true,""T"":1791339075517,""e"":""trade"",""m"":true,""p"":""84064.95000000"",""q"":""0.00007000"",""s"":""BTCUSDT"",""t"":6741320224}"
1791339075,587863000,spot,trade,0,0,697,BTCUSDT,"{""E"":1791339075522,""M"":true,""T"":1791339075517,""e"":""trade"",""m"":true,""p"":""84064.95000000"",""q"":""0.00007000"",""s"":""BTCUSDT"",""t"":6741320225}"
1791339075,587886000,spot,trade,0,0,698,BTCUSDT,"{""E"":1791339075522,""M"":true,""T"":1791339075517,""e"":""trade"",""m"":true,""p"":""84064.95000000"",""q"":""0.00007000"",""s"":""BTCUSDT"",""t"":6741320226}"
1791339075,587908900,spot,trade,0,0,699,BTCUSDT,"{""E"":1791339075522,""M"":true,""T"":1791339075517,""e"":""trade"",""m"":true,""p"":""84064.94000000"",""q"":""0.00006000"",""s"":""BTCUSDT"",""t"":6741320227}"
1791339075,587931500,spot,trade,0,0,700,BTCUSDT,"{""E"":1791339075522,""M"":true,""T"":1791339075517,""e"":""trade"",""m"":true,""p"":""84064.94000000"",""q"":""0.00006000"",""s"":""BTCUSDT"",""t"":6741320228}"
1791339075,587954700,spot,trade,0,0,701,BTCUSDT,"{""E"":1791339075522,""M"":true,""T"":1791339075517,""e"":""trade"",""m"":true,""p"":""84064.94000000"",""q"":""0.00006000"",""s"":""BTCUSDT"",""t"":6741320229}"
1791339075,587979900,spot,trade,0,0,702,BTCUSDT,"{""E"":1791339075522,""M"":true,""T"":1791339075517,""e"":""trade"",""m"":true,""p"":""84064.94000000"",""q"":""0.00006000"",""s"":""BTCUSDT"",""t"":6741320230}"
1791339075,588003800,spot,trade,0,0,703,BTCUSDT,"{""E"":1791339075522,""M"":true,""T"":1791339075517,""e"":""trade"",""m"":true,""p"":""84064.94000000"",""q"":""0.00006000"",""s"":""BTCUSDT"",""t"":6741320231}"
1791339075,588026800,spot,trade,0,0,704,BTCUSDT,"{""E"":1791339075522,""M"":true,""T"":1791339075517,""e"":""trade"",""m"":true,""p"":""84064.94000000"",""q"":""0.00006000"",""s"":""BTCUSDT"",""t"":6741320232}"
1791339075,588049800,spot,trade,0,0,705,BTCUSDT,"{""E"":1791339075522,""M"":true,""T"":1791339075517,""e"":""trade"",""m"":true,""p"":""84064.94000000"",""q"":""0.00006000"",""s"":""BTCUSDT"",""t"":6741320233}"
1791339075,588072600,spot,trade,0,0,706,BTCUSDT,"{""E"":1791339075522,""M"":true,""T"":1791339075517,""e"":""trade"",""m"":true,""p"":""84064.94000000"",""q"":""0.00006000"",""s"":""BTCUSDT"",""t"":6741320234}"
1791339075,588095400,spot,trade,0,0,707,BTCUSDT,"{""E"":1791339075522,""M"":true,""T"":1791339075517,""e"":""trade"",""m"":true,""p"":""84064.94000000"",""q"":""0.00006000"",""s"":""BTCUSDT"",""t"":6741320235}"
1791339075,588118400,spot,trade,0,0,708,BTCUSDT,"{""E"":1791339075522,""M"":true,""T"":1791339075517,""e"":""trade"",""m"":true,""p"":""84064.94000000"",""q"":""0.00006000"",""s"":""BTCUSDT"",""t"":6741320236}"
1791339075,588141300,spot,trade,0,0,709,BTCUSDT,"{""E"":1791339075522,""M"":true,""T"":1791339075517,""e"":""trade"",""m"":true,""p"":""84064.71000000"",""q"":""0.00380000"",""s"":""BTCUSDT"",""t"":6741320237}"
1791339075,591325000,spot,trade,0,0,710,BTCUSDT,"{""E"":1791339075524,""M"":true,""T"":1791339075519,""e"":""trade"",""m"":false,""p"":""84064.95000000"",""q"":""0.01189000"",""s"":""BTCUSDT"",""t"":6741320238}"
1791339075,591601100,spot,trade,0,0,711,BTCUSDT,"{""E"":1791339075524,""M"":true,""T"":1791339075519,""e"":""trade"",""m"":false,""p"":""84064.95000000"",""q"":""0.00017000"",""s"":""BTCUSDT"",""t"":6741320239}"
1791339075,591716500,spot,trade,0,0,712,BTCUSDT,"{""E"":1791339075525,""M"":true,""T"":1791339075520,""e"":""trade"",""m"":true,""p"":""84064.71000000"",""q"":""0.00030000"",""s"":""BTCUSDT"",""t"":6741320240}"
1791339075,591809300,spot,trade,0,0,713,BTCUSDT,"{""E"":1791339075525,""M"":true,""T"":1791339075520,""e"":""trade"",""m"":true,""p"":""84064.00000000"",""q"":""0.00012000"",""s"":""BTCUSDT"",""t"":6741320241}"
1791339075,591861800,spot,trade,0,0,714,BTCUSDT,"{""E"":1791339075525,""M"":true,""T"":1791339075520,""e"":""trade"",""m"":true,""p"":""84063.36000000"",""q"":""0.00684000"",""s"":""BTCUSDT"",""t"":6741320242}"
1791339075,591912200,spot,trade,0,0,715,BTCUSDT,"{""E"":1791339075525,""M"":true,""T"":1791339075520,""e"":""trade"",""m"":true,""p"":""84063.08000000"",""q"":""0.00007000"",""s"":""BTCUSDT"",""t"":6741320243}"
1791339075,591962200,spot,trade,0,0,716,BTCUSDT,"{""E"":1791339075525,""M"":true,""T"":1791339075520,""e"":""trade"",""m"":true,""p"":""84063.08000000"",""q"":""0.00007000"",""s"":""BTCUSDT"",""t"":6741320244}"
1791339075,592007700,spot,trade,0,0,717,BTCUSDT,"{""E"":1791339075525,""M"":true,""T"":1791339075520,""e"":""trade"",""m"":true,""p"":""84063.08000000"",""q"":""0.00007000"",""s"":""BTCUSDT"",""t"":6741320245}"
1791339075,592178300,spot,trade,0,0,718,BTCUSDT,"{""E"":1791339075525,""M"":true,""T"":1791339075520,""e"":""trade"",""m"":true,""p"":""84063.07000000"",""q"":""0.00007000"",""s"":""BTCUSDT"",""t"":6741320246}"
1791339075,592326800,spot,trade,0,0,719,BTCUSDT,"{""E"":1791339075525,""M"":true,""T"":1791339075520,""e"":""trade"",""m"":true,""p"":""84063.07000000"",""q"":""0.00007000"",""s"":""BTCUSDT"",""t"":6741320247}"
1791339075,592389500,spot,trade,0,0,720,BTCUSDT,"{""E"":1791339075525,""M"":true,""T"":1791339075520,""e"":""trade"",""m"":true,""p"":""84063.07000000"",""q"":""0.00007000"",""s"":""BTCUSDT"",""t"":6741320248}"
1791339075,592442900,spot,trade,0,0,721,BTCUSDT,"{""E"":1791339075525,""M"":true,""T"":1791339075520,""e"":""trade"",""m"":true,""p"":""84062.58000000"",""q"":""0.00006000"",""s"":""BTCUSDT"",""t"":6741320249}"
1791339075,592680700,spot,trade,0,0,722,BTCUSDT,"{""E"":1791339075525,""M"":true,""T"":1791339075520,""e"":""trade"",""m"":true,""p"":""84062.49000000"",""q"":""0.00006000"",""s"":""BTCUSDT"",""t"":6741320250}"
1791339075,592752500,spot,trade,0,0,723,BTCUSDT,"{""E"":1791339075525,""M"":true,""T"":1791339075520,""e"":""trade"",""m"":true,""p"":""84062.44000000"",""q"":""0.00007000"",""s"":""BTCUSDT"",""t"":6741320251}"
1791339075,592804200,spot,trade,0,0,724,BTCUSDT,"{""E"":1791339075525,""M"":true,""T"":1791339075520,""e"":""trade"",""m"":true,""p"":""84062.26000000"",""q"":""0.00007000"",""s"":""BTCUSDT"",""t"":6741320252}"
1791339075,592879400,spot,trade,0,0,725,BTCUSDT,"{""E"":1791339075525,""M"":true,""T"":1791339075520,""e"":""trade"",""m"":true,""p"":""84062.01000000"",""q"":""0.00821000"",""s"":""BTCUSDT"",""t"":6741320253}"
1791339075,592998600,spot,trade,0,0,726,BTCUSDT,"{""E"":1791339075525,""M"":true,""T"":1791339075520,""e"":""trade"",""m"":true,""p"":""84061.91000000"",""q"":""0.00006000"",""s"":""BTCUSDT"",""t"":6741320254}"
1791339075,593093200,spot,trade,0,0,727,BTCUSDT,"{""E"":1791339075525,""M"":true,""T"":1791339075520,""e"":""trade"",""m"":true,""p"":""84061.91000000"",""q"":""0.00006000"",""s"":""BTCUSDT"",""t"":6741320255}"
1791339075,593151800,spot,trade,0,0,728,BTCUSDT,"{""E"":1791339075525,""M"":true,""T"":1791339075520,""e"":""trade"",""m"":true,""p"":""84061.91000000"",""q"":""0.00006000"",""s"":""BTCUSDT"",""t"":6741320256}"
1791339075,593205000,spot,trade,0,0,729,BTCUSDT,"{""E"":1791339075525,""M"":true,""T"":1791339075520,""e"":""trade"",""m"":true,""p"":""84061.91000000"",""q"":""0.00006000"",""s"":""BTCUSDT"",""t"":6741320257}"
1791339075,593269500,spot,trade,0,0,730,BTCUSDT,"{""E"":1791339075525,""M"":true,""T"":1791339075520,""e"":""trade"",""m"":true,""p"":""84061.91000000"",""q"":""0.00006000"",""s"":""BTCUSDT"",""t"":6741320258}"
1791339075,593382000,spot,trade,0,0,731,BTCUSDT,"{""E"":1791339075525,""M"":true,""T"":1791339075520,""e"":""trade"",""m"":true,""p"":""84061.80000000"",""q"":""0.00006000"",""s"":""BTCUSDT"",""t"":6741320259}"
1791339075,593456700,spot,trade,0,0,732,BTCUSDT,"{""E"":1791339075525,""M"":true,""T"":1791339075520,""e"":""trade"",""m"":true,""p"":""84061.80000000"",""q"":""0.00006000"",""s"":""BTCUSDT"",""t"":6741320260}"
1791339075,593516300,spot,trade,0,0,733,BTCUSDT,"{""E"":1791339075525,""M"":true,""T"":1791339075520,""e"":""trade"",""m"":true,""p"":""84061.80000000"",""q"":""0.00006000"",""s"":""BTCUSDT"",""t"":6741320261}"
1791339075,593575200,spot,trade,0,0,734,BTCUSDT,"{""E"":1791339075525,""M"":true,""T"":1791339075520,""e"":""trade"",""m"":true,""p"":""84061.80000000"",""q"":""0.00006000"",""s"":""BTCUSDT"",""t"":6741320262}"
1791339075,593631900,spot,trade,0,0,735,BTCUSDT,"{""E"":1791339075525,""M"":true,""T"":1791339075520,""e"":""trade"",""m"":true,""p"":""84061.80000000"",""q"":""0.00006000"",""s"":""BTCUSDT"",""t"":6741320263}"
1791339075,593699100,spot,trade,0,0,736,BTCUSDT,"{""E"":1791339075525,""M"":true,""T"":1791339075520,""e"":""trade"",""m"":true,""p"":""84061.47000000"",""q"":""0.00009000"",""s"":""BTCUSDT"",""t"":6741320264}"
1791339075,593756100,spot,trade,0,0,737,BTCUSDT,"{""E"":1791339075525,""M"":true,""T"":1791339075520,""e"":""trade"",""m"":true,""p"":""84061.25000000"",""q"":""0.00007000"",""s"":""BTCUSDT"",""t"":6741320265}"
1791339075,593811300,spot,trade,0,0,738,BTCUSDT,"{""E"":1791339075525,""M"":true,""T"":1791339075520,""e"":""trade"",""m"":true,""p"":""84060.67000000"",""q"":""0.00309000"",""s"":""BTCUSDT"",""t"":6741320266}"
1791339075,595568200,spot,trade,0,0,739,BTCUSDT,"{""E"":1791339075526,""M"":true,""T"":1791339075521,""e"":""trade"",""m"":true,""p"":""84060.67000000"",""q"":""0.00512000"",""s"":""BTCUSDT"",""t"":6741320267}"
1791339075,595667200,spot,trade,0,0,740,BTCUSDT,"{""E"":1791339075526,""M"":true,""T"":1791339075521,""e"":""trade"",""m"":true,""p"":""84060.67000000"",""q"":""0.00006000"",""s"":""BTCUSDT"",""t"":6741320268}"
1791339075,595718400,spot,trade,0,0,741,BTCUSDT,"{""E"":1791339075526,""M"":true,""T"":1791339075521,""e"":""trade"",""m"":true,""p"":""84060.67000000"",""q"":""0.00006000"",""s"":""BTCUSDT"",""t"":6741320269}"
1791339075,595767300,spot,trade,0,0,742,BTCUSDT,"{""E"":1791339075526,""M"":true,""T"":1791339075521,""e"":""trade"",""m"":true,""p"":""84060.67000000"",""q"":""0.00006000"",""s"":""BTCUSDT"",""t"":6741320270}"
1791339075,595826500,spot,trade,0,0,743,BTCUSDT,"{""E"":1791339075526,""M"":true,""T"":1791339075521,""e"":""trade"",""m"":true,""p"":""84060.67000000"",""q"":""0.00006000"",""s"":""BTCUSDT"",""t"":6741320271}"
1791339075,595875400,spot,trade,0,0,744,BTCUSDT,"{""E"":1791339075526,""M"":true,""T"":1791339075521,""e"":""trade"",""m"":true,""p"":""84060.67000000"",""q"":""0.00006000"",""s"":""BTCUSDT"",""t"":6741320272}"
1791339075,595927200,spot,trade,0,0,745,BTCUSDT,"{""E"":1791339075526,""M"":true,""T"":1791339075521,""e"":""trade"",""m"":true,""p"":""84060.67000000"",""q"":""0.00006000"",""s"":""BTCUSDT"",""t"":6741320273}"
1791339075,595977600,spot,trade,0,0,746,BTCUSDT,"{""E"":1791339075526,""M"":true,""T"":1791339075521,""e"":""trade"",""m"":true,""p"":""84060.67000000"",""q"":""0.00006000"",""s"":""BTCUSDT"",""t"":6741320274}"
1791339075,596028500,spot,trade,0,0,747,BTCUSDT,"{""E"":1791339075526,""M"":true,""T"":1791339075521,""e"":""trade"",""m"":true,""p"":""84060.67000000"",""q"":""0.00006000"",""s"":""BTCUSDT"",""t"":6741320275}"
1791339075,596074600,spot,trade,0,0,748,BTCUSDT,"{""E"":1791339075526,""M"":true,""T"":1791339075521,""e"":""trade"",""m"":true,""p"":""84060.67000000"",""q"":""0.00006000"",""s"":""BTCUSDT"",""t"":6741320276}"
1791339075,596137500,spot,trade,0,0,749,BTCUSDT,"{""E"":1791339075526,""M"":true,""T"":1791339075521,""e"":""trade"",""m"":true,""p"":""84060.67000000"",""q"":""0.00006000"",""s"":""BTCUSDT"",""t"":6741320277}"
1791339075,596191100,spot,trade,0,0,750,BTCUSDT,"{""E"":1791339075526,""M"":true,""T"":1791339075521,""e"":""trade"",""m"":true,""p"":""84060.67000000"",""q"":""0.00006000"",""s"":""BTCUSDT"",""t"":6741320278}"
1791339075,596237600,spot,trade,0,0,751,BTCUSDT,"{""E"":1791339075526,""M"":true,""T"":1791339075521,""e"":""trade"",""m"":true,""p"":""84060.67000000"",""q"":""0.00006000"",""s"":""BTCUSDT"",""t"":6741320279}"
1791339075,596282400,spot,trade,0,0,752,BTCUSDT,"{""E"":1791339075526,""M"":true,""T"":1791339075521,""e"":""trade"",""m"":true,""p"":""84060.67000000"",""q"":""0.00006000"",""s"":""BTCUSDT"",""t"":6741320280}"
1791339075,596332400,spot,trade,0,0,753,BTCUSDT,"{""E"":1791339075526,""M"":true,""T"":1791339075521,""e"":""trade"",""m"":true,""p"":""84060.67000000"",""q"":""0.00006000"",""s"":""BTCUSDT"",""t"":6741320281}"
1791339075,596381300,spot,trade,0,0,754,BTCUSDT,"{""E"":1791339075526,""M"":true,""T"":1791339075521,""e"":""trade"",""m"":true,""p"":""84060.67000000"",""q"":""0.00006000"",""s"":""BTCUSDT"",""t"":6741320282}"
1791339075,596407800,spot,trade,0,0,755,BTCUSDT,"{""E"":1791339075526,""M"":true,""T"":1791339075521,""e"":""trade"",""m"":true,""p"":""84060.62000000"",""q"":""0.00007000"",""s"":""BTCUSDT"",""t"":6741320283}"
1791339075,596437100,spot,trade,0,0,756,BTCUSDT,"{""E"":1791339075526,""M"":true,""T"":1791339075521,""e"":""trade"",""m"":true,""p"":""84060.00000000"",""q"":""0.00012000"",""s"":""BTCUSDT"",""t"":6741320284}"
1791339075,596462100,spot,trade,0,0,757,BTCUSDT,"{""E"":1791339075526,""M"":true,""T"":1791339075521,""e"":""trade"",""m"":true,""p"":""84059.64000000"",""q"":""0.00006000"",""s"":""BTCUSDT"",""t"":6741320285}"
1791339075,596485500,spot,trade,0,0,758,BTCUSDT,"{""E"":1791339075526,""M"":true,""T"":1791339075521,""e"":""trade"",""m"":true,""p"":""84059.29000000"",""q"":""0.01373000"",""s"":""BTCUSDT"",""t"":6741320286}"
1791339075,596508600,spot,trade,0,0,759,BTCUSDT,"{""E"":1791339075527,""M"":true,""T"":1791339075522,""e"":""trade"",""m"":true,""p"":""84059.29000000"",""q"":""0.02000000"",""s"":""BTCUSDT"",""t"":6741320287}"
1791339075,596531800,spot,trade,0,0,760,BTCUSDT,"{""E"":1791339075527,""M"":true,""T"":1791339075522,""e"":""trade"",""m"":true,""p"":""84059.29000000"",""q"":""0.00200000"",""s"":""BTCUSDT"",""t"":6741320288}"
1791339075,596578300,spot,trade,0,0,761,BTCUSDT,"{""E"":1791339075527,""M"":true,""T"":1791339075523,""e"":""trade"",""m"":true,""p"":""84059.29000000"",""q"":""0.02000000"",""s"":""BTCUSDT"",""t"":6741320289}"
1791339075,596756000,spot,trade,0,0,762,BTCUSDT,"{""E"":1791339075527,""M"":true,""T"":1791339075523,""e"":""trade"",""m"":true,""p"":""84059.29000000"",""q"":""0.01100000"",""s"":""BTCUSDT"",""t"":6741320290}"
1791339075,596834100,spot,trade,0,0,763,BTCUSDT,"{""E"":1791339075531,""M"":true,""T"":1791339075528,""e"":""trade"",""m"":true,""p"":""84059.29000000"",""q"":""0.00006000"",""s"":""BTCUSDT"",""t"":6741320291}"
1791339075,596885600,spot,trade,0,0,764,BTCUSDT,"{""E"":1791339075531,""M"":true,""T"":1791339075528,""e"":""trade"",""m"":true,""p"":""84059.29000000"",""q"":""0.00006000"",""s"":""BTCUSDT"",""t"":6741320292}"
1791339075,596918500,spot,trade,0,0,765,BTCUSDT,"{""E"":1791339075531,""M"":true,""T"":1791339075528,""e"":""trade"",""m"":true,""p"":""84059.29000000"",""q"":""0.00007000"",""s"":""BTCUSDT"",""t"":6741320293}"
1791339075,596944100,spot,trade,0,0,766,BTCUSDT,"{""E"":1791339075531,""M"":true,""T"":1791339075528,""e"":""trade"",""m"":true,""p"":""84059.29000000"",""q"":""0.00006000"",""s"":""BTCUSDT"",""t"":6741320294}"
1791339075,596967600,spot,trade,0,0,767,BTCUSDT,"{""E"":1791339075531,""M"":true,""T"":1791339075528,""e"":""trade"",""m"":true,""p"":""84059.29000000"",""q"":""0.00006000"",""s"":""BTCUSDT"",""t"":6741320295}"
1791339075,596998700,spot,trade,0,0,768,BTCUSDT,"{""E"":1791339075531,""M"":true,""T"":1791339075528,""e"":""trade"",""m"":true,""p"":""84059.29000000"",""q"":""0.00006000"",""s"":""BTCUSDT"",""t"":6741320296}"
1791339075,597027400,spot,trade,0,0,769,BTCUSDT,"{""E"":1791339075531,""M"":true,""T"":1791339075528,""e"":""trade"",""m"":true,""p"":""84059.29000000"",""q"":""0.00006000"",""s"":""BTCUSDT"",""t"":6741320297}"
1791339075,597051300,spot,trade,0,0,770,BTCUSDT,"{""E"":1791339075531,""M"":true,""T"":1791339075528,""e"":""trade"",""m"":true,""p"":""84059.29000000"",""q"":""0.00006000"",""s"":""BTCUSDT"",""t"":6741320298}"
1791339075,597074500,spot,trade,0,0,771,BTCUSDT,"{""E"":1791339075531,""M"":true,""T"":1791339075528,""e"":""trade"",""m"":true,""p"":""84059.29000000"",""q"":""0.00006000"",""s"":""BTCUSDT"",""t"":6741320299}"
1791339075,597097900,spot,trade,0,0,772,BTCUSDT,"{""E"":1791339075531,""M"":true,""T"":1791339075528,""e"":""trade"",""m"":true,""p"":""84059.29000000"",""q"":""0.00006000"",""s"":""BTCUSDT"",""t"":6741320300}"
1791339075,597121200,spot,trade,0,0,773,BTCUSDT,"{""E"":1791339075531,""M"":true,""T"":1791339075528,""e"":""trade"",""m"":true,""p"":""84059.29000000"",""q"":""0.00006000"",""s"":""BTCUSDT"",""t"":6741320301}"
1791339075,597146700,spot,trade,0,0,774,BTCUSDT,"{""E"":1791339075531,""M"":true,""T"":1791339075528,""e"":""trade"",""m"":true,""p"":""84058.40000000"",""q"":""0.00009000"",""s"":""BTCUSDT"",""t"":6741320302}"
1791339075,597170600,spot,trade,0,0,775,BTCUSDT,"{""E"":1791339075531,""M"":true,""T"":1791339075528,""e"":""trade"",""m"":true,""p"":""84058.32000000"",""q"":""0.00006000"",""s"":""BTCUSDT"",""t"":6741320303}"
1791339075,597193700,spot,trade,0,0,776,BTCUSDT,"{""E"":1791339075531,""M"":true,""T"":1791339075528,""e"":""trade"",""m"":true,""p"":""84057.60000000"",""q"":""0.00007000"",""s"":""BTCUSDT"",""t"":6741320304}"
1791339075,597216500,spot,trade,0,0,777,BTCUSDT,"{""E"":1791339075531,""M"":true,""T"":1791339075528,""e"":""trade"",""m"":true,""p"":""84057.10000000"",""q"":""0.00006000"",""s"":""BTCUSDT"",""t"":6741320305}"
1791339075,597239200,spot,trade,0,0,778,BTCUSDT,"{""E"":1791339075531,""M"":true,""T"":1791339075528,""e"":""trade"",""m"":true,""p"":""84057.10000000"",""q"":""0.00006000"",""s"":""BTCUSDT"",""t"":6741320306}"
1791339075,597261900,spot,trade,0,0,779,BTCUSDT,"{""E"":1791339075531,""M"":true,""T"":1791339075528,""e"":""trade"",""m"":true,""p"":""84057.10000000"",""q"":""0.00006000"",""s"":""BTCUSDT"",""t"":6741320307}"
1791339075,597284800,spot,trade,0,0,780,BTCUSDT,"{""E"":1791339075531,""M"":true,""T"":1791339075528,""e"":""trade"",""m"":true,""p"":""84057.10000000"",""q"":""0.00006000"",""s"":""BTCUSDT"",""t"":6741320308}"
1791339075,597307600,spot,trade,0,0,781,BTCUSDT,"{""E"":1791339075531,""M"":true,""T"":1791339075528,""e"":""trade"",""m"":true,""p"":""84057.10000000"",""q"":""0.00006000"",""s"":""BTCUSDT"",""t"":6741320309}"
1791339075,597330400,spot,trade,0,0,782,BTCUSDT,"{""E"":1791339075531,""M"":true,""T"":1791339075528,""e"":""trade"",""m"":true,""p"":""84057.08000000"",""q"":""0.00059000"",""s"":""BTCUSDT"",""t"":6741320310}"
1791339075,597357100,spot,trade,0,0,783,BTCUSDT,"{""E"":1791339075531,""M"":true,""T"":1791339075528,""e"":""trade"",""m"":true,""p"":""84057.05000000"",""q"":""0.00007000"",""s"":""BTCUSDT"",""t"":6741320311}"
1791339075,597380500,spot,trade,0,0,784,BTCUSDT,"{""E"":1791339075531,""M"":true,""T"":1791339075528,""e"":""trade"",""m"":true,""p"":""84056.94000000"",""q"":""0.00007000"",""s"":""BTCUSDT"",""t"":6741320312}"
1791339075,597403500,spot,trade,0,0,785,BTCUSDT,"{""E"":1791339075531,""M"":true,""T"":1791339075528,""e"":""trade"",""m"":true,""p"":""84056.94000000"",""q"":""0.00007000"",""s"":""BTCUSDT"",""t"":6741320313}"
1791339075,597426500,spot,trade,0,0,786,BTCUSDT,"{""E"":1791339075531,""M"":true,""T"":1791339075528,""e"":""trade"",""m"":true,""p"":""84056.94000000"",""q"":""0.00007000"",""s"":""BTCUSDT"",""t"":6741320314}"
1791339075,597449100,spot,trade,0,0,787,BTCUSDT,"{""E"":1791339075531,""M"":true,""T"":1791339075528,""e"":""trade"",""m"":true,""p"":""84056.93000000"",""q"":""0.00006000"",""s"":""BTCUSDT"",""t"":6741320315}"
1791339075,597475300,spot,trade,0,0,788,BTCUSDT,"{""E"":1791339075531,""M"":true,""T"":1791339075528,""e"":""trade"",""m"":true,""p"":""84056.93000000"",""q"":""0.00006000"",""s"":""BTCUSDT"",""t"":6741320316}"
1791339075,597500700,spot,trade,0,0,789,BTCUSDT,"{""E"":1791339075531,""M"":true,""T"":1791339075528,""e"":""trade"",""m"":true,""p"":""84056.93000000"",""q"":""0.00006000"",""s"":""BTCUSDT"",""t"":6741320317}"
1791339075,597524000,spot,trade,0,0,790,BTCUSDT,"{""E"":1791339075531,""M"":true,""T"":1791339075528,""e"":""trade"",""m"":true,""p"":""84056.93000000"",""q"":""0.00006000"",""s"":""BTCUSDT"",""t"":6741320318}"
1791339075,597547000,spot,trade,0,0,791,BTCUSDT,"{""E"":1791339075531,""M"":true,""T"":1791339075528,""e"":""trade"",""m"":true,""p"":""84056.93000000"",""q"":""0.00006000"",""s"":""BTCUSDT"",""t"":6741320319}"
1791339075,597573400,spot,trade,0,0,792,BTCUSDT,"{""E"":1791339075531,""M"":true,""T"":1791339075528,""e"":""trade"",""m"":true,""p"":""84055.60000000"",""q"":""0.00012000"",""s"":""BTCUSDT"",""t"":6741320320}"
1791339075,597597900,spot,trade,0,0,793,BTCUSDT,"{""E"":1791339075531,""M"":true,""T"":1791339075528,""e"":""trade"",""m"":true,""p"":""84054.71000000"",""q"":""0.00188000"",""s"":""BTCUSDT"",""t"":6741320321}"
1791339075,597621700,spot,trade,0,0,794,BTCUSDT,"{""E"":1791339075531,""M"":true,""T"":1791339075528,""e"":""trade"",""m"":true,""p"":""84054.60000000"",""q"":""0.00060000"",""s"":""BTCUSDT"",""t"":6741320322}"
1791339075,597644400,spot,trade,0,0,795,BTCUSDT,"{""E"":1791339075531,""M"":true,""T"":1791339075528,""e"":""trade"",""m"":true,""p"":""84054.41000000"",""q"":""0.00007000"",""s"":""BTCUSDT"",""t"":6741320323}"
1791339075,597667400,spot,trade,0,0,796,BTCUSDT,"{""E"":1791339075531,""M"":true,""T"":1791339075528,""e"":""trade"",""m"":true,""p"":""84054.06000000"",""q"":""0.00006000"",""s"":""BTCUSDT"",""t"":6741320324}"
1791339075,597690300,spot,trade,0,0,797,BTCUSDT,"{""E"":1791339075531,""M"":true,""T"":1791339075528,""e"":""trade"",""m"":true,""p"":""84054.06000000"",""q"":""0.00007000"",""s"":""BTCUSDT"",""t"":6741320325}"
1791339075,597713200,spot,trade,0,0,798,BTCUSDT,"{""E"":1791339075531,""M"":true,""T"":1791339075528,""e"":""trade"",""m"":true,""p"":""84054.06000000"",""q"":""0.00007000"",""s"":""BTCUSDT"",""t"":6741320326}"
1791339075,597736200,spot,trade,0,0,799,BTCUSDT,"{""E"":1791339075531,""M"":true,""T"":1791339075528,""e"":""trade"",""m"":true,""p"":""84054.06000000"",""q"":""0.00007000"",""s"":""BTCUSDT"",""t"":6741320327}"
1791339075,597758800,spot,trade,0,0,800,BTCUSDT,"{""E"":1791339075531,""M"":true,""T"":1791339075528,""e"":""trade"",""m"":true,""p"":""84054.05000000"",""q"":""0.00670000"",""s"":""BTCUSDT"",""t"":6741320328}"
1791339075,598155800,spot,trade,0,0,801,BTCUSDT,"{""E"":1791339075535,""M"":true,""T"":1791339075534,""e"":""trade"",""m"":true,""p"":""84054.05000000"",""q"":""0.00007000"",""s"":""BTCUSDT"",""t"":6741320329}"
1791339075,598237600,spot,trade,0,0,802,BTCUSDT,"{""E"":1791339075538,""M"":true,""T"":1791339075538,""e"":""trade"",""m"":false,""p"":""84054.06000000"",""q"":""0.00060000"",""s"":""BTCUSDT"",""t"":6741320330}"
1791339075,606834300,spot,trade,0,0,803,BTCUSDT,"{""E"":1791339075542,""M"":true,""T"":1791339075541,""e"":""trade"",""m"":false,""p"":""84054.06000000"",""q"":""0.01914000"",""s"":""BTCUSDT"",""t"":6741320331}"
1791339075,606916900,spot,trade,0,0,804,BTCUSDT,"{""E"":1791339075542,""M"":true,""T"":1791339075541,""e"":""trade"",""m"":false,""p"":""84054.06000000"",""q"":""0.01901000"",""s"":""BTCUSDT"",""t"":6741320332}"
1791339075,613403700,spot,trade,0,0,805,BTCUSDT,"{""E"":1791339075553,""M"":true,""T"":1791339075553,""e"":""trade"",""m"":true,""p"":""84054.05000000"",""q"":""0.00006000"",""s"":""BTCUSDT"",""t"":6741320333}"
1791339075,613482900,spot,trade,0,0,806,BTCUSDT,"{""E"":1791339075553,""M"":true,""T"":1791339075553,""e"":""trade"",""m"":true,""p"":""84054.05000000"",""q"":""0.00006000"",""s"":""BTCUSDT"",""t"":6741320334}"
1791339075,613664200,spot,trade,0,0,807,BTCUSDT,"{""E"":1791339075553,""M"":true,""T"":1791339075553,""e"":""trade"",""m"":true,""p"":""84054.05000000"",""q"":""0.00007000"",""s"":""BTCUSDT"",""t"":6741320335}"
1791339075,613697700,spot,trade,0,0,808,BTCUSDT,"{""E"":1791339075553,""M"":true,""T"":1791339075553,""e"":""trade"",""m"":true,""p"":""84054.05000000"",""q"":""0.00007000"",""s"":""BTCUSDT"",""t"":6741320336}"
1791339075,613735800,spot,trade,0,0,809,BTCUSDT,"{""E"":1791339075553,""M"":true,""T"":1791339075553,""e"":""trade"",""m"":true,""p"":""84054.05000000"",""q"":""0.01974000"",""s"":""BTCUSDT"",""t"":6741320337}"
1791339075,678162600,spot,depth5,0,0,810,BTCUSDT,"{""asks"":[[""84054.06000000"",""0.38579000""],[""84056.94000000"",""0.00006000""],[""84058.15000000"",""0.04000000""],[""84058.32000000"",""0.00006000""],[""84059.22000000"",""0.00025000""]],""bids"":[[""84054.05000000"",""2.66984000""],[""84054.04000000"",""0.00021000""],[""84053.09000000"",""0.00009000""],[""84052.03000000"",""0.00014000""],[""84052.02000000"",""0.32133000""]],""lastUpdateId"":101123537606}"
1791339075,679762500,spot,depth_diff,0,0,811,BTCUSDT,"{""E"":1791339075614,""U"":101123535986,""a"":[[""84054.06000000"",""0.38579000""],[""84054.70000000"",""0.00000000""],[""84054.71000000"",""0.00000000""],[""84054.72000000"",""0.00000000""],[""84055.86000000"",""0.00000000""],[""84056.93000000"",""0.00000000""],[""84056.94000000"",""0.00006000""],[""84057.09000000"",""0.00000000""],[""84057.15000000"",""0.00000000""],[""84057.41000000"",""0.00000000""],[""84057.42000000"",""0.00000000""],[""84058.15000000"",""0.04000000""],[""84058.32000000"",""0.00006000""],[""84058.33000000"",""0.00000000""],[""84058.41000000"",""0.00000000""],[""84059.22000000"",""0.00025000""],[""84059.23000000"",""0.00006000""],[""84059.28000000"",""0.00000000""],[""84059.29000000"",""0.00000000""],[""84059.30000000"",""0.04763000""],[""84059.60000000"",""0.00000000""],[""84059.61000000"",""0.00000000""],[""84059.93000000"",""0.00000000""],[""84059.94000000"",""0.00000000""],[""84060.09000000"",""0.00000000""],[""84060.68000000"",""0.00024000""],[""84061.02000000"",""0.16906000""],[""84061.16000000"",""0.17224000""],[""84061.48000000"",""0.00000000""],[""84061.79000000"",""0.00000000""],[""84061.80000000"",""0.00000000""],[""84061.81000000"",""0.00012000""],[""84062.25000000"",""0.00000000""],[""84062.26000000"",""0.00000000""],[""84062.47000000"",""0.00007000""],[""84062.58000000"",""0.00012000""],[""84063.07000000"",""0.00000000""],[""84063.08000000"",""0.00000000""],[""84063.37000000"",""0.00000000""],[""84063.44000000"",""0.00209000""],[""84064.00000000"",""0.00006000""],[""84064.01000000"",""0.00006000""],[""84064.27000000"",""0.00000000""],[""84064.50000000"",""0.00400000""],[""84064.70000000"",""0.00014000""],[""84064.71000000"",""0.16207000""],[""84064.72000000"",""0.00000000""],[""84064.92000000"",""0.00014000""],[""84064.93000000"",""0.17238000""],[""84064.94000000"",""0.16236000""],[""84064.95000000"",""0.00012000""],[""84064.96000000"",""0.00000000""],[""84065.36000000"",""0.00000000""],[""84065.37000000"",""0.00000000""],[""84065.38000000"",""0.00000000""],[""84065.84000000"",""0.00000000""],[""84066.00000000"",""0.00000000""],[""84066.01000000"",""0.00014000""],[""84066.02000000"",""0.53540000""],[""84066.72000000"",""0.00800000""],[""84066.73000000"",""0.00000000""],[""84066.84000000"",""0.00012000""],[""84066.85000000"",""0.00000000""],[""84067.01000000"",""0.00000000""],[""84067.04000000"",""0.00000000""],[""84067.06000000"",""0.00000000""],[""84067.07000000"",""0.00000000""],[""84067.08000000"",""0.00000000""],[""84067.09000000"",""0.00006000""],[""84067.47000000"",""0.00000000""],[""84067.55000000"",""0.00000000""],[""84067.69000000"",""0.00000000""],[""84067.70000000"",""0.27705000""],[""84067.71000000"",""0.33756000""],[""84067.98000000"",""0.00000000""],[""84068.59000000"",""0.00000000""],[""84069.03000000"",""0.00000000""],[""84069.04000000"",""0.00006000""],[""84069.24000000"",""0.00006000""],[""84069.60000000"",""0.00000000""],[""84069.94000000"",""0.00849000""],[""84069.95000000"",""0.00009000""],[""84070.31000000"",""0.21869000""],[""84070.64000000"",""0.00000000""],[""84070.65000000"",""0.00000000""],[""84070.66000000"",""0.00006000""],[""84070.74000000"",""0.07500000""],[""84070.75000000"",""0.30387000""],[""84070.87000000"",""0.00007000""],[""84071.62000000"",""0.00006000""],[""84071.82000000"",""0.00000000""],[""84071.99000000"",""0.29548000""],[""84072.00000000"",""0.00000000""],[""84072.10000000"",""0.00000000""],[""84073.00000000"",""0.00000000""],[""84073.09000000"",""0.00000000""],[""84073.36000000"",""0.00000000""],[""84073.44000000"",""0.00000000""],[""84073.45000000"",""0.00000000""],[""84073.47000000"",""0.32130000""],[""84074.06000000"",""0.10229000""],[""84074.08000000"",""0.00006000""],[""84074.79000000"",""0.00000000""],[""84075.07000000"",""0.00007000""],[""84075.24000000"",""0.00000000""],[""84075.25000000"",""0.28000000""],[""84075.35000000"",""0.00000000""],[""84075.53000000"",""0.04767000""],[""84075.68000000"",""0.95204000""],[""84075.69000000"",""0.04000000""],[""84075.85000000"",""0.02000000""],[""84076.11000000"",""0.00000000""],[""84076.12000000"",""0.33750000""],[""84076.33000000"",""1.51404000""],[""84076.85000000"",""1.58676000""],[""84077.34000000"",""0.00000000""],[""84077.40000000"",""0.02908000""],[""84077.86000000"",""0.00048000""],[""84077.96000000"",""0.00000000""],[""84077.98000000"",""0.00000000""],[""84078.12000000"",""0.00048000""],[""84078.53000000"",""0.00009000""],[""84078.75000000"",""0.15336000""],[""84078.85000000"",""0.10228000""],[""84079.16000000"",""0.00000000""],[""84079.28000000"",""0.00007000""],[""84079.77000000"",""0.00024000""],[""84079.99000000"",""0.00000000""],[""84080.19000000"",""0.34846000""],[""84080.31000000"",""0.00000000""],[""84081.15000000"",""0.29751000""],[""84081.16000000"",""0.00119000""],[""84081.33000000"",""0.00000000""],[""84081.37000000"",""0.00009000""],[""84081.38000000"",""0.83205000""],[""84081.40000000"",""0.10228000""],[""84082.03000000"",""0.00000000""],[""84082.04000000"",""0.00000000""],[""84082.13000000"",""0.00000000""],[""84082.14000000"",""0.00000000""],[""84082.28000000"",""0.00000000""],[""84083.11000000"",""0.00000000""],[""84083.33000000"",""0.84000000""],[""84083.48000000"",""0.00007000""],[""84083.87000000"",""0.29750000""],[""84084.28000000"",""0.00162000""],[""84084.52000000"",""0.00000000""],[""84084.60000000"",""0.13386000""],[""84084.61000000"",""0.33750000""],[""84084.79000000"",""0.00187000""],[""84085.20000000"",""0.00000000""],[""84085.31000000"",""0.00000000""],[""84085.41000000"",""0.00000000""],[""84085.42000000"",""0.00212000""],[""84085.85000000"",""0.00000000""],[""84086.22000000"",""0.02908000""],[""84087.16000000"",""0.00000000""],[""84087.56000000"",""0.00000000""],[""84087.68000000"",""0.00007000""],[""84088.49000000"",""0.00013000""],[""84088.63000000"",""1.04139000""],[""84088.64000000"",""1.86250000""],[""84088.69000000"",""0.00000000""],[""84088.72000000"",""0.00000000""],[""84089.85000000"",""0.35687000""],[""84090.06000000"",""0.00000000""],[""84090.78000000"",""0.00000000""],[""84090.84000000"",""0.00000000""],[""84091.07000000"",""0.00006000""],[""84091.66000000"",""0.00000000""],[""84091.70000000"",""0.00000000""],[""84091.79000000"",""0.00163000""],[""84091.88000000"",""0.00007000""],[""84092.60000000"",""0.64768000""],[""84092.62000000"",""0.00000000""],[""84092.86000000"",""0.00000000""],[""84092.92000000"",""0.00000000""],[""84093.93000000"",""0.00006000""],[""84094.26000000"",""0.00000000""],[""84095.05000000"",""0.00000000""],[""84096.09000000"",""0.00651000""],[""84096.66000000"",""0.00006000""],[""84097.13000000"",""0.00000000""],[""84098.46000000"",""0.00000000""],[""84099.25000000"",""0.00000000""],[""84099.57000000"",""0.00000000""],[""84100.06000000"",""0.32114000""],[""84100.49000000"",""0.00000000""],[""84100.74000000"",""0.00000000""],[""84100.92000000"",""0.00006000""],[""84101.33000000"",""0.00000000""],[""84101.52000000"",""0.21739000""],[""84101.96000000"",""0.68862000""],[""84102.04000000"",""0.00000000""],[""84102.67000000"",""0.00000000""],[""84102.75000000"",""0.00000000""],[""84102.78000000"",""0.00025000""],[""84103.46000000"",""0.00079000""],[""84104.66000000"",""0.00009000""],[""84105.18000000"",""0.00000000""],[""84105.27000000"",""0.04607000""],[""84105.33000000"",""0.04200000""],[""84105.44000000"",""0.00000000""],[""84106.87000000"",""0.00000000""],[""84107.66000000"",""0.00000000""],[""84108.91000000"",""0.00000000""],[""84109.44000000"",""0.00000000""],[""84109.69000000"",""2.10248000""],[""84111.05000000"",""0.00000000""],[""84111.07000000"",""0.00000000""],[""84111.75000000"",""0.00430000""],[""84111.86000000"",""0.00000000""],[""84112.00000000"",""0.00006000""],[""84112.43000000"",""0.00013000""],[""84113.00000000"",""0.00000000""],[""84113.43000000"",""0.00000000""],[""84114.58000000"",""0.09027000""],[""84115.39000000"",""0.00038000""],[""84116.07000000"",""0.00000000""],[""84118.18000000"",""0.00014000""],[""84118.87000000"",""0.02359000""],[""84119.23000000"",""0.00424000""],[""84119.30000000"",""0.00000000""],[""84119.90000000"",""0.08088000""],[""84121.52000000"",""0.00000000""],[""84123.33000000"",""0.00000000""],[""84123.97000000"",""0.93996000""],[""84124.88000000"",""0.00000000""],[""84127.70000000"",""0.00000000""],[""84130.76000000"",""0.36137000""],[""84130.96000000"",""0.00000000""],[""84133.89000000"",""0.00295000""],[""84135.82000000"",""0.00000000""],[""84135.99000000"",""0.01142000""],[""84136.67000000"",""1.17702000""],[""84139.17000000"",""0.00000000""],[""84140.48000000"",""0.01739000""],[""84142.95000000"",""0.00000000""],[""84143.36000000"",""0.00007000""],[""84143.43000000"",""0.00538000""],[""84143.62000000"",""0.02315000""],[""84146.53000000"",""0.00000000""],[""84147.55000000"",""1.33387000""],[""84147.89000000"",""2.47981000""],[""84149.86000000"",""0.00000000""],[""84153.11000000"",""0.00000000""],[""84153.99000000"",""0.00000000""],[""84156.14000000"",""0.00000000""],[""84157.01000000"",""0.99784000""],[""84158.26000000"",""1.51404000""],[""84162.71000000"",""0.00008000""],[""84164.63000000"",""1.06211000""],[""84164.69000000"",""0.00000000""],[""84165.27000000"",""0.00000000""],[""84167.64000000"",""0.00000000""],[""84167.97000000"",""0.00000000""],[""84168.37000000"",""0.00000000""],[""84171.28000000"",""0.00018000""],[""84175.52000000"",""0.00000000""],[""84177.00000000"",""0.06818000""],[""84178.47000000"",""0.04600000""],[""84179.91000000"",""0.00000000""],[""84179.93000000"",""0.00000000""],[""84186.08000000"",""0.00000000""],[""84186.17000000"",""0.04530000""],[""84191.55000000"",""0.00000000""],[""84206.46000000"",""0.00000000""],[""84212.07000000"",""0.00000000""],[""84217.11000000"",""0.00118000""],[""84221.34000000"",""0.00000000""],[""84227.42000000"",""0.00007000""],[""84237.18000000"",""0.00000000""],[""84246.79000000"",""0.00000000""],[""84261.50000000"",""0.00000000""],[""84276.42000000"",""0.00000000""],[""84310.73000000"",""0.00000000""],[""84311.48000000"",""0.00007000""],[""84321.25000000"",""0.00000000""],[""84330.87000000"",""0.00000000""],[""84395.54000000"",""0.00007000""],[""84400.02000000"",""3.21339000""],[""84405.32000000"",""0.00000000""],[""84414.94000000"",""0.00000000""],[""84449.11000000"",""0.54998000""],[""84456.55000000"",""0.00000000""],[""84479.60000000"",""0.00007000""],[""84489.39000000"",""0.00000000""],[""84491.20000000"",""0.00000000""],[""84499.02000000"",""0.00000000""],[""84563.66000000"",""0.00007000""],[""84573.45000000"",""0.00000000""],[""84583.10000000"",""0.00000000""],[""84647.72000000"",""0.00007000""],[""84657.52000000"",""0.00000000""],[""84667.18000000"",""0.00000000""],[""84731.77000000"",""0.00007000""],[""84741.59000000"",""0.00000000""],[""84751.26000000"",""0.00000000""],[""84885.69000000"",""0.00000000""]],""b"":[[""84066.01000000"",""0.00000000""],[""84065.83000000"",""0.00000000""],[""84065.37000000"",""0.00000000""],[""84065.36000000"",""0.00000000""],[""84064.95000000"",""0.00000000""],[""84064.94000000"",""0.00000000""],[""84064.71000000"",""0.00000000""],[""84064.00000000"",""0.00000000""],[""84063.36000000"",""0.00000000""],[""84063.08000000"",""0.00000000""],[""84063.07000000"",""0.00000000""],[""84062.58000000"",""0.00000000""],[""84062.49000000"",""0.00000000""],[""84062.44000000"",""0.00000000""],[""84062.26000000"",""0.00000000""],[""84062.01000000"",""0.00000000""],[""84061.91000000"",""0.00000000""],[""84061.80000000"",""0.00000000""],[""84061.53000000"",""0.00000000""],[""84061.47000000"",""0.00000000""],[""84061.25000000"",""0.00000000""],[""84060.67000000"",""0.00000000""],[""84060.62000000"",""0.00000000""],[""84060.08000000"",""0.00000000""],[""84060.00000000"",""0.00000000""],[""84059.94000000"",""0.00000000""],[""84059.93000000"",""0.00000000""],[""84059.64000000"",""0.00000000""],[""84059.29000000"",""0.00000000""],[""84059.22000000"",""0.00000000""],[""84058.40000000"",""0.00000000""],[""84058.32000000"",""0.00000000""],[""84057.60000000"",""0.00000000""],[""84057.53000000"",""0.00000000""],[""84057.41000000"",""0.00000000""],[""84057.40000000"",""0.00000000""],[""84057.14000000"",""0.00000000""],[""84057.10000000"",""0.00000000""],[""84057.08000000"",""0.00000000""],[""84057.05000000"",""0.00000000""],[""84056.94000000"",""0.00000000""],[""84056.93000000"",""0.00000000""],[""84056.78000000"",""0.00000000""],[""84055.85000000"",""0.00000000""],[""84055.60000000"",""0.00000000""],[""84054.71000000"",""0.00000000""],[""84054.60000000"",""0.00000000""],[""84054.42000000"",""0.00000000""],[""84054.41000000"",""0.00000000""],[""84054.06000000"",""0.00000000""],[""84054.05000000"",""2.66984000""],[""84054.04000000"",""0.00021000""],[""84054.00000000"",""0.00000000""],[""84053.92000000"",""0.00000000""],[""84053.70000000"",""0.00000000""],[""84052.56000000"",""0.00000000""],[""84052.55000000"",""0.00000000""],[""84052.26000000"",""0.00000000""],[""84052.19000000"",""0.00000000""],[""84052.07000000"",""0.00000000""],[""84052.06000000"",""0.00000000""],[""84052.03000000"",""0.00014000""],[""84052.02000000"",""0.32133000""],[""84051.81000000"",""0.00000000""],[""84051.64000000"",""0.00000000""],[""84051.18000000"",""0.00000000""],[""84051.16000000"",""0.00014000""],[""84051.15000000"",""0.08101000""],[""84051.06000000"",""0.00000000""],[""84050.89000000"",""0.00000000""],[""84050.73000000"",""0.00008000""],[""84050.69000000"",""0.00000000""],[""84050.60000000"",""0.00000000""],[""84050.59000000"",""0.32133000""],[""84050.50000000"",""0.00000000""],[""84050.20000000"",""0.00000000""],[""84050.17000000"",""0.00000000""],[""84050.16000000"",""0.00000000""],[""84050.15000000"",""0.00012000""],[""84049.30000000"",""0.00000000""],[""84049.29000000"",""0.23564000""],[""84049.07000000"",""0.00000000""],[""84048.76000000"",""0.00000000""],[""84048.26000000"",""0.00000000""],[""84048.11000000"",""0.00000000""],[""84048.00000000"",""0.00012000""],[""84047.44000000"",""0.00000000""],[""84046.84000000"",""0.04006000""],[""84046.68000000"",""0.00000000""],[""84046.43000000"",""1.96879000""],[""84046.09000000"",""0.00301000""],[""84045.99000000"",""0.00000000""],[""84045.64000000"",""0.00007000""],[""84045.59000000"",""1.78405000""],[""84045.44000000"",""0.00000000""],[""84045.43000000"",""0.07134000""],[""84045.13000000"",""0.00000000""],[""84045.10000000"",""0.00200000""],[""84045.09000000"",""0.00000000""],[""84044.74000000"",""0.08514000""],[""84044.72000000"",""0.00000000""],[""84044.58000000"",""0.00060000""],[""84044.37000000"",""0.00006000""],[""84043.86000000"",""0.00000000""],[""84043.40000000"",""0.00602000""],[""84043.29000000"",""0.00012000""],[""84043.23000000"",""0.00000000""],[""84042.50000000"",""0.29752000""],[""84042.48000000"",""0.00000000""],[""84042.12000000"",""0.58770000""],[""84042.11000000"",""1.96879000""],[""84042.05000000"",""0.00602000""],[""84041.97000000"",""0.00192000""],[""84041.78000000"",""0.00000000""],[""84041.74000000"",""0.33750000""],[""84041.71000000"",""0.00006000""],[""84041.24000000"",""0.59911000""],[""84041.23000000"",""1.78405000""],[""84040.90000000"",""0.00000000""],[""84040.80000000"",""0.00000000""],[""84040.45000000"",""0.00006000""],[""84039.99000000"",""0.00000000""],[""84039.82000000"",""0.11507000""],[""84039.65000000"",""0.00000000""],[""84039.62000000"",""0.00000000""],[""84039.38000000"",""0.34846000""],[""84039.12000000"",""0.00000000""],[""84039.03000000"",""0.00000000""],[""84038.28000000"",""0.00000000""],[""84037.75000000"",""1.81809000""],[""84037.74000000"",""3.75278000""],[""84037.50000000"",""0.00000000""],[""84037.49000000"",""0.02000000""],[""84037.36000000"",""0.00000000""],[""84037.34000000"",""0.00000000""],[""84037.24000000"",""0.00014000""],[""84037.02000000"",""0.00006000""],[""84036.78000000"",""0.00595000""],[""84036.72000000"",""0.00000000""],[""84036.45000000"",""0.02000000""],[""84036.14000000"",""0.02908000""],[""84036.00000000"",""0.00012000""],[""84035.45000000"",""0.00000000""],[""84034.83000000"",""0.00000000""],[""84034.22000000"",""0.29752000""],[""84034.07000000"",""0.00000000""],[""84033.32000000"",""0.00000000""],[""84033.30000000"",""0.03569000""],[""84033.04000000"",""0.00007000""],[""84032.76000000"",""0.00006000""],[""84032.68000000"",""0.00000000""],[""84031.87000000"",""1.36279000""],[""84031.86000000"",""1.78655000""],[""84031.85000000"",""0.00000000""],[""84031.56000000"",""0.00000000""],[""84031.55000000"",""0.00000000""],[""84031.25000000"",""0.00000000""],[""84030.62000000"",""0.00000000""],[""84030.51000000"",""0.00021000""],[""84030.22000000"",""0.00000000""],[""84030.02000000"",""0.00000000""],[""84029.99000000"",""0.02376000""],[""84029.87000000"",""0.00000000""],[""84029.58000000"",""0.29764000""],[""84029.10000000"",""0.52811000""],[""84029.02000000"",""0.00000000""],[""84028.83000000"",""0.00007000""],[""84028.50000000"",""0.00012000""],[""84027.32000000"",""0.00000000""],[""84027.22000000"",""0.06000000""],[""84027.05000000"",""0.00000000""],[""84026.83000000"",""0.00119000""],[""84026.00000000"",""0.00000000""],[""84025.67000000"",""0.00000000""],[""84024.82000000"",""0.01000000""],[""84024.63000000"",""0.00007000""],[""84024.24000000"",""0.00012000""],[""84022.93000000"",""0.03569000""],[""84022.84000000"",""0.00000000""],[""84022.70000000"",""0.00000000""],[""84022.62000000"",""0.08000000""],[""84020.62000000"",""0.00000000""],[""84020.51000000"",""0.10000000""],[""84020.43000000"",""0.00007000""],[""84020.30000000"",""0.00000000""],[""84019.98000000"",""0.00012000""],[""84018.64000000"",""0.00000000""],[""84018.00000000"",""0.00012000""],[""84016.23000000"",""0.00007000""],[""84016.07000000"",""0.32146000""],[""84015.93000000"",""0.52026000""],[""84015.72000000"",""0.00012000""],[""84015.04000000"",""0.00000000""],[""84014.86000000"",""0.00000000""],[""84014.44000000"",""0.51700000""],[""84012.54000000"",""1.11383000""],[""84012.17000000"",""0.00000000""],[""84012.02000000"",""0.00007000""],[""84012.00000000"",""0.35858000""],[""84010.96000000"",""0.00000000""],[""84009.12000000"",""0.10236000""],[""84008.39000000"",""1.59691000""],[""84006.34000000"",""0.77375000""],[""84005.12000000"",""0.00000000""],[""84005.11000000"",""0.00000000""],[""84004.46000000"",""0.00000000""],[""84003.62000000"",""0.00000000""],[""84003.48000000"",""0.10237000""],[""84003.19000000"",""1.06084000""],[""84000.53000000"",""0.00424000""],[""83999.45000000"",""0.10238000""],[""83998.60000000"",""0.00000000""],[""83998.26000000"",""0.01142000""],[""83997.94000000"",""1.44632000""],[""83996.62000000"",""0.00000000""],[""83996.05000000"",""0.00000000""],[""83995.73000000"",""0.00000000""],[""83995.01000000"",""0.05947000""],[""83993.14000000"",""0.00000000""],[""83989.65000000"",""0.00000000""],[""83988.67000000"",""0.00000000""],[""83986.35000000"",""0.00000000""],[""83986.33000000"",""0.00538000""],[""83985.65000000"",""0.00112000""],[""83985.29000000"",""0.00000000""],[""83984.96000000"",""0.00000000""],[""83984.89000000"",""0.00000000""],[""83984.63000000"",""0.00000000""],[""83984.48000000"",""0.00296000""],[""83984.45000000"",""0.00000000""],[""83983.98000000"",""0.02000000""],[""83983.90000000"",""0.00000000""],[""83983.38000000"",""0.00000000""],[""83983.21000000"",""0.00000000""],[""83983.19000000"",""0.00000000""],[""83982.93000000"",""0.00000000""],[""83982.57000000"",""0.00297000""],[""83978.02000000"",""0.00000000""],[""83975.23000000"",""0.00007000""],[""83971.19000000"",""0.02000000""],[""83971.02000000"",""1.78405000""],[""83971.01000000"",""0.00000000""],[""83970.92000000"",""0.02000000""],[""83965.34000000"",""0.00000000""],[""83957.55000000"",""0.00000000""],[""83949.05000000"",""0.00000000""],[""83942.99000000"",""0.04567000""],[""83927.69000000"",""0.00007000""],[""83909.20000000"",""0.00000000""],[""83900.89000000"",""0.00000000""],[""83899.47000000"",""0.00000000""],[""83892.40000000"",""1.78521000""],[""83891.17000000"",""0.00007000""],[""83879.77000000"",""1.20000000""],[""83826.38000000"",""0.00000000""],[""83816.82000000"",""0.00000000""],[""83807.11000000"",""0.00007000""],[""83785.78000000"",""0.00000000""],[""83766.85000000"",""0.00000000""],[""83750.70000000"",""0.00000000""],[""83746.78000000"",""0.00000000""],[""83732.75000000"",""0.00000000""],[""83723.05000000"",""0.00007000""],[""83710.78000000"",""2.52585000""],[""83709.31000000"",""0.00031000""],[""83707.62000000"",""1.67924000""],[""83658.23000000"",""0.00000000""],[""83648.68000000"",""0.00000000""],[""83638.99000000"",""0.00007000""],[""83574.15000000"",""0.00000000""],[""83564.62000000"",""0.00000000""],[""83554.93000000"",""0.00007000""],[""83480.55000000"",""0.00000000""],[""83470.87000000"",""0.00007000""],[""83405.99000000"",""0.00000000""],[""83396.48000000"",""0.00000000""],[""83386.82000000"",""0.00007000""],[""67273.36000000"",""0.00087000""],[""67243.00000000"",""0.00000000""]],""e"":""depthUpdate"",""s"":""BTCUSDT"",""u"":101123537606}"
1791339075,687907200,spot,trade,0,0,812,BTCUSDT,"{""E"":1791339075625,""M"":true,""T"":1791339075624,""e"":""trade"",""m"":false,""p"":""84054.06000000"",""q"":""0.00007000"",""s"":""BTCUSDT"",""t"":6741320338}"
1791339075,687999800,spot,trade,0,0,813,BTCUSDT,"{""E"":1791339075625,""M"":true,""T"":1791339075624,""e"":""trade"",""m"":false,""p"":""84054.06000000"",""q"":""0.00035000"",""s"":""BTCUSDT"",""t"":6741320339}"
1791339075,732455700,spot,trade,0,0,814,BTCUSDT,"{""E"":1791339075670,""M"":true,""T"":1791339075670,""e"":""trade"",""m"":false,""p"":""84054.06000000"",""q"":""0.02328000"",""s"":""BTCUSDT"",""t"":6741320340}"
1791339075,732572000,spot,trade,0,0,815,BTCUSDT,"{""E"":1791339075672,""M"":true,""T"":1791339075672,""e"":""trade"",""m"":true,""p"":""84054.05000000"",""q"":""0.00301000"",""s"":""BTCUSDT"",""t"":6741320341}"
1791339075,777005300,spot,depth5,0,0,816,BTCUSDT,"{""asks"":[[""84054.06000000"",""0.20242000""],[""84055.40000000"",""0.00014000""],[""84055.41000000"",""0.01876000""],[""84056.74000000"",""0.00014000""],[""84056.75000000"",""0.02258000""]],""bids"":[[""84054.05000000"",""6.23615000""],[""84054.04000000"",""0.00028000""],[""84052.02000000"",""0.32133000""],[""84051.66000000"",""0.00007000""],[""84051.15000000"",""0.08101000""]],""lastUpdateId"":101123537937}"
1791339075,778468900,spot,depth_diff,0,0,817,BTCUSDT,"{""E"":1791339075714,""U"":101123537607,""a"":[[""84054.06000000"",""0.20242000""],[""84055.40000000"",""0.00014000""],[""84055.41000000"",""0.01876000""],[""84056.74000000"",""0.00014000""],[""84056.75000000"",""0.02258000""],[""84056.94000000"",""0.00000000""],[""84058.09000000"",""0.00014000""],[""84058.10000000"",""0.02252000""],[""84058.13000000"",""0.00014000""],[""84058.14000000"",""0.00014000""],[""84058.15000000"",""0.04006000""],[""84058.32000000"",""0.00012000""],[""84059.22000000"",""0.00011000""],[""84059.23000000"",""0.00000000""],[""84059.29000000"",""0.00000000""],[""84059.30000000"",""0.04769000""],[""84061.00000000"",""0.00000000""],[""84061.01000000"",""0.00000000""],[""84061.02000000"",""0.00012000""],[""84061.15000000"",""0.00000000""],[""84061.16000000"",""0.00000000""],[""84061.81000000"",""0.00006000""],[""84063.44000000"",""0.00000000""],[""84064.01000000"",""0.00000000""],[""84064.47000000"",""0.00000000""],[""84064.48000000"",""0.05291000""],[""84064.49000000"",""0.16912000""],[""84064.70000000"",""0.00000000""],[""84064.71000000"",""0.00000000""],[""84064.92000000"",""0.00000000""],[""84064.93000000"",""0.00000000""],[""84064.94000000"",""0.00000000""],[""84064.95000000"",""0.00006000""],[""84066.01000000"",""0.00000000""],[""84066.02000000"",""0.00000000""],[""84066.72000000"",""0.00400000""],[""84067.69000000"",""0.16906000""],[""84067.70000000"",""0.18109000""],[""84067.71000000"",""0.33756000""],[""84069.23000000"",""0.00200000""],[""84070.30000000"",""0.17106000""],[""84070.75000000"",""0.30374000""],[""84071.99000000"",""0.13442000""],[""84073.05000000"",""0.00000000""],[""84073.47000000"",""0.00006000""],[""84074.06000000"",""0.10235000""],[""84074.94000000"",""0.16906000""],[""84075.24000000"",""0.16906000""],[""84075.25000000"",""0.30000000""],[""84075.53000000"",""0.04767000""],[""84076.53000000"",""0.00598000""],[""84077.45000000"",""0.03569000""],[""84078.21000000"",""0.32769000""],[""84081.21000000"",""0.16000000""],[""84081.37000000"",""0.00000000""],[""84082.42000000"",""0.00647000""],[""84083.32000000"",""0.00009000""],[""84083.33000000"",""0.28000000""],[""84083.87000000"",""0.00000000""],[""84084.94000000"",""0.00577000""],[""84085.72000000"",""0.16642000""],[""84086.63000000"",""0.00649000""],[""84090.84000000"",""0.00654000""],[""84091.78000000"",""0.29750000""],[""84093.35000000"",""0.00593000""],[""84094.29000000"",""0.00192000""],[""84096.44000000"",""0.00012000""],[""84096.71000000"",""0.00059000""],[""84097.00000000"",""0.01000000""],[""84097.44000000"",""0.00000000""],[""84100.06000000"",""0.00000000""],[""84100.37000000"",""1.29340000""],[""84100.59000000"",""0.00000000""],[""84100.92000000"",""0.00000000""],[""84102.73000000"",""0.00000000""],[""84105.43000000"",""0.05000000""],[""84105.50000000"",""0.03000000""],[""84106.94000000"",""0.00000000""],[""84112.89000000"",""0.01903000""],[""84114.35000000"",""1.17660000""],[""84117.88000000"",""0.00000000""],[""84118.87000000"",""0.00000000""],[""84121.60000000"",""0.00000000""],[""84123.85000000"",""0.01158000""],[""84126.30000000"",""0.00000000""],[""84126.69000000"",""0.32104000""],[""84137.06000000"",""0.00111000""],[""84147.73000000"",""0.03000000""],[""84153.88000000"",""0.00000000""],[""84162.31000000"",""0.02853000""],[""84173.92000000"",""0.00000000""],[""84192.86000000"",""0.00000000""],[""84200.27000000"",""0.03687000""],[""84211.88000000"",""0.02975000""]],""b"":[[""84054.05000000"",""6.23615000""],[""84054.04000000"",""0.00028000""],[""84053.09000000"",""0.00000000""],[""84052.03000000"",""0.00000000""],[""84051.16000000"",""0.00000000""],[""84051.07000000"",""0.00200000""],[""84050.63000000"",""0.00200000""],[""84050.60000000"",""0.00000000""],[""84049.80000000"",""0.00012000""],[""84046.84000000"",""0.04012000""],[""84046.44000000"",""0.59690000""],[""84046.43000000"",""1.96885000""],[""84046.10000000"",""0.01800000""],[""84046.04000000"",""0.02914000""],[""84045.71000000"",""0.02000000""],[""84045.60000000"",""1.26038000""],[""84045.54000000"",""0.00012000""],[""84044.74000000"",""0.08508000""],[""84042.50000000"",""0.29758000""],[""84042.27000000"",""0.35707000""],[""84042.12000000"",""0.00000000""],[""84042.11000000"",""1.96879000""],[""84041.71000000"",""0.00000000""],[""84041.28000000"",""0.00012000""],[""84041.24000000"",""0.59905000""],[""84040.32000000"",""0.09248000""],[""84037.73000000"",""0.00000000""],[""84037.49000000"",""0.00000000""],[""84037.02000000"",""0.00012000""],[""84036.45000000"",""0.00000000""],[""84034.72000000"",""0.00591000""],[""84033.73000000"",""0.00000000""],[""84033.04000000"",""0.00669000""],[""84032.76000000"",""0.00012000""],[""84029.99000000"",""0.00000000""],[""84028.83000000"",""0.00657000""],[""84028.38000000"",""0.10234000""],[""84026.51000000"",""0.02368000""],[""84025.16000000"",""0.96958000""],[""84024.62000000"",""0.00651000""],[""84024.59000000"",""1.29456000""],[""84023.60000000"",""0.10235000""],[""84020.87000000"",""0.24787000""],[""84020.41000000"",""0.00635000""],[""84019.22000000"",""0.10235000""],[""84016.20000000"",""0.00656000""],[""84015.93000000"",""0.81445000""],[""84015.72000000"",""0.70012000""],[""84012.54000000"",""0.76334000""],[""84011.33000000"",""0.00000000""],[""84007.72000000"",""0.00000000""],[""84006.00000000"",""0.00012000""],[""84000.03000000"",""0.00428000""],[""84000.00000000"",""0.25616000""],[""83999.45000000"",""0.00000000""],[""83997.94000000"",""0.00000000""],[""83997.72000000"",""0.70000000""],[""83995.90000000"",""0.05699000""],[""83995.73000000"",""0.00429000""],[""83994.00000000"",""0.00012000""],[""83990.73000000"",""0.50772000""],[""83988.00000000"",""0.00012000""],[""83982.70000000"",""0.00000000""],[""83982.58000000"",""0.00000000""],[""83981.53000000"",""0.02000000""],[""83979.32000000"",""0.01691000""],[""83978.03000000"",""0.02000000""],[""83971.02000000"",""0.00000000""],[""82793.24000000"",""0.00008000""],[""67273.00000000"",""0.00000000""]],""e"":""depthUpdate"",""s"":""BTCUSDT"",""u"":101123537937}"
1791339075,803114700,spot,trade,0,0,818,BTCUSDT,"{""E"":1791339075741,""M"":true,""T"":1791339075741,""e"":""trade"",""m"":true,""p"":""84054.05000000"",""q"":""0.00200000"",""s"":""BTCUSDT"",""t"":6741320342}"
1791339075,803309300,spot,trade,0,0,819,BTCUSDT,"{""E"":1791339075742,""M"":true,""T"":1791339075742,""e"":""trade"",""m"":true,""p"":""84054.05000000"",""q"":""0.00200000"",""s"":""BTCUSDT"",""t"":6741320343}"
1791339075,815925100,spot,trade,0,0,820,BTCUSDT,"{""E"":1791339075749,""M"":true,""T"":1791339075749,""e"":""trade"",""m"":false,""p"":""84054.06000000"",""q"":""0.02173000"",""s"":""BTCUSDT"",""t"":6741320344}"
1791339075,816149200,spot,trade,0,0,821,BTCUSDT,"{""E"":1791339075751,""M"":true,""T"":1791339075751,""e"":""trade"",""m"":false,""p"":""84054.06000000"",""q"":""0.01193000"",""s"":""BTCUSDT"",""t"":6741320345}"
1791339075,830744400,spot,trade,0,0,822,BTCUSDT,"{""E"":1791339075770,""M"":true,""T"":1791339075770,""e"":""trade"",""m"":false,""p"":""84054.06000000"",""q"":""0.00292000"",""s"":""BTCUSDT"",""t"":6741320346}"
1791339075,879100400,spot,depth5,0,0,823,BTCUSDT,"{""asks"":[[""84054.06000000"",""0.16596000""],[""84055.39000000"",""0.00012000""],[""84055.40000000"",""0.00014000""],[""84055.41000000"",""0.01876000""],[""84056.74000000"",""0.00014000""]],""bids"":[[""84054.05000000"",""6.25664000""],[""84052.03000000"",""0.20070000""],[""84052.02000000"",""0.32133000""],[""84051.74000000"",""0.00007000""],[""84051.66000000"",""0.00007000""]],""lastUpdateId"":101123538327}"
1791339075,879736400,spot,depth_diff,0,0,824,BTCUSDT,"{""E"":1791339075814,""U"":101123537938,""a"":[[""84054.06000000"",""0.16596000""],[""84055.39000000"",""0.00012000""],[""84056.73000000"",""0.00000000""],[""84056.74000000"",""0.00014000""],[""84057.54000000"",""0.00000000""],[""84058.13000000"",""0.00000000""],[""84058.32000000"",""0.00006000""],[""84059.29000000"",""0.00007000""],[""84059.30000000"",""0.04769000""],[""84060.11000000"",""0.09076000""],[""84060.12000000"",""0.00000000""],[""84060.13000000"",""0.00000000""],[""84060.14000000"",""0.30349000""],[""84061.02000000"",""0.00006000""],[""84064.48000000"",""0.00000000""],[""84064.49000000"",""0.00006000""],[""84065.74000000"",""0.00000000""],[""84066.72000000"",""0.00200000""],[""84067.70000000"",""0.31469000""],[""84067.71000000"",""0.33750000""],[""84067.83000000"",""0.00007000""],[""84068.04000000"",""0.00000000""],[""84069.23000000"",""0.00000000""],[""84069.94000000"",""0.00000000""],[""84070.30000000"",""0.00000000""],[""84070.31000000"",""0.21869000""],[""84070.66000000"",""0.00000000""],[""84070.73000000"",""0.00000000""],[""84070.74000000"",""0.00000000""],[""84070.75000000"",""0.30380000""],[""84070.87000000"",""0.30013000""],[""84071.10000000"",""0.30024000""],[""84071.51000000"",""0.21918000""],[""84071.52000000"",""0.30400000""],[""84071.62000000"",""0.00000000""],[""84071.85000000"",""0.02000000""],[""84071.86000000"",""0.00000000""],[""84071.99000000"",""0.00000000""],[""84072.18000000"",""0.00000000""],[""84073.46000000"",""0.00600000""],[""84073.47000000"",""0.00000000""],[""84074.06000000"",""0.10229000""],[""84074.94000000"",""0.00000000""],[""84075.23000000"",""0.00000000""],[""84075.24000000"",""0.00849000""],[""84075.25000000"",""0.28000000""],[""84075.37000000"",""0.00000000""],[""84080.79000000"",""0.32121000""],[""84081.14000000"",""0.00000000""],[""84081.21000000"",""0.16000000""],[""84081.38000000"",""0.58979000""],[""84083.32000000"",""0.00000000""],[""84083.33000000"",""0.00000000""],[""84084.30000000"",""0.28372000""],[""84084.31000000"",""0.32120000""],[""84084.60000000"",""0.00000000""],[""84091.97000000"",""0.00482000""],[""84106.45000000"",""0.02367000""],[""84116.13000000"",""0.00000000""],[""84121.48000000"",""0.00000000""],[""84124.09000000"",""0.03481000""],[""84141.60000000"",""0.05845000""],[""84156.70000000"",""0.09325000""],[""84156.99000000"",""1.07833000""],[""84157.00000000"",""1.51455000""],[""84157.01000000"",""0.00000000""],[""84158.26000000"",""0.00000000""],[""84164.63000000"",""0.11901000""],[""84164.64000000"",""0.00000000""],[""84167.32000000"",""0.00000000""],[""84177.01000000"",""0.00000000""],[""84185.34000000"",""0.00000000""],[""84200.27000000"",""0.00000000""]],""b"":[[""84054.05000000"",""6.25664000""],[""84054.04000000"",""0.00000000""],[""84052.04000000"",""0.00000000""],[""84052.03000000"",""0.20070000""],[""84051.74000000"",""0.00007000""],[""84051.16000000"",""0.00000000""],[""84051.15000000"",""0.08095000""],[""84051.07000000"",""0.00000000""],[""84050.74000000"",""0.32139000""],[""84050.63000000"",""0.00000000""],[""84050.60000000"",""0.00000000""],[""84050.59000000"",""0.00000000""],[""84049.80000000"",""0.00012000""],[""84049.30000000"",""0.00000000""],[""84049.29000000"",""0.00000000""],[""84047.92000000"",""0.32134000""],[""84046.84000000"",""0.04018000""],[""84046.46000000"",""0.64466000""],[""84046.45000000"",""2.14154000""],[""84046.44000000"",""0.00606000""],[""84046.43000000"",""0.00000000""],[""84046.34000000"",""0.00000000""],[""84046.10000000"",""0.00000000""],[""84046.04000000"",""0.00000000""],[""84045.89000000"",""0.02908000""],[""84045.71000000"",""0.00000000""],[""84045.62000000"",""1.91511000""],[""84045.61000000"",""1.78456000""],[""84045.60000000"",""0.00000000""],[""84045.59000000"",""0.00000000""],[""84045.54000000"",""0.00012000""],[""84045.43000000"",""0.07140000""],[""84045.24000000"",""0.23570000""],[""84044.93000000"",""0.05504000""],[""84044.74000000"",""0.08520000""],[""84044.58000000"",""0.00000000""],[""84044.37000000"",""0.00000000""],[""84044.15000000"",""0.32135000""],[""84043.53000000"",""1.78456000""],[""84043.50000000"",""0.00000000""],[""84042.93000000"",""0.00024000""],[""84042.50000000"",""0.29758000""],[""84042.27000000"",""0.00000000""],[""84042.12000000"",""2.14154000""],[""84042.11000000"",""0.00000000""],[""84041.75000000"",""0.24641000""],[""84041.28000000"",""0.00012000""],[""84041.24000000"",""0.00000000""],[""84041.23000000"",""0.00000000""],[""84040.32000000"",""0.00000000""],[""84039.58000000"",""0.34846000""],[""84039.41000000"",""0.02000000""],[""84039.38000000"",""0.00000000""],[""84037.37000000"",""0.00000000""],[""84033.30000000"",""0.00000000""],[""84030.51000000"",""0.00000000""],[""84030.25000000"",""0.10234000""],[""84029.80000000"",""0.70000000""],[""84029.72000000"",""0.00060000""],[""84029.71000000"",""0.00000000""],[""84028.51000000"",""0.40817000""],[""84028.38000000"",""0.00000000""],[""84028.26000000"",""0.03569000""],[""84027.22000000"",""0.00000000""],[""84026.51000000"",""0.00000000""],[""84025.16000000"",""0.62555000""],[""84024.82000000"",""0.00000000""],[""84024.59000000"",""0.00000000""],[""84022.62000000"",""0.00000000""],[""84021.52000000"",""0.15000000""],[""84020.87000000"",""0.00000000""],[""84020.68000000"",""0.02297000""],[""84016.72000000"",""0.70000000""],[""84003.19000000"",""0.00000000""],[""84002.13000000"",""0.32152000""],[""83997.91000000"",""0.00000000""],[""83997.86000000"",""0.00000000""],[""83997.72000000"",""0.00000000""],[""83997.32000000"",""0.00000000""],[""83995.90000000"",""0.00000000""],[""83995.84000000"",""0.00000000""],[""83990.73000000"",""0.00000000""],[""83986.96000000"",""0.02000000""],[""83979.52000000"",""0.00000000""],[""83979.21000000"",""0.05966000""],[""83971.02000000"",""0.00000000""],[""83962.97000000"",""0.00000000""],[""83957.57000000"",""0.00000000""],[""83954.21000000"",""0.00000000""],[""83936.85000000"",""0.05525000""],[""83709.31000000"",""0.00000000""],[""83703.63000000"",""0.00026000""],[""75663.66000000"",""0.00000000""],[""75648.65000000"",""0.00015000""],[""67273.36000000"",""0.00058000""]],""e"":""depthUpdate"",""s"":""BTCUSDT"",""u"":101123538327}"
1791339075,929818300,spot,trade,0,0,825,BTCUSDT,"{""E"":1791339075863,""M"":true,""T"":1791339075862,""e"":""trade"",""m"":false,""p"":""84054.06000000"",""q"":""0.00060000"",""s"":""BTCUSDT"",""t"":6741320347}"
1791339075,930052300,spot,trade,0,0,826,BTCUSDT,"{""E"":1791339075863,""M"":true,""T"":1791339075862,""e"":""trade"",""m"":false,""p"":""84054.06000000"",""q"":""0.00059000"",""s"":""BTCUSDT"",""t"":6741320348}"
1791339075,930134900,spot,trade,0,0,827,BTCUSDT,"{""E"":1791339075863,""M"":true,""T"":1791339075862,""e"":""trade"",""m"":false,""p"":""84054.06000000"",""q"":""0.00008000"",""s"":""BTCUSDT"",""t"":6741320349}"
1791339075,930210700,spot,trade,0,0,828,BTCUSDT,"{""E"":1791339075863,""M"":true,""T"":1791339075862,""e"":""trade"",""m"":false,""p"":""84054.06000000"",""q"":""0.01190000"",""s"":""BTCUSDT"",""t"":6741320350}"
1791339075,930266900,spot,trade,0,0,829,BTCUSDT,"{""E"":1791339075863,""M"":true,""T"":1791339075862,""e"":""trade"",""m"":false,""p"":""84054.06000000"",""q"":""0.01792000"",""s"":""BTCUSDT"",""t"":6741320351}"
1791339075,930302200,spot,trade,0,0,830,BTCUSDT,"{""E"":1791339075863,""M"":true,""T"":1791339075862,""e"":""trade"",""m"":false,""p"":""84054.06000000"",""q"":""0.00006000"",""s"":""BTCUSDT"",""t"":6741320352}"
1791339075,930332600,spot,trade,0,0,831,BTCUSDT,"{""E"":1791339075863,""M"":true,""T"":1791339075862,""e"":""trade"",""m"":false,""p"":""84054.06000000"",""q"":""0.04757000"",""s"":""BTCUSDT"",""t"":6741320353}"
1791339075,930362000,spot,trade,0,0,832,BTCUSDT,"{""E"":1791339075863,""M"":true,""T"":1791339075862,""e"":""trade"",""m"":false,""p"":""84054.06000000"",""q"":""0.00006000"",""s"":""BTCUSDT"",""t"":6741320354}"
1791339075,930399000,spot,trade,0,0,833,BTCUSDT,"{""E"":1791339075863,""M"":true,""T"":1791339075862,""e"":""trade"",""m"":false,""p"":""84054.06000000"",""q"":""0.00006000"",""s"":""BTCUSDT"",""t"":6741320355}"
1791339075,930429700,spot,trade,0,0,834,BTCUSDT,"{""E"":1791339075863,""M"":true,""T"":1791339075862,""e"":""trade"",""m"":false,""p"":""84054.06000000"",""q"":""0.00007000"",""s"":""BTCUSDT"",""t"":6741320356}"
1791339075,930458300,spot,trade,0,0,835,BTCUSDT,"{""E"":1791339075863,""M"":true,""T"":1791339075862,""e"":""trade"",""m"":false,""p"":""84054.06000000"",""q"":""0.01126000"",""s"":""BTCUSDT"",""t"":6741320357}"
1791339075,930487000,spot,trade,0,0,836,BTCUSDT,"{""E"":1791339075863,""M"":true,""T"":1791339075862,""e"":""trade"",""m"":false,""p"":""84054.06000000"",""q"":""0.00006000"",""s"":""BTCUSDT"",""t"":6741320358}"
1791339075,930515800,spot,trade,0,0,837,BTCUSDT,"{""E"":1791339075863,""M"":true,""T"":1791339075862,""e"":""trade"",""m"":false,""p"":""84054.06000000"",""q"":""0.00006000"",""s"":""BTCUSDT"",""t"":6741320359}"
1791339075,930544200,spot,trade,0,0,838,BTCUSDT,"{""E"":1791339075863,""M"":true,""T"":1791339075862,""e"":""trade"",""m"":false,""p"":""84054.06000000"",""q"":""0.00006000"",""s"":""BTCUSDT"",""t"":6741320360}"
1791339075,930572800,spot,trade,0,0,839,BTCUSDT,"{""E"":1791339075863,""M"":true,""T"":1791339075862,""e"":""trade"",""m"":false,""p"":""84054.06000000"",""q"":""0.00006000"",""s"":""BTCUSDT"",""t"":6741320361}"
1791339075,930601500,spot,trade,0,0,840,BTCUSDT,"{""E"":1791339075863,""M"":true,""T"":1791339075862,""e"":""trade"",""m"":false,""p"":""84054.06000000"",""q"":""0.00006000"",""s"":""BTCUSDT"",""t"":6741320362}"
1791339075,930630000,spot,trade,0,0,841,BTCUSDT,"{""E"":1791339075863,""M"":true,""T"":1791339075862,""e"":""trade"",""m"":false,""p"":""84054.06000000"",""q"":""0.00006000"",""s"":""BTCUSDT"",""t"":6741320363}"
1791339075,930660900,spot,trade,0,0,842,BTCUSDT,"{""E"":1791339075863,""M"":true,""T"":1791339075862,""e"":""trade"",""m"":false,""p"":""84054.06000000"",""q"":""0.00006000"",""s"":""BTCUSDT"",""t"":6741320364}"
1791339075,930702600,spot,trade,0,0,843,BTCUSDT,"{""E"":1791339075863,""M"":true,""T"":1791339075862,""e"":""trade"",""m"":false,""p"":""84054.06000000"",""q"":""0.00006000"",""s"":""BTCUSDT"",""t"":6741320365}"
1791339075,930732300,spot,trade,0,0,844,BTCUSDT,"{""E"":1791339075863,""M"":true,""T"":1791339075862,""e"":""trade"",""m"":false,""p"":""84054.06000000"",""q"":""0.00006000"",""s"":""BTCUSDT"",""t"":6741320366}"
1791339075,930760900,spot,trade,0,0,845,BTCUSDT,"{""E"":1791339075863,""M"":true,""T"":1791339075862,""e"":""trade"",""m"":false,""p"":""84054.06000000"",""q"":""0.00006000"",""s"":""BTCUSDT"",""t"":6741320367}"
1791339075,930789000,spot,trade,0,0,846,BTCUSDT,"{""E"":1791339075863,""M"":true,""T"":1791339075862,""e"":""trade"",""m"":false,""p"":""84054.06000000"",""q"":""0.00006000"",""s"":""BTCUSDT"",""t"":6741320368}"
1791339075,930817400,spot,trade,0,0,847,BTCUSDT,"{""E"":1791339075863,""M"":true,""T"":1791339075862,""e"":""trade"",""m"":false,""p"":""84054.06000000"",""q"":""0.00006000"",""s"":""BTCUSDT"",""t"":6741320369}"
1791339075,930846300,spot,trade,0,0,848,BTCUSDT,"{""E"":1791339075863,""M"":true,""T"":1791339075862,""e"":""trade"",""m"":false,""p"":""84054.06000000"",""q"":""0.00006000"",""s"":""BTCUSDT"",""t"":6741320370}"
1791339075,930874900,spot,trade,0,0,849,BTCUSDT,"{""E"":1791339075863,""M"":true,""T"":1791339075862,""e"":""trade"",""m"":false,""p"":""84054.06000000"",""q"":""0.00006000"",""s"":""BTCUSDT"",""t"":6741320371}"
1791339075,930903200,spot,trade,0,0,850,BTCUSDT,"{""E"":1791339075863,""M"":true,""T"":1791339075862,""e"":""trade"",""m"":false,""p"":""84054.06000000"",""q"":""0.00006000"",""s"":""BTCUSDT"",""t"":6741320372}"
1791339075,930933700,spot,trade,0,0,851,BTCUSDT,"{""E"":1791339075863,""M"":true,""T"":1791339075862,""e"":""trade"",""m"":false,""p"":""84054.06000000"",""q"":""0.00006000"",""s"":""BTCUSDT"",""t"":6741320373}"
1791339075,930962700,spot,trade,0,0,852,BTCUSDT,"{""E"":1791339075863,""M"":true,""T"":1791339075862,""e"":""trade"",""m"":false,""p"":""84054.06000000"",""q"":""0.00006000"",""s"":""BTCUSDT"",""t"":6741320374}"
1791339075,930991300,spot,trade,0,0,853,BTCUSDT,"{""E"":1791339075863,""M"":true,""T"":1791339075862,""e"":""trade"",""m"":false,""p"":""84054.06000000"",""q"":""0.00006000"",""s"":""BTCUSDT"",""t"":6741320375}"
1791339075,931020000,spot,trade,0,0,854,BTCUSDT,"{""E"":1791339075863,""M"":true,""T"":1791339075862,""e"":""trade"",""m"":false,""p"":""84054.06000000"",""q"":""0.00006000"",""s"":""BTCUSDT"",""t"":6741320376}"
1791339075,931048100,spot,trade,0,0,855,BTCUSDT,"{""E"":1791339075863,""M"":true,""T"":1791339075862,""e"":""trade"",""m"":false,""p"":""84054.06000000"",""q"":""0.00006000"",""s"":""BTCUSDT"",""t"":6741320377}"
1791339075,931076200,spot,trade,0,0,856,BTCUSDT,"{""E"":1791339075863,""M"":true,""T"":1791339075862,""e"":""trade"",""m"":false,""p"":""84054.06000000"",""q"":""0.00006000"",""s"":""BTCUSDT"",""t"":6741320378}"
1791339075,931104600,spot,trade,0,0,857,BTCUSDT,"{""E"":1791339075863,""M"":true,""T"":1791339075862,""e"":""trade"",""m"":false,""p"":""84054.06000000"",""q"":""0.00006000"",""s"":""BTCUSDT"",""t"":6741320379}"
1791339075,931132700,spot,trade,0,0,858,BTCUSDT,"{""E"":1791339075863,""M"":true,""T"":1791339075862,""e"":""trade"",""m"":false,""p"":""84054.06000000"",""q"":""0.00006000"",""s"":""BTCUSDT"",""t"":6741320380}"
1791339075,931160800,spot,trade,0,0,859,BTCUSDT,"{""E"":1791339075863,""M"":true,""T"":1791339075862,""e"":""trade"",""m"":false,""p"":""84054.06000000"",""q"":""0.00006000"",""s"":""BTCUSDT"",""t"":6741320381}"
1791339075,931190900,spot,trade,0,0,860,BTCUSDT,"{""E"":1791339075863,""M"":true,""T"":1791339075862,""e"":""trade"",""m"":false,""p"":""84054.06000000"",""q"":""0.00006000"",""s"":""BTCUSDT"",""t"":6741320382}"
1791339075,931240100,spot,trade,0,0,861,BTCUSDT,"{""E"":1791339075863,""M"":true,""T"":1791339075862,""e"":""trade"",""m"":false,""p"":""84054.06000000"",""q"":""0.00006000"",""s"":""BTCUSDT"",""t"":6741320383}"
1791339075,931276900,spot,trade,0,0,862,BTCUSDT,"{""E"":1791339075863,""M"":true,""T"":1791339075862,""e"":""trade"",""m"":false,""p"":""84054.06000000"",""q"":""0.00006000"",""s"":""BTCUSDT"",""t"":6741320384}"
1791339075,931306800,spot,trade,0,0,863,BTCUSDT,"{""E"":1791339075863,""M"":true,""T"":1791339075862,""e"":""trade"",""m"":false,""p"":""84054.06000000"",""q"":""0.00006000"",""s"":""BTCUSDT"",""t"":6741320385}"
1791339075,931335200,spot,trade,0,0,864,BTCUSDT,"{""E"":1791339075863,""M"":true,""T"":1791339075862,""e"":""trade"",""m"":false,""p"":""84054.06000000"",""q"":""0.00006000"",""s"":""BTCUSDT"",""t"":6741320386}"
1791339075,931363300,spot,trade,0,0,865,BTCUSDT,"{""E"":1791339075863,""M"":true,""T"":1791339075862,""e"":""trade"",""m"":false,""p"":""84054.06000000"",""q"":""0.00006000"",""s"":""BTCUSDT"",""t"":6741320387}"
1791339075,931391500,spot,trade,0,0,866,BTCUSDT,"{""E"":1791339075863,""M"":true,""T"":1791339075862,""e"":""trade"",""m"":false,""p"":""84054.06000000"",""q"":""0.00006000"",""s"":""BTCUSDT"",""t"":6741320388}"
1791339075,931419900,spot,trade,0,0,867,BTCUSDT,"{""E"":1791339075863,""M"":true,""T"":1791339075862,""e"":""trade"",""m"":false,""p"":""84054.06000000"",""q"":""0.00006000"",""s"":""BTCUSDT"",""t"":6741320389}"
1791339075,931448100,spot,trade,0,0,868,BTCUSDT,"{""E"":1791339075863,""M"":true,""T"":1791339075862,""e"":""trade"",""m"":false,""p"":""84054.06000000"",""q"":""0.00006000"",""s"":""BTCUSDT"",""t"":6741320390}"
1791339075,931478800,spot,trade,0,0,869,BTCUSDT,"{""E"":1791339075863,""M"":true,""T"":1791339075862,""e"":""trade"",""m"":false,""p"":""84054.06000000"",""q"":""0.00006000"",""s"":""BTCUSDT"",""t"":6741320391}"
1791339075,931507800,spot,trade,0,0,870,BTCUSDT,"{""E"":1791339075863,""M"":true,""T"":1791339075862,""e"":""trade"",""m"":false,""p"":""84054.06000000"",""q"":""0.00006000"",""s"":""BTCUSDT"",""t"":6741320392}"
1791339075,931536100,spot,trade,0,0,871,BTCUSDT,"{""E"":1791339075863,""M"":true,""T"":1791339075862,""e"":""trade"",""m"":false,""p"":""84054.06000000"",""q"":""0.00006000"",""s"":""BTCUSDT"",""t"":6741320393}"
1791339075,931564300,spot,trade,0,0,872,BTCUSDT,"{""E"":1791339075863,""M"":true,""T"":1791339075862,""e"":""trade"",""m"":false,""p"":""84054.06000000"",""q"":""0.00006000"",""s"":""BTCUSDT"",""t"":6741320394}"
1791339075,931592600,spot,trade,0,0,873,BTCUSDT,"{""E"":1791339075863,""M"":true,""T"":1791339075862,""e"":""trade"",""m"":false,""p"":""84054.06000000"",""q"":""0.00006000"",""s"":""BTCUSDT"",""t"":6741320395}"
1791339075,931621000,spot,trade,0,0,874,BTCUSDT,"{""E"":1791339075863,""M"":true,""T"":1791339075862,""e"":""trade"",""m"":false,""p"":""84054.06000000"",""q"":""0.00006000"",""s"":""BTCUSDT"",""t"":6741320396}"
1791339075,931649000,spot,trade,0,0,875,BTCUSDT,"{""E"":1791339075863,""M"":true,""T"":1791339075862,""e"":""trade"",""m"":false,""p"":""84054.06000000"",""q"":""0.00006000"",""s"":""BTCUSDT"",""t"":6741320397}"
1791339075,931677100,spot,trade,0,0,876,BTCUSDT,"{""E"":1791339075863,""M"":true,""T"":1791339075862,""e"":""trade"",""m"":false,""p"":""84054.06000000"",""q"":""0.00006000"",""s"":""BTCUSDT"",""t"":6741320398}"
1791339075,931705400,spot,trade,0,0,877,BTCUSDT,"{""E"":1791339075863,""M"":true,""T"":1791339075862,""e"":""trade"",""m"":false,""p"":""84054.06000000"",""q"":""0.00006000"",""s"":""BTCUSDT"",""t"":6741320399}"
1791339075,931737700,spot,trade,0,0,878,BTCUSDT,"{""E"":1791339075864,""M"":true,""T"":1791339075864,""e"":""trade"",""m"":false,""p"":""84055.39000000"",""q"":""0.00012000"",""s"":""BTCUSDT"",""t"":6741320400}"
1791339075,931766900,spot,trade,0,0,879,BTCUSDT,"{""E"":1791339075864,""M"":true,""T"":1791339075864,""e"":""trade"",""m"":false,""p"":""84055.40000000"",""q"":""0.00007000"",""s"":""BTCUSDT"",""t"":6741320401}"
1791339075,931794900,spot,trade,0,0,880,BTCUSDT,"{""E"":1791339075864,""M"":true,""T"":1791339075864,""e"":""trade"",""m"":false,""p"":""84055.40000000"",""q"":""0.00007000"",""s"":""BTCUSDT"",""t"":6741320402}"
1791339075,931826100,spot,trade,0,0,881,BTCUSDT,"{""E"":1791339075864,""M"":true,""T"":1791339075864,""e"":""trade"",""m"":false,""p"":""84055.40000000"",""q"":""0.00007000"",""s"":""BTCUSDT"",""t"":6741320403}"
1791339075,931855500,spot,trade,0,0,882,BTCUSDT,"{""E"":1791339075864,""M"":true,""T"":1791339075864,""e"":""trade"",""m"":false,""p"":""84055.41000000"",""q"":""0.01876000"",""s"":""BTCUSDT"",""t"":6741320404}"
1791339075,931921900,spot,trade,0,0,883,BTCUSDT,"{""E"":1791339075866,""M"":true,""T"":1791339075866,""e"":""trade"",""m"":false,""p"":""84056.73000000"",""q"":""0.00006000"",""s"":""BTCUSDT"",""t"":6741320405}"
1791339075,931955400,spot,trade,0,0,884,BTCUSDT,"{""E"":1791339075866,""M"":true,""T"":1791339075866,""e"":""trade"",""m"":false,""p"":""84056.73000000"",""q"":""0.00006000"",""s"":""BTCUSDT"",""t"":6741320406}"
1791339075,931984300,spot,trade,0,0,885,BTCUSDT,"{""E"":1791339075866,""M"":true,""T"":1791339075866,""e"":""trade"",""m"":false,""p"":""84056.73000000"",""q"":""0.00006000"",""s"":""BTCUSDT"",""t"":6741320407}"
1791339075,932012700,spot,trade,0,0,886,BTCUSDT,"{""E"":1791339075866,""M"":true,""T"":1791339075866,""e"":""trade"",""m"":false,""p"":""84056.73000000"",""q"":""0.00006000"",""s"":""BTCUSDT"",""t"":6741320408}"
1791339075,932041000,spot,trade,0,0,887,BTCUSDT,"{""E"":1791339075866,""M"":true,""T"":1791339075866,""e"":""trade"",""m"":false,""p"":""84056.73000000"",""q"":""0.00006000"",""s"":""BTCUSDT"",""t"":6741320409}"
1791339075,932069200,spot,trade,0,0,888,BTCUSDT,"{""E"":1791339075866,""M"":true,""T"":1791339075866,""e"":""trade"",""m"":false,""p"":""84056.73000000"",""q"":""0.00006000"",""s"":""BTCUSDT"",""t"":6741320410}"
1791339075,932097500,spot,trade,0,0,889,BTCUSDT,"{""E"":1791339075866,""M"":true,""T"":1791339075866,""e"":""trade"",""m"":false,""p"":""84056.73000000"",""q"":""0.00006000"",""s"":""BTCUSDT"",""t"":6741320411}"
1791339075,932125900,spot,trade,0,0,890,BTCUSDT,"{""E"":1791339075866,""M"":true,""T"":1791339075866,""e"":""trade"",""m"":false,""p"":""84056.73000000"",""q"":""0.00006000"",""s"":""BTCUSDT"",""t"":6741320412}"
1791339075,932156800,spot,trade,0,0,891,BTCUSDT,"{""E"":1791339075866,""M"":true,""T"":1791339075866,""e"":""trade"",""m"":false,""p"":""84056.73000000"",""q"":""0.00006000"",""s"":""BTCUSDT"",""t"":6741320413}"
1791339075,932186000,spot,trade,0,0,892,BTCUSDT,"{""E"":1791339075866,""M"":true,""T"":1791339075866,""e"":""trade"",""m"":false,""p"":""84056.73000000"",""q"":""0.00006000"",""s"":""BTCUSDT"",""t"":6741320414}"
1791339075,932214300,spot,trade,0,0,893,BTCUSDT,"{""E"":1791339075866,""M"":true,""T"":1791339075866,""e"":""trade"",""m"":false,""p"":""84056.74000000"",""q"":""0.00006000"",""s"":""BTCUSDT"",""t"":6741320415}"
1791339075,932243100,spot,trade,0,0,894,BTCUSDT,"{""E"":1791339075866,""M"":true,""T"":1791339075866,""e"":""trade"",""m"":false,""p"":""84056.74000000"",""q"":""0.00006000"",""s"":""BTCUSDT"",""t"":6741320416}"
1791339075,932271300,spot,trade,0,0,895,BTCUSDT,"{""E"":1791339075866,""M"":true,""T"":1791339075866,""e"":""trade"",""m"":false,""p"":""84056.74000000"",""q"":""0.00006000"",""s"":""BTCUSDT"",""t"":6741320417}"
1791339075,932299800,spot,trade,0,0,896,BTCUSDT,"{""E"":1791339075866,""M"":true,""T"":1791339075866,""e"":""trade"",""m"":false,""p"":""84056.74000000"",""q"":""0.00006000"",""s"":""BTCUSDT"",""t"":6741320418}"
1791339075,932328000,spot,trade,0,0,897,BTCUSDT,"{""E"":1791339075866,""M"":true,""T"":1791339075866,""e"":""trade"",""m"":false,""p"":""84056.74000000"",""q"":""0.00006000"",""s"":""BTCUSDT"",""t"":6741320419}"
1791339075,934498400,spot,trade,0,0,898,BTCUSDT,"{""E"":1791339075873,""M"":true,""T"":1791339075873,""e"":""trade"",""m"":false,""p"":""84056.75000000"",""q"":""0.00009000"",""s"":""BTCUSDT"",""t"":6741320420}"
1791339075,969287700,spot,trade,0,0,899,BTCUSDT,"{""E"":1791339075907,""M"":true,""T"":1791339075907,""e"":""trade"",""m"":true,""p"":""84056.74000000"",""q"":""0.02379000"",""s"":""BTCUSDT"",""t"":6741320421}"
1791339075,977487300,spot,depth5,0,0,900,BTCUSDT,"{""asks"":[[""84056.75000000"",""0.14910000""],[""84058.10000000"",""0.00006000""],[""84058.14000000"",""0.00014000""],[""84058.15000000"",""0.00006000""],[""84058.32000000"",""0.00006000""]],""bids"":[[""84056.74000000"",""9.01657000""],[""84056.73000000"",""3.51908000""],[""84056.72000000"",""3.56918000""],[""84055.52000000"",""0.54908000""],[""84055.38000000"",""2.79343000""]],""lastUpdateId"":101123538906}"
1791339075,978429200,spot,depth_diff,0,0,901,BTCUSDT,"{""E"":1791339075914,""U"":101123538328,""a"":[[""84054.06000000"",""0.00000000""],[""84055.39000000"",""0.00000000""],[""84055.40000000"",""0.00000000""],[""84055.41000000"",""0.00000000""],[""84056.73000000"",""0.00000000""],[""84056.74000000"",""0.00000000""],[""84056.75000000"",""0.14910000""],[""84058.09000000"",""0.00000000""],[""84058.10000000"",""0.00006000""],[""84058.15000000"",""0.00006000""],[""84059.29000000"",""0.00000000""],[""84059.30000000"",""0.00006000""],[""84060.11000000"",""0.00000000""],[""84060.14000000"",""0.00000000""],[""84060.68000000"",""0.00000000""],[""84061.02000000"",""0.00000000""],[""84061.81000000"",""0.00000000""],[""84062.47000000"",""0.00000000""],[""84062.58000000"",""0.00006000""],[""84063.65000000"",""0.15419000""],[""84064.39000000"",""0.00000000""],[""84064.40000000"",""0.00000000""],[""84064.41000000"",""0.00000000""],[""84064.49000000"",""0.00000000""],[""84064.50000000"",""0.00000000""],[""84064.95000000"",""0.00000000""],[""84065.14000000"",""0.00007000""],[""84065.16000000"",""0.33750000""],[""84066.84000000"",""0.00006000""],[""84067.09000000"",""0.00014000""],[""84067.10000000"",""0.15686000""],[""84067.67000000"",""0.00014000""],[""84067.68000000"",""0.15870000""],[""84067.69000000"",""0.00000000""],[""84067.70000000"",""0.00000000""],[""84067.71000000"",""0.00000000""],[""84069.04000000"",""0.00000000""],[""84070.30000000"",""0.00014000""],[""84070.75000000"",""0.00374000""],[""84070.87000000"",""0.00007000""],[""84071.10000000"",""0.00012000""],[""84071.50000000"",""0.00007000""],[""84071.51000000"",""0.18303000""],[""84071.52000000"",""0.00400000""],[""84071.85000000"",""0.00000000""],[""84073.46000000"",""0.00400000""],[""84074.00000000"",""0.15345000""],[""84074.06000000"",""0.00006000""],[""84075.23000000"",""0.16759000""],[""84075.24000000"",""0.00000000""],[""84075.25000000"",""0.28006000""],[""84075.36000000"",""0.00006000""],[""84075.53000000"",""0.04773000""],[""84075.68000000"",""0.17524000""],[""84075.69000000"",""0.00006000""],[""84076.05000000"",""0.00000000""],[""84076.12000000"",""0.33756000""],[""84076.33000000"",""0.00000000""],[""84076.53000000"",""0.00000000""],[""84076.85000000"",""0.00000000""],[""84077.40000000"",""0.00000000""],[""84078.21000000"",""0.00000000""],[""84078.45000000"",""0.02000000""],[""84078.75000000"",""0.00000000""],[""84078.85000000"",""0.00000000""],[""84079.62000000"",""0.00006000""],[""84080.19000000"",""0.00000000""],[""84080.79000000"",""0.00000000""],[""84080.90000000"",""0.16759000""],[""84081.14000000"",""1.62219000""],[""84081.15000000"",""0.00000000""],[""84081.21000000"",""0.00000000""],[""84081.28000000"",""0.32121000""],[""84081.38000000"",""0.00000000""],[""84081.39000000"",""0.00000000""],[""84082.42000000"",""0.00000000""],[""84082.66000000"",""0.00654000""],[""84083.41000000"",""0.00000000""],[""84083.87000000"",""0.00849000""],[""84083.88000000"",""0.00006000""],[""84084.28000000"",""0.00000000""],[""84084.29000000"",""0.16759000""],[""84084.30000000"",""0.28363000""],[""84084.60000000"",""0.15412000""],[""84084.61000000"",""0.33750000""],[""84085.42000000"",""0.00218000""],[""84085.71000000"",""0.00000000""],[""84085.72000000"",""0.00000000""],[""84086.51000000"",""0.20000000""],[""84088.14000000"",""0.00012000""],[""84088.34000000"",""0.16759000""],[""84088.35000000"",""1.60443000""],[""84088.36000000"",""1.58676000""],[""84088.49000000"",""0.00000000""],[""84088.63000000"",""0.00000000""],[""84089.85000000"",""0.00000000""],[""84090.83000000"",""0.29748000""],[""84091.79000000"",""0.00000000""],[""84096.66000000"",""0.00012000""],[""84097.00000000"",""0.00000000""],[""84098.00000000"",""0.00000000""],[""84099.00000000"",""0.01000000""],[""84099.69000000"",""0.10225000""],[""84100.92000000"",""0.00006000""],[""84102.09000000"",""0.00163000""],[""84102.78000000"",""0.00000000""],[""84105.18000000"",""0.00006000""],[""84106.45000000"",""0.00000000""],[""84106.93000000"",""0.10225000""],[""84109.32000000"",""0.00163000""],[""84109.44000000"",""0.00006000""],[""84114.87000000"",""0.00000000""],[""84115.39000000"",""0.00000000""],[""84116.29000000"",""0.00000000""],[""84121.10000000"",""1.17723000""],[""84147.18000000"",""0.00000000""],[""84164.63000000"",""0.55574000""],[""84167.64000000"",""1.51404000""],[""84168.36000000"",""1.80218000""],[""84169.63000000"",""3.56533000""],[""84187.32000000"",""0.00408000""],[""84190.26000000"",""0.03688000""]],""b"":[[""84056.74000000"",""9.01657000""],[""84056.73000000"",""3.51908000""],[""84056.72000000"",""3.56918000""],[""84055.53000000"",""0.00000000""],[""84055.52000000"",""0.54908000""],[""84055.40000000"",""0.00000000""],[""84055.39000000"",""0.00000000""],[""84055.38000000"",""2.79343000""],[""84055.30000000"",""0.00000000""],[""84055.29000000"",""0.00012000""],[""84054.72000000"",""0.32137000""],[""84054.20000000"",""0.00000000""],[""84054.07000000"",""0.00000000""],[""84054.06000000"",""0.43859000""],[""84054.05000000"",""0.45765000""],[""84052.54000000"",""0.02908000""],[""84052.04000000"",""0.00800000""],[""84052.03000000"",""0.00000000""],[""84051.51000000"",""0.00024000""],[""84050.74000000"",""0.32139000""],[""84050.15000000"",""0.00006000""],[""84049.82000000"",""0.00165000""],[""84049.62000000"",""0.02000000""],[""84048.86000000"",""0.23564000""],[""84048.31000000"",""0.00007000""],[""84048.03000000"",""0.00200000""],[""84047.92000000"",""0.00000000""],[""84046.84000000"",""0.04012000""],[""84046.45000000"",""2.14166000""],[""84046.44000000"",""0.00006000""],[""84046.23000000"",""0.00000000""],[""84046.09000000"",""0.00000000""],[""84045.64000000"",""0.00000000""],[""84045.61000000"",""1.78462000""],[""84045.46000000"",""0.00000000""],[""84045.43000000"",""0.00006000""],[""84045.24000000"",""0.00006000""],[""84045.10000000"",""0.00000000""],[""84044.74000000"",""0.08006000""],[""84044.15000000"",""0.32141000""],[""84043.40000000"",""0.00000000""],[""84042.85000000"",""0.35707000""],[""84042.50000000"",""0.00000000""],[""84042.12000000"",""2.14148000""],[""84042.05000000"",""0.00000000""],[""84041.75000000"",""0.24635000""],[""84039.73000000"",""0.00000000""],[""84039.41000000"",""0.00000000""],[""84037.59000000"",""0.07641000""],[""84036.82000000"",""0.10233000""],[""84033.37000000"",""0.03569000""],[""84032.15000000"",""0.00000000""],[""84029.80000000"",""0.00000000""],[""84029.10000000"",""0.80336000""],[""84028.26000000"",""0.00000000""],[""84027.66000000"",""0.59522000""],[""84025.73000000"",""0.70000000""],[""84020.91000000"",""0.03070000""],[""84020.68000000"",""0.00000000""],[""84017.33000000"",""0.00000000""],[""84015.93000000"",""0.29419000""],[""84015.72000000"",""0.00012000""],[""84013.00000000"",""0.01000000""],[""84012.54000000"",""0.00000000""],[""84012.00000000"",""0.34858000""],[""84009.12000000"",""0.00000000""],[""84008.39000000"",""0.00000000""],[""84003.48000000"",""0.00000000""],[""83997.93000000"",""0.00000000""],[""83995.84000000"",""0.08876000""],[""83994.05000000"",""1.17902000""],[""83993.43000000"",""1.78456000""],[""83984.47000000"",""0.00000000""],[""83978.43000000"",""0.02000000""],[""83960.40000000"",""0.00400000""],[""83938.44000000"",""0.00400000""],[""83938.14000000"",""0.00000000""],[""83938.06000000"",""0.13222000""],[""83931.12000000"",""0.00008000""],[""83927.47000000"",""0.00000000""],[""83914.85000000"",""0.00000000""],[""83910.30000000"",""1.78521000""],[""83892.40000000"",""0.00000000""],[""82866.29000000"",""0.00236000""],[""82793.24000000"",""0.00000000""],[""81000.00000000"",""152.58565000""],[""75648.65000000"",""0.00000000""],[""67245.00000000"",""0.00000000""]],""e"":""depthUpdate"",""s"":""BTCUSDT"",""u"":101123538906}"
1791339076,29197300,spot,trade,0,0,902,BTCUSDT,"{""E"":1791339075966,""M"":true,""T"":1791339075966,""e"":""trade"",""m"":false,""p"":""84056.75000000"",""q"":""0.00006000"",""s"":""BTCUSDT"",""t"":6741320422}"
1791339076,29285200,spot,trade,0,0,903,BTCUSDT,"{""E"":1791339075966,""M"":true,""T"":1791339075966,""e"":""trade"",""m"":false,""p"":""84056.75000000"",""q"":""0.00006000"",""s"":""BTCUSDT"",""t"":6741320423}"
1791339076,29318000,spot,trade,0,0,904,BTCUSDT,"{""E"":1791339075966,""M"":true,""T"":1791339075966,""e"":""trade"",""m"":false,""p"":""84056.75000000"",""q"":""0.00047000"",""s"":""BTCUSDT"",""t"":6741320424}"
1791339076,29344000,spot,trade,0,0,905,BTCUSDT,"{""E"":1791339075966,""M"":true,""T"":1791339075966,""e"":""trade"",""m"":false,""p"":""84056.75000000"",""q"":""0.00114000"",""s"":""BTCUSDT"",""t"":6741320425}"
1791339076,73743300,spot,depth5,0,0,906,BTCUSDT,"{""asks"":[[""84056.75000000"",""0.17092000""],[""84058.09000000"",""0.00014000""],[""84058.10000000"",""0.01676000""],[""84058.15000000"",""0.00006000""],[""84058.26000000"",""0.00008000""]],""bids"":[[""84056.74000000"",""9.15951000""],[""84056.73000000"",""3.81694000""],[""84056.72000000"",""3.56918000""],[""84055.52000000"",""0.59551000""],[""84055.38000000"",""2.79343000""]],""lastUpdateId"":101123539147}"
1791339076,74510600,spot,depth_diff,0,0,907,BTCUSDT,"{""E"":1791339076014,""U"":101123538907,""a"":[[""84056.75000000"",""0.17092000""],[""84058.09000000"",""0.00014000""],[""84058.10000000"",""0.01676000""],[""84058.14000000"",""0.00000000""],[""84058.26000000"",""0.00008000""],[""84059.22000000"",""0.00000000""],[""84059.30000000"",""0.00000000""],[""84059.43000000"",""0.00014000""],[""84059.44000000"",""0.02017000""],[""84059.73000000"",""0.00007000""],[""84060.78000000"",""0.00014000""],[""84060.79000000"",""0.02017000""],[""84062.21000000"",""0.00024000""],[""84063.64000000"",""0.00020000""],[""84063.65000000"",""0.18844000""],[""84065.14000000"",""0.00018000""],[""84065.15000000"",""0.00000000""],[""84065.16000000"",""0.33750000""],[""84067.08000000"",""0.00007000""],[""84067.09000000"",""0.04693000""],[""84067.10000000"",""0.15698000""],[""84067.66000000"",""0.00000000""],[""84067.67000000"",""0.00000000""],[""84067.68000000"",""0.00000000""],[""84070.28000000"",""0.00000000""],[""84070.29000000"",""0.11375000""],[""84070.30000000"",""0.16049000""],[""84071.10000000"",""0.00018000""],[""84071.50000000"",""0.00000000""],[""84073.46000000"",""0.00200000""],[""84073.99000000"",""0.00000000""],[""84075.22000000"",""0.00900000""],[""84075.36000000"",""0.00012000""],[""84075.68000000"",""0.12501000""],[""84077.45000000"",""0.03569000""],[""84079.62000000"",""0.00012000""],[""84080.90000000"",""0.16759000""],[""84081.12000000"",""0.00000000""],[""84081.13000000"",""0.56863000""],[""84081.14000000"",""1.58676000""],[""84083.88000000"",""0.00012000""],[""84084.29000000"",""0.00000000""],[""84084.60000000"",""0.00000000""],[""84087.55000000"",""0.03800000""],[""84088.34000000"",""0.00000000""],[""84091.78000000"",""0.00000000""],[""84098.27000000"",""0.29747000""],[""84101.06000000"",""0.04200000""],[""84109.44000000"",""0.00000000""],[""84143.62000000"",""0.94552000""],[""84145.83000000"",""3.09992000""],[""84168.94000000"",""0.00000000""],[""84190.26000000"",""0.00000000""],[""84192.62000000"",""0.03687000""]],""b"":[[""84056.74000000"",""9.15951000""],[""84056.73000000"",""3.81694000""],[""84055.52000000"",""0.59551000""],[""84054.06000000"",""0.43847000""],[""84054.05000000"",""0.45758000""],[""84050.91000000"",""0.00421000""],[""84050.73000000"",""0.00000000""],[""84049.56000000"",""0.00703000""],[""84048.32000000"",""0.29747000""],[""84048.22000000"",""0.00843000""],[""84048.03000000"",""0.00000000""],[""84046.87000000"",""0.00843000""],[""84046.45000000"",""2.14160000""],[""84045.61000000"",""1.78456000""],[""84045.46000000"",""0.07134000""],[""84044.73000000"",""0.00000000""],[""84044.15000000"",""0.32141000""],[""84039.77000000"",""0.00593000""],[""84036.76000000"",""0.00661000""],[""84035.73000000"",""0.70000000""],[""84034.22000000"",""0.00000000""],[""84033.20000000"",""0.00021000""],[""84032.70000000"",""0.32140000""],[""84029.37000000"",""0.03277000""],[""84029.10000000"",""1.18155000""],[""84027.73000000"",""0.00000000""],[""84027.47000000"",""0.10234000""],[""84026.38000000"",""0.02300000""],[""84024.59000000"",""1.29456000""],[""84022.48000000"",""0.00008000""],[""84020.35000000"",""0.00000000""],[""84018.91000000"",""0.00042000""],[""84016.72000000"",""0.00000000""],[""84015.93000000"",""0.00000000""],[""84014.00000000"",""0.01000000""],[""84013.00000000"",""0.00000000""],[""84006.31000000"",""0.00063000""],[""84002.13000000"",""0.00000000""],[""83988.44000000"",""0.02000000""],[""83988.11000000"",""0.02000000""],[""83979.13000000"",""3.10607000""],[""83940.41000000"",""0.13222000""],[""83938.06000000"",""0.00000000""],[""82795.89000000"",""0.00008000""],[""75651.07000000"",""0.00015000""],[""67273.36000000"",""0.00029000""],[""67245.40000000"",""0.00116000""]],""e"":""depthUpdate"",""s"":""BTCUSDT"",""u"":101123539147}"
1791339076,83766000,spot,trade,0,0,908,BTCUSDT,"{""E"":1791339076023,""M"":true,""T"":1791339076023,""e"":""trade"",""m"":false,""p"":""84056.75000000"",""q"":""0.00020000"",""s"":""BTCUSDT"",""t"":6741320426}"
1791339076,131267000,spot,trade,0,0,909,BTCUSDT,"{""E"":1791339076071,""M"":true,""T"":1791339076071,""e"":""trade"",""m"":false,""p"":""84056.75000000"",""q"":""0.00023000"",""s"":""BTCUSDT"",""t"":6741320427}"
