tsec,tnsec,seqNo,id,type,side,bid0,bid1,bid2,bid3,bid4,bid_size0,bid_size1,bid_size2,bid_size3,bid_size4,ask0,ask1,ask2,ask3,ask4,ask_size0,ask_size1,ask_size2,ask_size3,ask_size4
1791427168,893542790,1,1747767917,S,N,8324000000000,8323999000000,8323998000000,8323975000000,8323960000000,1024349000,13000,13000,8000,200000,8324001000000,8324002000000,8324003000000,8324040000000,8324041000000,106780000,41000,13000,7000,105000
1791427168,896130490,2,1617942128,S,N,258274000000,258273000000,258272000000,258271000000,258270000000,14809730000,1765980000,390000,640000,50400000,258275000000,258276000000,258283000000,258284000000,258285000000,1220000,600000,200000,200000,1500000
1791427168,904195363,3,1747767917,D,N,8324000000000,8323999000000,8323998000000,8323975000000,8323960000000,1033800000,13000,13000,8000,200000,8324001000000,8324002000000,8324003000000,8324040000000,8324041000000,106786000,34000,13000,7000,105000
1791427168,905888706,4,1617942128,D,N,258292000000,258291000000,258290000000,258288000000,258287000000,14212430000,54590000,390000,50200000,62270000,258293000000,258294000000,258295000000,258296000000,258297000000,566150000,200000,210000,12070000,780000
1791427168,907872466,5,1617942128,S,N,258292000000,258291000000,258290000000,258288000000,258287000000,14212430000,54590000,390000,50200000,62270000,258293000000,258294000000,258295000000,258296000000,258297000000,566150000,200000,210000,12070000,780000
1791427168,909079661,6,1747767917,D,N,8324000000000,8323999000000,8323998000000,8323975000000,8323867000000,1051686000,13000,13000,8000,14000,8324001000000,8324002000000,8324003000000,8324040000000,8324041000000,70964000,41000,13000,7000,105000
1791427168,909883250,7,1617942128,D,N,258292000000,258291000000,258290000000,258289000000,258288000000,14223630000,54790000,24030000,45390000,50200000,258293000000,258294000000,258295000000,258296000000,258297000000,312690000,600000,210000,12070000,780000
1791427168,910681160,8,1617942128,S,N,258292000000,258291000000,258290000000,258289000000,258288000000,14223630000,54790000,24030000,45390000,50200000,258293000000,258294000000,258295000000,258296000000,258297000000,312690000,600000,210000,12070000,780000
1791427168,911996159,9,1747767917,D,N,8324000000000,8323999000000,8323998000000,8323975000000,8323917000000,1051693000,13000,13000,8000,7000,8324001000000,8324002000000,8324003000000,8324040000000,8324041000000,71458000,48000,13000,7000,105000
1791427168,912773115,10,1617942128,D,N,258292000000,258291000000,258290000000,258289000000,258288000000,14223430000,54790000,24230000,45390000,50200000,258293000000,258294000000,258295000000,258296000000,258297000000,312690000,600000,210000,12070000,780000
1791427168,913444421,11,1617942128,S,N,258292000000,258291000000,258290000000,258289000000,258288000000,14223430000,54790000,24230000,45390000,50200000,258293000000,258294000000,258295000000,258296000000,258297000000,312690000,600000,210000,12070000,780000
1791427168,988941644,12,1747767917,D,N,8324000000000,8323999000000,8323998000000,8323975000000,8323917000000,1051686000,13000,13000,8000,7000,8324001000000,8324002000000,8324003000000,8324040000000,8324041000000,71741000,48000,13000,7000,105000
1791427168,990177039,13,1617942128,D,N,258292000000,258291000000,258290000000,258289000000,258288000000,14223430000,54790000,24230000,45390000,50200000,258293000000,258294000000,258295000000,258296000000,258297000000,550310000,400000,210000,12070000,780000
1791427168,991070906,14,1617942128,S,N,258292000000,258291000000,258290000000,258289000000,258288000000,14223430000,54790000,24230000,45390000,50200000,258293000000,258294000000,258295000000,258296000000,258297000000,550310000,400000,210000,12070000,780000
1791427169,98916822,15,1747767917,D,N,8324000000000,8323999000000,8323998000000,8323975000000,8323917000000,1051937000,13000,13000,8000,7000,8324001000000,8324002000000,8324003000000,8324040000000,8324041000000,71768000,48000,13000,7000,105000
1791427169,100023850,16,1617942128,D,N,258292000000,258291000000,258290000000,258289000000,258288000000,14223430000,54790000,24230000,45390000,50400000,258293000000,258294000000,258295000000,258296000000,258297000000,312490000,400000,210000,12070000,780000
1791427169,101083193,17,1617942128,S,N,258292000000,258291000000,258290000000,258289000000,258288000000,14223430000,54790000,24230000,45390000,50400000,258293000000,258294000000,258295000000,258296000000,258297000000,312490000,400000,210000,12070000,780000
1791427169,188615820,18,1747767917,D,N,8324000000000,8323999000000,8323998000000,8323975000000,8323917000000,1051944000,13000,13000,8000,7000,8324001000000,8324002000000,8324003000000,8324040000000,8324041000000,71620000,48000,13000,7000,105000
1791427169,192031820,19,1617942128,D,N,258292000000,258291000000,258290000000,258289000000,258288000000,14223430000,54790000,24230000,45390000,50400000,258293000000,258294000000,258295000000,258296000000,258297000000,312490000,400000,210000,12070000,780000
1791427169,194427320,20,1617942128,S,N,258292000000,258291000000,258290000000,258289000000,258288000000,14223430000,54790000,24230000,45390000,50400000,258293000000,258294000000,258295000000,258296000000,258297000000,312490000,400000,210000,12070000,780000
1791427169,287398520,21,1747767917,D,N,8324000000000,8323999000000,8323998000000,8323975000000,8323917000000,1051944000,13000,13000,8000,7000,8324001000000,8324002000000,8324003000000,8324040000000,8324041000000,71627000,48000,13000,7000,105000
1791427169,290004520,22,1617942128,D,N,258292000000,258291000000,258290000000,258289000000,258288000000,14223430000,54790000,24230000,45390000,50400000,258293000000,258294000000,258295000000,258296000000,258297000000,312490000,400000,210000,12070000,780000
1791427169,292472320,23,1617942128,S,N,258292000000,258291000000,258290000000,258289000000,258288000000,14223430000,54790000,24230000,45390000,50400000,258293000000,258294000000,258295000000,258296000000,258297000000,312490000,400000,210000,12070000,780000
1791427169,390341620,24,1617942128,D,N,258292000000,258291000000,258290000000,258289000000,258288000000,14223430000,54790000,24230000,45390000,50400000,258293000000,258294000000,258295000000,258296000000,258297000000,870730000,400000,210000,12070000,780000
1791427169,392784820,25,1747767917,D,N,8324000000000,8323999000000,8323998000000,8323975000000,8323917000000,1031902000,13000,13000,8000,7000,8324001000000,8324002000000,8324003000000,8324040000000,8324041000000,159354000,48000,13000,7000,105000
1791427169,395613620,26,1617942128,S,N,258292000000,258291000000,258290000000,258289000000,258288000000,14223430000,54790000,24230000,45390000,50400000,258293000000,258294000000,258295000000,258296000000,258297000000,870730000,400000,210000,12070000,780000
1791427169,489773275,27,1747767917,D,N,8324000000000,8323999000000,8323998000000,8323975000000,8323917000000,1031909000,13000,13000,8000,7000,8324001000000,8324002000000,8324003000000,8324040000000,8324041000000,159367000,48000,13000,7000,105000
1791427169,492667283,28,1617942128,D,N,258292000000,258291000000,258290000000,258289000000,258288000000,14223430000,54790000,24230000,45390000,50400000,258293000000,258294000000,258295000000,258296000000,258297000000,487880000,200000,210000,12070000,780000
1791427169,494995042,29,1617942128,S,N,258292000000,258291000000,258290000000,258289000000,258288000000,14223430000,54790000,24230000,45390000,50400000,258293000000,258294000000,258295000000,258296000000,258297000000,487880000,200000,210000,12070000,780000
1791427169,583041675,30,1747767917,D,N,8324000000000,8323999000000,8323998000000,8323975000000,8323917000000,1031308000,13000,13000,8000,7000,8324001000000,8324002000000,8324003000000,8324040000000,8324041000000,159367000,48000,13000,7000,105000
1791427169,588206424,31,1617942128,D,N,258292000000,258291000000,258290000000,258289000000,258288000000,14223430000,54790000,24230000,45390000,50400000,258293000000,258294000000,258295000000,258296000000,258297000000,487880000,200000,210000,12070000,780000
1791427169,591617712,32,1617942128,S,N,258292000000,258291000000,258290000000,258289000000,258288000000,14223430000,54790000,24230000,45390000,50400000,258293000000,258294000000,258295000000,258296000000,258297000000,487880000,200000,210000,12070000,780000
1791427169,677606628,33,1747767917,D,N,8324000000000,8323999000000,8323998000000,8323975000000,8323917000000,1031308000,13000,13000,8000,7000,8324001000000,8324002000000,8324003000000,8324040000000,8324041000000,159360000,48000,13000,7000,105000
1791427169,679875550,34,1617942128,D,N,258292000000,258291000000,258290000000,258289000000,258288000000,14223430000,54790000,24230000,45390000,50400000,258293000000,258294000000,258295000000,258296000000,258297000000,487880000,200000,210000,12070000,780000
1791427169,682123005,35,1617942128,S,N,258292000000,258291000000,258290000000,258289000000,258288000000,14223430000,54790000,24230000,45390000,50400000,258293000000,258294000000,258295000000,258296000000,258297000000,487880000,200000,210000,12070000,780000
1791427169,803103347,36,1747767917,D,N,8324000000000,8323999000000,8323998000000,8323975000000,8323917000000,1031308000,13000,13000,8000,7000,8324001000000,8324002000000,8324003000000,8324040000000,8324041000000,159367000,48000,13000,7000,105000
1791427169,805529522,37,1617942128,D,N,258292000000,258291000000,258290000000,258289000000,258288000000,14223430000,54790000,24230000,45390000,50400000,258293000000,258294000000,258295000000,258296000000,258297000000,487880000,200000,210000,12070000,780000
1791427169,807624132,38,1617942128,S,N,258292000000,258291000000,258290000000,258289000000,258288000000,14223430000,54790000,24230000,45390000,50400000,258293000000,258294000000,258295000000,258296000000,258297000000,487880000,200000,210000,12070000,780000
1791427169,869884104,39,1747767917,D,N,8324000000000,8323999000000,8323998000000,8323975000000,8323917000000,1031198000,13000,13000,8000,7000,8324001000000,8324002000000,8324003000000,8324040000000,8324041000000,197328000,48000,13000,7000,105000
1791427169,872366242,40,1617942128,D,N,258292000000,258291000000,258290000000,258289000000,258288000000,14033620000,54790000,24230000,45390000,50400000,258293000000,258294000000,258295000000,258296000000,258297000000,976480000,200000,210000,12070000,780000
1791427169,874326885,41,1617942128,S,N,258292000000,258291000000,258290000000,258289000000,258288000000,14033620000,54790000,24230000,45390000,50400000,258293000000,258294000000,258295000000,258296000000,258297000000,976480000,200000,210000,12070000,780000
1791427169,964254526,42,1747767917,S,N,8324000000000,8323999000000,8323998000000,8323975000000,8323917000000,1031198000,13000,13000,8000,7000,8324001000000,8324002000000,8324003000000,8324040000000,8324041000000,197328000,48000,13000,7000,105000
1791427169,967613588,43,1747767917,D,N,8324000000000,8323999000000,8323998000000,8323975000000,8323917000000,1031198000,13000,13000,8000,7000,8324001000000,8324002000000,8324003000000,8324040000000,8324041000000,197328000,48000,13000,7000,105000
1791427169,969298724,44,1617942128,D,N,258292000000,258291000000,258290000000,258289000000,258288000000,14079500000,54790000,24230000,45390000,50400000,258293000000,258294000000,258295000000,258296000000,258297000000,272540000,400000,210000,12070000,780000
1791427169,970750807,45,1617942128,S,N,258292000000,258291000000,258290000000,258289000000,258288000000,14079500000,54790000,24230000,45390000,50400000,258293000000,258294000000,258295000000,258296000000,258297000000,272540000,400000,210000,12070000,780000
1791427170,61770313,46,1747767917,D,N,8324000000000,8323999000000,8323998000000,8323975000000,8323917000000,1031198000,13000,13000,8000,7000,8324001000000,8324002000000,8324003000000,8324040000000,8324041000000,196008000,48000,13000,7000,105000
1791427170,63992566,47,1617942128,D,N,258292000000,258291000000,258290000000,258289000000,258288000000,12876960000,55000000,24440000,45600000,50610000,258293000000,258294000000,258295000000,258296000000,258297000000,2403280000,400000,210000,12070000,780000
1791427170,66472309,48,1617942128,S,N,258292000000,258291000000,258290000000,258289000000,258288000000,12876960000,55000000,24440000,45600000,50610000,258293000000,258294000000,258295000000,258296000000,258297000000,2403280000,400000,210000,12070000,780000
1791427170,170965912,49,1747767917,D,N,8324000000000,8323999000000,8323998000000,8323975000000,8323917000000,952637000,13000,13000,8000,7000,8324001000000,8324002000000,8324003000000,8324040000000,8324041000000,304516000,41000,13000,7000,105000
1791427170,173690975,50,1617942128,D,N,258292000000,258291000000,258290000000,258289000000,258288000000,12876960000,55000000,24440000,45600000,50610000,258293000000,258294000000,258295000000,258296000000,258297000000,2814410000,400000,210000,12070000,780000
1791427170,176150211,51,1617942128,S,N,258292000000,258291000000,258290000000,258289000000,258288000000,12876960000,55000000,24440000,45600000,50610000,258293000000,258294000000,258295000000,258296000000,258297000000,2814410000,400000,210000,12070000,780000
1791427170,256413496,52,1747767917,D,N,8324000000000,8323999000000,8323998000000,8323975000000,8323917000000,865986000,13000,13000,8000,7000,8324001000000,8324002000000,8324003000000,8324040000000,8324041000000,304516000,41000,13000,7000,105000
1791427170,259464566,53,1617942128,D,N,258292000000,258291000000,258290000000,258289000000,258288000000,12876960000,55000000,24230000,210000,50400000,258293000000,258294000000,258295000000,258296000000,258297000000,2814800000,790000,600000,12070000,780000
1791427170,262730195,54,1617942128,S,N,258292000000,258291000000,258290000000,258289000000,258288000000,12876960000,55000000,24230000,210000,50400000,258293000000,258294000000,258295000000,258296000000,258297000000,2814800000,790000,600000,12070000,780000
1791427170,347455044,55,1747767917,D,N,8324000000000,8323999000000,8323998000000,8323975000000,8323917000000,866107000,13000,13000,8000,7000,8324001000000,8324002000000,8324003000000,8324040000000,8324041000000,304523000,41000,13000,7000,105000
1791427170,349909296,56,1617942128,D,N,258292000000,258291000000,258290000000,258289000000,258288000000,12875760000,55000000,24230000,210000,50400000,258293000000,258294000000,258295000000,258296000000,258297000000,2814800000,790000,600000,12070000,780000
1791427170,350754596,57,1617942128,S,N,258292000000,258291000000,258290000000,258289000000,258288000000,12875760000,55000000,24230000,210000,50400000,258293000000,258294000000,258295000000,258296000000,258297000000,2814800000,790000,600000,12070000,780000
1791427170,496174544,58,1747767917,D,N,8324000000000,8323999000000,8323998000000,8323975000000,8323917000000,866107000,13000,13000,8000,7000,8324001000000,8324002000000,8324003000000,8324040000000,8324041000000,308114000,41000,13000,7000,105000
1791427170,497897916,59,1617942128,D,N,258292000000,258291000000,258290000000,258289000000,258288000000,12875760000,55000000,24230000,210000,50400000,258293000000,258294000000,258295000000,258296000000,258297000000,2814800000,790000,600000,12070000,780000
1791427170,499653007,60,1617942128,S,N,258292000000,258291000000,258290000000,258289000000,258288000000,12875760000,55000000,24230000,210000,50400000,258293000000,258294000000,258295000000,258296000000,258297000000,2814800000,790000,600000,12070000,780000
1791427170,540474899,61,1747767917,D,N,8324000000000,8323999000000,8323998000000,8323975000000,8323917000000,649942000,13000,13000,8000,7000,8324001000000,8324002000000,8324003000000,8324040000000,8324041000000,308127000,41000,13000,7000,105000
1791427170,542098706,62,1617942128,D,N,258292000000,258291000000,258290000000,258289000000,258288000000,12875760000,55000000,24230000,210000,50400000,258293000000,258294000000,258295000000,258296000000,258297000000,2814800000,790000,600000,12070000,780000
1791427170,543606273,63,1617942128,S,N,258292000000,258291000000,258290000000,258289000000,258288000000,12875760000,55000000,24230000,210000,50400000,258293000000,258294000000,258295000000,258296000000,258297000000,2814800000,790000,600000,12070000,780000
1791427170,637469477,64,1747767917,D,N,8324000000000,8323999000000,8323998000000,8323975000000,8323917000000,649942000,13000,13000,8000,7000,8324001000000,8324002000000,8324003000000,8324040000000,8324041000000,308120000,41000,13000,7000,105000
1791427170,639260312,65,1617942128,D,N,258292000000,258291000000,258290000000,258289000000,258288000000,12875760000,55000000,24230000,210000,50400000,258293000000,258294000000,258295000000,258296000000,258297000000,2814800000,790000,600000,12070000,780000
1791427170,640782349,66,1617942128,S,N,258292000000,258291000000,258290000000,258289000000,258288000000,12875760000,55000000,24230000,210000,50400000,258293000000,258294000000,258295000000,258296000000,258297000000,2814800000,790000,600000,12070000,780000
1791427170,745527405,67,1747767917,D,N,8324000000000,8323999000000,8323998000000,8323975000000,8323917000000,592964000,13000,13000,8000,7000,8324001000000,8324002000000,8324003000000,8324040000000,8324041000000,308127000,41000,13000,7000,105000
1791427170,747112977,68,1617942128,D,N,258292000000,258291000000,258290000000,258289000000,258288000000,12875760000,55000000,24230000,210000,50400000,258293000000,258294000000,258295000000,258296000000,258297000000,2814800000,790000,600000,12070000,780000
1791427170,748676507,69,1617942128,S,N,258292000000,258291000000,258290000000,258289000000,258288000000,12875760000,55000000,24230000,210000,50400000,258293000000,258294000000,258295000000,258296000000,258297000000,2814800000,790000,600000,12070000,780000
1791427170,871164129,70,1747767917,D,N,8324000000000,8323999000000,8323998000000,8323975000000,8323917000000,592964000,13000,13000,8000,7000,8324001000000,8324002000000,8324003000000,8324040000000,8324041000000,308113000,41000,13000,7000,105000
1791427170,872932828,71,1617942128,D,N,258292000000,258291000000,258290000000,258289000000,258288000000,12875760000,55000000,24230000,210000,50400000,258293000000,258294000000,258295000000,258296000000,258297000000,2814800000,790000,600000,12070000,780000
1791427170,874511116,72,1617942128,S,N,258292000000,258291000000,258290000000,258289000000,258288000000,12875760000,55000000,24230000,210000,50400000,258293000000,258294000000,258295000000,258296000000,258297000000,2814800000,790000,600000,12070000,780000
1791427170,925693459,73,1747767917,D,N,8324000000000,8323999000000,8323998000000,8323975000000,8323917000000,649935000,13000,13000,8000,7000,8324001000000,8324002000000,8324003000000,8324040000000,8324041000000,309436000,41000,13000,7000,105000
1791427170,927411752,74,1617942128,D,N,258292000000,258291000000,258290000000,258289000000,258288000000,12875760000,55000000,24230000,210000,50400000,258293000000,258294000000,258295000000,258296000000,258297000000,2814800000,790000,600000,12070000,780000
1791427170,928898333,75,1617942128,S,N,258292000000,258291000000,258290000000,258289000000,258288000000,12875760000,55000000,24230000,210000,50400000,258293000000,258294000000,258295000000,258296000000,258297000000,2814800000,790000,600000,12070000,780000
1791427171,21462972,76,1747767917,D,N,8324000000000,8323999000000,8323998000000,8323975000000,8323917000000,649935000,13000,13000,8000,7000,8324001000000,8324002000000,8324003000000,8324040000000,8324041000000,309450000,41000,13000,7000,105000
1791427171,23009541,77,1617942128,D,N,258292000000,258291000000,258290000000,258289000000,258288000000,12875760000,55000000,24230000,210000,50400000,258293000000,258294000000,258295000000,258296000000,258297000000,2814800000,790000,600000,12070000,780000
1791427171,24767027,78,1617942128,S,N,258292000000,258291000000,258290000000,258289000000,258288000000,12875760000,55000000,24230000,210000,50400000,258293000000,258294000000,258295000000,258296000000,258297000000,2814800000,790000,600000,12070000,780000
1791427171,167923900,79,1747767917,D,N,8324000000000,8323999000000,8323998000000,8323975000000,8323917000000,649942000,13000,13000,8000,7000,8324001000000,8324002000000,8324003000000,8324040000000,8324041000000,325818000,41000,13000,7000,105000
1791427171,172593506,80,1617942128,D,N,258292000000,258291000000,258290000000,258289000000,258288000000,12875760000,55000000,24230000,210000,50400000,258293000000,258294000000,258295000000,258296000000,258297000000,2814800000,790000,600000,12070000,780000
1791427171,175282058,81,1617942128,S,N,258292000000,258291000000,258290000000,258289000000,258288000000,12875760000,55000000,24230000,210000,50400000,258293000000,258294000000,258295000000,258296000000,258297000000,2814800000,790000,600000,12070000,780000
1791427171,209122972,82,1747767917,S,N,8324000000000,8323999000000,8323998000000,8323975000000,8323917000000,649942000,13000,13000,8000,7000,8324001000000,8324002000000,8324003000000,8324040000000,8324041000000,325818000,41000,13000,7000,105000
1791427171,210102431,83,1747767917,D,N,8324000000000,8323999000000,8323998000000,8323975000000,8323917000000,649942000,13000,13000,8000,7000,8324001000000,8324002000000,8324003000000,8324040000000,8324041000000,325818000,41000,13000,7000,105000
1791427171,210876721,84,1617942128,D,N,258292000000,258291000000,258290000000,258289000000,258288000000,12875760000,55000000,24230000,210000,50400000,258293000000,258294000000,258295000000,258296000000,258297000000,2814800000,790000,600000,12070000,780000
1791427171,212427986,85,1617942128,S,N,258292000000,258291000000,258290000000,258289000000,258288000000,12875760000,55000000,24230000,210000,50400000,258293000000,258294000000,258295000000,258296000000,258297000000,2814800000,790000,600000,12070000,780000
1791427171,365237045,86,1747767917,D,N,8324000000000,8323999000000,8323998000000,8323975000000,8323917000000,649935000,13000,13000,8000,7000,8324001000000,8324002000000,8324003000000,8324040000000,8324041000000,325273000,41000,13000,7000,105000
1791427171,365929498,87,1617942128,D,N,258292000000,258291000000,258290000000,258289000000,258288000000,12875760000,55000000,24230000,210000,50400000,258293000000,258294000000,258295000000,258296000000,258297000000,2814800000,790000,600000,12070000,780000
1791427171,366513474,88,1617942128,S,N,258292000000,258291000000,258290000000,258289000000,258288000000,12875760000,55000000,24230000,210000,50400000,258293000000,258294000000,258295000000,258296000000,258297000000,2814800000,790000,600000,12070000,780000
1791427171,401233898,89,1747767917,D,N,8324000000000,8323999000000,8323998000000,8323975000000,8323917000000,302155000,62000,13000,8000,7000,8324001000000,8324002000000,8324003000000,8324040000000,8324041000000,401505000,41000,13000,7000,105000
1791427171,401971487,90,1617942128,D,N,258292000000,258291000000,258290000000,258288000000,258287000000,9267880000,5600000,24230000,400000,600000,258293000000,258294000000,258295000000,258296000000,258297000000,3400800000,911830000,390000,12070000,780000
1791427171,402647458,91,1617942128,S,N,258292000000,258291000000,258290000000,258288000000,258287000000,9267880000,5600000,24230000,400000,600000,258293000000,258294000000,258295000000,258296000000,258297000000,3400800000,911830000,390000,12070000,780000
1791427171,569190307,92,1747767917,D,N,8324000000000,8323999000000,8323998000000,8323975000000,8323917000000,282404000,62000,13000,8000,7000,8324001000000,8324002000000,8324003000000,8324040000000,8324041000000,419568000,48000,13000,7000,105000
1791427171,570207139,93,1617942128,D,N,258292000000,258291000000,258290000000,258288000000,258287000000,9265480000,5400000,24030000,400000,600000,258293000000,258294000000,258295000000,258296000000,258297000000,3401760000,911830000,390000,12070000,780000
1791427171,571315199,94,1617942128,S,N,258292000000,258291000000,258290000000,258288000000,258287000000,9265480000,5400000,24030000,400000,600000,258293000000,258294000000,258295000000,258296000000,258297000000,3401760000,911830000,390000,12070000,780000
1791427171,628291690,95,1747767917,D,N,8324000000000,8323999000000,8323998000000,8323975000000,8323917000000,282219000,62000,13000,8000,7000,8324001000000,8324002000000,8324003000000,8324040000000,8324041000000,419873000,48000,13000,7000,105000
1791427171,629365635,96,1617942128,D,N,258292000000,258291000000,258290000000,258288000000,258287000000,9264530000,5400000,24030000,400000,600000,258293000000,258294000000,258295000000,258296000000,258297000000,3401760000,911830000,390000,12070000,780000
1791427171,630456350,97,1617942128,S,N,258292000000,258291000000,258290000000,258288000000,258287000000,9264530000,5400000,24030000,400000,600000,258293000000,258294000000,258295000000,258296000000,258297000000,3401760000,911830000,390000,12070000,780000
1791427171,700145872,98,1747767917,D,N,8324000000000,8323999000000,8323998000000,8323975000000,8323917000000,283618000,62000,13000,8000,7000,8324001000000,8324002000000,8324003000000,8324040000000,8324041000000,419873000,48000,13000,7000,105000
1791427171,701442330,99,1617942128,D,N,258292000000,258291000000,258290000000,258288000000,258287000000,9270630000,5400000,24030000,400000,600000,258293000000,258294000000,258295000000,258296000000,258297000000,3440480000,911830000,390000,12070000,780000
1791427171,702479764,100,1617942128,S,N,258292000000,258291000000,258290000000,258288000000,258287000000,9270630000,5400000,24030000,400000,600000,258293000000,258294000000,258295000000,258296000000,258297000000,3440480000,911830000,390000,12070000,780000
1791427171,852882293,101,1747767917,D,N,8324000000000,8323999000000,8323998000000,8323975000000,8323917000000,283807000,62000,13000,8000,7000,8324001000000,8324002000000,8324003000000,8324040000000,8324041000000,419873000,48000,13000,7000,105000
1791427171,853914553,102,1617942128,D,N,258292000000,258291000000,258290000000,258288000000,258287000000,9270630000,5400000,24030000,400000,600000,258293000000,258294000000,258295000000,258296000000,258297000000,3440480000,911830000,390000,12070000,780000
1791427171,855100904,103,1617942128,S,N,258292000000,258291000000,258290000000,258288000000,258287000000,9270630000,5400000,24030000,400000,600000,258293000000,258294000000,258295000000,258296000000,258297000000,3440480000,911830000,390000,12070000,780000
1791427171,930245917,104,1747767917,D,N,8324000000000,8323999000000,8323998000000,8323975000000,8323917000000,283611000,62000,13000,8000,7000,8324001000000,8324002000000,8324003000000,8324040000000,8324041000000,419880000,55000,13000,7000,105000
1791427171,931214643,105,1617942128,D,N,258292000000,258291000000,258290000000,258288000000,258287000000,9270630000,5400000,24030000,400000,600000,258293000000,258294000000,258295000000,258296000000,258297000000,3440480000,911830000,390000,12070000,780000
1791427171,932147817,106,1617942128,S,N,258292000000,258291000000,258290000000,258288000000,258287000000,9270630000,5400000,24030000,400000,600000,258293000000,258294000000,258295000000,258296000000,258297000000,3440480000,911830000,390000,12070000,780000
1791427172,12865423,107,1747767917,D,N,8324000000000,8323999000000,8323998000000,8323975000000,8323917000000,283800000,62000,13000,8000,7000,8324001000000,8324002000000,8324003000000,8324040000000,8324041000000,419873000,48000,13000,7000,105000
1791427172,14293357,108,1617942128,D,N,258292000000,258291000000,258290000000,258288000000,258287000000,9270630000,5400000,24030000,400000,600000,258293000000,258294000000,258295000000,258296000000,258297000000,3440480000,911830000,390000,12070000,780000
1791427172,15292461,109,1617942128,S,N,258292000000,258291000000,258290000000,258288000000,258287000000,9270630000,5400000,24030000,400000,600000,258293000000,258294000000,258295000000,258296000000,258297000000,3440480000,911830000,390000,12070000,780000
1791427172,92098749,110,1747767917,D,N,8324000000000,8323999000000,8323998000000,8323975000000,8323917000000,283611000,62000,13000,8000,7000,8324001000000,8324002000000,8324003000000,8324040000000,8324041000000,419866000,48000,13000,7000,105000
1791427172,93593188,111,1617942128,D,N,258292000000,258291000000,258290000000,258289000000,258288000000,9271590000,5400000,24030000,210000,21150000,258293000000,258294000000,258295000000,258296000000,258297000000,3440480000,911830000,390000,12070000,780000
1791427172,94757403,112,1617942128,S,N,258292000000,258291000000,258290000000,258289000000,258288000000,9271590000,5400000,24030000,210000,21150000,258293000000,258294000000,258295000000,258296000000,258297000000,3440480000,911830000,390000,12070000,780000
1791427172,168429251,113,1747767917,D,N,8324000000000,8323999000000,8323998000000,8323975000000,8323917000000,283800000,62000,13000,8000,7000,8324001000000,8324002000000,8324003000000,8324040000000,8324041000000,419866000,48000,13000,7000,105000
1791427172,169441387,114,1617942128,D,N,258292000000,258291000000,258290000000,258289000000,258288000000,9271590000,5400000,24030000,210000,21150000,258293000000,258294000000,258295000000,258296000000,258297000000,3440480000,911830000,390000,12070000,780000
1791427172,170389127,115,1617942128,S,N,258292000000,258291000000,258290000000,258289000000,258288000000,9271590000,5400000,24030000,210000,21150000,258293000000,258294000000,258295000000,258296000000,258297000000,3440480000,911830000,390000,12070000,780000
1791427172,264335319,116,1747767917,S,N,8324000000000,8323999000000,8323998000000,8323975000000,8323917000000,283800000,62000,13000,8000,7000,8324001000000,8324002000000,8324003000000,8324040000000,8324041000000,419866000,48000,13000,7000,105000
1791427172,265464748,117,1747767917,D,N,8324000000000,8323999000000,8323998000000,8323975000000,8323917000000,283800000,62000,13000,8000,7000,8324001000000,8324002000000,8324003000000,8324040000000,8324041000000,419866000,48000,13000,7000,105000
1791427172,266455994,118,1617942128,D,N,258292000000,258291000000,258290000000,258289000000,258288000000,9271590000,5400000,24030000,210000,21150000,258293000000,258294000000,258295000000,258296000000,258297000000,3440480000,911830000,390000,12070000,780000
1791427172,267309343,119,1617942128,S,N,258292000000,258291000000,258290000000,258289000000,258288000000,9271590000,5400000,24030000,210000,21150000,258293000000,258294000000,258295000000,258296000000,258297000000,3440480000,911830000,390000,12070000,780000
1791427172,359700341,120,1747767917,S,N,8324000000000,8323999000000,8323998000000,8323975000000,8323917000000,283800000,62000,13000,8000,7000,8324001000000,8324002000000,8324003000000,8324040000000,8324041000000,419866000,48000,13000,7000,105000
1791427172,360966804,121,1747767917,D,N,8324000000000,8323999000000,8323998000000,8323975000000,8323917000000,283800000,62000,13000,8000,7000,8324001000000,8324002000000,8324003000000,8324040000000,8324041000000,419866000,48000,13000,7000,105000
1791427172,362008264,122,1617942128,D,N,258292000000,258291000000,258290000000,258289000000,258288000000,9271590000,5400000,24030000,210000,21150000,258293000000,258294000000,258295000000,258296000000,258297000000,3440480000,911830000,390000,12070000,780000
1791427172,362899177,123,1617942128,S,N,258292000000,258291000000,258290000000,258289000000,258288000000,9271590000,5400000,24030000,210000,21150000,258293000000,258294000000,258295000000,258296000000,258297000000,3440480000,911830000,390000,12070000,780000
1791427172,455989720,124,1747767917,D,N,8324000000000,8323999000000,8323998000000,8323975000000,8323917000000,282014000,62000,13000,8000,7000,8324001000000,8324002000000,8324003000000,8324040000000,8324041000000,419866000,48000,13000,7000,105000
1791427172,456747433,125,1617942128,D,N,258292000000,258291000000,258290000000,258289000000,258288000000,9271590000,5400000,24030000,210000,21150000,258293000000,258294000000,258295000000,258296000000,258297000000,3440480000,911830000,390000,12070000,780000
1791427172,457696130,126,1617942128,S,N,258292000000,258291000000,258290000000,258289000000,258288000000,9271590000,5400000,24030000,210000,21150000,258293000000,258294000000,258295000000,258296000000,258297000000,3440480000,911830000,390000,12070000,780000
1791427172,552018926,127,1747767917,D,N,8324000000000,8323999000000,8323998000000,8323975000000,8323917000000,281896000,62000,13000,8000,7000,8324001000000,8324002000000,8324003000000,8324040000000,8324041000000,419818000,48000,13000,7000,105000
1791427172,552653500,128,1617942128,D,N,258292000000,258291000000,258290000000,258289000000,258288000000,8974030000,5400000,24030000,210000,21150000,258293000000,258294000000,258295000000,258296000000,258297000000,3440480000,911830000,390000,12070000,780000
1791427172,553226264,129,1617942128,S,N,258292000000,258291000000,258290000000,258289000000,258288000000,8974030000,5400000,24030000,210000,21150000,258293000000,258294000000,258295000000,258296000000,258297000000,3440480000,911830000,390000,12070000,780000
1791427172,647700277,130,1747767917,D,N,8324000000000,8323999000000,8323998000000,8323975000000,8323917000000,281896000,62000,13000,8000,7000,8324001000000,8324002000000,8324003000000,8324040000000,8324041000000,419629000,48000,13000,7000,105000
1791427172,648429912,131,1617942128,D,N,258292000000,258291000000,258290000000,258289000000,258288000000,8974030000,5400000,24030000,210000,21150000,258293000000,258294000000,258295000000,258296000000,258297000000,3440480000,911830000,390000,12070000,780000
1791427172,649213114,132,1617942128,S,N,258292000000,258291000000,258290000000,258289000000,258288000000,8974030000,5400000,24030000,210000,21150000,258293000000,258294000000,258295000000,258296000000,258297000000,3440480000,911830000,390000,12070000,780000
1791427172,742756062,133,1747767917,D,N,8324000000000,8323999000000,8323998000000,8323975000000,8323917000000,281887000,62000,13000,8000,7000,8324001000000,8324002000000,8324003000000,8324040000000,8324041000000,419636000,48000,13000,7000,105000
1791427172,744713541,134,1617942128,D,N,258292000000,258291000000,258290000000,258289000000,258288000000,8974030000,5400000,24030000,210000,21150000,258293000000,258294000000,258295000000,258296000000,258297000000,3440480000,911830000,390000,12070000,780000
1791427172,745932762,135,1617942128,S,N,258292000000,258291000000,258290000000,258289000000,258288000000,8974030000,5400000,24030000,210000,21150000,258293000000,258294000000,258295000000,258296000000,258297000000,3440480000,911830000,390000,12070000,780000
1791427172,838828486,136,1747767917,D,N,8324000000000,8323999000000,8323998000000,8323975000000,8323917000000,281963000,62000,13000,8000,7000,8324001000000,8324002000000,8324003000000,8324040000000,8324041000000,419636000,48000,13000,7000,105000
1791427172,842737792,137,1617942128,D,N,258292000000,258291000000,258290000000,258289000000,258288000000,8974030000,5400000,24030000,210000,21150000,258293000000,258294000000,258295000000,258296000000,258297000000,3440480000,911830000,390000,12070000,780000
1791427172,843869426,138,1617942128,S,N,258292000000,258291000000,258290000000,258289000000,258288000000,8974030000,5400000,24030000,210000,21150000,258293000000,258294000000,258295000000,258296000000,258297000000,3440480000,911830000,390000,12070000,780000
1791427172,936230909,139,1747767917,D,N,8324000000000,8323999000000,8323998000000,8323975000000,8323917000000,281956000,62000,13000,8000,7000,8324001000000,8324002000000,8324003000000,8324040000000,8324041000000,419636000,48000,13000,7000,105000
1791427172,938266488,140,1617942128,D,N,258292000000,258291000000,258290000000,258289000000,258288000000,8974030000,5400000,24030000,210000,21150000,258293000000,258294000000,258295000000,258296000000,258297000000,3440480000,911830000,390000,12070000,780000
1791427172,940248884,141,1617942128,S,N,258292000000,258291000000,258290000000,258289000000,258288000000,8974030000,5400000,24030000,210000,21150000,258293000000,258294000000,258295000000,258296000000,258297000000,3440480000,911830000,390000,12070000,780000
1791427173,31148509,142,1747767917,S,N,8324000000000,8323999000000,8323998000000,8323975000000,8323917000000,281956000,62000,13000,8000,7000,8324001000000,8324002000000,8324003000000,8324040000000,8324041000000,419636000,48000,13000,7000,105000
1791427173,33559639,143,1747767917,D,N,8324000000000,8323999000000,8323998000000,8323975000000,8323917000000,281956000,62000,13000,8000,7000,8324001000000,8324002000000,8324003000000,8324040000000,8324041000000,419636000,48000,13000,7000,105000
1791427173,36298597,144,1617942128,D,N,258292000000,258291000000,258290000000,258289000000,258288000000,8974030000,5400000,24030000,210000,21150000,258293000000,258294000000,258295000000,258296000000,258297000000,3440480000,911830000,390000,12070000,780000
1791427173,38526504,145,1617942128,S,N,258292000000,258291000000,258290000000,258289000000,258288000000,8974030000,5400000,24030000,210000,21150000,258293000000,258294000000,258295000000,258296000000,258297000000,3440480000,911830000,390000,12070000,780000
1791427173,126370460,146,1747767917,S,N,8324000000000,8323999000000,8323998000000,8323975000000,8323917000000,281956000,62000,13000,8000,7000,8324001000000,8324002000000,8324003000000,8324040000000,8324041000000,419636000,48000,13000,7000,105000
1791427173,127572815,147,1747767917,D,N,8324000000000,8323999000000,8323998000000,8323975000000,8323917000000,281956000,62000,13000,8000,7000,8324001000000,8324002000000,8324003000000,8324040000000,8324041000000,419636000,48000,13000,7000,105000
1791427173,128509151,148,1617942128,D,N,258292000000,258291000000,258290000000,258289000000,258288000000,8974030000,5400000,24030000,210000,21150000,258293000000,258294000000,258295000000,258296000000,258297000000,3440480000,911830000,390000,12070000,780000
1791427173,129439545,149,1617942128,S,N,258292000000,258291000000,258290000000,258289000000,258288000000,8974030000,5400000,24030000,210000,21150000,258293000000,258294000000,258295000000,258296000000,258297000000,3440480000,911830000,390000,12070000,780000
1791427173,223221775,150,1747767917,D,N,8324000000000,8323999000000,8323998000000,8323975000000,8323917000000,281956000,62000,13000,8000,7000,8324001000000,8324002000000,8324003000000,8324040000000,8324041000000,419568000,48000,13000,7000,105000
1791427173,224301278,151,1617942128,D,N,258292000000,258291000000,258290000000,258289000000,258288000000,8974630000,5400000,24030000,210000,21150000,258293000000,258294000000,258295000000,258296000000,258297000000,3440680000,912030000,390000,12070000,780000
1791427173,225318973,152,1617942128,S,N,258292000000,258291000000,258290000000,258289000000,258288000000,8974630000,5400000,24030000,210000,21150000,258293000000,258294000000,258295000000,258296000000,258297000000,3440680000,912030000,390000,12070000,780000
1791427173,317926350,153,1747767917,S,N,8324000000000,8323999000000,8323998000000,8323975000000,8323917000000,281956000,62000,13000,8000,7000,8324001000000,8324002000000,8324003000000,8324040000000,8324041000000,419568000,48000,13000,7000,105000
1791427173,319097561,154,1747767917,D,N,8324000000000,8323999000000,8323998000000,8323975000000,8323917000000,281956000,62000,13000,8000,7000,8324001000000,8324002000000,8324003000000,8324040000000,8324041000000,419568000,48000,13000,7000,105000
1791427173,320024218,155,1617942128,D,N,258292000000,258291000000,258290000000,258289000000,258288000000,8975230000,5600000,24030000,210000,21150000,258293000000,258294000000,258295000000,258296000000,258297000000,3440480000,911830000,390000,56140000,780000
1791427173,321037313,156,1617942128,S,N,258292000000,258291000000,258290000000,258289000000,258288000000,8975230000,5600000,24030000,210000,21150000,258293000000,258294000000,258295000000,258296000000,258297000000,3440480000,911830000,390000,56140000,780000
1791427173,413613930,157,1747767917,S,N,8324000000000,8323999000000,8323998000000,8323975000000,8323917000000,281956000,62000,13000,8000,7000,8324001000000,8324002000000,8324003000000,8324040000000,8324041000000,419568000,48000,13000,7000,105000
1791427173,414966543,158,1747767917,D,N,8324000000000,8323999000000,8323998000000,8323975000000,8323917000000,281956000,62000,13000,8000,7000,8324001000000,8324002000000,8324003000000,8324040000000,8324041000000,419568000,48000,13000,7000,105000
1791427173,415894637,159,1617942128,D,N,258292000000,258291000000,258290000000,258289000000,258288000000,8975220000,5600000,24030000,210000,21150000,258293000000,258294000000,258295000000,258296000000,258297000000,3440480000,912040000,51520000,56140000,780000
1791427173,416974141,160,1617942128,S,N,258292000000,258291000000,258290000000,258289000000,258288000000,8975220000,5600000,24030000,210000,21150000,258293000000,258294000000,258295000000,258296000000,258297000000,3440480000,912040000,51520000,56140000,780000
1791427173,511786139,161,1747767917,D,N,8324000000000,8323999000000,8323998000000,8323975000000,8323917000000,282557000,62000,13000,8000,7000,8324001000000,8324002000000,8324003000000,8324040000000,8324041000000,419568000,48000,13000,7000,105000
1791427173,514350402,162,1617942128,D,N,258292000000,258291000000,258290000000,258289000000,258288000000,8974270000,5600000,24030000,210000,21150000,258293000000,258294000000,258295000000,258296000000,258297000000,3440480000,912040000,51520000,56140000,780000
1791427173,516771210,163,1617942128,S,N,258292000000,258291000000,258290000000,258289000000,258288000000,8974270000,5600000,24030000,210000,21150000,258293000000,258294000000,258295000000,258296000000,258297000000,3440480000,912040000,51520000,56140000,780000
1791427173,607980936,164,1747767917,D,N,8324000000000,8323999000000,8323998000000,8323975000000,8323917000000,282931000,62000,13000,8000,7000,8324001000000,8324002000000,8324003000000,8324040000000,8324041000000,419568000,48000,13000,7000,105000
1791427173,610353160,165,1617942128,D,N,258292000000,258291000000,258290000000,258289000000,258288000000,8975230000,5600000,24030000,210000,21150000,258293000000,258294000000,258295000000,258296000000,258297000000,3440680000,912240000,51520000,56140000,780000
1791427173,613577199,166,1617942128,S,N,258292000000,258291000000,258290000000,258289000000,258288000000,8975230000,5600000,24030000,210000,21150000,258293000000,258294000000,258295000000,258296000000,258297000000,3440680000,912240000,51520000,56140000,780000
1791427173,727564009,167,1747767917,D,N,8324000000000,8323999000000,8323998000000,8323975000000,8323917000000,283123000,62000,13000,8000,7000,8324001000000,8324002000000,8324003000000,8324040000000,8324041000000,405435000,48000,13000,7000,105000
1791427173,729925596,168,1617942128,D,N,258292000000,258291000000,258290000000,258289000000,258288000000,8975030000,5600000,24030000,210000,21150000,258293000000,258294000000,258295000000,258296000000,258297000000,3285910000,912240000,51520000,56140000,780000
1791427173,732460153,169,1617942128,S,N,258292000000,258291000000,258290000000,258289000000,258288000000,8975030000,5600000,24030000,210000,21150000,258293000000,258294000000,258295000000,258296000000,258297000000,3285910000,912240000,51520000,56140000,780000
1791427173,816972071,170,1747767917,D,N,8324000000000,8323999000000,8323998000000,8323975000000,8323917000000,579711000,13000,13000,8000,7000,8324001000000,8324002000000,8324003000000,8324040000000,8324041000000,147334000,48000,13000,7000,105000
1791427173,820672472,171,1617942128,D,N,258292000000,258291000000,258290000000,258289000000,258288000000,8766130000,5600000,24030000,210000,21150000,258293000000,258294000000,258295000000,258296000000,258297000000,3285910000,1000000,51520000,56140000,780000
1791427173,823646113,172,1617942128,S,N,258292000000,258291000000,258290000000,258289000000,258288000000,8766130000,5600000,24030000,210000,21150000,258293000000,258294000000,258295000000,258296000000,258297000000,3285910000,1000000,51520000,56140000,780000
1791427173,895094942,173,1747767917,D,N,8324000000000,8323999000000,8323998000000,8323975000000,8323917000000,582329000,13000,13000,8000,7000,8324001000000,8324002000000,8324003000000,8324040000000,8324041000000,116803000,41000,13000,7000,105000
1791427173,898810100,174,1617942128,D,N,258292000000,258291000000,258290000000,258289000000,258288000000,8764930000,5000000,309500000,892810000,21150000,258293000000,258294000000,258295000000,258296000000,258297000000,1500950000,25540000,600000,56140000,780000
1791427173,901441922,175,1617942128,S,N,258292000000,258291000000,258290000000,258289000000,258288000000,8764930000,5000000,309500000,892810000,21150000,258293000000,258294000000,258295000000,258296000000,258297000000,1500950000,25540000,600000,56140000,780000
1791427174,22128359,176,1747767917,D,N,8324000000000,8323999000000,8323998000000,8323975000000,8323917000000,582336000,13000,13000,8000,7000,8324001000000,8324002000000,8324003000000,8324040000000,8324041000000,116831000,48000,13000,7000,105000
1791427174,24957683,177,1617942128,D,N,258292000000,258291000000,258290000000,258289000000,258288000000,9664240000,5000000,24030000,210000,21150000,258293000000,258294000000,258295000000,258296000000,258297000000,1455390000,590000,600000,56140000,780000
1791427174,27447967,178,1617942128,S,N,258292000000,258291000000,258290000000,258289000000,258288000000,9664240000,5000000,24030000,210000,21150000,258293000000,258294000000,258295000000,258296000000,258297000000,1455390000,590000,600000,56140000,780000
1791427174,86946557,179,1747767917,D,N,8324000000000,8323999000000,8323998000000,8323975000000,8323917000000,582378000,48000,13000,8000,7000,8324001000000,8324002000000,8324003000000,8324040000000,8324041000000,116852000,55000,13000,7000,105000
1791427174,89159994,180,1617942128,D,N,258292000000,258291000000,258290000000,258288000000,258287000000,8771450000,139600000,713570000,21150000,600000,258293000000,258294000000,258295000000,258296000000,258297000000,1941690000,790000,600000,56140000,780000
1791427174,91816539,181,1617942128,S,N,258292000000,258291000000,258290000000,258288000000,258287000000,8771450000,139600000,713570000,21150000,600000,258293000000,258294000000,258295000000,258296000000,258297000000,1941690000,790000,600000,56140000,780000
1791427174,187782403,182,1747767917,D,N,8324000000000,8323999000000,8323998000000,8323975000000,8323917000000,582371000,41000,13000,8000,7000,8324001000000,8324002000000,8324003000000,8324040000000,8324041000000,117016000,62000,13000,7000,105000
1791427174,190469997,183,1617942128,D,N,258292000000,258291000000,258290000000,258288000000,258287000000,8771450000,139600000,713570000,21150000,600000,258293000000,258294000000,258295000000,258296000000,258297000000,1941690000,790000,600000,56140000,780000
1791427174,192969864,184,1617942128,S,N,258292000000,258291000000,258290000000,258288000000,258287000000,8771450000,139600000,713570000,21150000,600000,258293000000,258294000000,258295000000,258296000000,258297000000,1941690000,790000,600000,56140000,780000
1791427174,277244225,185,1747767917,D,N,8324000000000,8323999000000,8323998000000,8323975000000,8323917000000,582350000,20000,13000,8000,7000,8324001000000,8324002000000,8324003000000,8324040000000,8324041000000,118323000,62000,13000,7000,105000
1791427174,278931470,186,1617942128,D,N,258292000000,258291000000,258290000000,258289000000,258288000000,8771450000,5000000,24030000,210000,710690000,258293000000,258294000000,258295000000,258296000000,258297000000,1543290000,790000,600000,56140000,780000
1791427174,280206366,187,1617942128,S,N,258292000000,258291000000,258290000000,258289000000,258288000000,8771450000,5000000,24030000,210000,710690000,258293000000,258294000000,258295000000,258296000000,258297000000,1543290000,790000,600000,56140000,780000
1791427174,413358406,188,1747767917,D,N,8324000000000,8323999000000,8323998000000,8323975000000,8323917000000,582336000,13000,13000,8000,7000,8324001000000,8324002000000,8324003000000,8324040000000,8324041000000,127661000,62000,13000,7000,105000
1791427174,414493106,189,1617942128,D,N,258292000000,258291000000,258290000000,258289000000,258288000000,8771240000,5000000,24240000,224660000,689940000,258293000000,258294000000,258295000000,258296000000,258297000000,1543090000,590000,600000,56140000,990000
1791427174,415653775,190,1617942128,S,N,258292000000,258291000000,258290000000,258289000000,258288000000,8771240000,5000000,24240000,224660000,689940000,258293000000,258294000000,258295000000,258296000000,258297000000,1543090000,590000,600000,56140000,990000
1791427174,472923501,191,1747767917,D,N,8324000000000,8323999000000,8323998000000,8323975000000,8323917000000,582364000,41000,13000,8000,7000,8324001000000,8324002000000,8324003000000,8324040000000,8324041000000,126354000,62000,13000,7000,105000
1791427174,474162079,192,1617942128,D,N,258292000000,258291000000,258290000000,258289000000,258288000000,8771240000,5000000,24240000,224660000,689940000,258293000000,258294000000,258295000000,258296000000,258297000000,1543090000,590000,600000,56140000,990000
1791427174,475344214,193,1617942128,S,N,258292000000,258291000000,258290000000,258289000000,258288000000,8771240000,5000000,24240000,224660000,689940000,258293000000,258294000000,258295000000,258296000000,258297000000,1543090000,590000,600000,56140000,990000
1791427174,564201552,194,1747767917,D,N,8324000000000,8323999000000,8323998000000,8323975000000,8323917000000,582364000,41000,13000,8000,7000,8324001000000,8324002000000,8324003000000,8324040000000,8324041000000,127751000,62000,13000,7000,105000
1791427174,565617124,195,1617942128,D,N,258292000000,258291000000,258290000000,258289000000,258288000000,8771240000,5000000,24240000,224660000,689940000,258293000000,258294000000,258295000000,258296000000,258297000000,1543290000,790000,600000,56140000,990000
1791427174,566779135,196,1617942128,S,N,258292000000,258291000000,258290000000,258289000000,258288000000,8771240000,5000000,24240000,224660000,689940000,258293000000,258294000000,258295000000,258296000000,258297000000,1543290000,790000,600000,56140000,990000
1791427174,665776331,197,1747767917,D,N,8324000000000,8323999000000,8323998000000,8323975000000,8323917000000,583329000,13000,13000,8000,7000,8324001000000,8324002000000,8324003000000,8324040000000,8324041000000,125972000,62000,13000,7000,105000
1791427174,666482431,198,1617942128,D,N,258292000000,258291000000,258290000000,258288000000,258287000000,8771240000,230500000,713570000,400000,600000,258293000000,258294000000,258295000000,258296000000,258297000000,1543290000,790000,600000,56140000,990000
1791427174,667178531,199,1617942128,S,N,258292000000,258291000000,258290000000,258288000000,258287000000,8771240000,230500000,713570000,400000,600000,258293000000,258294000000,258295000000,258296000000,258297000000,1543290000,790000,600000,56140000,990000
1791427174,772589331,200,1747767917,D,N,8324000000000,8323999000000,8323998000000,8323975000000,8323917000000,583371000,48000,13000,8000,7000,8324001000000,8324002000000,8324003000000,8324040000000,8324041000000,159871000,62000,13000,7000,105000
1791427174,773751431,201,1617942128,D,N,258292000000,258291000000,258290000000,258288000000,258287000000,8771450000,230500000,24030000,400000,600000,258293000000,258294000000,258295000000,258296000000,258297000000,1544240000,790000,600000,56140000,990000
1791427174,774905631,202,1617942128,S,N,258292000000,258291000000,258290000000,258288000000,258287000000,8771450000,230500000,24030000,400000,600000,258293000000,258294000000,258295000000,258296000000,258297000000,1544240000,790000,600000,56140000,990000
1791427174,863261831,203,1747767917,D,N,8324000000000,8323999000000,8323998000000,8323975000000,8323917000000,583416000,20000,13000,8000,7000,8324001000000,8324002000000,8324003000000,8324040000000,8324041000000,159871000,62000,13000,7000,105000
1791427174,864538831,204,1617942128,D,N,258292000000,258291000000,258290000000,258289000000,258288000000,8771240000,5000000,24030000,689540000,400000,258293000000,258294000000,258295000000,258296000000,258297000000,1826230000,790000,600000,56140000,990000
1791427174,865622831,205,1617942128,S,N,258292000000,258291000000,258290000000,258289000000,258288000000,8771240000,5000000,24030000,689540000,400000,258293000000,258294000000,258295000000,258296000000,258297000000,1826230000,790000,600000,56140000,990000
1791427174,974991431,206,1747767917,D,N,8324000000000,8323999000000,8323998000000,8323975000000,8323917000000,583437000,34000,13000,8000,7000,8324001000000,8324002000000,8324003000000,8324040000000,8324041000000,91383000,55000,13000,7000,105000
1791427174,976340331,207,1617942128,D,N,258292000000,258291000000,258290000000,258288000000,258287000000,9463240000,5000000,24030000,400000,600000,258293000000,258294000000,258295000000,258296000000,258297000000,904720000,590000,600000,12070000,780000
1791427174,977907931,208,1617942128,S,N,258292000000,258291000000,258290000000,258288000000,258287000000,9463240000,5000000,24030000,400000,600000,258293000000,258294000000,258295000000,258296000000,258297000000,904720000,590000,600000,12070000,780000
1791427175,121748831,209,1747767917,D,N,8324000000000,8323999000000,8323998000000,8323975000000,8323917000000,583451000,55000,13000,8000,7000,8324001000000,8324002000000,8324003000000,8324040000000,8324041000000,95356000,55000,13000,7000,105000
1791427175,123282331,210,1617942128,D,N,258292000000,258291000000,258290000000,258288000000,258287000000,9463840000,5000000,24030000,400000,600000,258293000000,258294000000,258295000000,258296000000,258297000000,1468490000,790000,600000,12070000,780000
1791427175,124831331,211,1617942128,S,N,258292000000,258291000000,258290000000,258288000000,258287000000,9463840000,5000000,24030000,400000,600000,258293000000,258294000000,258295000000,258296000000,258297000000,1468490000,790000,600000,12070000,780000
1791427175,187975331,212,1747767917,D,N,8324000000000,8323999000000,8323998000000,8323975000000,8323917000000,582343000,34000,13000,8000,7000,8324001000000,8324002000000,8324003000000,8324040000000,8324041000000,95356000,55000,13000,7000,105000
1791427175,188643731,213,1617942128,D,N,258292000000,258291000000,258290000000,258288000000,258287000000,9270170000,5000000,24030000,400000,600000,258293000000,258294000000,258295000000,258296000000,258297000000,1468290000,590000,600000,12070000,780000
1791427175,189241231,214,1617942128,S,N,258292000000,258291000000,258290000000,258288000000,258287000000,9270170000,5000000,24030000,400000,600000,258293000000,258294000000,258295000000,258296000000,258297000000,1468290000,590000,600000,12070000,780000
1791427175,263415331,215,1747767917,D,N,8324000000000,8323999000000,8323998000000,8323975000000,8323917000000,582322000,20000,13000,8000,7000,8324001000000,8324002000000,8324003000000,8324040000000,8324041000000,95356000,55000,13000,7000,105000
1791427175,267506531,216,1617942128,D,N,258292000000,258291000000,258290000000,258288000000,258287000000,9270170000,5000000,24030000,400000,600000,258293000000,258294000000,258295000000,258296000000,258297000000,1468290000,590000,600000,12070000,780000
1791427175,268817331,217,1617942128,S,N,258292000000,258291000000,258290000000,258288000000,258287000000,9270170000,5000000,24030000,400000,600000,258293000000,258294000000,258295000000,258296000000,258297000000,1468290000,590000,600000,12070000,780000
1791427175,411532431,218,1747767917,D,N,8324000000000,8323999000000,8323998000000,8323975000000,8323917000000,582315000,13000,13000,8000,7000,8324001000000,8324002000000,8324003000000,8324040000000,8324041000000,94283000,55000,13000,7000,105000
1791427175,413128631,219,1617942128,D,N,258292000000,258291000000,258290000000,258288000000,258287000000,9270170000,5000000,24030000,400000,600000,258293000000,258294000000,258295000000,258296000000,258297000000,1468290000,590000,600000,12070000,780000
1791427175,414558031,220,1617942128,S,N,258292000000,258291000000,258290000000,258288000000,258287000000,9270170000,5000000,24030000,400000,600000,258293000000,258294000000,258295000000,258296000000,258297000000,1468290000,590000,600000,12070000,780000
1791427175,500125331,221,1747767917,D,N,8324000000000,8323999000000,8323998000000,8323975000000,8323917000000,582357000,48000,13000,8000,7000,8324001000000,8324002000000,8324003000000,8324040000000,8324041000000,95753000,55000,13000,7000,105000
1791427175,501512731,222,1617942128,D,N,258292000000,258291000000,258290000000,258288000000,258287000000,9270170000,5000000,24030000,400000,600000,258293000000,258294000000,258295000000,258296000000,258297000000,1468490000,790000,600000,12070000,780000
1791427175,502829531,223,1617942128,S,N,258292000000,258291000000,258290000000,258288000000,258287000000,9270170000,5000000,24030000,400000,600000,258293000000,258294000000,258295000000,258296000000,258297000000,1468490000,790000,600000,12070000,780000
1791427175,579057231,224,1747767917,D,N,8324000000000,8323999000000,8323998000000,8323975000000,8323917000000,582315000,13000,13000,8000,7000,8324001000000,8324002000000,8324003000000,8324040000000,8324041000000,95753000,55000,13000,7000,105000
1791427175,581990431,225,1617942128,D,N,258292000000,258291000000,258290000000,258288000000,258287000000,9270170000,5000000,24030000,400000,600000,258293000000,258294000000,258295000000,258296000000,258297000000,1468490000,790000,600000,12070000,780000
1791427175,583342531,226,1617942128,S,N,258292000000,258291000000,258290000000,258288000000,258287000000,9270170000,5000000,24030000,400000,600000,258293000000,258294000000,258295000000,258296000000,258297000000,1468490000,790000,600000,12070000,780000
1791427175,729320131,227,1747767917,D,N,8324000000000,8323999000000,8323998000000,8323975000000,8323917000000,582350000,41000,13000,8000,7000,8324001000000,8324002000000,8324003000000,8324040000000,8324041000000,74635000,62000,13000,7000,105000
1791427175,730882331,228,1617942128,D,N,258292000000,258291000000,258290000000,258288000000,258287000000,9270170000,5000000,24030000,400000,600000,258293000000,258294000000,258295000000,258296000000,258297000000,1468490000,790000,600000,12070000,780000
1791427175,732332731,229,1617942128,S,N,258292000000,258291000000,258290000000,258288000000,258287000000,9270170000,5000000,24030000,400000,600000,258293000000,258294000000,258295000000,258296000000,258297000000,1468490000,790000,600000,12070000,780000
1791427175,772726031,230,1747767917,D,N,8324000000000,8323999000000,8323998000000,8323975000000,8323917000000,582350000,48000,13000,8000,7000,8324001000000,8324002000000,8324003000000,8324040000000,8324041000000,128955000,55000,13000,7000,105000
1791427175,773970531,231,1617942128,D,N,258292000000,258291000000,258290000000,258288000000,258287000000,9270170000,5000000,24030000,400000,600000,258293000000,258294000000,258295000000,258296000000,258297000000,1468490000,790000,600000,12070000,780000
1791427175,775181431,232,1617942128,S,N,258292000000,258291000000,258290000000,258288000000,258287000000,9270170000,5000000,24030000,400000,600000,258293000000,258294000000,258295000000,258296000000,258297000000,1468490000,790000,600000,12070000,780000
1791427175,899253831,233,1747767917,D,N,8324000000000,8323999000000,8323998000000,8323975000000,8323917000000,582308000,13000,13000,8000,7000,8324001000000,8324002000000,8324003000000,8324040000000,8324041000000,92998000,55000,13000,7000,105000
1791427175,900563531,234,1617942128,D,N,258292000000,258291000000,258290000000,258288000000,258287000000,9270170000,5000000,24030000,400000,600000,258293000000,258294000000,258295000000,258296000000,258297000000,1468490000,790000,600000,12070000,780000
1791427175,901713631,235,1617942128,S,N,258292000000,258291000000,258290000000,258288000000,258287000000,9270170000,5000000,24030000,400000,600000,258293000000,258294000000,258295000000,258296000000,258297000000,1468490000,790000,600000,12070000,780000
1791427175,978888031,236,1747767917,D,N,8324000000000,8323999000000,8323998000000,8323975000000,8323917000000,582343000,41000,13000,8000,7000,8324001000000,8324002000000,8324003000000,8324040000000,8324041000000,91678000,55000,13000,7000,105000
1791427175,980216231,237,1617942128,D,N,258292000000,258291000000,258290000000,258288000000,258287000000,9270170000,5000000,24030000,400000,600000,258293000000,258294000000,258295000000,258296000000,258297000000,1468490000,790000,600000,12070000,780000
1791427175,982208831,238,1617942128,S,N,258292000000,258291000000,258290000000,258288000000,258287000000,9270170000,5000000,24030000,400000,600000,258293000000,258294000000,258295000000,258296000000,258297000000,1468490000,790000,600000,12070000,780000
1791427176,106171731,239,1747767917,S,N,8324000000000,8323999000000,8323998000000,8323975000000,8323917000000,582343000,41000,13000,8000,7000,8324001000000,8324002000000,8324003000000,8324040000000,8324041000000,91678000,55000,13000,7000,105000
1791427176,107614131,240,1747767917,D,N,8324000000000,8323999000000,8323998000000,8323975000000,8323917000000,582343000,41000,13000,8000,7000,8324001000000,8324002000000,8324003000000,8324040000000,8324041000000,91678000,55000,13000,7000,105000
1791427176,108775531,241,1617942128,D,N,258292000000,258291000000,258290000000,258288000000,258287000000,9270170000,5000000,24030000,400000,600000,258293000000,258294000000,258295000000,258296000000,258297000000,1468490000,790000,600000,12070000,780000
1791427176,109925731,242,1617942128,S,N,258292000000,258291000000,258290000000,258288000000,258287000000,9270170000,5000000,24030000,400000,600000,258293000000,258294000000,258295000000,258296000000,258297000000,1468490000,790000,600000,12070000,780000
1791427176,220786531,243,1747767917,S,N,8324000000000,8323999000000,8323998000000,8323975000000,8323917000000,582343000,41000,13000,8000,7000,8324001000000,8324002000000,8324003000000,8324040000000,8324041000000,91678000,55000,13000,7000,105000
1791427176,221714531,244,1747767917,D,N,8324000000000,8323999000000,8323998000000,8323975000000,8323917000000,582343000,41000,13000,8000,7000,8324001000000,8324002000000,8324003000000,8324040000000,8324041000000,91678000,55000,13000,7000,105000
1791427176,222394931,245,1617942128,D,N,258292000000,258291000000,258290000000,258288000000,258287000000,9270170000,5000000,24030000,400000,600000,258293000000,258294000000,258295000000,258296000000,258297000000,1468490000,790000,600000,12070000,780000
1791427176,222932331,246,1617942128,S,N,258292000000,258291000000,258290000000,258288000000,258287000000,9270170000,5000000,24030000,400000,600000,258293000000,258294000000,258295000000,258296000000,258297000000,1468490000,790000,600000,12070000,780000
1791427176,288288531,247,1747767917,D,N,8324000000000,8323999000000,8323998000000,8323975000000,8323917000000,582343000,41000,13000,8000,7000,8324001000000,8324002000000,8324003000000,8324040000000,8324041000000,92998000,55000,13000,7000,105000
1791427176,294700131,248,1617942128,D,N,258292000000,258291000000,258290000000,258288000000,258287000000,9270170000,5000000,24030000,400000,600000,258293000000,258294000000,258295000000,258296000000,258297000000,1468490000,790000,600000,12070000,780000
1791427176,306145731,249,1617942128,S,N,258292000000,258291000000,258290000000,258288000000,258287000000,9270170000,5000000,24030000,400000,600000,258293000000,258294000000,258295000000,258296000000,258297000000,1468490000,790000,600000,12070000,780000
1791427176,390136031,250,1747767917,D,N,8324000000000,8323999000000,8323998000000,8323975000000,8323917000000,582350000,48000,13000,8000,7000,8324001000000,8324002000000,8324003000000,8324040000000,8324041000000,91678000,55000,13000,7000,105000
1791427176,402287031,251,1617942128,D,N,258292000000,258291000000,258290000000,258288000000,258287000000,9270170000,5000000,24030000,400000,600000,258293000000,258294000000,258295000000,258296000000,258297000000,1468490000,790000,600000,12070000,780000
1791427176,419522431,252,1617942128,S,N,258292000000,258291000000,258290000000,258288000000,258287000000,9270170000,5000000,24030000,400000,600000,258293000000,258294000000,258295000000,258296000000,258297000000,1468490000,790000,600000,12070000,780000
1791427176,467592031,253,1747767917,D,N,8324000000000,8323999000000,8323998000000,8323975000000,8323917000000,582308000,13000,13000,8000,7000,8324001000000,8324002000000,8324003000000,8324040000000,8324041000000,91528000,55000,13000,7000,105000
1791427176,478537631,254,1617942128,D,N,258292000000,258291000000,258290000000,258288000000,258287000000,9260600000,5000000,24030000,400000,600000,258293000000,258294000000,258295000000,258296000000,258297000000,1468490000,790000,600000,12070000,780000
1791427176,487043331,255,1617942128,S,N,258292000000,258291000000,258290000000,258288000000,258287000000,9260600000,5000000,24030000,400000,600000,258293000000,258294000000,258295000000,258296000000,258297000000,1468490000,790000,600000,12070000,780000
1791427176,580606531,256,1747767917,D,N,8324000000000,8323999000000,8323998000000,8323975000000,8323917000000,582343000,41000,13000,8000,7000,8324001000000,8324002000000,8324003000000,8324040000000,8324041000000,74628000,55000,13000,7000,105000
1791427176,590240431,257,1617942128,D,N,258292000000,258291000000,258290000000,258288000000,258287000000,9260400000,5000000,24030000,400000,600000,258293000000,258294000000,258295000000,258296000000,258297000000,982390000,790000,600000,12070000,780000
1791427176,621193531,258,1617942128,S,N,258292000000,258291000000,258290000000,258288000000,258287000000,9260400000,5000000,24030000,400000,600000,258293000000,258294000000,258295000000,258296000000,258297000000,982390000,790000,600000,12070000,780000
1791427176,671694831,259,1747767917,D,N,8324000000000,8323999000000,8323998000000,8323975000000,8323917000000,582308000,13000,13000,8000,7000,8324001000000,8324002000000,8324003000000,8324040000000,8324041000000,95247000,55000,13000,7000,105000
1791427176,687095931,260,1617942128,D,N,258292000000,258291000000,258290000000,258288000000,258287000000,9260400000,5000000,24030000,400000,600000,258293000000,258294000000,258295000000,258296000000,258297000000,982390000,790000,600000,12070000,780000
1791427176,687690331,261,1617942128,S,N,258292000000,258291000000,258290000000,258288000000,258287000000,9260400000,5000000,24030000,400000,600000,258293000000,258294000000,258295000000,258296000000,258297000000,982390000,790000,600000,12070000,780000
1791427176,786929431,262,1747767917,D,N,8324000000000,8323999000000,8323998000000,8323975000000,8323917000000,474623000,55000,13000,8000,7000,8324001000000,8324002000000,8324003000000,8324040000000,8324041000000,243097000,48000,13000,7000,105000
1791427176,819752331,263,1617942128,D,N,258292000000,258291000000,258290000000,258288000000,258287000000,9260400000,5000000,24030000,400000,600000,258293000000,258294000000,258295000000,258296000000,258297000000,1951050000,790000,600000,12070000,780000
1791427176,830275931,264,1617942128,S,N,258292000000,258291000000,258290000000,258288000000,258287000000,9260400000,5000000,24030000,400000,600000,258293000000,258294000000,258295000000,258296000000,258297000000,1951050000,790000,600000,12070000,780000
1791427176,862220431,265,1747767917,D,N,8324000000000,8323999000000,8323998000000,8323975000000,8323917000000,576635000,62000,13000,8000,7000,8324001000000,8324002000000,8324003000000,8324040000000,8324041000000,243111000,55000,13000,7000,105000
1791427176,863125031,266,1617942128,D,N,258292000000,258291000000,258290000000,258288000000,258287000000,9260400000,5000000,24030000,400000,600000,258293000000,258294000000,258295000000,258296000000,258297000000,1951050000,790000,600000,12070000,780000
1791427176,863721431,267,1617942128,S,N,258292000000,258291000000,258290000000,258288000000,258287000000,9260400000,5000000,24030000,400000,600000,258293000000,258294000000,258295000000,258296000000,258297000000,1951050000,790000,600000,12070000,780000
1791427176,964934131,268,1747767917,D,N,8324000000000,8323999000000,8323998000000,8323975000000,8323917000000,576521000,62000,13000,8000,7000,8324001000000,8324002000000,8324003000000,8324040000000,8324041000000,272673000,55000,13000,7000,105000
1791427176,965964531,269,1617942128,D,N,258292000000,258291000000,258290000000,258288000000,258287000000,9254300000,5000000,24030000,400000,600000,258293000000,258294000000,258295000000,258296000000,258297000000,2259770000,790000,600000,12070000,780000
1791427176,966962131,270,1617942128,S,N,258292000000,258291000000,258290000000,258288000000,258287000000,9254300000,5000000,24030000,400000,600000,258293000000,258294000000,258295000000,258296000000,258297000000,2259770000,790000,600000,12070000,780000
1791427177,63349631,271,1747767917,D,N,8324000000000,8323999000000,8323998000000,8323975000000,8323917000000,576500000,62000,13000,8000,7000,8324001000000,8324002000000,8324003000000,8324040000000,8324041000000,272673000,55000,13000,7000,105000
1791427177,64358131,272,1617942128,D,N,258292000000,258291000000,258290000000,258288000000,258287000000,9254300000,5000000,24030000,400000,600000,258293000000,258294000000,258295000000,258296000000,258297000000,2259770000,790000,600000,12070000,780000
1791427177,65236231,273,1617942128,S,N,258292000000,258291000000,258290000000,258288000000,258287000000,9254300000,5000000,24030000,400000,600000,258293000000,258294000000,258295000000,258296000000,258297000000,2259770000,790000,600000,12070000,780000
1791427177,163887631,274,1747767917,D,N,8324000000000,8323999000000,8323998000000,8323975000000,8323917000000,576526000,62000,13000,8000,7000,8324001000000,8324002000000,8324003000000,8324040000000,8324041000000,242770000,55000,13000,7000,105000
1791427177,164805131,275,1617942128,D,N,258292000000,258291000000,258290000000,258288000000,258287000000,9254300000,5000000,24030000,400000,600000,258293000000,258294000000,258295000000,258296000000,258297000000,2259770000,790000,600000,12070000,780000
1791427177,165536231,276,1617942128,S,N,258292000000,258291000000,258290000000,258288000000,258287000000,9254300000,5000000,24030000,400000,600000,258293000000,258294000000,258295000000,258296000000,258297000000,2259770000,790000,600000,12070000,780000
1791427177,263448831,277,1747767917,D,N,8324000000000,8323999000000,8323998000000,8323975000000,8323917000000,576554000,62000,13000,8000,7000,8324001000000,8324002000000,8324003000000,8324040000000,8324041000000,242770000,55000,13000,7000,105000
1791427177,264421131,278,1617942128,D,N,258292000000,258291000000,258290000000,258288000000,258287000000,9154370000,5000000,24030000,400000,600000,258293000000,258294000000,258295000000,258296000000,258297000000,2259770000,790000,600000,12070000,780000
1791427177,265413531,279,1617942128,S,N,258292000000,258291000000,258290000000,258288000000,258287000000,9154370000,5000000,24030000,400000,600000,258293000000,258294000000,258295000000,258296000000,258297000000,2259770000,790000,600000,12070000,780000
1791427177,363089031,280,1747767917,D,N,8324000000000,8323999000000,8323998000000,8323975000000,8323917000000,576526000,62000,13000,8000,7000,8324001000000,8324002000000,8324003000000,8324040000000,8324041000000,273445000,55000,13000,7000,105000
1791427177,364655431,281,1617942128,D,N,258292000000,258291000000,258290000000,258288000000,258287000000,9154370000,5000000,24030000,400000,600000,258293000000,258294000000,258295000000,258296000000,258297000000,2259770000,790000,600000,12070000,780000
1791427177,365544031,282,1617942128,S,N,258292000000,258291000000,258290000000,258288000000,258287000000,9154370000,5000000,24030000,400000,600000,258293000000,258294000000,258295000000,258296000000,258297000000,2259770000,790000,600000,12070000,780000
1791427177,462835631,283,1747767917,D,N,8324000000000,8323999000000,8323998000000,8323975000000,8323917000000,576483000,62000,13000,8000,7000,8324001000000,8324002000000,8324003000000,8324040000000,8324041000000,273445000,55000,13000,7000,105000
1791427177,463900931,284,1617942128,D,N,258292000000,258291000000,258290000000,258288000000,258287000000,9154370000,5000000,24030000,400000,600000,258293000000,258294000000,258295000000,258296000000,258297000000,2259770000,790000,600000,12070000,780000
1791427177,464904131,285,1617942128,S,N,258292000000,258291000000,258290000000,258288000000,258287000000,9154370000,5000000,24030000,400000,600000,258293000000,258294000000,258295000000,258296000000,258297000000,2259770000,790000,600000,12070000,780000
1791427177,559108806,286,1747767917,S,N,8324000000000,8323999000000,8323998000000,8323975000000,8323917000000,576483000,62000,13000,8000,7000,8324001000000,8324002000000,8324003000000,8324040000000,8324041000000,273445000,55000,13000,7000,105000
1791427177,560203609,287,1747767917,D,N,8324000000000,8323999000000,8323998000000,8323975000000,8323917000000,576483000,62000,13000,8000,7000,8324001000000,8324002000000,8324003000000,8324040000000,8324041000000,273445000,55000,13000,7000,105000
1791427177,561187763,288,1617942128,D,N,258292000000,258291000000,258290000000,258288000000,258287000000,9154370000,5000000,24030000,400000,600000,258293000000,258294000000,258295000000,258296000000,258297000000,2259770000,790000,600000,12070000,780000
1791427177,562027037,289,1617942128,S,N,258292000000,258291000000,258290000000,258288000000,258287000000,9154370000,5000000,24030000,400000,600000,258293000000,258294000000,258295000000,258296000000,258297000000,2259770000,790000,600000,12070000,780000
1791427177,659757636,290,1747767917,D,N,8324000000000,8323999000000,8323998000000,8323975000000,8323917000000,576511000,62000,13000,8000,7000,8324001000000,8324002000000,8324003000000,8324040000000,8324041000000,273445000,55000,13000,7000,105000
1791427177,660752777,291,1617942128,D,N,258292000000,258291000000,258290000000,258288000000,258287000000,9154370000,5000000,24030000,400000,600000,258293000000,258294000000,258295000000,258296000000,258297000000,2259770000,790000,600000,12070000,780000
1791427177,661723689,292,1617942128,S,N,258292000000,258291000000,258290000000,258288000000,258287000000,9154370000,5000000,24030000,400000,600000,258293000000,258294000000,258295000000,258296000000,258297000000,2259770000,790000,600000,12070000,780000
1791427177,758808845,293,1747767917,S,N,8324000000000,8323999000000,8323998000000,8323975000000,8323917000000,576511000,62000,13000,8000,7000,8324001000000,8324002000000,8324003000000,8324040000000,8324041000000,273445000,55000,13000,7000,105000
1791427177,760236669,294,1747767917,D,N,8324000000000,8323999000000,8323998000000,8323975000000,8323917000000,576511000,62000,13000,8000,7000,8324001000000,8324002000000,8324003000000,8324040000000,8324041000000,273445000,55000,13000,7000,105000
1791427177,761161674,295,1617942128,D,N,258292000000,258291000000,258290000000,258288000000,258287000000,9154370000,5000000,24030000,400000,600000,258293000000,258294000000,258295000000,258296000000,258297000000,2259770000,790000,600000,12070000,780000
1791427177,762045285,296,1617942128,S,N,258292000000,258291000000,258290000000,258288000000,258287000000,9154370000,5000000,24030000,400000,600000,258293000000,258294000000,258295000000,258296000000,258297000000,2259770000,790000,600000,12070000,780000
1791427177,856151688,297,1747767917,D,N,8324000000000,8323999000000,8323998000000,8323975000000,8323917000000,576883000,62000,13000,8000,7000,8324001000000,8324002000000,8324003000000,8324040000000,8324041000000,242770000,55000,13000,7000,105000
1791427177,860310681,298,1617942128,D,N,258292000000,258291000000,258290000000,258288000000,258287000000,9154370000,5000000,24030000,400000,600000,258293000000,258294000000,258295000000,258296000000,258297000000,2259770000,790000,600000,12070000,780000
1791427177,861356535,299,1617942128,S,N,258292000000,258291000000,258290000000,258288000000,258287000000,9154370000,5000000,24030000,400000,600000,258293000000,258294000000,258295000000,258296000000,258297000000,2259770000,790000,600000,12070000,780000
1791427177,954275439,300,1747767917,S,N,8324000000000,8323999000000,8323998000000,8323975000000,8323917000000,576883000,62000,13000,8000,7000,8324001000000,8324002000000,8324003000000,8324040000000,8324041000000,242770000,55000,13000,7000,105000
1791427177,957614973,301,1747767917,D,N,8324000000000,8323999000000,8323998000000,8323975000000,8323917000000,576883000,62000,13000,8000,7000,8324001000000,8324002000000,8324003000000,8324040000000,8324041000000,242770000,55000,13000,7000,105000
1791427177,960493967,302,1617942128,D,N,258292000000,258291000000,258290000000,258288000000,258287000000,8960700000,5000000,24030000,400000,600000,258293000000,258294000000,258295000000,258296000000,258297000000,2259770000,790000,600000,12070000,780000
1791427177,963940617,303,1617942128,S,N,258292000000,258291000000,258290000000,258288000000,258287000000,8960700000,5000000,24030000,400000,600000,258293000000,258294000000,258295000000,258296000000,258297000000,2259770000,790000,600000,12070000,780000
1791427178,52673455,304,1747767917,D,N,8324000000000,8323999000000,8323998000000,8323975000000,8323917000000,576883000,62000,13000,8000,7000,8324001000000,8324002000000,8324003000000,8324040000000,8324041000000,274206000,55000,13000,7000,105000
1791427178,53794055,305,1617942128,D,N,258292000000,258291000000,258290000000,258288000000,258287000000,8960700000,5000000,24030000,400000,600000,258293000000,258294000000,258295000000,258296000000,258297000000,2259770000,790000,600000,12070000,780000
1791427178,54785076,306,1617942128,S,N,258292000000,258291000000,258290000000,258288000000,258287000000,8960700000,5000000,24030000,400000,600000,258293000000,258294000000,258295000000,258296000000,258297000000,2259770000,790000,600000,12070000,780000
1791427178,150906284,307,1747767917,S,N,8324000000000,8323999000000,8323998000000,8323975000000,8323917000000,576883000,62000,13000,8000,7000,8324001000000,8324002000000,8324003000000,8324040000000,8324041000000,274206000,55000,13000,7000,105000
1791427178,153605868,308,1747767917,D,N,8324000000000,8323999000000,8323998000000,8323975000000,8323917000000,576883000,62000,13000,8000,7000,8324001000000,8324002000000,8324003000000,8324040000000,8324041000000,274206000,55000,13000,7000,105000
1791427178,156093279,309,1617942128,D,N,258292000000,258291000000,258290000000,258288000000,258287000000,8966800000,5000000,24030000,400000,600000,258293000000,258294000000,258295000000,258296000000,258297000000,2259770000,790000,600000,12070000,780000
1791427178,158368616,310,1617942128,S,N,258292000000,258291000000,258290000000,258288000000,258287000000,8966800000,5000000,24030000,400000,600000,258293000000,258294000000,258295000000,258296000000,258297000000,2259770000,790000,600000,12070000,780000
1791427178,251884506,311,1747767917,D,N,8324000000000,8323999000000,8323998000000,8323975000000,8323917000000,576883000,62000,13000,8000,7000,8324001000000,8324002000000,8324003000000,8324040000000,8324041000000,242754000,55000,13000,7000,105000
1791427178,253468296,312,1617942128,D,N,258292000000,258291000000,258290000000,258288000000,258287000000,8966800000,5000000,24030000,400000,600000,258293000000,258294000000,258295000000,258296000000,258297000000,2259770000,790000,600000,12070000,780000
1791427178,255061796,313,1617942128,S,N,258292000000,258291000000,258290000000,258288000000,258287000000,8966800000,5000000,24030000,400000,600000,258293000000,258294000000,258295000000,258296000000,258297000000,2259770000,790000,600000,12070000,780000
1791427178,348570918,314,1747767917,D,N,8324000000000,8323999000000,8323998000000,8323975000000,8323917000000,576841000,20000,13000,8000,7000,8324001000000,8324002000000,8324003000000,8324040000000,8324041000000,240384000,55000,13000,7000,105000
1791427178,350965535,315,1617942128,D,N,258292000000,258291000000,258290000000,258288000000,258287000000,8966800000,5000000,24030000,400000,600000,258293000000,258294000000,258295000000,258296000000,258297000000,2259770000,790000,600000,12070000,780000
1791427178,353042726,316,1617942128,S,N,258292000000,258291000000,258290000000,258288000000,258287000000,8966800000,5000000,24030000,400000,600000,258293000000,258294000000,258295000000,258296000000,258297000000,2259770000,790000,600000,12070000,780000
1791427178,447655184,317,1747767917,D,N,8324000000000,8323999000000,8323998000000,8323975000000,8323917000000,576827000,13000,13000,8000,7000,8324001000000,8324002000000,8324003000000,8324040000000,8324041000000,240384000,55000,13000,7000,105000
1791427178,450887799,318,1617942128,D,N,258292000000,258291000000,258290000000,258288000000,258287000000,8966800000,5000000,24030000,400000,600000,258293000000,258294000000,258295000000,258296000000,258297000000,1777210000,790000,600000,12070000,780000
1791427178,454799110,319,1617942128,S,N,258292000000,258291000000,258290000000,258288000000,258287000000,8966800000,5000000,24030000,400000,600000,258293000000,258294000000,258295000000,258296000000,258297000000,1777210000,790000,600000,12070000,780000
1791427178,542282454,320,1747767917,D,N,8324000000000,8323999000000,8323998000000,8323975000000,8323917000000,576883000,62000,13000,8000,7000,8324001000000,8324002000000,8324003000000,8324040000000,8324041000000,240384000,55000,13000,7000,105000
1791427178,543641418,321,1617942128,D,N,258292000000,258291000000,258290000000,258288000000,258287000000,8966800000,5000000,24030000,400000,600000,258293000000,258294000000,258295000000,258296000000,258297000000,1777210000,790000,600000,12070000,780000
1791427178,544774868,322,1617942128,S,N,258292000000,258291000000,258290000000,258288000000,258287000000,8966800000,5000000,24030000,400000,600000,258293000000,258294000000,258295000000,258296000000,258297000000,1777210000,790000,600000,12070000,780000
1791427178,639956258,323,1747767917,S,N,8324000000000,8323999000000,8323998000000,8323975000000,8323917000000,576883000,62000,13000,8000,7000,8324001000000,8324002000000,8324003000000,8324040000000,8324041000000,240384000,55000,13000,7000,105000
1791427178,641406251,324,1747767917,D,N,8324000000000,8323999000000,8323998000000,8323975000000,8323917000000,576883000,62000,13000,8000,7000,8324001000000,8324002000000,8324003000000,8324040000000,8324041000000,240384000,55000,13000,7000,105000
1791427178,642926379,325,1617942128,D,N,258292000000,258291000000,258290000000,258288000000,258287000000,8966800000,5000000,24030000,400000,600000,258293000000,258294000000,258295000000,258296000000,258297000000,1777210000,790000,600000,12070000,780000
1791427178,644093083,326,1617942128,S,N,258292000000,258291000000,258290000000,258288000000,258287000000,8966800000,5000000,24030000,400000,600000,258293000000,258294000000,258295000000,258296000000,258297000000,1777210000,790000,600000,12070000,780000
1791427178,756605328,327,1747767917,D,N,8324000000000,8323999000000,8323998000000,8323975000000,8323917000000,576827000,13000,13000,8000,7000,8324001000000,8324002000000,8324003000000,8324040000000,8324041000000,241240000,55000,13000,7000,105000
1791427178,757281867,328,1617942128,D,N,258292000000,258291000000,258290000000,258288000000,258287000000,8966800000,5000000,24030000,400000,600000,258293000000,258294000000,258295000000,258296000000,258297000000,2258950000,790000,600000,12070000,780000
1791427178,757903965,329,1617942128,S,N,258292000000,258291000000,258290000000,258288000000,258287000000,8966800000,5000000,24030000,400000,600000,258293000000,258294000000,258295000000,258296000000,258297000000,2258950000,790000,600000,12070000,780000
1791427178,838246032,330,1747767917,D,N,8324000000000,8323999000000,8323998000000,8323975000000,8323917000000,577491000,62000,13000,8000,7000,8324001000000,8324002000000,8324003000000,8324040000000,8324041000000,241240000,55000,13000,7000,105000
1791427178,839815892,331,1617942128,D,N,258292000000,258291000000,258290000000,258288000000,258287000000,8966800000,5000000,24030000,400000,600000,258293000000,258294000000,258295000000,258296000000,258297000000,2258950000,790000,600000,12070000,780000
1791427178,841162791,332,1617942128,S,N,258292000000,258291000000,258290000000,258288000000,258287000000,8966800000,5000000,24030000,400000,600000,258293000000,258294000000,258295000000,258296000000,258297000000,2258950000,790000,600000,12070000,780000
1791427178,936603634,333,1747767917,D,N,8324000000000,8323999000000,8323998000000,8323975000000,8323917000000,577435000,13000,13000,8000,7000,8324001000000,8324002000000,8324003000000,8324040000000,8324041000000,241240000,55000,13000,7000,105000
1791427178,937955240,334,1617942128,D,N,258292000000,258291000000,258290000000,258288000000,258287000000,8966800000,5000000,24030000,400000,600000,258293000000,258294000000,258295000000,258296000000,258297000000,1777210000,790000,600000,12070000,780000
1791427178,939163339,335,1617942128,S,N,258292000000,258291000000,258290000000,258288000000,258287000000,8966800000,5000000,24030000,400000,600000,258293000000,258294000000,258295000000,258296000000,258297000000,1777210000,790000,600000,12070000,780000
1791427179,63215983,336,1747767917,D,N,8324000000000,8323999000000,8323998000000,8323975000000,8323917000000,577483000,62000,13000,8000,7000,8324001000000,8324002000000,8324003000000,8324040000000,8324041000000,241240000,55000,13000,7000,105000
1791427179,63986395,337,1617942128,D,N,258292000000,258291000000,258290000000,258288000000,258287000000,8966800000,5000000,24030000,400000,600000,258293000000,258294000000,258295000000,258296000000,258297000000,1777010000,590000,600000,12070000,780000
1791427179,64862061,338,1617942128,S,N,258292000000,258291000000,258290000000,258288000000,258287000000,8966800000,5000000,24030000,400000,600000,258293000000,258294000000,258295000000,258296000000,258297000000,1777010000,590000,600000,12070000,780000
1791427179,141222877,339,1747767917,S,N,8324000000000,8323999000000,8323998000000,8323975000000,8323917000000,577483000,62000,13000,8000,7000,8324001000000,8324002000000,8324003000000,8324040000000,8324041000000,241240000,55000,13000,7000,105000
1791427179,144732110,340,1747767917,D,N,8324000000000,8323999000000,8323998000000,8323975000000,8323917000000,577483000,62000,13000,8000,7000,8324001000000,8324002000000,8324003000000,8324040000000,8324041000000,241240000,55000,13000,7000,105000
1791427179,146325317,341,1617942128,D,N,258292000000,258291000000,258290000000,258288000000,258287000000,8966800000,5000000,24030000,400000,600000,258293000000,258294000000,258295000000,258296000000,258297000000,1777010000,590000,600000,12070000,780000
1791427179,147789630,342,1617942128,S,N,258292000000,258291000000,258290000000,258288000000,258287000000,8966800000,5000000,24030000,400000,600000,258293000000,258294000000,258295000000,258296000000,258297000000,1777010000,590000,600000,12070000,780000
1791427179,227976124,343,1747767917,S,N,8324000000000,8323999000000,8323998000000,8323975000000,8323917000000,577483000,62000,13000,8000,7000,8324001000000,8324002000000,8324003000000,8324040000000,8324041000000,241240000,55000,13000,7000,105000
1791427179,229720784,344,1747767917,D,N,8324000000000,8323999000000,8323998000000,8323975000000,8323917000000,577483000,62000,13000,8000,7000,8324001000000,8324002000000,8324003000000,8324040000000,8324041000000,241240000,55000,13000,7000,105000
1791427179,231217959,345,1617942128,D,N,258292000000,258291000000,258290000000,258288000000,258287000000,8966800000,5000000,24030000,400000,600000,258293000000,258294000000,258295000000,258296000000,258297000000,1777010000,590000,600000,12070000,780000
1791427179,232846675,346,1617942128,S,N,258292000000,258291000000,258290000000,258288000000,258287000000,8966800000,5000000,24030000,400000,600000,258293000000,258294000000,258295000000,258296000000,258297000000,1777010000,590000,600000,12070000,780000
1791427179,341791028,347,1747767917,D,N,8324000000000,8323999000000,8323998000000,8323975000000,8323917000000,577427000,13000,13000,8000,7000,8324001000000,8324002000000,8324003000000,8324040000000,8324041000000,241240000,55000,13000,7000,105000
1791427179,343837320,348,1617942128,D,N,258292000000,258291000000,258290000000,258288000000,258287000000,8966800000,5000000,24030000,400000,600000,258293000000,258294000000,258295000000,258296000000,258297000000,1777010000,590000,600000,12070000,780000
1791427179,345717543,349,1617942128,S,N,258292000000,258291000000,258290000000,258288000000,258287000000,8966800000,5000000,24030000,400000,600000,258293000000,258294000000,258295000000,258296000000,258297000000,1777010000,590000,600000,12070000,780000
1791427179,426908006,350,1747767917,D,N,8324000000000,8323999000000,8323998000000,8323975000000,8323917000000,576882000,62000,13000,8000,7000,8324001000000,8324002000000,8324003000000,8324040000000,8324041000000,240384000,55000,13000,7000,105000
1791427179,430534753,351,1617942128,D,N,258292000000,258291000000,258290000000,258288000000,258287000000,8966800000,5000000,24030000,400000,600000,258293000000,258294000000,258295000000,258296000000,258297000000,1507010000,590000,600000,12070000,780000
1791427179,432216046,352,1617942128,S,N,258292000000,258291000000,258290000000,258288000000,258287000000,8966800000,5000000,24030000,400000,600000,258293000000,258294000000,258295000000,258296000000,258297000000,1507010000,590000,600000,12070000,780000
1791427179,547688504,353,1747767917,D,N,8324000000000,8323999000000,8323998000000,8323975000000,8323917000000,576826000,13000,13000,8000,7000,8324001000000,8324002000000,8324003000000,8324040000000,8324041000000,183406000,55000,13000,7000,105000
1791427179,549113189,354,1617942128,D,N,258292000000,258291000000,258290000000,258288000000,258287000000,8966800000,5000000,24030000,400000,600000,258293000000,258294000000,258295000000,258296000000,258297000000,1491750000,590000,600000,12070000,780000
1791427179,550238891,355,1617942128,S,N,258292000000,258291000000,258290000000,258288000000,258287000000,8966800000,5000000,24030000,400000,600000,258293000000,258294000000,258295000000,258296000000,258297000000,1491750000,590000,600000,12070000,780000
1791427179,622529781,356,1747767917,D,N,8324000000000,8323999000000,8323998000000,8323975000000,8323917000000,576882000,62000,13000,8000,7000,8324001000000,8324002000000,8324003000000,8324040000000,8324041000000,183406000,55000,13000,7000,105000
1791427179,623741018,357,1617942128,D,N,258292000000,258291000000,258290000000,258288000000,258287000000,8966800000,5000000,24030000,400000,600000,258293000000,258294000000,258295000000,258296000000,258297000000,775840000,590000,600000,12070000,780000
1791427179,624926850,358,1617942128,S,N,258292000000,258291000000,258290000000,258288000000,258287000000,8966800000,5000000,24030000,400000,600000,258293000000,258294000000,258295000000,258296000000,258297000000,775840000,590000,600000,12070000,780000
1791427179,767503144,359,1747767917,D,N,8324000000000,8323999000000,8323998000000,8323983000000,8323975000000,615577000,13000,13000,152000,8000,8324001000000,8324002000000,8324003000000,8324040000000,8324041000000,12223000,48000,13000,7000,105000
1791427179,769030433,360,1617942128,D,N,258292000000,258291000000,258290000000,258288000000,258287000000,9007200000,4790000,24030000,400000,600000,258293000000,258294000000,258295000000,258296000000,258297000000,355600000,590000,600000,12070000,780000
1791427179,770393222,361,1617942128,S,N,258292000000,258291000000,258290000000,258288000000,258287000000,9007200000,4790000,24030000,400000,600000,258293000000,258294000000,258295000000,258296000000,258297000000,355600000,590000,600000,12070000,780000
1791427179,846103003,362,1747767917,D,N,8324000000000,8323999000000,8323998000000,8323983000000,8323975000000,615584000,13000,13000,152000,8000,8324001000000,8324002000000,8324003000000,8324040000000,8324041000000,12202000,41000,13000,7000,105000
1791427179,847346905,363,1617942128,D,N,258292000000,258291000000,258290000000,258288000000,258287000000,9007200000,4790000,24030000,400000,600000,258293000000,258294000000,258295000000,258296000000,258297000000,355600000,590000,600000,12070000,780000
1791427179,848523319,364,1617942128,S,N,258292000000,258291000000,258290000000,258288000000,258287000000,9007200000,4790000,24030000,400000,600000,258293000000,258294000000,258295000000,258296000000,258297000000,355600000,590000,600000,12070000,780000
1791427179,938052073,365,1747767917,D,N,8324402000000,8324401000000,8324400000000,8324273000000,8324145000000,889614000,13000,13000,8000,2437000,8324403000000,8324404000000,8324405000000,8324406000000,8324439000000,223155000,35000,14000,7000,282000
1791427179,938952065,366,1617942128,D,N,258292000000,258291000000,258290000000,258288000000,258287000000,9235970000,4790000,24030000,400000,600000,258293000000,258294000000,258295000000,258296000000,258297000000,239620000,590000,600000,12070000,780000
1791427179,939612615,367,1617942128,S,N,258292000000,258291000000,258290000000,258288000000,258287000000,9235970000,4790000,24030000,400000,600000,258293000000,258294000000,258295000000,258296000000,258297000000,239620000,590000,600000,12070000,780000
1791427180,43650123,368,1747767917,D,N,8324402000000,8324401000000,8324400000000,8324273000000,8324146000000,925430000,13000,13000,8000,14000,8324403000000,8324404000000,8324448000000,8324459000000,8324465000000,187421000,42000,7000,7000,194000
1791427180,44857339,369,1617942128,D,N,258292000000,258291000000,258290000000,258288000000,258287000000,9235970000,4790000,24030000,400000,600000,258293000000,258294000000,258295000000,258296000000,258297000000,239620000,590000,600000,12070000,780000
1791427180,45743009,370,1617942128,S,N,258292000000,258291000000,258290000000,258288000000,258287000000,9235970000,4790000,24030000,400000,600000,258293000000,258294000000,258295000000,258296000000,258297000000,239620000,590000,600000,12070000,780000
1791427180,132187169,371,1747767917,D,N,8324402000000,8324401000000,8324400000000,8324268000000,8324146000000,926547000,62000,13000,1744000,14000,8324403000000,8324404000000,8324448000000,8324459000000,8324465000000,153690000,42000,7000,7000,194000
1791427180,133193101,372,1617942128,D,N,258292000000,258291000000,258290000000,258288000000,258287000000,9235970000,4790000,24030000,400000,600000,258293000000,258294000000,258295000000,258296000000,258297000000,239620000,590000,600000,12070000,780000
1791427180,133965181,373,1617942128,S,N,258292000000,258291000000,258290000000,258288000000,258287000000,9235970000,4790000,24030000,400000,600000,258293000000,258294000000,258295000000,258296000000,258297000000,239620000,590000,600000,12070000,780000
1791427180,259852533,374,1747767917,D,N,8324402000000,8324401000000,8324400000000,8324269000000,8324268000000,926591000,83000,13000,14000,1744000,8324403000000,8324404000000,8324448000000,8324459000000,8324465000000,244466000,42000,7000,7000,194000
1791427180,263063960,375,1617942128,D,N,258292000000,258291000000,258290000000,258288000000,258287000000,9235970000,4790000,24030000,400000,600000,258293000000,258294000000,258295000000,258296000000,258297000000,239620000,590000,600000,12070000,780000
1791427180,265127615,376,1617942128,S,N,258292000000,258291000000,258290000000,258288000000,258287000000,9235970000,4790000,24030000,400000,600000,258293000000,258294000000,258295000000,258296000000,258297000000,239620000,590000,600000,12070000,780000
1791427180,323463773,377,1747767917,D,N,8324402000000,8324401000000,8324400000000,8324269000000,8324268000000,926570000,76000,13000,14000,1744000,8324403000000,8324404000000,8324448000000,8324459000000,8324465000000,244466000,42000,7000,7000,194000
1791427180,327097779,378,1617942128,D,N,258292000000,258291000000,258290000000,258288000000,258287000000,9235970000,4790000,24030000,400000,600000,258293000000,258294000000,258295000000,258296000000,258297000000,582320000,590000,600000,12070000,780000
1791427180,329728208,379,1617942128,S,N,258292000000,258291000000,258290000000,258288000000,258287000000,9235970000,4790000,24030000,400000,600000,258293000000,258294000000,258295000000,258296000000,258297000000,582320000,590000,600000,12070000,780000
1791427180,486121219,380,1747767917,D,N,8324402000000,8324401000000,8324400000000,8324269000000,8324268000000,926570000,76000,13000,14000,1744000,8324403000000,8324404000000,8324448000000,8324459000000,8324465000000,270912000,42000,7000,7000,194000
1791427180,489012671,381,1617942128,D,N,258292000000,258291000000,258290000000,258288000000,258287000000,9235970000,4790000,24030000,400000,600000,258293000000,258294000000,258295000000,258296000000,258297000000,563560000,590000,600000,12070000,780000
1791427180,491298503,382,1617942128,S,N,258292000000,258291000000,258290000000,258288000000,258287000000,9235970000,4790000,24030000,400000,600000,258293000000,258294000000,258295000000,258296000000,258297000000,563560000,590000,600000,12070000,780000
1791427180,503719668,383,1747767917,S,N,8324402000000,8324401000000,8324400000000,8324269000000,8324268000000,926570000,76000,13000,14000,1744000,8324403000000,8324404000000,8324448000000,8324459000000,8324465000000,270912000,42000,7000,7000,194000
1791427180,506140671,384,1747767917,D,N,8324402000000,8324401000000,8324400000000,8324269000000,8324268000000,926570000,76000,13000,14000,1744000,8324403000000,8324404000000,8324448000000,8324459000000,8324465000000,270912000,42000,7000,7000,194000
1791427180,508152043,385,1617942128,D,N,258292000000,258291000000,258290000000,258288000000,258287000000,9219100000,4790000,24030000,400000,600000,258293000000,258294000000,258295000000,258296000000,258297000000,563560000,590000,600000,12070000,780000
1791427180,509355041,386,1617942128,S,N,258292000000,258291000000,258290000000,258288000000,258287000000,9219100000,4790000,24030000,400000,600000,258293000000,258294000000,258295000000,258296000000,258297000000,563560000,590000,600000,12070000,780000
1791427180,601866079,387,1747767917,S,N,8324402000000,8324401000000,8324400000000,8324269000000,8324268000000,926570000,76000,13000,14000,1744000,8324403000000,8324404000000,8324448000000,8324459000000,8324465000000,270912000,42000,7000,7000,194000
1791427180,603529225,388,1747767917,D,N,8324402000000,8324401000000,8324400000000,8324269000000,8324268000000,926570000,76000,13000,14000,1744000,8324403000000,8324404000000,8324448000000,8324459000000,8324465000000,270912000,42000,7000,7000,194000
1791427180,605035718,389,1617942128,D,N,258292000000,258291000000,258290000000,258288000000,258287000000,9219100000,4790000,24030000,400000,600000,258293000000,258294000000,258295000000,258296000000,258297000000,563560000,590000,600000,12070000,780000
1791427180,606329352,390,1617942128,S,N,258292000000,258291000000,258290000000,258288000000,258287000000,9219100000,4790000,24030000,400000,600000,258293000000,258294000000,258295000000,258296000000,258297000000,563560000,590000,600000,12070000,780000
1791427180,700831163,391,1747767917,S,N,8324402000000,8324401000000,8324400000000,8324269000000,8324268000000,926570000,76000,13000,14000,1744000,8324403000000,8324404000000,8324448000000,8324459000000,8324465000000,270912000,42000,7000,7000,194000
1791427180,702752094,392,1747767917,D,N,8324402000000,8324401000000,8324400000000,8324269000000,8324268000000,926570000,76000,13000,14000,1744000,8324403000000,8324404000000,8324448000000,8324459000000,8324465000000,270912000,42000,7000,7000,194000
1791427180,704333432,393,1617942128,D,N,258292000000,258291000000,258290000000,258288000000,258287000000,9219100000,4790000,24030000,400000,600000,258293000000,258294000000,258295000000,258296000000,258297000000,220860000,590000,600000,12070000,780000
1791427180,705680232,394,1617942128,S,N,258292000000,258291000000,258290000000,258288000000,258287000000,9219100000,4790000,24030000,400000,600000,258293000000,258294000000,258295000000,258296000000,258297000000,220860000,590000,600000,12070000,780000
1791427180,799208482,395,1747767917,D,N,8324402000000,8324401000000,8324400000000,8324269000000,8324268000000,926577000,76000,13000,14000,1744000,8324403000000,8324404000000,8324405000000,8324448000000,8324459000000,270945000,55000,13000,7000,7000
1791427180,800805121,396,1617942128,D,N,258292000000,258291000000,258290000000,258288000000,258287000000,2976310000,5000000,24030000,400000,600000,258293000000,258294000000,258295000000,258296000000,258297000000,802210000,590000,600000,12070000,780000
1791427180,802421576,397,1617942128,S,N,258292000000,258291000000,258290000000,258288000000,258287000000,2976310000,5000000,24030000,400000,600000,258293000000,258294000000,258295000000,258296000000,258297000000,802210000,590000,600000,12070000,780000
1791427180,899026474,398,1747767917,D,N,8324402000000,8324401000000,8324400000000,8324269000000,8324268000000,926577000,76000,13000,14000,1744000,8324403000000,8324404000000,8324405000000,8324448000000,8324459000000,270938000,55000,13000,7000,7000
1791427180,900674220,399,1617942128,D,N,258292000000,258291000000,258290000000,258288000000,258287000000,4476310000,5000000,24030000,400000,600000,258293000000,258294000000,258295000000,258296000000,258297000000,563560000,590000,600000,12070000,780000
1791427180,902035733,400,1617942128,S,N,258292000000,258291000000,258290000000,258288000000,258287000000,4476310000,5000000,24030000,400000,600000,258293000000,258294000000,258295000000,258296000000,258297000000,563560000,590000,600000,12070000,780000
1791427180,994933547,401,1747767917,D,N,8324402000000,8324401000000,8324400000000,8324269000000,8324268000000,926598000,76000,13000,14000,1744000,8324403000000,8324404000000,8324405000000,8324448000000,8324459000000,270903000,55000,13000,7000,7000
1791427180,996443670,402,1617942128,D,N,258292000000,258291000000,258290000000,258288000000,258287000000,4476310000,5000000,24030000,400000,600000,258293000000,258294000000,258295000000,258296000000,258297000000,793520000,590000,600000,12070000,780000
1791427180,997623322,403,1617942128,S,N,258292000000,258291000000,258290000000,258288000000,258287000000,4476310000,5000000,24030000,400000,600000,258293000000,258294000000,258295000000,258296000000,258297000000,793520000,590000,600000,12070000,780000
1791427181,95531369,404,1747767917,D,N,8324402000000,8324401000000,8324400000000,8324269000000,8324268000000,824020000,76000,13000,14000,1744000,8324403000000,8324404000000,8324405000000,8324448000000,8324459000000,275346000,55000,13000,7000,7000
1791427181,97096227,405,1617942128,D,N,258292000000,258291000000,258290000000,258288000000,258287000000,4476310000,5000000,24030000,400000,600000,258293000000,258294000000,258295000000,258296000000,258297000000,793520000,590000,600000,12070000,780000
1791427181,98770948,406,1617942128,S,N,258292000000,258291000000,258290000000,258288000000,258287000000,4476310000,5000000,24030000,400000,600000,258293000000,258294000000,258295000000,258296000000,258297000000,793520000,590000,600000,12070000,780000
1791427181,193385859,407,1747767917,D,N,8324402000000,8324401000000,8324400000000,8324269000000,8324268000000,312854000,76000,13000,14000,1744000,8324403000000,8324404000000,8324405000000,8324448000000,8324459000000,315713000,55000,13000,7000,7000
1791427181,195656585,408,1617942128,D,N,258292000000,258291000000,258290000000,258288000000,258287000000,3833020000,48370000,24030000,400000,600000,258293000000,258294000000,258295000000,258296000000,258297000000,3111600000,790000,600000,12070000,780000
1791427181,197902004,409,1617942128,S,N,258292000000,258291000000,258290000000,258288000000,258287000000,3833020000,48370000,24030000,400000,600000,258293000000,258294000000,258295000000,258296000000,258297000000,3111600000,790000,600000,12070000,780000
1791427181,289633016,410,1747767917,D,N,8324402000000,8324401000000,8324400000000,8324269000000,8324268000000,369238000,90000,413000,14000,1744000,8324403000000,8324404000000,8324405000000,8324448000000,8324459000000,315699000,55000,13000,7000,7000
1791427181,290422753,411,1617942128,D,N,258292000000,258291000000,258290000000,258288000000,258287000000,3832820000,48370000,24030000,400000,600000,258293000000,258294000000,258295000000,258296000000,258297000000,1946690000,790000,600000,12070000,780000
1791427181,291034061,412,1617942128,S,N,258292000000,258291000000,258290000000,258288000000,258287000000,3832820000,48370000,24030000,400000,600000,258293000000,258294000000,258295000000,258296000000,258297000000,1946690000,790000,600000,12070000,780000
1791427181,388111761,413,1747767917,D,N,8324402000000,8324401000000,8324400000000,8324269000000,8324268000000,369252000,90000,413000,14000,1744000,8324403000000,8324404000000,8324405000000,8324448000000,8324459000000,315676000,41000,13000,7000,7000
1791427181,390231917,414,1617942128,D,N,258292000000,258291000000,258290000000,258288000000,258287000000,3832820000,48370000,24030000,400000,600000,258293000000,258294000000,258295000000,258296000000,258297000000,1946690000,790000,600000,12070000,780000
1791427181,392466448,415,1617942128,S,N,258292000000,258291000000,258290000000,258288000000,258287000000,3832820000,48370000,24030000,400000,600000,258293000000,258294000000,258295000000,258296000000,258297000000,1946690000,790000,600000,12070000,780000
1791427181,485119228,416,1747767917,D,N,8324402000000,8324401000000,8324400000000,8324269000000,8324268000000,369252000,90000,413000,14000,1744000,8324403000000,8324404000000,8324405000000,8324448000000,8324459000000,315654000,27000,13000,7000,7000
1791427181,486794047,417,1617942128,D,N,258292000000,258291000000,258290000000,258288000000,258287000000,3832820000,48370000,24030000,400000,600000,258293000000,258294000000,258295000000,258296000000,258297000000,1946690000,790000,600000,12070000,780000
1791427181,488162428,418,1617942128,S,N,258292000000,258291000000,258290000000,258288000000,258287000000,3832820000,48370000,24030000,400000,600000,258293000000,258294000000,258295000000,258296000000,258297000000,1946690000,790000,600000,12070000,780000
1791427181,584128062,419,1747767917,D,N,8324402000000,8324401000000,8324400000000,8324269000000,8324268000000,312274000,90000,413000,14000,1744000,8324403000000,8324404000000,8324405000000,8324448000000,8324459000000,315654000,27000,13000,7000,7000
1791427181,585826913,420,1617942128,D,N,258292000000,258291000000,258290000000,258288000000,258287000000,3832820000,48370000,24030000,400000,600000,258293000000,258294000000,258295000000,258296000000,258297000000,2741510000,790000,600000,12070000,780000
1791427181,587473285,421,1617942128,S,N,258292000000,258291000000,258290000000,258288000000,258287000000,3832820000,48370000,24030000,400000,600000,258293000000,258294000000,258295000000,258296000000,258297000000,2741510000,790000,600000,12070000,780000
1791427181,681820994,422,1747767917,D,N,8324402000000,8324401000000,8324400000000,8324269000000,8324268000000,312281000,90000,413000,14000,1744000,8324403000000,8324404000000,8324405000000,8324448000000,8324459000000,315654000,27000,13000,7000,7000
1791427181,683652367,423,1617942128,D,N,258292000000,258291000000,258290000000,258288000000,258287000000,3832820000,48370000,24030000,400000,600000,258293000000,258294000000,258295000000,258296000000,258297000000,2741510000,790000,600000,12070000,780000
1791427181,684983276,424,1617942128,S,N,258292000000,258291000000,258290000000,258288000000,258287000000,3832820000,48370000,24030000,400000,600000,258293000000,258294000000,258295000000,258296000000,258297000000,2741510000,790000,600000,12070000,780000
1791427181,779729924,425,1747767917,D,N,8324402000000,8324401000000,8324400000000,8324269000000,8324268000000,312258000,90000,1413000,14000,1744000,8324403000000,8324404000000,8324405000000,8324448000000,8324459000000,315654000,27000,13000,7000,7000
1791427181,781131361,426,1617942128,D,N,258292000000,258291000000,258290000000,258288000000,258287000000,3832820000,48370000,24030000,400000,600000,258293000000,258294000000,258295000000,258296000000,258297000000,3145330000,790000,600000,12070000,780000
1791427181,782391841,427,1617942128,S,N,258292000000,258291000000,258290000000,258288000000,258287000000,3832820000,48370000,24030000,400000,600000,258293000000,258294000000,258295000000,258296000000,258297000000,3145330000,790000,600000,12070000,780000
1791427181,877391271,428,1747767917,D,N,8324402000000,8324401000000,8324400000000,8324269000000,8324268000000,312289000,1480000,1413000,14000,1744000,8324403000000,8324404000000,8324405000000,8324448000000,8324459000000,315654000,27000,13000,7000,7000
1791427181,878987911,429,1617942128,D,N,258292000000,258291000000,258290000000,258288000000,258287000000,3832820000,48370000,24030000,400000,600000,258293000000,258294000000,258295000000,258296000000,258297000000,3145330000,790000,600000,12070000,780000
1791427181,880484595,430,1617942128,S,N,258292000000,258291000000,258290000000,258288000000,258287000000,3832820000,48370000,24030000,400000,600000,258293000000,258294000000,258295000000,258296000000,258297000000,3145330000,790000,600000,12070000,780000
1791427181,979516676,431,1747767917,D,N,8324402000000,8324401000000,8324400000000,8324269000000,8324268000000,403115000,1473000,1413000,14000,1744000,8324403000000,8324404000000,8324405000000,8324448000000,8324459000000,315696000,62000,13000,7000,7000
1791427181,981601813,432,1617942128,D,N,258292000000,258291000000,258290000000,258288000000,258287000000,3832820000,48370000,24030000,400000,600000,258293000000,258294000000,258295000000,258296000000,258297000000,1985410000,790000,600000,12070000,780000
1791427181,983735309,433,1617942128,S,N,258292000000,258291000000,258290000000,258288000000,258287000000,3832820000,48370000,24030000,400000,600000,258293000000,258294000000,258295000000,258296000000,258297000000,1985410000,790000,600000,12070000,780000
1791427182,74439398,434,1747767917,D,N,8324402000000,8324401000000,8324400000000,8324269000000,8324268000000,403115000,1473000,1413000,14000,1744000,8324403000000,8324404000000,8324405000000,8324448000000,8324459000000,315817000,48000,13000,7000,7000
1791427182,78145698,435,1617942128,D,N,258292000000,258291000000,258290000000,258288000000,258287000000,3832820000,48370000,24030000,400000,600000,258293000000,258294000000,258295000000,258296000000,258297000000,1985210000,590000,600000,12070000,780000
1791427182,80479694,436,1617942128,S,N,258292000000,258291000000,258290000000,258288000000,258287000000,3832820000,48370000,24030000,400000,600000,258293000000,258294000000,258295000000,258296000000,258297000000,1985210000,590000,600000,12070000,780000
1791427182,174874780,437,1747767917,D,N,8324402000000,8324401000000,8324400000000,8324269000000,8324268000000,505647000,1445000,1413000,14000,1744000,8324403000000,8324404000000,8324405000000,8324448000000,8324459000000,315859000,62000,13000,7000,7000
1791427182,176509970,438,1617942128,D,N,258292000000,258291000000,258290000000,258288000000,258287000000,3832820000,48370000,24030000,400000,600000,258293000000,258294000000,258295000000,258296000000,258297000000,2471310000,590000,600000,12070000,780000
1791427182,178035788,439,1617942128,S,N,258292000000,258291000000,258290000000,258288000000,258287000000,3832820000,48370000,24030000,400000,600000,258293000000,258294000000,258295000000,258296000000,258297000000,2471310000,590000,600000,12070000,780000
1791427182,269691662,440,1747767917,D,N,8324402000000,8324401000000,8324400000000,8324269000000,8324268000000,505675000,1445000,1413000,14000,1744000,8324403000000,8324404000000,8324405000000,8324448000000,8324459000000,315838000,62000,13000,7000,7000
1791427182,271365500,441,1617942128,D,N,258292000000,258291000000,258290000000,258288000000,258287000000,3832820000,48370000,24030000,400000,600000,258293000000,258294000000,258295000000,258296000000,258297000000,1985210000,590000,600000,12070000,780000
1791427182,272801858,442,1617942128,S,N,258292000000,258291000000,258290000000,258288000000,258287000000,3832820000,48370000,24030000,400000,600000,258293000000,258294000000,258295000000,258296000000,258297000000,1985210000,590000,600000,12070000,780000
1791427182,398238478,443,1747767917,S,N,8324402000000,8324401000000,8324400000000,8324269000000,8324268000000,505675000,1445000,1413000,14000,1744000,8324403000000,8324404000000,8324405000000,8324448000000,8324459000000,315838000,62000,13000,7000,7000
1791427182,400051509,444,1747767917,D,N,8324402000000,8324401000000,8324400000000,8324269000000,8324268000000,505675000,1445000,1413000,14000,1744000,8324403000000,8324404000000,8324405000000,8324448000000,8324459000000,315838000,62000,13000,7000,7000
1791427182,401597239,445,1617942128,D,N,258292000000,258291000000,258290000000,258288000000,258287000000,3754050000,48370000,24030000,24550000,600000,258293000000,258294000000,258295000000,258296000000,258297000000,1985210000,590000,600000,12070000,780000
1791427182,403059689,446,1617942128,S,N,258292000000,258291000000,258290000000,258288000000,258287000000,3754050000,48370000,24030000,24550000,600000,258293000000,258294000000,258295000000,258296000000,258297000000,1985210000,590000,600000,12070000,780000
1791427182,466987667,447,1747767917,D,N,8324402000000,8324401000000,8324400000000,8324269000000,8324268000000,505661000,1445000,1413000,14000,1744000,8324403000000,8324404000000,8324405000000,8324448000000,8324459000000,315840000,69000,13000,7000,7000
1791427182,468857394,448,1617942128,D,N,258292000000,258291000000,258290000000,258289000000,258288000000,3754050000,48370000,24030000,210000,24550000,258293000000,258294000000,258295000000,258296000000,258297000000,1985210000,590000,600000,12070000,780000
1791427182,470309643,449,1617942128,S,N,258292000000,258291000000,258290000000,258289000000,258288000000,3754050000,48370000,24030000,210000,24550000,258293000000,258294000000,258295000000,258296000000,258297000000,1985210000,590000,600000,12070000,780000
1791427182,564665984,450,1747767917,D,N,8324402000000,8324401000000,8324400000000,8324269000000,8324268000000,505675000,1445000,1413000,14000,1744000,8324403000000,8324404000000,8324405000000,8324448000000,8324459000000,315840000,69000,13000,7000,7000
1791427182,566681475,451,1617942128,D,N,258292000000,258291000000,258290000000,258289000000,258288000000,3744960000,48370000,24030000,210000,24550000,258293000000,258294000000,258295000000,258296000000,258297000000,1985210000,590000,600000,12070000,780000
1791427182,568288611,452,1617942128,S,N,258292000000,258291000000,258290000000,258289000000,258288000000,3744960000,48370000,24030000,210000,24550000,258293000000,258294000000,258295000000,258296000000,258297000000,1985210000,590000,600000,12070000,780000
1791427182,662872426,453,1747767917,D,N,8324402000000,8324401000000,8324400000000,8324269000000,8324268000000,505640000,1445000,1413000,14000,1744000,8324403000000,8324404000000,8324405000000,8324448000000,8324459000000,316628000,69000,13000,7000,7000
1791427182,664260719,454,1617942128,D,N,258292000000,258291000000,258290000000,258289000000,258288000000,3744960000,48370000,24030000,210000,24550000,258293000000,258294000000,258295000000,258296000000,258297000000,1985210000,590000,600000,12070000,780000
1791427182,665658331,455,1617942128,S,N,258292000000,258291000000,258290000000,258289000000,258288000000,3744960000,48370000,24030000,210000,24550000,258293000000,258294000000,258295000000,258296000000,258297000000,1985210000,590000,600000,12070000,780000
1791427182,762046054,456,1747767917,D,N,8324402000000,8324401000000,8324400000000,8324269000000,8324268000000,506241000,1445000,1413000,14000,1744000,8324403000000,8324404000000,8324405000000,8324448000000,8324459000000,316628000,69000,13000,7000,7000
1791427182,764464899,457,1617942128,D,N,258292000000,258291000000,258290000000,258289000000,258288000000,3744960000,48370000,24030000,210000,24550000,258293000000,258294000000,258295000000,258296000000,258297000000,1985210000,590000,600000,12070000,780000
1791427182,765915088,458,1617942128,S,N,258292000000,258291000000,258290000000,258289000000,258288000000,3744960000,48370000,24030000,210000,24550000,258293000000,258294000000,258295000000,258296000000,258297000000,1985210000,590000,600000,12070000,780000
1791427182,858812411,459,1747767917,D,N,8324402000000,8324401000000,8324400000000,8324269000000,8324268000000,506276000,1445000,1413000,14000,1744000,8324403000000,8324404000000,8324405000000,8324448000000,8324459000000,316628000,69000,13000,7000,7000
1791427182,860325967,460,1617942128,D,N,258292000000,258291000000,258290000000,258289000000,258288000000,3744960000,48370000,24030000,210000,24550000,258293000000,258294000000,258295000000,258296000000,258297000000,1985410000,790000,600000,12070000,780000
1791427182,861898771,461,1617942128,S,N,258292000000,258291000000,258290000000,258289000000,258288000000,3744960000,48370000,24030000,210000,24550000,258293000000,258294000000,258295000000,258296000000,258297000000,1985410000,790000,600000,12070000,780000
1791427182,984544092,462,1747767917,D,N,8324402000000,8324401000000,8324400000000,8324269000000,8324268000000,506234000,1445000,1413000,14000,1744000,8324403000000,8324404000000,8324405000000,8324448000000,8324459000000,316612000,69000,13000,7000,7000
1791427182,986054313,463,1617942128,D,N,258292000000,258291000000,258290000000,258289000000,258288000000,3744960000,48370000,24030000,210000,24550000,258293000000,258294000000,258295000000,258296000000,258297000000,2471510000,790000,600000,12070000,780000
1791427182,987479194,464,1617942128,S,N,258292000000,258291000000,258290000000,258289000000,258288000000,3744960000,48370000,24030000,210000,24550000,258293000000,258294000000,258295000000,258296000000,258297000000,2471510000,790000,600000,12070000,780000
1791427183,102105120,465,1747767917,D,N,8324402000000,8324401000000,8324400000000,8324269000000,8324268000000,505675000,1445000,1413000,14000,1744000,8324403000000,8324404000000,8324405000000,8324448000000,8324459000000,316598000,69000,13000,7000,7000
1791427183,103618480,466,1617942128,D,N,258292000000,258291000000,258290000000,258289000000,258288000000,3744960000,48370000,24030000,210000,24550000,258293000000,258294000000,258295000000,258296000000,258297000000,2741510000,790000,600000,12070000,780000
1791427183,105078380,467,1617942128,S,N,258292000000,258291000000,258290000000,258289000000,258288000000,3744960000,48370000,24030000,210000,24550000,258293000000,258294000000,258295000000,258296000000,258297000000,2741510000,790000,600000,12070000,780000
1791427183,184083751,468,1747767917,D,N,8324402000000,8324401000000,8324400000000,8324269000000,8324268000000,312369000,1445000,1413000,14000,1744000,8324403000000,8324404000000,8324405000000,8324448000000,8324459000000,332966000,69000,13000,7000,7000
1791427183,185640859,469,1617942128,D,N,258292000000,258291000000,258290000000,258288000000,258287000000,3282260000,103970000,24030000,400000,810000,258293000000,258294000000,258295000000,258296000000,258297000000,3163900000,590000,600000,12070000,780000
1791427183,187560712,470,1617942128,S,N,258292000000,258291000000,258290000000,258288000000,258287000000,3282260000,103970000,24030000,400000,810000,258293000000,258294000000,258295000000,258296000000,258297000000,3163900000,590000,600000,12070000,780000
1791427183,250826864,471,1747767917,D,N,8324402000000,8324401000000,8324400000000,8324269000000,8324268000000,312369000,1445000,1413000,14000,1744000,8324403000000,8324404000000,8324405000000,8324448000000,8324459000000,332979000,69000,13000,7000,7000
1791427183,252361412,472,1617942128,D,N,258292000000,258291000000,258290000000,258288000000,258287000000,3539100000,103970000,24030000,400000,810000,258293000000,258294000000,258295000000,258296000000,258297000000,3163900000,590000,600000,12070000,780000
1791427183,254750535,473,1617942128,S,N,258292000000,258291000000,258290000000,258288000000,258287000000,3539100000,103970000,24030000,400000,810000,258293000000,258294000000,258295000000,258296000000,258297000000,3163900000,590000,600000,12070000,780000
1791427183,355821846,474,1747767917,D,N,8324402000000,8324401000000,8324400000000,8324269000000,8324268000000,312369000,1445000,1413000,14000,1744000,8324403000000,8324404000000,8324405000000,8324448000000,8324459000000,332951000,48000,13000,7000,7000
1791427183,357274978,475,1617942128,D,N,258292000000,258291000000,258290000000,258289000000,258288000000,3539100000,103970000,24240000,57270000,400000,258293000000,258294000000,258295000000,258296000000,258297000000,3163900000,590000,600000,12070000,780000
1791427183,358857296,476,1617942128,S,N,258292000000,258291000000,258290000000,258289000000,258288000000,3539100000,103970000,24240000,57270000,400000,258293000000,258294000000,258295000000,258296000000,258297000000,3163900000,590000,600000,12070000,780000
1791427183,468094061,477,1747767917,S,N,8324402000000,8324401000000,8324400000000,8324269000000,8324268000000,312369000,1445000,1413000,14000,1744000,8324403000000,8324404000000,8324405000000,8324448000000,8324459000000,332951000,48000,13000,7000,7000
1791427183,469425951,478,1747767917,D,N,8324402000000,8324401000000,8324400000000,8324269000000,8324268000000,312369000,1445000,1413000,14000,1744000,8324403000000,8324404000000,8324405000000,8324448000000,8324459000000,332951000,48000,13000,7000,7000
1791427183,470167525,479,1617942128,D,N,258292000000,258291000000,258290000000,258289000000,258288000000,3539100000,103970000,24240000,57270000,400000,258293000000,258294000000,258295000000,258296000000,258297000000,3163900000,590000,600000,12070000,780000
1791427183,471062710,480,1617942128,S,N,258292000000,258291000000,258290000000,258289000000,258288000000,3539100000,103970000,24240000,57270000,400000,258293000000,258294000000,258295000000,258296000000,258297000000,3163900000,590000,600000,12070000,780000
1791427183,546163341,481,1747767917,D,N,8324402000000,8324401000000,8324400000000,8324269000000,8324268000000,312369000,1445000,1413000,14000,1744000,8324403000000,8324404000000,8324405000000,8324448000000,8324459000000,332948000,55000,13000,7000,7000
1791427183,547271288,482,1617942128,D,N,258292000000,258291000000,258290000000,258289000000,258288000000,3533000000,103970000,24240000,57270000,400000,258293000000,258294000000,258295000000,258296000000,258297000000,3163900000,590000,600000,12070000,780000
1791427183,548222876,483,1617942128,S,N,258292000000,258291000000,258290000000,258289000000,258288000000,3533000000,103970000,24240000,57270000,400000,258293000000,258294000000,258295000000,258296000000,258297000000,3163900000,590000,600000,12070000,780000
1791427183,671709923,484,1747767917,S,N,8324402000000,8324401000000,8324400000000,8324269000000,8324268000000,312369000,1445000,1413000,14000,1744000,8324403000000,8324404000000,8324405000000,8324448000000,8324459000000,332948000,55000,13000,7000,7000
1791427183,673245746,485,1747767917,D,N,8324402000000,8324401000000,8324400000000,8324269000000,8324268000000,312369000,1445000,1413000,14000,1744000,8324403000000,8324404000000,8324405000000,8324448000000,8324459000000,332948000,55000,13000,7000,7000
1791427183,674537222,486,1617942128,D,N,258292000000,258291000000,258290000000,258289000000,258288000000,3533000000,103970000,24240000,57270000,400000,258293000000,258294000000,258295000000,258296000000,258297000000,3163900000,590000,600000,12070000,780000
1791427183,675763271,487,1617942128,S,N,258292000000,258291000000,258290000000,258289000000,258288000000,3533000000,103970000,24240000,57270000,400000,258293000000,258294000000,258295000000,258296000000,258297000000,3163900000,590000,600000,12070000,780000
1791427183,805661204,488,1747767917,S,N,8324402000000,8324401000000,8324400000000,8324269000000,8324268000000,312369000,1445000,1413000,14000,1744000,8324403000000,8324404000000,8324405000000,8324448000000,8324459000000,332948000,55000,13000,7000,7000
1791427183,809131299,489,1747767917,D,N,8324402000000,8324401000000,8324400000000,8324269000000,8324268000000,312369000,1445000,1413000,14000,1744000,8324403000000,8324404000000,8324405000000,8324448000000,8324459000000,332948000,55000,13000,7000,7000
1791427183,812116624,490,1617942128,D,N,258292000000,258291000000,258290000000,258289000000,258288000000,3339330000,103970000,24240000,57270000,400000,258293000000,258294000000,258295000000,258296000000,258297000000,3163900000,590000,600000,12070000,780000
1791427183,815121763,491,1617942128,S,N,258292000000,258291000000,258290000000,258289000000,258288000000,3339330000,103970000,24240000,57270000,400000,258293000000,258294000000,258295000000,258296000000,258297000000,3163900000,590000,600000,12070000,780000
1791427183,861224112,492,1747767917,D,N,8324402000000,8324401000000,8324400000000,8324269000000,8324268000000,312368000,1445000,1413000,14000,1744000,8324403000000,8324404000000,8324405000000,8324448000000,8324459000000,332948000,55000,13000,7000,7000
1791427183,862548253,493,1617942128,D,N,258292000000,258291000000,258290000000,258289000000,258288000000,3069330000,103970000,24240000,57270000,400000,258293000000,258294000000,258295000000,258296000000,258297000000,3164100000,790000,600000,12070000,780000
1791427183,863986670,494,1617942128,S,N,258292000000,258291000000,258290000000,258289000000,258288000000,3069330000,103970000,24240000,57270000,400000,258293000000,258294000000,258295000000,258296000000,258297000000,3164100000,790000,600000,12070000,780000
1791427183,941168319,495,1747767917,D,N,8324402000000,8324401000000,8324400000000,8324269000000,8324268000000,312375000,1445000,1413000,14000,1744000,8324403000000,8324404000000,8324405000000,8324448000000,8324459000000,332983000,62000,13000,7000,7000
1791427183,942779280,496,1617942128,D,N,258292000000,258291000000,258290000000,258289000000,258288000000,2188410000,48970000,24240000,300460000,838720000,258293000000,258294000000,258295000000,258296000000,258297000000,3202810000,790000,600000,12070000,282560000
1791427183,944051726,497,1617942128,S,N,258292000000,258291000000,258290000000,258289000000,258288000000,2188410000,48970000,24240000,300460000,838720000,258293000000,258294000000,258295000000,258296000000,258297000000,3202810000,790000,600000,12070000,282560000
1791427184,82055178,498,1747767917,D,N,8324402000000,8324401000000,8324400000000,8324269000000,8324268000000,312375000,1445000,1413000,14000,1744000,8324403000000,8324404000000,8324405000000,8324448000000,8324459000000,332941000,48000,13000,7000,7000
1791427184,83560495,499,1617942128,D,N,258292000000,258291000000,258290000000,258289000000,258288000000,2188410000,48970000,24240000,300460000,838720000,258293000000,258294000000,258295000000,258296000000,258297000000,3245580000,590000,600000,12280000,282560000
1791427184,84872668,500,1617942128,S,N,258292000000,258291000000,258290000000,258289000000,258288000000,2188410000,48970000,24240000,300460000,838720000,258293000000,258294000000,258295000000,258296000000,258297000000,3245580000,590000,600000,12280000,282560000
1791427184,168053904,501,1747767917,D,N,8324402000000,8324401000000,8324400000000,8324269000000,8324268000000,312375000,1445000,1413000,14000,1744000,8324403000000,8324404000000,8324405000000,8324448000000,8324459000000,332948000,55000,13000,7000,7000
1791427184,169398153,502,1617942128,D,N,258292000000,258291000000,258290000000,258289000000,258288000000,2188410000,887070000,24240000,57270000,400000,258293000000,258294000000,258295000000,258296000000,258297000000,3245580000,590000,600000,12280000,282560000
1791427184,170842947,503,1617942128,S,N,258292000000,258291000000,258290000000,258289000000,258288000000,2188410000,887070000,24240000,57270000,400000,258293000000,258294000000,258295000000,258296000000,258297000000,3245580000,590000,600000,12280000,282560000
1791427184,242673689,504,1747767917,D,N,8324402000000,8324401000000,8324400000000,8324269000000,8324268000000,312375000,1445000,1413000,14000,1744000,8324403000000,8324404000000,8324405000000,8324448000000,8324459000000,330866000,55000,13000,7000,7000
1791427184,243788306,505,1617942128,D,N,258292000000,258291000000,258290000000,258289000000,258288000000,2188410000,887070000,24240000,57270000,400000,258293000000,258294000000,258295000000,258296000000,258297000000,3245580000,590000,600000,12280000,282560000
1791427184,244941178,506,1617942128,S,N,258292000000,258291000000,258290000000,258289000000,258288000000,2188410000,887070000,24240000,57270000,400000,258293000000,258294000000,258295000000,258296000000,258297000000,3245580000,590000,600000,12280000,282560000
1791427184,398714551,507,1747767917,S,N,8324402000000,8324401000000,8324400000000,8324269000000,8324268000000,312375000,1445000,1413000,14000,1744000,8324403000000,8324404000000,8324405000000,8324448000000,8324459000000,330866000,55000,13000,7000,7000
1791427184,400146298,508,1747767917,D,N,8324402000000,8324401000000,8324400000000,8324269000000,8324268000000,312375000,1445000,1413000,14000,1744000,8324403000000,8324404000000,8324405000000,8324448000000,8324459000000,330866000,55000,13000,7000,7000
1791427184,401220697,509,1617942128,D,N,258292000000,258291000000,258290000000,258289000000,258288000000,2188410000,887070000,24240000,57270000,400000,258293000000,258294000000,258295000000,258296000000,258297000000,3245580000,590000,600000,12280000,282560000
1791427184,402275184,510,1617942128,S,N,258292000000,258291000000,258290000000,258289000000,258288000000,2188410000,887070000,24240000,57270000,400000,258293000000,258294000000,258295000000,258296000000,258297000000,3245580000,590000,600000,12280000,282560000
1791427184,438997801,511,1747767917,D,N,8324402000000,8324401000000,8324400000000,8324269000000,8324268000000,312375000,1445000,1413000,14000,1744000,8324403000000,8324404000000,8324405000000,8324448000000,8324459000000,316145000,55000,13000,7000,7000
1791427184,440183633,512,1617942128,D,N,258292000000,258291000000,258290000000,258289000000,258288000000,2188410000,887070000,24240000,57270000,400000,258293000000,258294000000,258295000000,258296000000,258297000000,3245580000,590000,600000,12280000,282560000
1791427184,441120997,513,1617942128,S,N,258292000000,258291000000,258290000000,258289000000,258288000000,2188410000,887070000,24240000,57270000,400000,258293000000,258294000000,258295000000,258296000000,258297000000,3245580000,590000,600000,12280000,282560000
1791427184,602313051,514,1747767917,D,N,8324402000000,8324401000000,8324400000000,8324269000000,8324268000000,312976000,1445000,1413000,14000,1744000,8324403000000,8324404000000,8324405000000,8324448000000,8324459000000,316180000,62000,13000,7000,7000
1791427184,603467100,515,1617942128,D,N,258292000000,258291000000,258290000000,258289000000,258288000000,2188410000,887070000,24240000,57270000,400000,258293000000,258294000000,258295000000,258296000000,258297000000,3245580000,590000,600000,12280000,282560000
1791427184,604653030,516,1617942128,S,N,258292000000,258291000000,258290000000,258289000000,258288000000,2188410000,887070000,24240000,57270000,400000,258293000000,258294000000,258295000000,258296000000,258297000000,3245580000,590000,600000,12280000,282560000
1791427184,637836300,517,1747767917,D,N,8324402000000,8324401000000,8324400000000,8324269000000,8324268000000,472476000,1445000,1413000,14000,1744000,8324403000000,8324404000000,8324405000000,8324448000000,8324459000000,316180000,62000,13000,7000,7000
1791427184,639106980,518,1617942128,D,N,258292000000,258291000000,258290000000,258289000000,258288000000,3539210000,886470000,24240000,57270000,400000,258293000000,258294000000,258295000000,258296000000,258297000000,3245780000,590000,600000,12280000,282350000
1791427184,640390708,519,1617942128,S,N,258292000000,258291000000,258290000000,258289000000,258288000000,3539210000,886470000,24240000,57270000,400000,258293000000,258294000000,258295000000,258296000000,258297000000,3245780000,590000,600000,12280000,282350000
1791427184,723375073,520,1747767917,D,N,8324402000000,8324401000000,8324400000000,8324269000000,8324268000000,472511000,1445000,1413000,14000,1744000,8324403000000,8324404000000,8324405000000,8324448000000,8324459000000,316180000,62000,13000,7000,7000
1791427184,725830015,521,1617942128,D,N,258292000000,258291000000,258290000000,258289000000,258288000000,7139210000,886470000,24240000,57270000,400000,258293000000,258294000000,258295000000,258296000000,258297000000,3245780000,590000,1020000,12280000,282350000
1791427184,728237580,522,1617942128,S,N,258292000000,258291000000,258290000000,258289000000,258288000000,7139210000,886470000,24240000,57270000,400000,258293000000,258294000000,258295000000,258296000000,258297000000,3245780000,590000,1020000,12280000,282350000
1791427184,822028912,523,1747767917,D,N,8324402000000,8324401000000,8324400000000,8324269000000,8324268000000,472615000,1445000,1413000,14000,1744000,8324403000000,8324404000000,8324405000000,8324448000000,8324459000000,316180000,62000,13000,7000,7000
1791427184,824339562,524,1617942128,D,N,258292000000,258291000000,258290000000,258289000000,258288000000,7139210000,886470000,24240000,57270000,400000,258293000000,258294000000,258295000000,258296000000,258297000000,3202810000,590000,1020000,12280000,282350000
1791427184,826716031,525,1617942128,S,N,258292000000,258291000000,258290000000,258289000000,258288000000,7139210000,886470000,24240000,57270000,400000,258293000000,258294000000,258295000000,258296000000,258297000000,3202810000,590000,1020000,12280000,282350000
1791427184,921161046,526,1747767917,D,N,8324402000000,8324401000000,8324400000000,8324269000000,8324268000000,472566000,1438000,1413000,14000,1744000,8324403000000,8324404000000,8324405000000,8324448000000,8324459000000,316180000,62000,13000,7000,7000
1791427184,923442661,527,1617942128,D,N,258292000000,258291000000,258290000000,258289000000,258288000000,7139210000,886470000,24240000,57270000,400000,258293000000,258294000000,258295000000,258296000000,258297000000,3202810000,590000,1020000,12280000,282350000
1791427184,925768711,528,1617942128,S,N,258292000000,258291000000,258290000000,258289000000,258288000000,7139210000,886470000,24240000,57270000,400000,258293000000,258294000000,258295000000,258296000000,258297000000,3202810000,590000,1020000,12280000,282350000
1791427185,18109070,529,1747767917,D,N,8324402000000,8324401000000,8324400000000,8324269000000,8324268000000,313059000,1445000,1813000,14000,1744000,8324403000000,8324404000000,8324405000000,8324448000000,8324459000000,316180000,62000,13000,7000,7000
1791427185,20883007,530,1617942128,D,N,258292000000,258291000000,258290000000,258288000000,258287000000,5449630000,1600000,24240000,400000,4480000,258293000000,258294000000,258295000000,258296000000,258297000000,3245580000,215590000,681110000,12280000,780000
1791427185,24692597,531,1617942128,S,N,258292000000,258291000000,258290000000,258288000000,258287000000,5449630000,1600000,24240000,400000,4480000,258293000000,258294000000,258295000000,258296000000,258297000000,3245580000,215590000,681110000,12280000,780000
1791427185,116543870,532,1747767917,D,N,8324402000000,8324401000000,8324400000000,8324269000000,8324268000000,370037000,1445000,2813000,14000,1744000,8324403000000,8324404000000,8324405000000,8324448000000,8324459000000,316152000,62000,13000,7000,7000
1791427185,117882921,533,1617942128,D,N,258292000000,258291000000,258290000000,258288000000,258287000000,5434710000,1600000,24030000,400000,4480000,258293000000,258294000000,258295000000,258296000000,258297000000,3266730000,215590000,681110000,12070000,780000
1791427185,119224228,534,1617942128,S,N,258292000000,258291000000,258290000000,258288000000,258287000000,5434710000,1600000,24030000,400000,4480000,258293000000,258294000000,258295000000,258296000000,258297000000,3266730000,215590000,681110000,12070000,780000
1791427185,213342990,535,1747767917,D,N,8324402000000,8324401000000,8324400000000,8324269000000,8324268000000,370037000,1445000,2813000,14000,1744000,8324403000000,8324404000000,8324405000000,8324448000000,8324459000000,316130000,62000,13000,7000,7000
1791427185,214830846,536,1617942128,D,N,258292000000,258291000000,258290000000,258288000000,258287000000,5424420000,1600000,24030000,400000,4480000,258293000000,258294000000,258295000000,258296000000,258297000000,3266330000,215390000,681110000,12070000,780000
1791427185,216169897,537,1617942128,S,N,258292000000,258291000000,258290000000,258288000000,258287000000,5424420000,1600000,24030000,400000,4480000,258293000000,258294000000,258295000000,258296000000,258297000000,3266330000,215390000,681110000,12070000,780000
1791427185,310712219,538,1747767917,S,N,8324402000000,8324401000000,8324400000000,8324269000000,8324268000000,370037000,1445000,2813000,14000,1744000,8324403000000,8324404000000,8324405000000,8324448000000,8324459000000,316130000,62000,13000,7000,7000
1791427185,312330537,539,1747767917,D,N,8324402000000,8324401000000,8324400000000,8324269000000,8324268000000,370037000,1445000,2813000,14000,1744000,8324403000000,8324404000000,8324405000000,8324448000000,8324459000000,316130000,62000,13000,7000,7000
1791427185,313637806,540,1617942128,D,N,258292000000,258291000000,258290000000,258288000000,258287000000,5424420000,1600000,24030000,400000,4480000,258293000000,258294000000,258295000000,258296000000,258297000000,3266330000,215390000,681110000,12070000,780000
1791427185,314988432,541,1617942128,S,N,258292000000,258291000000,258290000000,258288000000,258287000000,5424420000,1600000,24030000,400000,4480000,258293000000,258294000000,258295000000,258296000000,258297000000,3266330000,215390000,681110000,12070000,780000
1791427185,409476692,542,1747767917,S,N,8324402000000,8324401000000,8324400000000,8324269000000,8324268000000,370037000,1445000,2813000,14000,1744000,8324403000000,8324404000000,8324405000000,8324448000000,8324459000000,316130000,62000,13000,7000,7000
1791427185,411262892,543,1747767917,D,N,8324402000000,8324401000000,8324400000000,8324269000000,8324268000000,370037000,1445000,2813000,14000,1744000,8324403000000,8324404000000,8324405000000,8324448000000,8324459000000,316130000,62000,13000,7000,7000
1791427185,412865792,544,1617942128,D,N,258292000000,258291000000,258290000000,258288000000,258287000000,5424420000,1600000,24030000,400000,4480000,258293000000,258294000000,258295000000,258296000000,258297000000,3266330000,215390000,681110000,12070000,780000
1791427185,414314192,545,1617942128,S,N,258292000000,258291000000,258290000000,258288000000,258287000000,5424420000,1600000,24030000,400000,4480000,258293000000,258294000000,258295000000,258296000000,258297000000,3266330000,215390000,681110000,12070000,780000
1791427185,509964435,546,1747767917,S,N,8324402000000,8324401000000,8324400000000,8324269000000,8324268000000,370037000,1445000,2813000,14000,1744000,8324403000000,8324404000000,8324405000000,8324448000000,8324459000000,316130000,62000,13000,7000,7000
1791427185,511692053,547,1747767917,D,N,8324402000000,8324401000000,8324400000000,8324269000000,8324268000000,370037000,1445000,2813000,14000,1744000,8324403000000,8324404000000,8324405000000,8324448000000,8324459000000,316130000,62000,13000,7000,7000
1791427185,513164528,548,1617942128,D,N,258292000000,258291000000,258290000000,258288000000,258287000000,5424420000,1600000,24030000,400000,4480000,258293000000,258294000000,258295000000,258296000000,258297000000,3266330000,215390000,681110000,12070000,780000
1791427185,514656530,549,1617942128,S,N,258292000000,258291000000,258290000000,258288000000,258287000000,5424420000,1600000,24030000,400000,4480000,258293000000,258294000000,258295000000,258296000000,258297000000,3266330000,215390000,681110000,12070000,780000
1791427185,607063319,550,1747767917,D,N,8324402000000,8324401000000,8324400000000,8324269000000,8324268000000,313059000,1445000,2813000,14000,1744000,8324403000000,8324404000000,8324405000000,8324448000000,8324459000000,316165000,62000,13000,7000,7000
1791427185,608478591,551,1617942128,D,N,258292000000,258291000000,258290000000,258288000000,258287000000,5177670000,1600000,24030000,400000,4480000,258293000000,258294000000,258295000000,258296000000,258297000000,3266980000,215390000,681110000,12070000,780000
1791427185,609280019,552,1617942128,S,N,258292000000,258291000000,258290000000,258288000000,258287000000,5177670000,1600000,24030000,400000,4480000,258293000000,258294000000,258295000000,258296000000,258297000000,3266980000,215390000,681110000,12070000,780000
1791427185,707297991,553,1747767917,D,N,8324402000000,8324401000000,8324400000000,8324269000000,8324268000000,346809000,1445000,2813000,14000,1744000,8324403000000,8324404000000,8324405000000,8324448000000,8324459000000,316165000,62000,13000,7000,7000
1791427185,708259586,554,1617942128,D,N,258292000000,258291000000,258290000000,258288000000,258287000000,5436350000,1600000,24030000,400000,4480000,258293000000,258294000000,258295000000,258296000000,258297000000,3266980000,215390000,681110000,12070000,780000
1791427185,709103621,555,1617942128,S,N,258292000000,258291000000,258290000000,258288000000,258287000000,5436350000,1600000,24030000,400000,4480000,258293000000,258294000000,258295000000,258296000000,258297000000,3266980000,215390000,681110000,12070000,780000
1791427185,809118063,556,1747767917,D,N,8324402000000,8324401000000,8324400000000,8324269000000,8324268000000,346809000,1445000,2813000,14000,1744000,8324403000000,8324404000000,8324405000000,8324448000000,8324459000000,316137000,62000,13000,7000,7000
1791427185,810323756,557,1617942128,D,N,258292000000,258291000000,258290000000,258288000000,258287000000,5419240000,1600000,24030000,400000,4480000,258293000000,258294000000,258295000000,258296000000,258297000000,3266980000,215390000,681110000,12070000,780000
1791427185,811230713,558,1617942128,S,N,258292000000,258291000000,258290000000,258288000000,258287000000,5419240000,1600000,24030000,400000,4480000,258293000000,258294000000,258295000000,258296000000,258297000000,3266980000,215390000,681110000,12070000,780000
1791427185,904491597,559,1747767917,D,N,8324402000000,8324401000000,8324400000000,8324269000000,8324268000000,346809000,1445000,2813000,14000,1744000,8324403000000,8324404000000,8324405000000,8324448000000,8324459000000,316165000,62000,13000,7000,7000
1791427185,905570458,560,1617942128,D,N,258292000000,258291000000,258290000000,258288000000,258287000000,5827330000,1600000,24030000,400000,4480000,258293000000,258294000000,258295000000,258296000000,258297000000,3266980000,215390000,681110000,12070000,780000
1791427185,906758891,561,1617942128,S,N,258292000000,258291000000,258290000000,258288000000,258287000000,5827330000,1600000,24030000,400000,4480000,258293000000,258294000000,258295000000,258296000000,258297000000,3266980000,215390000,681110000,12070000,780000
1791427186,3577383,562,1747767917,D,N,8324402000000,8324401000000,8324400000000,8324269000000,8324268000000,403787000,1445000,2813000,14000,1744000,8324403000000,8324404000000,8324405000000,8324448000000,8324459000000,316165000,62000,13000,7000,7000
1791427186,4566200,563,1617942128,D,N,258292000000,258291000000,258290000000,258288000000,258287000000,5826330000,1400000,24030000,400000,4480000,258293000000,258294000000,258295000000,258296000000,258297000000,3266980000,215390000,681110000,12070000,780000
1791427186,5348791,564,1617942128,S,N,258292000000,258291000000,258290000000,258288000000,258287000000,5826330000,1400000,24030000,400000,4480000,258293000000,258294000000,258295000000,258296000000,258297000000,3266980000,215390000,681110000,12070000,780000
1791427186,104314057,565,1747767917,D,N,8324402000000,8324401000000,8324400000000,8324269000000,8324268000000,403759000,1445000,2813000,14000,1744000,8324403000000,8324404000000,8324405000000,8324448000000,8324459000000,316165000,62000,13000,7000,7000
1791427186,105333349,566,1617942128,D,N,258292000000,258291000000,258290000000,258288000000,258287000000,5826330000,1400000,24030000,400000,4480000,258293000000,258294000000,258295000000,258296000000,258297000000,3267580000,215790000,681110000,12070000,780000
1791427186,106296621,567,1617942128,S,N,258292000000,258291000000,258290000000,258288000000,258287000000,5826330000,1400000,24030000,400000,4480000,258293000000,258294000000,258295000000,258296000000,258297000000,3267580000,215790000,681110000,12070000,780000
1791427186,204458093,568,1747767917,D,N,8324402000000,8324401000000,8324400000000,8324269000000,8324268000000,370037000,1445000,2813000,14000,1744000,8324403000000,8324404000000,8324405000000,8324448000000,8324459000000,316024000,62000,13000,7000,7000
1791427186,205548000,569,1617942128,D,N,258292000000,258291000000,258290000000,258288000000,258287000000,5826730000,1600000,24030000,400000,4480000,258293000000,258294000000,258295000000,258296000000,258297000000,3267580000,215790000,681110000,12070000,780000
1791427186,206780026,570,1617942128,S,N,258292000000,258291000000,258290000000,258288000000,258287000000,5826730000,1600000,24030000,400000,4480000,258293000000,258294000000,258295000000,258296000000,258297000000,3267580000,215790000,681110000,12070000,780000
1791427186,297873522,571,1747767917,S,N,8324402000000,8324401000000,8324400000000,8324269000000,8324268000000,370037000,1445000,2813000,14000,1744000,8324403000000,8324404000000,8324405000000,8324448000000,8324459000000,316024000,62000,13000,7000,7000
1791427186,298705031,572,1747767917,D,N,8324402000000,8324401000000,8324400000000,8324269000000,8324268000000,370037000,1445000,2813000,14000,1744000,8324403000000,8324404000000,8324405000000,8324448000000,8324459000000,316024000,62000,13000,7000,7000
1791427186,299586641,573,1617942128,D,N,258292000000,258291000000,258290000000,258288000000,258287000000,5411080000,1600000,24030000,400000,4480000,258293000000,258294000000,258295000000,258296000000,258297000000,3267580000,215790000,681110000,12070000,780000
1791427186,300326035,574,1617942128,S,N,258292000000,258291000000,258290000000,258288000000,258287000000,5411080000,1600000,24030000,400000,4480000,258293000000,258294000000,258295000000,258296000000,258297000000,3267580000,215790000,681110000,12070000,780000
1791427186,396877055,575,1747767917,D,N,8324402000000,8324401000000,8324400000000,8324269000000,8324268000000,313059000,1445000,2813000,14000,1744000,8324403000000,8324404000000,8324405000000,8324448000000,8324459000000,316031000,62000,13000,7000,7000
1791427186,397542676,576,1617942128,D,N,258292000000,258291000000,258290000000,258288000000,258287000000,735840000,1600000,24030000,400000,4480000,258293000000,258294000000,258295000000,258296000000,258297000000,3656190000,215390000,681110000,12070000,780000
1791427186,398124960,577,1617942128,S,N,258292000000,258291000000,258290000000,258288000000,258287000000,735840000,1600000,24030000,400000,4480000,258293000000,258294000000,258295000000,258296000000,258297000000,3656190000,215390000,681110000,12070000,780000
1791427186,496056733,578,1747767917,D,N,8324402000000,8324401000000,8324400000000,8324326000000,8324325000000,90714000,76000,2820000,14000,2000000,8324403000000,8324404000000,8324405000000,8324448000000,8324459000000,392983000,34000,13000,7000,7000
1791427186,502440447,579,1617942128,D,N,258285000000,258284000000,258281000000,258280000000,258276000000,43600000,1190000,210000,47490000,210000,258286000000,258287000000,258288000000,258291000000,258293000000,6867810000,3380380000,390000,4000000,122170000
1791427186,503770506,580,1617942128,S,N,258285000000,258284000000,258281000000,258280000000,258276000000,43600000,1190000,210000,47490000,210000,258286000000,258287000000,258288000000,258291000000,258293000000,6867810000,3380380000,390000,4000000,122170000
1791427186,594441393,581,1747767917,D,N,8324402000000,8324401000000,8324400000000,8324269000000,8324268000000,87872000,76000,2820000,14000,1744000,8324403000000,8324404000000,8324405000000,8324448000000,8324459000000,393266000,55000,13000,7000,7000
1791427186,595805182,582,1617942128,D,N,258274000000,258273000000,258271000000,258270000000,258269000000,4030000,1600000,400000,200000,200000,258275000000,258276000000,258277000000,258280000000,258281000000,7434900000,2184730000,390000,4000000,1208800000
1791427186,596921718,583,1617942128,S,N,258274000000,258273000000,258271000000,258270000000,258269000000,4030000,1600000,400000,200000,200000,258275000000,258276000000,258277000000,258280000000,258281000000,7434900000,2184730000,390000,4000000,1208800000
1791427186,727608205,584,1747767917,D,N,8324402000000,8324401000000,8324400000000,8324339000000,8324269000000,87751000,76000,2820000,121000,14000,8324403000000,8324404000000,8324405000000,8324448000000,8324459000000,393300000,41000,13000,7000,7000
1791427186,728626214,585,1617942128,D,N,258258000000,258257000000,258256000000,258255000000,258254000000,6045640000,1400000,910000,120000000,200000,258259000000,258260000000,258261000000,258262000000,258263000000,7284620000,390000,600000,196810000,658410000
1791427186,730010715,586,1617942128,S,N,258258000000,258257000000,258256000000,258255000000,258254000000,6045640000,1400000,910000,120000000,200000,258259000000,258260000000,258261000000,258262000000,258263000000,7284620000,390000,600000,196810000,658410000
1791427186,792223002,587,1747767917,D,N,8324402000000,8324401000000,8324400000000,8324339000000,8324269000000,87699000,76000,2820000,121000,14000,8324403000000,8324404000000,8324405000000,8324448000000,8324459000000,393307000,48000,13000,7000,7000
1791427186,793523080,588,1617942128,D,N,258258000000,258257000000,258256000000,258255000000,258254000000,6046030000,1400000,910000,120000000,200000,258259000000,258260000000,258261000000,258262000000,258266000000,7284820000,390000,600000,196600000,210000
1791427186,794734493,589,1617942128,S,N,258258000000,258257000000,258256000000,258255000000,258254000000,6046030000,1400000,910000,120000000,200000,258259000000,258260000000,258261000000,258262000000,258266000000,7284820000,390000,600000,196600000,210000
1791427186,890917839,590,1747767917,S,N,8324402000000,8324401000000,8324400000000,8324339000000,8324269000000,87699000,76000,2820000,121000,14000,8324403000000,8324404000000,8324405000000,8324448000000,8324459000000,393307000,48000,13000,7000,7000
1791427186,891921054,591,1747767917,D,N,8324402000000,8324401000000,8324400000000,8324339000000,8324269000000,87699000,76000,2820000,121000,14000,8324403000000,8324404000000,8324405000000,8324448000000,8324459000000,393307000,48000,13000,7000,7000
1791427186,893152193,592,1617942128,D,N,258258000000,258257000000,258256000000,258255000000,258254000000,6046030000,1400000,910000,120000000,200000,258259000000,258260000000,258261000000,258263000000,258264000000,7279130000,390000,600000,210000,528090000
1791427186,894529395,593,1617942128,S,N,258258000000,258257000000,258256000000,258255000000,258254000000,6046030000,1400000,910000,120000000,200000,258259000000,258260000000,258261000000,258263000000,258264000000,7279130000,390000,600000,210000,528090000
1791427186,991501841,594,1747767917,D,N,8324402000000,8324401000000,8324400000000,8324339000000,8324269000000,87699000,76000,2820000,121000,14000,8324403000000,8324404000000,8324405000000,8324448000000,8324459000000,393300000,41000,13000,7000,7000
1791427186,992324178,595,1617942128,D,N,258258000000,258257000000,258256000000,258255000000,258254000000,6046030000,1400000,910000,120200000,200000,258259000000,258260000000,258261000000,258262000000,258263000000,7279130000,390000,390000,210000,162090000
1791427186,993278574,596,1617942128,S,N,258258000000,258257000000,258256000000,258255000000,258254000000,6046030000,1400000,910000,120200000,200000,258259000000,258260000000,258261000000,258262000000,258263000000,7279130000,390000,390000,210000,162090000
1791427187,90816636,597,1747767917,D,N,8324402000000,8324401000000,8324400000000,8324339000000,8324269000000,87699000,76000,2820000,121000,14000,8324403000000,8324404000000,8324405000000,8324448000000,8324459000000,393234000,41000,13000,7000,7000
1791427187,91888593,598,1617942128,D,N,258258000000,258257000000,258256000000,258255000000,258254000000,6047030000,2010000,45080000,200000,200000,258259000000,258260000000,258261000000,258262000000,258270000000,7279130000,162730000,528490000,210000,14030000
1791427187,92890329,599,1617942128,S,N,258258000000,258257000000,258256000000,258255000000,258254000000,6047030000,2010000,45080000,200000,200000,258259000000,258260000000,258261000000,258262000000,258270000000,7279130000,162730000,528490000,210000,14030000
1791427187,186722548,600,1747767917,D,N,8324402000000,8324401000000,8324400000000,8324339000000,8324269000000,87699000,76000,2820000,121000,14000,8324403000000,8324404000000,8324405000000,8324448000000,8324459000000,393241000,48000,13000,7000,7000
1791427187,187813343,601,1617942128,D,N,258258000000,258257000000,258256000000,258255000000,258254000000,6046830000,2010000,45080000,200000,200000,258259000000,258260000000,258261000000,258266000000,258267000000,7279340000,162730000,528490000,210000,50000000
1791427187,188670199,602,1617942128,S,N,258258000000,258257000000,258256000000,258255000000,258254000000,6046830000,2010000,45080000,200000,200000,258259000000,258260000000,258261000000,258266000000,258267000000,7279340000,162730000,528490000,210000,50000000
1791427187,286005487,603,1747767917,D,N,8324402000000,8324401000000,8324400000000,8324269000000,8324268000000,87699000,76000,2820000,14000,1744000,8324403000000,8324404000000,8324405000000,8324448000000,8324459000000,393234000,41000,13000,7000,7000
1791427187,287001601,604,1617942128,D,N,258258000000,258257000000,258256000000,258255000000,258254000000,6046830000,2010000,45080000,200000,200000,258259000000,258260000000,258261000000,258266000000,258267000000,7279340000,162730000,528490000,210000,50000000
1791427187,287927791,605,1617942128,S,N,258258000000,258257000000,258256000000,258255000000,258254000000,6046830000,2010000,45080000,200000,200000,258259000000,258260000000,258261000000,258266000000,258267000000,7279340000,162730000,528490000,210000,50000000
1791427187,434321624,606,1747767917,S,N,8324402000000,8324401000000,8324400000000,8324269000000,8324268000000,87699000,76000,2820000,14000,1744000,8324403000000,8324404000000,8324405000000,8324448000000,8324459000000,393234000,41000,13000,7000,7000
1791427187,435602272,607,1747767917,D,N,8324402000000,8324401000000,8324400000000,8324269000000,8324268000000,87699000,76000,2820000,14000,1744000,8324403000000,8324404000000,8324405000000,8324448000000,8324459000000,393234000,41000,13000,7000,7000
1791427187,436596710,608,1617942128,D,N,258258000000,258257000000,258256000000,258255000000,258254000000,6046230000,1610000,45080000,200000,200000,258259000000,258260000000,258261000000,258266000000,258267000000,7279340000,162730000,528490000,210000,50000000
1791427187,437515700,609,1617942128,S,N,258258000000,258257000000,258256000000,258255000000,258254000000,6046230000,1610000,45080000,200000,200000,258259000000,258260000000,258261000000,258266000000,258267000000,7279340000,162730000,528490000,210000,50000000
1791427187,482702515,610,1747767917,D,N,8324402000000,8324401000000,8324400000000,8324269000000,8324268000000,87699000,76000,2820000,14000,1744000,8324403000000,8324404000000,8324405000000,8324448000000,8324459000000,393248000,55000,13000,7000,7000
1791427187,483793014,611,1617942128,D,N,258258000000,258257000000,258256000000,258255000000,258254000000,6046230000,1610000,45080000,200000,200000,258259000000,258260000000,258261000000,258264000000,258266000000,7279340000,390000,390000,528090000,210000
1791427187,484940715,612,1617942128,S,N,258258000000,258257000000,258256000000,258255000000,258254000000,6046230000,1610000,45080000,200000,200000,258259000000,258260000000,258261000000,258264000000,258266000000,7279340000,390000,390000,528090000,210000
1791427187,962901547,613,1747767917,D,N,8321833000000,8321824000000,8321800000000,8321792000000,8321783000000,19554000,8000,4860000,7000,8008000,8322358000000,8322381000000,8322390000000,8322401000000,8322417000000,149861000,3315000,10104000,30180000,180000
1791427187,967089765,614,1617942128,D,N,258202000000,258201000000,258199000000,258198000000,258197000000,1000000,200000,210000,40400000,19630000,258203000000,258204000000,258206000000,258209000000,258210000000,2136590000,1087450000,450000000,630040000,450000000
1791427187,969287529,615,1617942128,S,N,258202000000,258201000000,258199000000,258198000000,258197000000,1000000,200000,210000,40400000,19630000,258203000000,258204000000,258206000000,258209000000,258210000000,2136590000,1087450000,450000000,630040000,450000000
1791427187,996998451,616,1747767917,D,N,8321833000000,8321832000000,8321801000000,8321800000000,8321783000000,73225000,49000,14000,2800000,7000,8321834000000,8321835000000,8321836000000,8321910000000,8321939000000,788340000,13000,13000,14000,14000
1791427188,259395,617,1617942128,D,N,258202000000,258201000000,258200000000,258199000000,258198000000,3967610000,200000,420000,124550000,80820000,258203000000,258204000000,258205000000,258206000000,258207000000,1474570000,439140000,390000,620000,50000000
1791427188,2137120,618,1617942128,S,N,258202000000,258201000000,258200000000,258199000000,258198000000,3967610000,200000,420000,124550000,80820000,258203000000,258204000000,258205000000,258206000000,258207000000,1474570000,439140000,390000,620000,50000000
1791427188,4843790,619,1747767917,D,N,8321833000000,8321832000000,8321801000000,8321800000000,8321783000000,343906000,49000,14000,2800000,7000,8321834000000,8321835000000,8321836000000,8321910000000,8321939000000,699455000,13000,13000,14000,14000
1791427188,6263007,620,1617942128,D,N,258202000000,258201000000,258200000000,258199000000,258198000000,4041680000,246260000,532820000,40420000,80400000,258203000000,258204000000,258205000000,258206000000,258207000000,52750000,70870000,390000,820000,50200000
1791427188,7038990,621,1617942128,S,N,258202000000,258201000000,258200000000,258199000000,258198000000,4041680000,246260000,532820000,40420000,80400000,258203000000,258204000000,258205000000,258206000000,258207000000,52750000,70870000,390000,820000,50200000
1791427188,131393245,622,1747767917,D,N,8321833000000,8321832000000,8321802000000,8321801000000,8321800000000,403327000,56000,7000,4119000,2800000,8321834000000,8321835000000,8321836000000,8321910000000,8321939000000,632164000,13000,13000,14000,14000
1791427188,199005854,623,1617942128,D,N,258203000000,258202000000,258201000000,258199000000,258198000000,11509590000,102940000,76640000,40420000,80400000,258204000000,258205000000,258206000000,258207000000,258209000000,110010000,390000,820000,50200000,420000
1791427188,200573009,624,1617942128,S,N,258203000000,258202000000,258201000000,258199000000,258198000000,11509590000,102940000,76640000,40420000,80400000,258204000000,258205000000,258206000000,258207000000,258209000000,110010000,390000,820000,50200000,420000
1791427188,224872879,625,1747767917,D,N,8321833000000,8321832000000,8321802000000,8321801000000,8321800000000,375121000,56000,14000,4119000,2800000,8321834000000,8321835000000,8321836000000,8321910000000,8321938000000,369054000,13000,13000,7000,1025000
1791427188,225740584,626,1617942128,D,N,258209000000,258207000000,258206000000,258204000000,258203000000,7606280000,1847320000,2013340000,200000,7385160000,258210000000,258215000000,258219000000,258220000000,258223000000,89340000,200000,1020000,200000,420000
1791427188,226546648,627,1617942128,S,N,258209000000,258207000000,258206000000,258204000000,258203000000,7606280000,1847320000,2013340000,200000,7385160000,258210000000,258215000000,258219000000,258220000000,258223000000,89340000,200000,1020000,200000,420000
1791427188,227501340,628,1747767917,D,N,8321833000000,8321832000000,8321802000000,8321801000000,8321800000000,413508000,56000,14000,4119000,2800000,8321834000000,8321835000000,8321836000000,8321910000000,8321938000000,207325000,13000,13000,7000,1025000
1791427188,228255921,629,1617942128,D,N,258209000000,258207000000,258206000000,258204000000,258203000000,8138660000,1847320000,1480950000,200000,6351370000,258210000000,258211000000,258213000000,258215000000,258216000000,46460000,19370000,200000,200000,420000
1791427188,229089698,630,1617942128,S,N,258209000000,258207000000,258206000000,258204000000,258203000000,8138660000,1847320000,1480950000,200000,6351370000,258210000000,258211000000,258213000000,258215000000,258216000000,46460000,19370000,200000,200000,420000
1791427188,245652027,631,1747767917,D,N,8321833000000,8321832000000,8321802000000,8321801000000,8321800000000,413494000,42000,14000,4119000,2800000,8321834000000,8321835000000,8321836000000,8321910000000,8321938000000,74956000,13000,13000,7000,1025000
1791427188,253494111,632,1617942128,D,N,258215000000,258214000000,258213000000,258212000000,258210000000,6516610000,1755900000,810000,2136180000,420000,258216000000,258217000000,258219000000,258220000000,258221000000,319480000,200000,600000,200000,200000
1791427188,255615737,633,1617942128,S,N,258215000000,258214000000,258213000000,258212000000,258210000000,6516610000,1755900000,810000,2136180000,420000,258216000000,258217000000,258219000000,258220000000,258221000000,319480000,200000,600000,200000,200000
1791427188,325916869,634,1747767917,D,N,8321833000000,8321832000000,8321802000000,8321801000000,8321800000000,375154000,49000,14000,4119000,2800000,8321834000000,8321835000000,8321836000000,8321910000000,8321938000000,295920000,13000,13000,7000,1025000
1791427188,327252057,635,1617942128,D,N,258215000000,258214000000,258213000000,258212000000,258210000000,6516810000,1755480000,810000,1193860000,420000,258216000000,258217000000,258219000000,258220000000,258221000000,1176580000,18690000,600000,200000,200000
1791427188,328415736,636,1617942128,S,N,258215000000,258214000000,258213000000,258212000000,258210000000,6516810000,1755480000,810000,1193860000,420000,258216000000,258217000000,258219000000,258220000000,258221000000,1176580000,18690000,600000,200000,200000
1791427188,393728997,637,1747767917,D,N,8321833000000,8321832000000,8321802000000,8321801000000,8321800000000,132473000,49000,14000,4119000,2800000,8321834000000,8321835000000,8321836000000,8321910000000,8321938000000,385271000,13000,13000,7000,1025000
1791427188,394908752,638,1617942128,D,N,258215000000,258214000000,258213000000,258212000000,258210000000,4783460000,1755480000,390000,200000,420000,258216000000,258217000000,258219000000,258220000000,258221000000,1446580000,18690000,600000,200000,200000
1791427188,395904472,639,1617942128,S,N,258215000000,258214000000,258213000000,258212000000,258210000000,4783460000,1755480000,390000,200000,420000,258216000000,258217000000,258219000000,258220000000,258221000000,1446580000,18690000,600000,200000,200000
1791427188,540830368,640,1747767917,D,N,8321833000000,8321832000000,8321802000000,8321801000000,8321800000000,354160000,49000,14000,9259000,2800000,8321834000000,8321835000000,8321836000000,8321910000000,8321938000000,327014000,13000,13000,7000,1025000
1791427188,541800938,641,1617942128,D,N,258215000000,258214000000,258213000000,258212000000,258211000000,4781080000,1755480000,390000,200000,420000,258216000000,258217000000,258219000000,258220000000,258221000000,1434690000,18690000,600000,200000,200000
1791427188,542848042,642,1617942128,S,N,258215000000,258214000000,258213000000,258212000000,258211000000,4781080000,1755480000,390000,200000,420000,258216000000,258217000000,258219000000,258220000000,258221000000,1434690000,18690000,600000,200000,200000
1791427188,576876599,643,1747767917,D,N,8321833000000,8321832000000,8321802000000,8321801000000,8321800000000,413640000,28000,14000,5350000,2800000,8321834000000,8321835000000,8321836000000,8321910000000,8321938000000,111536000,13000,13000,7000,1025000
1791427188,578354497,644,1617942128,D,N,258215000000,258214000000,258213000000,258212000000,258211000000,4781480000,1755680000,390000,200000,420000,258216000000,258217000000,258218000000,258219000000,258220000000,261760000,18690000,420000,50600000,200000
1791427188,579588496,645,1617942128,S,N,258215000000,258214000000,258213000000,258212000000,258211000000,4781480000,1755680000,390000,200000,420000,258216000000,258217000000,258218000000,258219000000,258220000000,261760000,18690000,420000,50600000,200000
1791427188,736841359,646,1747767917,D,N,8321833000000,8321832000000,8321831000000,8321802000000,8321801000000,375343000,69000,13000,14000,5350000,8321834000000,8321835000000,8321836000000,8321910000000,8321938000000,277822000,13000,13000,7000,1025000
1791427188,738114413,647,1617942128,D,N,258215000000,258214000000,258213000000,258212000000,258211000000,4783270000,4790000,390000,200000,620000,258216000000,258217000000,258218000000,258219000000,258220000000,2069540000,19110000,255730000,50600000,200000
1791427188,739220988,648,1617942128,S,N,258215000000,258214000000,258213000000,258212000000,258211000000,4783270000,4790000,390000,200000,620000,258216000000,258217000000,258218000000,258219000000,258220000000,2069540000,19110000,255730000,50600000,200000
1791427188,778354188,649,1747767917,D,N,8321833000000,8321832000000,8321831000000,8321829000000,8321802000000,375509000,76000,13000,745000,14000,8321834000000,8321835000000,8321836000000,8321910000000,8321938000000,277774000,13000,13000,7000,1025000
1791427188,779464116,650,1617942128,D,N,258215000000,258214000000,258213000000,258212000000,258211000000,4783270000,4790000,390000,200000,620000,258216000000,258217000000,258218000000,258219000000,258220000000,2069540000,19110000,255730000,50600000,200000
1791427188,780330834,651,1617942128,S,N,258215000000,258214000000,258213000000,258212000000,258211000000,4783270000,4790000,390000,200000,620000,258216000000,258217000000,258218000000,258219000000,258220000000,2069540000,19110000,255730000,50600000,200000
1791427188,863928617,652,1747767917,D,N,8321833000000,8321832000000,8321831000000,8321829000000,8321802000000,375509000,76000,13000,745000,14000,8321834000000,8321835000000,8321836000000,8321910000000,8321918000000,277822000,13000,13000,7000,14000
1791427188,940156533,653,1617942128,D,N,258215000000,258214000000,258213000000,258212000000,258211000000,4783270000,4790000,390000,200000,620000,258216000000,258217000000,258218000000,258219000000,258220000000,1799540000,19110000,255730000,50600000,200000
1791427188,944213974,654,1617942128,S,N,258215000000,258214000000,258213000000,258212000000,258211000000,4783270000,4790000,390000,200000,620000,258216000000,258217000000,258218000000,258219000000,258220000000,1799540000,19110000,255730000,50600000,200000
1791427188,964112004,655,1747767917,D,N,8321833000000,8321832000000,8321831000000,8321829000000,8321802000000,413882000,76000,13000,745000,14000,8321834000000,8321835000000,8321836000000,8321910000000,8321918000000,170717000,13000,13000,7000,14000
1791427188,967262980,656,1617942128,D,N,258215000000,258214000000,258213000000,258212000000,258211000000,4783270000,4790000,390000,200000,620000,258216000000,258217000000,258218000000,258219000000,258220000000,2119540000,19110000,255730000,50600000,200000
1791427188,969658291,657,1617942128,S,N,258215000000,258214000000,258213000000,258212000000,258211000000,4783270000,4790000,390000,200000,620000,258216000000,258217000000,258218000000,258219000000,258220000000,2119540000,19110000,255730000,50600000,200000
1791427189,62148418,658,1747767917,D,N,8321833000000,8321832000000,8321831000000,8321829000000,8321802000000,375509000,76000,13000,745000,14000,8321834000000,8321835000000,8321836000000,8321910000000,8321918000000,242786000,13000,13000,7000,14000
1791427189,65230653,659,1617942128,D,N,258215000000,258214000000,258213000000,258212000000,258211000000,4783270000,4790000,390000,200000,620000,258216000000,258217000000,258218000000,258219000000,258220000000,2119540000,19110000,255730000,50600000,200000
1791427189,67580399,660,1617942128,S,N,258215000000,258214000000,258213000000,258212000000,258211000000,4783270000,4790000,390000,200000,620000,258216000000,258217000000,258218000000,258219000000,258220000000,2119540000,19110000,255730000,50600000,200000
1791427189,163581682,661,1747767917,D,N,8321833000000,8321832000000,8321831000000,8321829000000,8321802000000,375509000,76000,13000,745000,14000,8321834000000,8321835000000,8321836000000,8321910000000,8321918000000,240423000,13000,13000,7000,14000
1791427189,165910716,662,1617942128,D,N,258215000000,258214000000,258213000000,258212000000,258211000000,4783270000,4790000,390000,200000,620000,258216000000,258217000000,258218000000,258219000000,258220000000,2158260000,19110000,255730000,50600000,200000
1791427189,168095363,663,1617942128,S,N,258215000000,258214000000,258213000000,258212000000,258211000000,4783270000,4790000,390000,200000,620000,258216000000,258217000000,258218000000,258219000000,258220000000,2158260000,19110000,255730000,50600000,200000
1791427189,259025733,664,1747767917,D,N,8321833000000,8321832000000,8321831000000,8321829000000,8321802000000,374795000,76000,13000,745000,14000,8321834000000,8321835000000,8321836000000,8321910000000,8321918000000,240388000,13000,13000,7000,14000
1791427189,260409543,665,1617942128,D,N,258215000000,258214000000,258213000000,258212000000,258211000000,4782890000,4790000,390000,200000,620000,258216000000,258217000000,258218000000,258219000000,258220000000,2158260000,19110000,255730000,50600000,200000
1791427189,261938037,666,1617942128,S,N,258215000000,258214000000,258213000000,258212000000,258211000000,4782890000,4790000,390000,200000,620000,258216000000,258217000000,258218000000,258219000000,258220000000,2158260000,19110000,255730000,50600000,200000
1791427189,357774024,667,1747767917,D,N,8321833000000,8321832000000,8321831000000,8321829000000,8321802000000,132107000,76000,13000,745000,14000,8321834000000,8321835000000,8321836000000,8321910000000,8321918000000,331596000,13000,13000,7000,14000
1791427189,361426116,668,1617942128,D,N,258215000000,258214000000,258213000000,258212000000,258211000000,1945380000,4790000,390000,200000,620000,258216000000,258217000000,258218000000,258219000000,258220000000,4047760000,19110000,362470000,50600000,200000
1791427189,364187326,669,1617942128,S,N,258215000000,258214000000,258213000000,258212000000,258211000000,1945380000,4790000,390000,200000,620000,258216000000,258217000000,258218000000,258219000000,258220000000,4047760000,19110000,362470000,50600000,200000
1791427189,456581096,670,1747767917,D,N,8321833000000,8321832000000,8321831000000,8321829000000,8321802000000,132114000,69000,13000,745000,14000,8321834000000,8321835000000,8321836000000,8321910000000,8321918000000,332737000,13000,13000,14000,14000
1791427189,459039034,671,1617942128,D,N,258215000000,258214000000,258213000000,258212000000,258211000000,1945400000,4790000,390000,200000,620000,258216000000,258217000000,258218000000,258219000000,258220000000,3277290000,19110000,362470000,50600000,200000
1791427189,461377832,672,1617942128,S,N,258215000000,258214000000,258213000000,258212000000,258211000000,1945400000,4790000,390000,200000,620000,258216000000,258217000000,258218000000,258219000000,258220000000,3277290000,19110000,362470000,50600000,200000
1791427189,557274474,673,1747767917,D,N,8321833000000,8321832000000,8321831000000,8321829000000,8321802000000,147114000,69000,13000,745000,14000,8321834000000,8321835000000,8321836000000,8321910000000,8321918000000,331834000,13000,13000,14000,14000
1791427189,560159754,674,1617942128,D,N,258215000000,258214000000,258213000000,258212000000,258211000000,2215400000,4790000,390000,200000,620000,258216000000,258217000000,258218000000,258219000000,258220000000,3277290000,19110000,362470000,50600000,200000
1791427189,562198732,675,1617942128,S,N,258215000000,258214000000,258213000000,258212000000,258211000000,2215400000,4790000,390000,200000,620000,258216000000,258217000000,258218000000,258219000000,258220000000,3277290000,19110000,362470000,50600000,200000
1791427189,653571140,676,1747767917,D,N,8321833000000,8321832000000,8321831000000,8321829000000,8321802000000,240844000,69000,13000,745000,14000,8321834000000,8321835000000,8321836000000,8321910000000,8321918000000,331603000,13000,13000,14000,14000
1791427189,656194866,677,1617942128,D,N,258215000000,258214000000,258213000000,258212000000,258211000000,2215400000,4790000,390000,200000,620000,258216000000,258217000000,258218000000,258219000000,258220000000,3277290000,19110000,362470000,50600000,200000
1791427189,657620198,678,1617942128,S,N,258215000000,258214000000,258213000000,258212000000,258211000000,2215400000,4790000,390000,200000,620000,258216000000,258217000000,258218000000,258219000000,258220000000,3277290000,19110000,362470000,50600000,200000
1791427189,751365331,679,1747767917,D,N,8321833000000,8321832000000,8321831000000,8321829000000,8321802000000,240837000,69000,13000,745000,14000,8321834000000,8321835000000,8321836000000,8321910000000,8321918000000,331723000,13000,13000,14000,14000
1791427189,752836227,680,1617942128,D,N,258215000000,258214000000,258213000000,258212000000,258211000000,2215400000,4790000,390000,200000,620000,258216000000,258217000000,258218000000,258219000000,258220000000,3277290000,19110000,362470000,50600000,200000
1791427189,754163328,681,1617942128,S,N,258215000000,258214000000,258213000000,258212000000,258211000000,2215400000,4790000,390000,200000,620000,258216000000,258217000000,258218000000,258219000000,258220000000,3277290000,19110000,362470000,50600000,200000
1791427189,850517689,682,1747767917,D,N,8321833000000,8321832000000,8321831000000,8321829000000,8321802000000,240851000,69000,13000,745000,14000,8321834000000,8321835000000,8321836000000,8321878000000,8321910000000,331710000,13000,13000,533000,7000
1791427189,852238108,683,1617942128,D,N,258215000000,258214000000,258213000000,258212000000,258211000000,3269400000,4790000,390000,200000,620000,258216000000,258217000000,258218000000,258219000000,258220000000,2202180000,45500000,362860000,50600000,200000
1791427189,853581284,684,1617942128,S,N,258215000000,258214000000,258213000000,258212000000,258211000000,3269400000,4790000,390000,200000,620000,258216000000,258217000000,258218000000,258219000000,258220000000,2202180000,45500000,362860000,50600000,200000
1791427189,949719854,685,1747767917,D,N,8321833000000,8321832000000,8321831000000,8321802000000,8321801000000,273044000,62000,13000,14000,5354000,8321834000000,8321835000000,8321836000000,8321910000000,8321918000000,331723000,13000,13000,7000,14000
1791427189,951216491,686,1617942128,D,N,258215000000,258214000000,258213000000,258212000000,258211000000,3269400000,5210000,579610000,200000,924430000,258216000000,258217000000,258218000000,258219000000,258220000000,2202160000,45500000,362860000,50600000,200000
1791427189,952496548,687,1617942128,S,N,258215000000,258214000000,258213000000,258212000000,258211000000,3269400000,5210000,579610000,200000,924430000,258216000000,258217000000,258218000000,258219000000,258220000000,2202160000,45500000,362860000,50600000,200000
1791427190,46533710,688,1747767917,D,N,8321833000000,8321832000000,8321831000000,8321802000000,8321801000000,273044000,62000,13000,14000,5354000,8321834000000,8321835000000,8321836000000,8321910000000,8321918000000,329320000,13000,13000,7000,14000
1791427190,47796310,689,1617942128,D,N,258215000000,258214000000,258213000000,258212000000,258211000000,3269400000,5210000,579610000,620000,924430000,258216000000,258217000000,258218000000,258219000000,258220000000,2202160000,45500000,362860000,50600000,200000
1791427190,48636992,690,1617942128,S,N,258215000000,258214000000,258213000000,258212000000,258211000000,3269400000,5210000,579610000,620000,924430000,258216000000,258217000000,258218000000,258219000000,258220000000,2202160000,45500000,362860000,50600000,200000
1791427190,145221249,691,1747767917,D,N,8321833000000,8321832000000,8321831000000,8321802000000,8321801000000,240695000,62000,13000,14000,5354000,8321834000000,8321835000000,8321836000000,8321910000000,8321918000000,329317000,13000,13000,7000,14000
1791427190,146275256,692,1617942128,D,N,258203000000,258202000000,258201000000,258200000000,258199000000,2586040000,1177040000,200000,420000,135310000,258204000000,258205000000,258206000000,258207000000,258215000000,1880950000,390000,1010000,50000000,420000
1791427190,147554031,693,1617942128,S,N,258203000000,258202000000,258201000000,258200000000,258199000000,2586040000,1177040000,200000,420000,135310000,258204000000,258205000000,258206000000,258207000000,258215000000,1880950000,390000,1010000,50000000,420000
1791427190,244404477,694,1747767917,S,N,8321833000000,8321832000000,8321831000000,8321802000000,8321801000000,240695000,62000,13000,14000,5354000,8321834000000,8321835000000,8321836000000,8321910000000,8321918000000,329317000,13000,13000,7000,14000
1791427190,245634333,695,1747767917,D,N,8321833000000,8321832000000,8321831000000,8321802000000,8321801000000,240695000,62000,13000,14000,5354000,8321834000000,8321835000000,8321836000000,8321910000000,8321918000000,329317000,13000,13000,7000,14000
1791427190,246474817,696,1617942128,D,N,258203000000,258202000000,258201000000,258200000000,258199000000,3269440000,101540000,200000,420000,135510000,258204000000,258205000000,258206000000,258207000000,258210000000,1892570000,19820000,50600000,50200000,420000
1791427190,247882199,697,1617942128,S,N,258203000000,258202000000,258201000000,258200000000,258199000000,3269440000,101540000,200000,420000,135510000,258204000000,258205000000,258206000000,258207000000,258210000000,1892570000,19820000,50600000,50200000,420000
1791427190,364825362,698,1747767917,D,N,8321833000000,8321832000000,8321831000000,8321802000000,8321801000000,242018000,62000,13000,14000,5354000,8321834000000,8321835000000,8321836000000,8321910000000,8321918000000,329310000,13000,13000,7000,14000
1791427190,367288822,699,1617942128,D,N,258203000000,258202000000,258201000000,258200000000,258199000000,3576610000,101540000,200000,420000,135510000,258204000000,258205000000,258206000000,258207000000,258210000000,1413960000,19820000,1210000,50200000,420000
1791427190,369321981,700,1617942128,S,N,258203000000,258202000000,258201000000,258200000000,258199000000,3576610000,101540000,200000,420000,135510000,258204000000,258205000000,258206000000,258207000000,258210000000,1413960000,19820000,1210000,50200000,420000
1791427190,442155315,701,1747767917,S,N,8321833000000,8321832000000,8321831000000,8321802000000,8321801000000,242018000,62000,13000,14000,5354000,8321834000000,8321835000000,8321836000000,8321910000000,8321918000000,329310000,13000,13000,7000,14000
1791427190,444669765,702,1747767917,D,N,8321833000000,8321832000000,8321831000000,8321802000000,8321801000000,242018000,62000,13000,14000,5354000,8321834000000,8321835000000,8321836000000,8321910000000,8321918000000,329310000,13000,13000,7000,14000
1791427190,447804370,703,1617942128,D,N,258203000000,258202000000,258201000000,258200000000,258199000000,3576610000,101540000,200000,420000,135510000,258204000000,258205000000,258206000000,258207000000,258210000000,1413960000,19820000,1210000,50200000,420000
1791427190,450989372,704,1617942128,S,N,258203000000,258202000000,258201000000,258200000000,258199000000,3576610000,101540000,200000,420000,135510000,258204000000,258205000000,258206000000,258207000000,258210000000,1413960000,19820000,1210000,50200000,420000
1791427190,541435098,705,1747767917,D,N,8321833000000,8321832000000,8321831000000,8321802000000,8321801000000,242078000,62000,13000,14000,5354000,8321834000000,8321835000000,8321836000000,8321910000000,8321918000000,329960000,55000,13000,7000,14000
1791427190,543488573,706,1617942128,D,N,258203000000,258202000000,258201000000,258200000000,258199000000,3576610000,101540000,200000,420000,135510000,258204000000,258205000000,258206000000,258207000000,258210000000,1414360000,20020000,1210000,50200000,420000
1791427190,547696911,707,1617942128,S,N,258203000000,258202000000,258201000000,258200000000,258199000000,3576610000,101540000,200000,420000,135510000,258204000000,258205000000,258206000000,258207000000,258210000000,1414360000,20020000,1210000,50200000,420000
1791427190,640164354,708,1747767917,D,N,8321833000000,8321832000000,8321831000000,8321802000000,8321801000000,242085000,62000,13000,14000,5354000,8321834000000,8321835000000,8321836000000,8321910000000,8321918000000,329960000,55000,13000,7000,14000
1791427190,642346141,709,1617942128,D,N,258203000000,258202000000,258201000000,258200000000,258199000000,3576610000,101540000,200000,420000,135510000,258204000000,258205000000,258206000000,258207000000,258210000000,1414360000,20020000,1210000,50200000,420000
1791427190,644206607,710,1617942128,S,N,258203000000,258202000000,258201000000,258200000000,258199000000,3576610000,101540000,200000,420000,135510000,258204000000,258205000000,258206000000,258207000000,258210000000,1414360000,20020000,1210000,50200000,420000
1791427190,738903375,711,1747767917,D,N,8321833000000,8321832000000,8321831000000,8321802000000,8321801000000,242085000,62000,13000,14000,5354000,8321834000000,8321835000000,8321836000000,8321910000000,8321918000000,313579000,55000,13000,7000,14000
1791427190,740879430,712,1617942128,D,N,258203000000,258202000000,258201000000,258200000000,258199000000,4500870000,101540000,200000,420000,135510000,258204000000,258205000000,258206000000,258207000000,258210000000,1414560000,20020000,1210000,50200000,420000
1791427190,742780332,713,1617942128,S,N,258203000000,258202000000,258201000000,258200000000,258199000000,4500870000,101540000,200000,420000,135510000,258204000000,258205000000,258206000000,258207000000,258210000000,1414560000,20020000,1210000,50200000,420000
1791427190,837268014,714,1747767917,D,N,8321833000000,8321832000000,8321831000000,8321802000000,8321801000000,264213000,62000,13000,14000,5354000,8321834000000,8321835000000,8321836000000,8321910000000,8321918000000,311175000,55000,13000,7000,14000
1791427190,839350091,715,1617942128,D,N,258203000000,258202000000,258201000000,258200000000,258199000000,4500870000,101540000,200000,420000,135510000,258204000000,258205000000,258206000000,258207000000,258210000000,1414560000,20020000,1210000,50200000,420000
1791427190,841312733,716,1617942128,S,N,258203000000,258202000000,258201000000,258200000000,258199000000,4500870000,101540000,200000,420000,135510000,258204000000,258205000000,258206000000,258207000000,258210000000,1414560000,20020000,1210000,50200000,420000
1791427190,935984055,717,1747767917,D,N,8321833000000,8321832000000,8321831000000,8321802000000,8321801000000,264213000,62000,13000,14000,5354000,8321834000000,8321835000000,8321836000000,8321910000000,8321918000000,311161000,55000,13000,7000,14000
1791427190,938498801,718,1617942128,D,N,258203000000,258202000000,258201000000,258200000000,258199000000,4500870000,101540000,200000,420000,135510000,258204000000,258205000000,258206000000,258207000000,258210000000,1414560000,20020000,1210000,50200000,420000
1791427190,941312972,719,1617942128,S,N,258203000000,258202000000,258201000000,258200000000,258199000000,4500870000,101540000,200000,420000,135510000,258204000000,258205000000,258206000000,258207000000,258210000000,1414560000,20020000,1210000,50200000,420000
1791427191,72688553,720,1747767917,D,N,8321833000000,8321832000000,8321831000000,8321802000000,8321801000000,264213000,62000,13000,14000,5354000,8321834000000,8321835000000,8321836000000,8321910000000,8321918000000,311175000,55000,13000,7000,14000
1791427191,75252513,721,1617942128,D,N,258203000000,258202000000,258201000000,258200000000,258199000000,4500870000,101540000,200000,420000,135510000,258204000000,258205000000,258206000000,258207000000,258210000000,1414560000,20020000,1210000,50200000,420000
1791427191,78429033,722,1617942128,S,N,258203000000,258202000000,258201000000,258200000000,258199000000,4500870000,101540000,200000,420000,135510000,258204000000,258205000000,258206000000,258207000000,258210000000,1414560000,20020000,1210000,50200000,420000
1791427191,134472018,723,1617942128,D,N,258203000000,258202000000,258201000000,258200000000,258199000000,4539590000,101540000,200000,420000,135510000,258204000000,258205000000,258206000000,258207000000,258210000000,1414560000,20020000,1210000,50200000,420000
1791427191,136818608,724,1747767917,D,N,8321833000000,8321832000000,8321831000000,8321802000000,8321801000000,264206000,62000,13000,14000,5354000,8321834000000,8321835000000,8321836000000,8321910000000,8321918000000,311161000,55000,13000,7000,14000
1791427191,139580705,725,1617942128,S,N,258203000000,258202000000,258201000000,258200000000,258199000000,4539590000,101540000,200000,420000,135510000,258204000000,258205000000,258206000000,258207000000,258210000000,1414560000,20020000,1210000,50200000,420000
1791427191,234189697,726,1617942128,D,N,258203000000,258202000000,258201000000,258200000000,258199000000,4539590000,101540000,200000,420000,135510000,258204000000,258205000000,258206000000,258207000000,258210000000,1422860000,20020000,1210000,50200000,420000
1791427191,236332329,727,1747767917,D,N,8321833000000,8321832000000,8321831000000,8321802000000,8321801000000,264213000,62000,13000,14000,5354000,8321834000000,8321835000000,8321836000000,8321910000000,8321918000000,311161000,55000,13000,7000,14000
1791427191,238807132,728,1617942128,S,N,258203000000,258202000000,258201000000,258200000000,258199000000,4539590000,101540000,200000,420000,135510000,258204000000,258205000000,258206000000,258207000000,258210000000,1422860000,20020000,1210000,50200000,420000
1791427191,330080914,729,1747767917,D,N,8321833000000,8321832000000,8321831000000,8321802000000,8321801000000,273835000,62000,13000,14000,5354000,8321834000000,8321835000000,8321836000000,8321910000000,8321918000000,311154000,55000,13000,7000,14000
1791427191,332171177,730,1617942128,D,N,258203000000,258202000000,258201000000,258200000000,258199000000,4539590000,101540000,200000,420000,135510000,258204000000,258205000000,258206000000,258207000000,258208000000,1422860000,20020000,1210000,50200000,200000
1791427191,334080364,731,1617942128,S,N,258203000000,258202000000,258201000000,258200000000,258199000000,4539590000,101540000,200000,420000,135510000,258204000000,258205000000,258206000000,258207000000,258208000000,1422860000,20020000,1210000,50200000,200000
1791427191,428614400,732,1747767917,D,N,8321833000000,8321832000000,8321831000000,8321802000000,8321801000000,264213000,62000,13000,14000,5354000,8321834000000,8321835000000,8321836000000,8321910000000,8321918000000,311161000,55000,13000,7000,14000
1791427191,430918679,733,1617942128,D,N,258203000000,258202000000,258201000000,258200000000,258199000000,4539590000,101540000,200000,420000,135510000,258204000000,258205000000,258206000000,258207000000,258208000000,1422860000,20020000,1210000,50200000,200000
1791427191,432079005,734,1617942128,S,N,258203000000,258202000000,258201000000,258200000000,258199000000,4539590000,101540000,200000,420000,135510000,258204000000,258205000000,258206000000,258207000000,258208000000,1422860000,20020000,1210000,50200000,200000
1791427191,527957007,735,1747767917,D,N,8321833000000,8321832000000,8321831000000,8321802000000,8321801000000,264213000,62000,13000,14000,5354000,8321834000000,8321835000000,8321836000000,8321910000000,8321918000000,308772000,55000,13000,7000,14000
1791427191,529011705,736,1617942128,D,N,258203000000,258202000000,258201000000,258200000000,258199000000,5739590000,101540000,200000,420000,135510000,258204000000,258205000000,258206000000,258207000000,258208000000,1422860000,20020000,1210000,50200000,200000
1791427191,529924974,737,1617942128,S,N,258203000000,258202000000,258201000000,258200000000,258199000000,5739590000,101540000,200000,420000,135510000,258204000000,258205000000,258206000000,258207000000,258208000000,1422860000,20020000,1210000,50200000,200000
1791427192,310186379,738,1747767917,D,N,8321833000000,8321832000000,8321831000000,8321802000000,8321801000000,264213000,62000,13000,14000,5354000,8321834000000,8321835000000,8321836000000,8321910000000,8321918000000,311175000,55000,13000,7000,14000
1791427192,312820362,739,1617942128,D,N,258203000000,258202000000,258201000000,258200000000,258199000000,5739590000,101540000,200000,420000,135510000,258204000000,258205000000,258206000000,258207000000,258208000000,1422860000,20020000,1210000,50200000,200000
1791427192,315358284,740,1617942128,S,N,258203000000,258202000000,258201000000,258200000000,258199000000,5739590000,101540000,200000,420000,135510000,258204000000,258205000000,258206000000,258207000000,258208000000,1422860000,20020000,1210000,50200000,200000
1791427192,374944972,741,1747767917,D,N,8321833000000,8321832000000,8321831000000,8321802000000,8321801000000,264213000,62000,13000,14000,5354000,8321834000000,8321835000000,8321836000000,8321910000000,8321918000000,311161000,55000,13000,7000,14000
1791427192,377523626,742,1617942128,D,N,258203000000,258202000000,258201000000,258200000000,258199000000,5739590000,101540000,200000,420000,135510000,258204000000,258205000000,258206000000,258207000000,258208000000,1422860000,20020000,1210000,50200000,200000
1791427192,379409538,743,1617942128,S,N,258203000000,258202000000,258201000000,258200000000,258199000000,5739590000,101540000,200000,420000,135510000,258204000000,258205000000,258206000000,258207000000,258208000000,1422860000,20020000,1210000,50200000,200000
1791427192,479625668,744,1747767917,D,N,8321833000000,8321832000000,8321831000000,8321802000000,8321801000000,264213000,62000,13000,14000,5354000,8321834000000,8321835000000,8321836000000,8321910000000,8321918000000,311133000,55000,13000,7000,14000
1791427192,481453489,745,1617942128,D,N,258203000000,258202000000,258201000000,258200000000,258199000000,5739980000,101930000,590000,420000,135510000,258204000000,258205000000,258206000000,258207000000,258208000000,1422860000,20020000,1210000,50200000,200000
1791427192,483341570,746,1617942128,S,N,258203000000,258202000000,258201000000,258200000000,258199000000,5739980000,101930000,590000,420000,135510000,258204000000,258205000000,258206000000,258207000000,258208000000,1422860000,20020000,1210000,50200000,200000
1791427192,584045402,747,1747767917,D,N,8321833000000,8321832000000,8321831000000,8321802000000,8321801000000,331063000,62000,13000,14000,5354000,8321834000000,8321835000000,8321836000000,8321910000000,8321918000000,311175000,55000,13000,7000,14000
1791427192,585667096,748,1617942128,D,N,258203000000,258202000000,258201000000,258200000000,258199000000,5739980000,101930000,590000,420000,135510000,258204000000,258205000000,258206000000,258207000000,258208000000,1422860000,20020000,1210000,50200000,200000
1791427192,587091934,749,1617942128,S,N,258203000000,258202000000,258201000000,258200000000,258199000000,5739980000,101930000,590000,420000,135510000,258204000000,258205000000,258206000000,258207000000,258208000000,1422860000,20020000,1210000,50200000,200000
1791427192,713313855,750,1747767917,D,N,8321833000000,8321832000000,8321831000000,8321802000000,8321801000000,331063000,62000,13000,14000,5354000,8321834000000,8321835000000,8321836000000,8321910000000,8321918000000,311168000,55000,13000,7000,14000
1791427192,715964112,751,1617942128,D,N,258203000000,258202000000,258201000000,258200000000,258199000000,5739980000,101930000,590000,420000,135510000,258204000000,258205000000,258206000000,258207000000,258208000000,1422860000,20020000,1210000,50200000,200000
1791427192,718227560,752,1617942128,S,N,258203000000,258202000000,258201000000,258200000000,258199000000,5739980000,101930000,590000,420000,135510000,258204000000,258205000000,258206000000,258207000000,258208000000,1422860000,20020000,1210000,50200000,200000
1791427192,788781863,753,1747767917,D,N,8321833000000,8321832000000,8321831000000,8321802000000,8321801000000,331063000,62000,13000,14000,5354000,8321834000000,8321835000000,8321836000000,8321910000000,8321918000000,327543000,55000,13000,7000,14000
1791427192,791129636,754,1617942128,D,N,258203000000,258202000000,258201000000,258200000000,258199000000,5739980000,101930000,590000,420000,135510000,258204000000,258205000000,258206000000,258207000000,258208000000,1422860000,20020000,1210000,50200000,200000
1791427192,792539385,755,1617942128,S,N,258203000000,258202000000,258201000000,258200000000,258199000000,5739980000,101930000,590000,420000,135510000,258204000000,258205000000,258206000000,258207000000,258208000000,1422860000,20020000,1210000,50200000,200000
1791427192,867323526,756,1747767917,D,N,8321833000000,8321832000000,8321831000000,8321802000000,8321801000000,331063000,62000,13000,14000,5354000,8321834000000,8321835000000,8321836000000,8321910000000,8321918000000,327556000,55000,13000,14000,14000
1791427192,868900543,757,1617942128,D,N,258203000000,258202000000,258201000000,258200000000,258199000000,5546650000,101930000,590000,420000,135510000,258204000000,258205000000,258206000000,258207000000,258208000000,1422860000,20020000,1210000,50200000,200000
1791427192,870254766,758,1617942128,S,N,258203000000,258202000000,258201000000,258200000000,258199000000,5546650000,101930000,590000,420000,135510000,258204000000,258205000000,258206000000,258207000000,258208000000,1422860000,20020000,1210000,50200000,200000
1791427192,984916432,759,1747767917,D,N,8321833000000,8321832000000,8321831000000,8321802000000,8321801000000,331664000,62000,13000,14000,5354000,8321834000000,8321835000000,8321836000000,8321910000000,8321918000000,327549000,55000,13000,7000,14000
1791427192,986291366,760,1617942128,D,N,258203000000,258202000000,258201000000,258200000000,258199000000,5546650000,101930000,590000,420000,135510000,258204000000,258205000000,258206000000,258207000000,258208000000,1422860000,20020000,1210000,50200000,200000
1791427192,987145953,761,1617942128,S,N,258203000000,258202000000,258201000000,258200000000,258199000000,5546650000,101930000,590000,420000,135510000,258204000000,258205000000,258206000000,258207000000,258208000000,1422860000,20020000,1210000,50200000,200000
1791427193,86792030,762,1747767917,D,N,8321833000000,8321832000000,8321831000000,8321802000000,8321801000000,331664000,62000,13000,14000,5354000,8321834000000,8321835000000,8321836000000,8321910000000,8321918000000,327556000,55000,13000,7000,14000
1791427193,87941211,763,1617942128,D,N,258203000000,258202000000,258201000000,258200000000,258199000000,5546650000,101930000,590000,420000,135510000,258204000000,258205000000,258206000000,258207000000,258208000000,1422860000,20020000,1210000,50200000,200000
1791427193,89083291,764,1617942128,S,N,258203000000,258202000000,258201000000,258200000000,258199000000,5546650000,101930000,590000,420000,135510000,258204000000,258205000000,258206000000,258207000000,258208000000,1422860000,20020000,1210000,50200000,200000
1791427193,185525133,765,1747767917,D,N,8321833000000,8321832000000,8321831000000,8321802000000,8321801000000,331664000,62000,13000,14000,5354000,8321834000000,8321835000000,8321836000000,8321910000000,8321918000000,270578000,55000,13000,7000,14000
1791427193,187149983,766,1617942128,D,N,258203000000,258202000000,258201000000,258200000000,258199000000,5546650000,101930000,590000,420000,135510000,258204000000,258205000000,258206000000,258207000000,258208000000,972860000,20020000,1210000,50200000,200000
1791427193,189028991,767,1617942128,S,N,258203000000,258202000000,258201000000,258200000000,258199000000,5546650000,101930000,590000,420000,135510000,258204000000,258205000000,258206000000,258207000000,258208000000,972860000,20020000,1210000,50200000,200000
1791427193,288219123,768,1747767917,D,N,8321833000000,8321832000000,8321831000000,8321829000000,8321801000000,633715000,13000,13000,705000,5340000,8321834000000,8321835000000,8321836000000,8321910000000,8321917000000,9340000,62000,13000,7000,718000
1791427193,289755999,769,1617942128,D,N,258228000000,258227000000,258226000000,258219000000,258218000000,6797650000,390000,390000,3803020000,852430000,258229000000,258232000000,258234000000,258236000000,258237000000,482200000,200000,200000,200000,200000
1791427193,290835255,770,1617942128,S,N,258228000000,258227000000,258226000000,258219000000,258218000000,6797650000,390000,390000,3803020000,852430000,258229000000,258232000000,258234000000,258236000000,258237000000,482200000,200000,200000,200000,200000
1791427193,375400058,771,1747767917,D,N,8322023000000,8322022000000,8322021000000,8321923000000,8321922000000,1033724000,13000,13000,1504000,1504000,8322024000000,8322025000000,8322094000000,8322116000000,8322169000000,32572000,49000,7000,1123000,7000
1791427193,377804935,772,1617942128,D,N,258254000000,258253000000,258252000000,258248000000,258247000000,6020310000,276500000,648930000,33170000,274200000,258255000000,258256000000,258257000000,258258000000,258259000000,2621330000,900000,420000,620000,465450000
1791427193,410074610,773,1617942128,S,N,258254000000,258253000000,258252000000,258248000000,258247000000,6020310000,276500000,648930000,33170000,274200000,258255000000,258256000000,258257000000,258258000000,258259000000,2621330000,900000,420000,620000,465450000
1791427193,537571162,774,1747767917,D,N,8322553000000,8322552000000,8322551000000,8322513000000,8322336000000,865019000,13000,13000,8000,14000,8322554000000,8322555000000,8322558000000,8322600000000,8322601000000,67225000,42000,14000,14000,2800000
1791427193,540593631,775,1617942128,D,N,258254000000,258253000000,258252000000,258248000000,258247000000,7574410000,276500000,649130000,32750000,4400000,258255000000,258256000000,258258000000,258259000000,258261000000,1820000,900000,200000,200000,20980000
1791427193,541801099,776,1617942128,S,N,258254000000,258253000000,258252000000,258248000000,258247000000,7574410000,276500000,649130000,32750000,4400000,258255000000,258256000000,258258000000,258259000000,258261000000,1820000,900000,200000,200000,20980000
1791427193,569811644,777,1747767917,D,N,8322553000000,8322552000000,8322551000000,8322529000000,8322513000000,921671000,13000,13000,200000,8000,8322554000000,8322555000000,8322600000000,8322601000000,8322638000000,30720000,35000,14000,2800000,414000
1791427193,570546205,778,1617942128,D,N,258275000000,258274000000,258273000000,258271000000,258269000000,7919800000,390000,648680000,860000,4200000,258276000000,258277000000,258279000000,258280000000,258281000000,2283770000,200000,420000,620000,200000
1791427193,571320708,779,1617942128,S,N,258275000000,258274000000,258273000000,258271000000,258269000000,7919800000,390000,648680000,860000,4200000,258276000000,258277000000,258279000000,258280000000,258281000000,2283770000,200000,420000,620000,200000
1791427193,720016947,780,1747767917,D,N,8322553000000,8322552000000,8322551000000,8322529000000,8322513000000,955486000,13000,13000,200000,8000,8322554000000,8322555000000,8322600000000,8322601000000,8322638000000,22529000,49000,14000,2800000,414000
1791427193,721385273,781,1617942128,D,N,258275000000,258274000000,258273000000,258271000000,258270000000,7958180000,810000,648680000,440000,420000,258276000000,258277000000,258280000000,258281000000,258283000000,1010390000,200000,200000,200000,200000
1791427193,722980930,782,1617942128,S,N,258275000000,258274000000,258273000000,258271000000,258270000000,7958180000,810000,648680000,440000,420000,258276000000,258277000000,258280000000,258281000000,258283000000,1010390000,200000,200000,200000,200000
1791427193,753822216,783,1747767917,D,N,8322553000000,8322552000000,8322551000000,8322529000000,8322513000000,955278000,13000,13000,200000,8000,8322554000000,8322555000000,8322600000000,8322601000000,8322638000000,22529000,49000,14000,2800000,414000
1791427193,754878689,784,1617942128,D,N,258275000000,258274000000,258273000000,258271000000,258270000000,7958180000,810000,648680000,440000,420000,258276000000,258277000000,258280000000,258281000000,258283000000,1496690000,400000,200000,200000,200000
1791427193,755918495,785,1617942128,S,N,258275000000,258274000000,258273000000,258271000000,258270000000,7958180000,810000,648680000,440000,420000,258276000000,258277000000,258280000000,258281000000,258283000000,1496690000,400000,200000,200000,200000
1791427193,852237154,786,1747767917,D,N,8322553000000,8322552000000,8322551000000,8322529000000,8322513000000,955278000,13000,13000,200000,8000,8322554000000,8322555000000,8322600000000,8322601000000,8322638000000,22529000,49000,14000,2800000,290000
1791427193,853193818,787,1617942128,D,N,258275000000,258274000000,258273000000,258271000000,258270000000,7958180000,810000,648680000,440000,420000,258276000000,258277000000,258280000000,258281000000,258283000000,1496690000,400000,200000,200000,200000
1791427193,853977100,788,1617942128,S,N,258275000000,258274000000,258273000000,258271000000,258270000000,7958180000,810000,648680000,440000,420000,258276000000,258277000000,258280000000,258281000000,258283000000,1496690000,400000,200000,200000,200000
1791427193,951021345,789,1747767917,D,N,8322553000000,8322552000000,8322551000000,8322529000000,8322513000000,955313000,13000,13000,200000,8000,8322554000000,8322555000000,8322600000000,8322601000000,8322638000000,16958000,35000,14000,2800000,290000
1791427193,952273194,790,1617942128,D,N,258275000000,258274000000,258273000000,258271000000,258270000000,7958180000,810000,648680000,440000,420000,258276000000,258277000000,258280000000,258281000000,258283000000,1496690000,400000,200000,200000,200000
1791427193,953146521,791,1617942128,S,N,258275000000,258274000000,258273000000,258271000000,258270000000,7958180000,810000,648680000,440000,420000,258276000000,258277000000,258280000000,258281000000,258283000000,1496690000,400000,200000,200000,200000
1791427194,51167387,792,1747767917,D,N,8322553000000,8322552000000,8322551000000,8322529000000,8322513000000,955320000,13000,13000,200000,8000,8322554000000,8322555000000,8322600000000,8322601000000,8322638000000,16332000,35000,14000,2800000,290000
1791427194,54177187,793,1617942128,D,N,258275000000,258274000000,258273000000,258271000000,258270000000,7958180000,810000,648680000,440000,420000,258276000000,258277000000,258280000000,258281000000,258283000000,1226690000,400000,200000,200000,200000
1791427194,56961787,794,1617942128,S,N,258275000000,258274000000,258273000000,258271000000,258270000000,7958180000,810000,648680000,440000,420000,258276000000,258277000000,258280000000,258281000000,258283000000,1226690000,400000,200000,200000,200000
1791427194,153541187,795,1747767917,D,N,8322553000000,8322552000000,8322551000000,8322529000000,8322513000000,955434000,13000,13000,200000,8000,8322554000000,8322555000000,8322600000000,8322601000000,8322638000000,13977000,35000,14000,2800000,290000
1791427194,156187487,796,1617942128,D,N,258275000000,258274000000,258273000000,258271000000,258270000000,7959380000,810000,648880000,440000,620000,258276000000,258277000000,258280000000,258281000000,258283000000,1496890000,400000,200000,200000,200000
1791427194,159104187,797,1617942128,S,N,258275000000,258274000000,258273000000,258271000000,258270000000,7959380000,810000,648880000,440000,620000,258276000000,258277000000,258280000000,258281000000,258283000000,1496890000,400000,200000,200000,200000
1791427194,291812467,798,1747767917,D,N,8322600000000,8322599000000,8322598000000,8322554000000,8322553000000,886432000,127558000,13000,737706000,293905000,8322601000000,8322602000000,8322603000000,8322638000000,8322744000000,2946000,55000,13000,290000,196000
1791427194,293005304,799,1617942128,D,N,258275000000,258274000000,258273000000,258271000000,258270000000,7966550000,810000,648880000,440000,620000,258276000000,258277000000,258280000000,258281000000,258283000000,1496890000,400000,200000,200000,200000
1791427194,294044428,800,1617942128,S,N,258275000000,258274000000,258273000000,258271000000,258270000000,7966550000,810000,648880000,440000,620000,258276000000,258277000000,258280000000,258281000000,258283000000,1496890000,400000,200000,200000,200000
1791427194,346087223,801,1747767917,D,N,8322947000000,8322946000000,8322945000000,8322800000000,8322762000000,929044000,13000,13000,84772000,14000,8322948000000,8322949000000,8322959000000,8322969000000,8322970000000,105552000,35000,194000,14000,16194000
1791427194,347399363,802,1617942128,D,N,258275000000,258274000000,258273000000,258271000000,258270000000,7966550000,810000,648880000,440000,620000,258276000000,258277000000,258280000000,258281000000,258283000000,1207090000,400000,620000,20200000,200000
1791427194,348286835,803,1617942128,S,N,258275000000,258274000000,258273000000,258271000000,258270000000,7966550000,810000,648880000,440000,620000,258276000000,258277000000,258280000000,258281000000,258283000000,1207090000,400000,620000,20200000,200000
1791427194,446179144,804,1747767917,D,N,8322947000000,8322946000000,8322945000000,8322844000000,8322813000000,944897000,13000,13000,8000,1439000,8322948000000,8322949000000,8322959000000,8322969000000,8322970000000,88349000,35000,194000,14000,16194000
1791427194,447464718,805,1617942128,D,N,258275000000,258274000000,258273000000,258271000000,258270000000,7966550000,810000,648880000,440000,620000,258276000000,258277000000,258278000000,258280000000,258281000000,1477480000,790000,390000,620000,20200000
1791427194,448916551,806,1617942128,S,N,258275000000,258274000000,258273000000,258271000000,258270000000,7966550000,810000,648880000,440000,620000,258276000000,258277000000,258278000000,258280000000,258281000000,1477480000,790000,390000,620000,20200000
1791427194,543018212,807,1747767917,D,N,8322947000000,8322946000000,8322945000000,8322844000000,8322813000000,944910000,13000,13000,8000,1439000,8322948000000,8322949000000,8322959000000,8322969000000,8322970000000,89676000,35000,194000,14000,16194000
1791427194,546601722,808,1617942128,D,N,258275000000,258274000000,258273000000,258271000000,258270000000,7966550000,810000,648880000,440000,620000,258276000000,258277000000,258278000000,258280000000,258281000000,1477480000,790000,390000,620000,20200000
1791427194,549099052,809,1617942128,S,N,258275000000,258274000000,258273000000,258271000000,258270000000,7966550000,810000,648880000,440000,620000,258276000000,258277000000,258278000000,258280000000,258281000000,1477480000,790000,390000,620000,20200000
1791427194,641443808,810,1747767917,D,N,8322947000000,8322946000000,8322945000000,8322844000000,8322813000000,944917000,13000,13000,8000,1439000,8322948000000,8322949000000,8322959000000,8322969000000,8322970000000,89683000,42000,194000,14000,16194000
1791427194,644279344,811,1617942128,D,N,258275000000,258274000000,258273000000,258271000000,258270000000,7966550000,810000,648880000,440000,620000,258276000000,258277000000,258278000000,258280000000,258281000000,1477480000,790000,390000,620000,20200000
1791427194,646851472,812,1617942128,S,N,258275000000,258274000000,258273000000,258271000000,258270000000,7966550000,810000,648880000,440000,620000,258276000000,258277000000,258278000000,258280000000,258281000000,1477480000,790000,390000,620000,20200000
1791427194,737785959,813,1747767917,S,N,8322947000000,8322946000000,8322945000000,8322844000000,8322813000000,944917000,13000,13000,8000,1439000,8322948000000,8322949000000,8322959000000,8322969000000,8322970000000,89683000,42000,194000,14000,16194000
1791427194,741200170,814,1747767917,D,N,8322947000000,8322946000000,8322945000000,8322844000000,8322813000000,944917000,13000,13000,8000,1439000,8322948000000,8322949000000,8322959000000,8322969000000,8322970000000,89683000,42000,194000,14000,16194000
1791427194,743429386,815,1617942128,D,N,258275000000,258274000000,258273000000,258271000000,258270000000,7966550000,810000,648880000,440000,620000,258276000000,258277000000,258278000000,258280000000,258281000000,1477480000,790000,390000,820000,20200000
1791427194,745982496,816,1617942128,S,N,258275000000,258274000000,258273000000,258271000000,258270000000,7966550000,810000,648880000,440000,620000,258276000000,258277000000,258278000000,258280000000,258281000000,1477480000,790000,390000,820000,20200000
1791427194,836340367,817,1747767917,D,N,8322947000000,8322946000000,8322945000000,8322856000000,8322844000000,945269000,13000,13000,200000,8000,8322948000000,8322949000000,8322959000000,8322969000000,8322970000000,87776000,42000,194000,14000,16194000
1791427194,838203341,818,1617942128,D,N,258275000000,258274000000,258273000000,258271000000,258270000000,7966550000,810000,648880000,440000,620000,258276000000,258277000000,258278000000,258280000000,258281000000,1477480000,790000,390000,820000,20200000
1791427194,839940640,819,1617942128,S,N,258275000000,258274000000,258273000000,258271000000,258270000000,7966550000,810000,648880000,440000,620000,258276000000,258277000000,258278000000,258280000000,258281000000,1477480000,790000,390000,820000,20200000
1791427194,935539425,820,1747767917,D,N,8322947000000,8322946000000,8322945000000,8322844000000,8322814000000,906889000,13000,13000,8000,14000,8322948000000,8322949000000,8322959000000,8322969000000,8322970000000,196393000,42000,194000,14000,16194000
1791427194,939196751,821,1617942128,D,N,258275000000,258274000000,258273000000,258271000000,258270000000,7307800000,390000,590000,440000,620000,258276000000,258277000000,258278000000,258280000000,258281000000,2630480000,790000,390000,820000,20200000
1791427194,941677907,822,1617942128,S,N,258275000000,258274000000,258273000000,258271000000,258270000000,7307800000,390000,590000,440000,620000,258276000000,258277000000,258278000000,258280000000,258281000000,2630480000,790000,390000,820000,20200000
1791427195,32606316,823,1747767917,D,N,8322947000000,8322946000000,8322945000000,8322844000000,8322814000000,767926000,13000,13000,8000,14000,8322948000000,8322949000000,8322959000000,8322969000000,8322970000000,271769000,56000,194000,14000,16194000
1791427195,36274524,824,1617942128,D,N,258275000000,258274000000,258273000000,258271000000,258270000000,7307800000,390000,590000,440000,620000,258276000000,258277000000,258278000000,258280000000,258281000000,2631430000,790000,390000,820000,20200000
1791427195,38669216,825,1617942128,S,N,258275000000,258274000000,258273000000,258271000000,258270000000,7307800000,390000,590000,440000,620000,258276000000,258277000000,258278000000,258280000000,258281000000,2631430000,790000,390000,820000,20200000
1791427195,130098954,826,1747767917,D,N,8322947000000,8322946000000,8322945000000,8322844000000,8322814000000,767982000,13000,13000,8000,14000,8322948000000,8322949000000,8322959000000,8322969000000,8322970000000,288012000,56000,194000,14000,16194000
1791427195,131311299,827,1617942128,D,N,258275000000,258274000000,258273000000,258271000000,258270000000,7307800000,390000,590000,440000,620000,258276000000,258277000000,258278000000,258280000000,258281000000,2631430000,790000,390000,820000,20200000
1791427195,132097505,828,1617942128,S,N,258275000000,258274000000,258273000000,258271000000,258270000000,7307800000,390000,590000,440000,620000,258276000000,258277000000,258278000000,258280000000,258281000000,2631430000,790000,390000,820000,20200000
1791427195,231139419,829,1747767917,D,N,8322947000000,8322946000000,8322945000000,8322943000000,8322844000000,768059000,13000,13000,625000,8000,8322948000000,8322949000000,8322950000000,8322959000000,8322969000000,288374000,62000,13000,194000,14000
1791427195,232341667,830,1617942128,D,N,258275000000,258274000000,258273000000,258271000000,258270000000,7307800000,390000,590000,440000,620000,258276000000,258277000000,258278000000,258280000000,258281000000,2631430000,790000,390000,820000,20200000
1791427195,233043664,831,1617942128,S,N,258275000000,258274000000,258273000000,258271000000,258270000000,7307800000,390000,590000,440000,620000,258276000000,258277000000,258278000000,258280000000,258281000000,2631430000,790000,390000,820000,20200000
1791427195,354803491,832,1747767917,D,N,8322947000000,8322946000000,8322945000000,8322943000000,8322844000000,806432000,13000,13000,625000,8000,8322948000000,8322949000000,8322950000000,8322959000000,8322969000000,291693000,62000,13000,194000,14000
1791427195,357074077,833,1617942128,D,N,258275000000,258274000000,258273000000,258271000000,258270000000,7307800000,390000,590000,440000,620000,258276000000,258277000000,258278000000,258280000000,258281000000,2631430000,790000,390000,820000,20200000
1791427195,358813728,834,1617942128,S,N,258275000000,258274000000,258273000000,258271000000,258270000000,7307800000,390000,590000,440000,620000,258276000000,258277000000,258278000000,258280000000,258281000000,2631430000,790000,390000,820000,20200000
1791427195,452234958,835,1747767917,D,N,8322947000000,8322946000000,8322945000000,8322943000000,8322844000000,806432000,13000,13000,625000,8000,8322948000000,8322949000000,8322950000000,8322959000000,8322969000000,291686000,55000,13000,194000,14000
1791427195,454939035,836,1617942128,D,N,258275000000,258274000000,258273000000,258271000000,258270000000,7305410000,390000,590000,440000,620000,258276000000,258277000000,258278000000,258280000000,258281000000,2631430000,790000,390000,820000,20200000
1791427195,457553512,837,1617942128,S,N,258275000000,258274000000,258273000000,258271000000,258270000000,7305410000,390000,590000,440000,620000,258276000000,258277000000,258278000000,258280000000,258281000000,2631430000,790000,390000,820000,20200000
1791427195,520723960,838,1747767917,S,N,8322947000000,8322946000000,8322945000000,8322943000000,8322844000000,806432000,13000,13000,625000,8000,8322948000000,8322949000000,8322950000000,8322959000000,8322969000000,291686000,55000,13000,194000,14000
1791427195,522068842,839,1747767917,D,N,8322947000000,8322946000000,8322945000000,8322943000000,8322844000000,806432000,13000,13000,625000,8000,8322948000000,8322949000000,8322950000000,8322959000000,8322969000000,291686000,55000,13000,194000,14000
1791427195,523540282,840,1617942128,D,N,258275000000,258274000000,258273000000,258271000000,258270000000,7305410000,390000,590000,440000,620000,258276000000,258277000000,258278000000,258280000000,258281000000,2631430000,790000,390000,820000,20200000
1791427195,524556272,841,1617942128,S,N,258275000000,258274000000,258273000000,258271000000,258270000000,7305410000,390000,590000,440000,620000,258276000000,258277000000,258278000000,258280000000,258281000000,2631430000,790000,390000,820000,20200000
1791427195,620643935,842,1747767917,D,N,8322947000000,8322946000000,8322945000000,8322943000000,8322844000000,806439000,13000,13000,625000,8000,8322948000000,8322949000000,8322950000000,8322959000000,8322969000000,291707000,55000,13000,194000,14000
1791427195,622642388,843,1617942128,D,N,258275000000,258274000000,258273000000,258271000000,258270000000,7307770000,390000,590000,440000,620000,258276000000,258277000000,258278000000,258280000000,258281000000,2631630000,990000,390000,820000,20620000
1791427195,625478120,844,1617942128,S,N,258275000000,258274000000,258273000000,258271000000,258270000000,7307770000,390000,590000,440000,620000,258276000000,258277000000,258278000000,258280000000,258281000000,2631630000,990000,390000,820000,20620000
1791427195,717596523,845,1747767917,S,N,8322947000000,8322946000000,8322945000000,8322943000000,8322844000000,806439000,13000,13000,625000,8000,8322948000000,8322949000000,8322950000000,8322959000000,8322969000000,291707000,55000,13000,194000,14000
1791427195,719508708,846,1747767917,D,N,8322947000000,8322946000000,8322945000000,8322943000000,8322844000000,806439000,13000,13000,625000,8000,8322948000000,8322949000000,8322950000000,8322959000000,8322969000000,291707000,55000,13000,194000,14000
1791427195,720832808,847,1617942128,D,N,258275000000,258274000000,258273000000,258272000000,258271000000,7304460000,390000,590000,850550000,440000,258276000000,258277000000,258278000000,258280000000,258281000000,2631630000,990000,390000,820000,20620000
1791427195,722099756,848,1617942128,S,N,258275000000,258274000000,258273000000,258272000000,258271000000,7304460000,390000,590000,850550000,440000,258276000000,258277000000,258278000000,258280000000,258281000000,2631630000,990000,390000,820000,20620000
1791427195,817720401,849,1747767917,D,N,8322947000000,8322946000000,8322945000000,8322943000000,8322844000000,768059000,13000,13000,625000,8000,8322948000000,8322949000000,8322950000000,8322959000000,8322969000000,291707000,55000,13000,194000,14000
1791427195,819241837,850,1617942128,D,N,258275000000,258274000000,258273000000,258272000000,258271000000,7114080000,390000,1010000,850550000,440000,258276000000,258277000000,258278000000,258280000000,258281000000,2631630000,990000,390000,820000,20620000
1791427195,820646321,851,1617942128,S,N,258275000000,258274000000,258273000000,258272000000,258271000000,7114080000,390000,1010000,850550000,440000,258276000000,258277000000,258278000000,258280000000,258281000000,2631630000,990000,390000,820000,20620000
1791427195,916042869,852,1747767917,D,N,8322947000000,8322946000000,8322945000000,8322943000000,8322844000000,768059000,13000,13000,625000,8000,8322948000000,8322949000000,8322950000000,8322959000000,8322969000000,291659000,55000,13000,194000,14000
1791427195,918456187,853,1617942128,D,N,258275000000,258274000000,258273000000,258272000000,258271000000,7114080000,390000,1010000,850550000,440000,258276000000,258277000000,258278000000,258280000000,258281000000,2670140000,790000,390000,820000,20200000
1791427195,920993612,854,1617942128,S,N,258275000000,258274000000,258273000000,258272000000,258271000000,7114080000,390000,1010000,850550000,440000,258276000000,258277000000,258278000000,258280000000,258281000000,2670140000,790000,390000,820000,20200000
1791427196,53127334,855,1747767917,D,N,8322947000000,8322946000000,8322945000000,8322943000000,8322844000000,806439000,13000,13000,625000,8000,8322948000000,8322949000000,8322950000000,8322959000000,8322969000000,259232000,55000,13000,194000,14000
1791427196,54364088,856,1617942128,D,N,258275000000,258274000000,258273000000,258271000000,258270000000,7968500000,390000,590000,440000,620000,258276000000,258277000000,258278000000,258280000000,258281000000,2561810000,590000,390000,820000,20200000
1791427196,55415663,857,1617942128,S,N,258275000000,258274000000,258273000000,258271000000,258270000000,7968500000,390000,590000,440000,620000,258276000000,258277000000,258278000000,258280000000,258281000000,2561810000,590000,390000,820000,20200000
1791427196,110758169,858,1747767917,D,N,8322947000000,8322946000000,8322945000000,8322943000000,8322844000000,806439000,13000,13000,625000,8000,8322948000000,8322949000000,8322950000000,8322959000000,8322969000000,202254000,55000,13000,194000,14000
1791427196,112768385,859,1617942128,D,N,258275000000,258274000000,258273000000,258271000000,258270000000,7968500000,390000,590000,440000,620000,258276000000,258277000000,258278000000,258280000000,258281000000,2561810000,590000,390000,820000,20200000
1791427196,114094936,860,1617942128,S,N,258275000000,258274000000,258273000000,258271000000,258270000000,7968500000,390000,590000,440000,620000,258276000000,258277000000,258278000000,258280000000,258281000000,2561810000,590000,390000,820000,20200000
1791427196,240642677,861,1747767917,D,N,8322947000000,8322946000000,8322945000000,8322943000000,8322844000000,806431000,13000,13000,625000,8000,8322948000000,8322949000000,8322950000000,8322959000000,8322969000000,202254000,55000,13000,194000,14000
1791427196,244016303,862,1617942128,D,N,258275000000,258274000000,258273000000,258271000000,258270000000,7968500000,390000,590000,440000,620000,258276000000,258277000000,258278000000,258280000000,258281000000,2561810000,590000,390000,820000,20200000
1791427196,246648131,863,1617942128,S,N,258275000000,258274000000,258273000000,258271000000,258270000000,7968500000,390000,590000,440000,620000,258276000000,258277000000,258278000000,258280000000,258281000000,2561810000,590000,390000,820000,20200000
1791427196,308043539,864,1747767917,D,N,8322947000000,8322946000000,8322945000000,8322943000000,8322844000000,806409000,13000,13000,625000,8000,8322948000000,8322949000000,8322950000000,8322959000000,8322969000000,259219000,55000,13000,194000,14000
1791427196,311124151,865,1617942128,D,N,258275000000,258274000000,258273000000,258271000000,258270000000,7968500000,390000,590000,440000,620000,258276000000,258277000000,258278000000,258280000000,258281000000,2561810000,590000,390000,820000,20200000
1791427196,313607659,866,1617942128,S,N,258275000000,258274000000,258273000000,258271000000,258270000000,7968500000,390000,590000,440000,620000,258276000000,258277000000,258278000000,258280000000,258281000000,2561810000,590000,390000,820000,20200000
1791427196,408228980,867,1747767917,D,N,8322947000000,8322946000000,8322945000000,8322943000000,8322844000000,915598000,41000,13000,625000,8000,8322948000000,8322949000000,8322950000000,8322959000000,8322969000000,144890000,55000,13000,194000,14000
1791427196,409803941,868,1617942128,D,N,258275000000,258274000000,258273000000,258271000000,258270000000,7968500000,390000,590000,440000,620000,258276000000,258277000000,258278000000,258280000000,258281000000,2562210000,990000,390000,820000,20200000
1791427196,411281850,869,1617942128,S,N,258275000000,258274000000,258273000000,258271000000,258270000000,7968500000,390000,590000,440000,620000,258276000000,258277000000,258278000000,258280000000,258281000000,2562210000,990000,390000,820000,20200000
1791427196,524119027,870,1747767917,D,N,8322947000000,8322946000000,8322945000000,8322943000000,8322844000000,915598000,48000,13000,625000,8000,8322948000000,8322949000000,8322950000000,8322959000000,8322969000000,144890000,55000,13000,194000,14000
1791427196,525593898,871,1617942128,D,N,258275000000,258274000000,258273000000,258271000000,258270000000,7968500000,390000,590000,440000,620000,258276000000,258277000000,258278000000,258280000000,258281000000,2562010000,790000,390000,820000,20200000
1791427196,526741053,872,1617942128,S,N,258275000000,258274000000,258273000000,258271000000,258270000000,7968500000,390000,590000,440000,620000,258276000000,258277000000,258278000000,258280000000,258281000000,2562010000,790000,390000,820000,20200000
1791427196,601475390,873,1747767917,D,N,8322947000000,8322946000000,8322945000000,8322943000000,8322844000000,915591000,41000,13000,625000,8000,8322948000000,8322949000000,8322950000000,8322959000000,8322969000000,144880000,55000,13000,194000,14000
1791427196,602883012,874,1617942128,D,N,258275000000,258274000000,258273000000,258271000000,258270000000,7968500000,390000,590000,440000,620000,258276000000,258277000000,258278000000,258280000000,258281000000,2562010000,790000,390000,820000,20200000
1791427196,604212111,875,1617942128,S,N,258275000000,258274000000,258273000000,258271000000,258270000000,7968500000,390000,590000,440000,620000,258276000000,258277000000,258278000000,258280000000,258281000000,2562010000,790000,390000,820000,20200000
1791427196,709071555,876,1747767917,S,N,8322947000000,8322946000000,8322945000000,8322943000000,8322844000000,915591000,41000,13000,625000,8000,8322948000000,8322949000000,8322950000000,8322959000000,8322969000000,144880000,55000,13000,194000,14000
1791427196,710657103,877,1747767917,D,N,8322947000000,8322946000000,8322945000000,8322943000000,8322844000000,915591000,41000,13000,625000,8000,8322948000000,8322949000000,8322950000000,8322959000000,8322969000000,144880000,55000,13000,194000,14000
1791427196,712062666,878,1617942128,D,N,258275000000,258274000000,258273000000,258271000000,258270000000,7968500000,390000,590000,440000,620000,258276000000,258277000000,258278000000,258280000000,258281000000,2562010000,790000,390000,820000,20200000
1791427196,713408430,879,1617942128,S,N,258275000000,258274000000,258273000000,258271000000,258270000000,7968500000,390000,590000,440000,620000,258276000000,258277000000,258278000000,258280000000,258281000000,2562010000,790000,390000,820000,20200000
1791427196,800690884,880,1747767917,D,N,8322947000000,8322946000000,8322945000000,8322943000000,8322844000000,915598000,48000,13000,625000,8000,8322948000000,8322949000000,8322950000000,8322959000000,8322969000000,144890000,55000,13000,194000,14000
1791427196,802145267,881,1617942128,D,N,258275000000,258274000000,258273000000,258271000000,258270000000,7968500000,390000,590000,440000,620000,258276000000,258277000000,258278000000,258280000000,258281000000,2562010000,790000,390000,820000,20200000
1791427196,803269188,882,1617942128,S,N,258275000000,258274000000,258273000000,258271000000,258270000000,7968500000,390000,590000,440000,620000,258276000000,258277000000,258278000000,258280000000,258281000000,2562010000,790000,390000,820000,20200000
1791427196,912563832,883,1747767917,S,N,8322947000000,8322946000000,8322945000000,8322943000000,8322844000000,915598000,48000,13000,625000,8000,8322948000000,8322949000000,8322950000000,8322959000000,8322969000000,144890000,55000,13000,194000,14000
1791427196,914525229,884,1747767917,D,N,8322947000000,8322946000000,8322945000000,8322943000000,8322844000000,915598000,48000,13000,625000,8000,8322948000000,8322949000000,8322950000000,8322959000000,8322969000000,144890000,55000,13000,194000,14000
1791427196,915976964,885,1617942128,D,N,258275000000,258274000000,258273000000,258271000000,258270000000,7968500000,390000,590000,440000,620000,258276000000,258277000000,258278000000,258280000000,258281000000,2562010000,790000,390000,820000,20200000
1791427196,917312730,886,1617942128,S,N,258275000000,258274000000,258273000000,258271000000,258270000000,7968500000,390000,590000,440000,620000,258276000000,258277000000,258278000000,258280000000,258281000000,2562010000,790000,390000,820000,20200000
1791427197,160320272,887,1747767917,D,N,8322947000000,8322946000000,8322945000000,8322943000000,8322844000000,916636000,48000,13000,625000,8000,8322948000000,8322949000000,8322950000000,8322959000000,8322969000000,144880000,55000,13000,194000,14000
1791427197,163166493,888,1617942128,D,N,258275000000,258274000000,258273000000,258271000000,258270000000,7968500000,390000,590000,440000,620000,258276000000,258277000000,258278000000,258280000000,258281000000,2562010000,790000,390000,820000,20200000
1791427197,168453089,889,1617942128,S,N,258275000000,258274000000,258273000000,258271000000,258270000000,7968500000,390000,590000,440000,620000,258276000000,258277000000,258278000000,258280000000,258281000000,2562010000,790000,390000,820000,20200000
1791427197,202348846,890,1747767917,D,N,8322947000000,8322946000000,8322945000000,8322943000000,8322844000000,917300000,62000,13000,625000,8000,8322948000000,8322949000000,8322950000000,8322970000000,8323000000000,49613000,48000,13000,7000,14000
1791427197,204421997,891,1617942128,D,N,258276000000,258275000000,258274000000,258273000000,258272000000,12235110000,3205770000,390000,200000,44240000,258277000000,258278000000,258280000000,258281000000,258283000000,1900000,590000,400000,200000,200000
1791427197,206578083,892,1617942128,S,N,258276000000,258275000000,258274000000,258273000000,258272000000,12235110000,3205770000,390000,200000,44240000,258277000000,258278000000,258280000000,258281000000,258283000000,1900000,590000,400000,200000,200000
1791427197,332822713,893,1747767917,D,N,8322947000000,8322946000000,8322945000000,8322943000000,8322844000000,917286000,62000,13000,625000,8000,8322948000000,8322949000000,8322950000000,8322970000000,8323000000000,48985000,48000,13000,7000,14000
1791427197,334008590,894,1617942128,D,N,258299000000,258298000000,258297000000,258293000000,258292000000,7254370000,390000,790000,420000,228640000,258300000000,258301000000,258302000000,258303000000,258304000000,2097560000,600000,200000,980000,300000
1791427197,335608156,895,1617942128,S,N,258299000000,258298000000,258297000000,258293000000,258292000000,7254370000,390000,790000,420000,228640000,258300000000,258301000000,258302000000,258303000000,258304000000,2097560000,600000,200000,980000,300000
1791427197,336569248,896,1747767917,D,N,8322947000000,8322946000000,8322945000000,8322863000000,8322844000000,917279000,62000,13000,200000,8000,8322948000000,8322949000000,8322950000000,8322970000000,8323000000000,48985000,48000,13000,7000,14000
1791427197,337103613,897,1617942128,D,N,258299000000,258298000000,258297000000,258293000000,258292000000,7265990000,24670000,790000,420000,269110000,258300000000,258301000000,258302000000,258303000000,258304000000,2096790000,400000,200000,980000,300000
1791427197,337728558,898,1617942128,S,N,258299000000,258298000000,258297000000,258293000000,258292000000,7265990000,24670000,790000,420000,269110000,258300000000,258301000000,258302000000,258303000000,258304000000,2096790000,400000,200000,980000,300000
1791427197,411636007,899,1747767917,D,N,8322947000000,8322946000000,8322945000000,8322863000000,8322844000000,917286000,69000,13000,200000,8000,8322948000000,8322949000000,8322950000000,8322970000000,8323000000000,48985000,48000,13000,7000,14000
1791427197,412686798,900,1617942128,D,N,258299000000,258298000000,258297000000,258296000000,258293000000,7266790000,24670000,1410000,200000,420000,258300000000,258301000000,258302000000,258303000000,258304000000,2096790000,400000,200000,980000,300000
1791427197,457590708,901,1617942128,S,N,258299000000,258298000000,258297000000,258296000000,258293000000,7266790000,24670000,1410000,200000,420000,258300000000,258301000000,258302000000,258303000000,258304000000,2096790000,400000,200000,980000,300000
1791427197,531983311,902,1747767917,D,N,8322947000000,8322946000000,8322945000000,8322844000000,8322814000000,877697000,69000,13000,8000,14000,8322948000000,8322949000000,8322950000000,8322970000000,8323000000000,182918000,55000,13000,7000,14000
1791427197,533098507,903,1617942128,D,N,258299000000,258298000000,258297000000,258296000000,258293000000,4501940000,24870000,1410000,200000,420000,258300000000,258301000000,258302000000,258303000000,258304000000,3232880000,200000,200000,980000,300000
1791427197,534103713,904,1617942128,S,N,258299000000,258298000000,258297000000,258296000000,258293000000,4501940000,24870000,1410000,200000,420000,258300000000,258301000000,258302000000,258303000000,258304000000,3232880000,200000,200000,980000,300000
1791427197,610807976,905,1747767917,D,N,8322947000000,8322946000000,8322945000000,8322844000000,8322814000000,877697000,69000,13000,8000,14000,8322948000000,8322949000000,8322950000000,8322970000000,8323000000000,199153000,48000,13000,7000,14000
1791427197,612173053,906,1617942128,D,N,258299000000,258298000000,258297000000,258296000000,258293000000,4231740000,24870000,1410000,200000,420000,258300000000,258301000000,258302000000,258303000000,258304000000,3271590000,200000,200000,980000,300000
1791427197,613495290,907,1617942128,S,N,258299000000,258298000000,258297000000,258296000000,258293000000,4231740000,24870000,1410000,200000,420000,258300000000,258301000000,258302000000,258303000000,258304000000,3271590000,200000,200000,980000,300000
1791427197,699300226,908,1747767917,D,N,8322947000000,8322946000000,8322945000000,8322844000000,8322814000000,877697000,69000,13000,8000,14000,8322948000000,8322949000000,8322950000000,8322970000000,8323000000000,232903000,48000,13000,7000,14000
1791427197,702041163,909,1617942128,D,N,258299000000,258298000000,258297000000,258296000000,258293000000,4231740000,24870000,1410000,200000,420000,258300000000,258301000000,258302000000,258303000000,258304000000,3271590000,200000,200000,980000,300000
1791427197,704201660,910,1617942128,S,N,258299000000,258298000000,258297000000,258296000000,258293000000,4231740000,24870000,1410000,200000,420000,258300000000,258301000000,258302000000,258303000000,258304000000,3271590000,200000,200000,980000,300000
1791427197,863677399,911,1747767917,D,N,8322947000000,8322946000000,8322945000000,8322844000000,8322814000000,916077000,69000,13000,8000,14000,8322948000000,8322949000000,8322950000000,8322970000000,8323000000000,232903000,48000,13000,7000,14000
1791427197,866086600,912,1617942128,D,N,258299000000,258298000000,258297000000,258296000000,258293000000,4501740000,24870000,1410000,200000,420000,258300000000,258301000000,258302000000,258303000000,258304000000,3271590000,200000,200000,980000,300000
1791427197,868336697,913,1617942128,S,N,258299000000,258298000000,258297000000,258296000000,258293000000,4501740000,24870000,1410000,200000,420000,258300000000,258301000000,258302000000,258303000000,258304000000,3271590000,200000,200000,980000,300000
1791427197,876005143,914,1747767917,D,N,8322947000000,8322946000000,8322945000000,8322844000000,8322814000000,916084000,76000,13000,8000,14000,8322948000000,8322949000000,8322950000000,8322970000000,8323000000000,232903000,48000,13000,7000,14000
1791427197,889609148,915,1617942128,D,N,258299000000,258298000000,258297000000,258296000000,258295000000,4501740000,24870000,1410000,620000,263920000,258300000000,258301000000,258302000000,258303000000,258304000000,3271590000,200000,200000,980000,300000
1791427197,892612218,916,1617942128,S,N,258299000000,258298000000,258297000000,258296000000,258295000000,4501740000,24870000,1410000,620000,263920000,258300000000,258301000000,258302000000,258303000000,258304000000,3271590000,200000,200000,980000,300000
1791427197,974394566,917,1747767917,D,N,8322947000000,8322946000000,8322945000000,8322844000000,8322814000000,916084000,76000,13000,8000,14000,8322948000000,8322949000000,8322950000000,8322970000000,8323000000000,181581000,48000,13000,7000,14000
1791427197,977153638,918,1617942128,D,N,258299000000,258298000000,258297000000,258296000000,258294000000,5292830000,24870000,1410000,200000,200000,258300000000,258301000000,258302000000,258303000000,258304000000,2654270000,200000,200000,980000,300000
1791427197,979433536,919,1617942128,S,N,258299000000,258298000000,258297000000,258296000000,258294000000,5292830000,24870000,1410000,200000,200000,258300000000,258301000000,258302000000,258303000000,258304000000,2654270000,200000,200000,980000,300000
1791427198,74316207,920,1747767917,D,N,8322947000000,8322946000000,8322945000000,8322844000000,8322814000000,916014000,27000,13000,8000,14000,8322948000000,8322949000000,8322950000000,8322970000000,8323000000000,125784000,48000,13000,7000,14000
1791427198,76877747,921,1617942128,D,N,258299000000,258298000000,258297000000,258296000000,258294000000,5292630000,24670000,1410000,200000,200000,258300000000,258301000000,258302000000,258303000000,258304000000,2654470000,400000,200000,980000,300000
1791427198,79298810,922,1617942128,S,N,258299000000,258298000000,258297000000,258296000000,258294000000,5292630000,24670000,1410000,200000,200000,258300000000,258301000000,258302000000,258303000000,258304000000,2654470000,400000,200000,980000,300000
1791427198,170132031,923,1747767917,D,N,8322947000000,8322946000000,8322945000000,8322844000000,8322814000000,915993000,13000,13000,8000,14000,8322948000000,8322949000000,8322950000000,8322970000000,8323000000000,89814000,48000,13000,7000,14000
1791427198,172737392,924,1617942128,D,N,258299000000,258298000000,258297000000,258296000000,258294000000,5331340000,24670000,1410000,200000,200000,258300000000,258301000000,258302000000,258303000000,258304000000,292370000,400000,200000,980000,300000
1791427198,175908094,925,1617942128,S,N,258299000000,258298000000,258297000000,258296000000,258294000000,5331340000,24670000,1410000,200000,200000,258300000000,258301000000,258302000000,258303000000,258304000000,292370000,400000,200000,980000,300000
1791427198,269702527,926,1747767917,D,N,8322947000000,8322946000000,8322945000000,8322844000000,8322813000000,917803000,13000,13000,8000,1439000,8322948000000,8322949000000,8322950000000,8322970000000,8323000000000,29580000,48000,13000,7000,14000
1791427198,272419348,927,1617942128,D,N,258300000000,258299000000,258298000000,258297000000,258296000000,9166890000,2342590000,24670000,1260000,200000,258301000000,258302000000,258303000000,258304000000,258305000000,1001500000,590000,1370000,300000,730000
1791427198,274588178,928,1617942128,S,N,258300000000,258299000000,258298000000,258297000000,258296000000,9166890000,2342590000,24670000,1260000,200000,258301000000,258302000000,258303000000,258304000000,258305000000,1001500000,590000,1370000,300000,730000
1791427198,367629833,929,1747767917,D,N,8322947000000,8322946000000,8322945000000,8322844000000,8322813000000,918001000,13000,13000,8000,1439000,8322948000000,8322949000000,8322950000000,8322970000000,8323000000000,29580000,48000,13000,7000,14000
1791427198,369309294,930,1617942128,D,N,258300000000,258299000000,258298000000,258297000000,258296000000,9170250000,2331390000,24670000,1260000,200000,258301000000,258302000000,258303000000,258304000000,258305000000,1001300000,590000,1370000,300000,730000
1791427198,371196776,931,1617942128,S,N,258300000000,258299000000,258298000000,258297000000,258296000000,9170250000,2331390000,24670000,1260000,200000,258301000000,258302000000,258303000000,258304000000,258305000000,1001300000,590000,1370000,300000,730000
1791427198,463184112,932,1747767917,D,N,8322947000000,8322946000000,8322945000000,8322844000000,8322813000000,918001000,13000,13000,8000,1439000,8322948000000,8322949000000,8322950000000,8322970000000,8323000000000,29480000,48000,13000,7000,14000
1791427198,464814557,933,1617942128,D,N,258300000000,258299000000,258298000000,258297000000,258296000000,9181450000,2331390000,24670000,1260000,200000,258301000000,258302000000,258303000000,258304000000,258305000000,2001300000,590000,1370000,300000,730000
1791427198,466256882,934,1617942128,S,N,258300000000,258299000000,258298000000,258297000000,258296000000,9181450000,2331390000,24670000,1260000,200000,258301000000,258302000000,258303000000,258304000000,258305000000,2001300000,590000,1370000,300000,730000
1791427198,562385424,935,1747767917,D,N,8322947000000,8322946000000,8322945000000,8322906000000,8322844000000,918001000,13000,13000,200000,8000,8322948000000,8322949000000,8322950000000,8322970000000,8323000000000,27380000,48000,13000,7000,14000
1791427198,563928426,936,1617942128,D,N,258300000000,258299000000,258298000000,258297000000,258296000000,9181450000,2337470000,24670000,1260000,200000,258301000000,258302000000,258303000000,258304000000,258305000000,2001300000,590000,1370000,300000,730000
1791427198,565318109,937,1617942128,S,N,258300000000,258299000000,258298000000,258297000000,258296000000,9181450000,2337470000,24670000,1260000,200000,258301000000,258302000000,258303000000,258304000000,258305000000,2001300000,590000,1370000,300000,730000
1791427198,658685128,938,1747767917,S,N,8322947000000,8322946000000,8322945000000,8322906000000,8322844000000,918001000,13000,13000,200000,8000,8322948000000,8322949000000,8322950000000,8322970000000,8323000000000,27380000,48000,13000,7000,14000
1791427198,662443426,939,1747767917,D,N,8322947000000,8322946000000,8322945000000,8322906000000,8322844000000,918001000,13000,13000,200000,8000,8322948000000,8322949000000,8322950000000,8322970000000,8323000000000,27380000,48000,13000,7000,14000
1791427198,664286206,940,1617942128,D,N,258300000000,258299000000,258298000000,258297000000,258296000000,9181450000,2337470000,24670000,1260000,62570000,258301000000,258302000000,258303000000,258304000000,258305000000,2001300000,590000,1370000,300000,730000
1791427198,665644911,941,1617942128,S,N,258300000000,258299000000,258298000000,258297000000,258296000000,9181450000,2337470000,24670000,1260000,62570000,258301000000,258302000000,258303000000,258304000000,258305000000,2001300000,590000,1370000,300000,730000
1791427198,757962218,942,1747767917,D,N,8322947000000,8322946000000,8322945000000,8322844000000,8322813000000,928642000,13000,13000,8000,1481000,8322948000000,8322949000000,8322950000000,8322970000000,8323000000000,26887000,48000,13000,7000,14000
1791427198,759521787,943,1617942128,D,N,258300000000,258299000000,258298000000,258297000000,258296000000,9181450000,2337470000,24670000,1260000,62570000,258301000000,258302000000,258303000000,258304000000,258305000000,2001300000,590000,1370000,300000,730000
1791427198,760905686,944,1617942128,S,N,258300000000,258299000000,258298000000,258297000000,258296000000,9181450000,2337470000,24670000,1260000,62570000,258301000000,258302000000,258303000000,258304000000,258305000000,2001300000,590000,1370000,300000,730000
1791427198,854645221,945,1747767917,D,N,8322947000000,8322946000000,8322945000000,8322844000000,8322813000000,928875000,13000,13000,8000,1481000,8322948000000,8322949000000,8322950000000,8322970000000,8323000000000,26287000,48000,13000,7000,14000
1791427198,856122445,946,1617942128,D,N,258300000000,258299000000,258298000000,258297000000,258296000000,8886730000,2337470000,24670000,1260000,62570000,258301000000,258302000000,258303000000,258304000000,258305000000,2001300000,590000,1370000,300000,730000
1791427198,857586728,947,1617942128,S,N,258300000000,258299000000,258298000000,258297000000,258296000000,8886730000,2337470000,24670000,1260000,62570000,258301000000,258302000000,258303000000,258304000000,258305000000,2001300000,590000,1370000,300000,730000
1791427198,955118383,948,1747767917,D,N,8322947000000,8322946000000,8322945000000,8322844000000,8322813000000,929082000,13000,13000,8000,1481000,8322948000000,8322949000000,8322950000000,8322970000000,8323000000000,26287000,48000,13000,7000,14000
1791427198,956754612,949,1617942128,D,N,258300000000,258299000000,258298000000,258297000000,258296000000,8886730000,2337470000,24670000,1260000,145440000,258301000000,258302000000,258303000000,258304000000,258305000000,2001300000,590000,1370000,300000,730000
1791427198,958107141,950,1617942128,S,N,258300000000,258299000000,258298000000,258297000000,258296000000,8886730000,2337470000,24670000,1260000,145440000,258301000000,258302000000,258303000000,258304000000,258305000000,2001300000,590000,1370000,300000,730000
1791427199,53765920,951,1747767917,D,N,8322947000000,8322946000000,8322945000000,8322844000000,8322813000000,929082000,13000,13000,8000,1481000,8322948000000,8322949000000,8322950000000,8322970000000,8323000000000,18187000,48000,13000,7000,14000
1791427199,55206676,952,1617942128,D,N,258300000000,258299000000,258298000000,258297000000,258296000000,8886730000,2337470000,24670000,1260000,145440000,258301000000,258302000000,258303000000,258304000000,258305000000,2001300000,590000,1370000,300000,730000
1791427199,56553029,953,1617942128,S,N,258300000000,258299000000,258298000000,258297000000,258296000000,8886730000,2337470000,24670000,1260000,145440000,258301000000,258302000000,258303000000,258304000000,258305000000,2001300000,590000,1370000,300000,730000
1791427199,150085132,954,1747767917,D,N,8322947000000,8322946000000,8322945000000,8322867000000,8322844000000,929103000,13000,13000,2099000,8000,8322948000000,8322949000000,8322950000000,8322970000000,8323000000000,18140000,48000,13000,7000,14000
1791427199,151977809,955,1617942128,D,N,258300000000,258299000000,258298000000,258297000000,258296000000,10777010000,2298760000,24670000,1260000,145440000,258301000000,258302000000,258303000000,258304000000,258305000000,2001400000,590000,1370000,300000,730000
1791427199,153554338,956,1617942128,S,N,258300000000,258299000000,258298000000,258297000000,258296000000,10777010000,2298760000,24670000,1260000,145440000,258301000000,258302000000,258303000000,258304000000,258305000000,2001400000,590000,1370000,300000,730000
1791427199,247925975,957,1747767917,D,N,8322947000000,8322946000000,8322945000000,8322867000000,8322844000000,929103000,13000,13000,2099000,8000,8322948000000,8322949000000,8322950000000,8322970000000,8323000000000,18134000,48000,13000,7000,14000
1791427199,249904723,958,1617942128,D,N,258300000000,258299000000,258298000000,258297000000,258296000000,10815720000,2298760000,24670000,1260000,145440000,258301000000,258302000000,258303000000,258304000000,258305000000,1960620000,590000,1370000,300000,730000
1791427199,251441353,959,1617942128,S,N,258300000000,258299000000,258298000000,258297000000,258296000000,10815720000,2298760000,24670000,1260000,145440000,258301000000,258302000000,258303000000,258304000000,258305000000,1960620000,590000,1370000,300000,730000
1791427199,348183665,960,1747767917,D,N,8322947000000,8322946000000,8322945000000,8322867000000,8322844000000,928502000,13000,13000,2099000,8000,8322948000000,8322949000000,8322950000000,8322970000000,8323000000000,18134000,48000,13000,7000,14000
1791427199,350788143,961,1617942128,D,N,258300000000,258299000000,258298000000,258297000000,258296000000,10831920000,2298760000,24670000,1260000,145440000,258301000000,258302000000,258303000000,258304000000,258305000000,1960620000,590000,1370000,300000,730000
1791427199,353413403,962,1617942128,S,N,258300000000,258299000000,258298000000,258297000000,258296000000,10831920000,2298760000,24670000,1260000,145440000,258301000000,258302000000,258303000000,258304000000,258305000000,1960620000,590000,1370000,300000,730000
1791427199,447593391,963,1747767917,S,N,8322947000000,8322946000000,8322945000000,8322867000000,8322844000000,928502000,13000,13000,2099000,8000,8322948000000,8322949000000,8322950000000,8322970000000,8323000000000,18134000,48000,13000,7000,14000
1791427199,449167174,964,1747767917,D,N,8322947000000,8322946000000,8322945000000,8322867000000,8322844000000,928502000,13000,13000,2099000,8000,8322948000000,8322949000000,8322950000000,8322970000000,8323000000000,18134000,48000,13000,7000,14000
1791427199,450556367,965,1617942128,D,N,258300000000,258299000000,258298000000,258297000000,258296000000,10831920000,2298760000,24670000,1260000,145440000,258301000000,258302000000,258303000000,258304000000,258305000000,1960620000,590000,1370000,300000,730000
1791427199,451691267,966,1617942128,S,N,258300000000,258299000000,258298000000,258297000000,258296000000,10831920000,2298760000,24670000,1260000,145440000,258301000000,258302000000,258303000000,258304000000,258305000000,1960620000,590000,1370000,300000,730000
1791427199,541203526,967,1747767917,D,N,8322947000000,8322946000000,8322945000000,8322867000000,8322844000000,928509000,13000,13000,2099000,8000,8322948000000,8322949000000,8322950000000,8322970000000,8323000000000,19436000,48000,13000,7000,14000
1791427199,541952284,968,1617942128,D,N,258300000000,258299000000,258298000000,258297000000,258296000000,10831920000,2298760000,24670000,1260000,145440000,258301000000,258302000000,258303000000,258304000000,258305000000,1960620000,590000,1370000,300000,730000
1791427199,542780545,969,1617942128,S,N,258300000000,258299000000,258298000000,258297000000,258296000000,10831920000,2298760000,24670000,1260000,145440000,258301000000,258302000000,258303000000,258304000000,258305000000,1960620000,590000,1370000,300000,730000
1791427199,664793291,970,1747767917,S,N,8322947000000,8322946000000,8322945000000,8322867000000,8322844000000,928509000,13000,13000,2099000,8000,8322948000000,8322949000000,8322950000000,8322970000000,8323000000000,19436000,48000,13000,7000,14000
1791427199,666365506,971,1747767917,D,N,8322947000000,8322946000000,8322945000000,8322867000000,8322844000000,928509000,13000,13000,2099000,8000,8322948000000,8322949000000,8322950000000,8322970000000,8323000000000,19436000,48000,13000,7000,14000
1791427199,667419531,972,1617942128,D,N,258300000000,258299000000,258298000000,258297000000,258296000000,10808550000,2298760000,24670000,1260000,145440000,258301000000,258302000000,258303000000,258304000000,258305000000,1960620000,590000,1370000,300000,730000
1791427199,668374153,973,1617942128,S,N,258300000000,258299000000,258298000000,258297000000,258296000000,10808550000,2298760000,24670000,1260000,145440000,258301000000,258302000000,258303000000,258304000000,258305000000,1960620000,590000,1370000,300000,730000
1791427199,736810905,974,1747767917,S,N,8322947000000,8322946000000,8322945000000,8322867000000,8322844000000,928509000,13000,13000,2099000,8000,8322948000000,8322949000000,8322950000000,8322970000000,8323000000000,19436000,48000,13000,7000,14000
1791427199,738257837,975,1747767917,D,N,8322947000000,8322946000000,8322945000000,8322867000000,8322844000000,928509000,13000,13000,2099000,8000,8322948000000,8322949000000,8322950000000,8322970000000,8323000000000,19436000,48000,13000,7000,14000
1791427199,739375680,976,1617942128,D,N,258300000000,258299000000,258298000000,258297000000,258296000000,10824750000,2298760000,24670000,1260000,145440000,258301000000,258302000000,258303000000,258304000000,258305000000,1960620000,590000,1370000,300000,730000
1791427199,740433627,977,1617942128,S,N,258300000000,258299000000,258298000000,258297000000,258296000000,10824750000,2298760000,24670000,1260000,145440000,258301000000,258302000000,258303000000,258304000000,258305000000,1960620000,590000,1370000,300000,730000
1791427199,836569521,978,1747767917,D,N,8322947000000,8322946000000,8322945000000,8322867000000,8322844000000,928509000,13000,13000,2099000,8000,8322948000000,8322949000000,8322950000000,8322970000000,8323000000000,18421000,48000,13000,7000,14000
1791427199,837810295,979,1617942128,D,N,258300000000,258299000000,258298000000,258297000000,258296000000,10824750000,2298760000,24670000,1260000,145440000,258301000000,258302000000,258303000000,258304000000,258305000000,1960620000,590000,1370000,300000,730000
1791427199,838954705,980,1617942128,S,N,258300000000,258299000000,258298000000,258297000000,258296000000,10824750000,2298760000,24670000,1260000,145440000,258301000000,258302000000,258303000000,258304000000,258305000000,1960620000,590000,1370000,300000,730000
1791427199,932630128,981,1747767917,S,N,8322947000000,8322946000000,8322945000000,8322867000000,8322844000000,928509000,13000,13000,2099000,8000,8322948000000,8322949000000,8322950000000,8322970000000,8323000000000,18421000,48000,13000,7000,14000
1791427199,934032359,982,1747767917,D,N,8322947000000,8322946000000,8322945000000,8322867000000,8322844000000,928509000,13000,13000,2099000,8000,8322948000000,8322949000000,8322950000000,8322970000000,8323000000000,18421000,48000,13000,7000,14000
1791427199,935581243,983,1617942128,D,N,258300000000,258299000000,258298000000,258297000000,258296000000,10824750000,2298760000,24670000,1260000,145440000,258301000000,258302000000,258303000000,258304000000,258305000000,1960620000,590000,1370000,300000,730000
1791427199,936940731,984,1617942128,S,N,258300000000,258299000000,258298000000,258297000000,258296000000,10824750000,2298760000,24670000,1260000,145440000,258301000000,258302000000,258303000000,258304000000,258305000000,1960620000,590000,1370000,300000,730000
1791427200,31164146,985,1747767917,S,N,8322947000000,8322946000000,8322945000000,8322867000000,8322844000000,928509000,13000,13000,2099000,8000,8322948000000,8322949000000,8322950000000,8322970000000,8323000000000,18421000,48000,13000,7000,14000
1791427200,32708619,986,1747767917,D,N,8322947000000,8322946000000,8322945000000,8322867000000,8322844000000,928509000,13000,13000,2099000,8000,8322948000000,8322949000000,8322950000000,8322970000000,8323000000000,18421000,48000,13000,7000,14000
1791427200,33995663,987,1617942128,D,N,258300000000,258299000000,258298000000,258297000000,258296000000,10815720000,2298760000,24670000,1260000,145440000,258301000000,258302000000,258303000000,258304000000,258305000000,1960820000,590000,1370000,300000,730000
1791427200,35308979,988,1617942128,S,N,258300000000,258299000000,258298000000,258297000000,258296000000,10815720000,2298760000,24670000,1260000,145440000,258301000000,258302000000,258303000000,258304000000,258305000000,1960820000,590000,1370000,300000,730000
1791427200,133883778,989,1747767917,D,N,8322947000000,8322946000000,8322945000000,8322867000000,8322844000000,928502000,23000,13000,2099000,8000,8322948000000,8322949000000,8322950000000,8322970000000,8323000000000,18428000,48000,13000,7000,14000
1791427200,135095338,990,1617942128,D,N,258300000000,258299000000,258298000000,258297000000,258296000000,10831920000,2298760000,24670000,1260000,145440000,258301000000,258302000000,258303000000,258304000000,258305000000,1960820000,590000,1370000,300000,730000
1791427200,136333661,991,1617942128,S,N,258300000000,258299000000,258298000000,258297000000,258296000000,10831920000,2298760000,24670000,1260000,145440000,258301000000,258302000000,258303000000,258304000000,258305000000,1960820000,590000,1370000,300000,730000
1791427200,251861093,992,1747767917,D,N,8323187000000,8323186000000,8323185000000,8323128000000,8323070000000,942943000,13000,13000,15000000,148305000,8323188000000,8323189000000,8323195000000,8323200000000,8323201000000,9588000,42000,7000,21000,2807000
1791427200,252713861,993,1617942128,D,N,258300000000,258299000000,258298000000,258297000000,258296000000,10831920000,2298760000,24670000,1260000,164990000,258301000000,258302000000,258303000000,258304000000,258305000000,1960820000,590000,1370000,300000,730000
1791427200,253344100,994,1617942128,S,N,258300000000,258299000000,258298000000,258297000000,258296000000,10831920000,2298760000,24670000,1260000,164990000,258301000000,258302000000,258303000000,258304000000,258305000000,1960820000,590000,1370000,300000,730000
1791427200,384835036,995,1747767917,D,N,8323200000000,8323199000000,8323198000000,8323189000000,8323188000000,655072000,98859000,13000,21108000,881405000,8323201000000,8323202000000,8323219000000,8323384000000,8323387000000,39873000,35000,183000,284000,7000
1791427200,385914353,996,1617942128,D,N,258300000000,258299000000,258298000000,258297000000,258296000000,10831920000,2298760000,24670000,1260000,164990000,258301000000,258302000000,258303000000,258304000000,258305000000,1961020000,790000,1370000,300000,730000
1791427200,386522829,997,1617942128,S,N,258300000000,258299000000,258298000000,258297000000,258296000000,10831920000,2298760000,24670000,1260000,164990000,258301000000,258302000000,258303000000,258304000000,258305000000,1961020000,790000,1370000,300000,730000
1791427200,439918251,998,1747767917,D,N,8323716000000,8323715000000,8323714000000,8323614000000,8323455000000,824436000,13000,13000,14000,8000,8323717000000,8323718000000,8323782000000,8323800000000,8323801000000,244073000,35000,1156000,21000,2807000
1791427200,440954631,999,1617942128,D,N,258300000000,258299000000,258298000000,258297000000,258296000000,10831920000,2298760000,24670000,1260000,82120000,258301000000,258302000000,258303000000,258304000000,258305000000,1961020000,790000,1370000,300000,730000
1791427200,441528502,1000,1617942128,S,N,258300000000,258299000000,258298000000,258297000000,258296000000,10831920000,2298760000,24670000,1260000,82120000,258301000000,258302000000,258303000000,258304000000,258305000000,1961020000,790000,1370000,300000,730000
1791427200,531339558,1001,1747767917,D,N,8323716000000,8323715000000,8323714000000,8323614000000,8323456000000,839849000,13000,13000,14000,79000,8323717000000,8323718000000,8323800000000,8323801000000,8323843000000,230572000,56000,120000,2807000,14000
1791427200,532598173,1002,1617942128,D,N,258300000000,258299000000,258298000000,258297000000,258296000000,10831920000,2298760000,24670000,1260000,82120000,258301000000,258302000000,258303000000,258304000000,258305000000,1960820000,590000,1370000,300000,730000
1791427200,533267036,1003,1617942128,S,N,258300000000,258299000000,258298000000,258297000000,258296000000,10831920000,2298760000,24670000,1260000,82120000,258301000000,258302000000,258303000000,258304000000,258305000000,1960820000,590000,1370000,300000,730000
1791427200,624099082,1004,1747767917,D,N,8323716000000,8323715000000,8323714000000,8323614000000,8323596000000,840767000,13000,13000,14000,8000,8323717000000,8323718000000,8323800000000,8323801000000,8323843000000,188734000,42000,120000,2807000,14000
1791427200,625123404,1005,1617942128,D,N,258300000000,258299000000,258298000000,258297000000,258296000000,10831920000,2298760000,24670000,1260000,82120000,258301000000,258302000000,258303000000,258304000000,258305000000,1960820000,590000,1370000,300000,730000
1791427200,626044107,1006,1617942128,S,N,258300000000,258299000000,258298000000,258297000000,258296000000,10831920000,2298760000,24670000,1260000,82120000,258301000000,258302000000,258303000000,258304000000,258305000000,1960820000,590000,1370000,300000,730000
1791427200,744954772,1007,1617942128,D,N,258300000000,258299000000,258298000000,258297000000,258296000000,10831920000,2298760000,24670000,1260000,170420000,258301000000,258302000000,258303000000,258304000000,258305000000,1960820000,590000,1370000,300000,730000
1791427200,745652358,1008,1747767917,D,N,8323716000000,8323715000000,8323714000000,8323614000000,8323596000000,841368000,13000,13000,14000,8000,8323717000000,8323718000000,8323800000000,8323801000000,8323843000000,188734000,42000,120000,2807000,14000
1791427200,746322593,1009,1617942128,S,N,258300000000,258299000000,258298000000,258297000000,258296000000,10831920000,2298760000,24670000,1260000,170420000,258301000000,258302000000,258303000000,258304000000,258305000000,1960820000,590000,1370000,300000,730000
1791427200,817391271,1010,1747767917,D,N,8323716000000,8323715000000,8323714000000,8323614000000,8323596000000,841375000,13000,13000,14000,8000,8323717000000,8323718000000,8323800000000,8323801000000,8323844000000,198265000,42000,21000,2800000,201000
1791427200,818386282,1011,1617942128,D,N,258300000000,258299000000,258298000000,258297000000,258296000000,10831920000,2298760000,24670000,1260000,170420000,258301000000,258302000000,258303000000,258304000000,258305000000,1960820000,590000,1370000,300000,730000
1791427200,819302673,1012,1617942128,S,N,258300000000,258299000000,258298000000,258297000000,258296000000,10831920000,2298760000,24670000,1260000,170420000,258301000000,258302000000,258303000000,258304000000,258305000000,1960820000,590000,1370000,300000,730000
1791427200,939897797,1013,1747767917,D,N,8323716000000,8323715000000,8323714000000,8323615000000,8323614000000,841375000,13000,13000,78000,14000,8323717000000,8323718000000,8323800000000,8323801000000,8323844000000,198251000,42000,21000,2800000,201000
1791427200,941133081,1014,1617942128,D,N,258300000000,258299000000,258298000000,258297000000,258296000000,10831920000,2298760000,24670000,1260000,170420000,258301000000,258302000000,258303000000,258304000000,258305000000,1960820000,590000,1370000,300000,730000
1791427200,942017024,1015,1617942128,S,N,258300000000,258299000000,258298000000,258297000000,258296000000,10831920000,2298760000,24670000,1260000,170420000,258301000000,258302000000,258303000000,258304000000,258305000000,1960820000,590000,1370000,300000,730000
1791427201,29264775,1016,1747767917,D,N,8323716000000,8323715000000,8323714000000,8323615000000,8323614000000,879762000,13000,13000,78000,14000,8323717000000,8323718000000,8323800000000,8323801000000,8323844000000,198264000,42000,21000,2800000,201000
1791427201,30170774,1017,1617942128,D,N,258300000000,258299000000,258298000000,258297000000,258296000000,10831920000,2298760000,24670000,1260000,170420000,258301000000,258302000000,258303000000,258304000000,258305000000,1960820000,590000,1370000,300000,730000
1791427201,30970900,1018,1617942128,S,N,258300000000,258299000000,258298000000,258297000000,258296000000,10831920000,2298760000,24670000,1260000,170420000,258301000000,258302000000,258303000000,258304000000,258305000000,1960820000,590000,1370000,300000,730000
1791427201,110026526,1019,1747767917,D,N,8323716000000,8323715000000,8323714000000,8323615000000,8323614000000,841382000,13000,13000,78000,14000,8323717000000,8323718000000,8323800000000,8323801000000,8323844000000,198264000,42000,21000,2800000,201000
1791427201,114633083,1020,1617942128,D,N,258300000000,258299000000,258298000000,258297000000,258296000000,10831920000,2298760000,24670000,1260000,170420000,258301000000,258302000000,258303000000,258304000000,258305000000,1960820000,590000,1370000,300000,730000
1791427201,115957967,1021,1617942128,S,N,258300000000,258299000000,258298000000,258297000000,258296000000,10831920000,2298760000,24670000,1260000,170420000,258301000000,258302000000,258303000000,258304000000,258305000000,1960820000,590000,1370000,300000,730000
1791427201,229000812,1022,1747767917,S,N,8323716000000,8323715000000,8323714000000,8323615000000,8323614000000,841382000,13000,13000,78000,14000,8323717000000,8323718000000,8323800000000,8323801000000,8323844000000,198264000,42000,21000,2800000,201000
1791427201,230210020,1023,1747767917,D,N,8323716000000,8323715000000,8323714000000,8323615000000,8323614000000,841382000,13000,13000,78000,14000,8323717000000,8323718000000,8323800000000,8323801000000,8323844000000,198264000,42000,21000,2800000,201000
1791427201,231068768,1024,1617942128,D,N,258300000000,258299000000,258298000000,258297000000,258296000000,10831920000,2298760000,24670000,1260000,170420000,258301000000,258302000000,258303000000,258304000000,258305000000,1960820000,590000,1370000,300000,730000
1791427201,231907812,1025,1617942128,S,N,258300000000,258299000000,258298000000,258297000000,258296000000,10831920000,2298760000,24670000,1260000,170420000,258301000000,258302000000,258303000000,258304000000,258305000000,1960820000,590000,1370000,300000,730000
1791427201,353246304,1026,1747767917,D,N,8323716000000,8323715000000,8323714000000,8323614000000,8323596000000,841268000,13000,13000,14000,8000,8323717000000,8323718000000,8323800000000,8323801000000,8323844000000,308179000,42000,21000,2800000,194000
1791427201,354643926,1027,1617942128,D,N,258300000000,258299000000,258298000000,258297000000,258296000000,10831920000,2298760000,24670000,1260000,170420000,258301000000,258302000000,258303000000,258304000000,258305000000,1960820000,590000,1370000,300000,730000
1791427201,355483755,1028,1617942128,S,N,258300000000,258299000000,258298000000,258297000000,258296000000,10831920000,2298760000,24670000,1260000,170420000,258301000000,258302000000,258303000000,258304000000,258305000000,1960820000,590000,1370000,300000,730000
1791427201,458502478,1029,1747767917,D,N,8323716000000,8323715000000,8323714000000,8323614000000,8323596000000,840667000,13000,13000,14000,8000,8323717000000,8323718000000,8323800000000,8323801000000,8323844000000,307973000,42000,21000,2800000,194000
1791427201,459357501,1030,1617942128,D,N,258300000000,258299000000,258298000000,258297000000,258296000000,10832340000,2298760000,24670000,1680000,170420000,258301000000,258302000000,258303000000,258304000000,258305000000,1960820000,590000,1370000,300000,730000
1791427201,460140962,1031,1617942128,S,N,258300000000,258299000000,258298000000,258297000000,258296000000,10832340000,2298760000,24670000,1680000,170420000,258301000000,258302000000,258303000000,258304000000,258305000000,1960820000,590000,1370000,300000,730000
1791427201,503950458,1032,1747767917,D,N,8323716000000,8323715000000,8323714000000,8323614000000,8323596000000,848483000,13000,13000,14000,8000,8323717000000,8323718000000,8323800000000,8323801000000,8323844000000,307973000,42000,21000,2800000,194000
1791427201,505004582,1033,1617942128,D,N,258300000000,258299000000,258298000000,258297000000,258296000000,10832340000,2298760000,24670000,1680000,170420000,258301000000,258302000000,258303000000,258304000000,258305000000,1960820000,590000,1370000,300000,730000
1791427201,505905679,1034,1617942128,S,N,258300000000,258299000000,258298000000,258297000000,258296000000,10832340000,2298760000,24670000,1680000,170420000,258301000000,258302000000,258303000000,258304000000,258305000000,1960820000,590000,1370000,300000,730000
1791427201,634871509,1035,1747767917,D,N,8323716000000,8323715000000,8323714000000,8323614000000,8323596000000,844879000,13000,13000,14000,8000,8323717000000,8323718000000,8323800000000,8323801000000,8323844000000,307966000,42000,21000,2800000,194000
1791427201,636006809,1036,1617942128,D,N,258300000000,258299000000,258298000000,258297000000,258296000000,10832340000,2298760000,24670000,1680000,170420000,258301000000,258302000000,258303000000,258304000000,258305000000,1960820000,590000,1370000,300000,730000
1791427201,637214709,1037,1617942128,S,N,258300000000,258299000000,258298000000,258297000000,258296000000,10832340000,2298760000,24670000,1680000,170420000,258301000000,258302000000,258303000000,258304000000,258305000000,1960820000,590000,1370000,300000,730000
1791427201,778345109,1038,1747767917,D,N,8323716000000,8323715000000,8323714000000,8323614000000,8323596000000,844886000,13000,13000,14000,8000,8323717000000,8323718000000,8323800000000,8323801000000,8323840000000,307966000,42000,21000,2807000,14000
1791427201,779010409,1039,1617942128,D,N,258300000000,258299000000,258298000000,258297000000,258296000000,10875540000,2298760000,24670000,1680000,170420000,258301000000,258302000000,258303000000,258304000000,258305000000,1960820000,590000,1370000,300000,730000
1791427201,779679809,1040,1617942128,S,N,258300000000,258299000000,258298000000,258297000000,258296000000,10875540000,2298760000,24670000,1680000,170420000,258301000000,258302000000,258303000000,258304000000,258305000000,1960820000,590000,1370000,300000,730000
1791427201,824496309,1041,1747767917,D,N,8323716000000,8323715000000,8323714000000,8323614000000,8323596000000,844886000,13000,13000,14000,8000,8323717000000,8323718000000,8323800000000,8323801000000,8323840000000,307973000,49000,21000,2807000,14000
1791427201,825127709,1042,1617942128,D,N,258300000000,258299000000,258298000000,258297000000,258296000000,10875540000,2298760000,24670000,1680000,170420000,258301000000,258302000000,258303000000,258304000000,258305000000,1960820000,590000,1370000,300000,730000
1791427201,825731509,1043,1617942128,S,N,258300000000,258299000000,258298000000,258297000000,258296000000,10875540000,2298760000,24670000,1680000,170420000,258301000000,258302000000,258303000000,258304000000,258305000000,1960820000,590000,1370000,300000,730000
1791427201,939105809,1044,1747767917,S,N,8323716000000,8323715000000,8323714000000,8323614000000,8323596000000,844886000,13000,13000,14000,8000,8323717000000,8323718000000,8323800000000,8323801000000,8323840000000,307973000,49000,21000,2807000,14000
1791427201,942109809,1045,1747767917,D,N,8323716000000,8323715000000,8323714000000,8323614000000,8323596000000,844886000,13000,13000,14000,8000,8323717000000,8323718000000,8323800000000,8323801000000,8323840000000,307973000,49000,21000,2807000,14000
1791427201,945078409,1046,1617942128,D,N,258300000000,258299000000,258298000000,258297000000,258296000000,10681890000,2298760000,24670000,1680000,170420000,258301000000,258302000000,258303000000,258304000000,258305000000,1960820000,590000,1370000,300000,730000
1791427201,947671309,1047,1617942128,S,N,258300000000,258299000000,258298000000,258297000000,258296000000,10681890000,2298760000,24670000,1680000,170420000,258301000000,258302000000,258303000000,258304000000,258305000000,1960820000,590000,1370000,300000,730000
1791427202,48073409,1048,1747767917,D,N,8323716000000,8323715000000,8323714000000,8323614000000,8323596000000,844879000,13000,13000,14000,8000,8323717000000,8323718000000,8323800000000,8323801000000,8323840000000,307966000,49000,21000,2807000,14000
1791427202,50467409,1049,1617942128,D,N,258300000000,258299000000,258298000000,258297000000,258296000000,10665690000,2298760000,24670000,1680000,170420000,258301000000,258302000000,258303000000,258304000000,258305000000,1960820000,590000,1370000,300000,730000
1791427202,52753309,1050,1617942128,S,N,258300000000,258299000000,258298000000,258297000000,258296000000,10665690000,2298760000,24670000,1680000,170420000,258301000000,258302000000,258303000000,258304000000,258305000000,1960820000,590000,1370000,300000,730000
1791427202,101508909,1051,1747767917,D,N,8323716000000,8323715000000,8323714000000,8323614000000,8323596000000,846381000,13000,13000,14000,8000,8323717000000,8323718000000,8323719000000,8323800000000,8323801000000,307979000,62000,13000,21000,2807000
1791427202,103997709,1052,1617942128,D,N,258300000000,258299000000,258298000000,258297000000,258296000000,10665690000,2298760000,24670000,1680000,170420000,258301000000,258302000000,258303000000,258304000000,258305000000,1960820000,590000,1370000,300000,730000
1791427202,107329509,1053,1617942128,S,N,258300000000,258299000000,258298000000,258297000000,258296000000,10665690000,2298760000,24670000,1680000,170420000,258301000000,258302000000,258303000000,258304000000,258305000000,1960820000,590000,1370000,300000,730000
1791427202,201488292,1054,1747767917,D,N,8323716000000,8323715000000,8323714000000,8323614000000,8323596000000,218919000,13000,13000,14000,8000,8323717000000,8323718000000,8323719000000,8323800000000,8323801000000,307888000,13000,13000,21000,2814000
1791427202,204541675,1055,1617942128,D,N,258300000000,258299000000,258298000000,258297000000,258296000000,6388300000,2298760000,24670000,1680000,180420000,258301000000,258302000000,258303000000,258304000000,258305000000,2794380000,590000,1370000,300000,730000
1791427202,207987164,1056,1617942128,S,N,258300000000,258299000000,258298000000,258297000000,258296000000,6388300000,2298760000,24670000,1680000,180420000,258301000000,258302000000,258303000000,258304000000,258305000000,2794380000,590000,1370000,300000,730000
1791427202,295161051,1057,1747767917,D,N,8323716000000,8323715000000,8323714000000,8323614000000,8323596000000,219033000,13000,13000,14000,8000,8323717000000,8323718000000,8323719000000,8323800000000,8323801000000,308005000,13000,13000,21000,2814000
1791427202,295982490,1058,1617942128,D,N,258300000000,258299000000,258298000000,258297000000,258296000000,6388300000,2298760000,24670000,1680000,180420000,258301000000,258302000000,258303000000,258304000000,258305000000,2794380000,590000,1370000,300000,730000
1791427202,296676258,1059,1617942128,S,N,258300000000,258299000000,258298000000,258297000000,258296000000,6388300000,2298760000,24670000,1680000,180420000,258301000000,258302000000,258303000000,258304000000,258305000000,2794380000,590000,1370000,300000,730000
1791427202,389887526,1060,1747767917,D,N,8323716000000,8323715000000,8323714000000,8323614000000,8323596000000,219033000,13000,13000,14000,8000,8323717000000,8323718000000,8323719000000,8323800000000,8323801000000,307998000,13000,13000,21000,2814000
1791427202,391734161,1061,1617942128,D,N,258300000000,258299000000,258298000000,258297000000,258296000000,6388300000,2298760000,24670000,1680000,180420000,258301000000,258302000000,258303000000,258304000000,258305000000,2794380000,590000,1370000,300000,730000
1791427202,392767874,1062,1617942128,S,N,258300000000,258299000000,258298000000,258297000000,258296000000,6388300000,2298760000,24670000,1680000,180420000,258301000000,258302000000,258303000000,258304000000,258305000000,2794380000,590000,1370000,300000,730000
1791427202,487553303,1063,1747767917,D,N,8323716000000,8323715000000,8323714000000,8323614000000,8323596000000,218985000,13000,13000,14000,8000,8323717000000,8323718000000,8323719000000,8323800000000,8323801000000,309321000,13000,13000,21000,2814000
1791427202,488390055,1064,1617942128,D,N,258300000000,258299000000,258298000000,258297000000,258296000000,6388300000,2298760000,24670000,1680000,180420000,258301000000,258302000000,258303000000,258304000000,258305000000,2794380000,590000,1370000,300000,730000
1791427202,489223170,1065,1617942128,S,N,258300000000,258299000000,258298000000,258297000000,258296000000,6388300000,2298760000,24670000,1680000,180420000,258301000000,258302000000,258303000000,258304000000,258305000000,2794380000,590000,1370000,300000,730000
1791427202,587191377,1066,1747767917,D,N,8323716000000,8323715000000,8323714000000,8323614000000,8323596000000,219032000,13000,13000,14000,8000,8323717000000,8323718000000,8323719000000,8323800000000,8323801000000,309321000,13000,13000,21000,2814000
1791427202,590173173,1067,1617942128,D,N,258300000000,258299000000,258298000000,258297000000,258296000000,6388300000,2298760000,24670000,1680000,180420000,258301000000,258302000000,258303000000,258304000000,258305000000,2794380000,590000,1370000,300000,730000
1791427202,592602270,1068,1617942128,S,N,258300000000,258299000000,258298000000,258297000000,258296000000,6388300000,2298760000,24670000,1680000,180420000,258301000000,258302000000,258303000000,258304000000,258305000000,2794380000,590000,1370000,300000,730000
1791427202,680181565,1069,1747767917,D,N,8323716000000,8323715000000,8323714000000,8323614000000,8323596000000,218985000,13000,13000,14000,8000,8323717000000,8323718000000,8323719000000,8323800000000,8323801000000,309321000,13000,13000,21000,2814000
1791427202,682715843,1070,1617942128,D,N,258300000000,258299000000,258298000000,258297000000,258296000000,6388300000,2298760000,24670000,1680000,180420000,258301000000,258302000000,258303000000,258304000000,258305000000,2524380000,590000,1370000,300000,730000
1791427202,685271846,1071,1617942128,S,N,258300000000,258299000000,258298000000,258297000000,258296000000,6388300000,2298760000,24670000,1680000,180420000,258301000000,258302000000,258303000000,258304000000,258305000000,2524380000,590000,1370000,300000,730000
1791427202,781666656,1072,1747767917,D,N,8323716000000,8323715000000,8323714000000,8323614000000,8323596000000,317593000,13000,13000,14000,8000,8323717000000,8323718000000,8323719000000,8323800000000,8323801000000,309370000,48000,13000,21000,2814000
1791427202,784792872,1073,1617942128,D,N,258300000000,258299000000,258298000000,258297000000,258296000000,6388300000,2298760000,24670000,1680000,180420000,258301000000,258302000000,258303000000,258304000000,258305000000,2524380000,590000,1370000,300000,730000
1791427202,787011417,1074,1617942128,S,N,258300000000,258299000000,258298000000,258297000000,258296000000,6388300000,2298760000,24670000,1680000,180420000,258301000000,258302000000,258303000000,258304000000,258305000000,2524380000,590000,1370000,300000,730000
1791427202,873764871,1075,1747767917,D,N,8323716000000,8323715000000,8323714000000,8323614000000,8323596000000,374619000,13000,13000,14000,8000,8323717000000,8323718000000,8323719000000,8323800000000,8323801000000,309317000,41000,13000,21000,2814000
1791427202,875281705,1076,1617942128,D,N,258300000000,258299000000,258298000000,258297000000,258296000000,6388300000,2298760000,24670000,1680000,180420000,258301000000,258302000000,258303000000,258304000000,258305000000,2038280000,590000,1370000,300000,730000
1791427202,876670964,1077,1617942128,S,N,258300000000,258299000000,258298000000,258297000000,258296000000,6388300000,2298760000,24670000,1680000,180420000,258301000000,258302000000,258303000000,258304000000,258305000000,2038280000,590000,1370000,300000,730000
1791427202,963999511,1078,1747767917,S,N,8323716000000,8323715000000,8323714000000,8323614000000,8323596000000,374619000,13000,13000,14000,8000,8323717000000,8323718000000,8323719000000,8323800000000,8323801000000,309317000,41000,13000,21000,2814000
1791427202,965512900,1079,1747767917,D,N,8323716000000,8323715000000,8323714000000,8323614000000,8323596000000,374619000,13000,13000,14000,8000,8323717000000,8323718000000,8323719000000,8323800000000,8323801000000,309317000,41000,13000,21000,2814000
1791427202,966739747,1080,1617942128,D,N,258300000000,258299000000,258298000000,258297000000,258296000000,6388300000,2298760000,24670000,1680000,180420000,258301000000,258302000000,258303000000,258304000000,258305000000,2038280000,590000,1370000,300000,730000
1791427202,967962382,1081,1617942128,S,N,258300000000,258299000000,258298000000,258297000000,258296000000,6388300000,2298760000,24670000,1680000,180420000,258301000000,258302000000,258303000000,258304000000,258305000000,2038280000,590000,1370000,300000,730000
1791427203,59894835,1082,1747767917,S,N,8323716000000,8323715000000,8323714000000,8323614000000,8323596000000,374619000,13000,13000,14000,8000,8323717000000,8323718000000,8323719000000,8323800000000,8323801000000,309317000,41000,13000,21000,2814000
1791427203,60927305,1083,1747767917,D,N,8323716000000,8323715000000,8323714000000,8323614000000,8323596000000,374619000,13000,13000,14000,8000,8323717000000,8323718000000,8323719000000,8323800000000,8323801000000,309317000,41000,13000,21000,2814000
1791427203,61789418,1084,1617942128,D,N,258300000000,258299000000,258298000000,258297000000,258296000000,6388300000,2298760000,24670000,1680000,180420000,258301000000,258302000000,258303000000,258304000000,258305000000,2038280000,590000,1370000,300000,730000
1791427203,62489312,1085,1617942128,S,N,258300000000,258299000000,258298000000,258297000000,258296000000,6388300000,2298760000,24670000,1680000,180420000,258301000000,258302000000,258303000000,258304000000,258305000000,2038280000,590000,1370000,300000,730000
1791427203,157010881,1086,1747767917,D,N,8323716000000,8323715000000,8323714000000,8323614000000,8323596000000,374717000,62000,13000,14000,8000,8323717000000,8323718000000,8323719000000,8323800000000,8323801000000,309317000,41000,13000,21000,2814000
1791427203,157746090,1087,1617942128,D,N,258300000000,258299000000,258298000000,258297000000,258296000000,6388300000,2298760000,24670000,1680000,180420000,258301000000,258302000000,258303000000,258304000000,258305000000,2524380000,590000,1370000,300000,730000
1791427203,158388368,1088,1617942128,S,N,258300000000,258299000000,258298000000,258297000000,258296000000,6388300000,2298760000,24670000,1680000,180420000,258301000000,258302000000,258303000000,258304000000,258305000000,2524380000,590000,1370000,300000,730000
1791427203,265804224,1089,1747767917,D,N,8323716000000,8323715000000,8323714000000,8323614000000,8323600000000,374731000,76000,13000,14000,400000,8323717000000,8323718000000,8323719000000,8323800000000,8323801000000,309317000,41000,13000,21000,2814000
1791427203,266761469,1090,1617942128,D,N,258300000000,258299000000,258298000000,258297000000,258296000000,6388300000,2298760000,24670000,1680000,180420000,258301000000,258302000000,258303000000,258304000000,258305000000,2524380000,590000,1370000,300000,730000
1791427203,267460501,1091,1617942128,S,N,258300000000,258299000000,258298000000,258297000000,258296000000,6388300000,2298760000,24670000,1680000,180420000,258301000000,258302000000,258303000000,258304000000,258305000000,2524380000,590000,1370000,300000,730000
1791427203,356685258,1092,1747767917,D,N,8323716000000,8323715000000,8323714000000,8323614000000,8323600000000,235925000,76000,13000,14000,400000,8323717000000,8323718000000,8323719000000,8323800000000,8323801000000,309275000,13000,13000,21000,2814000
1791427203,357633220,1093,1617942128,D,N,258300000000,258299000000,258298000000,258297000000,258296000000,6388300000,2298760000,24670000,1680000,180420000,258301000000,258302000000,258303000000,258304000000,258305000000,2524380000,590000,1370000,300000,730000
1791427203,358368237,1094,1617942128,S,N,258300000000,258299000000,258298000000,258297000000,258296000000,6388300000,2298760000,24670000,1680000,180420000,258301000000,258302000000,258303000000,258304000000,258305000000,2524380000,590000,1370000,300000,730000
1791427203,442241055,1095,1747767917,D,N,8323716000000,8323715000000,8323714000000,8323614000000,8323600000000,235918000,76000,13000,14000,400000,8323717000000,8323718000000,8323719000000,8323800000000,8323801000000,309282000,13000,13000,21000,2814000
1791427203,443550783,1096,1617942128,D,N,258300000000,258299000000,258298000000,258297000000,258296000000,6372100000,2298760000,24670000,1680000,180420000,258301000000,258302000000,258303000000,258304000000,258305000000,2524380000,590000,1370000,300000,730000
1791427203,444551574,1097,1617942128,S,N,258300000000,258299000000,258298000000,258297000000,258296000000,6372100000,2298760000,24670000,1680000,180420000,258301000000,258302000000,258303000000,258304000000,258305000000,2524380000,590000,1370000,300000,730000
1791427203,541986510,1098,1747767917,D,N,8323716000000,8323715000000,8323714000000,8323614000000,8323601000000,235925000,76000,13000,14000,14000,8323717000000,8323718000000,8323719000000,8323800000000,8323801000000,309282000,13000,13000,21000,2814000
1791427203,543154690,1099,1617942128,D,N,258300000000,258299000000,258298000000,258297000000,258296000000,6388300000,2298760000,24670000,1680000,180420000,258301000000,258302000000,258303000000,258304000000,258305000000,2524380000,590000,1370000,300000,730000
1791427203,544014889,1100,1617942128,S,N,258300000000,258299000000,258298000000,258297000000,258296000000,6388300000,2298760000,24670000,1680000,180420000,258301000000,258302000000,258303000000,258304000000,258305000000,2524380000,590000,1370000,300000,730000
1791427203,636057882,1101,1747767917,D,N,8323716000000,8323715000000,8323714000000,8323614000000,8323601000000,235972000,76000,13000,14000,14000,8323717000000,8323718000000,8323719000000,8323800000000,8323801000000,309282000,13000,13000,21000,2814000
1791427203,638400844,1102,1617942128,D,N,258300000000,258299000000,258298000000,258297000000,258296000000,6388300000,2298760000,24670000,1680000,180420000,258301000000,258302000000,258303000000,258304000000,258305000000,2524380000,590000,1370000,300000,730000
1791427203,640383189,1103,1617942128,S,N,258300000000,258299000000,258298000000,258297000000,258296000000,6388300000,2298760000,24670000,1680000,180420000,258301000000,258302000000,258303000000,258304000000,258305000000,2524380000,590000,1370000,300000,730000
1791427203,741393008,1104,1747767917,D,N,8323716000000,8323715000000,8323714000000,8323614000000,8323601000000,235964000,76000,13000,14000,14000,8323717000000,8323718000000,8323719000000,8323800000000,8323801000000,309282000,13000,13000,21000,2814000
1791427203,743482447,1105,1617942128,D,N,258300000000,258299000000,258298000000,258297000000,258296000000,6388300000,2298760000,24670000,1680000,180420000,258301000000,258302000000,258303000000,258304000000,258305000000,2524380000,590000,1370000,300000,730000
1791427203,745665103,1106,1617942128,S,N,258300000000,258299000000,258298000000,258297000000,258296000000,6388300000,2298760000,24670000,1680000,180420000,258301000000,258302000000,258303000000,258304000000,258305000000,2524380000,590000,1370000,300000,730000
1791427203,824717913,1107,1747767917,S,N,8323716000000,8323715000000,8323714000000,8323614000000,8323601000000,235964000,76000,13000,14000,14000,8323717000000,8323718000000,8323719000000,8323800000000,8323801000000,309282000,13000,13000,21000,2814000
1791427203,830101147,1108,1747767917,D,N,8323716000000,8323715000000,8323714000000,8323614000000,8323601000000,235964000,76000,13000,14000,14000,8323717000000,8323718000000,8323719000000,8323800000000,8323801000000,309282000,13000,13000,21000,2814000
1791427203,831171516,1109,1617942128,D,N,258300000000,258299000000,258298000000,258297000000,258296000000,6388300000,2298760000,24670000,1680000,180420000,258301000000,258302000000,258303000000,258304000000,258305000000,2524380000,590000,1370000,300000,730000
1791427203,832123114,1110,1617942128,S,N,258300000000,258299000000,258298000000,258297000000,258296000000,6388300000,2298760000,24670000,1680000,180420000,258301000000,258302000000,258303000000,258304000000,258305000000,2524380000,590000,1370000,300000,730000
1791427203,949586022,1111,1747767917,S,N,8323716000000,8323715000000,8323714000000,8323614000000,8323601000000,235964000,76000,13000,14000,14000,8323717000000,8323718000000,8323719000000,8323800000000,8323801000000,309282000,13000,13000,21000,2814000
1791427203,950531973,1112,1747767917,D,N,8323716000000,8323715000000,8323714000000,8323614000000,8323601000000,235964000,76000,13000,14000,14000,8323717000000,8323718000000,8323719000000,8323800000000,8323801000000,309282000,13000,13000,21000,2814000
1791427203,951082853,1113,1617942128,D,N,258300000000,258299000000,258298000000,258297000000,258296000000,6388300000,2292680000,24670000,1680000,180420000,258301000000,258302000000,258303000000,258304000000,258305000000,2524380000,590000,1370000,300000,730000
1791427203,951817871,1114,1617942128,S,N,258300000000,258299000000,258298000000,258297000000,258296000000,6388300000,2292680000,24670000,1680000,180420000,258301000000,258302000000,258303000000,258304000000,258305000000,2524380000,590000,1370000,300000,730000
1791427204,17005751,1115,1747767917,S,N,8323716000000,8323715000000,8323714000000,8323614000000,8323601000000,235964000,76000,13000,14000,14000,8323717000000,8323718000000,8323719000000,8323800000000,8323801000000,309282000,13000,13000,21000,2814000
1791427204,18276048,1116,1747767917,D,N,8323716000000,8323715000000,8323714000000,8323614000000,8323601000000,235964000,76000,13000,14000,14000,8323717000000,8323718000000,8323719000000,8323800000000,8323801000000,309282000,13000,13000,21000,2814000
1791427204,19178549,1117,1617942128,D,N,258300000000,258299000000,258298000000,258297000000,258296000000,6388300000,2292680000,24670000,1680000,180420000,258301000000,258302000000,258303000000,258304000000,258305000000,2524380000,590000,1370000,300000,730000
1791427204,19967927,1118,1617942128,S,N,258300000000,258299000000,258298000000,258297000000,258296000000,6388300000,2292680000,24670000,1680000,180420000,258301000000,258302000000,258303000000,258304000000,258305000000,2524380000,590000,1370000,300000,730000
1791427204,113908948,1119,1747767917,S,N,8323716000000,8323715000000,8323714000000,8323614000000,8323601000000,235964000,76000,13000,14000,14000,8323717000000,8323718000000,8323719000000,8323800000000,8323801000000,309282000,13000,13000,21000,2814000
1791427204,115057604,1120,1747767917,D,N,8323716000000,8323715000000,8323714000000,8323614000000,8323601000000,235964000,76000,13000,14000,14000,8323717000000,8323718000000,8323719000000,8323800000000,8323801000000,309282000,13000,13000,21000,2814000
1791427204,115700935,1121,1617942128,D,N,258300000000,258299000000,258298000000,258297000000,258296000000,6388300000,2292680000,24670000,1680000,180420000,258301000000,258302000000,258303000000,258304000000,258305000000,2524380000,590000,1370000,300000,730000
1791427204,116454232,1122,1617942128,S,N,258300000000,258299000000,258298000000,258297000000,258296000000,6388300000,2292680000,24670000,1680000,180420000,258301000000,258302000000,258303000000,258304000000,258305000000,2524380000,590000,1370000,300000,730000
1791427204,208416354,1123,1747767917,S,N,8323716000000,8323715000000,8323714000000,8323614000000,8323601000000,235964000,76000,13000,14000,14000,8323717000000,8323718000000,8323719000000,8323800000000,8323801000000,309282000,13000,13000,21000,2814000
1791427204,209445282,1124,1747767917,D,N,8323716000000,8323715000000,8323714000000,8323614000000,8323601000000,235964000,76000,13000,14000,14000,8323717000000,8323718000000,8323719000000,8323800000000,8323801000000,309282000,13000,13000,21000,2814000
1791427204,210224228,1125,1617942128,D,N,258300000000,258299000000,258298000000,258297000000,258296000000,6388300000,2292680000,24670000,1680000,180420000,258301000000,258302000000,258303000000,258304000000,258305000000,2524380000,590000,1370000,300000,730000
1791427204,211078494,1126,1617942128,S,N,258300000000,258299000000,258298000000,258297000000,258296000000,6388300000,2292680000,24670000,1680000,180420000,258301000000,258302000000,258303000000,258304000000,258305000000,2524380000,590000,1370000,300000,730000
1791427204,303878133,1127,1747767917,D,N,8323716000000,8323715000000,8323714000000,8323614000000,8323601000000,287037000,76000,13000,14000,14000,8323717000000,8323718000000,8323719000000,8323800000000,8323801000000,309303000,27000,13000,21000,2814000
1791427204,304669520,1128,1617942128,D,N,258300000000,258299000000,258298000000,258297000000,258296000000,6388300000,2292680000,24670000,1680000,180420000,258301000000,258302000000,258303000000,258304000000,258305000000,2524380000,590000,1370000,300000,730000
1791427204,305414491,1129,1617942128,S,N,258300000000,258299000000,258298000000,258297000000,258296000000,6388300000,2292680000,24670000,1680000,180420000,258301000000,258302000000,258303000000,258304000000,258305000000,2524380000,590000,1370000,300000,730000
1791427204,400266435,1130,1747767917,D,N,8323716000000,8323715000000,8323714000000,8323614000000,8323601000000,287427000,76000,13000,14000,14000,8323717000000,8323718000000,8323719000000,8323800000000,8323801000000,309303000,27000,13000,21000,2814000
1791427204,400854640,1131,1617942128,D,N,258300000000,258299000000,258298000000,258297000000,258296000000,6388300000,2292680000,24670000,1680000,180420000,258301000000,258302000000,258303000000,258304000000,258305000000,2524380000,590000,1370000,300000,730000
1791427204,401484382,1132,1617942128,S,N,258300000000,258299000000,258298000000,258297000000,258296000000,6388300000,2292680000,24670000,1680000,180420000,258301000000,258302000000,258303000000,258304000000,258305000000,2524380000,590000,1370000,300000,730000
1791427204,495203079,1133,1747767917,D,N,8323716000000,8323715000000,8323714000000,8323614000000,8323601000000,236556000,76000,13000,14000,14000,8323717000000,8323718000000,8323719000000,8323800000000,8323801000000,309285000,27000,13000,21000,2814000
1791427204,495902015,1134,1617942128,D,N,258300000000,258299000000,258298000000,258297000000,258296000000,6372100000,2292680000,24670000,1680000,180420000,258301000000,258302000000,258303000000,258304000000,258305000000,2524380000,590000,1370000,300000,730000
1791427204,496552333,1135,1617942128,S,N,258300000000,258299000000,258298000000,258297000000,258296000000,6372100000,2292680000,24670000,1680000,180420000,258301000000,258302000000,258303000000,258304000000,258305000000,2524380000,590000,1370000,300000,730000
1791427204,638103224,1136,1747767917,D,N,8323716000000,8323715000000,8323714000000,8323614000000,8323601000000,236563000,76000,13000,14000,14000,8323717000000,8323718000000,8323719000000,8323800000000,8323801000000,309299000,41000,13000,21000,2814000
1791427204,639910141,1137,1617942128,D,N,258300000000,258299000000,258298000000,258297000000,258296000000,6372100000,2292680000,24670000,1680000,180420000,258301000000,258302000000,258303000000,258304000000,258305000000,2524380000,590000,1370000,300000,730000
1791427204,641742037,1138,1617942128,S,N,258300000000,258299000000,258298000000,258297000000,258296000000,6372100000,2292680000,24670000,1680000,180420000,258301000000,258302000000,258303000000,258304000000,258305000000,2524380000,590000,1370000,300000,730000
1791427204,689546477,1139,1747767917,D,N,8323716000000,8323715000000,8323714000000,8323614000000,8323601000000,321576000,76000,13000,14000,14000,8323717000000,8323718000000,8323719000000,8323800000000,8323801000000,309299000,41000,13000,21000,2814000
1791427204,691254147,1140,1617942128,D,N,258300000000,258299000000,258298000000,258297000000,258296000000,6194650000,2292680000,24670000,1680000,180420000,258301000000,258302000000,258303000000,258304000000,258305000000,2524380000,590000,1370000,300000,730000
1791427204,692883914,1141,1617942128,S,N,258300000000,258299000000,258298000000,258297000000,258296000000,6194650000,2292680000,24670000,1680000,180420000,258301000000,258302000000,258303000000,258304000000,258305000000,2524380000,590000,1370000,300000,730000
1791427204,791718732,1142,1747767917,D,N,8323716000000,8323715000000,8323714000000,8323614000000,8323601000000,498387000,76000,13000,14000,14000,8323717000000,8323718000000,8323719000000,8323800000000,8323801000000,308291000,41000,13000,21000,2814000
1791427204,793785489,1143,1617942128,D,N,258300000000,258299000000,258298000000,258297000000,258296000000,6194650000,2292680000,24670000,1680000,180420000,258301000000,258302000000,258303000000,258304000000,258305000000,1960820000,590000,1370000,300000,730000
1791427204,795354770,1144,1617942128,S,N,258300000000,258299000000,258298000000,258297000000,258296000000,6194650000,2292680000,24670000,1680000,180420000,258301000000,258302000000,258303000000,258304000000,258305000000,1960820000,590000,1370000,300000,730000
1791427204,889121990,1145,1747767917,D,N,8323716000000,8323715000000,8323714000000,8323614000000,8323601000000,501204000,76000,13000,14000,14000,8323717000000,8323718000000,8323719000000,8323800000000,8323801000000,308424000,55000,13000,21000,2807000
1791427204,894105654,1146,1617942128,D,N,258300000000,258299000000,258298000000,258297000000,258296000000,6194650000,2292680000,24670000,1680000,180420000,258301000000,258302000000,258303000000,258304000000,258305000000,1960820000,590000,1370000,300000,730000
1791427204,896799281,1147,1617942128,S,N,258300000000,258299000000,258298000000,258297000000,258296000000,6194650000,2292680000,24670000,1680000,180420000,258301000000,258302000000,258303000000,258304000000,258305000000,1960820000,590000,1370000,300000,730000
1791427205,15384239,1148,1747767917,D,N,8323716000000,8323715000000,8323714000000,8323614000000,8323601000000,501385000,76000,13000,14000,14000,8323717000000,8323718000000,8323719000000,8323800000000,8323801000000,308354000,55000,13000,21000,2807000
1791427205,17232596,1149,1617942128,D,N,258300000000,258299000000,258298000000,258297000000,258296000000,6200730000,2292680000,24670000,1680000,180420000,258301000000,258302000000,258303000000,258304000000,258305000000,1960820000,590000,1370000,300000,730000
1791427205,18626544,1150,1617942128,S,N,258300000000,258299000000,258298000000,258297000000,258296000000,6200730000,2292680000,24670000,1680000,180420000,258301000000,258302000000,258303000000,258304000000,258305000000,1960820000,590000,1370000,300000,730000
1791427205,72898942,1151,1747767917,D,N,8323716000000,8323715000000,8323714000000,8323614000000,8323601000000,501392000,76000,13000,14000,3215000,8323717000000,8323718000000,8323719000000,8323800000000,8323801000000,308375000,55000,13000,21000,2807000
1791427205,74906649,1152,1617942128,D,N,258300000000,258299000000,258298000000,258297000000,258296000000,6200730000,2292680000,24670000,1680000,180420000,258301000000,258302000000,258303000000,258304000000,258305000000,1960820000,590000,1370000,300000,730000
1791427205,76651836,1153,1617942128,S,N,258300000000,258299000000,258298000000,258297000000,258296000000,6200730000,2292680000,24670000,1680000,180420000,258301000000,258302000000,258303000000,258304000000,258305000000,1960820000,590000,1370000,300000,730000
1791427205,171166611,1154,1747767917,D,N,8323716000000,8323715000000,8323714000000,8323614000000,8323602000000,550669000,34000,13000,14000,14000,8323717000000,8323718000000,8323719000000,8323741000000,8323800000000,65528000,55000,13000,14532000,21000
1791427205,174056338,1155,1617942128,D,N,258300000000,258299000000,258298000000,258297000000,258296000000,7501210000,2292680000,24670000,1260000,170420000,258301000000,258302000000,258303000000,258304000000,258305000000,1960820000,590000,1370000,300000,730000
1791427205,176475291,1156,1617942128,S,N,258300000000,258299000000,258298000000,258297000000,258296000000,7501210000,2292680000,24670000,1260000,170420000,258301000000,258302000000,258303000000,258304000000,258305000000,1960820000,590000,1370000,300000,730000
1791427205,289954751,1157,1747767917,D,N,8323716000000,8323715000000,8323714000000,8323614000000,8323602000000,550690000,62000,13000,14000,14000,8323717000000,8323718000000,8323719000000,8323740000000,8323741000000,100853000,69000,13000,14000,14532000
1791427205,293298121,1158,1617942128,D,N,258300000000,258299000000,258298000000,258297000000,258296000000,7501210000,2292680000,24670000,1260000,170420000,258301000000,258302000000,258303000000,258304000000,258305000000,1960820000,590000,1370000,300000,730000
1791427205,294741645,1159,1617942128,S,N,258300000000,258299000000,258298000000,258297000000,258296000000,7501210000,2292680000,24670000,1260000,170420000,258301000000,258302000000,258303000000,258304000000,258305000000,1960820000,590000,1370000,300000,730000
1791427205,383932810,1160,1747767917,D,N,8323716000000,8323715000000,8323714000000,8323614000000,8323602000000,550662000,34000,13000,14000,14000,8323717000000,8323718000000,8323719000000,8323740000000,8323741000000,99598000,62000,13000,14000,14532000
1791427205,385276034,1161,1617942128,D,N,258300000000,258299000000,258298000000,258297000000,258296000000,7501210000,2292680000,24670000,1260000,170420000,258301000000,258302000000,258303000000,258304000000,258305000000,1960820000,590000,1370000,300000,730000
1791427205,386322094,1162,1617942128,S,N,258300000000,258299000000,258298000000,258297000000,258296000000,7501210000,2292680000,24670000,1260000,170420000,258301000000,258302000000,258303000000,258304000000,258305000000,1960820000,590000,1370000,300000,730000
1791427205,472107679,1163,1747767917,D,N,8323716000000,8323715000000,8323714000000,8323712000000,8323614000000,550662000,34000,13000,665000,14000,8323717000000,8323718000000,8323719000000,8323740000000,8323741000000,99598000,62000,13000,14000,14532000
1791427205,474632673,1164,1617942128,D,N,258300000000,258299000000,258298000000,258297000000,258296000000,7501210000,2292680000,24670000,1260000,170420000,258301000000,258302000000,258303000000,258304000000,258305000000,1960820000,590000,1370000,300000,730000
1791427205,477280936,1165,1617942128,S,N,258300000000,258299000000,258298000000,258297000000,258296000000,7501210000,2292680000,24670000,1260000,170420000,258301000000,258302000000,258303000000,258304000000,258305000000,1960820000,590000,1370000,300000,730000
1791427205,579194404,1166,1747767917,D,N,8323716000000,8323715000000,8323714000000,8323712000000,8323614000000,550669000,41000,13000,665000,14000,8323717000000,8323718000000,8323719000000,8323740000000,8323741000000,99605000,69000,13000,14000,14532000
1791427205,581391033,1167,1617942128,D,N,258300000000,258299000000,258298000000,258297000000,258296000000,7501210000,2292680000,24670000,1260000,170420000,258301000000,258302000000,258303000000,258304000000,258305000000,1960820000,590000,1370000,300000,730000
1791427205,583430514,1168,1617942128,S,N,258300000000,258299000000,258298000000,258297000000,258296000000,7501210000,2292680000,24670000,1260000,170420000,258301000000,258302000000,258303000000,258304000000,258305000000,1960820000,590000,1370000,300000,730000
1791427205,716691791,1169,1747767917,D,N,8323716000000,8323715000000,8323714000000,8323712000000,8323614000000,550669000,41000,13000,665000,14000,8323717000000,8323718000000,8323719000000,8323740000000,8323741000000,99725000,69000,13000,14000,14532000
1791427205,718681505,1170,1617942128,D,N,258300000000,258299000000,258298000000,258297000000,258296000000,7501210000,2292680000,24670000,1260000,170420000,258301000000,258302000000,258303000000,258304000000,258305000000,1960820000,590000,1370000,300000,730000
1791427205,720916417,1171,1617942128,S,N,258300000000,258299000000,258298000000,258297000000,258296000000,7501210000,2292680000,24670000,1260000,170420000,258301000000,258302000000,258303000000,258304000000,258305000000,1960820000,590000,1370000,300000,730000
1791427205,744557074,1172,1747767917,D,N,8323716000000,8323715000000,8323714000000,8323712000000,8323615000000,550569000,41000,13000,665000,97000,8323717000000,8323718000000,8323719000000,8323740000000,8323741000000,97935000,69000,13000,14000,14532000
1791427205,746915445,1173,1617942128,D,N,258300000000,258299000000,258298000000,258297000000,258296000000,7501210000,2292680000,24670000,1260000,170420000,258301000000,258302000000,258303000000,258304000000,258305000000,1960820000,590000,1370000,300000,730000
1791427205,748934828,1174,1617942128,S,N,258300000000,258299000000,258298000000,258297000000,258296000000,7501210000,2292680000,24670000,1260000,170420000,258301000000,258302000000,258303000000,258304000000,258305000000,1960820000,590000,1370000,300000,730000
1791427205,896715563,1175,1747767917,D,N,8323716000000,8323715000000,8323714000000,8323712000000,8323615000000,550561000,41000,13000,665000,97000,8323717000000,8323718000000,8323719000000,8323740000000,8323741000000,90917000,69000,13000,14000,14532000
1791427205,898891520,1176,1617942128,D,N,258300000000,258299000000,258298000000,258297000000,258296000000,7501210000,2292680000,24670000,1260000,170420000,258301000000,258302000000,258303000000,258304000000,258305000000,1960820000,590000,1370000,300000,730000
1791427205,901292480,1177,1617942128,S,N,258300000000,258299000000,258298000000,258297000000,258296000000,7501210000,2292680000,24670000,1260000,170420000,258301000000,258302000000,258303000000,258304000000,258305000000,1960820000,590000,1370000,300000,730000
1791427205,941441544,1178,1747767917,D,N,8323716000000,8323715000000,8323714000000,8323712000000,8323615000000,550589000,62000,13000,665000,97000,8323717000000,8323718000000,8323719000000,8323740000000,8323741000000,90927000,69000,13000,14000,14532000
1791427205,943471646,1179,1617942128,D,N,258300000000,258299000000,258298000000,258297000000,258296000000,7501210000,2292680000,24670000,1680000,170420000,258301000000,258302000000,258303000000,258304000000,258305000000,1960820000,590000,1370000,300000,730000
1791427205,945354074,1180,1617942128,S,N,258300000000,258299000000,258298000000,258297000000,258296000000,7501210000,2292680000,24670000,1680000,170420000,258301000000,258302000000,258303000000,258304000000,258305000000,1960820000,590000,1370000,300000,730000
1791427206,75583023,1181,1747767917,D,N,8323716000000,8323715000000,8323714000000,8323712000000,8323615000000,550596000,62000,13000,665000,97000,8323717000000,8323718000000,8323719000000,8323740000000,8323741000000,128186000,69000,13000,14000,14532000
1791427206,76614726,1182,1617942128,D,N,258300000000,258299000000,258298000000,258297000000,258296000000,7501210000,2292680000,24670000,1680000,170420000,258301000000,258302000000,258303000000,258304000000,258305000000,1960820000,590000,1370000,300000,730000
1791427206,77499714,1183,1617942128,S,N,258300000000,258299000000,258298000000,258297000000,258296000000,7501210000,2292680000,24670000,1680000,170420000,258301000000,258302000000,258303000000,258304000000,258305000000,1960820000,590000,1370000,300000,730000
1791427206,156632342,1184,1747767917,D,N,8323716000000,8323715000000,8323714000000,8323712000000,8323615000000,629777000,41000,13000,665000,97000,8323717000000,8323718000000,8323719000000,8323740000000,8323741000000,125974000,69000,13000,14000,14532000
1791427206,157208392,1185,1617942128,D,N,258300000000,258299000000,258298000000,258297000000,258296000000,7501210000,2292680000,24670000,1680000,170420000,258301000000,258302000000,258303000000,258304000000,258305000000,1960820000,590000,1370000,300000,730000
1791427206,157859093,1186,1617942128,S,N,258300000000,258299000000,258298000000,258297000000,258296000000,7501210000,2292680000,24670000,1680000,170420000,258301000000,258302000000,258303000000,258304000000,258305000000,1960820000,590000,1370000,300000,730000
1791427206,218845700,1187,1747767917,D,N,8323716000000,8323715000000,8323714000000,8323712000000,8323615000000,629805000,62000,13000,665000,97000,8323717000000,8323718000000,8323719000000,8323740000000,8323741000000,124174000,69000,13000,14000,14532000
1791427206,219492668,1188,1617942128,D,N,258300000000,258299000000,258298000000,258297000000,258296000000,7501210000,2292680000,24670000,1680000,170420000,258301000000,258302000000,258303000000,258304000000,258305000000,1960820000,590000,1370000,300000,730000
1791427206,220324634,1189,1617942128,S,N,258300000000,258299000000,258298000000,258297000000,258296000000,7501210000,2292680000,24670000,1680000,170420000,258301000000,258302000000,258303000000,258304000000,258305000000,1960820000,590000,1370000,300000,730000
1791427206,315073122,1190,1747767917,D,N,8323716000000,8323715000000,8323714000000,8323712000000,8323615000000,629805000,62000,13000,665000,97000,8323717000000,8323718000000,8323719000000,8323740000000,8323741000000,123574000,69000,13000,14000,14532000
1791427206,315688698,1191,1617942128,D,N,258300000000,258299000000,258298000000,258297000000,258296000000,7501210000,2292680000,24670000,1680000,170420000,258301000000,258302000000,258303000000,258304000000,258305000000,1960820000,590000,1370000,300000,730000
1791427206,316208857,1192,1617942128,S,N,258300000000,258299000000,258298000000,258297000000,258296000000,7501210000,2292680000,24670000,1680000,170420000,258301000000,258302000000,258303000000,258304000000,258305000000,1960820000,590000,1370000,300000,730000
1791427206,412975961,1193,1747767917,D,N,8323716000000,8323715000000,8323714000000,8323712000000,8323615000000,629777000,41000,13000,665000,97000,8323717000000,8323718000000,8323719000000,8323740000000,8323741000000,141453000,69000,13000,14000,14532000
1791427206,414393358,1194,1617942128,D,N,258300000000,258299000000,258298000000,258297000000,258296000000,7501210000,2292680000,24670000,1680000,170420000,258301000000,258302000000,258303000000,258304000000,258305000000,1960820000,590000,1370000,300000,730000
1791427206,416105431,1195,1617942128,S,N,258300000000,258299000000,258298000000,258297000000,258296000000,7501210000,2292680000,24670000,1680000,170420000,258301000000,258302000000,258303000000,258304000000,258305000000,1960820000,590000,1370000,300000,730000
1791427206,505872454,1196,1747767917,D,N,8323716000000,8323715000000,8323714000000,8323712000000,8323615000000,629812000,62000,13000,665000,97000,8323717000000,8323718000000,8323719000000,8323740000000,8323741000000,142283000,69000,13000,14000,14532000
1791427206,506940909,1197,1617942128,D,N,258300000000,258299000000,258298000000,258297000000,258296000000,7501210000,2292680000,24670000,1680000,170420000,258301000000,258302000000,258303000000,258304000000,258305000000,1960820000,590000,1370000,300000,730000
1791427206,507899589,1198,1617942128,S,N,258300000000,258299000000,258298000000,258297000000,258296000000,7501210000,2292680000,24670000,1680000,170420000,258301000000,258302000000,258303000000,258304000000,258305000000,1960820000,590000,1370000,300000,730000
1791427206,602019005,1199,1747767917,D,N,8323716000000,8323715000000,8323714000000,8323712000000,8323615000000,629784000,48000,13000,665000,97000,8323717000000,8323718000000,8323719000000,8323740000000,8323741000000,199261000,69000,13000,14000,14532000
1791427206,603071285,1200,1617942128,D,N,258300000000,258299000000,258298000000,258297000000,258296000000,7501210000,2292680000,24670000,1680000,170420000,258301000000,258302000000,258303000000,258304000000,258305000000,1960820000,590000,1370000,300000,730000
1791427206,604163762,1201,1617942128,S,N,258300000000,258299000000,258298000000,258297000000,258296000000,7501210000,2292680000,24670000,1680000,170420000,258301000000,258302000000,258303000000,258304000000,258305000000,1960820000,590000,1370000,300000,730000
1791427206,697002353,1202,1747767917,D,N,8323716000000,8323715000000,8323714000000,8323712000000,8323614000000,629784000,48000,13000,665000,14000,8323717000000,8323718000000,8323719000000,8323740000000,8323741000000,199261000,69000,13000,14000,14532000
1791427206,698060376,1203,1617942128,D,N,258300000000,258299000000,258298000000,258297000000,258296000000,7485010000,2292680000,24670000,1680000,170420000,258301000000,258302000000,258303000000,258304000000,258305000000,2446920000,590000,1370000,300000,730000
1791427206,699158116,1204,1617942128,S,N,258300000000,258299000000,258298000000,258297000000,258296000000,7485010000,2292680000,24670000,1680000,170420000,258301000000,258302000000,258303000000,258304000000,258305000000,2446920000,590000,1370000,300000,730000
1791427206,793486935,1205,1747767917,D,N,8323716000000,8323715000000,8323714000000,8323712000000,8323614000000,629798000,48000,13000,665000,14000,8323717000000,8323718000000,8323719000000,8323740000000,8323741000000,269591000,69000,13000,14000,14532000
1791427206,794219943,1206,1617942128,D,N,258300000000,258299000000,258298000000,258297000000,258296000000,7501210000,2292680000,24670000,1680000,170420000,258301000000,258302000000,258303000000,258304000000,258305000000,2446920000,590000,1370000,300000,730000
1791427206,794761826,1207,1617942128,S,N,258300000000,258299000000,258298000000,258297000000,258296000000,7501210000,2292680000,24670000,1680000,170420000,258301000000,258302000000,258303000000,258304000000,258305000000,2446920000,590000,1370000,300000,730000
1791427206,888967186,1208,1747767917,D,N,8323716000000,8323715000000,8323714000000,8323712000000,8323614000000,629812000,62000,13000,665000,14000,8323717000000,8323718000000,8323719000000,8323740000000,8323741000000,267191000,69000,13000,14000,14532000
1791427206,889972475,1209,1617942128,D,N,258300000000,258299000000,258298000000,258297000000,258296000000,7501210000,2292680000,24670000,1680000,170420000,258301000000,258302000000,258303000000,258304000000,258305000000,2446920000,590000,1370000,300000,730000
1791427206,890846552,1210,1617942128,S,N,258300000000,258299000000,258298000000,258297000000,258296000000,7501210000,2292680000,24670000,1680000,170420000,258301000000,258302000000,258303000000,258304000000,258305000000,2446920000,590000,1370000,300000,730000
1791427206,985582743,1211,1747767917,D,N,8323716000000,8323715000000,8323714000000,8323712000000,8323614000000,629833000,62000,13000,665000,14000,8323717000000,8323718000000,8323719000000,8323740000000,8323741000000,266591000,69000,13000,14000,14532000
1791427206,988615243,1212,1617942128,D,N,258300000000,258299000000,258298000000,258297000000,258296000000,7501210000,2292680000,24670000,1680000,170420000,258301000000,258302000000,258303000000,258304000000,258305000000,2446920000,590000,1370000,300000,730000
1791427206,989684443,1213,1617942128,S,N,258300000000,258299000000,258298000000,258297000000,258296000000,7501210000,2292680000,24670000,1680000,170420000,258301000000,258302000000,258303000000,258304000000,258305000000,2446920000,590000,1370000,300000,730000
1791427207,85790644,1214,1747767917,D,N,8323716000000,8323715000000,8323714000000,8323712000000,8323615000000,629805000,55000,13000,665000,98000,8323717000000,8323718000000,8323719000000,8323740000000,8323741000000,175752000,69000,13000,14000,14532000
1791427207,86818644,1215,1617942128,D,N,258300000000,258299000000,258298000000,258297000000,258296000000,7501210000,2292680000,24670000,1680000,170420000,258301000000,258302000000,258303000000,258304000000,258305000000,1960820000,590000,1370000,300000,730000
1791427207,87951944,1216,1617942128,S,N,258300000000,258299000000,258298000000,258297000000,258296000000,7501210000,2292680000,24670000,1680000,170420000,258301000000,258302000000,258303000000,258304000000,258305000000,1960820000,590000,1370000,300000,730000
1791427207,186110444,1217,1747767917,D,N,8323716000000,8323715000000,8323714000000,8323712000000,8323615000000,629819000,62000,13000,665000,98000,8323717000000,8323718000000,8323719000000,8323788000000,8323789000000,118767000,69000,13000,14000,18881000
1791427207,187173644,1218,1617942128,D,N,258300000000,258299000000,258298000000,258297000000,258296000000,7501210000,2292680000,24670000,1680000,170420000,258301000000,258302000000,258303000000,258304000000,258305000000,2446920000,590000,1370000,300000,730000
1791427207,188278344,1219,1617942128,S,N,258300000000,258299000000,258298000000,258297000000,258296000000,7501210000,2292680000,24670000,1680000,170420000,258301000000,258302000000,258303000000,258304000000,258305000000,2446920000,590000,1370000,300000,730000
1791427207,288354844,1220,1747767917,D,N,8323716000000,8323715000000,8323714000000,8323712000000,8323615000000,629819000,62000,13000,665000,98000,8323717000000,8323718000000,8323719000000,8323788000000,8323789000000,137665000,62000,13000,14000,18881000
1791427207,289542644,1221,1617942128,D,N,258300000000,258299000000,258298000000,258297000000,258296000000,7501210000,2292680000,24670000,1680000,170420000,258301000000,258302000000,258303000000,258304000000,258305000000,2446920000,590000,1370000,300000,730000
1791427207,290469844,1222,1617942128,S,N,258300000000,258299000000,258298000000,258297000000,258296000000,7501210000,2292680000,24670000,1680000,170420000,258301000000,258302000000,258303000000,258304000000,258305000000,2446920000,590000,1370000,300000,730000
1791427207,388538444,1223,1747767917,D,N,8323716000000,8323715000000,8323714000000,8323712000000,8323615000000,629819000,62000,13000,665000,98000,8323717000000,8323718000000,8323719000000,8323788000000,8323789000000,118753000,62000,13000,14000,18881000
1791427207,390987944,1224,1617942128,D,N,258300000000,258299000000,258298000000,258297000000,258296000000,7501210000,2292680000,24670000,1680000,170420000,258301000000,258302000000,258303000000,258304000000,258305000000,2446920000,590000,1370000,300000,730000
1791427207,393282444,1225,1617942128,S,N,258300000000,258299000000,258298000000,258297000000,258296000000,7501210000,2292680000,24670000,1680000,170420000,258301000000,258302000000,258303000000,258304000000,258305000000,2446920000,590000,1370000,300000,730000
1791427207,491376744,1226,1747767917,S,N,8323716000000,8323715000000,8323714000000,8323712000000,8323615000000,629819000,62000,13000,665000,98000,8323717000000,8323718000000,8323719000000,8323788000000,8323789000000,118753000,62000,13000,14000,18881000
1791427207,493338544,1227,1747767917,D,N,8323716000000,8323715000000,8323714000000,8323712000000,8323615000000,629819000,62000,13000,665000,98000,8323717000000,8323718000000,8323719000000,8323788000000,8323789000000,118753000,62000,13000,14000,18881000
1791427207,494916344,1228,1617942128,D,N,258300000000,258299000000,258298000000,258297000000,258296000000,7501210000,2292680000,24670000,1680000,170420000,258301000000,258302000000,258303000000,258304000000,258305000000,2446920000,590000,1370000,300000,730000
1791427207,496334444,1229,1617942128,S,N,258300000000,258299000000,258298000000,258297000000,258296000000,7501210000,2292680000,24670000,1680000,170420000,258301000000,258302000000,258303000000,258304000000,258305000000,2446920000,590000,1370000,300000,730000
1791427207,587839944,1230,1747767917,D,N,8323716000000,8323715000000,8323714000000,8323712000000,8323615000000,629826000,62000,13000,665000,98000,8323717000000,8323718000000,8323719000000,8323788000000,8323789000000,118743000,62000,13000,14000,18881000
1791427207,588562644,1231,1617942128,D,N,258300000000,258299000000,258298000000,258297000000,258296000000,7307560000,2292680000,24670000,1680000,170420000,258301000000,258302000000,258303000000,258304000000,258305000000,1960820000,590000,1370000,300000,730000
1791427207,589132544,1232,1617942128,S,N,258300000000,258299000000,258298000000,258297000000,258296000000,7307560000,2292680000,24670000,1680000,170420000,258301000000,258302000000,258303000000,258304000000,258305000000,1960820000,590000,1370000,300000,730000
1791427207,687539444,1233,1747767917,D,N,8323716000000,8323715000000,8323714000000,8323712000000,8323615000000,630094000,62000,13000,665000,98000,8323717000000,8323718000000,8323719000000,8323788000000,8323789000000,118743000,62000,13000,14000,18881000
1791427207,689084144,1234,1617942128,D,N,258300000000,258299000000,258298000000,258297000000,258296000000,7307560000,2292680000,24670000,1680000,170420000,258301000000,258302000000,258303000000,258304000000,258305000000,1960820000,590000,1370000,300000,730000
1791427207,690099344,1235,1617942128,S,N,258300000000,258299000000,258298000000,258297000000,258296000000,7307560000,2292680000,24670000,1680000,170420000,258301000000,258302000000,258303000000,258304000000,258305000000,1960820000,590000,1370000,300000,730000
1791427207,787743744,1236,1747767917,D,N,8323716000000,8323715000000,8323714000000,8323712000000,8323615000000,630066000,48000,13000,665000,98000,8323717000000,8323718000000,8323719000000,8323788000000,8323789000000,118743000,62000,13000,14000,18881000
1791427207,789555644,1237,1617942128,D,N,258300000000,258299000000,258298000000,258297000000,258296000000,7307560000,2292680000,24670000,1680000,170420000,258301000000,258302000000,258303000000,258304000000,258305000000,1960820000,590000,1370000,300000,730000
1791427207,790381244,1238,1617942128,S,N,258300000000,258299000000,258298000000,258297000000,258296000000,7307560000,2292680000,24670000,1680000,170420000,258301000000,258302000000,258303000000,258304000000,258305000000,1960820000,590000,1370000,300000,730000
1791427207,884714744,1239,1747767917,S,N,8323716000000,8323715000000,8323714000000,8323712000000,8323615000000,630066000,48000,13000,665000,98000,8323717000000,8323718000000,8323719000000,8323788000000,8323789000000,118743000,62000,13000,14000,18881000
1791427207,885948844,1240,1747767917,D,N,8323716000000,8323715000000,8323714000000,8323712000000,8323615000000,630066000,48000,13000,665000,98000,8323717000000,8323718000000,8323719000000,8323788000000,8323789000000,118743000,62000,13000,14000,18881000
1791427207,886970044,1241,1617942128,D,N,258300000000,258299000000,258298000000,258297000000,258296000000,7307560000,2292680000,24670000,1680000,170420000,258301000000,258302000000,258303000000,258304000000,258305000000,1960820000,590000,1370000,300000,730000
1791427207,887947144,1242,1617942128,S,N,258300000000,258299000000,258298000000,258297000000,258296000000,7307560000,2292680000,24670000,1680000,170420000,258301000000,258302000000,258303000000,258304000000,258305000000,1960820000,590000,1370000,300000,730000
1791427208,245344,1243,1747767917,D,N,8323716000000,8323715000000,8323714000000,8323615000000,8323614000000,630066000,48000,13000,98000,14000,8323717000000,8323718000000,8323719000000,8323788000000,8323789000000,137476000,62000,13000,14000,18881000
1791427208,2902044,1244,1617942128,D,N,258300000000,258299000000,258298000000,258297000000,258296000000,7307560000,2292680000,24670000,1680000,170420000,258301000000,258302000000,258303000000,258304000000,258305000000,1960820000,590000,1370000,300000,730000
1791427208,6150944,1245,1617942128,S,N,258300000000,258299000000,258298000000,258297000000,258296000000,7307560000,2292680000,24670000,1680000,170420000,258301000000,258302000000,258303000000,258304000000,258305000000,1960820000,590000,1370000,300000,730000
1791427208,88801844,1246,1747767917,D,N,8323716000000,8323715000000,8323714000000,8323615000000,8323614000000,630087000,62000,13000,98000,14000,8323717000000,8323718000000,8323719000000,8323788000000,8323789000000,137489000,62000,13000,14000,18881000
1791427208,90257244,1247,1617942128,D,N,258300000000,258299000000,258298000000,258297000000,258296000000,7307560000,2292680000,24670000,1680000,170420000,258301000000,258302000000,258303000000,258304000000,258305000000,1960820000,590000,1370000,300000,730000
1791427208,91641844,1248,1617942128,S,N,258300000000,258299000000,258298000000,258297000000,258296000000,7307560000,2292680000,24670000,1680000,170420000,258301000000,258302000000,258303000000,258304000000,258305000000,1960820000,590000,1370000,300000,730000
1791427208,213819044,1249,1747767917,D,N,8323716000000,8323715000000,8323714000000,8323615000000,8323614000000,630059000,41000,13000,98000,14000,8323717000000,8323718000000,8323719000000,8323788000000,8323789000000,137489000,62000,13000,14000,18881000
1791427208,215385544,1250,1617942128,D,N,258300000000,258299000000,258298000000,258297000000,258296000000,7307560000,2292680000,24670000,1680000,170420000,258301000000,258302000000,258303000000,258304000000,258305000000,1960820000,590000,1370000,300000,730000
1791427208,216895644,1251,1617942128,S,N,258300000000,258299000000,258298000000,258297000000,258296000000,7307560000,2292680000,24670000,1680000,170420000,258301000000,258302000000,258303000000,258304000000,258305000000,1960820000,590000,1370000,300000,730000
1791427208,288187644,1252,1747767917,D,N,8323716000000,8323715000000,8323714000000,8323615000000,8323614000000,630087000,62000,13000,98000,14000,8323717000000,8323718000000,8323719000000,8323788000000,8323789000000,137489000,62000,13000,14000,18881000
1791427208,288910244,1253,1617942128,D,N,258300000000,258299000000,258298000000,258297000000,258296000000,7307560000,2292680000,24670000,1680000,170420000,258301000000,258302000000,258303000000,258304000000,258305000000,1960820000,590000,1370000,300000,730000
1791427208,289589544,1254,1617942128,S,N,258300000000,258299000000,258298000000,258297000000,258296000000,7307560000,2292680000,24670000,1680000,170420000,258301000000,258302000000,258303000000,258304000000,258305000000,1960820000,590000,1370000,300000,730000
1791427208,391055844,1255,1747767917,S,N,8323716000000,8323715000000,8323714000000,8323615000000,8323614000000,630087000,62000,13000,98000,14000,8323717000000,8323718000000,8323719000000,8323788000000,8323789000000,137489000,62000,13000,14000,18881000
1791427208,392231844,1256,1747767917,D,N,8323716000000,8323715000000,8323714000000,8323615000000,8323614000000,630087000,62000,13000,98000,14000,8323717000000,8323718000000,8323719000000,8323788000000,8323789000000,137489000,62000,13000,14000,18881000
1791427208,393110544,1257,1617942128,D,N,258300000000,258299000000,258298000000,258297000000,258296000000,7307560000,2292680000,24670000,1680000,170420000,258301000000,258302000000,258303000000,258304000000,258305000000,1960820000,590000,1370000,300000,730000
1791427208,393920244,1258,1617942128,S,N,258300000000,258299000000,258298000000,258297000000,258296000000,7307560000,2292680000,24670000,1680000,170420000,258301000000,258302000000,258303000000,258304000000,258305000000,1960820000,590000,1370000,300000,730000
1791427208,486361744,1259,1747767917,D,N,8323716000000,8323715000000,8323714000000,8323615000000,8323614000000,630059000,41000,13000,98000,14000,8323717000000,8323718000000,8323719000000,8323788000000,8323789000000,116276000,62000,13000,14000,18881000
1791427208,487205244,1260,1617942128,D,N,258300000000,258299000000,258298000000,258297000000,258296000000,7291360000,2292680000,24670000,1680000,170420000,258301000000,258302000000,258303000000,258304000000,258305000000,1960820000,590000,1370000,300000,730000
1791427208,487845044,1261,1617942128,S,N,258300000000,258299000000,258298000000,258297000000,258296000000,7291360000,2292680000,24670000,1680000,170420000,258301000000,258302000000,258303000000,258304000000,258305000000,1960820000,590000,1370000,300000,730000
1791427208,629567644,1262,1747767917,S,N,8323716000000,8323715000000,8323714000000,8323615000000,8323614000000,630059000,41000,13000,98000,14000,8323717000000,8323718000000,8323719000000,8323788000000,8323789000000,116276000,62000,13000,14000,18881000
1791427208,630392144,1263,1747767917,D,N,8323716000000,8323715000000,8323714000000,8323615000000,8323614000000,630059000,41000,13000,98000,14000,8323717000000,8323718000000,8323719000000,8323788000000,8323789000000,116276000,62000,13000,14000,18881000
1791427208,631178844,1264,1617942128,D,N,258300000000,258299000000,258298000000,258297000000,258296000000,7307560000,2292680000,24670000,1680000,170420000,258301000000,258302000000,258303000000,258304000000,258305000000,1960820000,590000,1370000,300000,730000
1791427208,631837944,1265,1617942128,S,N,258300000000,258299000000,258298000000,258297000000,258296000000,7307560000,2292680000,24670000,1680000,170420000,258301000000,258302000000,258303000000,258304000000,258305000000,1960820000,590000,1370000,300000,730000
1791427208,686355544,1266,1747767917,D,N,8323716000000,8323715000000,8323714000000,8323615000000,8323614000000,630066000,48000,13000,98000,14000,8323717000000,8323718000000,8323719000000,8323788000000,8323789000000,116276000,62000,13000,14000,18881000
1791427208,687043244,1267,1617942128,D,N,258300000000,258299000000,258298000000,258297000000,258296000000,7307560000,2292680000,24670000,1680000,170420000,258301000000,258302000000,258303000000,258304000000,258305000000,1960820000,590000,1370000,300000,730000
1791427208,687678444,1268,1617942128,S,N,258300000000,258299000000,258298000000,258297000000,258296000000,7307560000,2292680000,24670000,1680000,170420000,258301000000,258302000000,258303000000,258304000000,258305000000,1960820000,590000,1370000,300000,730000
1791427208,786609044,1269,1747767917,D,N,8323716000000,8323715000000,8323714000000,8323615000000,8323614000000,630094000,62000,13000,98000,14000,8323717000000,8323718000000,8323719000000,8323788000000,8323789000000,138243000,62000,13000,14000,18881000
1791427208,787645644,1270,1617942128,D,N,258300000000,258299000000,258298000000,258297000000,258296000000,7307560000,2292680000,24670000,1680000,170420000,258301000000,258302000000,258303000000,258304000000,258305000000,1960820000,590000,1370000,300000,730000
1791427208,788593844,1271,1617942128,S,N,258300000000,258299000000,258298000000,258297000000,258296000000,7307560000,2292680000,24670000,1680000,170420000,258301000000,258302000000,258303000000,258304000000,258305000000,1960820000,590000,1370000,300000,730000
1791427208,888316944,1272,1747767917,D,N,8323716000000,8323715000000,8323714000000,8323634000000,8323614000000,630159000,41000,13000,400000,14000,8323717000000,8323718000000,8323719000000,8323788000000,8323789000000,113712000,55000,13000,14000,18881000
1791427208,889828544,1273,1617942128,D,N,258300000000,258299000000,258298000000,258297000000,258296000000,7307560000,2292680000,24670000,1680000,170420000,258301000000,258302000000,258303000000,258304000000,258305000000,1960820000,590000,1370000,300000,730000
1791427208,890526544,1274,1617942128,S,N,258300000000,258299000000,258298000000,258297000000,258296000000,7307560000,2292680000,24670000,1680000,170420000,258301000000,258302000000,258303000000,258304000000,258305000000,1960820000,590000,1370000,300000,730000
1791427208,996954044,1275,1747767917,D,N,8323716000000,8323715000000,8323714000000,8323635000000,8323634000000,629479000,48000,13000,100000,400000,8323717000000,8323718000000,8323719000000,8323788000000,8323789000000,100921000,55000,13000,14000,18881000
1791427208,997848544,1276,1617942128,D,N,258300000000,258299000000,258298000000,258297000000,258296000000,7307560000,2292680000,24670000,1260000,170420000,258301000000,258302000000,258303000000,258304000000,258305000000,1360820000,590000,1370000,300000,730000
1791427208,998687944,1277,1617942128,S,N,258300000000,258299000000,258298000000,258297000000,258296000000,7307560000,2292680000,24670000,1260000,170420000,258301000000,258302000000,258303000000,258304000000,258305000000,1360820000,590000,1370000,300000,730000
1791427209,86621744,1278,1747767917,D,N,8323716000000,8323715000000,8323714000000,8323635000000,8323634000000,630087000,55000,13000,100000,400000,8323717000000,8323718000000,8323719000000,8323788000000,8323789000000,139255000,62000,13000,14000,18881000
1791427209,87680944,1279,1617942128,D,N,258300000000,258299000000,258298000000,258297000000,258296000000,7307560000,2292680000,24670000,1260000,170420000,258301000000,258302000000,258303000000,258304000000,258305000000,1360820000,590000,1370000,300000,730000
1791427209,88572744,1280,1617942128,S,N,258300000000,258299000000,258298000000,258297000000,258296000000,7307560000,2292680000,24670000,1260000,170420000,258301000000,258302000000,258303000000,258304000000,258305000000,1360820000,590000,1370000,300000,730000
1791427209,200048744,1281,1617942128,D,N,258300000000,258299000000,258298000000,258297000000,258296000000,7307560000,2292680000,24670000,1260000,170420000,258301000000,258302000000,258303000000,258304000000,258305000000,1360820000,590000,1370000,300000,730000
1791427209,202474944,1282,1747767917,D,N,8323716000000,8323715000000,8323714000000,8323635000000,8323634000000,622928000,55000,13000,100000,400000,8323717000000,8323718000000,8323719000000,8323788000000,8323789000000,230049000,62000,13000,14000,18881000
1791427209,205987744,1283,1617942128,S,N,258300000000,258299000000,258298000000,258297000000,258296000000,7307560000,2292680000,24670000,1260000,170420000,258301000000,258302000000,258303000000,258304000000,258305000000,1360820000,590000,1370000,300000,730000
1791427209,332727544,1284,1747767917,D,N,8323716000000,8323715000000,8323714000000,8323635000000,8323634000000,622949000,62000,13000,100000,400000,8323717000000,8323718000000,8323719000000,8323788000000,8323789000000,230062000,62000,13000,14000,18881000
1791427209,336127444,1285,1617942128,D,N,258300000000,258299000000,258298000000,258297000000,258296000000,7307560000,2292680000,24670000,1260000,170420000,258301000000,258302000000,258303000000,258304000000,258305000000,1360820000,590000,1370000,300000,730000
1791427209,338864344,1286,1617942128,S,N,258300000000,258299000000,258298000000,258297000000,258296000000,7307560000,2292680000,24670000,1260000,170420000,258301000000,258302000000,258303000000,258304000000,258305000000,1360820000,590000,1370000,300000,730000
1791427209,396169744,1287,1747767917,D,N,8323716000000,8323715000000,8323714000000,8323635000000,8323634000000,622949000,62000,13000,100000,400000,8323717000000,8323718000000,8323719000000,8323788000000,8323789000000,191682000,62000,13000,14000,18881000
1791427209,398736144,1288,1617942128,D,N,258300000000,258299000000,258298000000,258297000000,258296000000,7307560000,2292680000,24670000,1260000,170420000,258301000000,258302000000,258303000000,258304000000,258305000000,1360820000,590000,1370000,300000,730000
1791427209,401451344,1289,1617942128,S,N,258300000000,258299000000,258298000000,258297000000,258296000000,7307560000,2292680000,24670000,1260000,170420000,258301000000,258302000000,258303000000,258304000000,258305000000,1360820000,590000,1370000,300000,730000
1791427209,494144444,1290,1747767917,D,N,8323716000000,8323715000000,8323714000000,8323635000000,8323634000000,622928000,55000,13000,100000,400000,8323717000000,8323718000000,8323719000000,8323788000000,8323789000000,191634000,62000,13000,14000,18881000
1791427209,495463344,1291,1617942128,D,N,258300000000,258299000000,258298000000,258297000000,258296000000,7307560000,2292680000,24670000,1260000,170420000,258301000000,258302000000,258303000000,258304000000,258305000000,1360820000,590000,1370000,300000,730000
1791427209,496930944,1292,1617942128,S,N,258300000000,258299000000,258298000000,258297000000,258296000000,7307560000,2292680000,24670000,1260000,170420000,258301000000,258302000000,258303000000,258304000000,258305000000,1360820000,590000,1370000,300000,730000
1791427209,607137444,1293,1747767917,D,N,8323716000000,8323715000000,8323714000000,8323635000000,8323634000000,622921000,48000,13000,100000,400000,8323717000000,8323718000000,8323719000000,8323788000000,8323789000000,100896000,62000,13000,14000,18881000
1791427209,608726844,1294,1617942128,D,N,258300000000,258299000000,258298000000,258297000000,258296000000,7307560000,2292680000,24670000,1260000,170420000,258301000000,258302000000,258303000000,258304000000,258305000000,1360820000,590000,1370000,300000,730000
1791427209,611013744,1295,1617942128,S,N,258300000000,258299000000,258298000000,258297000000,258296000000,7307560000,2292680000,24670000,1260000,170420000,258301000000,258302000000,258303000000,258304000000,258305000000,1360820000,590000,1370000,300000,730000
1791427209,691497844,1296,1747767917,D,N,8323716000000,8323715000000,8323714000000,8323635000000,8323634000000,622907000,34000,13000,100000,400000,8323717000000,8323718000000,8323719000000,8323788000000,8323789000000,81277000,62000,13000,14000,18881000
1791427209,692238644,1297,1617942128,D,N,258300000000,258299000000,258298000000,258297000000,258296000000,7307560000,2292680000,24670000,1260000,170420000,258301000000,258302000000,258303000000,258304000000,258305000000,1360820000,590000,1370000,300000,730000
1791427209,692799944,1298,1617942128,S,N,258300000000,258299000000,258298000000,258297000000,258296000000,7307560000,2292680000,24670000,1260000,170420000,258301000000,258302000000,258303000000,258304000000,258305000000,1360820000,590000,1370000,300000,730000
1791427209,812611144,1299,1747767917,D,N,8323716000000,8323715000000,8323714000000,8323634000000,8323614000000,623007000,34000,13000,400000,14000,8323717000000,8323718000000,8323719000000,8323788000000,8323789000000,81267000,62000,13000,14000,18881000
1791427209,814361344,1300,1617942128,D,N,258300000000,258299000000,258298000000,258297000000,258296000000,7291360000,2292680000,24670000,1260000,170420000,258301000000,258302000000,258303000000,258304000000,258305000000,1360820000,590000,1370000,300000,730000
1791427209,815927444,1301,1617942128,S,N,258300000000,258299000000,258298000000,258297000000,258296000000,7291360000,2292680000,24670000,1260000,170420000,258301000000,258302000000,258303000000,258304000000,258305000000,1360820000,590000,1370000,300000,730000
1791427209,915935944,1302,1747767917,D,N,8323716000000,8323715000000,8323714000000,8323635000000,8323634000000,622928000,55000,13000,100000,400000,8323717000000,8323718000000,8323719000000,8323788000000,8323789000000,81267000,62000,13000,14000,18881000
1791427209,917386944,1303,1617942128,D,N,258300000000,258299000000,258298000000,258297000000,258296000000,7291360000,2292680000,24670000,1260000,170420000,258301000000,258302000000,258303000000,258304000000,258305000000,1360820000,590000,1370000,300000,730000
1791427209,918875644,1304,1617942128,S,N,258300000000,258299000000,258298000000,258297000000,258296000000,7291360000,2292680000,24670000,1260000,170420000,258301000000,258302000000,258303000000,258304000000,258305000000,1360820000,590000,1370000,300000,730000
1791427210,45954944,1305,1747767917,S,N,8323716000000,8323715000000,8323714000000,8323635000000,8323634000000,622928000,55000,13000,100000,400000,8323717000000,8323718000000,8323719000000,8323788000000,8323789000000,81267000,62000,13000,14000,18881000
1791427210,48285044,1306,1747767917,D,N,8323716000000,8323715000000,8323714000000,8323635000000,8323634000000,622928000,55000,13000,100000,400000,8323717000000,8323718000000,8323719000000,8323788000000,8323789000000,81267000,62000,13000,14000,18881000
1791427210,49598444,1307,1617942128,D,N,258300000000,258299000000,258298000000,258297000000,258296000000,7307560000,2292680000,24670000,1260000,170420000,258301000000,258302000000,258303000000,258304000000,258305000000,1360820000,590000,1370000,300000,730000
1791427210,50938044,1308,1617942128,S,N,258300000000,258299000000,258298000000,258297000000,258296000000,7307560000,2292680000,24670000,1260000,170420000,258301000000,258302000000,258303000000,258304000000,258305000000,1360820000,590000,1370000,300000,730000
1791427210,96012744,1309,1747767917,D,N,8323716000000,8323715000000,8323714000000,8323634000000,8323614000000,623028000,55000,13000,400000,14000,8323717000000,8323718000000,8323719000000,8323788000000,8323789000000,98472000,62000,13000,14000,18881000
1791427210,97982544,1310,1617942128,D,N,258300000000,258299000000,258298000000,258297000000,258296000000,7307560000,2292680000,24670000,1260000,170420000,258301000000,258302000000,258303000000,258304000000,258305000000,1360820000,590000,1370000,300000,730000
1791427210,99504644,1311,1617942128,S,N,258300000000,258299000000,258298000000,258297000000,258296000000,7307560000,2292680000,24670000,1260000,170420000,258301000000,258302000000,258303000000,258304000000,258305000000,1360820000,590000,1370000,300000,730000
1791427210,207616358,1312,1747767917,D,N,8323716000000,8323715000000,8323714000000,8323634000000,8323614000000,623013000,48000,13000,400000,14000,8323717000000,8323718000000,8323719000000,8323788000000,8323789000000,80134000,62000,13000,14000,18881000
1791427210,208264684,1313,1617942128,D,N,258300000000,258299000000,258298000000,258297000000,258296000000,7307140000,2292680000,24670000,1260000,170420000,258301000000,258302000000,258303000000,258304000000,258305000000,1360820000,590000,1370000,300000,730000
1791427210,208887412,1314,1617942128,S,N,258300000000,258299000000,258298000000,258297000000,258296000000,7307140000,2292680000,24670000,1260000,170420000,258301000000,258302000000,258303000000,258304000000,258305000000,1360820000,590000,1370000,300000,730000
1791427210,324255421,1315,1747767917,S,N,8323716000000,8323715000000,8323714000000,8323634000000,8323614000000,623013000,48000,13000,400000,14000,8323717000000,8323718000000,8323719000000,8323788000000,8323789000000,80134000,62000,13000,14000,18881000
1791427210,325351791,1316,1747767917,D,N,8323716000000,8323715000000,8323714000000,8323634000000,8323614000000,623013000,48000,13000,400000,14000,8323717000000,8323718000000,8323719000000,8323788000000,8323789000000,80134000,62000,13000,14000,18881000
1791427210,326223065,1317,1617942128,D,N,258300000000,258299000000,258298000000,258297000000,258296000000,9089810000,2292680000,24670000,1260000,170420000,258301000000,258302000000,258303000000,258304000000,258305000000,1360820000,590000,1370000,300000,730000
1791427210,327269511,1318,1617942128,S,N,258300000000,258299000000,258298000000,258297000000,258296000000,9089810000,2292680000,24670000,1260000,170420000,258301000000,258302000000,258303000000,258304000000,258305000000,1360820000,590000,1370000,300000,730000
1791427210,381764155,1319,1747767917,S,N,8323716000000,8323715000000,8323714000000,8323634000000,8323614000000,623013000,48000,13000,400000,14000,8323717000000,8323718000000,8323719000000,8323788000000,8323789000000,80134000,62000,13000,14000,18881000
1791427210,382551115,1320,1747767917,D,N,8323716000000,8323715000000,8323714000000,8323634000000,8323614000000,623013000,48000,13000,400000,14000,8323717000000,8323718000000,8323719000000,8323788000000,8323789000000,80134000,62000,13000,14000,18881000
1791427210,409023542,1321,1617942128,D,N,258300000000,258299000000,258298000000,258297000000,258296000000,9089810000,2292680000,24670000,1260000,170420000,258301000000,258302000000,258303000000,258304000000,258305000000,1360820000,590000,1370000,300000,730000
1791427210,410058167,1322,1617942128,S,N,258300000000,258299000000,258298000000,258297000000,258296000000,9089810000,2292680000,24670000,1260000,170420000,258301000000,258302000000,258303000000,258304000000,258305000000,1360820000,590000,1370000,300000,730000
1791427210,484653453,1323,1747767917,D,N,8323716000000,8323715000000,8323714000000,8323634000000,8323614000000,623020000,55000,13000,400000,14000,8323717000000,8323718000000,8323719000000,8323788000000,8323789000000,78088000,62000,13000,14000,18881000
1791427210,485358835,1324,1617942128,D,N,258300000000,258299000000,258298000000,258297000000,258296000000,8896160000,2292680000,24670000,1260000,170420000,258301000000,258302000000,258303000000,258304000000,258305000000,1360820000,590000,1370000,300000,730000
1791427210,486083756,1325,1617942128,S,N,258300000000,258299000000,258298000000,258297000000,258296000000,8896160000,2292680000,24670000,1260000,170420000,258301000000,258302000000,258303000000,258304000000,258305000000,1360820000,590000,1370000,300000,730000
1791427210,578093568,1326,1747767917,D,N,8323716000000,8323715000000,8323714000000,8323634000000,8323614000000,623013000,48000,13000,400000,14000,8323717000000,8323718000000,8323719000000,8323788000000,8323789000000,78101000,62000,13000,14000,18881000
1791427210,578786152,1327,1617942128,D,N,258300000000,258299000000,258298000000,258297000000,258296000000,8896160000,2292680000,24670000,1260000,170420000,258301000000,258302000000,258303000000,258304000000,258305000000,1360820000,590000,1370000,300000,730000
1791427210,579414938,1328,1617942128,S,N,258300000000,258299000000,258298000000,258297000000,258296000000,8896160000,2292680000,24670000,1260000,170420000,258301000000,258302000000,258303000000,258304000000,258305000000,1360820000,590000,1370000,300000,730000
1791427210,676057407,1329,1747767917,S,N,8323716000000,8323715000000,8323714000000,8323634000000,8323614000000,623013000,48000,13000,400000,14000,8323717000000,8323718000000,8323719000000,8323788000000,8323789000000,78101000,62000,13000,14000,18881000
1791427210,677073567,1330,1747767917,D,N,8323716000000,8323715000000,8323714000000,8323634000000,8323614000000,623013000,48000,13000,400000,14000,8323717000000,8323718000000,8323719000000,8323788000000,8323789000000,78101000,62000,13000,14000,18881000
1791427210,677708997,1331,1617942128,D,N,258300000000,258299000000,258298000000,258297000000,258296000000,8896160000,2292680000,24670000,1260000,170420000,258301000000,258302000000,258303000000,258304000000,258305000000,1360820000,590000,1370000,300000,730000
1791427210,678341789,1332,1617942128,S,N,258300000000,258299000000,258298000000,258297000000,258296000000,8896160000,2292680000,24670000,1260000,170420000,258301000000,258302000000,258303000000,258304000000,258305000000,1360820000,590000,1370000,300000,730000
1791427210,772712773,1333,1747767917,S,N,8323716000000,8323715000000,8323714000000,8323634000000,8323614000000,623013000,48000,13000,400000,14000,8323717000000,8323718000000,8323719000000,8323788000000,8323789000000,78101000,62000,13000,14000,18881000
1791427210,773848418,1334,1747767917,D,N,8323716000000,8323715000000,8323714000000,8323634000000,8323614000000,623013000,48000,13000,400000,14000,8323717000000,8323718000000,8323719000000,8323788000000,8323789000000,78101000,62000,13000,14000,18881000
1791427210,774661561,1335,1617942128,D,N,258300000000,258299000000,258298000000,258297000000,258296000000,8890080000,2292680000,24670000,1260000,170420000,258301000000,258302000000,258303000000,258304000000,258305000000,1360820000,590000,1370000,300000,730000
1791427210,775410418,1336,1617942128,S,N,258300000000,258299000000,258298000000,258297000000,258296000000,8890080000,2292680000,24670000,1260000,170420000,258301000000,258302000000,258303000000,258304000000,258305000000,1360820000,590000,1370000,300000,730000
1791427210,871890220,1337,1747767917,D,N,8323716000000,8323715000000,8323714000000,8323634000000,8323614000000,622971000,13000,13000,400000,14000,8323717000000,8323718000000,8323719000000,8323788000000,8323789000000,78101000,62000,13000,14000,18881000
1791427210,872902668,1338,1617942128,D,N,258300000000,258299000000,258298000000,258297000000,258296000000,8890080000,2292680000,24670000,1260000,170420000,258301000000,258302000000,258303000000,258304000000,258305000000,1360820000,590000,1370000,300000,730000
1791427210,873781952,1339,1617942128,S,N,258300000000,258299000000,258298000000,258297000000,258296000000,8890080000,2292680000,24670000,1260000,170420000,258301000000,258302000000,258303000000,258304000000,258305000000,1360820000,590000,1370000,300000,730000
1791427210,968633026,1340,1747767917,D,N,8323716000000,8323715000000,8323714000000,8323634000000,8323614000000,622370000,13000,13000,400000,14000,8323717000000,8323718000000,8323719000000,8323788000000,8323789000000,96886000,62000,13000,14000,18881000
1791427210,969531557,1341,1617942128,D,N,258300000000,258299000000,258298000000,258297000000,258296000000,8890080000,2292680000,24670000,1260000,170420000,258301000000,258302000000,258303000000,258304000000,258305000000,1360820000,590000,1370000,300000,730000
1791427210,970307575,1342,1617942128,S,N,258300000000,258299000000,258298000000,258297000000,258296000000,8890080000,2292680000,24670000,1260000,170420000,258301000000,258302000000,258303000000,258304000000,258305000000,1360820000,590000,1370000,300000,730000
1791427211,66081702,1343,1747767917,D,N,8323716000000,8323715000000,8323714000000,8323634000000,8323614000000,622949000,13000,13000,400000,14000,8323717000000,8323718000000,8323719000000,8323788000000,8323789000000,96827000,62000,13000,14000,18881000
1791427211,66971734,1344,1617942128,D,N,258300000000,258299000000,258298000000,258297000000,258296000000,8890080000,2292680000,24670000,1260000,170420000,258301000000,258302000000,258303000000,258304000000,258305000000,1360820000,590000,1370000,300000,730000
1791427211,67735050,1345,1617942128,S,N,258300000000,258299000000,258298000000,258297000000,258296000000,8890080000,2292680000,24670000,1260000,170420000,258301000000,258302000000,258303000000,258304000000,258305000000,1360820000,590000,1370000,300000,730000
1791427211,163509275,1346,1747767917,D,N,8323716000000,8323715000000,8323714000000,8323634000000,8323614000000,622949000,13000,13000,400000,14000,8323717000000,8323718000000,8323719000000,8323788000000,8323789000000,78042000,62000,13000,14000,18881000
1791427211,166740158,1347,1617942128,D,N,258300000000,258299000000,258298000000,258297000000,258296000000,8890080000,2292680000,24670000,1260000,170420000,258301000000,258302000000,258303000000,258304000000,258305000000,1360820000,590000,1370000,300000,730000
1791427211,167751921,1348,1617942128,S,N,258300000000,258299000000,258298000000,258297000000,258296000000,8890080000,2292680000,24670000,1260000,170420000,258301000000,258302000000,258303000000,258304000000,258305000000,1360820000,590000,1370000,300000,730000
1791427211,261235805,1349,1747767917,S,N,8323716000000,8323715000000,8323714000000,8323634000000,8323614000000,622949000,13000,13000,400000,14000,8323717000000,8323718000000,8323719000000,8323788000000,8323789000000,78042000,62000,13000,14000,18881000
1791427211,262484878,1350,1747767917,D,N,8323716000000,8323715000000,8323714000000,8323634000000,8323614000000,622949000,13000,13000,400000,14000,8323717000000,8323718000000,8323719000000,8323788000000,8323789000000,78042000,62000,13000,14000,18881000
1791427211,263411546,1351,1617942128,D,N,258300000000,258299000000,258298000000,258297000000,258296000000,8890080000,2292680000,24670000,1260000,170420000,258301000000,258302000000,258303000000,258304000000,258305000000,1360820000,590000,1370000,300000,730000
1791427211,264230844,1352,1617942128,S,N,258300000000,258299000000,258298000000,258297000000,258296000000,8890080000,2292680000,24670000,1260000,170420000,258301000000,258302000000,258303000000,258304000000,258305000000,1360820000,590000,1370000,300000,730000
1791427211,359939611,1353,1747767917,D,N,8323799000000,8323798000000,8323797000000,8323790000000,8323789000000,860554000,13000,13000,164310000,158976000,8323800000000,8323801000000,8323950000000,8323959000000,8324000000000,39386000,2835000,7000,7000,21000
1791427211,360890899,1354,1617942128,D,N,258300000000,258299000000,258298000000,258297000000,258296000000,8890080000,2292680000,24670000,1260000,170420000,258301000000,258302000000,258303000000,258304000000,258305000000,1360820000,590000,1370000,300000,730000
1791427211,361470641,1355,1617942128,S,N,258300000000,258299000000,258298000000,258297000000,258296000000,8890080000,2292680000,24670000,1260000,170420000,258301000000,258302000000,258303000000,258304000000,258305000000,1360820000,590000,1370000,300000,730000
1791427211,457281893,1356,1747767917,D,N,8323799000000,8323798000000,8323797000000,8323790000000,8323789000000,935328000,13000,13000,164310000,121000,8323800000000,8323801000000,8323950000000,8323959000000,8324000000000,5081000,2842000,7000,7000,21000
1791427211,457933932,1357,1617942128,D,N,258300000000,258299000000,258298000000,258297000000,258296000000,8890080000,2292680000,24670000,1260000,170420000,258301000000,258302000000,258303000000,258304000000,258305000000,1360820000,590000,1370000,300000,730000
1791427211,458495404,1358,1617942128,S,N,258300000000,258299000000,258298000000,258297000000,258296000000,8890080000,2292680000,24670000,1260000,170420000,258301000000,258302000000,258303000000,258304000000,258305000000,1360820000,590000,1370000,300000,730000
1791427211,557503052,1359,1747767917,D,N,8323799000000,8323798000000,8323797000000,8323790000000,8323789000000,935341000,13000,13000,117954000,121000,8323800000000,8323801000000,8323950000000,8323959000000,8324000000000,5081000,2842000,7000,7000,21000
1791427211,558257478,1360,1617942128,D,N,258300000000,258299000000,258298000000,258297000000,258296000000,8890080000,2292680000,24670000,1260000,170420000,258301000000,258302000000,258303000000,258304000000,258305000000,1360820000,590000,1370000,300000,730000
1791427211,558759647,1361,1617942128,S,N,258300000000,258299000000,258298000000,258297000000,258296000000,8890080000,2292680000,24670000,1260000,170420000,258301000000,258302000000,258303000000,258304000000,258305000000,1360820000,590000,1370000,300000,730000
1791427211,652094932,1362,1747767917,D,N,8323799000000,8323798000000,8323797000000,8323790000000,8323789000000,975652000,13000,13000,111691000,121000,8323800000000,8323801000000,8323950000000,8323959000000,8324000000000,5081000,2842000,7000,7000,21000
1791427211,654330953,1363,1617942128,D,N,258348000000,258347000000,258346000000,258338000000,258337000000,4212950000,590000,390000,420000,389150000,258349000000,258350000000,258351000000,258352000000,258353000000,2971780000,70650000,480000,500000,200000
1791427211,656264890,1364,1617942128,S,N,258348000000,258347000000,258346000000,258338000000,258337000000,4212950000,590000,390000,420000,389150000,258349000000,258350000000,258351000000,258352000000,258353000000,2971780000,70650000,480000,500000,200000
1791427211,763924797,1365,1747767917,D,N,8324369000000,8324368000000,8324367000000,8324237000000,8324180000000,612884000,13000,13000,8000,1202000,8324370000000,8324371000000,8324400000000,8324401000000,8324403000000,70629000,42000,14000,2800000,342000
1791427211,765402581,1366,1617942128,D,N,258348000000,258347000000,258346000000,258341000000,258338000000,5453380000,1210000,27830000,45740000,420000,258349000000,258350000000,258351000000,258352000000,258353000000,3285690000,176950000,480000,500000,620000
1791427211,766026971,1367,1617942128,S,N,258348000000,258347000000,258346000000,258341000000,258338000000,5453380000,1210000,27830000,45740000,420000,258349000000,258350000000,258351000000,258352000000,258353000000,3285690000,176950000,480000,500000,620000
1791427211,869682615,1368,1747767917,D,N,8324369000000,8324368000000,8324367000000,8324237000000,8324235000000,707920000,83000,13000,8000,1633000,8324370000000,8324371000000,8324400000000,8324401000000,8324403000000,32618000,42000,14000,2800000,142000
1791427211,871115556,1369,1617942128,D,N,258348000000,258347000000,258346000000,258342000000,258341000000,5454180000,1610000,28030000,420000,45740000,258349000000,258350000000,258351000000,258352000000,258353000000,3285690000,176950000,480000,500000,620000
1791427211,872630759,1370,1617942128,S,N,258348000000,258347000000,258346000000,258342000000,258341000000,5454180000,1610000,28030000,420000,45740000,258349000000,258350000000,258351000000,258352000000,258353000000,3285690000,176950000,480000,500000,620000
1791427211,948559627,1371,1747767917,D,N,8324369000000,8324368000000,8324367000000,8324265000000,8324264000000,707843000,13000,13000,1202000,2131000,8324370000000,8324371000000,8324400000000,8324401000000,8324403000000,32611000,42000,14000,2800000,142000
1791427211,949427676,1372,1617942128,D,N,258348000000,258347000000,258346000000,258342000000,258341000000,5459870000,1810000,28030000,420000,45740000,258349000000,258350000000,258351000000,258352000000,258353000000,3285690000,176950000,480000,500000,620000
1791427211,950148005,1373,1617942128,S,N,258348000000,258347000000,258346000000,258342000000,258341000000,5459870000,1810000,28030000,420000,45740000,258349000000,258350000000,258351000000,258352000000,258353000000,3285690000,176950000,480000,500000,620000
1791427212,42403724,1374,1747767917,D,N,8324369000000,8324368000000,8324367000000,8324265000000,8324264000000,724625000,13000,13000,1202000,2131000,8324370000000,8324371000000,8324400000000,8324401000000,8324403000000,53836000,42000,14000,2807000,142000
1791427212,43280468,1375,1617942128,D,N,258348000000,258347000000,258346000000,258345000000,258342000000,4296590000,1810000,28030000,200000,420000,258349000000,258350000000,258351000000,258352000000,258353000000,3246960000,176950000,480000,500000,620000
1791427212,44048084,1376,1617942128,S,N,258348000000,258347000000,258346000000,258345000000,258342000000,4296590000,1810000,28030000,200000,420000,258349000000,258350000000,258351000000,258352000000,258353000000,3246960000,176950000,480000,500000,620000
1791427212,140808378,1377,1747767917,D,N,8324369000000,8324368000000,8324367000000,8324266000000,8324265000000,686336000,62000,13000,14000,1216000,8324370000000,8324371000000,8324400000000,8324401000000,8324403000000,202059000,56000,14000,2807000,142000
1791427212,141927218,1378,1617942128,D,N,258348000000,258347000000,258346000000,258345000000,258342000000,3221270000,40810000,28030000,200000,420000,258349000000,258350000000,258351000000,258352000000,258353000000,3249330000,176950000,480000,500000,620000
1791427212,142934097,1379,1617942128,S,N,258348000000,258347000000,258346000000,258345000000,258342000000,3221270000,40810000,28030000,200000,420000,258349000000,258350000000,258351000000,258352000000,258353000000,3249330000,176950000,480000,500000,620000
1791427212,239598353,1380,1747767917,D,N,8324369000000,8324368000000,8324367000000,8324266000000,8324265000000,681845000,62000,13000,14000,1216000,8324370000000,8324371000000,8324400000000,8324401000000,8324403000000,327950000,49000,14000,2800000,142000
1791427212,241891723,1381,1617942128,D,N,258348000000,258347000000,258346000000,258345000000,258342000000,2763130000,40810000,28030000,200000,420000,258349000000,258350000000,258351000000,258352000000,258353000000,3249330000,176950000,480000,500000,620000
1791427212,243559238,1382,1617942128,S,N,258348000000,258347000000,258346000000,258345000000,258342000000,2763130000,40810000,28030000,200000,420000,258349000000,258350000000,258351000000,258352000000,258353000000,3249330000,176950000,480000,500000,620000
1791427212,337148538,1383,1747767917,D,N,8324369000000,8324368000000,8324367000000,8324266000000,8324265000000,681852000,62000,13000,14000,1216000,8324370000000,8324371000000,8324400000000,8324401000000,8324403000000,292975000,49000,14000,2800000,142000
1791427212,339111883,1384,1617942128,D,N,258348000000,258347000000,258346000000,258345000000,258342000000,2663330000,40810000,28030000,200000,420000,258349000000,258350000000,258351000000,258352000000,258353000000,3249330000,176950000,480000,500000,620000
1791427212,341157490,1385,1617942128,S,N,258348000000,258347000000,258346000000,258345000000,258342000000,2663330000,40810000,28030000,200000,420000,258349000000,258350000000,258351000000,258352000000,258353000000,3249330000,176950000,480000,500000,620000
1791427212,436358909,1386,1747767917,D,N,8324369000000,8324368000000,8324367000000,8324364000000,8324266000000,681852000,62000,13000,8000,14000,8324370000000,8324371000000,8324400000000,8324401000000,8324403000000,292968000,49000,14000,2800000,142000
1791427212,438350196,1387,1617942128,D,N,258348000000,258347000000,258346000000,258345000000,258342000000,2336960000,40810000,28030000,200000,420000,258349000000,258350000000,258351000000,258352000000,258353000000,3249330000,176950000,480000,500000,620000
1791427212,440301133,1388,1617942128,S,N,258348000000,258347000000,258346000000,258345000000,258342000000,2336960000,40810000,28030000,200000,420000,258349000000,258350000000,258351000000,258352000000,258353000000,3249330000,176950000,480000,500000,620000
1791427212,536456382,1389,1747767917,D,N,8324369000000,8324368000000,8324367000000,8324364000000,8324266000000,610999000,62000,13000,8000,14000,8324370000000,8324371000000,8324400000000,8324401000000,8324403000000,292934000,49000,14000,2800000,142000
1791427212,538559240,1390,1617942128,D,N,258348000000,258347000000,258346000000,258345000000,258342000000,2334310000,40810000,28030000,200000,420000,258349000000,258350000000,258351000000,258352000000,258353000000,3249330000,176950000,480000,500000,620000
1791427212,542308021,1391,1617942128,S,N,258348000000,258347000000,258346000000,258345000000,258342000000,2334310000,40810000,28030000,200000,420000,258349000000,258350000000,258351000000,258352000000,258353000000,3249330000,176950000,480000,500000,620000
1791427212,628075107,1392,1747767917,S,N,8324369000000,8324368000000,8324367000000,8324364000000,8324266000000,610999000,62000,13000,8000,14000,8324370000000,8324371000000,8324400000000,8324401000000,8324403000000,292934000,49000,14000,2800000,142000
1791427212,628955271,1393,1747767917,D,N,8324369000000,8324368000000,8324367000000,8324364000000,8324266000000,610999000,62000,13000,8000,14000,8324370000000,8324371000000,8324400000000,8324401000000,8324403000000,292934000,49000,14000,2800000,142000
1791427212,629867089,1394,1617942128,D,N,258348000000,258347000000,258346000000,258345000000,258342000000,2334310000,40810000,28030000,200000,420000,258349000000,258350000000,258351000000,258352000000,258353000000,3249330000,176950000,480000,500000,620000
1791427212,630590057,1395,1617942128,S,N,258348000000,258347000000,258346000000,258345000000,258342000000,2334310000,40810000,28030000,200000,420000,258349000000,258350000000,258351000000,258352000000,258353000000,3249330000,176950000,480000,500000,620000
1791427212,725916921,1396,1747767917,S,N,8324369000000,8324368000000,8324367000000,8324364000000,8324266000000,610999000,62000,13000,8000,14000,8324370000000,8324371000000,8324400000000,8324401000000,8324403000000,292934000,49000,14000,2800000,142000
1791427212,726852480,1397,1747767917,D,N,8324369000000,8324368000000,8324367000000,8324364000000,8324266000000,610999000,62000,13000,8000,14000,8324370000000,8324371000000,8324400000000,8324401000000,8324403000000,292934000,49000,14000,2800000,142000
1791427212,727864830,1398,1617942128,D,N,258348000000,258347000000,258346000000,258345000000,258342000000,2334310000,40810000,28030000,200000,420000,258349000000,258350000000,258351000000,258352000000,258353000000,3249330000,176950000,480000,500000,620000
1791427212,728511788,1399,1617942128,S,N,258348000000,258347000000,258346000000,258345000000,258342000000,2334310000,40810000,28030000,200000,420000,258349000000,258350000000,258351000000,258352000000,258353000000,3249330000,176950000,480000,500000,620000
1791427212,825892173,1400,1747767917,D,N,8324369000000,8324368000000,8324367000000,8324364000000,8324266000000,610999000,62000,13000,8000,14000,8324370000000,8324371000000,8324372000000,8324400000000,8324401000000,292961000,62000,13000,14000,2800000
1791427212,826937642,1401,1617942128,D,N,258348000000,258347000000,258346000000,258345000000,258342000000,2334310000,40810000,28030000,200000,420000,258349000000,258350000000,258351000000,258352000000,258353000000,3249330000,176950000,480000,500000,620000
1791427212,827910033,1402,1617942128,S,N,258348000000,258347000000,258346000000,258345000000,258342000000,2334310000,40810000,28030000,200000,420000,258349000000,258350000000,258351000000,258352000000,258353000000,3249330000,176950000,480000,500000,620000
1791427212,943523362,1403,1747767917,D,N,8324369000000,8324368000000,8324367000000,8324364000000,8324266000000,612141000,62000,13000,8000,14000,8324370000000,8324371000000,8324372000000,8324400000000,8324401000000,292952000,62000,13000,14000,2800000
1791427212,945497161,1404,1617942128,D,N,258348000000,258347000000,258346000000,258345000000,258342000000,2334310000,40810000,28030000,200000,420000,258349000000,258350000000,258351000000,258352000000,258353000000,3288040000,176950000,480000,500000,620000
1791427212,947051052,1405,1617942128,S,N,258348000000,258347000000,258346000000,258345000000,258342000000,2334310000,40810000,28030000,200000,420000,258349000000,258350000000,258351000000,258352000000,258353000000,3288040000,176950000,480000,500000,620000
1791427213,21230437,1406,1747767917,D,N,8324369000000,8324368000000,8324367000000,8324364000000,8324266000000,612141000,62000,13000,8000,14000,8324370000000,8324371000000,8324372000000,8324400000000,8324401000000,292938000,62000,13000,14000,2800000
1791427213,22886521,1407,1617942128,D,N,258348000000,258347000000,258346000000,258345000000,258342000000,2334310000,40810000,28030000,200000,420000,258349000000,258350000000,258351000000,258352000000,258353000000,3288430000,177340000,870000,500000,620000
1791427213,24792126,1408,1617942128,S,N,258348000000,258347000000,258346000000,258345000000,258342000000,2334310000,40810000,28030000,200000,420000,258349000000,258350000000,258351000000,258352000000,258353000000,3288430000,177340000,870000,500000,620000
1791427213,123426371,1409,1747767917,D,N,8324369000000,8324368000000,8324367000000,8324364000000,8324266000000,612141000,62000,13000,8000,14000,8324370000000,8324371000000,8324372000000,8324400000000,8324401000000,292952000,62000,13000,14000,2800000
1791427213,125546521,1410,1617942128,D,N,258348000000,258347000000,258346000000,258345000000,258342000000,2334310000,40810000,28030000,200000,420000,258349000000,258350000000,258351000000,258352000000,258353000000,3288430000,177340000,870000,500000,620000
1791427213,128230294,1411,1617942128,S,N,258348000000,258347000000,258346000000,258345000000,258342000000,2334310000,40810000,28030000,200000,420000,258349000000,258350000000,258351000000,258352000000,258353000000,3288430000,177340000,870000,500000,620000
1791427213,216098088,1412,1747767917,D,N,8324369000000,8324368000000,8324367000000,8324364000000,8324266000000,612141000,62000,13000,8000,14000,8324370000000,8324371000000,8324372000000,8324400000000,8324401000000,292938000,62000,13000,14000,2800000
1791427213,218082634,1413,1617942128,D,N,258348000000,258347000000,258346000000,258345000000,258342000000,2334310000,40810000,28030000,200000,420000,258349000000,258350000000,258351000000,258352000000,258353000000,3288430000,177340000,870000,500000,620000
1791427213,220023704,1414,1617942128,S,N,258348000000,258347000000,258346000000,258345000000,258342000000,2334310000,40810000,28030000,200000,420000,258349000000,258350000000,258351000000,258352000000,258353000000,3288430000,177340000,870000,500000,620000
1791427213,329915332,1415,1747767917,D,N,8324369000000,8324368000000,8324367000000,8324364000000,8324266000000,612141000,62000,13000,8000,14000,8324370000000,8324371000000,8324372000000,8324400000000,8324401000000,290109000,62000,13000,14000,2800000
1791427213,331471764,1416,1617942128,D,N,258348000000,258347000000,258346000000,258345000000,258342000000,2334310000,40810000,28030000,200000,420000,258349000000,258350000000,258351000000,258352000000,258353000000,3288430000,177340000,870000,500000,620000
1791427213,333191058,1417,1617942128,S,N,258348000000,258347000000,258346000000,258345000000,258342000000,2334310000,40810000,28030000,200000,420000,258349000000,258350000000,258351000000,258352000000,258353000000,3288430000,177340000,870000,500000,620000
1791427213,440161019,1418,1747767917,D,N,8324369000000,8324368000000,8324367000000,8324364000000,8324266000000,612141000,62000,13000,8000,14000,8324370000000,8324371000000,8324372000000,8324400000000,8324401000000,290051000,62000,13000,14000,2800000
1791427213,441825310,1419,1617942128,D,N,258348000000,258347000000,258346000000,258345000000,258342000000,2334310000,40810000,28030000,200000,420000,258349000000,258350000000,258351000000,258352000000,258353000000,3288430000,177340000,870000,500000,620000
1791427213,443367770,1420,1617942128,S,N,258348000000,258347000000,258346000000,258345000000,258342000000,2334310000,40810000,28030000,200000,420000,258349000000,258350000000,258351000000,258352000000,258353000000,3288430000,177340000,870000,500000,620000
1791427213,521141768,1421,1747767917,D,N,8324369000000,8324368000000,8324367000000,8324364000000,8324266000000,612148000,69000,13000,8000,14000,8324370000000,8324371000000,8324372000000,8324400000000,8324401000000,290072000,62000,13000,14000,2800000
1791427213,522827259,1422,1617942128,D,N,258348000000,258347000000,258346000000,258345000000,258342000000,2499450000,40810000,28030000,200000,420000,258349000000,258350000000,258351000000,258352000000,258353000000,3288430000,177340000,870000,500000,620000
1791427213,524504641,1423,1617942128,S,N,258348000000,258347000000,258346000000,258345000000,258342000000,2499450000,40810000,28030000,200000,420000,258349000000,258350000000,258351000000,258352000000,258353000000,3288430000,177340000,870000,500000,620000
1791427213,669154685,1424,1747767917,D,N,8324369000000,8324368000000,8324367000000,8324364000000,8324266000000,611862000,69000,13000,8000,14000,8324370000000,8324371000000,8324372000000,8324400000000,8324401000000,256322000,62000,13000,14000,2800000
1791427213,671079732,1425,1617942128,D,N,258348000000,258347000000,258346000000,258345000000,258342000000,2499450000,40810000,28030000,200000,420000,258349000000,258350000000,258351000000,258352000000,258353000000,3288430000,177340000,870000,500000,620000
1791427213,672983286,1426,1617942128,S,N,258348000000,258347000000,258346000000,258345000000,258342000000,2499450000,40810000,28030000,200000,420000,258349000000,258350000000,258351000000,258352000000,258353000000,3288430000,177340000,870000,500000,620000
1791427213,721862622,1427,1747767917,D,N,8324369000000,8324368000000,8324367000000,8324364000000,8324266000000,611862000,69000,13000,8000,14000,8324370000000,8324371000000,8324372000000,8324400000000,8324401000000,257645000,62000,13000,14000,2800000
1791427213,724684735,1428,1617942128,D,N,258348000000,258347000000,258346000000,258345000000,258342000000,2437620000,40810000,28030000,200000,420000,258349000000,258350000000,258351000000,258352000000,258353000000,3288430000,177340000,870000,500000,620000
1791427213,726583404,1429,1617942128,S,N,258348000000,258347000000,258346000000,258345000000,258342000000,2437620000,40810000,28030000,200000,420000,258349000000,258350000000,258351000000,258352000000,258353000000,3288430000,177340000,870000,500000,620000
1791427213,805045686,1430,1747767917,D,N,8324369000000,8324368000000,8324367000000,8324364000000,8324266000000,611862000,69000,13000,8000,14000,8324370000000,8324371000000,8324372000000,8324400000000,8324401000000,294878000,62000,13000,14000,2800000
1791427213,807010888,1431,1617942128,D,N,258348000000,258347000000,258346000000,258345000000,258342000000,2437620000,40810000,28030000,200000,420000,258349000000,258350000000,258351000000,258352000000,258353000000,3327130000,177340000,870000,500000,620000
1791427213,808941210,1432,1617942128,S,N,258348000000,258347000000,258346000000,258345000000,258342000000,2437620000,40810000,28030000,200000,420000,258349000000,258350000000,258351000000,258352000000,258353000000,3327130000,177340000,870000,500000,620000
1791427213,918660011,1433,1747767917,S,N,8324369000000,8324368000000,8324367000000,8324364000000,8324266000000,611862000,69000,13000,8000,14000,8324370000000,8324371000000,8324372000000,8324400000000,8324401000000,294878000,62000,13000,14000,2800000
1791427213,921074038,1434,1747767917,D,N,8324369000000,8324368000000,8324367000000,8324364000000,8324266000000,611862000,69000,13000,8000,14000,8324370000000,8324371000000,8324372000000,8324400000000,8324401000000,294878000,62000,13000,14000,2800000
1791427213,923405510,1435,1617942128,D,N,258348000000,258347000000,258346000000,258345000000,258344000000,2442420000,40810000,28030000,620000,24000000,258349000000,258350000000,258351000000,258352000000,258353000000,3327130000,177340000,870000,500000,620000
1791427213,925321569,1436,1617942128,S,N,258348000000,258347000000,258346000000,258345000000,258344000000,2442420000,40810000,28030000,620000,24000000,258349000000,258350000000,258351000000,258352000000,258353000000,3327130000,177340000,870000,500000,620000
1791427214,38569427,1437,1747767917,S,N,8324369000000,8324368000000,8324367000000,8324364000000,8324266000000,611862000,69000,13000,8000,14000,8324370000000,8324371000000,8324372000000,8324400000000,8324401000000,294878000,62000,13000,14000,2800000
1791427214,40736277,1438,1747767917,D,N,8324369000000,8324368000000,8324367000000,8324364000000,8324266000000,611862000,69000,13000,8000,14000,8324370000000,8324371000000,8324372000000,8324400000000,8324401000000,294878000,62000,13000,14000,2800000
1791427214,42361195,1439,1617942128,D,N,258348000000,258347000000,258346000000,258345000000,258344000000,2442420000,40810000,28030000,620000,24000000,258349000000,258350000000,258351000000,258352000000,258353000000,3327130000,177340000,870000,500000,620000
1791427214,44068669,1440,1617942128,S,N,258348000000,258347000000,258346000000,258345000000,258344000000,2442420000,40810000,28030000,620000,24000000,258349000000,258350000000,258351000000,258352000000,258353000000,3327130000,177340000,870000,500000,620000
1791427214,122728204,1441,1747767917,D,N,8324369000000,8324368000000,8324367000000,8324364000000,8324266000000,611869000,69000,13000,8000,14000,8324370000000,8324371000000,8324372000000,8324400000000,8324401000000,294878000,62000,13000,14000,2800000
1791427214,124706887,1442,1617942128,D,N,258348000000,258347000000,258346000000,258345000000,258344000000,2442620000,41010000,28030000,620000,24000000,258349000000,258350000000,258351000000,258352000000,258353000000,3327130000,177340000,870000,500000,620000
1791427214,126315294,1443,1617942128,S,N,258348000000,258347000000,258346000000,258345000000,258344000000,2442620000,41010000,28030000,620000,24000000,258349000000,258350000000,258351000000,258352000000,258353000000,3327130000,177340000,870000,500000,620000
1791427214,222904714,1444,1747767917,D,N,8324369000000,8324368000000,8324367000000,8324364000000,8324266000000,612137000,69000,13000,8000,14000,8324370000000,8324371000000,8324372000000,8324400000000,8324401000000,294878000,62000,13000,14000,2800000
1791427214,224908017,1445,1617942128,D,N,258348000000,258347000000,258346000000,258345000000,258344000000,2442620000,41010000,28030000,620000,24000000,258349000000,258350000000,258351000000,258352000000,258353000000,3327130000,177340000,870000,500000,620000
1791427214,226455754,1446,1617942128,S,N,258348000000,258347000000,258346000000,258345000000,258344000000,2442620000,41010000,28030000,620000,24000000,258349000000,258350000000,258351000000,258352000000,258353000000,3327130000,177340000,870000,500000,620000
1791427214,311718619,1447,1747767917,S,N,8324369000000,8324368000000,8324367000000,8324364000000,8324266000000,612137000,69000,13000,8000,14000,8324370000000,8324371000000,8324372000000,8324400000000,8324401000000,294878000,62000,13000,14000,2800000
1791427214,314249396,1448,1617942128,D,N,258348000000,258347000000,258346000000,258345000000,258344000000,2442620000,41010000,28030000,620000,24000000,258349000000,258350000000,258351000000,258352000000,258353000000,3327130000,177340000,870000,500000,620000
1791427214,315947783,1449,1747767917,D,N,8324369000000,8324368000000,8324367000000,8324364000000,8324266000000,612137000,69000,13000,8000,14000,8324370000000,8324371000000,8324372000000,8324400000000,8324401000000,294878000,62000,13000,14000,2800000
1791427214,317575925,1450,1617942128,S,N,258348000000,258347000000,258346000000,258345000000,258344000000,2442620000,41010000,28030000,620000,24000000,258349000000,258350000000,258351000000,258352000000,258353000000,3327130000,177340000,870000,500000,620000
1791427214,435184351,1451,1747767917,D,N,8324369000000,8324368000000,8324367000000,8324364000000,8324266000000,555159000,69000,13000,8000,14000,8324370000000,8324371000000,8324372000000,8324400000000,8324401000000,294878000,62000,13000,14000,2800000
1791427214,436899445,1452,1617942128,D,N,258348000000,258347000000,258346000000,258345000000,258344000000,2442620000,41010000,28030000,620000,24000000,258349000000,258350000000,258351000000,258352000000,258353000000,3327130000,177340000,870000,500000,620000
1791427214,438443175,1453,1617942128,S,N,258348000000,258347000000,258346000000,258345000000,258344000000,2442620000,41010000,28030000,620000,24000000,258349000000,258350000000,258351000000,258352000000,258353000000,3327130000,177340000,870000,500000,620000
1791427214,505361036,1454,1747767917,D,N,8324369000000,8324368000000,8324367000000,8324364000000,8324266000000,555159000,69000,13000,8000,14000,8324370000000,8324371000000,8324372000000,8324400000000,8324401000000,294871000,62000,13000,14000,2800000
1791427214,507202161,1455,1617942128,D,N,258348000000,258347000000,258346000000,258345000000,258344000000,2277480000,41010000,28030000,620000,24000000,258349000000,258350000000,258351000000,258352000000,258353000000,3327130000,177340000,870000,500000,620000
1791427214,509304628,1456,1617942128,S,N,258348000000,258347000000,258346000000,258345000000,258344000000,2277480000,41010000,28030000,620000,24000000,258349000000,258350000000,258351000000,258352000000,258353000000,3327130000,177340000,870000,500000,620000
1791427214,584116511,1457,1747767917,D,N,8324369000000,8324368000000,8324367000000,8324364000000,8324266000000,555159000,69000,13000,8000,14000,8324370000000,8324371000000,8324372000000,8324400000000,8324401000000,294862000,62000,13000,14000,2800000
1791427214,586044294,1458,1617942128,D,N,258348000000,258347000000,258346000000,258345000000,258344000000,2277480000,41010000,28030000,620000,24000000,258349000000,258350000000,258351000000,258352000000,258353000000,3327130000,177340000,870000,500000,620000
1791427214,587731153,1459,1617942128,S,N,258348000000,258347000000,258346000000,258345000000,258344000000,2277480000,41010000,28030000,620000,24000000,258349000000,258350000000,258351000000,258352000000,258353000000,3327130000,177340000,870000,500000,620000
1791427214,682208335,1460,1747767917,D,N,8324369000000,8324368000000,8324367000000,8324364000000,8324266000000,555159000,69000,13000,8000,14000,8324370000000,8324371000000,8324372000000,8324400000000,8324401000000,294855000,62000,13000,14000,2800000
1791427214,684100458,1461,1617942128,D,N,258348000000,258347000000,258346000000,258345000000,258344000000,2277480000,41010000,28030000,620000,24000000,258349000000,258350000000,258351000000,258352000000,258353000000,3327130000,177340000,870000,500000,620000
1791427214,685792202,1462,1617942128,S,N,258348000000,258347000000,258346000000,258345000000,258344000000,2277480000,41010000,28030000,620000,24000000,258349000000,258350000000,258351000000,258352000000,258353000000,3327130000,177340000,870000,500000,620000
1791427214,778685597,1463,1747767917,D,N,8324369000000,8324368000000,8324367000000,8324364000000,8324266000000,555159000,69000,13000,8000,14000,8324370000000,8324371000000,8324372000000,8324400000000,8324401000000,294825000,62000,13000,14000,2800000
1791427214,780079947,1464,1617942128,D,N,258348000000,258347000000,258346000000,258345000000,258344000000,2277480000,41010000,28030000,620000,24000000,258349000000,258350000000,258351000000,258352000000,258353000000,3326710000,177340000,870000,500000,200000
1791427214,781481624,1465,1617942128,S,N,258348000000,258347000000,258346000000,258345000000,258344000000,2277480000,41010000,28030000,620000,24000000,258349000000,258350000000,258351000000,258352000000,258353000000,3326710000,177340000,870000,500000,200000
1791427214,881592970,1466,1747767917,D,N,8324369000000,8324368000000,8324367000000,8324364000000,8324266000000,555699000,69000,13000,8000,14000,8324370000000,8324371000000,8324372000000,8324400000000,8324401000000,294825000,62000,13000,14000,2800000
1791427214,882291708,1467,1617942128,D,N,258348000000,258347000000,258346000000,258345000000,258344000000,2277480000,41010000,28030000,620000,24000000,258349000000,258350000000,258351000000,258352000000,258353000000,3326710000,177340000,870000,500000,200000
1791427214,882859433,1468,1617942128,S,N,258348000000,258347000000,258346000000,258345000000,258344000000,2277480000,41010000,28030000,620000,24000000,258349000000,258350000000,258351000000,258352000000,258353000000,3326710000,177340000,870000,500000,200000
1791427214,973413540,1469,1747767917,S,N,8324369000000,8324368000000,8324367000000,8324364000000,8324266000000,555699000,69000,13000,8000,14000,8324370000000,8324371000000,8324372000000,8324400000000,8324401000000,294825000,62000,13000,14000,2800000
1791427214,975099910,1470,1747767917,D,N,8324369000000,8324368000000,8324367000000,8324364000000,8324266000000,555699000,69000,13000,8000,14000,8324370000000,8324371000000,8324372000000,8324400000000,8324401000000,294825000,62000,13000,14000,2800000
1791427214,976376436,1471,1617942128,D,N,258348000000,258347000000,258346000000,258345000000,258344000000,2277480000,41010000,28030000,620000,24000000,258349000000,258350000000,258351000000,258352000000,258353000000,3326710000,177340000,870000,500000,200000
1791427214,977318443,1472,1617942128,S,N,258348000000,258347000000,258346000000,258345000000,258344000000,2277480000,41010000,28030000,620000,24000000,258349000000,258350000000,258351000000,258352000000,258353000000,3326710000,177340000,870000,500000,200000
1791427215,81920197,1473,1747767917,D,N,8324369000000,8324368000000,8324367000000,8324364000000,8324266000000,555699000,69000,13000,8000,14000,8324370000000,8324371000000,8324372000000,8324400000000,8324401000000,294832000,62000,13000,14000,2800000
1791427215,132982211,1474,1617942128,D,N,258348000000,258347000000,258346000000,258345000000,258344000000,2277480000,41010000,28030000,620000,24000000,258349000000,258350000000,258351000000,258352000000,258353000000,3326710000,177340000,870000,500000,200000
1791427215,134749085,1475,1617942128,S,N,258348000000,258347000000,258346000000,258345000000,258344000000,2277480000,41010000,28030000,620000,24000000,258349000000,258350000000,258351000000,258352000000,258353000000,3326710000,177340000,870000,500000,200000
1791427215,170218451,1476,1747767917,D,N,8324369000000,8324368000000,8324367000000,8324364000000,8324266000000,556300000,69000,13000,8000,14000,8324370000000,8324371000000,8324372000000,8324400000000,8324401000000,294825000,62000,13000,14000,2800000
1791427215,171929539,1477,1617942128,D,N,258348000000,258347000000,258346000000,258345000000,258344000000,2277480000,41010000,28030000,620000,24000000,258349000000,258350000000,258351000000,258352000000,258353000000,3327130000,177340000,870000,500000,620000
1791427215,173202255,1478,1617942128,S,N,258348000000,258347000000,258346000000,258345000000,258344000000,2277480000,41010000,28030000,620000,24000000,258349000000,258350000000,258351000000,258352000000,258353000000,3327130000,177340000,870000,500000,620000
1791427215,269887907,1479,1747767917,D,N,8324369000000,8324368000000,8324367000000,8324364000000,8324266000000,556300000,69000,13000,8000,14000,8324370000000,8324371000000,8324372000000,8324400000000,8324401000000,294818000,62000,13000,14000,2800000
1791427215,271370283,1480,1617942128,D,N,258348000000,258347000000,258346000000,258345000000,258344000000,2277480000,41010000,28030000,620000,24000000,258349000000,258350000000,258351000000,258352000000,258353000000,3327130000,177340000,870000,500000,620000
1791427215,272704158,1481,1617942128,S,N,258348000000,258347000000,258346000000,258345000000,258344000000,2277480000,41010000,28030000,620000,24000000,258349000000,258350000000,258351000000,258352000000,258353000000,3327130000,177340000,870000,500000,620000
1791427215,364861006,1482,1747767917,D,N,8324369000000,8324368000000,8324367000000,8324364000000,8324266000000,556896000,69000,13000,8000,14000,8324370000000,8324371000000,8324372000000,8324400000000,8324401000000,294825000,62000,13000,14000,2800000
1791427215,366616351,1483,1617942128,D,N,258348000000,258347000000,258346000000,258345000000,258344000000,2277480000,41010000,28030000,620000,24000000,258349000000,258350000000,258351000000,258352000000,258353000000,3327130000,177340000,870000,500000,620000
1791427215,368210885,1484,1617942128,S,N,258348000000,258347000000,258346000000,258345000000,258344000000,2277480000,41010000,28030000,620000,24000000,258349000000,258350000000,258351000000,258352000000,258353000000,3327130000,177340000,870000,500000,620000
1791427215,463992437,1485,1747767917,D,N,8324369000000,8324368000000,8324367000000,8324364000000,8324266000000,556896000,69000,13000,8000,14000,8324370000000,8324371000000,8324372000000,8324400000000,8324401000000,294818000,62000,13000,14000,2800000
1791427215,465538122,1486,1617942128,D,N,258348000000,258347000000,258346000000,258345000000,258344000000,2277480000,41010000,28030000,620000,24000000,258349000000,258350000000,258351000000,258352000000,258353000000,3327130000,177340000,870000,500000,620000
1791427215,466980344,1487,1617942128,S,N,258348000000,258347000000,258346000000,258345000000,258344000000,2277480000,41010000,28030000,620000,24000000,258349000000,258350000000,258351000000,258352000000,258353000000,3327130000,177340000,870000,500000,620000
1791427215,560937478,1488,1747767917,D,N,8324369000000,8324368000000,8324367000000,8324364000000,8324266000000,77436000,69000,13000,8000,14000,8324370000000,8324371000000,8324372000000,8324399000000,8324400000000,343834000,13000,13000,14532000,14000
1791427215,565360280,1489,1617942128,D,N,258348000000,258347000000,258346000000,258345000000,258344000000,1825510000,1810000,28030000,620000,24000000,258349000000,258350000000,258351000000,258352000000,258353000000,3725830000,177340000,870000,500000,200000
1791427215,567398364,1490,1617942128,S,N,258348000000,258347000000,258346000000,258345000000,258344000000,1825510000,1810000,28030000,620000,24000000,258349000000,258350000000,258351000000,258352000000,258353000000,3725830000,177340000,870000,500000,200000
1791427215,661317005,1491,1747767917,D,N,8324369000000,8324368000000,8324367000000,8324364000000,8324348000000,40546000,62000,13000,8000,121000,8324370000000,8324371000000,8324372000000,8324398000000,8324399000000,344774000,733000,13000,7000,14532000
1791427215,665138083,1492,1617942128,D,N,258348000000,258347000000,258346000000,258345000000,258344000000,1813970000,1810000,28030000,620000,24000000,258349000000,258350000000,258351000000,258352000000,258353000000,3725830000,313180000,870000,500000,200000
1791427215,668384305,1493,1617942128,S,N,258348000000,258347000000,258346000000,258345000000,258344000000,1813970000,1810000,28030000,620000,24000000,258349000000,258350000000,258351000000,258352000000,258353000000,3725830000,313180000,870000,500000,200000
1791427215,755663663,1494,1747767917,D,N,8324369000000,8324368000000,8324367000000,8324364000000,8324266000000,40498000,62000,13000,8000,14000,8324370000000,8324371000000,8324372000000,8324398000000,8324399000000,344761000,733000,13000,7000,14532000
1791427215,758856541,1495,1617942128,D,N,258348000000,258347000000,258346000000,258345000000,258344000000,1802230000,1610000,28030000,620000,24000000,258349000000,258350000000,258351000000,258352000000,258353000000,3764540000,313180000,870000,500000,200000
1791427215,760712027,1496,1617942128,S,N,258348000000,258347000000,258346000000,258345000000,258344000000,1802230000,1610000,28030000,620000,24000000,258349000000,258350000000,258351000000,258352000000,258353000000,3764540000,313180000,870000,500000,200000
1791427215,897952730,1497,1747767917,D,N,8324369000000,8324368000000,8324367000000,8324364000000,8324266000000,19755000,62000,13000,8000,14000,8324370000000,8324371000000,8324372000000,8324386000000,8324399000000,364574000,733000,13000,194000,14532000
1791427215,898517035,1498,1617942128,D,N,258332000000,258331000000,258328000000,258324000000,258323000000,53430000,55090000,200000,4780000,860000,258333000000,258336000000,258337000000,258341000000,258342000000,5294720000,2630420000,804360000,1688340000,3424890000
1791427215,899177866,1499,1617942128,S,N,258332000000,258331000000,258328000000,258324000000,258323000000,53430000,55090000,200000,4780000,860000,258333000000,258336000000,258337000000,258341000000,258342000000,5294720000,2630420000,804360000,1688340000,3424890000
1791427215,956060549,1500,1747767917,D,N,8324137000000,8324136000000,8324135000000,8324077000000,8324040000000,20606000,62000,13000,8000,7000,8324138000000,8324139000000,8324140000000,8324236000000,8324237000000,750059000,23000,13000,168761000,67649000
1791427215,974210645,1501,1617942128,D,N,258296000000,258295000000,258293000000,258292000000,258291000000,875080000,800000,620000,103930000,400000,258297000000,258298000000,258299000000,258310000000,258313000000,5055160000,390000,390000,200000,4000000
1791427215,976092999,1502,1617942128,S,N,258296000000,258295000000,258293000000,258292000000,258291000000,875080000,800000,620000,103930000,400000,258297000000,258298000000,258299000000,258310000000,258313000000,5055160000,390000,390000,200000,4000000
1791427216,66735620,1503,1747767917,D,N,8323717000000,8323716000000,8323675000000,8323614000000,8323601000000,73710000,1248000,8000,7000,7000,8323718000000,8323719000000,8323720000000,8323800000000,8323801000000,737754000,13000,13000,30054000,161614000
1791427216,68549780,1504,1617942128,D,N,258296000000,258295000000,258294000000,258293000000,258292000000,693850000,600000,19210000,620000,43550000,258297000000,258298000000,258299000000,258302000000,258305000000,4399180000,390000,390000,4000000,15620000
1791427216,69362923,1505,1617942128,S,N,258296000000,258295000000,258294000000,258293000000,258292000000,693850000,600000,19210000,620000,43550000,258297000000,258298000000,258299000000,258302000000,258305000000,4399180000,390000,390000,4000000,15620000
1791427216,147530156,1506,1747767917,D,N,8323717000000,8323716000000,8323675000000,8323614000000,8323601000000,91821000,1262000,8000,7000,7000,8323718000000,8323719000000,8323720000000,8323800000000,8323801000000,639382000,13000,13000,30054000,161614000
1791427216,148814791,1507,1617942128,D,N,258296000000,258295000000,258294000000,258293000000,258292000000,1685300000,5900000,19210000,620000,43970000,258297000000,258298000000,258299000000,258302000000,258304000000,4401580000,390000,390000,4000000,420000
1791427216,150607457,1508,1617942128,S,N,258296000000,258295000000,258294000000,258293000000,258292000000,1685300000,5900000,19210000,620000,43970000,258297000000,258298000000,258299000000,258302000000,258304000000,4401580000,390000,390000,4000000,420000
1791427216,247195607,1509,1747767917,D,N,8323717000000,8323716000000,8323675000000,8323614000000,8323601000000,91821000,1262000,8000,7000,7000,8323718000000,8323719000000,8323720000000,8323800000000,8323801000000,639375000,13000,13000,30054000,126062000
1791427216,249624973,1510,1617942128,D,N,258296000000,258295000000,258294000000,258293000000,258292000000,3005760000,5900000,19210000,620000,43970000,258297000000,258298000000,258299000000,258302000000,258304000000,4012400000,390000,390000,4000000,420000
1791427216,252276993,1511,1617942128,S,N,258296000000,258295000000,258294000000,258293000000,258292000000,3005760000,5900000,19210000,620000,43970000,258297000000,258298000000,258299000000,258302000000,258304000000,4012400000,390000,390000,4000000,420000
1791427216,342663059,1512,1747767917,D,N,8323717000000,8323716000000,8323675000000,8323614000000,8323601000000,91821000,1262000,8000,7000,7000,8323718000000,8323719000000,8323720000000,8323800000000,8323801000000,657835000,13000,13000,30054000,126062000
1791427216,344226427,1513,1617942128,D,N,258296000000,258295000000,258294000000,258293000000,258292000000,3005760000,5900000,19410000,620000,43970000,258297000000,258298000000,258299000000,258302000000,258304000000,4012400000,390000,390000,4000000,420000
1791427216,345281276,1514,1617942128,S,N,258296000000,258295000000,258294000000,258293000000,258292000000,3005760000,5900000,19410000,620000,43970000,258297000000,258298000000,258299000000,258302000000,258304000000,4012400000,390000,390000,4000000,420000
1791427216,450108908,1515,1747767917,D,N,8323717000000,8323716000000,8323675000000,8323614000000,8323601000000,124259000,1262000,8000,7000,7000,8323718000000,8323719000000,8323720000000,8323800000000,8323801000000,657835000,13000,13000,30054000,126062000
1791427216,452549900,1516,1617942128,D,N,258296000000,258295000000,258294000000,258293000000,258292000000,3005760000,5900000,19410000,620000,43970000,258297000000,258298000000,258299000000,258302000000,258304000000,4012400000,390000,390000,4000000,420000
1791427216,454829690,1517,1617942128,S,N,258296000000,258295000000,258294000000,258293000000,258292000000,3005760000,5900000,19410000,620000,43970000,258297000000,258298000000,258299000000,258302000000,258304000000,4012400000,390000,390000,4000000,420000
1791427216,537340687,1518,1747767917,D,N,8323717000000,8323716000000,8323675000000,8323614000000,8323601000000,124266000,1262000,8000,7000,7000,8323718000000,8323719000000,8323720000000,8323800000000,8323801000000,657971000,13000,13000,30054000,126062000
1791427216,538756922,1519,1617942128,D,N,258296000000,258295000000,258294000000,258293000000,258292000000,3005760000,5900000,19410000,620000,43970000,258297000000,258298000000,258299000000,258302000000,258304000000,4012400000,390000,390000,4000000,420000
1791427216,539901848,1520,1617942128,S,N,258296000000,258295000000,258294000000,258293000000,258292000000,3005760000,5900000,19410000,620000,43970000,258297000000,258298000000,258299000000,258302000000,258304000000,4012400000,390000,390000,4000000,420000
1791427216,636248976,1521,1747767917,D,N,8323717000000,8323716000000,8323675000000,8323614000000,8323601000000,124259000,1262000,8000,7000,7000,8323718000000,8323719000000,8323720000000,8323799000000,8323800000000,643325000,13000,13000,7000,30061000
1791427216,639245480,1522,1617942128,D,N,258296000000,258295000000,258294000000,258293000000,258292000000,3012920000,5900000,19410000,620000,43970000,258297000000,258298000000,258299000000,258302000000,258304000000,4010000000,390000,390000,4000000,420000
1791427216,642139108,1523,1617942128,S,N,258296000000,258295000000,258294000000,258293000000,258292000000,3012920000,5900000,19410000,620000,43970000,258297000000,258298000000,258299000000,258302000000,258304000000,4010000000,390000,390000,4000000,420000
1791427216,734626763,1524,1747767917,D,N,8323717000000,8323716000000,8323675000000,8323614000000,8323601000000,124266000,1269000,8000,7000,7000,8323718000000,8323719000000,8323720000000,8323799000000,8323800000000,643325000,13000,13000,7000,30061000
1791427216,737283081,1525,1617942128,D,N,258296000000,258295000000,258294000000,258293000000,258292000000,3012920000,5900000,19410000,620000,43970000,258297000000,258298000000,258299000000,258302000000,258304000000,4010000000,390000,390000,4000000,420000
1791427216,739354285,1526,1617942128,S,N,258296000000,258295000000,258294000000,258293000000,258292000000,3012920000,5900000,19410000,620000,43970000,258297000000,258298000000,258299000000,258302000000,258304000000,4010000000,390000,390000,4000000,420000
1791427216,832084720,1527,1747767917,S,N,8323717000000,8323716000000,8323675000000,8323614000000,8323601000000,124266000,1269000,8000,7000,7000,8323718000000,8323719000000,8323720000000,8323799000000,8323800000000,643325000,13000,13000,7000,30061000
1791427216,835259133,1528,1747767917,D,N,8323717000000,8323716000000,8323675000000,8323614000000,8323601000000,124266000,1269000,8000,7000,7000,8323718000000,8323719000000,8323720000000,8323799000000,8323800000000,643325000,13000,13000,7000,30061000
1791427216,837811501,1529,1617942128,D,N,258296000000,258295000000,258294000000,258293000000,258292000000,3012920000,5900000,19410000,620000,43970000,258297000000,258298000000,258299000000,258302000000,258304000000,4010000000,390000,390000,4000000,420000
1791427216,840342277,1530,1617942128,S,N,258296000000,258295000000,258294000000,258293000000,258292000000,3012920000,5900000,19410000,620000,43970000,258297000000,258298000000,258299000000,258302000000,258304000000,4010000000,390000,390000,4000000,420000
1791427216,930195632,1531,1747767917,S,N,8323717000000,8323716000000,8323675000000,8323614000000,8323601000000,124266000,1269000,8000,7000,7000,8323718000000,8323719000000,8323720000000,8323799000000,8323800000000,643325000,13000,13000,7000,30061000
1791427216,933097532,1532,1747767917,D,N,8323717000000,8323716000000,8323675000000,8323614000000,8323601000000,124266000,1269000,8000,7000,7000,8323718000000,8323719000000,8323720000000,8323799000000,8323800000000,643325000,13000,13000,7000,30061000
1791427216,935732932,1533,1617942128,D,N,258296000000,258295000000,258294000000,258293000000,258292000000,3012830000,6290000,19800000,620000,43970000,258297000000,258298000000,258299000000,258302000000,258304000000,4010000000,390000,390000,4000000,420000
1791427216,938704332,1534,1617942128,S,N,258296000000,258295000000,258294000000,258293000000,258292000000,3012830000,6290000,19800000,620000,43970000,258297000000,258298000000,258299000000,258302000000,258304000000,4010000000,390000,390000,4000000,420000
1791427217,29213432,1535,1747767917,D,N,8323717000000,8323716000000,8323675000000,8323614000000,8323601000000,124266000,1269000,8000,7000,7000,8323718000000,8323719000000,8323720000000,8323799000000,8323800000000,647325000,13000,13000,7000,30061000
1791427217,30222932,1536,1617942128,D,N,258296000000,258295000000,258294000000,258293000000,258292000000,3012830000,6290000,19800000,620000,43970000,258297000000,258298000000,258299000000,258302000000,258304000000,4010000000,390000,390000,4000000,420000
1791427217,33182532,1537,1617942128,S,N,258296000000,258295000000,258294000000,258293000000,258292000000,3012830000,6290000,19800000,620000,43970000,258297000000,258298000000,258299000000,258302000000,258304000000,4010000000,390000,390000,4000000,420000
1791427217,136128032,1538,1747767917,D,N,8323717000000,8323716000000,8323675000000,8323614000000,8323601000000,123073000,1269000,8000,7000,7000,8323718000000,8323719000000,8323720000000,8323799000000,8323800000000,647325000,13000,13000,7000,30061000
1791427217,137040332,1539,1617942128,D,N,258296000000,258295000000,258294000000,258293000000,258292000000,3012830000,6290000,19800000,620000,375340000,258297000000,258298000000,258299000000,258302000000,258304000000,4010000000,390000,390000,4000000,420000
1791427217,137817232,1540,1617942128,S,N,258296000000,258295000000,258294000000,258293000000,258292000000,3012830000,6290000,19800000,620000,375340000,258297000000,258298000000,258299000000,258302000000,258304000000,4010000000,390000,390000,4000000,420000
1791427217,253975232,1541,1747767917,S,N,8323717000000,8323716000000,8323675000000,8323614000000,8323601000000,123073000,1269000,8000,7000,7000,8323718000000,8323719000000,8323720000000,8323799000000,8323800000000,647325000,13000,13000,7000,30061000
1791427217,255466032,1542,1747767917,D,N,8323717000000,8323716000000,8323675000000,8323614000000,8323601000000,123073000,1269000,8000,7000,7000,8323718000000,8323719000000,8323720000000,8323799000000,8323800000000,647325000,13000,13000,7000,30061000
1791427217,256750732,1543,1617942128,D,N,258296000000,258295000000,258294000000,258293000000,258292000000,3012830000,6290000,19800000,620000,375340000,258297000000,258298000000,258299000000,258302000000,258304000000,4010000000,390000,390000,4000000,420000
1791427217,257839532,1544,1617942128,S,N,258296000000,258295000000,258294000000,258293000000,258292000000,3012830000,6290000,19800000,620000,375340000,258297000000,258298000000,258299000000,258302000000,258304000000,4010000000,390000,390000,4000000,420000
1791427217,357250832,1545,1747767917,D,N,8323717000000,8323716000000,8323675000000,8323614000000,8323601000000,123223000,1269000,8000,7000,7000,8323718000000,8323719000000,8323720000000,8323799000000,8323800000000,643972000,13000,13000,7000,30061000
1791427217,358284432,1546,1617942128,D,N,258296000000,258295000000,258294000000,258293000000,258292000000,3112830000,6290000,19800000,620000,375340000,258297000000,258298000000,258299000000,258302000000,258304000000,3740000000,390000,390000,4000000,420000
1791427217,359295632,1547,1617942128,S,N,258296000000,258295000000,258294000000,258293000000,258292000000,3112830000,6290000,19800000,620000,375340000,258297000000,258298000000,258299000000,258302000000,258304000000,3740000000,390000,390000,4000000,420000
1791427217,430026032,1548,1747767917,D,N,8323717000000,8323716000000,8323705000000,8323675000000,8323614000000,308911000,1269000,19168000,8000,7000,8323718000000,8323719000000,8323720000000,8323799000000,8323800000000,561416000,13000,13000,7000,30061000
1791427217,431187532,1549,1617942128,D,N,258296000000,258295000000,258294000000,258293000000,258292000000,3136230000,5890000,19800000,620000,1327230000,258297000000,258298000000,258299000000,258304000000,258305000000,1873500000,390000,390000,420000,16040000
1791427217,432235332,1550,1617942128,S,N,258296000000,258295000000,258294000000,258293000000,258292000000,3136230000,5890000,19800000,620000,1327230000,258297000000,258298000000,258299000000,258304000000,258305000000,1873500000,390000,390000,420000,16040000
1791427217,536071132,1551,1747767917,D,N,8323717000000,8323716000000,8323707000000,8323706000000,8323705000000,522655000,1269000,7000,8389000,19168000,8323718000000,8323719000000,8323720000000,8323799000000,8323800000000,88549000,13000,13000,7000,30061000
1791427217,537993632,1552,1617942128,D,N,258298000000,258297000000,258296000000,258295000000,258294000000,7283220000,2244590000,1337410000,5080000,19410000,258299000000,258304000000,258305000000,258308000000,258310000000,800000,420000,15620000,200000,620000
1791427217,539390832,1553,1617942128,S,N,258298000000,258297000000,258296000000,258295000000,258294000000,7283220000,2244590000,1337410000,5080000,19410000,258299000000,258304000000,258305000000,258308000000,258310000000,800000,420000,15620000,200000,620000
1791427217,641723932,1554,1747767917,D,N,8323717000000,8323716000000,8323707000000,8323706000000,8323705000000,522751000,1269000,7000,8389000,19168000,8323718000000,8323719000000,8323720000000,8323799000000,8323800000000,105359000,13000,13000,7000,30061000
1791427217,642857432,1555,1617942128,D,N,258298000000,258297000000,258296000000,258295000000,258294000000,7297760000,2244590000,1326210000,25080000,19410000,258299000000,258304000000,258305000000,258308000000,258310000000,1000000,420000,15620000,200000,620000
1791427217,644087032,1556,1617942128,S,N,258298000000,258297000000,258296000000,258295000000,258294000000,7297760000,2244590000,1326210000,25080000,19410000,258299000000,258304000000,258305000000,258308000000,258310000000,1000000,420000,15620000,200000,620000
1791427217,730607832,1557,1747767917,D,N,8323717000000,8323716000000,8323715000000,8323707000000,8323706000000,522892000,1282000,13000,7000,8389000,8323718000000,8323719000000,8323720000000,8323759000000,8323799000000,118847000,13000,13000,17200000,7000
1791427217,731590632,1558,1617942128,D,N,258298000000,258297000000,258296000000,258295000000,258294000000,7297760000,1974590000,1056210000,25080000,19410000,258299000000,258304000000,258305000000,258308000000,258310000000,1000000,420000,15620000,200000,620000
1791427217,732485132,1559,1617942128,S,N,258298000000,258297000000,258296000000,258295000000,258294000000,7297760000,1974590000,1056210000,25080000,19410000,258299000000,258304000000,258305000000,258308000000,258310000000,1000000,420000,15620000,200000,620000
1791427217,854059432,1560,1747767917,D,N,8323717000000,8323716000000,8323715000000,8323707000000,8323706000000,522853000,1261000,13000,7000,8389000,8323718000000,8323719000000,8323720000000,8323758000000,8323759000000,59735000,13000,13000,7000,17200000
1791427217,856844932,1561,1617942128,D,N,258298000000,258297000000,258296000000,258295000000,258294000000,7297760000,1974590000,1056210000,25080000,19410000,258299000000,258304000000,258305000000,258308000000,258310000000,1000000,420000,15620000,200000,620000
1791427217,859669532,1562,1617942128,S,N,258298000000,258297000000,258296000000,258295000000,258294000000,7297760000,1974590000,1056210000,25080000,19410000,258299000000,258304000000,258305000000,258308000000,258310000000,1000000,420000,15620000,200000,620000
1791427217,996961732,1563,1747767917,D,N,8323717000000,8323716000000,8323715000000,8323707000000,8323706000000,548040000,1261000,13000,7000,8389000,8323718000000,8323719000000,8323720000000,8323758000000,8323759000000,78323000,13000,13000,7000,17200000
1791427217,999642832,1564,1617942128,D,N,258298000000,258297000000,258296000000,258295000000,258294000000,7701600000,1974590000,1056210000,5080000,19410000,258299000000,258304000000,258305000000,258308000000,258310000000,700000,420000,15620000,200000,620000
1791427218,2774432,1565,1617942128,S,N,258298000000,258297000000,258296000000,258295000000,258294000000,7701600000,1974590000,1056210000,5080000,19410000,258299000000,258304000000,258305000000,258308000000,258310000000,700000,420000,15620000,200000,620000
1791427218,51213832,1566,1747767917,D,N,8323717000000,8323716000000,8323715000000,8323707000000,8323706000000,551658000,1261000,13000,7000,8389000,8323718000000,8323719000000,8323720000000,8323758000000,8323759000000,77542000,13000,13000,7000,17200000
1791427218,52802732,1567,1617942128,D,N,258298000000,258297000000,258296000000,258295000000,258294000000,7701600000,1974590000,1056010000,5080000,19410000,258299000000,258304000000,258305000000,258308000000,258310000000,700000,420000,15620000,200000,620000
1791427218,54334332,1568,1617942128,S,N,258298000000,258297000000,258296000000,258295000000,258294000000,7701600000,1974590000,1056010000,5080000,19410000,258299000000,258304000000,258305000000,258308000000,258310000000,700000,420000,15620000,200000,620000
1791427218,152873232,1569,1747767917,D,N,8323758000000,8323757000000,8323756000000,8323719000000,8323718000000,976004000,13000,13000,169732000,281927000,8323759000000,8323800000000,8323801000000,8323810000000,8323814000000,105000,7000,1800000,8000,7000
1791427218,153916432,1570,1617942128,D,N,258344000000,258343000000,258342000000,258341000000,258340000000,3340290000,390000,390000,420000,23000000,258345000000,258346000000,258349000000,258350000000,258351000000,2941150000,500000,1060000,258230000,280000
1791427218,155120332,1571,1617942128,S,N,258344000000,258343000000,258342000000,258341000000,258340000000,3340290000,390000,390000,420000,23000000,258345000000,258346000000,258349000000,258350000000,258351000000,2941150000,500000,1060000,258230000,280000
1791427218,253066112,1572,1747767917,D,N,8323758000000,8323757000000,8323756000000,8323719000000,8323718000000,976247000,62000,13000,123267000,172814000,8323759000000,8323800000000,8323801000000,8323810000000,8323814000000,57000,7000,1800000,8000,7000
1791427218,254991059,1573,1617942128,D,N,258344000000,258343000000,258342000000,258341000000,258340000000,3351490000,810000,24280000,420000,23000000,258345000000,258346000000,258349000000,258350000000,258351000000,3320440000,500000,1060000,258230000,280000
1791427218,257148248,1574,1617942128,S,N,258344000000,258343000000,258342000000,258341000000,258340000000,3351490000,810000,24280000,420000,23000000,258345000000,258346000000,258349000000,258350000000,258351000000,3320440000,500000,1060000,258230000,280000
1791427218,364735227,1575,1747767917,D,N,8323758000000,8323757000000,8323756000000,8323719000000,8323718000000,976184000,13000,13000,123267000,172814000,8323759000000,8323800000000,8323801000000,8323810000000,8323814000000,57000,7000,1800000,8000,7000
1791427218,366777521,1576,1617942128,D,N,258344000000,258343000000,258342000000,258341000000,258340000000,3149670000,810000,24280000,420000,23000000,258345000000,258346000000,258349000000,258350000000,258351000000,3322820000,500000,1060000,258230000,280000
1791427218,368922446,1577,1617942128,S,N,258344000000,258343000000,258342000000,258341000000,258340000000,3149670000,810000,24280000,420000,23000000,258345000000,258346000000,258349000000,258350000000,258351000000,3322820000,500000,1060000,258230000,280000
1791427218,446132856,1578,1747767917,D,N,8323758000000,8323757000000,8323756000000,8323719000000,8323718000000,976191000,13000,13000,123267000,172814000,8323759000000,8323800000000,8323801000000,8323810000000,8323814000000,57000,7000,1800000,8000,7000
1791427218,448096952,1579,1617942128,D,N,258344000000,258343000000,258342000000,258341000000,258340000000,3149670000,810000,24280000,420000,23000000,258345000000,258346000000,258349000000,258350000000,258351000000,3322820000,500000,1060000,258230000,280000
1791427218,449746094,1580,1617942128,S,N,258344000000,258343000000,258342000000,258341000000,258340000000,3149670000,810000,24280000,420000,23000000,258345000000,258346000000,258349000000,258350000000,258351000000,3322820000,500000,1060000,258230000,280000
1791427218,562640094,1581,1747767917,D,N,8323758000000,8323757000000,8323756000000,8323719000000,8323718000000,976198000,13000,13000,123267000,172814000,8323759000000,8323800000000,8323801000000,8323810000000,8323814000000,57000,7000,1800000,8000,7000
1791427218,564793555,1582,1617942128,D,N,258344000000,258343000000,258342000000,258341000000,258340000000,3149670000,810000,24280000,420000,23200000,258345000000,258346000000,258349000000,258350000000,258351000000,3322820000,500000,1060000,258230000,280000
1791427218,566485083,1583,1617942128,S,N,258344000000,258343000000,258342000000,258341000000,258340000000,3149670000,810000,24280000,420000,23200000,258345000000,258346000000,258349000000,258350000000,258351000000,3322820000,500000,1060000,258230000,280000
1791427218,705594925,1584,1747767917,D,N,8323758000000,8323757000000,8323756000000,8323719000000,8323718000000,975597000,13000,13000,123267000,172814000,8323759000000,8323800000000,8323801000000,8323810000000,8323814000000,57000,7000,1800000,8000,7000
1791427218,708095816,1585,1617942128,D,N,258344000000,258343000000,258342000000,258341000000,258340000000,3156830000,810000,24280000,420000,23200000,258345000000,258346000000,258347000000,258349000000,258350000000,3322820000,920000,43940000,1060000,258230000
1791427218,710185500,1586,1617942128,S,N,258344000000,258343000000,258342000000,258341000000,258340000000,3156830000,810000,24280000,420000,23200000,258345000000,258346000000,258347000000,258349000000,258350000000,3322820000,920000,43940000,1060000,258230000
1791427218,785627852,1587,1747767917,S,N,8323758000000,8323757000000,8323756000000,8323719000000,8323718000000,975597000,13000,13000,123267000,172814000,8323759000000,8323800000000,8323801000000,8323810000000,8323814000000,57000,7000,1800000,8000,7000
1791427218,788874035,1588,1747767917,D,N,8323758000000,8323757000000,8323756000000,8323719000000,8323718000000,975597000,13000,13000,123267000,172814000,8323759000000,8323800000000,8323801000000,8323810000000,8323814000000,57000,7000,1800000,8000,7000
1791427218,791208913,1589,1617942128,D,N,258344000000,258343000000,258342000000,258341000000,258340000000,2669080000,1410000,24280000,420000,23200000,258345000000,258346000000,258347000000,258349000000,258350000000,3322220000,720000,43940000,1060000,258230000
1791427218,793616594,1590,1617942128,S,N,258344000000,258343000000,258342000000,258341000000,258340000000,2669080000,1410000,24280000,420000,23200000,258345000000,258346000000,258347000000,258349000000,258350000000,3322220000,720000,43940000,1060000,258230000
1791427218,819483042,1591,1747767917,D,N,8323758000000,8323757000000,8323756000000,8323719000000,8323718000000,975688000,62000,13000,123267000,170512000,8323759000000,8323760000000,8323800000000,8323801000000,8323810000000,89624000,42000,7000,1800000,8000
1791427218,822327340,1592,1617942128,D,N,258344000000,258343000000,258342000000,258341000000,258340000000,2399280000,1410000,24280000,420000,23200000,258345000000,258346000000,258347000000,258349000000,258350000000,3342220000,720000,43940000,1060000,258230000
1791427218,825337554,1593,1617942128,S,N,258344000000,258343000000,258342000000,258341000000,258340000000,2399280000,1410000,24280000,420000,23200000,258345000000,258346000000,258347000000,258349000000,258350000000,3342220000,720000,43940000,1060000,258230000
1791427218,916934293,1594,1747767917,D,N,8323758000000,8323757000000,8323756000000,8323720000000,8323719000000,975087000,62000,13000,7000,123274000,8323759000000,8323760000000,8323800000000,8323801000000,8323810000000,89644000,49000,7000,1800000,8000
1791427218,919289285,1595,1617942128,D,N,258344000000,258343000000,258342000000,258341000000,258340000000,2225810000,1410000,24280000,420000,23200000,258345000000,258346000000,258347000000,258349000000,258350000000,3342610000,1110000,44330000,1060000,258230000
1791427218,921633876,1596,1617942128,S,N,258344000000,258343000000,258342000000,258341000000,258340000000,2225810000,1410000,24280000,420000,23200000,258345000000,258346000000,258347000000,258349000000,258350000000,3342610000,1110000,44330000,1060000,258230000
1791427219,16218949,1597,1747767917,D,N,8323758000000,8323757000000,8323756000000,8323720000000,8323719000000,978691000,62000,13000,7000,123274000,8323759000000,8323760000000,8323800000000,8323801000000,8323810000000,106078000,49000,7000,1800000,8000
1791427219,19151945,1598,1617942128,D,N,258344000000,258343000000,258342000000,258341000000,258340000000,2225810000,1410000,24280000,420000,23200000,258345000000,258346000000,258347000000,258349000000,258350000000,3342610000,1110000,44330000,1060000,258230000
1791427219,21407349,1599,1617942128,S,N,258344000000,258343000000,258342000000,258341000000,258340000000,2225810000,1410000,24280000,420000,23200000,258345000000,258346000000,258347000000,258349000000,258350000000,3342610000,1110000,44330000,1060000,258230000
1791427219,113601716,1600,1747767917,D,N,8323758000000,8323757000000,8323756000000,8323720000000,8323719000000,978691000,62000,13000,7000,123274000,8323759000000,8323760000000,8323800000000,8323801000000,8323804000000,106085000,49000,7000,1800000,7000
1791427219,115743010,1601,1617942128,D,N,258344000000,258343000000,258342000000,258341000000,258340000000,2225810000,1410000,24280000,420000,23200000,258345000000,258346000000,258347000000,258349000000,258350000000,3342610000,1110000,44330000,1060000,258230000
1791427219,118325239,1602,1617942128,S,N,258344000000,258343000000,258342000000,258341000000,258340000000,2225810000,1410000,24280000,420000,23200000,258345000000,258346000000,258347000000,258349000000,258350000000,3342610000,1110000,44330000,1060000,258230000
1791427219,212471535,1603,1747767917,D,N,8323758000000,8323757000000,8323756000000,8323720000000,8323719000000,978691000,62000,13000,7000,123274000,8323759000000,8323760000000,8323800000000,8323801000000,8323804000000,70873000,56000,7000,1800000,7000
1791427219,214051603,1604,1617942128,D,N,258344000000,258343000000,258342000000,258341000000,258340000000,2225810000,1410000,24280000,420000,23200000,258345000000,258346000000,258347000000,258349000000,258350000000,3342610000,1110000,44330000,1060000,258230000
1791427219,215432200,1605,1617942128,S,N,258344000000,258343000000,258342000000,258341000000,258340000000,2225810000,1410000,24280000,420000,23200000,258345000000,258346000000,258347000000,258349000000,258350000000,3342610000,1110000,44330000,1060000,258230000
1791427219,308878533,1606,1747767917,D,N,8323758000000,8323757000000,8323756000000,8323720000000,8323719000000,978600000,13000,13000,7000,123274000,8323759000000,8323760000000,8323800000000,8323801000000,8323810000000,18446000,49000,7000,2800000,8000
1791427219,316302026,1607,1617942128,D,N,258344000000,258343000000,258342000000,258341000000,258340000000,2413950000,1410000,24280000,420000,23200000,258345000000,258346000000,258347000000,258349000000,258350000000,3342610000,1110000,44330000,1060000,258230000
1791427219,317257877,1608,1617942128,S,N,258344000000,258343000000,258342000000,258341000000,258340000000,2413950000,1410000,24280000,420000,23200000,258345000000,258346000000,258347000000,258349000000,258350000000,3342610000,1110000,44330000,1060000,258230000
1791427219,411248756,1609,1747767917,D,N,8323758000000,8323757000000,8323756000000,8323720000000,8323719000000,978600000,13000,13000,7000,123274000,8323759000000,8323760000000,8323800000000,8323801000000,8323810000000,89401000,56000,7000,2807000,8000
1791427219,412279078,1610,1617942128,D,N,258344000000,258343000000,258342000000,258341000000,258340000000,2406790000,1410000,24280000,420000,23200000,258345000000,258346000000,258347000000,258349000000,258350000000,3342610000,1110000,44330000,1060000,258230000
1791427219,413204905,1611,1617942128,S,N,258344000000,258343000000,258342000000,258341000000,258340000000,2406790000,1410000,24280000,420000,23200000,258345000000,258346000000,258347000000,258349000000,258350000000,3342610000,1110000,44330000,1060000,258230000
1791427219,507573533,1612,1747767917,D,N,8323758000000,8323757000000,8323756000000,8323720000000,8323719000000,978600000,13000,13000,7000,123274000,8323759000000,8323760000000,8323800000000,8323801000000,8323810000000,105443000,56000,7000,2807000,8000
1791427219,508389469,1613,1617942128,D,N,258344000000,258343000000,258342000000,258341000000,258340000000,2406790000,1410000,24280000,420000,23200000,258345000000,258346000000,258347000000,258349000000,258350000000,3342610000,1110000,44330000,1060000,258230000
1791427219,509133094,1614,1617942128,S,N,258344000000,258343000000,258342000000,258341000000,258340000000,2406790000,1410000,24280000,420000,23200000,258345000000,258346000000,258347000000,258349000000,258350000000,3342610000,1110000,44330000,1060000,258230000
1791427219,604791267,1615,1747767917,D,N,8323758000000,8323757000000,8323756000000,8323720000000,8323719000000,978600000,13000,13000,7000,123274000,8323759000000,8323760000000,8323800000000,8323801000000,8323810000000,70258000,56000,7000,2807000,8000
1791427219,606721807,1616,1617942128,D,N,258344000000,258343000000,258342000000,258341000000,258340000000,2406790000,1410000,24280000,420000,23200000,258345000000,258346000000,258347000000,258349000000,258350000000,3342610000,1110000,44330000,1060000,258230000
1791427219,608568555,1617,1617942128,S,N,258344000000,258343000000,258342000000,258341000000,258340000000,2406790000,1410000,24280000,420000,23200000,258345000000,258346000000,258347000000,258349000000,258350000000,3342610000,1110000,44330000,1060000,258230000
1791427219,701595833,1618,1747767917,D,N,8323758000000,8323757000000,8323756000000,8323720000000,8323719000000,978514000,13000,13000,7000,123274000,8323759000000,8323760000000,8323761000000,8323800000000,8323801000000,70271000,69000,13000,7000,2807000
1791427219,703459261,1619,1617942128,D,N,258344000000,258343000000,258342000000,258341000000,258340000000,2406790000,1410000,24280000,420000,23200000,258345000000,258346000000,258347000000,258349000000,258350000000,3342610000,1110000,44330000,1060000,258230000
1791427219,705381363,1620,1617942128,S,N,258344000000,258343000000,258342000000,258341000000,258340000000,2406790000,1410000,24280000,420000,23200000,258345000000,258346000000,258347000000,258349000000,258350000000,3342610000,1110000,44330000,1060000,258230000
1791427219,810175848,1621,1747767917,D,N,8323758000000,8323757000000,8323756000000,8323720000000,8323719000000,978514000,13000,13000,7000,123274000,8323759000000,8323760000000,8323761000000,8323800000000,8323801000000,54209000,69000,13000,7000,2807000
1791427219,812419380,1622,1617942128,D,N,258344000000,258343000000,258342000000,258341000000,258340000000,3906790000,1410000,24280000,420000,23200000,258345000000,258346000000,258347000000,258349000000,258350000000,3342610000,1110000,44330000,1060000,258230000
1791427219,814829022,1623,1617942128,S,N,258344000000,258343000000,258342000000,258341000000,258340000000,3906790000,1410000,24280000,420000,23200000,258345000000,258346000000,258347000000,258349000000,258350000000,3342610000,1110000,44330000,1060000,258230000
1791427219,909658601,1624,1747767917,D,N,8323758000000,8323757000000,8323756000000,8323720000000,8323719000000,977913000,13000,13000,7000,7000,8323759000000,8323760000000,8323761000000,8323800000000,8323801000000,229000,69000,13000,7000,2807000
1791427219,911325012,1625,1617942128,D,N,258344000000,258343000000,258342000000,258341000000,258340000000,4176790000,1410000,24280000,420000,23200000,258345000000,258346000000,258347000000,258349000000,258350000000,3381310000,1110000,44330000,1060000,258230000
1791427219,912580216,1626,1617942128,S,N,258344000000,258343000000,258342000000,258341000000,258340000000,4176790000,1410000,24280000,420000,23200000,258345000000,258346000000,258347000000,258349000000,258350000000,3381310000,1110000,44330000,1060000,258230000
1791427219,994195566,1627,1747767917,D,N,8323827000000,8323826000000,8323825000000,8323800000000,8323759000000,821056000,135458000,13000,106290000,77965000,8323828000000,8323829000000,8323859000000,8323878000000,8323879000000,86014000,42000,194000,7000,14532000
1791427219,995042605,1628,1617942128,D,N,258344000000,258343000000,258342000000,258341000000,258340000000,4176790000,1410000,24280000,420000,23200000,258345000000,258346000000,258347000000,258349000000,258350000000,3381310000,1110000,44330000,1060000,258230000
1791427219,998098345,1629,1617942128,S,N,258344000000,258343000000,258342000000,258341000000,258340000000,4176790000,1410000,24280000,420000,23200000,258345000000,258346000000,258347000000,258349000000,258350000000,3381310000,1110000,44330000,1060000,258230000
1791427220,92963050,1630,1747767917,D,N,8323827000000,8323826000000,8323825000000,8323800000000,8323759000000,825535000,135458000,13000,106290000,77965000,8323828000000,8323829000000,8323859000000,8323878000000,8323879000000,86021000,42000,194000,7000,14532000
1791427220,94110424,1631,1617942128,D,N,258344000000,258343000000,258342000000,258341000000,258340000000,4176790000,1410000,24280000,420000,23200000,258345000000,258346000000,258347000000,258349000000,258350000000,3381310000,1110000,44330000,1060000,258230000
1791427220,95123477,1632,1617942128,S,N,258344000000,258343000000,258342000000,258341000000,258340000000,4176790000,1410000,24280000,420000,23200000,258345000000,258346000000,258347000000,258349000000,258350000000,3381310000,1110000,44330000,1060000,258230000
1791427220,193861918,1633,1617942128,D,N,258344000000,258343000000,258342000000,258341000000,258340000000,3906790000,1410000,24280000,420000,23200000,258345000000,258346000000,258347000000,258349000000,258350000000,3420020000,1110000,44330000,1060000,258230000
1791427220,194872126,1634,1747767917,D,N,8323827000000,8323826000000,8323825000000,8323801000000,8323800000000,959182000,135458000,13000,7000,106283000,8323828000000,8323829000000,8323859000000,8323878000000,8323879000000,10661000,42000,194000,7000,14532000
1791427220,195897933,1635,1617942128,S,N,258344000000,258343000000,258342000000,258341000000,258340000000,3906790000,1410000,24280000,420000,23200000,258345000000,258346000000,258347000000,258349000000,258350000000,3420020000,1110000,44330000,1060000,258230000
1791427220,291904223,1636,1747767917,S,N,8323827000000,8323826000000,8323825000000,8323801000000,8323800000000,959182000,135458000,13000,7000,106283000,8323828000000,8323829000000,8323859000000,8323878000000,8323879000000,10661000,42000,194000,7000,14532000
1791427220,293136272,1637,1747767917,D,N,8323827000000,8323826000000,8323825000000,8323801000000,8323800000000,959182000,135458000,13000,7000,106283000,8323828000000,8323829000000,8323859000000,8323878000000,8323879000000,10661000,42000,194000,7000,14532000
1791427220,294142751,1638,1617942128,D,N,258344000000,258343000000,258342000000,258341000000,258340000000,3906790000,1410000,24280000,420000,23200000,258345000000,258346000000,258347000000,258349000000,258350000000,3420020000,1110000,44330000,1060000,258230000
1791427220,295055136,1639,1617942128,S,N,258344000000,258343000000,258342000000,258341000000,258340000000,3906790000,1410000,24280000,420000,23200000,258345000000,258346000000,258347000000,258349000000,258350000000,3420020000,1110000,44330000,1060000,258230000
1791427220,390464191,1640,1747767917,D,N,8323827000000,8323826000000,8323825000000,8323801000000,8323800000000,959182000,135458000,13000,7000,106283000,8323828000000,8323829000000,8323859000000,8323878000000,8323879000000,10535000,42000,194000,7000,14532000
1791427220,392550638,1641,1617942128,D,N,258344000000,258343000000,258342000000,258341000000,258340000000,4183950000,1410000,24280000,420000,23200000,258345000000,258346000000,258347000000,258349000000,258350000000,3420020000,1110000,44330000,1060000,258230000
1791427220,394605884,1642,1617942128,S,N,258344000000,258343000000,258342000000,258341000000,258340000000,4183950000,1410000,24280000,420000,23200000,258345000000,258346000000,258347000000,258349000000,258350000000,3420020000,1110000,44330000,1060000,258230000
1791427220,483855677,1643,1747767917,S,N,8323827000000,8323826000000,8323825000000,8323801000000,8323800000000,959182000,135458000,13000,7000,106283000,8323828000000,8323829000000,8323859000000,8323878000000,8323879000000,10535000,42000,194000,7000,14532000
1791427220,485444674,1644,1747767917,D,N,8323827000000,8323826000000,8323825000000,8323801000000,8323800000000,959182000,135458000,13000,7000,106283000,8323828000000,8323829000000,8323859000000,8323878000000,8323879000000,10535000,42000,194000,7000,14532000
1791427220,486814184,1645,1617942128,D,N,258344000000,258343000000,258342000000,258341000000,258340000000,4183950000,1410000,24280000,420000,23200000,258345000000,258346000000,258347000000,258349000000,258350000000,3420020000,1110000,44330000,1060000,258230000
1791427220,488151806,1646,1617942128,S,N,258344000000,258343000000,258342000000,258341000000,258340000000,4183950000,1410000,24280000,420000,23200000,258345000000,258346000000,258347000000,258349000000,258350000000,3420020000,1110000,44330000,1060000,258230000
1791427220,594884091,1647,1747767917,D,N,8323827000000,8323826000000,8323825000000,8323801000000,8323800000000,959189000,135458000,13000,7000,106283000,8323828000000,8323829000000,8323859000000,8323878000000,8323879000000,10521000,42000,194000,7000,14532000
1791427220,596747618,1648,1617942128,D,N,258344000000,258343000000,258342000000,258341000000,258340000000,4183950000,1410000,24280000,420000,23200000,258345000000,258346000000,258347000000,258349000000,258350000000,3420020000,1110000,44330000,1060000,258230000
1791427220,598260966,1649,1617942128,S,N,258344000000,258343000000,258342000000,258341000000,258340000000,4183950000,1410000,24280000,420000,23200000,258345000000,258346000000,258347000000,258349000000,258350000000,3420020000,1110000,44330000,1060000,258230000
1791427220,681703735,1650,1747767917,S,N,8323827000000,8323826000000,8323825000000,8323801000000,8323800000000,959189000,135458000,13000,7000,106283000,8323828000000,8323829000000,8323859000000,8323878000000,8323879000000,10521000,42000,194000,7000,14532000
1791427220,683329525,1651,1747767917,D,N,8323827000000,8323826000000,8323825000000,8323801000000,8323800000000,959189000,135458000,13000,7000,106283000,8323828000000,8323829000000,8323859000000,8323878000000,8323879000000,10521000,42000,194000,7000,14532000
1791427220,684693933,1652,1617942128,D,N,258344000000,258343000000,258342000000,258341000000,258340000000,4183950000,1410000,24280000,420000,23200000,258345000000,258346000000,258347000000,258349000000,258350000000,3420020000,1110000,44330000,1060000,258230000
1791427220,685895664,1653,1617942128,S,N,258344000000,258343000000,258342000000,258341000000,258340000000,4183950000,1410000,24280000,420000,23200000,258345000000,258346000000,258347000000,258349000000,258350000000,3420020000,1110000,44330000,1060000,258230000
1791427220,780717394,1654,1747767917,D,N,8323827000000,8323826000000,8323825000000,8323801000000,8323800000000,959199000,135458000,13000,7000,106283000,8323828000000,8323829000000,8323983000000,8323984000000,8324000000000,10514000,35000,7000,30061000,7000
1791427220,782217693,1655,1617942128,D,N,258344000000,258343000000,258342000000,258341000000,258340000000,4183950000,1410000,24280000,420000,23200000,258345000000,258346000000,258347000000,258349000000,258350000000,3420020000,1110000,44330000,1060000,258230000
1791427220,783486633,1656,1617942128,S,N,258344000000,258343000000,258342000000,258341000000,258340000000,4183950000,1410000,24280000,420000,23200000,258345000000,258346000000,258347000000,258349000000,258350000000,3420020000,1110000,44330000,1060000,258230000
1791427220,878084265,1657,1747767917,S,N,8323827000000,8323826000000,8323825000000,8323801000000,8323800000000,959199000,135458000,13000,7000,106283000,8323828000000,8323829000000,8323983000000,8323984000000,8324000000000,10514000,35000,7000,30061000,7000
1791427220,879727226,1658,1747767917,D,N,8323827000000,8323826000000,8323825000000,8323801000000,8323800000000,959199000,135458000,13000,7000,106283000,8323828000000,8323829000000,8323983000000,8323984000000,8324000000000,10514000,35000,7000,30061000,7000
1791427220,881518342,1659,1617942128,D,N,258344000000,258343000000,258342000000,258341000000,258340000000,4183950000,1410000,24280000,420000,23200000,258345000000,258346000000,258347000000,258349000000,258350000000,3420020000,1110000,44330000,1060000,258230000
1791427220,882898056,1660,1617942128,S,N,258344000000,258343000000,258342000000,258341000000,258340000000,4183950000,1410000,24280000,420000,23200000,258345000000,258346000000,258347000000,258349000000,258350000000,3420020000,1110000,44330000,1060000,258230000
1791427220,978956152,1661,1747767917,D,N,8323983000000,8323982000000,8323981000000,8323829000000,8323828000000,777241000,101194000,13000,15063000,118647000,8323984000000,8323985000000,8323986000000,8324000000000,8324001000000,134101000,62000,13000,7000,2800000
1791427220,980776801,1662,1617942128,D,N,258344000000,258343000000,258342000000,258341000000,258340000000,4183950000,1410000,24280000,420000,23200000,258345000000,258346000000,258347000000,258349000000,258350000000,3420020000,1110000,44330000,1060000,258230000
1791427220,982019839,1663,1617942128,S,N,258344000000,258343000000,258342000000,258341000000,258340000000,4183950000,1410000,24280000,420000,23200000,258345000000,258346000000,258347000000,258349000000,258350000000,3420020000,1110000,44330000,1060000,258230000
1791427221,76734720,1664,1747767917,D,N,8323983000000,8323982000000,8323981000000,8323956000000,8323849000000,950164000,101208000,13000,8000,1459000,8323984000000,8323985000000,8323986000000,8324000000000,8324001000000,77275000,62000,13000,7000,2800000
1791427221,78305466,1665,1617942128,D,N,258344000000,258343000000,258342000000,258341000000,258340000000,4183950000,1410000,24280000,420000,23200000,258345000000,258346000000,258347000000,258349000000,258350000000,3420020000,1110000,44330000,1060000,258230000
1791427221,79461181,1666,1617942128,S,N,258344000000,258343000000,258342000000,258341000000,258340000000,4183950000,1410000,24280000,420000,23200000,258345000000,258346000000,258347000000,258349000000,258350000000,3420020000,1110000,44330000,1060000,258230000
1791427221,176866317,1667,1747767917,D,N,8323983000000,8323982000000,8323981000000,8323956000000,8323851000000,950171000,101215000,13000,8000,200000,8323984000000,8323985000000,8323986000000,8324000000000,8324001000000,77025000,62000,13000,7000,2800000
1791427221,178205313,1668,1617942128,D,N,258344000000,258343000000,258342000000,258341000000,258340000000,4163910000,1410000,24280000,420000,23200000,258345000000,258346000000,258347000000,258349000000,258350000000,3420020000,1110000,44330000,1060000,258230000
1791427221,179448547,1669,1617942128,S,N,258344000000,258343000000,258342000000,258341000000,258340000000,4163910000,1410000,24280000,420000,23200000,258345000000,258346000000,258347000000,258349000000,258350000000,3420020000,1110000,44330000,1060000,258230000
1791427221,275425010,1670,1747767917,D,N,8323983000000,8323982000000,8323981000000,8323956000000,8323849000000,950220000,101222000,13000,8000,1459000,8323984000000,8323985000000,8323986000000,8324000000000,8324001000000,112217000,62000,13000,7000,2800000
1791427221,276675897,1671,1617942128,D,N,258344000000,258343000000,258342000000,258341000000,258340000000,4163910000,1410000,24280000,420000,23200000,258345000000,258346000000,258347000000,258349000000,258350000000,3420020000,1110000,44330000,1060000,258230000
1791427221,277870170,1672,1617942128,S,N,258344000000,258343000000,258342000000,258341000000,258340000000,4163910000,1410000,24280000,420000,23200000,258345000000,258346000000,258347000000,258349000000,258350000000,3420020000,1110000,44330000,1060000,258230000
1791427221,368570910,1673,1747767917,D,N,8323983000000,8323982000000,8323981000000,8323956000000,8323849000000,950045000,101215000,13000,8000,1459000,8323984000000,8323985000000,8323986000000,8324000000000,8324001000000,131004000,62000,13000,7000,2800000
1791427221,369872523,1674,1617942128,D,N,258344000000,258343000000,258342000000,258341000000,258340000000,4163910000,1410000,24280000,420000,23200000,258345000000,258346000000,258347000000,258349000000,258350000000,3420020000,1110000,44330000,1060000,258230000
1791427221,370751254,1675,1617942128,S,N,258344000000,258343000000,258342000000,258341000000,258340000000,4163910000,1410000,24280000,420000,23200000,258345000000,258346000000,258347000000,258349000000,258350000000,3420020000,1110000,44330000,1060000,258230000
1791427221,474799466,1676,1747767917,D,N,8323983000000,8323982000000,8323981000000,8323956000000,8323849000000,950052000,101215000,13000,8000,1459000,8323984000000,8323985000000,8323986000000,8324000000000,8324001000000,266592000,62000,13000,7000,2800000
1791427221,476809186,1677,1617942128,D,N,258344000000,258343000000,258342000000,258341000000,258340000000,4163910000,1410000,24280000,420000,23200000,258345000000,258346000000,258347000000,258349000000,258350000000,3420020000,1110000,44330000,1060000,258230000
1791427221,477525534,1678,1617942128,S,N,258344000000,258343000000,258342000000,258341000000,258340000000,4163910000,1410000,24280000,420000,23200000,258345000000,258346000000,258347000000,258349000000,258350000000,3420020000,1110000,44330000,1060000,258230000
1791427221,584808155,1679,1747767917,D,N,8323983000000,8323982000000,8323981000000,8323956000000,8323849000000,1064638000,101215000,13000,8000,1459000,8323984000000,8323985000000,8323986000000,8324000000000,8324001000000,134058000,62000,13000,7000,2800000
1791427221,585871738,1680,1617942128,D,N,258344000000,258343000000,258342000000,258341000000,258340000000,4163910000,1410000,24280000,420000,23200000,258345000000,258346000000,258347000000,258349000000,258350000000,3420020000,1110000,44330000,1060000,258230000
1791427221,586472309,1681,1617942128,S,N,258344000000,258343000000,258342000000,258341000000,258340000000,4163910000,1410000,24280000,420000,23200000,258345000000,258346000000,258347000000,258349000000,258350000000,3420020000,1110000,44330000,1060000,258230000
1791427221,663910349,1682,1747767917,D,N,8323983000000,8323982000000,8323981000000,8323956000000,8323849000000,1064680000,101222000,13000,8000,1459000,8323984000000,8323985000000,8323986000000,8324000000000,8324001000000,134058000,62000,13000,7000,2800000
1791427221,664802915,1683,1617942128,D,N,258344000000,258343000000,258342000000,258341000000,258340000000,3893910000,1410000,24280000,420000,23200000,258345000000,258346000000,258347000000,258349000000,258350000000,3420020000,1110000,44330000,1060000,258230000
1791427221,665619637,1684,1617942128,S,N,258344000000,258343000000,258342000000,258341000000,258340000000,3893910000,1410000,24280000,420000,23200000,258345000000,258346000000,258347000000,258349000000,258350000000,3420020000,1110000,44330000,1060000,258230000
1791427221,774924340,1685,1747767917,S,N,8323983000000,8323982000000,8323981000000,8323956000000,8323849000000,1064680000,101222000,13000,8000,1459000,8323984000000,8323985000000,8323986000000,8324000000000,8324001000000,134058000,62000,13000,7000,2800000
1791427221,776023049,1686,1747767917,D,N,8323983000000,8323982000000,8323981000000,8323956000000,8323849000000,1064680000,101222000,13000,8000,1459000,8323984000000,8323985000000,8323986000000,8324000000000,8324001000000,134058000,62000,13000,7000,2800000
1791427221,776977329,1687,1617942128,D,N,258344000000,258343000000,258342000000,258341000000,258340000000,4163910000,1410000,24280000,420000,23200000,258345000000,258346000000,258347000000,258349000000,258350000000,3420020000,1110000,44330000,1060000,258230000
1791427221,777791304,1688,1617942128,S,N,258344000000,258343000000,258342000000,258341000000,258340000000,4163910000,1410000,24280000,420000,23200000,258345000000,258346000000,258347000000,258349000000,258350000000,3420020000,1110000,44330000,1060000,258230000
1791427221,889298330,1689,1747767917,D,N,8323983000000,8323982000000,8323981000000,8323956000000,8323849000000,1064680000,101222000,13000,8000,1459000,8323984000000,8323985000000,8323986000000,8324000000000,8324001000000,133358000,62000,13000,7000,2800000
1791427221,890100628,1690,1617942128,D,N,258344000000,258343000000,258342000000,258341000000,258340000000,4162910000,810000,24280000,420000,23200000,258345000000,258346000000,258347000000,258349000000,258350000000,3420420000,1310000,44330000,1060000,258230000
1791427221,890947079,1691,1617942128,S,N,258344000000,258343000000,258342000000,258341000000,258340000000,4162910000,810000,24280000,420000,23200000,258345000000,258346000000,258347000000,258349000000,258350000000,3420420000,1310000,44330000,1060000,258230000
1791427221,966910429,1692,1747767917,D,N,8323983000000,8323982000000,8323981000000,8323956000000,8323849000000,1064680000,101222000,13000,8000,1459000,8323984000000,8323985000000,8323986000000,8324000000000,8324001000000,155065000,62000,13000,7000,2800000
1791427221,967940162,1693,1617942128,D,N,258344000000,258343000000,258342000000,258341000000,258340000000,4162910000,810000,24280000,420000,23200000,258345000000,258346000000,258347000000,258349000000,258350000000,3420420000,1310000,44330000,1060000,258230000
1791427221,968831844,1694,1617942128,S,N,258344000000,258343000000,258342000000,258341000000,258340000000,4162910000,810000,24280000,420000,23200000,258345000000,258346000000,258347000000,258349000000,258350000000,3420420000,1310000,44330000,1060000,258230000
1791427222,59574872,1695,1747767917,D,N,8323983000000,8323982000000,8323981000000,8323956000000,8323894000000,1064680000,101222000,13000,8000,121000,8323984000000,8323985000000,8323986000000,8324000000000,8324001000000,210843000,62000,13000,7000,2800000
1791427222,60972247,1696,1617942128,D,N,258344000000,258343000000,258342000000,258341000000,258340000000,4162910000,810000,24280000,420000,23200000,258345000000,258346000000,258347000000,258349000000,258350000000,3420420000,1310000,44330000,1060000,258230000
1791427222,61851861,1697,1617942128,S,N,258344000000,258343000000,258342000000,258341000000,258340000000,4162910000,810000,24280000,420000,23200000,258345000000,258346000000,258347000000,258349000000,258350000000,3420420000,1310000,44330000,1060000,258230000
1791427222,181207813,1698,1747767917,D,N,8323983000000,8323982000000,8323981000000,8323956000000,8323894000000,968713000,101222000,13000,8000,121000,8323984000000,8323985000000,8323986000000,8324000000000,8324001000000,330985000,62000,13000,7000,2800000
1791427222,184010609,1699,1617942128,D,N,258344000000,258343000000,258342000000,258341000000,258340000000,3894110000,1410000,24280000,420000,23200000,258345000000,258346000000,258347000000,258349000000,258350000000,3419780000,1110000,44330000,1060000,258230000
1791427222,186330671,1700,1617942128,S,N,258344000000,258343000000,258342000000,258341000000,258340000000,3894110000,1410000,24280000,420000,23200000,258345000000,258346000000,258347000000,258349000000,258350000000,3419780000,1110000,44330000,1060000,258230000
1791427222,256277420,1701,1747767917,D,N,8323983000000,8323982000000,8323981000000,8323956000000,8323894000000,625285000,69000,13000,8000,121000,8323984000000,8323985000000,8323986000000,8324000000000,8324001000000,331031000,55000,13000,7000,2807000
1791427222,257729151,1702,1617942128,D,N,258344000000,258343000000,258342000000,258341000000,258340000000,3893910000,1410000,24280000,420000,23200000,258345000000,258346000000,258347000000,258349000000,258350000000,3419780000,1110000,44330000,1060000,258230000
1791427222,259141048,1703,1617942128,S,N,258344000000,258343000000,258342000000,258341000000,258340000000,3893910000,1410000,24280000,420000,23200000,258345000000,258346000000,258347000000,258349000000,258350000000,3419780000,1110000,44330000,1060000,258230000
1791427222,397310737,1704,1747767917,D,N,8323983000000,8323982000000,8323981000000,8323956000000,8323894000000,625299000,69000,13000,8000,121000,8323984000000,8323985000000,8323986000000,8324000000000,8324001000000,331031000,55000,13000,7000,2807000
1791427222,398732249,1705,1617942128,D,N,258344000000,258343000000,258342000000,258341000000,258340000000,3886750000,1410000,31440000,420000,23200000,258345000000,258346000000,258347000000,258349000000,258350000000,3419780000,1110000,44330000,1060000,258230000
1791427222,400150424,1706,1617942128,S,N,258344000000,258343000000,258342000000,258341000000,258340000000,3886750000,1410000,31440000,420000,23200000,258345000000,258346000000,258347000000,258349000000,258350000000,3419780000,1110000,44330000,1060000,258230000
1791427222,492349697,1707,1747767917,D,N,8323983000000,8323982000000,8323981000000,8323956000000,8323894000000,621715000,76000,13000,8000,121000,8323984000000,8323985000000,8323986000000,8324000000000,8324001000000,329831000,55000,13000,7000,2807000
1791427222,493838909,1708,1617942128,D,N,258344000000,258343000000,258342000000,258341000000,258340000000,3886750000,1410000,24280000,420000,23200000,258345000000,258346000000,258347000000,258349000000,258350000000,3419780000,1110000,44330000,1060000,258230000
1791427222,495094309,1709,1617942128,S,N,258344000000,258343000000,258342000000,258341000000,258340000000,3886750000,1410000,24280000,420000,23200000,258345000000,258346000000,258347000000,258349000000,258350000000,3419780000,1110000,44330000,1060000,258230000
1791427222,564816862,1710,1747767917,D,N,8323983000000,8323982000000,8323981000000,8323956000000,8323894000000,621715000,76000,13000,8000,121000,8323984000000,8323985000000,8323986000000,8324000000000,8324001000000,328624000,55000,13000,7000,2807000
1791427222,566086293,1711,1617942128,D,N,258344000000,258343000000,258342000000,258341000000,258340000000,3886750000,1410000,24280000,420000,23200000,258345000000,258346000000,258347000000,258349000000,258350000000,3419780000,1110000,44330000,1060000,258230000
1791427222,567126131,1712,1617942128,S,N,258344000000,258343000000,258342000000,258341000000,258340000000,3886750000,1410000,24280000,420000,23200000,258345000000,258346000000,258347000000,258349000000,258350000000,3419780000,1110000,44330000,1060000,258230000
1791427222,691618678,1713,1747767917,D,N,8323983000000,8323982000000,8323981000000,8323956000000,8323894000000,621715000,76000,13000,8000,121000,8323984000000,8323985000000,8323986000000,8324000000000,8324001000000,328541000,55000,13000,7000,2807000
1791427222,693132517,1714,1617942128,D,N,258344000000,258343000000,258342000000,258341000000,258340000000,3886750000,1410000,24280000,420000,23200000,258345000000,258346000000,258347000000,258349000000,258350000000,3419780000,1110000,44330000,1060000,258230000
1791427222,694206009,1715,1617942128,S,N,258344000000,258343000000,258342000000,258341000000,258340000000,3886750000,1410000,24280000,420000,23200000,258345000000,258346000000,258347000000,258349000000,258350000000,3419780000,1110000,44330000,1060000,258230000
1791427222,755175787,1716,1747767917,D,N,8323983000000,8323982000000,8323981000000,8323956000000,8323894000000,621699000,76000,13000,8000,121000,8323984000000,8323985000000,8323986000000,8324000000000,8324001000000,328541000,55000,13000,7000,2807000
1791427222,884316111,1717,1747767917,D,N,8323983000000,8323982000000,8323981000000,8323956000000,8323894000000,605472000,69000,13000,8000,121000,8323984000000,8323985000000,8323986000000,8324000000000,8324001000000,389509000,55000,13000,7000,2807000
1791427222,885839860,1718,1617942128,D,N,258344000000,258343000000,258342000000,258341000000,258340000000,3698610000,1410000,24280000,420000,23200000,258345000000,258346000000,258347000000,258349000000,258350000000,3419780000,1110000,44330000,1060000,258230000
1791427222,887118416,1719,1617942128,S,N,258344000000,258343000000,258342000000,258341000000,258340000000,3698610000,1410000,24280000,420000,23200000,258345000000,258346000000,258347000000,258349000000,258350000000,3419780000,1110000,44330000,1060000,258230000
1791427222,939319328,1720,1747767917,D,N,8323983000000,8323982000000,8323981000000,8323956000000,8323894000000,571729000,62000,13000,8000,121000,8323984000000,8323985000000,8323986000000,8324000000000,8324001000000,389509000,55000,13000,7000,2807000
1791427222,957760811,1721,1617942128,D,N,258344000000,258343000000,258342000000,258341000000,258340000000,3698610000,1410000,24280000,420000,23200000,258345000000,258346000000,258347000000,258349000000,258350000000,3419780000,1110000,44330000,1060000,258230000
1791427222,959226965,1722,1617942128,S,N,258344000000,258343000000,258342000000,258341000000,258340000000,3698610000,1410000,24280000,420000,23200000,258345000000,258346000000,258347000000,258349000000,258350000000,3419780000,1110000,44330000,1060000,258230000
1791427223,36951604,1723,1747767917,D,N,8323983000000,8323982000000,8323981000000,8323956000000,8323894000000,476782000,62000,13000,8000,121000,8323984000000,8323985000000,8323986000000,8324000000000,8324001000000,389557000,62000,13000,7000,2807000
1791427223,38695624,1724,1617942128,D,N,258344000000,258343000000,258342000000,258341000000,258340000000,1779170000,1410000,24280000,420000,23200000,258345000000,258346000000,258347000000,258349000000,258350000000,4123520000,690000,44330000,640000,258230000
1791427223,40668158,1725,1617942128,S,N,258344000000,258343000000,258342000000,258341000000,258340000000,1779170000,1410000,24280000,420000,23200000,258345000000,258346000000,258347000000,258349000000,258350000000,4123520000,690000,44330000,640000,258230000
1791427223,136211044,1726,1747767917,D,N,8323983000000,8323982000000,8323981000000,8323956000000,8323894000000,476782000,62000,13000,8000,121000,8323984000000,8323985000000,8323986000000,8324000000000,8324001000000,388957000,62000,13000,7000,2807000
1791427223,137714189,1727,1617942128,D,N,258344000000,258343000000,258342000000,258341000000,258340000000,1779170000,1410000,24280000,420000,23200000,258345000000,258346000000,258347000000,258349000000,258350000000,4123520000,690000,44330000,640000,258230000
1791427223,138952517,1728,1617942128,S,N,258344000000,258343000000,258342000000,258341000000,258340000000,1779170000,1410000,24280000,420000,23200000,258345000000,258346000000,258347000000,258349000000,258350000000,4123520000,690000,44330000,640000,258230000
1791427223,234437024,1729,1747767917,D,N,8323983000000,8323982000000,8323981000000,8323956000000,8323894000000,476789000,62000,13000,8000,121000,8323984000000,8323985000000,8323986000000,8324000000000,8324001000000,388357000,62000,13000,7000,2807000
1791427223,237045058,1730,1617942128,D,N,258344000000,258343000000,258342000000,258341000000,258340000000,1779170000,1410000,24280000,420000,23200000,258345000000,258346000000,258347000000,258349000000,258350000000,4123520000,690000,44330000,640000,258230000
1791427223,239244339,1731,1617942128,S,N,258344000000,258343000000,258342000000,258341000000,258340000000,1779170000,1410000,24280000,420000,23200000,258345000000,258346000000,258347000000,258349000000,258350000000,4123520000,690000,44330000,640000,258230000
1791427223,333625918,1732,1747767917,D,N,8323983000000,8323982000000,8323981000000,8323956000000,8323894000000,476796000,62000,13000,8000,121000,8323984000000,8323985000000,8323986000000,8324000000000,8324001000000,388357000,62000,13000,7000,2807000
1791427223,336322061,1733,1617942128,D,N,258344000000,258343000000,258342000000,258341000000,258340000000,1779170000,1410000,24280000,420000,23200000,258345000000,258346000000,258347000000,258349000000,258350000000,4123520000,690000,44330000,640000,258230000
1791427223,338939122,1734,1617942128,S,N,258344000000,258343000000,258342000000,258341000000,258340000000,1779170000,1410000,24280000,420000,23200000,258345000000,258346000000,258347000000,258349000000,258350000000,4123520000,690000,44330000,640000,258230000
1791427223,429960898,1735,1747767917,S,N,8323983000000,8323982000000,8323981000000,8323956000000,8323894000000,476796000,62000,13000,8000,121000,8323984000000,8323985000000,8323986000000,8324000000000,8324001000000,388357000,62000,13000,7000,2807000
1791427223,431376523,1736,1747767917,D,N,8323983000000,8323982000000,8323981000000,8323956000000,8323894000000,476796000,62000,13000,8000,121000,8323984000000,8323985000000,8323986000000,8324000000000,8324001000000,388357000,62000,13000,7000,2807000
1791427223,432436770,1737,1617942128,D,N,258344000000,258343000000,258342000000,258341000000,258340000000,1779170000,1410000,24280000,420000,23200000,258345000000,258346000000,258347000000,258349000000,258350000000,4123520000,690000,44330000,640000,258230000
1791427223,433433044,1738,1617942128,S,N,258344000000,258343000000,258342000000,258341000000,258340000000,1779170000,1410000,24280000,420000,23200000,258345000000,258346000000,258347000000,258349000000,258350000000,4123520000,690000,44330000,640000,258230000
1791427223,526400177,1739,1747767917,S,N,8323983000000,8323982000000,8323981000000,8323956000000,8323894000000,476796000,62000,13000,8000,121000,8323984000000,8323985000000,8323986000000,8324000000000,8324001000000,388357000,62000,13000,7000,2807000
1791427223,527930794,1740,1747767917,D,N,8323983000000,8323982000000,8323981000000,8323956000000,8323894000000,476796000,62000,13000,8000,121000,8323984000000,8323985000000,8323986000000,8324000000000,8324001000000,388357000,62000,13000,7000,2807000
1791427223,529180896,1741,1617942128,D,N,258344000000,258343000000,258342000000,258341000000,258340000000,1779170000,1410000,24280000,420000,23200000,258345000000,258346000000,258347000000,258349000000,258350000000,4123520000,690000,44330000,640000,258230000
1791427223,530399601,1742,1617942128,S,N,258344000000,258343000000,258342000000,258341000000,258340000000,1779170000,1410000,24280000,420000,23200000,258345000000,258346000000,258347000000,258349000000,258350000000,4123520000,690000,44330000,640000,258230000
1791427223,625905202,1743,1747767917,S,N,8323983000000,8323982000000,8323981000000,8323956000000,8323894000000,476796000,62000,13000,8000,121000,8323984000000,8323985000000,8323986000000,8324000000000,8324001000000,388357000,62000,13000,7000,2807000
1791427223,626795021,1744,1747767917,D,N,8323983000000,8323982000000,8323981000000,8323956000000,8323894000000,476796000,62000,13000,8000,121000,8323984000000,8323985000000,8323986000000,8324000000000,8324001000000,388357000,62000,13000,7000,2807000
1791427223,627457013,1745,1617942128,D,N,258344000000,258343000000,258342000000,258341000000,258340000000,1779170000,1410000,24280000,420000,23200000,258345000000,258346000000,258347000000,258349000000,258350000000,4123520000,690000,44330000,640000,258230000
1791427223,628099970,1746,1617942128,S,N,258344000000,258343000000,258342000000,258341000000,258340000000,1779170000,1410000,24280000,420000,23200000,258345000000,258346000000,258347000000,258349000000,258350000000,4123520000,690000,44330000,640000,258230000
1791427223,722824957,1747,1747767917,D,N,8323983000000,8323982000000,8323981000000,8323956000000,8323894000000,476806000,62000,13000,8000,121000,8323984000000,8323985000000,8323986000000,8324000000000,8324001000000,388357000,62000,13000,7000,2807000
1791427223,726263743,1748,1617942128,D,N,258344000000,258343000000,258342000000,258341000000,258340000000,1779170000,1410000,24280000,420000,23200000,258345000000,258346000000,258347000000,258349000000,258350000000,4123520000,4690000,44330000,640000,258230000
1791427223,727512276,1749,1617942128,S,N,258344000000,258343000000,258342000000,258341000000,258340000000,1779170000,1410000,24280000,420000,23200000,258345000000,258346000000,258347000000,258349000000,258350000000,4123520000,4690000,44330000,640000,258230000
1791427223,822222643,1750,1747767917,S,N,8323983000000,8323982000000,8323981000000,8323956000000,8323894000000,476806000,62000,13000,8000,121000,8323984000000,8323985000000,8323986000000,8324000000000,8324001000000,388357000,62000,13000,7000,2807000
1791427223,823526415,1751,1747767917,D,N,8323983000000,8323982000000,8323981000000,8323956000000,8323894000000,476806000,62000,13000,8000,121000,8323984000000,8323985000000,8323986000000,8324000000000,8324001000000,388357000,62000,13000,7000,2807000
1791427223,824436347,1752,1617942128,D,N,258344000000,258343000000,258342000000,258341000000,258340000000,1779170000,1410000,24280000,420000,23200000,258345000000,258346000000,258347000000,258349000000,258350000000,4123520000,4690000,44330000,640000,258230000
1791427223,825338234,1753,1617942128,S,N,258344000000,258343000000,258342000000,258341000000,258340000000,1779170000,1410000,24280000,420000,23200000,258345000000,258346000000,258347000000,258349000000,258350000000,4123520000,4690000,44330000,640000,258230000
1791427223,919669774,1754,1747767917,D,N,8323983000000,8323982000000,8323981000000,8323956000000,8323894000000,476799000,62000,13000,8000,121000,8323984000000,8323985000000,8323986000000,8324000000000,8324001000000,388357000,62000,13000,7000,2807000
1791427223,920680766,1755,1617942128,D,N,258344000000,258343000000,258342000000,258341000000,258340000000,1556910000,1410000,24280000,420000,23200000,258345000000,258346000000,258347000000,258349000000,258350000000,4123520000,4690000,44330000,640000,258230000
1791427223,921548116,1756,1617942128,S,N,258344000000,258343000000,258342000000,258341000000,258340000000,1556910000,1410000,24280000,420000,23200000,258345000000,258346000000,258347000000,258349000000,258350000000,4123520000,4690000,44330000,640000,258230000
1791427224,20092876,1757,1747767917,D,N,8323983000000,8323982000000,8323981000000,8323956000000,8323851000000,187015000,62000,13000,8000,7000,8323984000000,8323985000000,8323986000000,8324000000000,8324001000000,408724000,13000,13000,7000,2807000
1791427224,23419221,1758,1617942128,D,N,258344000000,258343000000,258342000000,258341000000,258340000000,1552310000,1410000,24280000,4380000,200000,258345000000,258346000000,258347000000,258349000000,258350000000,4123520000,4690000,44330000,640000,258230000
1791427224,25658337,1759,1617942128,S,N,258344000000,258343000000,258342000000,258341000000,258340000000,1552310000,1410000,24280000,4380000,200000,258345000000,258346000000,258347000000,258349000000,258350000000,4123520000,4690000,44330000,640000,258230000
1791427224,116797853,1760,1747767917,D,N,8323983000000,8323982000000,8323981000000,8323956000000,8323851000000,187165000,62000,13000,8000,7000,8323984000000,8323985000000,8323986000000,8324000000000,8324001000000,407749000,13000,13000,7000,2807000
1791427224,119541877,1761,1617942128,D,N,258344000000,258343000000,258342000000,258341000000,258340000000,1792510000,1410000,24280000,4380000,200000,258345000000,258346000000,258347000000,258349000000,258350000000,4161470000,4690000,44330000,640000,258230000
1791427224,122310920,1762,1617942128,S,N,258344000000,258343000000,258342000000,258341000000,258340000000,1792510000,1410000,24280000,4380000,200000,258345000000,258346000000,258347000000,258349000000,258350000000,4161470000,4690000,44330000,640000,258230000
1791427224,213364388,1763,1747767917,S,N,8323983000000,8323982000000,8323981000000,8323956000000,8323851000000,187165000,62000,13000,8000,7000,8323984000000,8323985000000,8323986000000,8324000000000,8324001000000,407749000,13000,13000,7000,2807000
1791427224,214981839,1764,1747767917,D,N,8323983000000,8323982000000,8323981000000,8323956000000,8323851000000,187165000,62000,13000,8000,7000,8323984000000,8323985000000,8323986000000,8324000000000,8324001000000,407749000,13000,13000,7000,2807000
1791427224,216273444,1765,1617942128,D,N,258344000000,258343000000,258342000000,258341000000,258340000000,1792310000,1410000,24280000,4380000,200000,258345000000,258346000000,258347000000,258349000000,258350000000,3580830000,4690000,44330000,640000,258230000
1791427224,217570936,1766,1617942128,S,N,258344000000,258343000000,258342000000,258341000000,258340000000,1792310000,1410000,24280000,4380000,200000,258345000000,258346000000,258347000000,258349000000,258350000000,3580830000,4690000,44330000,640000,258230000
1791427224,312835172,1767,1747767917,D,N,8323983000000,8323982000000,8323981000000,8323956000000,8323914000000,187179000,69000,13000,8000,16492000,8323984000000,8323985000000,8323986000000,8324000000000,8324001000000,407591000,48000,13000,7000,2807000
1791427224,314111471,1768,1617942128,D,N,258344000000,258343000000,258342000000,258341000000,258340000000,2207480000,1410000,24280000,4380000,200000,258345000000,258346000000,258347000000,258349000000,258350000000,3580830000,5110000,44330000,1060000,258230000
1791427224,315227840,1769,1617942128,S,N,258344000000,258343000000,258342000000,258341000000,258340000000,2207480000,1410000,24280000,4380000,200000,258345000000,258346000000,258347000000,258349000000,258350000000,3580830000,5110000,44330000,1060000,258230000
1791427224,414888479,1770,1747767917,D,N,8323983000000,8323982000000,8323981000000,8323956000000,8323916000000,187186000,69000,13000,8000,7000,8323984000000,8323985000000,8323986000000,8324000000000,8324001000000,407570000,27000,13000,7000,2807000
1791427224,416218153,1771,1617942128,D,N,258344000000,258343000000,258342000000,258341000000,258340000000,2477880000,1610000,24280000,4380000,620000,258345000000,258346000000,258347000000,258349000000,258350000000,2713590000,5110000,44330000,390170000,258230000
1791427224,417342862,1772,1617942128,S,N,258344000000,258343000000,258342000000,258341000000,258340000000,2477880000,1610000,24280000,4380000,620000,258345000000,258346000000,258347000000,258349000000,258350000000,2713590000,5110000,44330000,390170000,258230000
1791427224,508789385,1773,1747767917,D,N,8323983000000,8323982000000,8323981000000,8323956000000,8323916000000,279191000,69000,13000,8000,7000,8323984000000,8323985000000,8323986000000,8324000000000,8324001000000,407591000,48000,13000,7000,2807000
1791427224,512268203,1774,1617942128,D,N,258344000000,258343000000,258342000000,258341000000,258340000000,2477280000,1610000,24280000,4380000,620000,258345000000,258346000000,258347000000,258348000000,258349000000,2994320000,5110000,44330000,420000,1060000
1791427224,513780178,1775,1617942128,S,N,258344000000,258343000000,258342000000,258341000000,258340000000,2477280000,1610000,24280000,4380000,620000,258345000000,258346000000,258347000000,258348000000,258349000000,2994320000,5110000,44330000,420000,1060000
1791427224,606800980,1776,1747767917,D,N,8323983000000,8323982000000,8323981000000,8323956000000,8323916000000,429932000,69000,13000,8000,7000,8323984000000,8323985000000,8323986000000,8324000000000,8324001000000,344308000,55000,13000,7000,2807000
1791427224,608803145,1777,1617942128,D,N,258344000000,258343000000,258342000000,258341000000,258340000000,3289010000,1410000,284220000,806250000,200000,258345000000,258346000000,258347000000,258349000000,258350000000,2724320000,5110000,44330000,1060000,258230000
1791427224,610642142,1778,1617942128,S,N,258344000000,258343000000,258342000000,258341000000,258340000000,3289010000,1410000,284220000,806250000,200000,258345000000,258346000000,258347000000,258349000000,258350000000,2724320000,5110000,44330000,1060000,258230000
1791427225,378261091,1779,1747767917,D,N,8323983000000,8323982000000,8323981000000,8323956000000,8323916000000,429946000,69000,13000,8000,7000,8323984000000,8323985000000,8323986000000,8324000000000,8324001000000,344308000,55000,13000,7000,2807000
1791427225,379553678,1780,1617942128,D,N,258344000000,258343000000,258342000000,258341000000,258340000000,1779270000,1410000,284220000,806250000,200000,258345000000,258346000000,258347000000,258349000000,258350000000,2994320000,5110000,44330000,1060000,258230000
1791427225,380656703,1781,1617942128,S,N,258344000000,258343000000,258342000000,258341000000,258340000000,1779270000,1410000,284220000,806250000,200000,258345000000,258346000000,258347000000,258349000000,258350000000,2994320000,5110000,44330000,1060000,258230000
1791427225,476655438,1782,1747767917,D,N,8323983000000,8323982000000,8323981000000,8323956000000,8323916000000,571660000,69000,13000,8000,7000,8323984000000,8323985000000,8323986000000,8324000000000,8324001000000,215193000,55000,13000,7000,2807000
1791427225,478101675,1783,1617942128,D,N,258344000000,258343000000,258342000000,258341000000,258340000000,2079270000,1410000,284220000,806250000,200000,258345000000,258346000000,258347000000,258349000000,258350000000,2994320000,5110000,44330000,1060000,258230000
1791427225,479668399,1784,1617942128,S,N,258344000000,258343000000,258342000000,258341000000,258340000000,2079270000,1410000,284220000,806250000,200000,258345000000,258346000000,258347000000,258349000000,258350000000,2994320000,5110000,44330000,1060000,258230000
1791427225,576945396,1785,1747767917,D,N,8323983000000,8323982000000,8323981000000,8323956000000,8323916000000,572289000,69000,13000,8000,7000,8323984000000,8323985000000,8323986000000,8324000000000,8324001000000,221899000,55000,13000,7000,2807000
1791427225,580567660,1786,1617942128,D,N,258344000000,258343000000,258342000000,258341000000,258340000000,2442600000,1410000,284220000,806250000,200000,258345000000,258346000000,258347000000,258349000000,258350000000,2724320000,5110000,44330000,1060000,258230000
1791427225,583198457,1787,1617942128,S,N,258344000000,258343000000,258342000000,258341000000,258340000000,2442600000,1410000,284220000,806250000,200000,258345000000,258346000000,258347000000,258349000000,258350000000,2724320000,5110000,44330000,1060000,258230000
1791427225,674017820,1788,1747767917,D,N,8323983000000,8323982000000,8323981000000,8323956000000,8323916000000,572273000,69000,13000,8000,7000,8323984000000,8323985000000,8323986000000,8324000000000,8324001000000,221859000,55000,13000,7000,2807000
1791427225,676660195,1789,1617942128,D,N,258344000000,258343000000,258342000000,258341000000,258340000000,2442200000,1210000,284220000,806250000,200000,258345000000,258346000000,258347000000,258349000000,258350000000,2724720000,5310000,44330000,1060000,161010000
1791427225,679415404,1790,1617942128,S,N,258344000000,258343000000,258342000000,258341000000,258340000000,2442200000,1210000,284220000,806250000,200000,258345000000,258346000000,258347000000,258349000000,258350000000,2724720000,5310000,44330000,1060000,161010000
1791427225,788346302,1791,1747767917,D,N,8323983000000,8323982000000,8323981000000,8323956000000,8323916000000,572259000,69000,13000,8000,7000,8323984000000,8323985000000,8323986000000,8324000000000,8324001000000,260226000,55000,13000,7000,2807000
1791427225,791279002,1792,1617942128,D,N,258344000000,258343000000,258342000000,258341000000,258340000000,2442200000,1210000,284220000,806250000,200000,258345000000,258346000000,258347000000,258349000000,258350000000,2679600000,5310000,44330000,1060000,161010000
1791427225,793560002,1793,1617942128,S,N,258344000000,258343000000,258342000000,258341000000,258340000000,2442200000,1210000,284220000,806250000,200000,258345000000,258346000000,258347000000,258349000000,258350000000,2679600000,5310000,44330000,1060000,161010000
1791427225,877479602,1794,1617942128,D,N,258344000000,258343000000,258342000000,258341000000,258340000000,2442200000,1210000,284220000,806250000,200000,258345000000,258346000000,258347000000,258349000000,258350000000,2679600000,5310000,44330000,1060000,161010000
1791427225,879825102,1795,1747767917,D,N,8323983000000,8323982000000,8323981000000,8323956000000,8323916000000,572252000,69000,13000,8000,7000,8323984000000,8323985000000,8323986000000,8324000000000,8324001000000,260239000,55000,13000,7000,2807000
1791427225,882028602,1796,1617942128,S,N,258344000000,258343000000,258342000000,258341000000,258340000000,2442200000,1210000,284220000,806250000,200000,258345000000,258346000000,258347000000,258349000000,258350000000,2679600000,5310000,44330000,1060000,161010000
1791427225,975612102,1797,1747767917,S,N,8323983000000,8323982000000,8323981000000,8323956000000,8323916000000,572252000,69000,13000,8000,7000,8323984000000,8323985000000,8323986000000,8324000000000,8324001000000,260239000,55000,13000,7000,2807000
1791427225,978201602,1798,1617942128,D,N,258344000000,258343000000,258342000000,258341000000,258340000000,2442200000,1210000,284220000,806250000,200000,258345000000,258346000000,258347000000,258349000000,258350000000,2679600000,5310000,44330000,1060000,161010000
1791427225,980572202,1799,1747767917,D,N,8323983000000,8323982000000,8323981000000,8323956000000,8323916000000,572252000,69000,13000,8000,7000,8323984000000,8323985000000,8323986000000,8324000000000,8324001000000,260239000,55000,13000,7000,2807000
1791427225,983053502,1800,1617942128,S,N,258344000000,258343000000,258342000000,258341000000,258340000000,2442200000,1210000,284220000,806250000,200000,258345000000,258346000000,258347000000,258349000000,258350000000,2679600000,5310000,44330000,1060000,161010000
1791427226,76213902,1801,1747767917,D,N,8323983000000,8323982000000,8323981000000,8323956000000,8323916000000,572252000,62000,13000,8000,7000,8323984000000,8323985000000,8323986000000,8324000000000,8324001000000,201956000,55000,13000,7000,2807000
1791427226,78728302,1802,1617942128,D,N,258344000000,258343000000,258342000000,258341000000,258340000000,4578960000,810000,284220000,4380000,200000,258345000000,258346000000,258347000000,258349000000,258350000000,1408320000,1310000,390000,1060000,161010000
1791427226,81510102,1803,1617942128,S,N,258344000000,258343000000,258342000000,258341000000,258340000000,4578960000,810000,284220000,4380000,200000,258345000000,258346000000,258347000000,258349000000,258350000000,1408320000,1310000,390000,1060000,161010000
1791427226,174362902,1804,1747767917,D,N,8323983000000,8323982000000,8323981000000,8323956000000,8323916000000,572435000,62000,13000,8000,7000,8323984000000,8323985000000,8323986000000,8324000000000,8324001000000,201956000,55000,13000,7000,2807000
1791427226,176973002,1805,1617942128,D,N,258344000000,258343000000,258342000000,258341000000,258340000000,4580700000,1410000,24280000,4380000,200000,258345000000,258346000000,258347000000,258349000000,258350000000,1405540000,690000,390000,1060000,57870000
1791427226,179213902,1806,1617942128,S,N,258344000000,258343000000,258342000000,258341000000,258340000000,4580700000,1410000,24280000,4380000,200000,258345000000,258346000000,258347000000,258349000000,258350000000,1405540000,690000,390000,1060000,57870000
1791427226,310393202,1807,1747767917,D,N,8323983000000,8323982000000,8323981000000,8323956000000,8323916000000,572252000,62000,13000,8000,7000,8323984000000,8323985000000,8323986000000,8324000000000,8324001000000,292683000,55000,13000,7000,2807000
1791427226,312920602,1808,1617942128,D,N,258344000000,258343000000,258342000000,258341000000,258340000000,4580700000,1410000,24280000,4380000,200000,258345000000,258346000000,258347000000,258349000000,258350000000,1331200000,690000,390000,1060000,57870000
1791427226,315298802,1809,1617942128,S,N,258344000000,258343000000,258342000000,258341000000,258340000000,4580700000,1410000,24280000,4380000,200000,258345000000,258346000000,258347000000,258349000000,258350000000,1331200000,690000,390000,1060000,57870000
1791427226,373374102,1810,1747767917,D,N,8323983000000,8323982000000,8323981000000,8323956000000,8323916000000,572245000,62000,13000,8000,7000,8323984000000,8323985000000,8323986000000,8324000000000,8324001000000,292683000,55000,13000,7000,2807000
1791427226,376303902,1811,1617942128,D,N,258344000000,258343000000,258342000000,258341000000,258340000000,4580700000,1410000,24280000,4380000,200000,258345000000,258346000000,258347000000,258349000000,258350000000,1331200000,690000,390000,1060000,57870000
1791427226,379086302,1812,1617942128,S,N,258344000000,258343000000,258342000000,258341000000,258340000000,4580700000,1410000,24280000,4380000,200000,258345000000,258346000000,258347000000,258349000000,258350000000,1331200000,690000,390000,1060000,57870000
1791427226,503277302,1813,1747767917,D,N,8323983000000,8323982000000,8323981000000,8323956000000,8323916000000,533271000,62000,13000,8000,7000,8323984000000,8323985000000,8323986000000,8324000000000,8324001000000,331057000,55000,13000,7000,2807000
1791427226,504175902,1814,1617942128,D,N,258344000000,258343000000,258342000000,258341000000,258340000000,4580700000,1410000,24280000,4380000,200000,258345000000,258346000000,258347000000,258349000000,258350000000,3067670000,690000,390000,1060000,166680000
1791427226,505039002,1815,1617942128,S,N,258344000000,258343000000,258342000000,258341000000,258340000000,4580700000,1410000,24280000,4380000,200000,258345000000,258346000000,258347000000,258349000000,258350000000,3067670000,690000,390000,1060000,166680000
1791427226,620834302,1816,1747767917,D,N,8323983000000,8323982000000,8323981000000,8323956000000,8323916000000,533271000,62000,13000,8000,7000,8323984000000,8323985000000,8323986000000,8324000000000,8324001000000,331118000,55000,13000,7000,2807000
1791427226,621565002,1817,1617942128,D,N,258344000000,258343000000,258342000000,258341000000,258340000000,4580700000,1410000,24280000,4380000,200000,258345000000,258346000000,258347000000,258349000000,258350000000,3067670000,690000,390000,1060000,166680000
1791427226,622348502,1818,1617942128,S,N,258344000000,258343000000,258342000000,258341000000,258340000000,4580700000,1410000,24280000,4380000,200000,258345000000,258346000000,258347000000,258349000000,258350000000,3067670000,690000,390000,1060000,166680000
1791427226,672137302,1819,1747767917,D,N,8323983000000,8323982000000,8323981000000,8323956000000,8323916000000,533392000,62000,13000,8000,7000,8323984000000,8323985000000,8323986000000,8324000000000,8324001000000,331118000,55000,13000,7000,2807000
1791427226,673102502,1820,1617942128,D,N,258344000000,258343000000,258342000000,258340000000,258338000000,4585020000,1410000,24280000,200000,420000,258345000000,258346000000,258347000000,258349000000,258350000000,3067670000,690000,390000,1060000,166680000
1791427226,673843202,1821,1617942128,S,N,258344000000,258343000000,258342000000,258340000000,258338000000,4585020000,1410000,24280000,200000,420000,258345000000,258346000000,258347000000,258349000000,258350000000,3067670000,690000,390000,1060000,166680000
1791427226,790778002,1822,1747767917,S,N,8323983000000,8323982000000,8323981000000,8323956000000,8323916000000,533392000,62000,13000,8000,7000,8323984000000,8323985000000,8323986000000,8324000000000,8324001000000,331118000,55000,13000,7000,2807000
1791427226,792297302,1823,1747767917,D,N,8323983000000,8323982000000,8323981000000,8323956000000,8323916000000,533392000,62000,13000,8000,7000,8323984000000,8323985000000,8323986000000,8324000000000,8324001000000,331118000,55000,13000,7000,2807000
1791427226,793256202,1824,1617942128,D,N,258344000000,258343000000,258342000000,258338000000,258337000000,4584820000,1210000,24280000,420000,61930000,258345000000,258346000000,258347000000,258349000000,258350000000,3106380000,690000,390000,1060000,166680000
1791427226,794314402,1825,1617942128,S,N,258344000000,258343000000,258342000000,258338000000,258337000000,4584820000,1210000,24280000,420000,61930000,258345000000,258346000000,258347000000,258349000000,258350000000,3106380000,690000,390000,1060000,166680000
1791427226,877185602,1826,1747767917,D,N,8323983000000,8323982000000,8323981000000,8323956000000,8323916000000,661000000,13000,13000,8000,7000,8323984000000,8323985000000,8323986000000,8324000000000,8324001000000,31130000,55000,13000,7000,2800000
1791427226,878974602,1827,1617942128,D,N,258344000000,258343000000,258342000000,258338000000,258337000000,4584820000,1210000,24280000,420000,61930000,258345000000,258346000000,258347000000,258349000000,258351000000,883810000,690000,390000,640000,280000
1791427226,880232002,1828,1617942128,S,N,258344000000,258343000000,258342000000,258338000000,258337000000,4584820000,1210000,24280000,420000,61930000,258345000000,258346000000,258347000000,258349000000,258351000000,883810000,690000,390000,640000,280000
1791427227,17503651,1829,1747767917,D,N,8323983000000,8323982000000,8323981000000,8323956000000,8323916000000,661783000,13000,13000,8000,7000,8323984000000,8323985000000,8323986000000,8324000000000,8324001000000,31144000,48000,13000,7000,2800000
1791427227,18928036,1830,1617942128,D,N,258344000000,258343000000,258342000000,258338000000,258337000000,4584820000,1210000,24280000,420000,61930000,258345000000,258346000000,258347000000,258349000000,258351000000,839880000,390000,390000,640000,280000
1791427227,19927714,1831,1617942128,S,N,258344000000,258343000000,258342000000,258338000000,258337000000,4584820000,1210000,24280000,420000,61930000,258345000000,258346000000,258347000000,258349000000,258351000000,839880000,390000,390000,640000,280000
1791427227,72994692,1832,1747767917,D,N,8323983000000,8323982000000,8323981000000,8323956000000,8323916000000,661831000,13000,13000,8000,7000,8323984000000,8323985000000,8323986000000,8324000000000,8324001000000,21248000,48000,13000,7000,2800000
1791427227,74966985,1833,1617942128,D,N,258344000000,258343000000,258342000000,258338000000,258337000000,4584820000,1210000,24280000,420000,61930000,258345000000,258346000000,258347000000,258349000000,258351000000,1325980000,390000,390000,640000,280000
1791427227,76803767,1834,1617942128,S,N,258344000000,258343000000,258342000000,258338000000,258337000000,4584820000,1210000,24280000,420000,61930000,258345000000,258346000000,258347000000,258349000000,258351000000,1325980000,390000,390000,640000,280000
1791427227,219455488,1835,1747767917,D,N,8323983000000,8323982000000,8323981000000,8323956000000,8323916000000,661838000,13000,13000,8000,7000,8323984000000,8323985000000,8323986000000,8324000000000,8324001000000,11255000,48000,13000,7000,2800000
1791427227,220619891,1836,1617942128,D,N,258344000000,258343000000,258342000000,258338000000,258337000000,4584820000,1210000,24280000,420000,61930000,258345000000,258346000000,258347000000,258349000000,258351000000,1325230000,390000,390000,640000,280000
1791427227,221940517,1837,1617942128,S,N,258344000000,258343000000,258342000000,258338000000,258337000000,4584820000,1210000,24280000,420000,61930000,258345000000,258346000000,258347000000,258349000000,258351000000,1325230000,390000,390000,640000,280000
1791427227,263711969,1838,1747767917,S,N,8323983000000,8323982000000,8323981000000,8323956000000,8323916000000,661838000,13000,13000,8000,7000,8323984000000,8323985000000,8323986000000,8324000000000,8324001000000,11255000,48000,13000,7000,2800000
1791427227,265062395,1839,1747767917,D,N,8323983000000,8323982000000,8323981000000,8323956000000,8323916000000,661838000,13000,13000,8000,7000,8323984000000,8323985000000,8323986000000,8324000000000,8324001000000,11255000,48000,13000,7000,2800000
1791427227,266108090,1840,1617942128,D,N,258344000000,258343000000,258342000000,258338000000,258337000000,4584820000,1210000,24280000,420000,61930000,258345000000,258346000000,258347000000,258349000000,258351000000,1325230000,390000,390000,640000,280000
1791427227,267219343,1841,1617942128,S,N,258344000000,258343000000,258342000000,258338000000,258337000000,4584820000,1210000,24280000,420000,61930000,258345000000,258346000000,258347000000,258349000000,258351000000,1325230000,390000,390000,640000,280000
1791427227,386563473,1842,1747767917,D,N,8323983000000,8323982000000,8323981000000,8323956000000,8323916000000,661838000,13000,13000,8000,7000,8323984000000,8323985000000,8323986000000,8324000000000,8324001000000,11243000,48000,13000,7000,2800000
1791427227,388934876,1843,1617942128,D,N,258344000000,258343000000,258342000000,258338000000,258337000000,4584820000,1210000,24280000,420000,61930000,258345000000,258346000000,258347000000,258349000000,258351000000,1325230000,390000,390000,640000,280000
1791427227,391170767,1844,1617942128,S,N,258344000000,258343000000,258342000000,258338000000,258337000000,4584820000,1210000,24280000,420000,61930000,258345000000,258346000000,258347000000,258349000000,258351000000,1325230000,390000,390000,640000,280000
1791427227,488605898,1845,1747767917,S,N,8323983000000,8323982000000,8323981000000,8323956000000,8323916000000,661838000,13000,13000,8000,7000,8323984000000,8323985000000,8323986000000,8324000000000,8324001000000,11243000,48000,13000,7000,2800000
1791427227,491260341,1846,1747767917,D,N,8323983000000,8323982000000,8323981000000,8323956000000,8323916000000,661838000,13000,13000,8000,7000,8323984000000,8323985000000,8323986000000,8324000000000,8324001000000,11243000,48000,13000,7000,2800000
1791427227,493684502,1847,1617942128,D,N,258344000000,258343000000,258342000000,258338000000,258337000000,4584820000,1210000,24280000,420000,61930000,258345000000,258346000000,258347000000,258349000000,258351000000,1325230000,390000,390000,640000,280000
1791427227,496190049,1848,1617942128,S,N,258344000000,258343000000,258342000000,258338000000,258337000000,4584820000,1210000,24280000,420000,61930000,258345000000,258346000000,258347000000,258349000000,258351000000,1325230000,390000,390000,640000,280000
1791427227,578485797,1849,1747767917,D,N,8323983000000,8323982000000,8323981000000,8323956000000,8323915000000,661852000,13000,13000,8000,15221000,8323984000000,8323985000000,8323986000000,8324000000000,8324001000000,11236000,48000,13000,7000,2800000
1791427227,580869901,1850,1617942128,D,N,258344000000,258343000000,258342000000,258338000000,258337000000,4584820000,1210000,24280000,420000,61930000,258345000000,258346000000,258347000000,258349000000,258351000000,838320000,390000,390000,640000,280000
1791427227,582394528,1851,1617942128,S,N,258344000000,258343000000,258342000000,258338000000,258337000000,4584820000,1210000,24280000,420000,61930000,258345000000,258346000000,258347000000,258349000000,258351000000,838320000,390000,390000,640000,280000
1791427227,702557295,1852,1747767917,D,N,8323983000000,8323982000000,8323981000000,8323956000000,8323915000000,666675000,13000,13000,8000,15221000,8323984000000,8323985000000,8323986000000,8324000000000,8324001000000,11236000,48000,13000,7000,2800000
1791427227,705344710,1853,1617942128,D,N,258344000000,258343000000,258342000000,258338000000,258337000000,4584820000,1210000,24280000,420000,61930000,258345000000,258346000000,258347000000,258349000000,258351000000,838320000,390000,390000,640000,280000
1791427227,708240572,1854,1617942128,S,N,258344000000,258343000000,258342000000,258338000000,258337000000,4584820000,1210000,24280000,420000,61930000,258345000000,258346000000,258347000000,258349000000,258351000000,838320000,390000,390000,640000,280000
1791427227,772972386,1855,1747767917,D,N,8323983000000,8323982000000,8323981000000,8323956000000,8323915000000,666682000,13000,13000,8000,15221000,8323984000000,8323985000000,8323986000000,8323999000000,8324000000000,11250000,55000,13000,7000,7000
1791427227,775673432,1856,1617942128,D,N,258344000000,258343000000,258342000000,258338000000,258337000000,4584820000,1210000,24280000,420000,61930000,258345000000,258346000000,258347000000,258349000000,258351000000,1324420000,390000,390000,640000,280000
1791427227,777941467,1857,1617942128,S,N,258344000000,258343000000,258342000000,258338000000,258337000000,4584820000,1210000,24280000,420000,61930000,258345000000,258346000000,258347000000,258349000000,258351000000,1324420000,390000,390000,640000,280000
1791427227,849180080,1858,1747767917,S,N,8323983000000,8323982000000,8323981000000,8323956000000,8323915000000,666682000,13000,13000,8000,15221000,8323984000000,8323985000000,8323986000000,8323999000000,8324000000000,11250000,55000,13000,7000,7000
1791427227,851747863,1859,1747767917,D,N,8323983000000,8323982000000,8323981000000,8323956000000,8323915000000,666682000,13000,13000,8000,15221000,8323984000000,8323985000000,8323986000000,8323999000000,8324000000000,11250000,55000,13000,7000,7000
1791427227,923542884,1860,1617942128,D,N,258344000000,258343000000,258342000000,258338000000,258337000000,4584820000,1210000,24280000,420000,61930000,258345000000,258346000000,258347000000,258349000000,258351000000,1324420000,390000,390000,640000,280000
1791427227,926661115,1861,1617942128,S,N,258344000000,258343000000,258342000000,258338000000,258337000000,4584820000,1210000,24280000,420000,61930000,258345000000,258346000000,258347000000,258349000000,258351000000,1324420000,390000,390000,640000,280000
1791427227,948930533,1862,1747767917,D,N,8323983000000,8323982000000,8323981000000,8323956000000,8323915000000,666081000,13000,13000,8000,15221000,8323984000000,8323985000000,8323986000000,8323999000000,8324000000000,9732000,55000,13000,7000,7000
1791427227,951168672,1863,1617942128,D,N,258344000000,258343000000,258342000000,258338000000,258337000000,4584820000,1210000,24280000,420000,61930000,258345000000,258346000000,258347000000,258349000000,258351000000,838320000,390000,390000,640000,280000
1791427227,954022034,1864,1617942128,S,N,258344000000,258343000000,258342000000,258338000000,258337000000,4584820000,1210000,24280000,420000,61930000,258345000000,258346000000,258347000000,258349000000,258351000000,838320000,390000,390000,640000,280000
1791427228,69051778,1865,1747767917,D,N,8324200000000,8324199000000,8324198000000,8324136000000,8324107000000,903709000,28469000,13000,101161000,7000,8324201000000,8324202000000,8324319000000,8324337000000,8324370000000,5616000,42000,565000,7000,13000
1791427228,70364980,1866,1617942128,D,N,258348000000,258347000000,258346000000,258345000000,258344000000,9593330000,300390000,789250000,3554470000,454220000,258349000000,258350000000,258351000000,258352000000,258359000000,1000000,390000,670000,300000,200000
1791427228,71105652,1867,1617942128,S,N,258348000000,258347000000,258346000000,258345000000,258344000000,9593330000,300390000,789250000,3554470000,454220000,258349000000,258350000000,258351000000,258352000000,258359000000,1000000,390000,670000,300000,200000
1791427228,143031789,1868,1747767917,D,N,8324200000000,8324199000000,8324198000000,8324138000000,8324137000000,897911000,28483000,13000,2790000,260563000,8324201000000,8324202000000,8324337000000,8324370000000,8324386000000,5616000,42000,7000,13000,7000
1791427228,145181703,1869,1617942128,D,N,258363000000,258362000000,258361000000,258357000000,258353000000,6323100000,830000,390000,4000000,132910000,258364000000,258365000000,258366000000,258368000000,258370000000,1400000,390000,390000,720000,540000
1791427228,147057761,1870,1617942128,S,N,258363000000,258362000000,258361000000,258357000000,258353000000,6323100000,830000,390000,4000000,132910000,258364000000,258365000000,258366000000,258368000000,258370000000,1400000,390000,390000,720000,540000
1791427228,261156315,1871,1747767917,D,N,8324402000000,8324401000000,8324400000000,8324332000000,8324202000000,828652000,13000,13000,8000,32457000,8324403000000,8324404000000,8324547000000,8324548000000,8324551000000,1712000,70000,30052000,7000,7000
1791427228,262446752,1872,1617942128,D,N,258363000000,258362000000,258361000000,258357000000,258356000000,6337610000,830000,24770000,4000000,40650000,258364000000,258365000000,258366000000,258368000000,258370000000,1200000,590000,390000,300000,540000
1791427228,263512574,1873,1617942128,S,N,258363000000,258362000000,258361000000,258357000000,258356000000,6337610000,830000,24770000,4000000,40650000,258364000000,258365000000,258366000000,258368000000,258370000000,1200000,590000,390000,300000,540000
1791427228,340315855,1874,1747767917,D,N,8324546000000,8324545000000,8324544000000,8324466000000,8324460000000,929367000,13000,13000,14000,8000,8324547000000,8324548000000,8324551000000,8324600000000,8324601000000,80179000,49000,7000,7000,2800000
1791427228,342098120,1875,1617942128,D,N,258367000000,258366000000,258365000000,258364000000,258363000000,5975130000,445990000,1215830000,3072910000,1001100000,258368000000,258370000000,258375000000,258377000000,258380000000,910000,540000,200000,200000,220000
1791427228,343635155,1876,1617942128,S,N,258367000000,258366000000,258365000000,258364000000,258363000000,5975130000,445990000,1215830000,3072910000,1001100000,258368000000,258370000000,258375000000,258377000000,258380000000,910000,540000,200000,200000,220000
1791427228,435912640,1877,1747767917,D,N,8324546000000,8324545000000,8324544000000,8324466000000,8324460000000,931265000,13000,13000,14000,8000,8324547000000,8324548000000,8324551000000,8324600000000,8324601000000,80193000,49000,7000,7000,2800000
1791427228,437148462,1878,1617942128,D,N,258367000000,258366000000,258365000000,258364000000,258363000000,6152160000,445990000,2728500000,1290240000,419900000,258368000000,258370000000,258375000000,258377000000,258380000000,910000,540000,200000,200000,220000
1791427228,438349796,1879,1617942128,S,N,258367000000,258366000000,258365000000,258364000000,258363000000,6152160000,445990000,2728500000,1290240000,419900000,258368000000,258370000000,258375000000,258377000000,258380000000,910000,540000,200000,200000,220000
1791427228,536247346,1880,1747767917,D,N,8324546000000,8324545000000,8324544000000,8324466000000,8324460000000,948605000,13000,13000,14000,8000,8324547000000,8324548000000,8324551000000,8324600000000,8324601000000,80185000,42000,7000,7000,2800000
1791427228,537394553,1881,1617942128,D,N,258367000000,258366000000,258365000000,258364000000,258363000000,6152160000,445990000,2428500000,1290240000,419900000,258368000000,258370000000,258375000000,258377000000,258380000000,910000,540000,200000,200000,220000
1791427228,538418755,1882,1617942128,S,N,258367000000,258366000000,258365000000,258364000000,258363000000,6152160000,445990000,2428500000,1290240000,419900000,258368000000,258370000000,258375000000,258377000000,258380000000,910000,540000,200000,200000,220000
1791427228,636719811,1883,1747767917,S,N,8324546000000,8324545000000,8324544000000,8324466000000,8324460000000,948605000,13000,13000,14000,8000,8324547000000,8324548000000,8324551000000,8324600000000,8324601000000,80185000,42000,7000,7000,2800000
1791427228,637914598,1884,1747767917,D,N,8324546000000,8324545000000,8324544000000,8324466000000,8324460000000,948605000,13000,13000,14000,8000,8324547000000,8324548000000,8324551000000,8324600000000,8324601000000,80185000,42000,7000,7000,2800000
1791427228,638870116,1885,1617942128,D,N,258367000000,258366000000,258365000000,258364000000,258363000000,6152160000,1360320000,2428500000,1290240000,419900000,258368000000,258370000000,258375000000,258377000000,258380000000,910000,540000,200000,200000,220000
1791427228,639799059,1886,1617942128,S,N,258367000000,258366000000,258365000000,258364000000,258363000000,6152160000,1360320000,2428500000,1290240000,419900000,258368000000,258370000000,258375000000,258377000000,258380000000,910000,540000,200000,200000,220000
1791427228,728752751,1887,1747767917,D,N,8324546000000,8324545000000,8324544000000,8324466000000,8324460000000,969713000,13000,13000,14000,8000,8324547000000,8324548000000,8324551000000,8324600000000,8324601000000,74172000,42000,7000,7000,2800000
1791427228,729562205,1888,1617942128,D,N,258367000000,258366000000,258365000000,258364000000,258363000000,6156300000,1360320000,2428500000,1290240000,440600000,258368000000,258370000000,258375000000,258377000000,258380000000,910000,540000,200000,200000,220000
1791427228,730259303,1889,1617942128,S,N,258367000000,258366000000,258365000000,258364000000,258363000000,6156300000,1360320000,2428500000,1290240000,440600000,258368000000,258370000000,258375000000,258377000000,258380000000,910000,540000,200000,200000,220000
1791427228,826378105,1890,1747767917,S,N,8324546000000,8324545000000,8324544000000,8324466000000,8324460000000,969713000,13000,13000,14000,8000,8324547000000,8324548000000,8324551000000,8324600000000,8324601000000,74172000,42000,7000,7000,2800000
1791427228,830083618,1891,1747767917,D,N,8324546000000,8324545000000,8324544000000,8324466000000,8324460000000,969713000,13000,13000,14000,8000,8324547000000,8324548000000,8324551000000,8324600000000,8324601000000,74172000,42000,7000,7000,2800000
1791427228,831950101,1892,1617942128,D,N,258367000000,258366000000,258365000000,258364000000,258363000000,6156300000,1360320000,2428500000,1290240000,440600000,258368000000,258370000000,258375000000,258377000000,258380000000,910000,540000,200000,200000,220000
1791427228,833972906,1893,1617942128,S,N,258367000000,258366000000,258365000000,258364000000,258363000000,6156300000,1360320000,2428500000,1290240000,440600000,258368000000,258370000000,258375000000,258377000000,258380000000,910000,540000,200000,200000,220000
1791427228,926159334,1894,1747767917,D,N,8324546000000,8324545000000,8324544000000,8324466000000,8324460000000,970321000,13000,13000,14000,8000,8324547000000,8324548000000,8324551000000,8324600000000,8324601000000,74185000,42000,7000,7000,2800000
1791427228,927197507,1895,1617942128,D,N,258367000000,258366000000,258365000000,258364000000,258363000000,6156300000,1410320000,2428500000,1290240000,490600000,258368000000,258370000000,258375000000,258377000000,258380000000,910000,540000,200000,200000,220000
1791427228,928318823,1896,1617942128,S,N,258367000000,258366000000,258365000000,258364000000,258363000000,6156300000,1410320000,2428500000,1290240000,490600000,258368000000,258370000000,258375000000,258377000000,258380000000,910000,540000,200000,200000,220000
1791427229,22261723,1897,1747767917,S,N,8324546000000,8324545000000,8324544000000,8324466000000,8324460000000,970321000,13000,13000,14000,8000,8324547000000,8324548000000,8324551000000,8324600000000,8324601000000,74185000,42000,7000,7000,2800000
1791427229,23459539,1898,1747767917,D,N,8324546000000,8324545000000,8324544000000,8324466000000,8324460000000,970321000,13000,13000,14000,8000,8324547000000,8324548000000,8324551000000,8324600000000,8324601000000,74185000,42000,7000,7000,2800000
1791427229,24488821,1899,1617942128,D,N,258367000000,258366000000,258365000000,258364000000,258363000000,6156300000,1410320000,2428500000,1290240000,490600000,258368000000,258370000000,258375000000,258377000000,258380000000,910000,540000,200000,200000,220000
1791427229,25467885,1900,1617942128,S,N,258367000000,258366000000,258365000000,258364000000,258363000000,6156300000,1410320000,2428500000,1290240000,490600000,258368000000,258370000000,258375000000,258377000000,258380000000,910000,540000,200000,200000,220000
1791427229,131635839,1901,1747767917,S,N,8324546000000,8324545000000,8324544000000,8324466000000,8324460000000,970321000,13000,13000,14000,8000,8324547000000,8324548000000,8324551000000,8324600000000,8324601000000,74185000,42000,7000,7000,2800000
1791427229,135563524,1902,1747767917,D,N,8324546000000,8324545000000,8324544000000,8324466000000,8324460000000,970321000,13000,13000,14000,8000,8324547000000,8324548000000,8324551000000,8324600000000,8324601000000,74185000,42000,7000,7000,2800000
1791427229,136805794,1903,1617942128,D,N,258367000000,258366000000,258365000000,258364000000,258363000000,6195000000,1410320000,2428500000,1290240000,490600000,258368000000,258370000000,258375000000,258377000000,258380000000,910000,540000,200000,200000,220000
1791427229,137915484,1904,1617942128,S,N,258367000000,258366000000,258365000000,258364000000,258363000000,6195000000,1410320000,2428500000,1290240000,490600000,258368000000,258370000000,258375000000,258377000000,258380000000,910000,540000,200000,200000,220000
1791427229,218008852,1905,1747767917,D,N,8324546000000,8324545000000,8324544000000,8324466000000,8324460000000,970321000,13000,13000,14000,8000,8324547000000,8324548000000,8324549000000,8324551000000,8324600000000,74198000,55000,13000,7000,7000
1791427229,322357806,1906,1747767917,D,N,8324546000000,8324545000000,8324544000000,8324466000000,8324460000000,970331000,13000,13000,14000,8000,8324547000000,8324548000000,8324549000000,8324551000000,8324600000000,74198000,55000,13000,7000,7000
1791427229,325494795,1907,1617942128,D,N,258367000000,258366000000,258365000000,258364000000,258363000000,7395000000,1410320000,2428500000,1290240000,490600000,258368000000,258370000000,258375000000,258377000000,258380000000,910000,540000,200000,200000,220000
1791427229,328464911,1908,1617942128,S,N,258367000000,258366000000,258365000000,258364000000,258363000000,7395000000,1410320000,2428500000,1290240000,490600000,258368000000,258370000000,258375000000,258377000000,258380000000,910000,540000,200000,200000,220000
1791427229,414121872,1909,1747767917,D,N,8324546000000,8324545000000,8324544000000,8324466000000,8324460000000,973934000,13000,13000,14000,8000,8324547000000,8324548000000,8324549000000,8324551000000,8324600000000,74198000,55000,13000,7000,7000
1791427229,415589930,1910,1617942128,D,N,258367000000,258366000000,258365000000,258364000000,258363000000,7395000000,1410320000,2428500000,1290240000,490600000,258368000000,258369000000,258370000000,258375000000,258377000000,1300000,390000,930000,200000,200000
1791427229,417221930,1911,1617942128,S,N,258367000000,258366000000,258365000000,258364000000,258363000000,7395000000,1410320000,2428500000,1290240000,490600000,258368000000,258369000000,258370000000,258375000000,258377000000,1300000,390000,930000,200000,200000
1791427229,525400184,1912,1747767917,S,N,8324546000000,8324545000000,8324544000000,8324466000000,8324460000000,973934000,13000,13000,14000,8000,8324547000000,8324548000000,8324549000000,8324551000000,8324600000000,74198000,55000,13000,7000,7000
1791427229,527015087,1913,1747767917,D,N,8324546000000,8324545000000,8324544000000,8324466000000,8324460000000,973934000,13000,13000,14000,8000,8324547000000,8324548000000,8324549000000,8324551000000,8324600000000,74198000,55000,13000,7000,7000
1791427229,528446116,1914,1617942128,D,N,258374000000,258373000000,258372000000,258370000000,258369000000,8521030000,390000,50390000,6128320000,4185760000,258375000000,258380000000,258382000000,258383000000,258384000000,1067350000,220000,720000,30860000,77650000
1791427229,530126869,1915,1617942128,S,N,258374000000,258373000000,258372000000,258370000000,258369000000,8521030000,390000,50390000,6128320000,4185760000,258375000000,258380000000,258382000000,258383000000,258384000000,1067350000,220000,720000,30860000,77650000
1791427229,607575662,1916,1747767917,S,N,8324546000000,8324545000000,8324544000000,8324466000000,8324460000000,973934000,13000,13000,14000,8000,8324547000000,8324548000000,8324549000000,8324551000000,8324600000000,74198000,55000,13000,7000,7000
1791427229,609137513,1917,1747767917,D,N,8324546000000,8324545000000,8324544000000,8324466000000,8324460000000,973934000,13000,13000,14000,8000,8324547000000,8324548000000,8324549000000,8324551000000,8324600000000,74198000,55000,13000,7000,7000
1791427229,611263783,1918,1617942128,D,N,258376000000,258375000000,258374000000,258372000000,258370000000,5436480000,865020000,5858780000,50000000,420000,258377000000,258379000000,258380000000,258382000000,258383000000,755100000,420000,118310000,720000,20420000
1791427229,613027583,1919,1617942128,S,N,258376000000,258375000000,258374000000,258372000000,258370000000,5436480000,865020000,5858780000,50000000,420000,258377000000,258379000000,258380000000,258382000000,258383000000,755100000,420000,118310000,720000,20420000
1791427229,706232741,1920,1747767917,D,N,8324546000000,8324545000000,8324544000000,8324466000000,8324460000000,992691000,13000,13000,14000,8000,8324547000000,8324548000000,8324549000000,8324551000000,8324600000000,74205000,55000,13000,7000,7000
1791427229,707675592,1921,1617942128,D,N,258376000000,258375000000,258374000000,258372000000,258370000000,5438850000,75390000,5044770000,50000000,420000,258377000000,258380000000,258382000000,258383000000,258384000000,755500000,220000,720000,20420000,77650000
1791427229,709082098,1922,1617942128,S,N,258376000000,258375000000,258374000000,258372000000,258370000000,5438850000,75390000,5044770000,50000000,420000,258377000000,258380000000,258382000000,258383000000,258384000000,755500000,220000,720000,20420000,77650000
1791427229,838224580,1923,1747767917,D,N,8324546000000,8324545000000,8324544000000,8324466000000,8324460000000,992202000,62000,13000,14000,8000,8324547000000,8324548000000,8324549000000,8324551000000,8324600000000,110175000,55000,13000,7000,7000
1791427229,840678736,1924,1617942128,D,N,258376000000,258375000000,258374000000,258372000000,258370000000,5450050000,75390000,4275720000,50000000,420000,258377000000,258380000000,258382000000,258383000000,258384000000,1665110000,220000,720000,20420000,77650000
1791427229,843217306,1925,1617942128,S,N,258376000000,258375000000,258374000000,258372000000,258370000000,5450050000,75390000,4275720000,50000000,420000,258377000000,258380000000,258382000000,258383000000,258384000000,1665110000,220000,720000,20420000,77650000
1791427229,901829508,1926,1747767917,D,N,8324546000000,8324545000000,8324544000000,8324470000000,8324466000000,992946000,69000,13000,400000,14000,8324547000000,8324548000000,8324549000000,8324551000000,8324600000000,74189000,55000,13000,7000,7000
1791427229,903756761,1927,1617942128,D,N,258376000000,258375000000,258374000000,258372000000,258371000000,5450050000,75390000,4275720000,50000000,200000,258377000000,258380000000,258382000000,258383000000,258384000000,1665110000,220000,720000,20420000,77650000
1791427229,905227750,1928,1617942128,S,N,258376000000,258375000000,258374000000,258372000000,258371000000,5450050000,75390000,4275720000,50000000,200000,258377000000,258380000000,258382000000,258383000000,258384000000,1665110000,220000,720000,20420000,77650000
1791427229,999247248,1929,1747767917,D,N,8324546000000,8324545000000,8324544000000,8324470000000,8324466000000,992939000,62000,13000,400000,14000,8324547000000,8324548000000,8324549000000,8324551000000,8324600000000,74189000,55000,13000,7000,7000
1791427230,806852,1930,1617942128,D,N,258376000000,258375000000,258374000000,258372000000,258371000000,5450050000,75390000,4275720000,50000000,200000,258377000000,258380000000,258382000000,258383000000,258384000000,1665110000,220000,720000,20420000,77650000
1791427230,2441783,1931,1617942128,S,N,258376000000,258375000000,258374000000,258372000000,258371000000,5450050000,75390000,4275720000,50000000,200000,258377000000,258380000000,258382000000,258383000000,258384000000,1665110000,220000,720000,20420000,77650000
1791427230,97927482,1932,1747767917,D,N,8324546000000,8324545000000,8324544000000,8324470000000,8324466000000,992939000,62000,13000,400000,14000,8324547000000,8324548000000,8324549000000,8324551000000,8324600000000,75499000,55000,13000,7000,7000
1791427230,99501350,1933,1617942128,D,N,258379000000,258378000000,258377000000,258376000000,258375000000,5456360000,3381000000,906230000,1881200000,75240000,258380000000,258381000000,258382000000,258383000000,258384000000,458620000,390000,1110000,20420000,77650000
1791427230,101647161,1934,1617942128,S,N,258379000000,258378000000,258377000000,258376000000,258375000000,5456360000,3381000000,906230000,1881200000,75240000,258380000000,258381000000,258382000000,258383000000,258384000000,458620000,390000,1110000,20420000,77650000
1791427230,235795168,1935,1747767917,D,N,8324546000000,8324545000000,8324544000000,8324470000000,8324466000000,993540000,62000,13000,400000,14000,8324547000000,8324548000000,8324549000000,8324551000000,8324600000000,75512000,55000,13000,7000,7000
1791427230,236826404,1936,1617942128,D,N,258379000000,258378000000,258377000000,258376000000,258375000000,5470900000,2566570000,92220000,370000000,75240000,258380000000,258381000000,258382000000,258383000000,258384000000,459020000,390000,1110000,20420000,77650000
1791427230,237829599,1937,1617942128,S,N,258379000000,258378000000,258377000000,258376000000,258375000000,5470900000,2566570000,92220000,370000000,75240000,258380000000,258381000000,258382000000,258383000000,258384000000,459020000,390000,1110000,20420000,77650000
1791427230,336076920,1938,1747767917,S,N,8324546000000,8324545000000,8324544000000,8324470000000,8324466000000,993540000,62000,13000,400000,14000,8324547000000,8324548000000,8324549000000,8324551000000,8324600000000,75512000,55000,13000,7000,7000
1791427230,337403213,1939,1747767917,D,N,8324546000000,8324545000000,8324544000000,8324470000000,8324466000000,993540000,62000,13000,400000,14000,8324547000000,8324548000000,8324549000000,8324551000000,8324600000000,75512000,55000,13000,7000,7000
1791427230,338610897,1940,1617942128,D,N,258379000000,258378000000,258377000000,258376000000,258375000000,5470900000,2566570000,91800000,100000000,75240000,258380000000,258381000000,258382000000,258383000000,258384000000,1397020000,390000,1110000,20420000,77650000
1791427230,339706909,1941,1617942128,S,N,258379000000,258378000000,258377000000,258376000000,258375000000,5470900000,2566570000,91800000,100000000,75240000,258380000000,258381000000,258382000000,258383000000,258384000000,1397020000,390000,1110000,20420000,77650000
1791427230,390344253,1942,1747767917,D,N,8324546000000,8324545000000,8324544000000,8324470000000,8324466000000,993547000,76000,13000,400000,14000,8324547000000,8324548000000,8324549000000,8324551000000,8324600000000,75512000,55000,13000,7000,7000
1791427230,391359466,1943,1617942128,D,N,258379000000,258378000000,258377000000,258376000000,258375000000,5468510000,2566570000,91800000,100000000,75240000,258380000000,258381000000,258382000000,258383000000,258384000000,1849560000,390000,1110000,20420000,77650000
1791427230,392313420,1944,1617942128,S,N,258379000000,258378000000,258377000000,258376000000,258375000000,5468510000,2566570000,91800000,100000000,75240000,258380000000,258381000000,258382000000,258383000000,258384000000,1849560000,390000,1110000,20420000,77650000
1791427230,500549611,1945,1747767917,D,N,8324546000000,8324545000000,8324544000000,8324470000000,8324466000000,992946000,76000,13000,400000,14000,8324547000000,8324548000000,8324549000000,8324551000000,8324600000000,75512000,55000,13000,7000,7000
1791427230,501627743,1946,1617942128,D,N,258379000000,258378000000,258377000000,258376000000,258375000000,5470880000,2566570000,91800000,100000000,75240000,258380000000,258381000000,258382000000,258383000000,258384000000,1506860000,390000,1110000,20420000,77650000
1791427230,502679203,1947,1617942128,S,N,258379000000,258378000000,258377000000,258376000000,258375000000,5470880000,2566570000,91800000,100000000,75240000,258380000000,258381000000,258382000000,258383000000,258384000000,1506860000,390000,1110000,20420000,77650000
1791427230,587475515,1948,1747767917,D,N,8324546000000,8324545000000,8324544000000,8324470000000,8324466000000,992939000,69000,13000,400000,14000,8324547000000,8324548000000,8324549000000,8324551000000,8324600000000,75512000,55000,13000,7000,7000
1791427230,588434940,1949,1617942128,D,N,258379000000,258378000000,258377000000,258376000000,258375000000,5470880000,2566570000,91800000,100000000,75240000,258380000000,258381000000,258382000000,258383000000,258384000000,1506860000,390000,1110000,20420000,77650000
1791427230,589371895,1950,1617942128,S,N,258379000000,258378000000,258377000000,258376000000,258375000000,5470880000,2566570000,91800000,100000000,75240000,258380000000,258381000000,258382000000,258383000000,258384000000,1506860000,390000,1110000,20420000,77650000
1791427230,698260240,1951,1747767917,D,N,8324546000000,8324545000000,8324544000000,8324470000000,8324466000000,992939000,76000,13000,400000,14000,8324547000000,8324548000000,8324549000000,8324551000000,8324600000000,75519000,55000,13000,7000,7000
1791427230,701026551,1952,1617942128,D,N,258379000000,258378000000,258377000000,258376000000,258375000000,5468510000,2566570000,91800000,100000000,75240000,258380000000,258381000000,258382000000,258383000000,258384000000,1545570000,390000,1110000,20420000,77650000
1791427230,703786219,1953,1617942128,S,N,258379000000,258378000000,258377000000,258376000000,258375000000,5468510000,2566570000,91800000,100000000,75240000,258380000000,258381000000,258382000000,258383000000,258384000000,1545570000,390000,1110000,20420000,77650000
1791427230,783726196,1954,1747767917,D,N,8324546000000,8324545000000,8324544000000,8324470000000,8324466000000,991119000,76000,13000,400000,14000,8324547000000,8324548000000,8324549000000,8324551000000,8324600000000,75526000,55000,13000,7000,7000
1791427230,785973323,1955,1617942128,D,N,258379000000,258378000000,258377000000,258376000000,258375000000,5468510000,2566570000,91800000,100000000,75240000,258380000000,258381000000,258382000000,258383000000,258384000000,1545570000,390000,1110000,20420000,77650000
1791427230,787930180,1956,1617942128,S,N,258379000000,258378000000,258377000000,258376000000,258375000000,5468510000,2566570000,91800000,100000000,75240000,258380000000,258381000000,258382000000,258383000000,258384000000,1545570000,390000,1110000,20420000,77650000
1791427230,935980770,1957,1747767917,S,N,8324546000000,8324545000000,8324544000000,8324470000000,8324466000000,991119000,76000,13000,400000,14000,8324547000000,8324548000000,8324549000000,8324551000000,8324600000000,75526000,55000,13000,7000,7000
1791427230,936796379,1958,1747767917,D,N,8324546000000,8324545000000,8324544000000,8324470000000,8324466000000,991119000,76000,13000,400000,14000,8324547000000,8324548000000,8324549000000,8324551000000,8324600000000,75526000,55000,13000,7000,7000
1791427230,937427724,1959,1617942128,D,N,258379000000,258378000000,258377000000,258376000000,258375000000,5468510000,2566570000,91800000,100000000,75240000,258380000000,258381000000,258382000000,258383000000,258384000000,1545570000,390000,1110000,20420000,77650000
1791427230,938111437,1960,1617942128,S,N,258379000000,258378000000,258377000000,258376000000,258375000000,5468510000,2566570000,91800000,100000000,75240000,258380000000,258381000000,258382000000,258383000000,258384000000,1545570000,390000,1110000,20420000,77650000
1791427230,976697928,1961,1747767917,S,N,8324546000000,8324545000000,8324544000000,8324470000000,8324466000000,991119000,76000,13000,400000,14000,8324547000000,8324548000000,8324549000000,8324551000000,8324600000000,75526000,55000,13000,7000,7000
1791427230,977950359,1962,1747767917,D,N,8324546000000,8324545000000,8324544000000,8324470000000,8324466000000,991119000,76000,13000,400000,14000,8324547000000,8324548000000,8324549000000,8324551000000,8324600000000,75526000,55000,13000,7000,7000
1791427230,979036210,1963,1617942128,D,N,258379000000,258378000000,258377000000,258376000000,258375000000,5468510000,2566570000,91800000,100000000,75240000,258380000000,258381000000,258382000000,258383000000,258384000000,1545570000,390000,1110000,20420000,77650000
1791427230,980200710,1964,1617942128,S,N,258379000000,258378000000,258377000000,258376000000,258375000000,5468510000,2566570000,91800000,100000000,75240000,258380000000,258381000000,258382000000,258383000000,258384000000,1545570000,390000,1110000,20420000,77650000
1791427231,96522259,1965,1747767917,D,N,8324546000000,8324545000000,8324544000000,8324470000000,8324466000000,991126000,76000,13000,400000,14000,8324547000000,8324548000000,8324549000000,8324551000000,8324600000000,75526000,55000,13000,7000,7000
1791427231,97924173,1966,1617942128,D,N,258379000000,258378000000,258377000000,258376000000,258375000000,5149010000,2566970000,91800000,100000000,75240000,258380000000,258381000000,258382000000,258383000000,258384000000,1545570000,390000,1110000,20420000,77650000
1791427231,99226139,1967,1617942128,S,N,258379000000,258378000000,258377000000,258376000000,258375000000,5149010000,2566970000,91800000,100000000,75240000,258380000000,258381000000,258382000000,258383000000,258384000000,1545570000,390000,1110000,20420000,77650000
1791427231,181063864,1968,1747767917,D,N,8324546000000,8324545000000,8324544000000,8324470000000,8324466000000,991119000,76000,13000,400000,14000,8324547000000,8324548000000,8324549000000,8324551000000,8324600000000,75533000,62000,13000,7000,7000
1791427231,183978094,1969,1617942128,D,N,258379000000,258378000000,258377000000,258376000000,258375000000,4409710000,2566970000,91800000,100000000,97340000,258380000000,258381000000,258382000000,258383000000,258384000000,2932950000,390000,1110000,20420000,77650000
1791427231,186691842,1970,1617942128,S,N,258379000000,258378000000,258377000000,258376000000,258375000000,4409710000,2566970000,91800000,100000000,97340000,258380000000,258381000000,258382000000,258383000000,258384000000,2932950000,390000,1110000,20420000,77650000
1791427231,289617876,1971,1747767917,D,N,8324546000000,8324545000000,8324544000000,8324470000000,8324466000000,991119000,76000,13000,400000,14000,8324547000000,8324548000000,8324549000000,8324551000000,8324600000000,75540000,62000,13000,7000,7000
1791427231,292180578,1972,1617942128,D,N,258379000000,258378000000,258377000000,258376000000,258375000000,4409710000,2566970000,91800000,100000000,97340000,258380000000,258381000000,258382000000,258383000000,258384000000,2662950000,390000,1110000,20420000,77650000
1791427231,294689642,1973,1617942128,S,N,258379000000,258378000000,258377000000,258376000000,258375000000,4409710000,2566970000,91800000,100000000,97340000,258380000000,258381000000,258382000000,258383000000,258384000000,2662950000,390000,1110000,20420000,77650000
1791427231,398020452,1974,1747767917,D,N,8324546000000,8324545000000,8324544000000,8324470000000,8324466000000,991119000,76000,13000,400000,14000,8324547000000,8324548000000,8324549000000,8324551000000,8324600000000,75498000,62000,13000,7000,7000
1791427231,400548665,1975,1617942128,D,N,258379000000,258378000000,258377000000,258376000000,258375000000,4409710000,2566970000,91800000,100000000,97340000,258380000000,258381000000,258382000000,258383000000,258384000000,2101210000,390000,690000,420000,77650000
1791427231,404009533,1976,1617942128,S,N,258379000000,258378000000,258377000000,258376000000,258375000000,4409710000,2566970000,91800000,100000000,97340000,258380000000,258381000000,258382000000,258383000000,258384000000,2101210000,390000,690000,420000,77650000
1791427231,482764395,1977,1747767917,S,N,8324546000000,8324545000000,8324544000000,8324470000000,8324466000000,991119000,76000,13000,400000,14000,8324547000000,8324548000000,8324549000000,8324551000000,8324600000000,75498000,62000,13000,7000,7000
1791427231,484185166,1978,1747767917,D,N,8324546000000,8324545000000,8324544000000,8324470000000,8324466000000,991119000,76000,13000,400000,14000,8324547000000,8324548000000,8324549000000,8324551000000,8324600000000,75498000,62000,13000,7000,7000
1791427231,485351425,1979,1617942128,D,N,258379000000,258378000000,258377000000,258376000000,258375000000,4411700000,2566570000,91800000,100000000,97340000,258380000000,258381000000,258382000000,258383000000,258384000000,534010000,390000,690000,420000,77650000
1791427231,486546115,1980,1617942128,S,N,258379000000,258378000000,258377000000,258376000000,258375000000,4411700000,2566570000,91800000,100000000,97340000,258380000000,258381000000,258382000000,258383000000,258384000000,534010000,390000,690000,420000,77650000
1791427231,637539366,1981,1747767917,S,N,8324546000000,8324545000000,8324544000000,8324470000000,8324466000000,991119000,76000,13000,400000,14000,8324547000000,8324548000000,8324549000000,8324551000000,8324600000000,75498000,62000,13000,7000,7000
1791427231,641556057,1982,1747767917,D,N,8324546000000,8324545000000,8324544000000,8324470000000,8324466000000,991119000,76000,13000,400000,14000,8324547000000,8324548000000,8324549000000,8324551000000,8324600000000,75498000,62000,13000,7000,7000
1791427231,644456707,1983,1617942128,D,N,258379000000,258378000000,258377000000,258376000000,258375000000,4412100000,2566970000,91800000,100000000,97340000,258380000000,258381000000,258382000000,258383000000,258384000000,834860000,390000,690000,420000,77650000
1791427231,646927765,1984,1617942128,S,N,258379000000,258378000000,258377000000,258376000000,258375000000,4412100000,2566970000,91800000,100000000,97340000,258380000000,258381000000,258382000000,258383000000,258384000000,834860000,390000,690000,420000,77650000
1791427231,671021264,1985,1747767917,D,N,8324546000000,8324545000000,8324544000000,8324470000000,8324466000000,991098000,76000,13000,400000,14000,8324547000000,8324548000000,8324549000000,8324551000000,8324600000000,75498000,62000,13000,7000,7000
1791427231,674303633,1986,1617942128,D,N,258379000000,258378000000,258377000000,258376000000,258375000000,4411700000,2566570000,91800000,100000000,97340000,258380000000,258381000000,258382000000,258383000000,258384000000,272450000,390000,690000,420000,77650000
1791427231,677231249,1987,1617942128,S,N,258379000000,258378000000,258377000000,258376000000,258375000000,4411700000,2566570000,91800000,100000000,97340000,258380000000,258381000000,258382000000,258383000000,258384000000,272450000,390000,690000,420000,77650000
1791427231,802657276,1988,1747767917,D,N,8324546000000,8324545000000,8324544000000,8324470000000,8324466000000,991098000,76000,13000,400000,14000,8324547000000,8324548000000,8324549000000,8324551000000,8324600000000,75484000,55000,13000,7000,7000
1791427231,807523087,1989,1617942128,D,N,258379000000,258378000000,258377000000,258376000000,258375000000,4415700000,2566570000,91800000,100000000,97340000,258380000000,258381000000,258382000000,258383000000,258384000000,78830000,390000,690000,420000,77650000
1791427231,811127968,1990,1617942128,S,N,258379000000,258378000000,258377000000,258376000000,258375000000,4415700000,2566570000,91800000,100000000,97340000,258380000000,258381000000,258382000000,258383000000,258384000000,78830000,390000,690000,420000,77650000
1791427231,903350741,1991,1747767917,D,N,8324546000000,8324545000000,8324544000000,8324490000000,8324470000000,991670000,48000,13000,2908000,400000,8324547000000,8324548000000,8324549000000,8324551000000,8324600000000,74138000,55000,13000,7000,7000
1791427231,904979224,1992,1617942128,D,N,258394000000,258393000000,258392000000,258390000000,258389000000,6953810000,390000,390000,4000000,63880000,258395000000,258396000000,258398000000,258400000000,258401000000,1450000,200000,1270000,2360000,1100000
1791427231,906692512,1993,1617942128,S,N,258394000000,258393000000,258392000000,258390000000,258389000000,6953810000,390000,390000,4000000,63880000,258395000000,258396000000,258398000000,258400000000,258401000000,1450000,200000,1270000,2360000,1100000
1791427232,16727771,1994,1747767917,D,N,8324546000000,8324545000000,8324544000000,8324490000000,8324478000000,992313000,62000,13000,2915000,32456000,8324547000000,8324548000000,8324549000000,8324551000000,8324600000000,71939000,62000,13000,7000,7000
1791427232,18116398,1995,1617942128,D,N,258394000000,258393000000,258392000000,258390000000,258389000000,6686070000,50390000,24770000,54000000,60000000,258395000000,258396000000,258398000000,258400000000,258401000000,1250000,400000,300000,2360000,680000
1791427232,19558956,1996,1617942128,S,N,258394000000,258393000000,258392000000,258390000000,258389000000,6686070000,50390000,24770000,54000000,60000000,258395000000,258396000000,258398000000,258400000000,258401000000,1250000,400000,300000,2360000,680000
1791427232,51018147,1997,1747767917,D,N,8324546000000,8324545000000,8324544000000,8324490000000,8324478000000,992506000,62000,13000,2915000,32456000,8324547000000,8324548000000,8324549000000,8324551000000,8324600000000,71946000,69000,13000,7000,7000
1791427232,52201601,1998,1617942128,D,N,258394000000,258393000000,258392000000,258390000000,258389000000,6686070000,50390000,24770000,54000000,60000000,258395000000,258396000000,258400000000,258401000000,258404000000,1250000,400000,2360000,680000,1450000
1791427232,53261659,1999,1617942128,S,N,258394000000,258393000000,258392000000,258390000000,258389000000,6686070000,50390000,24770000,54000000,60000000,258395000000,258396000000,258400000000,258401000000,258404000000,1250000,400000,2360000,680000,1450000
1791427232,151274692,2000,1747767917,D,N,8324546000000,8324545000000,8324544000000,8324490000000,8324470000000,992499000,62000,13000,2908000,400000,8324547000000,8324548000000,8324549000000,8324551000000,8324600000000,71707000,69000,13000,7000,7000
1791427232,153979646,2001,1617942128,D,N,258394000000,258393000000,258392000000,258391000000,258390000000,6686490000,50810000,24770000,620000,54420000,258395000000,258396000000,258400000000,258401000000,258404000000,734400000,200000,2360000,680000,1450000
1791427232,156519584,2002,1617942128,S,N,258394000000,258393000000,258392000000,258391000000,258390000000,6686490000,50810000,24770000,620000,54420000,258395000000,258396000000,258400000000,258401000000,258404000000,734400000,200000,2360000,680000,1450000
1791427232,248203828,2003,1747767917,D,N,8324546000000,8324545000000,8324544000000,8324490000000,8324470000000,992492000,55000,13000,2908000,400000,8324547000000,8324548000000,8324549000000,8324551000000,8324600000000,71707000,69000,13000,7000,7000
1791427232,251681208,2004,1617942128,D,N,258394000000,258393000000,258392000000,258391000000,258390000000,6686490000,50810000,24770000,620000,54420000,258395000000,258396000000,258400000000,258401000000,258404000000,1077490000,200000,2360000,680000,1450000
1791427232,254524898,2005,1617942128,S,N,258394000000,258393000000,258392000000,258391000000,258390000000,6686490000,50810000,24770000,620000,54420000,258395000000,258396000000,258400000000,258401000000,258404000000,1077490000,200000,2360000,680000,1450000
1791427232,345089389,2006,1747767917,D,N,8324546000000,8324545000000,8324544000000,8324490000000,8324470000000,992292000,55000,13000,2908000,400000,8324547000000,8324548000000,8324549000000,8324551000000,8324600000000,71707000,69000,13000,7000,7000
1791427232,346766821,2007,1617942128,D,N,258394000000,258393000000,258392000000,258391000000,258390000000,6297740000,50810000,24770000,620000,54420000,258395000000,258396000000,258400000000,258401000000,258404000000,1077490000,200000,2360000,680000,1450000
1791427232,348253051,2008,1617942128,S,N,258394000000,258393000000,258392000000,258391000000,258390000000,6297740000,50810000,24770000,620000,54420000,258395000000,258396000000,258400000000,258401000000,258404000000,1077490000,200000,2360000,680000,1450000
1791427232,443889112,2009,1747767917,D,N,8324546000000,8324545000000,8324544000000,8324515000000,8324490000000,992292000,55000,13000,200000,2908000,8324547000000,8324548000000,8324549000000,8324551000000,8324600000000,71707000,69000,13000,7000,7000
1791427232,445353555,2010,1617942128,D,N,258394000000,258393000000,258392000000,258391000000,258390000000,6297740000,50810000,24770000,620000,54420000,258395000000,258396000000,258400000000,258401000000,258404000000,1834110000,200000,2360000,680000,1450000
1791427232,447080521,2011,1617942128,S,N,258394000000,258393000000,258392000000,258391000000,258390000000,6297740000,50810000,24770000,620000,54420000,258395000000,258396000000,258400000000,258401000000,258404000000,1834110000,200000,2360000,680000,1450000
1791427232,539497915,2012,1747767917,D,N,8324546000000,8324545000000,8324544000000,8324491000000,8324490000000,991734000,62000,13000,7000,2908000,8324547000000,8324548000000,8324549000000,8324551000000,8324600000000,127633000,69000,13000,7000,7000
1791427232,540855668,2013,1617942128,D,N,258394000000,258393000000,258392000000,258391000000,258390000000,5703400000,50810000,24770000,620000,54420000,258395000000,258400000000,258401000000,258404000000,258405000000,2951290000,2360000,680000,1450000,760000
1791427232,542586151,2014,1617942128,S,N,258394000000,258393000000,258392000000,258391000000,258390000000,5703400000,50810000,24770000,620000,54420000,258395000000,258400000000,258401000000,258404000000,258405000000,2951290000,2360000,680000,1450000,760000
1791427232,637978057,2015,1747767917,D,N,8324546000000,8324545000000,8324544000000,8324491000000,8324490000000,991091000,55000,13000,7000,2908000,8324547000000,8324548000000,8324549000000,8324551000000,8324600000000,71721000,69000,13000,7000,7000
1791427232,638993075,2016,1617942128,D,N,258394000000,258393000000,258392000000,258391000000,258390000000,5703430000,50810000,24770000,620000,54420000,258395000000,258400000000,258401000000,258404000000,258405000000,2951290000,2360000,680000,1450000,760000
1791427232,639979173,2017,1617942128,S,N,258394000000,258393000000,258392000000,258391000000,258390000000,5703430000,50810000,24770000,620000,54420000,258395000000,258400000000,258401000000,258404000000,258405000000,2951290000,2360000,680000,1450000,760000
1791427232,737895481,2018,1747767917,S,N,8324546000000,8324545000000,8324544000000,8324491000000,8324490000000,991091000,55000,13000,7000,2908000,8324547000000,8324548000000,8324549000000,8324551000000,8324600000000,71721000,69000,13000,7000,7000
1791427232,739983649,2019,1747767917,D,N,8324546000000,8324545000000,8324544000000,8324491000000,8324490000000,991091000,55000,13000,7000,2908000,8324547000000,8324548000000,8324549000000,8324551000000,8324600000000,71721000,69000,13000,7000,7000
1791427232,742096534,2020,1617942128,D,N,258394000000,258393000000,258392000000,258391000000,258390000000,5701040000,50810000,24770000,620000,54420000,258395000000,258400000000,258401000000,258404000000,258405000000,2951290000,2360000,680000,1450000,760000
1791427232,744052511,2021,1617942128,S,N,258394000000,258393000000,258392000000,258391000000,258390000000,5701040000,50810000,24770000,620000,54420000,258395000000,258400000000,258401000000,258404000000,258405000000,2951290000,2360000,680000,1450000,760000
1791427232,834808497,2022,1747767917,D,N,8324546000000,8324545000000,8324544000000,8324491000000,8324490000000,991091000,55000,13000,207000,2908000,8324547000000,8324548000000,8324549000000,8324551000000,8324600000000,71703000,69000,13000,7000,7000
1791427232,837389078,2023,1617942128,D,N,258394000000,258393000000,258392000000,258391000000,258390000000,5739740000,50810000,24770000,620000,54420000,258395000000,258400000000,258401000000,258404000000,258405000000,2951290000,2360000,680000,1450000,760000
1791427232,839755791,2024,1617942128,S,N,258394000000,258393000000,258392000000,258391000000,258390000000,5739740000,50810000,24770000,620000,54420000,258395000000,258400000000,258401000000,258404000000,258405000000,2951290000,2360000,680000,1450000,760000
1791427232,930318035,2025,1747767917,S,N,8324546000000,8324545000000,8324544000000,8324491000000,8324490000000,991091000,55000,13000,207000,2908000,8324547000000,8324548000000,8324549000000,8324551000000,8324600000000,71703000,69000,13000,7000,7000
1791427232,932652507,2026,1747767917,D,N,8324546000000,8324545000000,8324544000000,8324491000000,8324490000000,991091000,55000,13000,207000,2908000,8324547000000,8324548000000,8324549000000,8324551000000,8324600000000,71703000,69000,13000,7000,7000
1791427232,935280180,2027,1617942128,D,N,258394000000,258393000000,258392000000,258391000000,258390000000,5746900000,50810000,24770000,620000,54420000,258395000000,258400000000,258401000000,258404000000,258405000000,2951290000,2360000,680000,1450000,760000
1791427232,937837313,2028,1617942128,S,N,258394000000,258393000000,258392000000,258391000000,258390000000,5746900000,50810000,24770000,620000,54420000,258395000000,258400000000,258401000000,258404000000,258405000000,2951290000,2360000,680000,1450000,760000
1791427233,26981131,2029,1747767917,S,N,8324546000000,8324545000000,8324544000000,8324491000000,8324490000000,991091000,55000,13000,207000,2908000,8324547000000,8324548000000,8324549000000,8324551000000,8324600000000,71703000,69000,13000,7000,7000
1791427233,28374057,2030,1747767917,D,N,8324546000000,8324545000000,8324544000000,8324491000000,8324490000000,991091000,55000,13000,207000,2908000,8324547000000,8324548000000,8324549000000,8324551000000,8324600000000,71703000,69000,13000,7000,7000
1791427233,29577540,2031,1617942128,D,N,258394000000,258393000000,258392000000,258391000000,258390000000,5746900000,50810000,24770000,620000,54420000,258395000000,258396000000,258400000000,258401000000,258404000000,2951290000,2040000,2360000,680000,1450000
1791427233,31836098,2032,1617942128,S,N,258394000000,258393000000,258392000000,258391000000,258390000000,5746900000,50810000,24770000,620000,54420000,258395000000,258396000000,258400000000,258401000000,258404000000,2951290000,2040000,2360000,680000,1450000
1791427233,127617050,2033,1747767917,D,N,8324546000000,8324545000000,8324544000000,8324491000000,8324490000000,991091000,55000,13000,207000,2908000,8324547000000,8324548000000,8324549000000,8324551000000,8324600000000,71772000,69000,13000,7000,7000
1791427233,128363291,2034,1617942128,D,N,258394000000,258393000000,258392000000,258391000000,258390000000,5746900000,50810000,24770000,620000,54420000,258395000000,258396000000,258400000000,258401000000,258404000000,2951290000,2040000,850990000,680000,1450000
1791427233,129100349,2035,1617942128,S,N,258394000000,258393000000,258392000000,258391000000,258390000000,5746900000,50810000,24770000,620000,54420000,258395000000,258396000000,258400000000,258401000000,258404000000,2951290000,2040000,850990000,680000,1450000
1791427233,222693772,2036,1747767917,D,N,8324546000000,8324545000000,8324544000000,8324491000000,8324490000000,991105000,69000,13000,207000,2908000,8324547000000,8324548000000,8324549000000,8324551000000,8324600000000,71772000,69000,13000,7000,7000
1791427233,227200922,2037,1617942128,D,N,258394000000,258393000000,258392000000,258391000000,258390000000,5746900000,50810000,24770000,620000,54420000,258395000000,258396000000,258398000000,258399000000,258400000000,2951290000,2040000,420000,287190000,850990000
1791427233,228486376,2038,1617942128,S,N,258394000000,258393000000,258392000000,258391000000,258390000000,5746900000,50810000,24770000,620000,54420000,258395000000,258396000000,258398000000,258399000000,258400000000,2951290000,2040000,420000,287190000,850990000
1791427233,321056477,2039,1747767917,S,N,8324546000000,8324545000000,8324544000000,8324491000000,8324490000000,991105000,69000,13000,207000,2908000,8324547000000,8324548000000,8324549000000,8324551000000,8324600000000,71772000,69000,13000,7000,7000
1791427233,322276960,2040,1747767917,D,N,8324546000000,8324545000000,8324544000000,8324491000000,8324490000000,991105000,69000,13000,207000,2908000,8324547000000,8324548000000,8324549000000,8324551000000,8324600000000,71772000,69000,13000,7000,7000
1791427233,323252213,2041,1617942128,D,N,258394000000,258393000000,258392000000,258391000000,258390000000,5746900000,50810000,24770000,620000,54420000,258395000000,258396000000,258397000000,258398000000,258399000000,2951680000,2430000,390000,420000,287190000
1791427233,324222581,2042,1617942128,S,N,258394000000,258393000000,258392000000,258391000000,258390000000,5746900000,50810000,24770000,620000,54420000,258395000000,258396000000,258397000000,258398000000,258399000000,2951680000,2430000,390000,420000,287190000
1791427233,439277337,2043,1747767917,D,N,8324546000000,8324545000000,8324544000000,8324491000000,8324490000000,991105000,69000,13000,207000,2908000,8324547000000,8324548000000,8324549000000,8324551000000,8324600000000,73082000,69000,13000,7000,7000
1791427233,442755694,2044,1617942128,D,N,258394000000,258393000000,258392000000,258391000000,258390000000,5746900000,50810000,24770000,620000,54420000,258395000000,258396000000,258397000000,258398000000,258399000000,2951680000,2430000,390000,420000,287190000
1791427233,445013177,2045,1617942128,S,N,258394000000,258393000000,258392000000,258391000000,258390000000,5746900000,50810000,24770000,620000,54420000,258395000000,258396000000,258397000000,258398000000,258399000000,2951680000,2430000,390000,420000,287190000
1791427233,516372744,2046,1747767917,S,N,8324546000000,8324545000000,8324544000000,8324491000000,8324490000000,991105000,69000,13000,207000,2908000,8324547000000,8324548000000,8324549000000,8324551000000,8324600000000,73082000,69000,13000,7000,7000
1791427233,519326055,2047,1747767917,D,N,8324546000000,8324545000000,8324544000000,8324491000000,8324490000000,991105000,69000,13000,207000,2908000,8324547000000,8324548000000,8324549000000,8324551000000,8324600000000,73082000,69000,13000,7000,7000
1791427233,522088263,2048,1617942128,D,N,258394000000,258393000000,258392000000,258391000000,258390000000,5751600000,50810000,24770000,620000,77920000,258395000000,258396000000,258397000000,258398000000,258399000000,2951680000,2430000,390000,420000,287190000
1791427233,525193304,2049,1617942128,S,N,258394000000,258393000000,258392000000,258391000000,258390000000,5751600000,50810000,24770000,620000,77920000,258395000000,258396000000,258397000000,258398000000,258399000000,2951680000,2430000,390000,420000,287190000
1791427233,613535777,2050,1747767917,S,N,8324546000000,8324545000000,8324544000000,8324491000000,8324490000000,991105000,69000,13000,207000,2908000,8324547000000,8324548000000,8324549000000,8324551000000,8324600000000,73082000,69000,13000,7000,7000
1791427233,616383571,2051,1747767917,D,N,8324546000000,8324545000000,8324544000000,8324491000000,8324490000000,991105000,69000,13000,207000,2908000,8324547000000,8324548000000,8324549000000,8324551000000,8324600000000,73082000,69000,13000,7000,7000
1791427233,619026681,2052,1617942128,D,N,258394000000,258393000000,258392000000,258391000000,258390000000,5751600000,50810000,24770000,620000,77920000,258395000000,258396000000,258397000000,258398000000,258399000000,2951680000,2430000,390000,420000,287190000
1791427233,621185290,2053,1617942128,S,N,258394000000,258393000000,258392000000,258391000000,258390000000,5751600000,50810000,24770000,620000,77920000,258395000000,258396000000,258397000000,258398000000,258399000000,2951680000,2430000,390000,420000,287190000
1791427233,711705718,2054,1747767917,S,N,8324546000000,8324545000000,8324544000000,8324491000000,8324490000000,991105000,69000,13000,207000,2908000,8324547000000,8324548000000,8324549000000,8324551000000,8324600000000,73082000,69000,13000,7000,7000
1791427233,714287569,2055,1747767917,D,N,8324546000000,8324545000000,8324544000000,8324491000000,8324490000000,991105000,69000,13000,207000,2908000,8324547000000,8324548000000,8324549000000,8324551000000,8324600000000,73082000,69000,13000,7000,7000
1791427233,716834248,2056,1617942128,D,N,258394000000,258393000000,258392000000,258391000000,258390000000,5751600000,50810000,24770000,620000,77920000,258395000000,258396000000,258397000000,258400000000,258401000000,2681680000,2430000,390000,2360000,680000
1791427233,722040646,2057,1617942128,S,N,258394000000,258393000000,258392000000,258391000000,258390000000,5751600000,50810000,24770000,620000,77920000,258395000000,258396000000,258397000000,258400000000,258401000000,2681680000,2430000,390000,2360000,680000
1791427233,808859079,2058,1747767917,D,N,8324546000000,8324545000000,8324544000000,8324491000000,8324490000000,991105000,69000,13000,207000,2908000,8324547000000,8324548000000,8324549000000,8324551000000,8324600000000,73095000,69000,13000,7000,7000
1791427233,810184493,2059,1617942128,D,N,258394000000,258393000000,258392000000,258391000000,258390000000,5751600000,50810000,24770000,620000,77920000,258395000000,258396000000,258397000000,258400000000,258401000000,2951680000,2430000,390000,2360000,680000
1791427233,811311573,2060,1617942128,S,N,258394000000,258393000000,258392000000,258391000000,258390000000,5751600000,50810000,24770000,620000,77920000,258395000000,258396000000,258397000000,258400000000,258401000000,2951680000,2430000,390000,2360000,680000
1791427233,907390123,2061,1747767917,D,N,8324546000000,8324545000000,8324544000000,8324491000000,8324490000000,991105000,69000,13000,207000,2908000,8324547000000,8324548000000,8324549000000,8324551000000,8324600000000,74415000,69000,13000,7000,7000
1791427233,908581198,2062,1617942128,D,N,258394000000,258393000000,258392000000,258391000000,258390000000,5458010000,50810000,24770000,620000,77920000,258395000000,258396000000,258397000000,258400000000,258401000000,2951680000,2430000,390000,2360000,680000
1791427233,909830698,2063,1617942128,S,N,258394000000,258393000000,258392000000,258391000000,258390000000,5458010000,50810000,24770000,620000,77920000,258395000000,258396000000,258397000000,258400000000,258401000000,2951680000,2430000,390000,2360000,680000
1791427234,4082627,2064,1747767917,S,N,8324546000000,8324545000000,8324544000000,8324491000000,8324490000000,991105000,69000,13000,207000,2908000,8324547000000,8324548000000,8324549000000,8324551000000,8324600000000,74415000,69000,13000,7000,7000
1791427234,5563777,2065,1747767917,D,N,8324546000000,8324545000000,8324544000000,8324491000000,8324490000000,991105000,69000,13000,207000,2908000,8324547000000,8324548000000,8324549000000,8324551000000,8324600000000,74415000,69000,13000,7000,7000
1791427234,6699260,2066,1617942128,D,N,258394000000,258393000000,258392000000,258391000000,258390000000,5460400000,50810000,24770000,620000,77920000,258395000000,258396000000,258397000000,258400000000,258401000000,2951880000,2630000,390000,2360000,680000
1791427234,7870209,2067,1617942128,S,N,258394000000,258393000000,258392000000,258391000000,258390000000,5460400000,50810000,24770000,620000,77920000,258395000000,258396000000,258397000000,258400000000,258401000000,2951880000,2630000,390000,2360000,680000
1791427234,101927114,2068,1747767917,S,N,8324546000000,8324545000000,8324544000000,8324491000000,8324490000000,991105000,69000,13000,207000,2908000,8324547000000,8324548000000,8324549000000,8324551000000,8324600000000,74415000,69000,13000,7000,7000
1791427234,103336114,2069,1747767917,D,N,8324546000000,8324545000000,8324544000000,8324491000000,8324490000000,991105000,69000,13000,207000,2908000,8324547000000,8324548000000,8324549000000,8324551000000,8324600000000,74415000,69000,13000,7000,7000
1791427234,104474714,2070,1617942128,D,N,258394000000,258393000000,258392000000,258391000000,258390000000,5458010000,50810000,24770000,620000,77920000,258395000000,258396000000,258397000000,258400000000,258401000000,2951880000,2630000,390000,2360000,680000
1791427234,105866314,2071,1617942128,S,N,258394000000,258393000000,258392000000,258391000000,258390000000,5458010000,50810000,24770000,620000,77920000,258395000000,258396000000,258397000000,258400000000,258401000000,2951880000,2630000,390000,2360000,680000
1791427234,203692014,2072,1747767917,D,N,8324546000000,8324545000000,8324544000000,8324491000000,8324490000000,991105000,69000,13000,207000,2908000,8324547000000,8324548000000,8324549000000,8324551000000,8324600000000,73088000,69000,13000,7000,7000
1791427234,204921514,2073,1617942128,D,N,258394000000,258393000000,258392000000,258391000000,258390000000,5458010000,50810000,24770000,620000,77920000,258395000000,258396000000,258397000000,258398000000,258399000000,2952080000,2830000,810000,315880000,944740000
1791427234,206145914,2074,1617942128,S,N,258394000000,258393000000,258392000000,258391000000,258390000000,5458010000,50810000,24770000,620000,77920000,258395000000,258396000000,258397000000,258398000000,258399000000,2952080000,2830000,810000,315880000,944740000
1791427234,303082614,2075,1747767917,D,N,8324546000000,8324545000000,8324544000000,8324491000000,8324490000000,991105000,69000,13000,207000,2908000,8324547000000,8324548000000,8324549000000,8324551000000,8324600000000,74408000,69000,13000,7000,7000
1791427234,304218714,2076,1617942128,D,N,258394000000,258393000000,258392000000,258391000000,258390000000,5458010000,50810000,24770000,620000,77920000,258395000000,258396000000,258397000000,258398000000,258399000000,2990590000,2630000,810000,315880000,944740000
1791427234,305597214,2077,1617942128,S,N,258394000000,258393000000,258392000000,258391000000,258390000000,5458010000,50810000,24770000,620000,77920000,258395000000,258396000000,258397000000,258398000000,258399000000,2990590000,2630000,810000,315880000,944740000
1791427234,406075314,2078,1747767917,D,N,8324546000000,8324545000000,8324544000000,8324491000000,8324490000000,991042000,13000,13000,207000,2908000,8324547000000,8324548000000,8324549000000,8324551000000,8324600000000,73088000,69000,13000,7000,7000
1791427234,407436014,2079,1617942128,D,N,258394000000,258393000000,258392000000,258391000000,258390000000,5458010000,50810000,24770000,620000,77920000,258395000000,258396000000,258397000000,258398000000,258399000000,2990590000,2630000,810000,315880000,944740000
1791427234,408841114,2080,1617942128,S,N,258394000000,258393000000,258392000000,258391000000,258390000000,5458010000,50810000,24770000,620000,77920000,258395000000,258396000000,258397000000,258398000000,258399000000,2990590000,2630000,810000,315880000,944740000
1791427234,548809614,2081,1747767917,D,N,8324546000000,8324545000000,8324544000000,8324491000000,8324490000000,991706000,62000,13000,207000,2908000,8324547000000,8324548000000,8324549000000,8324551000000,8324600000000,73168000,69000,13000,7000,7000
1791427234,550191814,2082,1617942128,D,N,258394000000,258393000000,258392000000,258391000000,258390000000,5458010000,50810000,24770000,620000,77920000,258395000000,258396000000,258397000000,258398000000,258399000000,2990590000,2630000,810000,315880000,944740000
1791427234,551472514,2083,1617942128,S,N,258394000000,258393000000,258392000000,258391000000,258390000000,5458010000,50810000,24770000,620000,77920000,258395000000,258396000000,258397000000,258398000000,258399000000,2990590000,2630000,810000,315880000,944740000
1791427234,602011014,2084,1747767917,S,N,8324546000000,8324545000000,8324544000000,8324491000000,8324490000000,991706000,62000,13000,207000,2908000,8324547000000,8324548000000,8324549000000,8324551000000,8324600000000,73168000,69000,13000,7000,7000
1791427234,603355314,2085,1747767917,D,N,8324546000000,8324545000000,8324544000000,8324491000000,8324490000000,991706000,62000,13000,207000,2908000,8324547000000,8324548000000,8324549000000,8324551000000,8324600000000,73168000,69000,13000,7000,7000
1791427234,604686814,2086,1617942128,D,N,258394000000,258393000000,258392000000,258391000000,258390000000,5458010000,50810000,24770000,620000,77920000,258395000000,258396000000,258397000000,258398000000,258399000000,2990590000,2630000,810000,315880000,944740000
1791427234,605906814,2087,1617942128,S,N,258394000000,258393000000,258392000000,258391000000,258390000000,5458010000,50810000,24770000,620000,77920000,258395000000,258396000000,258397000000,258398000000,258399000000,2990590000,2630000,810000,315880000,944740000
1791427234,704148314,2088,1747767917,D,N,8324546000000,8324545000000,8324544000000,8324491000000,8324490000000,1023563000,62000,13000,207000,2908000,8324547000000,8324548000000,8324549000000,8324551000000,8324600000000,90655000,69000,13000,7000,7000
1791427234,705534114,2089,1617942128,D,N,258394000000,258393000000,258392000000,258391000000,258390000000,5458010000,50810000,24770000,620000,77920000,258395000000,258396000000,258397000000,258398000000,258399000000,3070590000,2630000,810000,315880000,944740000
1791427234,706806514,2090,1617942128,S,N,258394000000,258393000000,258392000000,258391000000,258390000000,5458010000,50810000,24770000,620000,77920000,258395000000,258396000000,258397000000,258398000000,258399000000,3070590000,2630000,810000,315880000,944740000
1791427234,814512114,2091,1747767917,D,N,8324546000000,8324545000000,8324544000000,8324491000000,8324490000000,1023563000,62000,13000,207000,2908000,8324547000000,8324548000000,8324549000000,8324551000000,8324600000000,91988000,69000,13000,7000,7000
1791427234,901514614,2092,1747767917,S,N,8324546000000,8324545000000,8324544000000,8324491000000,8324490000000,1023563000,62000,13000,207000,2908000,8324547000000,8324548000000,8324549000000,8324551000000,8324600000000,91988000,69000,13000,7000,7000
1791427234,903143114,2093,1747767917,D,N,8324546000000,8324545000000,8324544000000,8324491000000,8324490000000,1023563000,62000,13000,207000,2908000,8324547000000,8324548000000,8324549000000,8324551000000,8324600000000,91988000,69000,13000,7000,7000
1791427234,904574914,2094,1617942128,D,N,258394000000,258393000000,258392000000,258391000000,258390000000,5458010000,50810000,24770000,620000,77920000,258395000000,258396000000,258397000000,258398000000,258399000000,3010590000,2630000,810000,355880000,944740000
1791427234,905968814,2095,1617942128,S,N,258394000000,258393000000,258392000000,258391000000,258390000000,5458010000,50810000,24770000,620000,77920000,258395000000,258396000000,258397000000,258398000000,258399000000,3010590000,2630000,810000,355880000,944740000
1791427235,11174802,2096,1747767917,S,N,8324546000000,8324545000000,8324544000000,8324491000000,8324490000000,1023563000,62000,13000,207000,2908000,8324547000000,8324548000000,8324549000000,8324551000000,8324600000000,91988000,69000,13000,7000,7000
1791427235,14020465,2097,1617942128,D,N,258394000000,258393000000,258392000000,258391000000,258390000000,5458010000,50810000,24770000,620000,77920000,258395000000,258396000000,258397000000,258398000000,258399000000,3010590000,2630000,810000,355880000,944740000
1791427235,16241160,2098,1747767917,D,N,8324546000000,8324545000000,8324544000000,8324491000000,8324490000000,1023563000,62000,13000,207000,2908000,8324547000000,8324548000000,8324549000000,8324551000000,8324600000000,91988000,69000,13000,7000,7000
1791427235,18303066,2099,1617942128,S,N,258394000000,258393000000,258392000000,258391000000,258390000000,5458010000,50810000,24770000,620000,77920000,258395000000,258396000000,258397000000,258398000000,258399000000,3010590000,2630000,810000,355880000,944740000
1791427235,102738946,2100,1747767917,D,N,8324546000000,8324545000000,8324544000000,8324491000000,8324490000000,1023500000,13000,13000,7000,2908000,8324547000000,8324548000000,8324549000000,8324551000000,8324600000000,73168000,69000,13000,7000,7000
1791427235,105323455,2101,1617942128,D,N,258394000000,258393000000,258392000000,258391000000,258390000000,5458010000,50810000,24770000,620000,77920000,258395000000,258396000000,258397000000,258398000000,258399000000,3010590000,2630000,810000,355880000,944740000
1791427235,107679331,2102,1617942128,S,N,258394000000,258393000000,258392000000,258391000000,258390000000,5458010000,50810000,24770000,620000,77920000,258395000000,258396000000,258397000000,258398000000,258399000000,3010590000,2630000,810000,355880000,944740000
1791427235,259658135,2103,1747767917,D,N,8324546000000,8324545000000,8324544000000,8324491000000,8324490000000,1023500000,13000,13000,7000,2908000,8324547000000,8324548000000,8324549000000,8324551000000,8324600000000,73072000,69000,13000,7000,7000
1791427235,261567718,2104,1617942128,D,N,258394000000,258393000000,258392000000,258391000000,258390000000,5178570000,50810000,24770000,620000,77920000,258395000000,258396000000,258397000000,258398000000,258400000000,3010590000,833930000,810000,355880000,2360000
1791427235,263315670,2105,1617942128,S,N,258394000000,258393000000,258392000000,258391000000,258390000000,5178570000,50810000,24770000,620000,77920000,258395000000,258396000000,258397000000,258398000000,258400000000,3010590000,833930000,810000,355880000,2360000
1791427235,294944950,2106,1747767917,S,N,8324546000000,8324545000000,8324544000000,8324491000000,8324490000000,1023500000,13000,13000,7000,2908000,8324547000000,8324548000000,8324549000000,8324551000000,8324600000000,73072000,69000,13000,7000,7000
1791427235,296408924,2107,1747767917,D,N,8324546000000,8324545000000,8324544000000,8324491000000,8324490000000,1023500000,13000,13000,7000,2908000,8324547000000,8324548000000,8324549000000,8324551000000,8324600000000,73072000,69000,13000,7000,7000
1791427235,297587254,2108,1617942128,D,N,258394000000,258393000000,258392000000,258391000000,258390000000,5178570000,50810000,24770000,620000,77920000,258395000000,258396000000,258397000000,258398000000,258400000000,3010810000,856730000,810000,40000000,2360000
1791427235,298654206,2109,1617942128,S,N,258394000000,258393000000,258392000000,258391000000,258390000000,5178570000,50810000,24770000,620000,77920000,258395000000,258396000000,258397000000,258398000000,258400000000,3010810000,856730000,810000,40000000,2360000
1791427235,412211558,2110,1747767917,D,N,8324546000000,8324545000000,8324544000000,8324520000000,8324491000000,1023500000,13000,13000,240000,7000,8324547000000,8324548000000,8324549000000,8324551000000,8324600000000,73072000,69000,13000,7000,7000
1791427235,413613329,2111,1617942128,D,N,258394000000,258393000000,258392000000,258391000000,258390000000,5448570000,50810000,24770000,620000,77920000,258395000000,258396000000,258397000000,258400000000,258401000000,3050810000,856730000,390000,2360000,680000
1791427235,414462913,2112,1617942128,S,N,258394000000,258393000000,258392000000,258391000000,258390000000,5448570000,50810000,24770000,620000,77920000,258395000000,258396000000,258397000000,258400000000,258401000000,3050810000,856730000,390000,2360000,680000
1791427235,494338385,2113,1747767917,D,N,8324546000000,8324545000000,8324544000000,8324524000000,8324520000000,1023500000,13000,13000,200000,240000,8324547000000,8324548000000,8324549000000,8324551000000,8324600000000,73072000,69000,13000,7000,7000
1791427235,495158386,2114,1617942128,D,N,258394000000,258393000000,258392000000,258391000000,258390000000,5448570000,50810000,24770000,620000,77920000,258395000000,258396000000,258397000000,258400000000,258401000000,3050810000,856730000,390000,2360000,680000
1791427235,496031187,2115,1617942128,S,N,258394000000,258393000000,258392000000,258391000000,258390000000,5448570000,50810000,24770000,620000,77920000,258395000000,258396000000,258397000000,258400000000,258401000000,3050810000,856730000,390000,2360000,680000
1791427235,612942503,2116,1747767917,D,N,8324546000000,8324545000000,8324544000000,8324524000000,8324491000000,1023500000,13000,13000,200000,7000,8324547000000,8324548000000,8324549000000,8324551000000,8324600000000,73072000,69000,13000,7000,7000
1791427235,613490477,2117,1617942128,D,N,258394000000,258393000000,258392000000,258391000000,258390000000,5448570000,50810000,24770000,620000,77920000,258395000000,258396000000,258397000000,258400000000,258401000000,3050810000,856730000,390000,2360000,680000
1791427235,614090368,2118,1617942128,S,N,258394000000,258393000000,258392000000,258391000000,258390000000,5448570000,50810000,24770000,620000,77920000,258395000000,258396000000,258397000000,258400000000,258401000000,3050810000,856730000,390000,2360000,680000
1791427235,715692603,2119,1747767917,D,N,8324546000000,8324545000000,8324544000000,8324524000000,8324491000000,1023505000,13000,13000,200000,7000,8324547000000,8324548000000,8324549000000,8324551000000,8324600000000,73072000,69000,13000,7000,7000
1791427235,716531608,2120,1617942128,D,N,258394000000,258393000000,258392000000,258391000000,258390000000,5448570000,50810000,24770000,620000,77920000,258395000000,258396000000,258397000000,258400000000,258401000000,3050810000,856730000,390000,2360000,680000
1791427235,717229359,2121,1617942128,S,N,258394000000,258393000000,258392000000,258391000000,258390000000,5448570000,50810000,24770000,620000,77920000,258395000000,258396000000,258397000000,258400000000,258401000000,3050810000,856730000,390000,2360000,680000
1791427235,803017737,2122,1747767917,D,N,8324546000000,8324545000000,8324544000000,8324524000000,8324491000000,1023505000,13000,13000,200000,7000,8324547000000,8324548000000,8324549000000,8324551000000,8324600000000,73079000,69000,13000,7000,7000
1791427235,805013228,2123,1617942128,D,N,258394000000,258393000000,258392000000,258391000000,258390000000,5448570000,50810000,24770000,620000,77920000,258395000000,258396000000,258397000000,258400000000,258401000000,3050810000,856730000,390000,2360000,680000
1791427235,805770831,2124,1617942128,S,N,258394000000,258393000000,258392000000,258391000000,258390000000,5448570000,50810000,24770000,620000,77920000,258395000000,258396000000,258397000000,258400000000,258401000000,3050810000,856730000,390000,2360000,680000
1791427235,967418131,2125,1747767917,D,N,8324546000000,8324545000000,8324544000000,8324524000000,8324491000000,1023505000,13000,13000,200000,7000,8324547000000,8324548000000,8324549000000,8324551000000,8324600000000,72643000,69000,13000,7000,7000
1791427235,999688347,2126,1617942128,D,N,258394000000,258393000000,258392000000,258391000000,258390000000,5448570000,50810000,24770000,620000,77920000,258395000000,258396000000,258397000000,258400000000,258401000000,3050810000,856730000,390000,2360000,680000
1791427236,480235,2127,1617942128,S,N,258394000000,258393000000,258392000000,258391000000,258390000000,5448570000,50810000,24770000,620000,77920000,258395000000,258396000000,258397000000,258400000000,258401000000,3050810000,856730000,390000,2360000,680000
1791427236,121162226,2128,1747767917,S,N,8324546000000,8324545000000,8324544000000,8324524000000,8324491000000,1023505000,13000,13000,200000,7000,8324547000000,8324548000000,8324549000000,8324551000000,8324600000000,72643000,69000,13000,7000,7000
1791427236,121874867,2129,1617942128,D,N,258394000000,258393000000,258392000000,258391000000,258390000000,5448570000,50810000,24770000,620000,77920000,258395000000,258396000000,258397000000,258400000000,258401000000,3050810000,856730000,390000,2360000,680000
1791427236,122438220,2130,1747767917,D,N,8324546000000,8324545000000,8324544000000,8324524000000,8324491000000,1023505000,13000,13000,200000,7000,8324547000000,8324548000000,8324549000000,8324551000000,8324600000000,72643000,69000,13000,7000,7000
1791427236,123071906,2131,1617942128,S,N,258394000000,258393000000,258392000000,258391000000,258390000000,5448570000,50810000,24770000,620000,77920000,258395000000,258396000000,258397000000,258400000000,258401000000,3050810000,856730000,390000,2360000,680000
1791427236,175404980,2132,1747767917,S,N,8324546000000,8324545000000,8324544000000,8324524000000,8324491000000,1023505000,13000,13000,200000,7000,8324547000000,8324548000000,8324549000000,8324551000000,8324600000000,72643000,69000,13000,7000,7000
1791427236,176143089,2133,1747767917,D,N,8324546000000,8324545000000,8324544000000,8324524000000,8324491000000,1023505000,13000,13000,200000,7000,8324547000000,8324548000000,8324549000000,8324551000000,8324600000000,72643000,69000,13000,7000,7000
1791427236,195927944,2134,1617942128,D,N,258394000000,258393000000,258392000000,258391000000,258390000000,5448570000,50810000,25190000,45340000,77920000,258395000000,258396000000,258397000000,258400000000,258401000000,3050810000,856730000,390000,2360000,680000
1791427236,197095303,2135,1617942128,S,N,258394000000,258393000000,258392000000,258391000000,258390000000,5448570000,50810000,25190000,45340000,77920000,258395000000,258396000000,258397000000,258400000000,258401000000,3050810000,856730000,390000,2360000,680000
1791427236,274250202,2136,1747767917,D,N,8324546000000,8324545000000,8324544000000,8324524000000,8324491000000,1023696000,13000,13000,200000,7000,8324547000000,8324548000000,8324549000000,8324551000000,8324600000000,72643000,69000,13000,7000,7000
1791427236,274921798,2137,1617942128,D,N,258394000000,258393000000,258392000000,258391000000,258390000000,5448570000,50810000,25190000,45340000,77920000,258395000000,258396000000,258397000000,258400000000,258401000000,3050810000,856730000,390000,2360000,680000
1791427236,275546767,2138,1617942128,S,N,258394000000,258393000000,258392000000,258391000000,258390000000,5448570000,50810000,25190000,45340000,77920000,258395000000,258396000000,258397000000,258400000000,258401000000,3050810000,856730000,390000,2360000,680000
1791427236,399962700,2139,1747767917,D,N,8324600000000,8324599000000,8324598000000,8324547000000,8324546000000,1059652000,370494000,13000,91736000,93960000,8324601000000,8324602000000,8324605000000,8324662000000,8324693000000,2955000,42000,9000,221000,8000
1791427236,401789900,2140,1617942128,D,N,258394000000,258393000000,258392000000,258391000000,258390000000,5448570000,50810000,25190000,45340000,77920000,258395000000,258396000000,258397000000,258400000000,258401000000,3050490000,2430000,390000,2360000,680000
1791427236,402537707,2141,1617942128,S,N,258394000000,258393000000,258392000000,258391000000,258390000000,5448570000,50810000,25190000,45340000,77920000,258395000000,258396000000,258397000000,258400000000,258401000000,3050490000,2430000,390000,2360000,680000
1791427236,470574043,2142,1747767917,D,N,8324600000000,8324599000000,8324598000000,8324547000000,8324546000000,1079656000,313516000,13000,34758000,77960000,8324601000000,8324602000000,8324605000000,8324662000000,8324693000000,2948000,42000,9000,221000,8000
1791427236,471712700,2143,1617942128,D,N,258394000000,258393000000,258392000000,258391000000,258390000000,5450950000,50810000,25190000,45340000,77920000,258395000000,258396000000,258397000000,258400000000,258401000000,3050490000,2630000,390000,2360000,680000
1791427236,472601468,2144,1617942128,S,N,258394000000,258393000000,258392000000,258391000000,258390000000,5450950000,50810000,25190000,45340000,77920000,258395000000,258396000000,258397000000,258400000000,258401000000,3050490000,2630000,390000,2360000,680000
1791427236,569548177,2145,1747767917,D,N,8324999000000,8324998000000,8324997000000,8324969000000,8324948000000,1088308000,101166000,13000,240000,45656000,8325000000000,8325001000000,8325002000000,8325017000000,8325061000000,9642000,2842000,7000,23000,72000
1791427236,571882699,2146,1617942128,D,N,258394000000,258393000000,258392000000,258391000000,258390000000,5450950000,50810000,25190000,45340000,77920000,258395000000,258396000000,258397000000,258400000000,258401000000,2979320000,2630000,390000,2360000,1100000
1791427236,572590441,2147,1617942128,S,N,258394000000,258393000000,258392000000,258391000000,258390000000,5450950000,50810000,25190000,45340000,77920000,258395000000,258396000000,258397000000,258400000000,258401000000,2979320000,2630000,390000,2360000,1100000
1791427236,666859386,2148,1747767917,D,N,8324999000000,8324998000000,8324997000000,8324969000000,8324948000000,1092835000,101166000,13000,240000,1561000,8325000000000,8325001000000,8325002000000,8325017000000,8325061000000,9649000,2849000,7000,23000,72000
1791427236,668062303,2149,1617942128,D,N,258394000000,258393000000,258392000000,258391000000,258390000000,5450950000,50810000,25190000,45340000,77920000,258395000000,258396000000,258397000000,258400000000,258401000000,2979520000,2830000,390000,2360000,1100000
1791427236,668913455,2150,1617942128,S,N,258394000000,258393000000,258392000000,258391000000,258390000000,5450950000,50810000,25190000,45340000,77920000,258395000000,258396000000,258397000000,258400000000,258401000000,2979520000,2830000,390000,2360000,1100000
1791427236,767999261,2151,1747767917,D,N,8324999000000,8324998000000,8324997000000,8324966000000,8324948000000,1111467000,101166000,13000,200000,14000,8325000000000,8325001000000,8325002000000,8325017000000,8325061000000,9656000,2849000,7000,23000,72000
1791427236,768896943,2152,1617942128,D,N,258394000000,258393000000,258392000000,258391000000,258390000000,5450950000,50810000,25190000,45340000,77920000,258395000000,258396000000,258397000000,258400000000,258401000000,2979520000,2830000,390000,363830000,1014960000
1791427236,769568147,2153,1617942128,S,N,258394000000,258393000000,258392000000,258391000000,258390000000,5450950000,50810000,25190000,45340000,77920000,258395000000,258396000000,258397000000,258400000000,258401000000,2979520000,2830000,390000,363830000,1014960000
1791427236,862549638,2154,1747767917,D,N,8324999000000,8324998000000,8324997000000,8324948000000,8324918000000,1110468000,101166000,13000,14000,8000,8325000000000,8325001000000,8325002000000,8325017000000,8325061000000,9656000,2849000,7000,23000,72000
1791427236,863655969,2155,1617942128,D,N,258394000000,258393000000,258392000000,258391000000,258390000000,5450950000,50810000,25190000,45340000,77920000,258395000000,258396000000,258397000000,258399000000,258400000000,2979720000,3030000,390000,420000,363830000
1791427236,864289460,2156,1617942128,S,N,258394000000,258393000000,258392000000,258391000000,258390000000,5450950000,50810000,25190000,45340000,77920000,258395000000,258396000000,258397000000,258399000000,258400000000,2979720000,3030000,390000,420000,363830000
1791427236,961812453,2157,1747767917,D,N,8324999000000,8324998000000,8324997000000,8324948000000,8324918000000,1134559000,101166000,13000,14000,8000,8325000000000,8325001000000,8325002000000,8325017000000,8325061000000,9656000,2849000,7000,23000,72000
1791427236,962767440,2158,1617942128,D,N,258394000000,258393000000,258392000000,258391000000,258390000000,5257360000,50810000,25190000,45340000,77920000,258395000000,258396000000,258397000000,258399000000,258400000000,2979720000,3030000,390000,420000,363830000
1791427236,963527296,2159,1617942128,S,N,258394000000,258393000000,258392000000,258391000000,258390000000,5257360000,50810000,25190000,45340000,77920000,258395000000,258396000000,258397000000,258399000000,258400000000,2979720000,3030000,390000,420000,363830000
1791427237,63140602,2160,1747767917,S,N,8324999000000,8324998000000,8324997000000,8324948000000,8324918000000,1134559000,101166000,13000,14000,8000,8325000000000,8325001000000,8325002000000,8325017000000,8325061000000,9656000,2849000,7000,23000,72000
1791427237,64009093,2161,1747767917,D,N,8324999000000,8324998000000,8324997000000,8324948000000,8324918000000,1134559000,101166000,13000,14000,8000,8325000000000,8325001000000,8325002000000,8325017000000,8325061000000,9656000,2849000,7000,23000,72000
1791427237,64651694,2162,1617942128,D,N,258394000000,258393000000,258392000000,258391000000,258390000000,5257360000,50810000,25190000,45340000,77920000,258395000000,258396000000,258397000000,258399000000,258400000000,2979720000,3030000,390000,420000,363830000
1791427237,65338081,2163,1617942128,S,N,258394000000,258393000000,258392000000,258391000000,258390000000,5257360000,50810000,25190000,45340000,77920000,258395000000,258396000000,258397000000,258399000000,258400000000,2979720000,3030000,390000,420000,363830000
1791427237,154455249,2164,1747767917,D,N,8324999000000,8324998000000,8324997000000,8324948000000,8324918000000,1134559000,101166000,13000,14000,8000,8325000000000,8325001000000,8325002000000,8325017000000,8325061000000,9648000,2849000,7000,23000,72000
1791427237,155500553,2165,1617942128,D,N,258394000000,258393000000,258392000000,258391000000,258390000000,5257360000,399700000,577370000,45340000,77920000,258395000000,258396000000,258397000000,258399000000,258400000000,2979720000,3030000,390000,420000,363830000
1791427237,156205258,2166,1617942128,S,N,258394000000,258393000000,258392000000,258391000000,258390000000,5257360000,399700000,577370000,45340000,77920000,258395000000,258396000000,258397000000,258399000000,258400000000,2979720000,3030000,390000,420000,363830000
1791427237,253296455,2167,1747767917,D,N,8324999000000,8324998000000,8324997000000,8324948000000,8324918000000,1133357000,101166000,13000,14000,8000,8325000000000,8325001000000,8325002000000,8325017000000,8325061000000,9648000,2849000,7000,23000,72000
1791427237,254298853,2168,1617942128,D,N,258394000000,258393000000,258392000000,258391000000,258390000000,5257360000,399700000,577370000,45340000,77920000,258395000000,258396000000,258397000000,258399000000,258400000000,2979720000,3030000,390000,420000,363830000
1791427237,254903055,2169,1617942128,S,N,258394000000,258393000000,258392000000,258391000000,258390000000,5257360000,399700000,577370000,45340000,77920000,258395000000,258396000000,258397000000,258399000000,258400000000,2979720000,3030000,390000,420000,363830000
1791427237,353138100,2170,1747767917,D,N,8324999000000,8324998000000,8324997000000,8324948000000,8324918000000,1133057000,101166000,13000,14000,8000,8325000000000,8325001000000,8325002000000,8325017000000,8325061000000,9648000,2849000,7000,23000,72000
1791427237,354485407,2171,1617942128,D,N,258394000000,258393000000,258392000000,258391000000,258390000000,5257360000,399700000,577370000,45340000,77920000,258395000000,258396000000,258397000000,258399000000,258400000000,1183160000,3030000,390000,420000,363830000
1791427237,355180023,2172,1617942128,S,N,258394000000,258393000000,258392000000,258391000000,258390000000,5257360000,399700000,577370000,45340000,77920000,258395000000,258396000000,258397000000,258399000000,258400000000,1183160000,3030000,390000,420000,363830000
1791427237,449238555,2173,1747767917,D,N,8325166000000,8325165000000,8325164000000,8325098000000,8325097000000,998574000,13000,13000,24000,400000,8325167000000,8325168000000,8325169000000,8325200000000,8325201000000,9365000,62000,304000,7000,2807000
1791427237,450588997,2174,1617942128,D,N,258394000000,258393000000,258392000000,258391000000,258390000000,5257360000,399700000,577370000,45340000,77920000,258395000000,258396000000,258397000000,258399000000,258400000000,851690000,3030000,390000,420000,72700000
1791427237,451093085,2175,1617942128,S,N,258394000000,258393000000,258392000000,258391000000,258390000000,5257360000,399700000,577370000,45340000,77920000,258395000000,258396000000,258397000000,258399000000,258400000000,851690000,3030000,390000,420000,72700000
1791427237,548327986,2176,1747767917,D,N,8325166000000,8325165000000,8325164000000,8325097000000,8325094000000,1082469000,13000,13000,400000,8000,8325167000000,8325168000000,8325169000000,8325200000000,8325201000000,9365000,83000,304000,7000,2807000
1791427237,549130943,2177,1617942128,D,N,258394000000,258393000000,258392000000,258391000000,258390000000,5257360000,399700000,577370000,45340000,77920000,258395000000,258396000000,258397000000,258399000000,258400000000,1194190000,3030000,390000,420000,364950000
1791427237,549779519,2178,1617942128,S,N,258394000000,258393000000,258392000000,258391000000,258390000000,5257360000,399700000,577370000,45340000,77920000,258395000000,258396000000,258397000000,258399000000,258400000000,1194190000,3030000,390000,420000,364950000
1791427237,661617717,2179,1747767917,D,N,8325610000000,8325609000000,8325608000000,8325607000000,8325400000000,735165000,13000,13000,12008000,436654000,8325611000000,8325612000000,8325619000000,8325652000000,8325696000000,282897000,28000,76000,69000,10000
1791427237,663248219,2180,1617942128,D,N,258394000000,258393000000,258392000000,258391000000,258390000000,5255230000,399700000,577370000,45340000,77920000,258395000000,258396000000,258397000000,258399000000,258400000000,1194190000,3030000,390000,420000,344950000
1791427237,663937839,2181,1617942128,S,N,258394000000,258393000000,258392000000,258391000000,258390000000,5255230000,399700000,577370000,45340000,77920000,258395000000,258396000000,258397000000,258399000000,258400000000,1194190000,3030000,390000,420000,344950000
1791427237,767141384,2182,1747767917,D,N,8325610000000,8325609000000,8325608000000,8325607000000,8325442000000,715716000,13000,20000,12015000,8000,8325611000000,8325612000000,8325619000000,8325652000000,8325696000000,299922000,28000,76000,69000,10000
1791427237,768262898,2183,1617942128,D,N,258394000000,258393000000,258392000000,258391000000,258390000000,5255230000,399700000,577370000,45340000,77920000,258395000000,258396000000,258397000000,258399000000,258400000000,1194190000,3030000,390000,420000,344950000
1791427237,768917842,2184,1617942128,S,N,258394000000,258393000000,258392000000,258391000000,258390000000,5255230000,399700000,577370000,45340000,77920000,258395000000,258396000000,258397000000,258399000000,258400000000,1194190000,3030000,390000,420000,344950000
1791427237,842062462,2185,1747767917,D,N,8325610000000,8325609000000,8325608000000,8325607000000,8325477000000,716676000,13000,20000,12015000,7000,8325611000000,8325612000000,8325619000000,8325652000000,8325696000000,299929000,28000,76000,69000,10000
1791427237,843048403,2186,1617942128,D,N,258394000000,258393000000,258392000000,258391000000,258390000000,5255230000,399700000,577370000,45340000,77920000,258395000000,258396000000,258397000000,258399000000,258400000000,1942050000,3230000,390000,420000,344950000
1791427237,843923947,2187,1617942128,S,N,258394000000,258393000000,258392000000,258391000000,258390000000,5255230000,399700000,577370000,45340000,77920000,258395000000,258396000000,258397000000,258399000000,258400000000,1942050000,3230000,390000,420000,344950000
1791427237,940161444,2188,1747767917,D,N,8325610000000,8325609000000,8325608000000,8325607000000,8325569000000,677848000,13000,20000,12015000,8000,8325611000000,8325612000000,8325619000000,8325652000000,8325696000000,337037000,35000,76000,69000,10000
1791427237,941138080,2189,1617942128,D,N,258394000000,258393000000,258392000000,258391000000,258390000000,5254650000,399700000,25190000,45340000,77920000,258395000000,258396000000,258397000000,258399000000,258400000000,3017580000,3230000,390000,420000,344950000
1791427237,941892646,2190,1617942128,S,N,258394000000,258393000000,258392000000,258391000000,258390000000,5254650000,399700000,25190000,45340000,77920000,258395000000,258396000000,258397000000,258399000000,258400000000,3017580000,3230000,390000,420000,344950000
1791427238,44469949,2191,1747767917,D,N,8325610000000,8325609000000,8325608000000,8325607000000,8325569000000,671513000,13000,20000,12015000,8000,8325611000000,8325612000000,8325619000000,8325652000000,8325696000000,337037000,35000,76000,69000,10000
1791427238,45600769,2192,1617942128,D,N,258394000000,258393000000,258392000000,258391000000,258390000000,5254650000,399700000,25190000,45340000,77920000,258395000000,258396000000,258397000000,258398000000,258399000000,3017580000,3230000,390000,420000,241670000
1791427238,48655474,2193,1617942128,S,N,258394000000,258393000000,258392000000,258391000000,258390000000,5254650000,399700000,25190000,45340000,77920000,258395000000,258396000000,258397000000,258398000000,258399000000,3017580000,3230000,390000,420000,241670000
1791427238,152085692,2194,1747767917,D,N,8325610000000,8325609000000,8325608000000,8325607000000,8325569000000,279519000,13000,13000,7000,8000,8325611000000,8325612000000,8325619000000,8325652000000,8325696000000,337236000,21000,76000,69000,10000
1791427238,153809645,2195,1617942128,D,N,258394000000,258393000000,258392000000,258391000000,258390000000,4984650000,399700000,25190000,45340000,77920000,258395000000,258396000000,258397000000,258398000000,258399000000,3059430000,3230000,390000,420000,241670000
1791427238,154866214,2196,1617942128,S,N,258394000000,258393000000,258392000000,258391000000,258390000000,4984650000,399700000,25190000,45340000,77920000,258395000000,258396000000,258397000000,258398000000,258399000000,3059430000,3230000,390000,420000,241670000
1791427238,233275654,2197,1747767917,D,N,8325610000000,8325609000000,8325608000000,8325607000000,8325569000000,184652000,13000,13000,7000,8000,8325611000000,8325619000000,8325652000000,8325696000000,8325722000000,395717000,76000,69000,10000,7000
1791427238,234418132,2198,1617942128,D,N,258394000000,258393000000,258392000000,258391000000,258390000000,4982270000,399700000,25190000,45340000,77920000,258395000000,258396000000,258397000000,258398000000,258399000000,3059430000,3230000,390000,420000,241670000
1791427238,235400939,2199,1617942128,S,N,258394000000,258393000000,258392000000,258391000000,258390000000,4982270000,399700000,25190000,45340000,77920000,258395000000,258396000000,258397000000,258398000000,258399000000,3059430000,3230000,390000,420000,241670000
1791427238,331676052,2200,1747767917,D,N,8325610000000,8325609000000,8325608000000,8325607000000,8325569000000,159753000,13000,13000,7000,8000,8325611000000,8325619000000,8325652000000,8325696000000,8325722000000,396762000,76000,69000,10000,7000
1791427238,333285493,2201,1617942128,D,N,258394000000,258393000000,258392000000,258391000000,258390000000,3630660000,399700000,25190000,45340000,77920000,258395000000,258396000000,258397000000,258398000000,258400000000,3059230000,3450000,318840000,916770000,2360000
1791427238,334814902,2202,1617942128,S,N,258394000000,258393000000,258392000000,258391000000,258390000000,3630660000,399700000,25190000,45340000,77920000,258395000000,258396000000,258397000000,258398000000,258400000000,3059230000,3450000,318840000,916770000,2360000
1791427238,429637110,2203,1747767917,D,N,8325610000000,8325609000000,8325608000000,8325569000000,8325477000000,39067000,13000,13000,8000,7000,8325611000000,8325612000000,8325613000000,8325619000000,8325652000000,436603000,13000,13000,76000,69000
1791427238,431203156,2204,1617942128,D,N,258394000000,258393000000,258392000000,258391000000,258389000000,1416470000,1410000,24770000,200000,200000,258395000000,258396000000,258397000000,258400000000,258401000000,4876920000,2430000,108670000,2360000,4920000
1791427238,432721300,2205,1617942128,S,N,258394000000,258393000000,258392000000,258391000000,258389000000,1416470000,1410000,24770000,200000,200000,258395000000,258396000000,258397000000,258400000000,258401000000,4876920000,2430000,108670000,2360000,4920000
1791427238,541376568,2206,1747767917,D,N,8325610000000,8325609000000,8325608000000,8325569000000,8325477000000,75044000,13000,13000,8000,7000,8325611000000,8325612000000,8325613000000,8325619000000,8325652000000,418422000,34000,13000,76000,69000
1791427238,542563910,2207,1617942128,D,N,258394000000,258393000000,258392000000,258391000000,258389000000,3484420000,1410000,24770000,200000,420000,258395000000,258396000000,258397000000,258400000000,258401000000,4037240000,2850000,312860000,2360000,4920000
1791427238,543760852,2208,1617942128,S,N,258394000000,258393000000,258392000000,258391000000,258389000000,3484420000,1410000,24770000,200000,420000,258395000000,258396000000,258397000000,258400000000,258401000000,4037240000,2850000,312860000,2360000,4920000
1791427238,625001360,2209,1747767917,D,N,8325610000000,8325609000000,8325608000000,8325569000000,8325477000000,75058000,13000,13000,8000,7000,8325611000000,8325612000000,8325613000000,8325619000000,8325652000000,358932000,48000,13000,76000,69000
1791427238,627813816,2210,1617942128,D,N,258394000000,258393000000,258392000000,258391000000,258389000000,2015600000,1610000,24770000,200000,420000,258395000000,258396000000,258397000000,258400000000,258401000000,4037240000,2850000,167470000,2360000,4920000
1791427238,628831789,2211,1617942128,S,N,258394000000,258393000000,258392000000,258391000000,258389000000,2015600000,1610000,24770000,200000,420000,258395000000,258396000000,258397000000,258400000000,258401000000,4037240000,2850000,167470000,2360000,4920000
1791427238,723229352,2212,1747767917,D,N,8325610000000,8325609000000,8325608000000,8325603000000,8325602000000,70836000,13000,13000,7000,4229000,8325611000000,8325612000000,8325613000000,8325619000000,8325652000000,358932000,48000,13000,76000,69000
1791427238,725015998,2213,1617942128,D,N,258394000000,258393000000,258392000000,258391000000,258389000000,2284300000,1610000,31930000,200000,420000,258395000000,258396000000,258397000000,258400000000,258401000000,4037240000,2850000,167470000,2360000,4920000
1791427238,726129284,2214,1617942128,S,N,258394000000,258393000000,258392000000,258391000000,258389000000,2284300000,1610000,31930000,200000,420000,258395000000,258396000000,258397000000,258400000000,258401000000,4037240000,2850000,167470000,2360000,4920000
1791427238,869380571,2215,1747767917,D,N,8325610000000,8325609000000,8325608000000,8325603000000,8325602000000,70829000,13000,13000,7000,4229000,8325611000000,8325612000000,8325613000000,8325619000000,8325652000000,358911000,41000,13000,76000,69000
1791427238,873783366,2216,1617942128,D,N,258394000000,258393000000,258392000000,258391000000,258389000000,2284300000,1610000,31930000,200000,420000,258395000000,258396000000,258397000000,258400000000,258401000000,4037240000,2850000,167470000,2360000,4920000
1791427238,877476263,2217,1617942128,S,N,258394000000,258393000000,258392000000,258391000000,258389000000,2284300000,1610000,31930000,200000,420000,258395000000,258396000000,258397000000,258400000000,258401000000,4037240000,2850000,167470000,2360000,4920000
1791427238,919680930,2218,1747767917,D,N,8325610000000,8325609000000,8325608000000,8325603000000,8325602000000,70822000,13000,13000,7000,4243000,8325611000000,8325612000000,8325613000000,8325619000000,8325652000000,358918000,48000,13000,76000,69000
1791427238,920961919,2219,1617942128,D,N,258394000000,258393000000,258392000000,258391000000,258389000000,2284300000,1610000,24770000,200000,420000,258395000000,258396000000,258397000000,258400000000,258401000000,4037240000,2850000,167470000,2360000,4920000
1791427238,922919206,2220,1617942128,S,N,258394000000,258393000000,258392000000,258391000000,258389000000,2284300000,1610000,24770000,200000,420000,258395000000,258396000000,258397000000,258400000000,258401000000,4037240000,2850000,167470000,2360000,4920000
1791427239,24111587,2221,1747767917,D,N,8325610000000,8325609000000,8325608000000,8325603000000,8325602000000,70822000,13000,13000,7000,4243000,8325611000000,8325612000000,8325613000000,8325619000000,8325652000000,358911000,41000,13000,76000,69000
1791427239,25502974,2222,1617942128,D,N,258394000000,258393000000,258392000000,258391000000,258389000000,2284300000,1610000,24770000,200000,420000,258395000000,258396000000,258397000000,258400000000,258401000000,4037240000,2850000,167470000,2360000,4920000
1791427239,26916108,2223,1617942128,S,N,258394000000,258393000000,258392000000,258391000000,258389000000,2284300000,1610000,24770000,200000,420000,258395000000,258396000000,258397000000,258400000000,258401000000,4037240000,2850000,167470000,2360000,4920000
1791427239,125103448,2224,1747767917,S,N,8325610000000,8325609000000,8325608000000,8325603000000,8325602000000,70822000,13000,13000,7000,4243000,8325611000000,8325612000000,8325613000000,8325619000000,8325652000000,358911000,41000,13000,76000,69000
1791427239,126524615,2225,1747767917,D,N,8325610000000,8325609000000,8325608000000,8325603000000,8325602000000,70822000,13000,13000,7000,4243000,8325611000000,8325612000000,8325613000000,8325619000000,8325652000000,358911000,41000,13000,76000,69000
1791427239,127638391,2226,1617942128,D,N,258394000000,258393000000,258392000000,258391000000,258389000000,2315600000,1610000,24770000,200000,420000,258395000000,258396000000,258397000000,258400000000,258401000000,4081180000,2850000,167470000,2360000,4920000
1791427239,129193661,2227,1617942128,S,N,258394000000,258393000000,258392000000,258391000000,258389000000,2315600000,1610000,24770000,200000,420000,258395000000,258396000000,258397000000,258400000000,258401000000,4081180000,2850000,167470000,2360000,4920000
1791427239,212815710,2228,1747767917,S,N,8325610000000,8325609000000,8325608000000,8325603000000,8325602000000,70822000,13000,13000,7000,4243000,8325611000000,8325612000000,8325613000000,8325619000000,8325652000000,358911000,41000,13000,76000,69000
1791427239,214169384,2229,1747767917,D,N,8325610000000,8325609000000,8325608000000,8325603000000,8325602000000,70822000,13000,13000,7000,4243000,8325611000000,8325612000000,8325613000000,8325619000000,8325652000000,358911000,41000,13000,76000,69000
1791427239,215484071,2230,1617942128,D,N,258394000000,258393000000,258392000000,258391000000,258389000000,2315600000,1610000,24770000,200000,420000,258395000000,258396000000,258397000000,258400000000,258401000000,4081180000,2850000,167470000,2360000,4920000
1791427239,216669454,2231,1617942128,S,N,258394000000,258393000000,258392000000,258391000000,258389000000,2315600000,1610000,24770000,200000,420000,258395000000,258396000000,258397000000,258400000000,258401000000,4081180000,2850000,167470000,2360000,4920000
1791427239,333133006,2232,1747767917,D,N,8325610000000,8325609000000,8325608000000,8325603000000,8325602000000,70920000,62000,13000,7000,4243000,8325611000000,8325612000000,8325613000000,8325619000000,8325652000000,378308000,41000,13000,76000,69000
1791427239,334688962,2233,1617942128,D,N,258394000000,258393000000,258392000000,258391000000,258390000000,2284300000,1610000,24770000,200000,4000000,258395000000,258396000000,258397000000,258400000000,258401000000,4081180000,2850000,167470000,2360000,920000
1791427239,335964956,2234,1617942128,S,N,258394000000,258393000000,258392000000,258391000000,258390000000,2284300000,1610000,24770000,200000,4000000,258395000000,258396000000,258397000000,258400000000,258401000000,4081180000,2850000,167470000,2360000,920000
1791427239,409091748,2235,1747767917,D,N,8325610000000,8325609000000,8325608000000,8325603000000,8325602000000,70799000,62000,13000,7000,4243000,8325611000000,8325612000000,8325613000000,8325619000000,8325652000000,378308000,41000,13000,76000,69000
1791427239,412895827,2236,1617942128,D,N,258394000000,258393000000,258392000000,258391000000,258390000000,2284500000,1810000,24770000,200000,4000000,258395000000,258396000000,258397000000,258400000000,258401000000,4081180000,2850000,167470000,2360000,920000
1791427239,416632805,2237,1617942128,S,N,258394000000,258393000000,258392000000,258391000000,258390000000,2284500000,1810000,24770000,200000,4000000,258395000000,258396000000,258397000000,258400000000,258401000000,4081180000,2850000,167470000,2360000,920000
1791427239,578083113,2238,1747767917,D,N,8325610000000,8325609000000,8325608000000,8325603000000,8325602000000,392502000,62000,13000,7000,4243000,8325611000000,8325612000000,8325613000000,8325619000000,8325652000000,142969000,48000,13000,76000,69000
1791427239,584848152,2239,1617942128,D,N,258395000000,258394000000,258393000000,258392000000,258391000000,6245070000,866750000,390000,24380000,70200000,258396000000,258397000000,258400000000,258401000000,258404000000,264250000,590000,2360000,680000,1450000
1791427239,588574354,2240,1617942128,S,N,258395000000,258394000000,258393000000,258392000000,258391000000,6245070000,866750000,390000,24380000,70200000,258396000000,258397000000,258400000000,258401000000,258404000000,264250000,590000,2360000,680000,1450000
1791427239,628994432,2241,1747767917,D,N,8325610000000,8325609000000,8325608000000,8325603000000,8325602000000,477203000,62000,13000,7000,4243000,8325611000000,8325612000000,8325613000000,8325619000000,8325652000000,194527000,55000,13000,76000,69000
1791427239,629923461,2242,1617942128,D,N,258405000000,258404000000,258403000000,258401000000,258396000000,6036930000,390000,390000,440000,4989070000,258406000000,258407000000,258408000000,258413000000,258414000000,2224400000,620000,15760000,420000,10640000
1791427239,631131178,2243,1617942128,S,N,258405000000,258404000000,258403000000,258401000000,258396000000,6036930000,390000,390000,440000,4989070000,258406000000,258407000000,258408000000,258413000000,258414000000,2224400000,620000,15760000,420000,10640000
1791427239,725025436,2244,1747767917,D,N,8325610000000,8325609000000,8325608000000,8325603000000,8325602000000,438816000,62000,13000,7000,4243000,8325611000000,8325612000000,8325613000000,8325619000000,8325652000000,289877000,27000,13000,76000,69000
1791427239,725893828,2245,1617942128,D,N,258405000000,258404000000,258403000000,258401000000,258398000000,6051430000,390000,390000,4440000,420000,258406000000,258407000000,258408000000,258414000000,258415000000,4865530000,620000,15760000,200000,650000
1791427239,726634093,2246,1617942128,S,N,258405000000,258404000000,258403000000,258401000000,258398000000,6051430000,390000,390000,4440000,420000,258406000000,258407000000,258408000000,258414000000,258415000000,4865530000,620000,15760000,200000,650000
1791427239,840043724,2247,1747767917,D,N,8325610000000,8325609000000,8325608000000,8325603000000,8325602000000,441025000,62000,13000,7000,4243000,8325611000000,8325612000000,8325613000000,8325619000000,8325652000000,305994000,27000,13000,76000,69000
1791427239,841409349,2248,1617942128,D,N,258405000000,258404000000,258403000000,258401000000,258398000000,5300770000,24770000,390000,4440000,41060000,258406000000,258407000000,258408000000,258413000000,258414000000,4865130000,620000,15760000,420000,131610000
1791427239,842828948,2249,1617942128,S,N,258405000000,258404000000,258403000000,258401000000,258398000000,5300770000,24770000,390000,4440000,41060000,258406000000,258407000000,258408000000,258413000000,258414000000,4865130000,620000,15760000,420000,131610000
1791427239,952200284,2250,1747767917,D,N,8325610000000,8325609000000,8325608000000,8325603000000,8325602000000,299422000,62000,13000,7000,4243000,8325611000000,8325612000000,8325613000000,8325619000000,8325652000000,306035000,48000,13000,76000,69000
1791427239,954466432,2251,1617942128,D,N,258405000000,258404000000,258403000000,258401000000,258399000000,4313730000,24770000,390000,4440000,420000,258406000000,258407000000,258408000000,258413000000,258414000000,4865130000,620000,15760000,116730000,664720000
1791427239,955884072,2252,1617942128,S,N,258405000000,258404000000,258403000000,258401000000,258399000000,4313730000,24770000,390000,4440000,420000,258406000000,258407000000,258408000000,258413000000,258414000000,4865130000,620000,15760000,116730000,664720000
1791427240,4647870,2253,1747767917,D,N,8325610000000,8325609000000,8325608000000,8325603000000,8325602000000,198269000,62000,13000,7000,4243000,8325611000000,8325612000000,8325613000000,8325619000000,8325652000000,306007000,34000,13000,76000,69000
1791427240,6086277,2254,1617942128,D,N,258405000000,258404000000,258403000000,258401000000,258400000000,4313730000,24770000,390000,4440000,420000,258406000000,258407000000,258408000000,258412000000,258413000000,4903820000,620000,15760000,420000,847260000
1791427240,7471003,2255,1617942128,S,N,258405000000,258404000000,258403000000,258401000000,258400000000,4313730000,24770000,390000,4440000,420000,258406000000,258407000000,258408000000,258412000000,258413000000,4903820000,620000,15760000,420000,847260000
1791427240,116590883,2256,1747767917,D,N,8325610000000,8325609000000,8325608000000,8325603000000,8325602000000,110020000,62000,13000,7000,4243000,8325611000000,8325612000000,8325613000000,8325619000000,8325652000000,306035000,41000,13000,76000,69000
1791427240,118190528,2257,1617942128,D,N,258405000000,258404000000,258403000000,258402000000,258401000000,4313730000,24770000,390000,532710000,4650000,258406000000,258407000000,258408000000,258411000000,258412000000,4903820000,620000,15760000,420000,218610000
1791427240,119443305,2258,1617942128,S,N,258405000000,258404000000,258403000000,258402000000,258401000000,4313730000,24770000,390000,532710000,4650000,258406000000,258407000000,258408000000,258411000000,258412000000,4903820000,620000,15760000,420000,218610000
1791427240,236456987,2259,1747767917,D,N,8325610000000,8325609000000,8325608000000,8325603000000,8325602000000,107811000,62000,13000,7000,4243000,8325611000000,8325612000000,8325613000000,8325619000000,8325652000000,307059000,27000,13000,76000,69000
1791427240,242381942,2260,1617942128,D,N,258405000000,258404000000,258403000000,258402000000,258401000000,4313730000,24980000,313250000,532710000,4640000,258406000000,258407000000,258408000000,258411000000,258412000000,4903820000,620000,15760000,420000,218610000
1791427240,245071462,2261,1617942128,S,N,258405000000,258404000000,258403000000,258402000000,258401000000,4313730000,24980000,313250000,532710000,4640000,258406000000,258407000000,258408000000,258411000000,258412000000,4903820000,620000,15760000,420000,218610000
1791427240,309878925,2262,1747767917,D,N,8325610000000,8325609000000,8325608000000,8325603000000,8325602000000,74768000,62000,13000,7000,4243000,8325611000000,8325612000000,8325613000000,8325619000000,8325652000000,397692000,27000,13000,76000,69000
1791427240,311126315,2263,1617942128,D,N,258405000000,258404000000,258403000000,258401000000,258399000000,2758230000,557890000,153630000,4640000,420000,258406000000,258407000000,258408000000,258411000000,258412000000,4903820000,620000,15760000,420000,218610000
1791427240,312113040,2264,1617942128,S,N,258405000000,258404000000,258403000000,258401000000,258399000000,2758230000,557890000,153630000,4640000,420000,258406000000,258407000000,258408000000,258411000000,258412000000,4903820000,620000,15760000,420000,218610000
1791427240,464991387,2265,1747767917,D,N,8325610000000,8325609000000,8325608000000,8325603000000,8325602000000,74789000,62000,13000,7000,4243000,8325611000000,8325612000000,8325613000000,8325619000000,8325652000000,380873000,27000,13000,76000,69000
1791427240,466829460,2266,1617942128,D,N,258405000000,258404000000,258403000000,258401000000,258398000000,2758230000,557890000,489360000,4640000,40640000,258406000000,258407000000,258408000000,258411000000,258412000000,4903820000,620000,15760000,420000,218610000
1791427240,468036688,2267,1617942128,S,N,258405000000,258404000000,258403000000,258401000000,258398000000,2758230000,557890000,489360000,4640000,40640000,258406000000,258407000000,258408000000,258411000000,258412000000,4903820000,620000,15760000,420000,218610000
1791427240,486661139,2268,1747767917,D,N,8325610000000,8325609000000,8325608000000,8325603000000,8325602000000,74789000,62000,13000,7000,4243000,8325611000000,8325612000000,8325613000000,8325619000000,8325652000000,380853000,27000,13000,76000,69000
1791427240,487634248,2269,1617942128,D,N,258405000000,258404000000,258403000000,258401000000,258398000000,2758230000,557890000,489360000,4640000,40640000,258406000000,258407000000,258408000000,258411000000,258412000000,4944540000,620000,15760000,420000,218610000
1791427240,488448372,2270,1617942128,S,N,258405000000,258404000000,258403000000,258401000000,258398000000,2758230000,557890000,489360000,4640000,40640000,258406000000,258407000000,258408000000,258411000000,258412000000,4944540000,620000,15760000,420000,218610000
1791427240,584257698,2271,1747767917,D,N,8325610000000,8325609000000,8325608000000,8325603000000,8325602000000,74789000,62000,13000,7000,4243000,8325611000000,8325612000000,8325613000000,8325619000000,8325652000000,380873000,34000,13000,76000,69000
1791427240,584930371,2272,1617942128,D,N,258405000000,258404000000,258403000000,258401000000,258398000000,2789530000,557890000,489360000,4640000,40640000,258406000000,258407000000,258408000000,258411000000,258412000000,4944540000,620000,15760000,420000,218610000
1791427240,585439358,2273,1617942128,S,N,258405000000,258404000000,258403000000,258401000000,258398000000,2789530000,557890000,489360000,4640000,40640000,258406000000,258407000000,258408000000,258411000000,258412000000,4944540000,620000,15760000,420000,218610000
1791427240,681169044,2274,1747767917,S,N,8325610000000,8325609000000,8325608000000,8325603000000,8325602000000,74789000,62000,13000,7000,4243000,8325611000000,8325612000000,8325613000000,8325619000000,8325652000000,380873000,34000,13000,76000,69000
1791427240,682537999,2275,1747767917,D,N,8325610000000,8325609000000,8325608000000,8325603000000,8325602000000,74789000,62000,13000,7000,4243000,8325611000000,8325612000000,8325613000000,8325619000000,8325652000000,380873000,34000,13000,76000,69000
1791427240,683481917,2276,1617942128,D,N,258405000000,258404000000,258403000000,258401000000,258398000000,2828220000,557890000,489360000,4640000,40640000,258406000000,258407000000,258408000000,258411000000,258412000000,4944540000,620000,15760000,420000,218610000
1791427240,684443859,2277,1617942128,S,N,258405000000,258404000000,258403000000,258401000000,258398000000,2828220000,557890000,489360000,4640000,40640000,258406000000,258407000000,258408000000,258411000000,258412000000,4944540000,620000,15760000,420000,218610000
1791427240,782014655,2278,1747767917,D,N,8325610000000,8325609000000,8325608000000,8325603000000,8325602000000,74789000,62000,13000,7000,4243000,8325611000000,8325612000000,8325613000000,8325619000000,8325652000000,397796000,27000,13000,76000,69000
1791427240,782910966,2279,1617942128,D,N,258405000000,258404000000,258403000000,258401000000,258398000000,2796920000,557890000,489360000,4640000,40640000,258406000000,258407000000,258408000000,258411000000,258412000000,4944540000,620000,15760000,420000,218610000
1791427240,783835390,2280,1617942128,S,N,258405000000,258404000000,258403000000,258401000000,258398000000,2796920000,557890000,489360000,4640000,40640000,258406000000,258407000000,258408000000,258411000000,258412000000,4944540000,620000,15760000,420000,218610000
1791427240,881856301,2281,1747767917,S,N,8325610000000,8325609000000,8325608000000,8325603000000,8325602000000,74789000,62000,13000,7000,4243000,8325611000000,8325612000000,8325613000000,8325619000000,8325652000000,397796000,27000,13000,76000,69000
1791427240,882866830,2282,1747767917,D,N,8325610000000,8325609000000,8325608000000,8325603000000,8325602000000,74789000,62000,13000,7000,4243000,8325611000000,8325612000000,8325613000000,8325619000000,8325652000000,397796000,27000,13000,76000,69000
1791427240,883680170,2283,1617942128,D,N,258405000000,258404000000,258403000000,258401000000,258398000000,2796920000,557890000,489360000,4640000,40640000,258406000000,258407000000,258408000000,258411000000,258412000000,4944540000,620000,15760000,420000,218610000
1791427240,884442181,2284,1617942128,S,N,258405000000,258404000000,258403000000,258401000000,258398000000,2796920000,557890000,489360000,4640000,40640000,258406000000,258407000000,258408000000,258411000000,258412000000,4944540000,620000,15760000,420000,218610000
1791427240,976874130,2285,1747767917,S,N,8325610000000,8325609000000,8325608000000,8325603000000,8325602000000,74789000,62000,13000,7000,4243000,8325611000000,8325612000000,8325613000000,8325619000000,8325652000000,397796000,27000,13000,76000,69000
1791427240,978031889,2286,1617942128,D,N,258405000000,258404000000,258403000000,258401000000,258398000000,2796920000,557890000,489360000,4640000,40640000,258406000000,258407000000,258408000000,258411000000,258412000000,4944540000,620000,15760000,420000,218610000
1791427240,978811141,2287,1747767917,D,N,8325610000000,8325609000000,8325608000000,8325603000000,8325602000000,74789000,62000,13000,7000,4243000,8325611000000,8325612000000,8325613000000,8325619000000,8325652000000,397796000,27000,13000,76000,69000
1791427240,979567078,2288,1617942128,S,N,258405000000,258404000000,258403000000,258401000000,258398000000,2796920000,557890000,489360000,4640000,40640000,258406000000,258407000000,258408000000,258411000000,258412000000,4944540000,620000,15760000,420000,218610000
1791427241,73937507,2289,1747767917,D,N,8325610000000,8325609000000,8325608000000,8325603000000,8325602000000,74789000,62000,13000,7000,4243000,8325611000000,8325612000000,8325613000000,8325619000000,8325652000000,380873000,27000,13000,76000,69000
1791427241,76627908,2290,1617942128,D,N,258405000000,258404000000,258403000000,258401000000,258398000000,2777590000,557890000,489360000,4640000,40640000,258406000000,258407000000,258408000000,258411000000,258412000000,4944540000,620000,15760000,420000,218610000
1791427241,77893910,2291,1617942128,S,N,258405000000,258404000000,258403000000,258401000000,258398000000,2777590000,557890000,489360000,4640000,40640000,258406000000,258407000000,258408000000,258411000000,258412000000,4944540000,620000,15760000,420000,218610000
1791427241,171061127,2292,1747767917,D,N,8325610000000,8325609000000,8325608000000,8325603000000,8325602000000,74789000,62000,13000,7000,4243000,8325611000000,8325612000000,8325613000000,8325619000000,8325652000000,380866000,27000,13000,76000,69000
1791427241,172152373,2293,1617942128,D,N,258405000000,258404000000,258403000000,258401000000,258398000000,2777590000,557890000,489360000,4640000,40640000,258406000000,258407000000,258408000000,258411000000,258412000000,4944930000,1010000,16150000,420000,218610000
1791427241,173183081,2294,1617942128,S,N,258405000000,258404000000,258403000000,258401000000,258398000000,2777590000,557890000,489360000,4640000,40640000,258406000000,258407000000,258408000000,258411000000,258412000000,4944930000,1010000,16150000,420000,218610000
1791427241,269166869,2295,1747767917,D,N,8325610000000,8325609000000,8325608000000,8325603000000,8325602000000,74789000,62000,13000,7000,4243000,8325611000000,8325612000000,8325613000000,8325619000000,8325652000000,380856000,27000,13000,76000,69000
1791427241,270425916,2296,1617942128,D,N,258405000000,258404000000,258403000000,258401000000,258398000000,2777590000,557890000,489360000,4640000,40640000,258406000000,258407000000,258408000000,258411000000,258412000000,4944930000,1010000,16150000,420000,218610000
1791427241,271337802,2297,1617942128,S,N,258405000000,258404000000,258403000000,258401000000,258398000000,2777590000,557890000,489360000,4640000,40640000,258406000000,258407000000,258408000000,258411000000,258412000000,4944930000,1010000,16150000,420000,218610000
1791427241,378407138,2298,1747767917,D,N,8325610000000,8325609000000,8325608000000,8325603000000,8325602000000,74789000,62000,13000,7000,4243000,8325611000000,8325612000000,8325613000000,8325619000000,8325652000000,394129000,34000,13000,76000,69000
1791427241,379633076,2299,1617942128,D,N,258405000000,258404000000,258403000000,258401000000,258398000000,3557670000,557890000,489360000,29090000,40640000,258406000000,258407000000,258408000000,258411000000,258412000000,4944930000,1010000,16150000,420000,218610000
1791427241,380811797,2300,1617942128,S,N,258405000000,258404000000,258403000000,258401000000,258398000000,3557670000,557890000,489360000,29090000,40640000,258406000000,258407000000,258408000000,258411000000,258412000000,4944930000,1010000,16150000,420000,218610000
1791427241,467127578,2301,1747767917,D,N,8325610000000,8325609000000,8325608000000,8325603000000,8325602000000,74789000,62000,13000,7000,4243000,8325611000000,8325612000000,8325613000000,8325619000000,8325652000000,394136000,41000,13000,76000,69000
1791427241,468047203,2302,1617942128,D,N,258405000000,258404000000,258403000000,258401000000,258398000000,3256370000,557890000,489360000,29090000,40640000,258406000000,258407000000,258408000000,258411000000,258412000000,4944930000,1010000,16150000,420000,218610000
1791427241,468973684,2303,1617942128,S,N,258405000000,258404000000,258403000000,258401000000,258398000000,3256370000,557890000,489360000,29090000,40640000,258406000000,258407000000,258408000000,258411000000,258412000000,4944930000,1010000,16150000,420000,218610000
1791427241,567269267,2304,1747767917,D,N,8325610000000,8325609000000,8325608000000,8325603000000,8325602000000,74726000,62000,13000,7000,4243000,8325611000000,8325612000000,8325613000000,8325619000000,8325652000000,394149000,41000,13000,76000,69000
1791427241,568314179,2305,1617942128,D,N,258405000000,258404000000,258403000000,258401000000,258398000000,3526370000,557890000,489360000,29090000,40640000,258406000000,258407000000,258408000000,258411000000,258413000000,4944930000,1010000,16150000,420000,420000
1791427241,569207845,2306,1617942128,S,N,258405000000,258404000000,258403000000,258401000000,258398000000,3526370000,557890000,489360000,29090000,40640000,258406000000,258407000000,258408000000,258411000000,258413000000,4944930000,1010000,16150000,420000,420000
1791427241,661126399,2307,1747767917,D,N,8325610000000,8325609000000,8325608000000,8325603000000,8325602000000,74795000,62000,13000,7000,4243000,8325611000000,8325612000000,8325613000000,8325619000000,8325652000000,411465000,41000,13000,76000,69000
1791427241,662348222,2308,1617942128,D,N,258405000000,258404000000,258403000000,258401000000,258398000000,3526370000,557890000,489360000,29090000,40640000,258406000000,258407000000,258408000000,258413000000,258414000000,4944930000,1010000,16150000,420000,388100000
1791427241,663248745,2309,1617942128,S,N,258405000000,258404000000,258403000000,258401000000,258398000000,3526370000,557890000,489360000,29090000,40640000,258406000000,258407000000,258408000000,258413000000,258414000000,4944930000,1010000,16150000,420000,388100000
1791427241,761836241,2310,1747767917,D,N,8325610000000,8325609000000,8325608000000,8325603000000,8325602000000,74795000,62000,13000,7000,4243000,8325611000000,8325612000000,8325613000000,8325619000000,8325652000000,394129000,34000,13000,76000,69000
1791427241,762682887,2311,1617942128,D,N,258405000000,258404000000,258403000000,258401000000,258398000000,3526370000,557890000,489360000,29090000,40640000,258406000000,258407000000,258408000000,258413000000,258414000000,4944930000,1010000,16150000,420000,388100000
1791427241,763583704,2312,1617942128,S,N,258405000000,258404000000,258403000000,258401000000,258398000000,3526370000,557890000,489360000,29090000,40640000,258406000000,258407000000,258408000000,258413000000,258414000000,4944930000,1010000,16150000,420000,388100000
1791427241,860113604,2313,1747767917,S,N,8325610000000,8325609000000,8325608000000,8325603000000,8325602000000,74795000,62000,13000,7000,4243000,8325611000000,8325612000000,8325613000000,8325619000000,8325652000000,394129000,34000,13000,76000,69000
1791427241,861094256,2314,1747767917,D,N,8325610000000,8325609000000,8325608000000,8325603000000,8325602000000,74795000,62000,13000,7000,4243000,8325611000000,8325612000000,8325613000000,8325619000000,8325652000000,394129000,34000,13000,76000,69000
1791427241,861922290,2315,1617942128,D,N,258405000000,258404000000,258403000000,258401000000,258398000000,3526370000,557890000,489360000,29090000,40640000,258406000000,258407000000,258408000000,258413000000,258414000000,4983630000,1010000,16150000,420000,388100000
1791427241,862568418,2316,1617942128,S,N,258405000000,258404000000,258403000000,258401000000,258398000000,3526370000,557890000,489360000,29090000,40640000,258406000000,258407000000,258408000000,258413000000,258414000000,4983630000,1010000,16150000,420000,388100000
1791427241,957853867,2317,1747767917,D,N,8325610000000,8325609000000,8325608000000,8325603000000,8325602000000,74795000,62000,13000,7000,4243000,8325611000000,8325612000000,8325613000000,8325619000000,8325652000000,394135000,27000,13000,76000,69000
1791427241,959582032,2318,1617942128,D,N,258405000000,258404000000,258403000000,258401000000,258398000000,3526370000,557890000,532830000,29090000,40640000,258406000000,258407000000,258408000000,258413000000,258414000000,4983630000,1010000,16150000,420000,388100000
1791427241,960666910,2319,1617942128,S,N,258405000000,258404000000,258403000000,258401000000,258398000000,3526370000,557890000,532830000,29090000,40640000,258406000000,258407000000,258408000000,258413000000,258414000000,4983630000,1010000,16150000,420000,388100000
1791427242,86671125,2320,1747767917,D,N,8325610000000,8325609000000,8325608000000,8325603000000,8325602000000,74795000,62000,13000,7000,4243000,8325611000000,8325612000000,8325613000000,8325619000000,8325652000000,412469000,27000,13000,76000,69000
1791427242,88098463,2321,1617942128,D,N,258405000000,258404000000,258403000000,258401000000,258399000000,1556360000,25190000,679850000,29090000,420000,258406000000,258407000000,258408000000,258414000000,258415000000,6385360000,810000,16150000,76670000,230000
1791427242,89439206,2322,1617942128,S,N,258405000000,258404000000,258403000000,258401000000,258399000000,1556360000,25190000,679850000,29090000,420000,258406000000,258407000000,258408000000,258414000000,258415000000,6385360000,810000,16150000,76670000,230000
1791427242,150177224,2323,1747767917,D,N,8325610000000,8325609000000,8325608000000,8325603000000,8325602000000,38825000,62000,13000,7000,4250000,8325611000000,8325612000000,8325613000000,8325619000000,8325652000000,394114000,13000,13000,76000,69000
1791427242,151692429,2324,1617942128,D,N,258405000000,258404000000,258403000000,258402000000,258401000000,1362090000,24770000,390000,420000,25090000,258406000000,258407000000,258408000000,258412000000,258414000000,6406560000,390000,16150000,4000000,227150000
1791427242,152437885,2325,1617942128,S,N,258405000000,258404000000,258403000000,258402000000,258401000000,1362090000,24770000,390000,420000,25090000,258406000000,258407000000,258408000000,258412000000,258414000000,6406560000,390000,16150000,4000000,227150000
1791427242,295419397,2326,1747767917,D,N,8325600000000,8325599000000,8325591000000,8325569000000,8325477000000,2981000,49000,7000,8000,7000,8325601000000,8325602000000,8325603000000,8325611000000,8325619000000,851643000,505253000,100906000,106603000,76000
1791427242,296664828,2327,1617942128,D,N,258405000000,258404000000,258403000000,258401000000,258400000000,304220000,24970000,390000,840000,420000,258406000000,258407000000,258408000000,258412000000,258414000000,6409920000,390000,16150000,4000000,200000
1791427242,297514413,2328,1617942128,S,N,258405000000,258404000000,258403000000,258401000000,258400000000,304220000,24970000,390000,840000,420000,258406000000,258407000000,258408000000,258412000000,258414000000,6409920000,390000,16150000,4000000,200000
1791427242,353373366,2329,1747767917,D,N,8325600000000,8325599000000,8325591000000,8325569000000,8325477000000,35458000,49000,7000,8000,7000,8325601000000,8325602000000,8325603000000,8325611000000,8325619000000,927873000,88600000,100291000,105501000,76000
1791427242,354486358,2330,1617942128,D,N,258405000000,258404000000,258403000000,258401000000,258399000000,566490000,25170000,390000,840000,620000,258406000000,258407000000,258408000000,258412000000,258414000000,6409920000,390000,16150000,4000000,200000
1791427242,355240827,2331,1617942128,S,N,258405000000,258404000000,258403000000,258401000000,258399000000,566490000,25170000,390000,840000,620000,258406000000,258407000000,258408000000,258412000000,258414000000,6409920000,390000,16150000,4000000,200000
1791427242,857999624,2332,1747767917,D,N,8325600000000,8325599000000,8325591000000,8325569000000,8325477000000,35465000,49000,7000,8000,7000,8325601000000,8325602000000,8325603000000,8325611000000,8325619000000,927266000,88600000,9034000,71751000,76000
1791427242,858717124,2333,1617942128,D,N,258395000000,258394000000,258393000000,258392000000,258391000000,99900000,600000,200000,420000,60200000,258396000000,258397000000,258398000000,258399000000,258401000000,8305800000,1837620000,1868410000,1033680000,4200000
1791427242,961897144,2334,1617942128,S,N,258395000000,258394000000,258393000000,258392000000,258391000000,99900000,600000,200000,420000,60200000,258396000000,258397000000,258398000000,258399000000,258401000000,8305800000,1837620000,1868410000,1033680000,4200000
1791427242,963284078,2335,1747767917,S,N,8325600000000,8325599000000,8325591000000,8325569000000,8325477000000,35465000,49000,7000,8000,7000,8325601000000,8325602000000,8325603000000,8325611000000,8325619000000,927266000,88600000,9034000,71751000,76000
1791427242,964343098,2336,1747767917,D,N,8325600000000,8325599000000,8325591000000,8325569000000,8325477000000,35465000,49000,7000,8000,7000,8325601000000,8325602000000,8325603000000,8325611000000,8325619000000,927266000,88600000,9034000,71751000,76000
1791427242,965278191,2337,1617942128,D,N,258395000000,258394000000,258393000000,258392000000,258391000000,1557740000,21660000,200000,420000,60200000,258396000000,258397000000,258398000000,258399000000,258401000000,9409580000,1837620000,1054400000,1033680000,4200000
1791427242,966383276,2338,1617942128,S,N,258395000000,258394000000,258393000000,258392000000,258391000000,1557740000,21660000,200000,420000,60200000,258396000000,258397000000,258398000000,258399000000,258401000000,9409580000,1837620000,1054400000,1033680000,4200000
1791427242,979299139,2339,1747767917,D,N,8325600000000,8325599000000,8325591000000,8325569000000,8325477000000,35465000,49000,7000,8000,7000,8325601000000,8325602000000,8325603000000,8325611000000,8325619000000,927273000,88600000,9034000,71751000,76000
1791427242,979806909,2340,1617942128,D,N,258395000000,258394000000,258393000000,258392000000,258391000000,79060000,22060000,200000,420000,60200000,258396000000,258397000000,258398000000,258401000000,258405000000,7751580000,1065940000,390000,4200000,767450000
1791427242,980379036,2341,1617942128,S,N,258395000000,258394000000,258393000000,258392000000,258391000000,79060000,22060000,200000,420000,60200000,258396000000,258397000000,258398000000,258401000000,258405000000,7751580000,1065940000,390000,4200000,767450000
1791427242,981006326,2342,1747767917,D,N,8325600000000,8325599000000,8325591000000,8325569000000,8325477000000,53859000,49000,7000,8000,7000,8325601000000,8325602000000,8325603000000,8325611000000,8325619000000,927273000,88600000,9034000,71751000,76000
1791427242,981543210,2343,1617942128,D,N,258395000000,258394000000,258393000000,258392000000,258391000000,79060000,22060000,200000,420000,60200000,258396000000,258397000000,258398000000,258401000000,258405000000,7751580000,1065940000,390000,4200000,767450000
1791427242,981986336,2344,1617942128,S,N,258395000000,258394000000,258393000000,258392000000,258391000000,79060000,22060000,200000,420000,60200000,258396000000,258397000000,258398000000,258401000000,258405000000,7751580000,1065940000,390000,4200000,767450000
1791427242,995910460,2345,1747767917,D,N,8325600000000,8325599000000,8325591000000,8325569000000,8325477000000,53866000,49000,7000,8000,7000,8325601000000,8325602000000,8325603000000,8325611000000,8325619000000,927286000,88600000,9034000,71751000,76000
1791427243,84454185,2346,1617942128,D,N,258391000000,258390000000,258389000000,258388000000,258387000000,309100000,1620000,620000,36370000,200000,258392000000,258393000000,258394000000,258395000000,258396000000,9870380000,62260000,390000,61870000,1238360000
1791427243,85661838,2347,1617942128,S,N,258391000000,258390000000,258389000000,258388000000,258387000000,309100000,1620000,620000,36370000,200000,258392000000,258393000000,258394000000,258395000000,258396000000,9870380000,62260000,390000,61870000,1238360000
1791427243,87216561,2348,1747767917,D,N,8325600000000,8325599000000,8325591000000,8325569000000,8325477000000,39371000,49000,7000,8000,7000,8325601000000,8325602000000,8325603000000,8325611000000,8325619000000,927286000,88600000,9034000,71751000,76000
1791427243,88038647,2349,1617942128,D,N,258391000000,258390000000,258389000000,258388000000,258387000000,64010000,1200000,620000,36370000,200000,258392000000,258393000000,258394000000,258395000000,258396000000,9881580000,62260000,390000,61870000,957160000
1791427243,88557622,2350,1617942128,S,N,258391000000,258390000000,258389000000,258388000000,258387000000,64010000,1200000,620000,36370000,200000,258392000000,258393000000,258394000000,258395000000,258396000000,9881580000,62260000,390000,61870000,957160000
1791427243,89462931,2351,1747767917,D,N,8325600000000,8325599000000,8325591000000,8325569000000,8325477000000,39364000,49000,7000,8000,7000,8325601000000,8325602000000,8325603000000,8325611000000,8325619000000,927286000,88600000,9034000,71744000,76000
1791427243,90109471,2352,1617942128,D,N,258391000000,258390000000,258389000000,258388000000,258387000000,64010000,1200000,620000,36370000,200000,258392000000,258393000000,258394000000,258395000000,258396000000,9881580000,62260000,390000,61870000,957160000
1791427243,90633522,2353,1617942128,S,N,258391000000,258390000000,258389000000,258388000000,258387000000,64010000,1200000,620000,36370000,200000,258392000000,258393000000,258394000000,258395000000,258396000000,9881580000,62260000,390000,61870000,957160000
1791427243,139695776,2354,1747767917,D,N,8325600000000,8325599000000,8325591000000,8325569000000,8325477000000,39364000,49000,7000,8000,7000,8325601000000,8325602000000,8325603000000,8325611000000,8325619000000,927279000,88600000,9034000,74146000,76000
1791427243,142041843,2355,1617942128,D,N,258391000000,258390000000,258389000000,258388000000,258387000000,301020000,1200000,620000,36370000,200000,258392000000,258393000000,258394000000,258395000000,258396000000,9787800000,62260000,390000,61870000,957160000
1791427243,144139100,2356,1617942128,S,N,258391000000,258390000000,258389000000,258388000000,258387000000,301020000,1200000,620000,36370000,200000,258392000000,258393000000,258394000000,258395000000,258396000000,9787800000,62260000,390000,61870000,957160000
1791427243,234631542,2357,1747767917,D,N,8325600000000,8325599000000,8325591000000,8325569000000,8325477000000,39364000,49000,7000,8000,7000,8325601000000,8325602000000,8325603000000,8325611000000,8325619000000,927364000,88600000,9034000,74146000,76000
1791427243,237099715,2358,1617942128,D,N,258391000000,258390000000,258389000000,258388000000,258387000000,753120000,1200000,620000,36370000,200000,258392000000,258393000000,258394000000,258395000000,258396000000,9247800000,62260000,390000,61870000,957160000
1791427243,239284122,2359,1617942128,S,N,258391000000,258390000000,258389000000,258388000000,258387000000,753120000,1200000,620000,36370000,200000,258392000000,258393000000,258394000000,258395000000,258396000000,9247800000,62260000,390000,61870000,957160000
1791427243,384001755,2360,1747767917,S,N,8325600000000,8325599000000,8325591000000,8325569000000,8325477000000,39364000,49000,7000,8000,7000,8325601000000,8325602000000,8325603000000,8325611000000,8325619000000,927364000,88600000,9034000,74146000,76000
1791427243,385477851,2361,1747767917,D,N,8325600000000,8325599000000,8325591000000,8325569000000,8325477000000,39364000,49000,7000,8000,7000,8325601000000,8325602000000,8325603000000,8325611000000,8325619000000,927364000,88600000,9034000,74146000,76000
1791427243,386707148,2362,1617942128,D,N,258391000000,258390000000,258389000000,258388000000,258387000000,350620000,1820000,40220000,36370000,200000,258392000000,258393000000,258394000000,258395000000,258396000000,9247800000,62260000,390000,61870000,957160000
1791427243,387978776,2363,1617942128,S,N,258391000000,258390000000,258389000000,258388000000,258387000000,350620000,1820000,40220000,36370000,200000,258392000000,258393000000,258394000000,258395000000,258396000000,9247800000,62260000,390000,61870000,957160000
1791427243,477361058,2364,1747767917,S,N,8325600000000,8325599000000,8325591000000,8325569000000,8325477000000,39364000,49000,7000,8000,7000,8325601000000,8325602000000,8325603000000,8325611000000,8325619000000,927364000,88600000,9034000,74146000,76000
1791427243,479039228,2365,1747767917,D,N,8325600000000,8325599000000,8325591000000,8325569000000,8325477000000,39364000,49000,7000,8000,7000,8325601000000,8325602000000,8325603000000,8325611000000,8325619000000,927364000,88600000,9034000,74146000,76000
1791427243,480437559,2366,1617942128,D,N,258391000000,258390000000,258389000000,258388000000,258387000000,350420000,1820000,40220000,36370000,200000,258392000000,258393000000,258394000000,258395000000,258396000000,9247800000,62260000,390000,596760000,957160000
1791427243,481935969,2367,1617942128,S,N,258391000000,258390000000,258389000000,258388000000,258387000000,350420000,1820000,40220000,36370000,200000,258392000000,258393000000,258394000000,258395000000,258396000000,9247800000,62260000,390000,596760000,957160000
1791427243,554154148,2368,1747767917,D,N,8325600000000,8325599000000,8325591000000,8325569000000,8325477000000,34172000,49000,7000,8000,7000,8325601000000,8325602000000,8325603000000,8325611000000,8325619000000,927364000,88600000,9034000,74146000,76000
1791427243,555506126,2369,1617942128,D,N,258389000000,258388000000,258387000000,258386000000,258384000000,241210000,37360000,590000,200000,47010000,258390000000,258391000000,258392000000,258393000000,258395000000,8491550000,2889320000,1754240000,61870000,61870000
1791427243,556902638,2370,1617942128,S,N,258389000000,258388000000,258387000000,258386000000,258384000000,241210000,37360000,590000,200000,47010000,258390000000,258391000000,258392000000,258393000000,258395000000,8491550000,2889320000,1754240000,61870000,61870000
1791427243,636187746,2371,1747767917,S,N,8325600000000,8325599000000,8325591000000,8325569000000,8325477000000,34172000,49000,7000,8000,7000,8325601000000,8325602000000,8325603000000,8325611000000,8325619000000,927364000,88600000,9034000,74146000,76000
1791427243,637379790,2372,1747767917,D,N,8325600000000,8325599000000,8325591000000,8325569000000,8325477000000,34172000,49000,7000,8000,7000,8325601000000,8325602000000,8325603000000,8325611000000,8325619000000,927364000,88600000,9034000,74146000,76000
1791427243,638285674,2373,1617942128,D,N,258389000000,258388000000,258387000000,258386000000,258385000000,258660000,1590000,790000,200000,420000,258390000000,258391000000,258392000000,258393000000,258395000000,8544790000,535280000,1742100000,61870000,61870000
1791427243,639309833,2374,1617942128,S,N,258389000000,258388000000,258387000000,258386000000,258385000000,258660000,1590000,790000,200000,420000,258390000000,258391000000,258392000000,258393000000,258395000000,8544790000,535280000,1742100000,61870000,61870000
1791427243,720599973,2375,1747767917,D,N,8325600000000,8325599000000,8325591000000,8325569000000,8325477000000,21716000,49000,7000,8000,7000,8325601000000,8325602000000,8325603000000,8325611000000,8325619000000,927364000,88600000,9034000,74146000,76000
1791427243,721867865,2376,1617942128,D,N,258389000000,258388000000,258387000000,258386000000,258383000000,328400000,21680000,590000,200000,43770000,258390000000,258391000000,258392000000,258393000000,258395000000,8548790000,535280000,1472100000,61870000,61870000
1791427243,722856399,2377,1617942128,S,N,258389000000,258388000000,258387000000,258386000000,258383000000,328400000,21680000,590000,200000,43770000,258390000000,258391000000,258392000000,258393000000,258395000000,8548790000,535280000,1472100000,61870000,61870000
1791427243,869359941,2378,1747767917,S,N,8325600000000,8325599000000,8325591000000,8325569000000,8325477000000,21716000,49000,7000,8000,7000,8325601000000,8325602000000,8325603000000,8325611000000,8325619000000,927364000,88600000,9034000,74146000,76000
1791427243,870562041,2379,1747767917,D,N,8325600000000,8325599000000,8325591000000,8325569000000,8325477000000,21716000,49000,7000,8000,7000,8325601000000,8325602000000,8325603000000,8325611000000,8325619000000,927364000,88600000,9034000,74146000,76000
1791427243,871356449,2380,1617942128,D,N,258389000000,258388000000,258387000000,258386000000,258384000000,218800000,21680000,590000,200000,420000,258390000000,258391000000,258392000000,258393000000,258395000000,8548790000,535280000,1472100000,61870000,61870000
1791427243,872283211,2381,1617942128,S,N,258389000000,258388000000,258387000000,258386000000,258384000000,218800000,21680000,590000,200000,420000,258390000000,258391000000,258392000000,258393000000,258395000000,8548790000,535280000,1472100000,61870000,61870000
1791427243,905609285,2382,1747767917,D,N,8325600000000,8325599000000,8325598000000,8325591000000,8325569000000,21716000,62000,13000,7000,8000,8325601000000,8325602000000,8325603000000,8325611000000,8325619000000,927364000,88600000,9034000,74146000,76000
1791427243,906536622,2383,1617942128,D,N,258389000000,258388000000,258387000000,258386000000,258384000000,329200000,22280000,590000,200000,420000,258390000000,258391000000,258392000000,258393000000,258395000000,8548790000,931700000,1472100000,61870000,61870000
1791427243,907538563,2384,1617942128,S,N,258389000000,258388000000,258387000000,258386000000,258384000000,329200000,22280000,590000,200000,420000,258390000000,258391000000,258392000000,258393000000,258395000000,8548790000,931700000,1472100000,61870000,61870000
1791427244,46115357,2385,1747767917,D,N,8325600000000,8325599000000,8325598000000,8325591000000,8325569000000,21726000,62000,13000,7000,8000,8325601000000,8325602000000,8325603000000,8325611000000,8325619000000,927364000,88600000,9034000,74146000,76000
1791427244,46982646,2386,1617942128,D,N,258389000000,258388000000,258387000000,258386000000,258384000000,329200000,22280000,590000,200000,420000,258390000000,258391000000,258392000000,258393000000,258395000000,8548790000,931700000,1472100000,61870000,61870000
1791427244,47627845,2387,1617942128,S,N,258389000000,258388000000,258387000000,258386000000,258384000000,329200000,22280000,590000,200000,420000,258390000000,258391000000,258392000000,258393000000,258395000000,8548790000,931700000,1472100000,61870000,61870000
1791427244,105384345,2388,1747767917,D,N,8325600000000,8325599000000,8325598000000,8325591000000,8325569000000,35801000,62000,13000,7000,8000,8325601000000,8325602000000,8325603000000,8325611000000,8325619000000,927364000,88600000,9034000,74146000,76000
1791427244,112097406,2389,1617942128,D,N,258389000000,258388000000,258387000000,258386000000,258384000000,220000000,22280000,590000,200000,420000,258390000000,258391000000,258392000000,258393000000,258395000000,8548790000,931700000,1472100000,61870000,61870000
1791427244,113109786,2390,1617942128,S,N,258389000000,258388000000,258387000000,258386000000,258384000000,220000000,22280000,590000,200000,420000,258390000000,258391000000,258392000000,258393000000,258395000000,8548790000,931700000,1472100000,61870000,61870000
1791427244,252566511,2391,1747767917,D,N,8325600000000,8325599000000,8325598000000,8325591000000,8325569000000,18622000,62000,13000,7000,8000,8325601000000,8325602000000,8325603000000,8325611000000,8325619000000,929357000,77582000,9034000,58023000,76000
1791427244,254404520,2392,1617942128,D,N,258389000000,258388000000,258387000000,258386000000,258383000000,5720000,22080000,590000,200000,820000,258390000000,258391000000,258392000000,258393000000,258395000000,8548790000,931700000,1472100000,61870000,61870000
1791427244,255623570,2393,1617942128,S,N,258389000000,258388000000,258387000000,258386000000,258383000000,5720000,22080000,590000,200000,820000,258390000000,258391000000,258392000000,258393000000,258395000000,8548790000,931700000,1472100000,61870000,61870000
1791427244,332821860,2394,1747767917,D,N,8325283000000,8325282000000,8325275000000,8325211000000,8325210000000,18188000,49000,8000,7000,1881000,8325284000000,8325285000000,8325286000000,8325318000000,8325400000000,793489000,13000,13000,14000,34292000
1791427244,334531825,2395,1617942128,D,N,258389000000,258388000000,258387000000,258386000000,258383000000,5920000,22080000,590000,200000,820000,258390000000,258391000000,258392000000,258396000000,258397000000,8586240000,931700000,1515100000,918460000,830330000
1791427244,335738043,2396,1617942128,S,N,258389000000,258388000000,258387000000,258386000000,258383000000,5920000,22080000,590000,200000,820000,258390000000,258391000000,258392000000,258396000000,258397000000,8586240000,931700000,1515100000,918460000,830330000
1791427244,504335617,2397,1747767917,D,N,8325200000000,8325199000000,8325157000000,8325036000000,8325001000000,21010000,49000,8000,7000,7000,8325201000000,8325202000000,8325203000000,8325210000000,8325211000000,776339000,107888000,13000,101027000,70978000
1791427244,505989366,2398,1617942128,D,N,258377000000,258376000000,258375000000,258374000000,258373000000,258030000,800000,200000,400000,420000,258378000000,258379000000,258380000000,258382000000,258388000000,9877920000,4390000,390000,814410000,440000
1791427244,507272486,2399,1617942128,S,N,258377000000,258376000000,258375000000,258374000000,258373000000,258030000,800000,200000,400000,420000,258378000000,258379000000,258380000000,258382000000,258388000000,9877920000,4390000,390000,814410000,440000
1791427244,566196512,2400,1747767917,D,N,8325200000000,8325199000000,8325157000000,8325066000000,8325036000000,21768000,49000,8000,1275000,7000,8325201000000,8325202000000,8325203000000,8325209000000,8325210000000,759652000,12028000,13000,400000,30049000
1791427244,567135054,2401,1617942128,D,N,258350000000,258349000000,258348000000,258347000000,258346000000,3419760000,321130000,507350000,216800000,30250000,258351000000,258352000000,258353000000,258362000000,258368000000,3362410000,390000,390000,200000,4000000
1791427244,568836687,2402,1617942128,S,N,258350000000,258349000000,258348000000,258347000000,258346000000,3419760000,321130000,507350000,216800000,30250000,258351000000,258352000000,258353000000,258362000000,258368000000,3362410000,390000,390000,200000,4000000
1791427244,573762114,2403,1747767917,D,N,8325200000000,8325199000000,8325157000000,8325067000000,8325066000000,21775000,63000,8000,7000,1275000,8325201000000,8325202000000,8325203000000,8325210000000,8325211000000,759652000,12028000,13000,30049000,7000
1791427244,574545222,2404,1617942128,D,N,258350000000,258349000000,258348000000,258347000000,258346000000,3422450000,499320000,525380000,216800000,30250000,258351000000,258352000000,258353000000,258354000000,258355000000,2200030000,390000,780000,420000,281780000
1791427244,575288968,2405,1617942128,S,N,258350000000,258349000000,258348000000,258347000000,258346000000,3422450000,499320000,525380000,216800000,30250000,258351000000,258352000000,258353000000,258354000000,258355000000,2200030000,390000,780000,420000,281780000
1791427244,670882958,2406,1747767917,D,N,8325200000000,8325199000000,8325157000000,8325067000000,8325066000000,21536000,63000,8000,7000,1275000,8325201000000,8325202000000,8325203000000,8325210000000,8325211000000,815314000,12028000,13000,30049000,7000
1791427244,671768539,2407,1617942128,D,N,258350000000,258349000000,258348000000,258347000000,258346000000,3399870000,499320000,525380000,216800000,30250000,258351000000,258352000000,258353000000,258354000000,258355000000,1730020000,390000,780000,420000,281780000
1791427244,672635061,2408,1617942128,S,N,258350000000,258349000000,258348000000,258347000000,258346000000,3399870000,499320000,525380000,216800000,30250000,258351000000,258352000000,258353000000,258354000000,258355000000,1730020000,390000,780000,420000,281780000
1791427244,767043329,2409,1747767917,S,N,8325200000000,8325199000000,8325157000000,8325067000000,8325066000000,21536000,63000,8000,7000,1275000,8325201000000,8325202000000,8325203000000,8325210000000,8325211000000,815314000,12028000,13000,30049000,7000
1791427244,769468501,2410,1747767917,D,N,8325200000000,8325199000000,8325157000000,8325067000000,8325066000000,21536000,63000,8000,7000,1275000,8325201000000,8325202000000,8325203000000,8325210000000,8325211000000,815314000,12028000,13000,30049000,7000
1791427244,772713651,2411,1617942128,D,N,258350000000,258349000000,258348000000,258347000000,258346000000,3399870000,499320000,525380000,216800000,30250000,258351000000,258352000000,258353000000,258354000000,258355000000,1730020000,390000,780000,420000,281780000
1791427244,775322414,2412,1617942128,S,N,258350000000,258349000000,258348000000,258347000000,258346000000,3399870000,499320000,525380000,216800000,30250000,258351000000,258352000000,258353000000,258354000000,258355000000,1730020000,390000,780000,420000,281780000
1791427244,860957713,2413,1747767917,S,N,8325200000000,8325199000000,8325157000000,8325067000000,8325066000000,21536000,63000,8000,7000,1275000,8325201000000,8325202000000,8325203000000,8325210000000,8325211000000,815314000,12028000,13000,30049000,7000
1791427244,862310362,2414,1747767917,D,N,8325200000000,8325199000000,8325157000000,8325067000000,8325066000000,21536000,63000,8000,7000,1275000,8325201000000,8325202000000,8325203000000,8325210000000,8325211000000,815314000,12028000,13000,30049000,7000
1791427244,863127372,2415,1617942128,D,N,258350000000,258349000000,258348000000,258347000000,258346000000,3399870000,499320000,525380000,216800000,30250000,258351000000,258352000000,258353000000,258354000000,258355000000,1730020000,390000,780000,420000,281780000
1791427244,863895635,2416,1617942128,S,N,258350000000,258349000000,258348000000,258347000000,258346000000,3399870000,499320000,525380000,216800000,30250000,258351000000,258352000000,258353000000,258354000000,258355000000,1730020000,390000,780000,420000,281780000
1791427244,957451266,2417,1747767917,D,N,8325200000000,8325199000000,8325157000000,8325067000000,8325066000000,21606000,49000,8000,7000,1275000,8325201000000,8325202000000,8325203000000,8325210000000,8325279000000,815327000,12028000,13000,30049000,2000000
1791427244,958736397,2418,1617942128,D,N,258350000000,258349000000,258348000000,258347000000,258346000000,3402080000,499120000,481390000,217220000,812420000,258351000000,258352000000,258353000000,258354000000,258355000000,2748100000,390000,780000,420000,281780000
1791427244,960061752,2419,1617942128,S,N,258350000000,258349000000,258348000000,258347000000,258346000000,3402080000,499120000,481390000,217220000,812420000,258351000000,258352000000,258353000000,258354000000,258355000000,2748100000,390000,780000,420000,281780000
1791427245,54194203,2420,1747767917,D,N,8325200000000,8325199000000,8325157000000,8325067000000,8325066000000,25561000,56000,8000,7000,1275000,8325201000000,8325202000000,8325203000000,8325210000000,8325279000000,815327000,12028000,13000,30049000,2000000
1791427245,55622031,2421,1617942128,D,N,258350000000,258349000000,258348000000,258347000000,258346000000,3402080000,499120000,481390000,217220000,812420000,258351000000,258352000000,258353000000,258354000000,258355000000,2748100000,390000,780000,420000,281780000
1791427245,56679518,2422,1617942128,S,N,258350000000,258349000000,258348000000,258347000000,258346000000,3402080000,499120000,481390000,217220000,812420000,258351000000,258352000000,258353000000,258354000000,258355000000,2748100000,390000,780000,420000,281780000
1791427245,149858967,2423,1747767917,D,N,8325200000000,8325199000000,8325157000000,8325067000000,8325066000000,25582000,63000,8000,7000,1275000,8325201000000,8325202000000,8325203000000,8325210000000,8325279000000,780539000,12028000,13000,30049000,2000000
1791427245,151000348,2424,1617942128,D,N,258350000000,258349000000,258348000000,258347000000,258346000000,3402080000,499120000,1054720000,216800000,30250000,258351000000,258352000000,258353000000,258354000000,258355000000,1419710000,390000,780000,420000,186040000
1791427245,152000948,2425,1617942128,S,N,258350000000,258349000000,258348000000,258347000000,258346000000,3402080000,499120000,1054720000,216800000,30250000,258351000000,258352000000,258353000000,258354000000,258355000000,1419710000,390000,780000,420000,186040000
1791427245,248019676,2426,1747767917,D,N,8325200000000,8325199000000,8325157000000,8325067000000,8325066000000,25589000,63000,8000,7000,1275000,8325201000000,8325202000000,8325203000000,8325210000000,8325279000000,780539000,12028000,13000,30049000,2000000
1791427245,249304999,2427,1617942128,D,N,258350000000,258349000000,258348000000,258347000000,258346000000,3402080000,499120000,1054720000,216800000,30250000,258351000000,258352000000,258353000000,258354000000,258355000000,1419710000,390000,780000,420000,186040000
1791427245,250463906,2428,1617942128,S,N,258350000000,258349000000,258348000000,258347000000,258346000000,3402080000,499120000,1054720000,216800000,30250000,258351000000,258352000000,258353000000,258354000000,258355000000,1419710000,390000,780000,420000,186040000
1791427245,341969591,2429,1747767917,D,N,8325200000000,8325199000000,8325157000000,8325067000000,8325066000000,25596000,70000,8000,7000,1275000,8325201000000,8325202000000,8325203000000,8325210000000,8325279000000,780539000,12028000,13000,30049000,2000000
1791427245,343020565,2430,1617942128,D,N,258350000000,258349000000,258348000000,258347000000,258346000000,3402080000,499120000,1054720000,216800000,30250000,258351000000,258352000000,258353000000,258355000000,258356000000,1905810000,390000,780000,420000,16790000
1791427245,344370629,2431,1617942128,S,N,258350000000,258349000000,258348000000,258347000000,258346000000,3402080000,499120000,1054720000,216800000,30250000,258351000000,258352000000,258353000000,258355000000,258356000000,1905810000,390000,780000,420000,16790000
1791427245,436539325,2432,1747767917,D,N,8325200000000,8325199000000,8325157000000,8325067000000,8325066000000,25596000,70000,8000,7000,1275000,8325201000000,8325202000000,8325203000000,8325210000000,8325279000000,779399000,12028000,13000,30049000,2000000
1791427245,437963897,2433,1617942128,D,N,258350000000,258349000000,258348000000,258347000000,258346000000,3402080000,499120000,1054720000,216800000,30250000,258351000000,258352000000,258353000000,258355000000,258356000000,747300000,390000,780000,420000,16790000
1791427245,439185916,2434,1617942128,S,N,258350000000,258349000000,258348000000,258347000000,258346000000,3402080000,499120000,1054720000,216800000,30250000,258351000000,258352000000,258353000000,258355000000,258356000000,747300000,390000,780000,420000,16790000
1791427245,535456422,2435,1747767917,S,N,8325200000000,8325199000000,8325157000000,8325067000000,8325066000000,25596000,70000,8000,7000,1275000,8325201000000,8325202000000,8325203000000,8325210000000,8325279000000,779399000,12028000,13000,30049000,2000000
1791427245,547030745,2436,1747767917,D,N,8325200000000,8325199000000,8325157000000,8325067000000,8325066000000,25596000,70000,8000,7000,1275000,8325201000000,8325202000000,8325203000000,8325210000000,8325279000000,779399000,12028000,13000,30049000,2000000
1791427245,550214987,2437,1617942128,D,N,258350000000,258349000000,258348000000,258347000000,258346000000,3208450000,499120000,1054720000,216800000,30250000,258351000000,258352000000,258353000000,258354000000,258355000000,1090000000,390000,780000,200000,420000
1791427245,551607955,2438,1617942128,S,N,258350000000,258349000000,258348000000,258347000000,258346000000,3208450000,499120000,1054720000,216800000,30250000,258351000000,258352000000,258353000000,258354000000,258355000000,1090000000,390000,780000,200000,420000
1791427245,643877305,2439,1747767917,D,N,8325200000000,8325199000000,8325157000000,8325067000000,8325066000000,25568000,56000,8000,7000,1275000,8325201000000,8325202000000,8325203000000,8325210000000,8325279000000,779399000,12028000,13000,30049000,2000000
1791427245,646473809,2440,1617942128,D,N,258350000000,258349000000,258348000000,258347000000,258346000000,3100880000,320890000,481390000,216800000,26250000,258351000000,258352000000,258353000000,258354000000,258355000000,2856130000,390000,780000,200000,420000
1791427245,650189475,2441,1617942128,S,N,258350000000,258349000000,258348000000,258347000000,258346000000,3100880000,320890000,481390000,216800000,26250000,258351000000,258352000000,258353000000,258354000000,258355000000,2856130000,390000,780000,200000,420000
1791427245,725204124,2442,1747767917,D,N,8325200000000,8325199000000,8325157000000,8325067000000,8325066000000,25568000,56000,8000,7000,1275000,8325201000000,8325202000000,8325203000000,8325210000000,8325279000000,779759000,12028000,13000,30049000,2000000
1791427245,728515643,2443,1617942128,D,N,258350000000,258349000000,258348000000,258347000000,258346000000,3102850000,320890000,481390000,216800000,300000,258351000000,258352000000,258353000000,258354000000,258356000000,3124190000,810000,187020000,576670000,16790000
1791427245,731369863,2444,1617942128,S,N,258350000000,258349000000,258348000000,258347000000,258346000000,3102850000,320890000,481390000,216800000,300000,258351000000,258352000000,258353000000,258354000000,258356000000,3124190000,810000,187020000,576670000,16790000
1791427245,819656829,2445,1747767917,D,N,8325200000000,8325199000000,8325198000000,8325157000000,8325067000000,25414000,69000,13000,8000,7000,8325201000000,8325202000000,8325203000000,8325210000000,8325279000000,779749000,12028000,13000,30049000,2000000
1791427245,822530777,2446,1617942128,D,N,258350000000,258349000000,258348000000,258347000000,258346000000,3102650000,320890000,481390000,216800000,300000,258351000000,258352000000,258353000000,258354000000,258356000000,3124190000,810000,187020000,576670000,16790000
1791427245,825056603,2447,1617942128,S,N,258350000000,258349000000,258348000000,258347000000,258346000000,3102650000,320890000,481390000,216800000,300000,258351000000,258352000000,258353000000,258354000000,258356000000,3124190000,810000,187020000,576670000,16790000
1791427245,918652361,2448,1747767917,D,N,8325200000000,8325199000000,8325198000000,8325157000000,8325067000000,25424000,69000,13000,8000,7000,8325201000000,8325202000000,8325203000000,8325210000000,8325279000000,779749000,12028000,13000,30049000,2000000
1791427245,921209695,2449,1617942128,D,N,258350000000,258349000000,258348000000,258347000000,258346000000,3102650000,320890000,481390000,216800000,300000,258351000000,258352000000,258353000000,258354000000,258356000000,3124190000,810000,187020000,576670000,16790000
1791427245,923595123,2450,1617942128,S,N,258350000000,258349000000,258348000000,258347000000,258346000000,3102650000,320890000,481390000,216800000,300000,258351000000,258352000000,258353000000,258354000000,258356000000,3124190000,810000,187020000,576670000,16790000
1791427246,16706383,2451,1747767917,D,N,8325200000000,8325199000000,8325198000000,8325157000000,8325067000000,25431000,69000,13000,8000,7000,8325201000000,8325202000000,8325203000000,8325210000000,8325279000000,779749000,12028000,13000,30049000,2000000
1791427246,19228091,2452,1617942128,D,N,258350000000,258349000000,258348000000,258347000000,258346000000,3103040000,321280000,481780000,216800000,300000,258351000000,258352000000,258353000000,258354000000,258356000000,3124190000,810000,187020000,576670000,16790000
1791427246,22382165,2453,1617942128,S,N,258350000000,258349000000,258348000000,258347000000,258346000000,3103040000,321280000,481780000,216800000,300000,258351000000,258352000000,258353000000,258354000000,258356000000,3124190000,810000,187020000,576670000,16790000
1791427246,105125894,2454,1747767917,S,N,8325200000000,8325199000000,8325198000000,8325157000000,8325067000000,25431000,69000,13000,8000,7000,8325201000000,8325202000000,8325203000000,8325210000000,8325279000000,779749000,12028000,13000,30049000,2000000
1791427246,108141677,2455,1747767917,D,N,8325200000000,8325199000000,8325198000000,8325157000000,8325067000000,25431000,69000,13000,8000,7000,8325201000000,8325202000000,8325203000000,8325210000000,8325279000000,779749000,12028000,13000,30049000,2000000
1791427246,111692045,2456,1617942128,D,N,258350000000,258349000000,258348000000,258347000000,258346000000,3103240000,321280000,481780000,217220000,741960000,258351000000,258352000000,258353000000,258354000000,258355000000,3124190000,810000,186600000,200000,420000
1791427246,114327048,2457,1617942128,S,N,258350000000,258349000000,258348000000,258347000000,258346000000,3103240000,321280000,481780000,217220000,741960000,258351000000,258352000000,258353000000,258354000000,258355000000,3124190000,810000,186600000,200000,420000
1791427246,477408511,2458,1747767917,D,N,8325200000000,8325199000000,8325198000000,8325157000000,8325067000000,40424000,69000,13000,8000,7000,8325201000000,8325202000000,8325203000000,8325210000000,8325279000000,779742000,12028000,13000,30049000,2000000
1791427246,479097311,2459,1617942128,D,N,258350000000,258349000000,258348000000,258347000000,258346000000,3103240000,321280000,481780000,217220000,741960000,258351000000,258352000000,258353000000,258354000000,258355000000,3124190000,810000,186600000,200000,420000
1791427246,480250760,2460,1617942128,S,N,258350000000,258349000000,258348000000,258347000000,258346000000,3103240000,321280000,481780000,217220000,741960000,258351000000,258352000000,258353000000,258354000000,258355000000,3124190000,810000,186600000,200000,420000
1791427246,787418903,2461,1747767917,D,N,8324403000000,8324402000000,8324401000000,8324400000000,8324259000000,37374000,42000,7000,2807000,8000,8324404000000,8324434000000,8324435000000,8324466000000,8324470000000,369093000,261408000,111643000,14000,400000
1791427246,847093571,2462,1617942128,D,N,258275000000,258274000000,258273000000,258271000000,258269000000,2656150000,110000000,390000,240000,540000000,258276000000,258277000000,258278000000,258280000000,258284000000,2213330000,111410000,810000,4000000,620000
1791427246,851265292,2463,1617942128,S,N,258275000000,258274000000,258273000000,258271000000,258269000000,2656150000,110000000,390000,240000,540000000,258276000000,258277000000,258278000000,258280000000,258284000000,2213330000,111410000,810000,4000000,620000
1791427246,859087557,2464,1747767917,D,N,8324403000000,8324402000000,8324401000000,8324400000000,8324259000000,86011000,62000,20000,2807000,8000,8324404000000,8324405000000,8324406000000,8324433000000,8324434000000,546822000,13000,13000,600000,30052000
1791427246,896794704,2465,1617942128,D,N,258275000000,258274000000,258273000000,258271000000,258268000000,3376220000,390000,390000,660000,420000,258276000000,258277000000,258278000000,258280000000,258283000000,2402510000,7990000,390000,4000000,420000
1791427246,899055057,2466,1617942128,S,N,258275000000,258274000000,258273000000,258271000000,258268000000,3376220000,390000,390000,660000,420000,258276000000,258277000000,258278000000,258280000000,258283000000,2402510000,7990000,390000,4000000,420000
1791427246,900447259,2467,1747767917,D,N,8324403000000,8324402000000,8324401000000,8324400000000,8324387000000,86067000,97000,20000,2807000,8000,8324404000000,8324405000000,8324406000000,8324433000000,8324434000000,570193000,13000,13000,7000,30059000
1791427247,11737780,2468,1617942128,D,N,258275000000,258274000000,258273000000,258271000000,258268000000,3418830000,390000,390000,240000,420000,258276000000,258277000000,258278000000,258280000000,258283000000,1943550000,30200000,390000,4000000,37430000
1791427247,13350922,2469,1617942128,S,N,258275000000,258274000000,258273000000,258271000000,258268000000,3418830000,390000,390000,240000,420000,258276000000,258277000000,258278000000,258280000000,258283000000,1943550000,30200000,390000,4000000,37430000
1791427247,15014056,2470,1747767917,D,N,8324403000000,8324402000000,8324401000000,8324400000000,8324387000000,50097000,97000,20000,2807000,8000,8324404000000,8324405000000,8324406000000,8324433000000,8324434000000,555274000,13000,13000,7000,30059000
1791427247,15914098,2471,1617942128,D,N,258275000000,258274000000,258273000000,258271000000,258268000000,4918830000,390000,333320000,240000,420000,258276000000,258277000000,258278000000,258282000000,258283000000,1207680000,30200000,390000,420000,37430000
1791427247,17086125,2472,1617942128,S,N,258275000000,258274000000,258273000000,258271000000,258268000000,4918830000,390000,333320000,240000,420000,258276000000,258277000000,258278000000,258282000000,258283000000,1207680000,30200000,390000,420000,37430000
1791427247,18756633,2473,1747767917,D,N,8324403000000,8324402000000,8324401000000,8324400000000,8324387000000,86074000,104000,20000,2807000,8000,8324404000000,8324405000000,8324406000000,8324433000000,8324434000000,555267000,13000,13000,7000,30059000
1791427247,20254277,2474,1617942128,D,N,258275000000,258274000000,258273000000,258271000000,258269000000,4918830000,390000,333320000,240000,4000000,258276000000,258277000000,258278000000,258282000000,258283000000,721580000,30200000,390000,420000,37430000
1791427247,21317702,2475,1617942128,S,N,258275000000,258274000000,258273000000,258271000000,258269000000,4918830000,390000,333320000,240000,4000000,258276000000,258277000000,258278000000,258282000000,258283000000,721580000,30200000,390000,420000,37430000
1791427247,22628117,2476,1747767917,D,N,8324403000000,8324402000000,8324401000000,8324400000000,8324387000000,50090000,97000,20000,2807000,8000,8324404000000,8324405000000,8324406000000,8324433000000,8324434000000,555267000,13000,13000,7000,30059000
1791427247,24176423,2477,1617942128,D,N,258275000000,258274000000,258273000000,258271000000,258269000000,4918830000,390000,333320000,240000,4000000,258276000000,258277000000,258278000000,258282000000,258283000000,721580000,30200000,390000,420000,37430000
1791427247,25354388,2478,1617942128,S,N,258275000000,258274000000,258273000000,258271000000,258269000000,4918830000,390000,333320000,240000,4000000,258276000000,258277000000,258278000000,258282000000,258283000000,721580000,30200000,390000,420000,37430000
1791427247,26948951,2479,1747767917,D,N,8324403000000,8324402000000,8324401000000,8324400000000,8324387000000,50104000,90000,20000,2807000,8000,8324404000000,8324405000000,8324406000000,8324433000000,8324434000000,555274000,13000,13000,7000,30059000
1791427247,27949168,2480,1617942128,D,N,258275000000,258274000000,258273000000,258271000000,258269000000,4918830000,390000,333320000,240000,4000000,258276000000,258277000000,258278000000,258282000000,258283000000,721580000,30200000,390000,420000,37430000
1791427247,28856488,2481,1617942128,S,N,258275000000,258274000000,258273000000,258271000000,258269000000,4918830000,390000,333320000,240000,4000000,258276000000,258277000000,258278000000,258282000000,258283000000,721580000,30200000,390000,420000,37430000
1791427247,29725788,2482,1747767917,S,N,8324403000000,8324402000000,8324401000000,8324400000000,8324387000000,50104000,90000,20000,2807000,8000,8324404000000,8324405000000,8324406000000,8324433000000,8324434000000,555274000,13000,13000,7000,30059000
1791427247,30593365,2483,1747767917,D,N,8324403000000,8324402000000,8324401000000,8324400000000,8324387000000,50104000,90000,20000,2807000,8000,8324404000000,8324405000000,8324406000000,8324433000000,8324434000000,555274000,13000,13000,7000,30059000
1791427247,31640030,2484,1617942128,D,N,258275000000,258274000000,258273000000,258271000000,258269000000,4918830000,390000,51760000,240000,4000000,258276000000,258277000000,258278000000,258282000000,258283000000,721580000,30200000,390000,420000,37430000
1791427247,32524749,2485,1617942128,S,N,258275000000,258274000000,258273000000,258271000000,258269000000,4918830000,390000,51760000,240000,4000000,258276000000,258277000000,258278000000,258282000000,258283000000,721580000,30200000,390000,420000,37430000
1791427247,64636083,2486,1747767917,D,N,8324403000000,8324402000000,8324401000000,8324400000000,8324387000000,50033000,90000,20000,2807000,8000,8324404000000,8324405000000,8324406000000,8324433000000,8324434000000,555274000,13000,13000,7000,30059000
1791427247,65913744,2487,1617942128,D,N,258275000000,258274000000,258273000000,258271000000,258269000000,4918830000,390000,51760000,240000,4000000,258276000000,258277000000,258278000000,258282000000,258283000000,1207680000,30200000,390000,420000,37430000
1791427247,67250304,2488,1617942128,S,N,258275000000,258274000000,258273000000,258271000000,258269000000,4918830000,390000,51760000,240000,4000000,258276000000,258277000000,258278000000,258282000000,258283000000,1207680000,30200000,390000,420000,37430000
1791427247,164301427,2489,1747767917,S,N,8324403000000,8324402000000,8324401000000,8324400000000,8324387000000,50033000,90000,20000,2807000,8000,8324404000000,8324405000000,8324406000000,8324433000000,8324434000000,555274000,13000,13000,7000,30059000
1791427247,165370407,2490,1747767917,D,N,8324403000000,8324402000000,8324401000000,8324400000000,8324387000000,50033000,90000,20000,2807000,8000,8324404000000,8324405000000,8324406000000,8324433000000,8324434000000,555274000,13000,13000,7000,30059000
1791427247,166305596,2491,1617942128,D,N,258275000000,258274000000,258273000000,258271000000,258269000000,4918830000,390000,51760000,240000,4000000,258276000000,258277000000,258278000000,258282000000,258283000000,1207680000,30200000,390000,420000,37430000
1791427247,167319604,2492,1617942128,S,N,258275000000,258274000000,258273000000,258271000000,258269000000,4918830000,390000,51760000,240000,4000000,258276000000,258277000000,258278000000,258282000000,258283000000,1207680000,30200000,390000,420000,37430000
1791427247,255968770,2493,1747767917,D,N,8324403000000,8324402000000,8324401000000,8324400000000,8324387000000,50033000,90000,20000,2807000,8000,8324404000000,8324405000000,8324406000000,8324433000000,8324434000000,555274000,13000,13000,7000,96057000
1791427247,257041102,2494,1617942128,D,N,258275000000,258274000000,258273000000,258271000000,258269000000,4925990000,810000,340320000,240000,4420000,258276000000,258277000000,258278000000,258279000000,258282000000,1698500000,30200000,810000,50000000,420000
1791427247,258127416,2495,1617942128,S,N,258275000000,258274000000,258273000000,258271000000,258269000000,4925990000,810000,340320000,240000,4420000,258276000000,258277000000,258278000000,258279000000,258282000000,1698500000,30200000,810000,50000000,420000
1791427247,394327976,2496,1747767917,D,N,8324403000000,8324402000000,8324401000000,8324400000000,8324387000000,50026000,83000,20000,2807000,8000,8324404000000,8324405000000,8324406000000,8324433000000,8324434000000,559287000,13000,13000,7000,96057000
1791427247,395406533,2497,1617942128,D,N,258275000000,258274000000,258273000000,258271000000,258269000000,4866580000,810000,51760000,240000,4000000,258276000000,258277000000,258278000000,258279000000,258282000000,1748500000,30200000,810000,50000000,420000
1791427247,396426382,2498,1617942128,S,N,258275000000,258274000000,258273000000,258271000000,258269000000,4866580000,810000,51760000,240000,4000000,258276000000,258277000000,258278000000,258279000000,258282000000,1748500000,30200000,810000,50000000,420000
1791427247,447621903,2499,1747767917,D,N,8324403000000,8324402000000,8324401000000,8324400000000,8324387000000,50026000,83000,20000,2807000,8000,8324404000000,8324405000000,8324406000000,8324433000000,8324434000000,573993000,13000,13000,7000,96057000
1791427247,448557763,2500,1617942128,D,N,258275000000,258274000000,258273000000,258271000000,258269000000,4866580000,810000,340450000,240000,4000000,258276000000,258277000000,258278000000,258279000000,258281000000,1748500000,30200000,810000,50000000,420000
1791427247,449406377,2501,1617942128,S,N,258275000000,258274000000,258273000000,258271000000,258269000000,4866580000,810000,340450000,240000,4000000,258276000000,258277000000,258278000000,258279000000,258281000000,1748500000,30200000,810000,50000000,420000
1791427247,548876830,2502,1747767917,D,N,8324403000000,8324402000000,8324401000000,8324400000000,8324387000000,50026000,83000,20000,2807000,8000,8324404000000,8324405000000,8324406000000,8324433000000,8324434000000,574000000,13000,13000,7000,96057000
1791427247,549686562,2503,1617942128,D,N,258275000000,258274000000,258273000000,258271000000,258269000000,4866580000,810000,340450000,240000,4000000,258276000000,258277000000,258278000000,258279000000,258281000000,1748500000,30200000,810000,50000000,420000
1791427247,550592733,2504,1617942128,S,N,258275000000,258274000000,258273000000,258271000000,258269000000,4866580000,810000,340450000,240000,4000000,258276000000,258277000000,258278000000,258279000000,258281000000,1748500000,30200000,810000,50000000,420000
1791427247,667218051,2505,1747767917,D,N,8324403000000,8324402000000,8324401000000,8324400000000,8324387000000,50033000,83000,20000,2807000,8000,8324404000000,8324405000000,8324406000000,8324433000000,8324434000000,574000000,13000,13000,7000,96057000
1791427247,668101651,2506,1617942128,D,N,258275000000,258274000000,258273000000,258271000000,258269000000,4866580000,810000,340450000,240000,4000000,258276000000,258277000000,258278000000,258279000000,258281000000,1748500000,30200000,810000,50000000,420000
1791427247,669246451,2507,1617942128,S,N,258275000000,258274000000,258273000000,258271000000,258269000000,4866580000,810000,340450000,240000,4000000,258276000000,258277000000,258278000000,258279000000,258281000000,1748500000,30200000,810000,50000000,420000
1791427247,741341352,2508,1747767917,D,N,8324403000000,8324402000000,8324401000000,8324400000000,8324387000000,50022000,90000,20000,2807000,8000,8324404000000,8324405000000,8324406000000,8324433000000,8324434000000,574000000,13000,13000,7000,96057000
1791427247,742436152,2509,1617942128,D,N,258275000000,258274000000,258273000000,258271000000,258269000000,4866580000,810000,340450000,240000,4000000,258276000000,258277000000,258278000000,258279000000,258280000000,1748500000,30200000,810000,50000000,200000
1791427247,743411152,2510,1617942128,S,N,258275000000,258274000000,258273000000,258271000000,258269000000,4866580000,810000,340450000,240000,4000000,258276000000,258277000000,258278000000,258279000000,258280000000,1748500000,30200000,810000,50000000,200000
1791427247,873421252,2511,1747767917,D,N,8324403000000,8324402000000,8324401000000,8324400000000,8324387000000,50018000,90000,20000,2807000,8000,8324404000000,8324405000000,8324406000000,8324433000000,8324434000000,574006000,13000,13000,7000,96057000
1791427247,876886452,2512,1617942128,D,N,258275000000,258274000000,258273000000,258271000000,258269000000,4866580000,810000,340450000,240000,4000000,258276000000,258277000000,258278000000,258279000000,258280000000,1748500000,30200000,810000,50000000,200000
1791427247,879756652,2513,1617942128,S,N,258275000000,258274000000,258273000000,258271000000,258269000000,4866580000,810000,340450000,240000,4000000,258276000000,258277000000,258278000000,258279000000,258280000000,1748500000,30200000,810000,50000000,200000
1791427247,944097252,2514,1747767917,D,N,8324403000000,8324402000000,8324401000000,8324400000000,8324387000000,50005000,90000,20000,2807000,8000,8324404000000,8324405000000,8324406000000,8324433000000,8324434000000,574006000,13000,13000,7000,96057000
1791427247,947440652,2515,1617942128,D,N,258275000000,258274000000,258273000000,258271000000,258269000000,4866580000,810000,340450000,240000,4000000,258276000000,258277000000,258278000000,258279000000,258280000000,1749180000,30200000,810000,50000000,200000
1791427247,950365652,2516,1617942128,S,N,258275000000,258274000000,258273000000,258271000000,258269000000,4866580000,810000,340450000,240000,4000000,258276000000,258277000000,258278000000,258279000000,258280000000,1749180000,30200000,810000,50000000,200000
1791427248,473571552,2517,1747767917,S,N,8324403000000,8324402000000,8324401000000,8324400000000,8324387000000,50005000,90000,20000,2807000,8000,8324404000000,8324405000000,8324406000000,8324433000000,8324434000000,574006000,13000,13000,7000,96057000
1791427248,474609852,2518,1747767917,D,N,8324403000000,8324402000000,8324401000000,8324400000000,8324387000000,50005000,90000,20000,2807000,8000,8324404000000,8324405000000,8324406000000,8324433000000,8324434000000,574006000,13000,13000,7000,96057000
1791427248,475766752,2519,1617942128,D,N,258275000000,258274000000,258273000000,258271000000,258269000000,4866580000,810000,340450000,240000,4000000,258276000000,258277000000,258278000000,258279000000,258280000000,1749180000,30200000,810000,50000000,200000
1791427248,476395952,2520,1617942128,S,N,258275000000,258274000000,258273000000,258271000000,258269000000,4866580000,810000,340450000,240000,4000000,258276000000,258277000000,258278000000,258279000000,258280000000,1749180000,30200000,810000,50000000,200000
1791427248,477060052,2521,1747767917,S,N,8324403000000,8324402000000,8324401000000,8324400000000,8324387000000,50005000,90000,20000,2807000,8000,8324404000000,8324405000000,8324406000000,8324433000000,8324434000000,574006000,13000,13000,7000,96057000
1791427248,477688552,2522,1747767917,D,N,8324403000000,8324402000000,8324401000000,8324400000000,8324387000000,50005000,90000,20000,2807000,8000,8324404000000,8324405000000,8324406000000,8324433000000,8324434000000,574006000,13000,13000,7000,96057000
1791427248,478395052,2523,1617942128,D,N,258275000000,258274000000,258273000000,258271000000,258269000000,4866580000,810000,340450000,240000,4000000,258276000000,258277000000,258278000000,258279000000,258280000000,1749180000,30200000,810000,50000000,200000
1791427248,479004452,2524,1617942128,S,N,258275000000,258274000000,258273000000,258271000000,258269000000,4866580000,810000,340450000,240000,4000000,258276000000,258277000000,258278000000,258279000000,258280000000,1749180000,30200000,810000,50000000,200000
1791427248,538696852,2525,1747767917,D,N,8324403000000,8324402000000,8324401000000,8324400000000,8324387000000,64991000,90000,20000,2807000,8000,8324404000000,8324405000000,8324406000000,8324433000000,8324434000000,574206000,13000,13000,7000,96057000
1791427248,539443952,2526,1617942128,D,N,258275000000,258274000000,258273000000,258271000000,258269000000,4866580000,810000,340450000,240000,4000000,258276000000,258277000000,258278000000,258279000000,258280000000,2019180000,30200000,810000,50000000,200000
1791427248,540265052,2527,1617942128,S,N,258275000000,258274000000,258273000000,258271000000,258269000000,4866580000,810000,340450000,240000,4000000,258276000000,258277000000,258278000000,258279000000,258280000000,2019180000,30200000,810000,50000000,200000
1791427248,540905752,2528,1747767917,S,N,8324403000000,8324402000000,8324401000000,8324400000000,8324387000000,64991000,90000,20000,2807000,8000,8324404000000,8324405000000,8324406000000,8324433000000,8324434000000,574206000,13000,13000,7000,96057000
1791427248,541504352,2529,1747767917,D,N,8324403000000,8324402000000,8324401000000,8324400000000,8324387000000,64991000,90000,20000,2807000,8000,8324404000000,8324405000000,8324406000000,8324433000000,8324434000000,574206000,13000,13000,7000,96057000
1791427248,542161652,2530,1617942128,D,N,258275000000,258274000000,258273000000,258271000000,258269000000,4905290000,810000,340450000,240000,4000000,258276000000,258277000000,258278000000,258279000000,258280000000,1749180000,30200000,810000,50000000,200000
1791427248,542772952,2531,1617942128,S,N,258275000000,258274000000,258273000000,258271000000,258269000000,4905290000,810000,340450000,240000,4000000,258276000000,258277000000,258278000000,258279000000,258280000000,1749180000,30200000,810000,50000000,200000
1791427248,544920352,2532,1747767917,D,N,8324403000000,8324402000000,8324401000000,8324400000000,8324387000000,64990000,90000,20000,2807000,8000,8324404000000,8324405000000,8324406000000,8324433000000,8324434000000,574206000,13000,13000,7000,96057000
1791427248,545643252,2533,1617942128,D,N,258275000000,258274000000,258273000000,258271000000,258269000000,4711610000,810000,340450000,240000,4000000,258276000000,258277000000,258278000000,258279000000,258280000000,1749180000,30200000,810000,829320000,200000
1791427248,546338352,2534,1617942128,S,N,258275000000,258274000000,258273000000,258271000000,258269000000,4711610000,810000,340450000,240000,4000000,258276000000,258277000000,258278000000,258279000000,258280000000,1749180000,30200000,810000,829320000,200000
1791427248,578136152,2535,1747767917,D,N,8324403000000,8324402000000,8324401000000,8324400000000,8324387000000,64997000,90000,20000,2807000,8000,8324404000000,8324405000000,8324406000000,8324433000000,8324434000000,574199000,13000,13000,7000,96057000
1791427248,590663152,2536,1617942128,D,N,258275000000,258274000000,258273000000,258271000000,258269000000,4711610000,810000,340450000,240000,4000000,258276000000,258277000000,258278000000,258279000000,258280000000,1749180000,30620000,259840000,829320000,200000
1791427248,591638152,2537,1617942128,S,N,258275000000,258274000000,258273000000,258271000000,258269000000,4711610000,810000,340450000,240000,4000000,258276000000,258277000000,258278000000,258279000000,258280000000,1749180000,30620000,259840000,829320000,200000
1791427248,640898752,2538,1747767917,D,N,8324403000000,8324402000000,8324401000000,8324400000000,8324387000000,66334000,97000,20000,2807000,8000,8324404000000,8324405000000,8324406000000,8324433000000,8324434000000,574199000,13000,13000,7000,96057000
1791427248,661117952,2539,1617942128,D,N,258275000000,258274000000,258273000000,258271000000,258269000000,4711610000,810000,340450000,240000,4000000,258276000000,258277000000,258278000000,258279000000,258280000000,1749180000,30620000,259840000,829320000,200000
1791427248,662161152,2540,1617942128,S,N,258275000000,258274000000,258273000000,258271000000,258269000000,4711610000,810000,340450000,240000,4000000,258276000000,258277000000,258278000000,258279000000,258280000000,1749180000,30620000,259840000,829320000,200000
1791427248,740814352,2541,1747767917,S,N,8324403000000,8324402000000,8324401000000,8324400000000,8324387000000,66334000,97000,20000,2807000,8000,8324404000000,8324405000000,8324406000000,8324433000000,8324434000000,574199000,13000,13000,7000,96057000
1791427248,742679252,2542,1747767917,D,N,8324403000000,8324402000000,8324401000000,8324400000000,8324387000000,66334000,97000,20000,2807000,8000,8324404000000,8324405000000,8324406000000,8324433000000,8324434000000,574199000,13000,13000,7000,96057000
1791427248,744211852,2543,1617942128,D,N,258275000000,258274000000,258273000000,258271000000,258269000000,4711610000,810000,340450000,240000,4000000,258276000000,258277000000,258278000000,258279000000,258280000000,1749180000,30620000,259840000,829320000,200000
1791427248,745791852,2544,1617942128,S,N,258275000000,258274000000,258273000000,258271000000,258269000000,4711610000,810000,340450000,240000,4000000,258276000000,258277000000,258278000000,258279000000,258280000000,1749180000,30620000,259840000,829320000,200000
1791427248,842021952,2545,1747767917,D,N,8324403000000,8324402000000,8324401000000,8324400000000,8324387000000,66334000,97000,20000,2807000,8000,8324404000000,8324405000000,8324406000000,8324433000000,8324434000000,574192000,13000,13000,7000,96057000
1791427248,843589052,2546,1617942128,D,N,258275000000,258274000000,258273000000,258271000000,258269000000,4711610000,810000,340450000,240000,4000000,258276000000,258277000000,258278000000,258279000000,258280000000,1749180000,30620000,259840000,829320000,200000
1791427248,845108052,2547,1617942128,S,N,258275000000,258274000000,258273000000,258271000000,258269000000,4711610000,810000,340450000,240000,4000000,258276000000,258277000000,258278000000,258279000000,258280000000,1749180000,30620000,259840000,829320000,200000
1791427248,941832552,2548,1747767917,D,N,8324403000000,8324402000000,8324401000000,8324400000000,8324387000000,66327000,97000,20000,2807000,8000,8324404000000,8324405000000,8324406000000,8324433000000,8324434000000,574270000,13000,13000,7000,96057000
1791427248,943204952,2549,1617942128,D,N,258275000000,258274000000,258273000000,258271000000,258269000000,4790980000,810000,340450000,240000,4000000,258276000000,258277000000,258278000000,258279000000,258280000000,1749180000,30620000,259840000,829320000,200000
1791427248,944839852,2550,1617942128,S,N,258275000000,258274000000,258273000000,258271000000,258269000000,4790980000,810000,340450000,240000,4000000,258276000000,258277000000,258278000000,258279000000,258280000000,1749180000,30620000,259840000,829320000,200000
1791427249,43321552,2551,1747767917,D,N,8324403000000,8324402000000,8324401000000,8324400000000,8324387000000,66928000,97000,20000,2807000,8000,8324404000000,8324405000000,8324406000000,8324433000000,8324434000000,577881000,13000,13000,7000,96057000
1791427249,44864452,2552,1617942128,D,N,258275000000,258274000000,258273000000,258271000000,258269000000,4790980000,810000,340450000,240000,4000000,258276000000,258277000000,258278000000,258279000000,258280000000,1746100000,30620000,259840000,829320000,200000
1791427249,46326352,2553,1617942128,S,N,258275000000,258274000000,258273000000,258271000000,258269000000,4790980000,810000,340450000,240000,4000000,258276000000,258277000000,258278000000,258279000000,258280000000,1746100000,30620000,259840000,829320000,200000
1791427249,141913252,2554,1747767917,D,N,8324403000000,8324402000000,8324401000000,8324400000000,8324387000000,66928000,90000,20000,2807000,8000,8324404000000,8324405000000,8324406000000,8324433000000,8324434000000,574270000,13000,13000,7000,96057000
1791427249,143191252,2555,1617942128,D,N,258275000000,258274000000,258273000000,258271000000,258269000000,4790980000,810000,340450000,240000,4000000,258276000000,258277000000,258278000000,258279000000,258280000000,1746100000,30620000,259840000,829320000,200000
1791427249,144124452,2556,1617942128,S,N,258275000000,258274000000,258273000000,258271000000,258269000000,4790980000,810000,340450000,240000,4000000,258276000000,258277000000,258278000000,258279000000,258280000000,1746100000,30620000,259840000,829320000,200000
1791427249,241582952,2557,1747767917,D,N,8324403000000,8324402000000,8324401000000,8324400000000,8324387000000,67688000,90000,20000,2807000,8000,8324404000000,8324405000000,8324406000000,8324433000000,8324434000000,574291000,27000,13000,7000,96057000
1791427249,242963652,2558,1617942128,D,N,258275000000,258274000000,258273000000,258271000000,258269000000,4790980000,810000,340450000,240000,4000000,258276000000,258277000000,258278000000,258279000000,258280000000,1746900000,31020000,259840000,50000000,200000
1791427249,243933052,2559,1617942128,S,N,258275000000,258274000000,258273000000,258271000000,258269000000,4790980000,810000,340450000,240000,4000000,258276000000,258277000000,258278000000,258279000000,258280000000,1746900000,31020000,259840000,50000000,200000
1791427249,342343952,2560,1747767917,S,N,8324403000000,8324402000000,8324401000000,8324400000000,8324387000000,67688000,90000,20000,2807000,8000,8324404000000,8324405000000,8324406000000,8324433000000,8324434000000,574291000,27000,13000,7000,96057000
1791427249,343676652,2561,1747767917,D,N,8324403000000,8324402000000,8324401000000,8324400000000,8324387000000,67688000,90000,20000,2807000,8000,8324404000000,8324405000000,8324406000000,8324433000000,8324434000000,574291000,27000,13000,7000,96057000
1791427249,344568652,2562,1617942128,D,N,258275000000,258274000000,258273000000,258271000000,258269000000,4790980000,810000,340450000,240000,4000000,258276000000,258277000000,258278000000,258279000000,258280000000,1746900000,31020000,259840000,50000000,200000
1791427249,345504152,2563,1617942128,S,N,258275000000,258274000000,258273000000,258271000000,258269000000,4790980000,810000,340450000,240000,4000000,258276000000,258277000000,258278000000,258279000000,258280000000,1746900000,31020000,259840000,50000000,200000
1791427249,440847352,2564,1747767917,D,N,8324403000000,8324402000000,8324401000000,8324400000000,8324387000000,67695000,90000,20000,2807000,8000,8324404000000,8324405000000,8324406000000,8324433000000,8324434000000,574291000,27000,13000,7000,96057000
1791427249,441870952,2565,1617942128,D,N,258275000000,258274000000,258273000000,258271000000,258269000000,4790980000,810000,340450000,240000,4000000,258276000000,258277000000,258278000000,258279000000,258280000000,1746900000,31020000,259840000,50000000,928800000
1791427249,443089452,2566,1617942128,S,N,258275000000,258274000000,258273000000,258271000000,258269000000,4790980000,810000,340450000,240000,4000000,258276000000,258277000000,258278000000,258279000000,258280000000,1746900000,31020000,259840000,50000000,928800000
1791427249,542353752,2567,1747767917,D,N,8324403000000,8324402000000,8324401000000,8324400000000,8324387000000,67702000,97000,20000,2807000,8000,8324404000000,8324405000000,8324406000000,8324433000000,8324434000000,574291000,27000,13000,7000,96057000
1791427249,543353252,2568,1617942128,D,N,258275000000,258274000000,258273000000,258271000000,258269000000,4790980000,810000,340450000,240000,4000000,258276000000,258277000000,258278000000,258279000000,258280000000,1746900000,31020000,259840000,50420000,928800000
1791427249,544217752,2569,1617942128,S,N,258275000000,258274000000,258273000000,258271000000,258269000000,4790980000,810000,340450000,240000,4000000,258276000000,258277000000,258278000000,258279000000,258280000000,1746900000,31020000,259840000,50420000,928800000
1791427249,639547352,2570,1747767917,S,N,8324403000000,8324402000000,8324401000000,8324400000000,8324387000000,67702000,97000,20000,2807000,8000,8324404000000,8324405000000,8324406000000,8324433000000,8324434000000,574291000,27000,13000,7000,96057000
1791427249,641000652,2571,1747767917,D,N,8324403000000,8324402000000,8324401000000,8324400000000,8324387000000,67702000,97000,20000,2807000,8000,8324404000000,8324405000000,8324406000000,8324433000000,8324434000000,574291000,27000,13000,7000,96057000
1791427249,641903652,2572,1617942128,D,N,258275000000,258274000000,258273000000,258271000000,258269000000,4790980000,810000,340450000,240000,4000000,258276000000,258277000000,258278000000,258279000000,258280000000,1746900000,31020000,259840000,50420000,928800000
1791427249,642902052,2573,1617942128,S,N,258275000000,258274000000,258273000000,258271000000,258269000000,4790980000,810000,340450000,240000,4000000,258276000000,258277000000,258278000000,258279000000,258280000000,1746900000,31020000,259840000,50420000,928800000
1791427249,741063752,2574,1747767917,S,N,8324403000000,8324402000000,8324401000000,8324400000000,8324387000000,67702000,97000,20000,2807000,8000,8324404000000,8324405000000,8324406000000,8324433000000,8324434000000,574291000,27000,13000,7000,96057000
1791427249,742260552,2575,1747767917,D,N,8324403000000,8324402000000,8324401000000,8324400000000,8324387000000,67702000,97000,20000,2807000,8000,8324404000000,8324405000000,8324406000000,8324433000000,8324434000000,574291000,27000,13000,7000,96057000
1791427249,743221952,2576,1617942128,D,N,258275000000,258274000000,258273000000,258271000000,258269000000,4790980000,810000,340450000,240000,4000000,258276000000,258277000000,258278000000,258279000000,258280000000,1746900000,31020000,259840000,50420000,928800000
1791427249,744111852,2577,1617942128,S,N,258275000000,258274000000,258273000000,258271000000,258269000000,4790980000,810000,340450000,240000,4000000,258276000000,258277000000,258278000000,258279000000,258280000000,1746900000,31020000,259840000,50420000,928800000
1791427249,843797652,2578,1747767917,D,N,8324403000000,8324402000000,8324401000000,8324400000000,8324387000000,67702000,97000,20000,2807000,8000,8324404000000,8324405000000,8324406000000,8324433000000,8324434000000,574083000,27000,13000,7000,96057000
1791427249,844821952,2579,1617942128,D,N,258275000000,258274000000,258273000000,258271000000,258269000000,4790980000,810000,340450000,240000,4000000,258276000000,258277000000,258278000000,258279000000,258280000000,1746900000,31020000,259840000,50420000,928800000
1791427249,845897052,2580,1617942128,S,N,258275000000,258274000000,258273000000,258271000000,258269000000,4790980000,810000,340450000,240000,4000000,258276000000,258277000000,258278000000,258279000000,258280000000,1746900000,31020000,259840000,50420000,928800000
1791427249,947024852,2581,1747767917,D,N,8324403000000,8324402000000,8324401000000,8324400000000,8324387000000,67688000,90000,20000,2807000,8000,8324404000000,8324405000000,8324406000000,8324433000000,8324434000000,574083000,27000,13000,7000,96057000
1791427249,947970952,2582,1617942128,D,N,258275000000,258274000000,258273000000,258271000000,258269000000,4790980000,810000,340450000,240000,4000000,258276000000,258277000000,258278000000,258279000000,258280000000,1746900000,31020000,259840000,50420000,928800000
1791427249,948784652,2583,1617942128,S,N,258275000000,258274000000,258273000000,258271000000,258269000000,4790980000,810000,340450000,240000,4000000,258276000000,258277000000,258278000000,258279000000,258280000000,1746900000,31020000,259840000,50420000,928800000
1791427250,40401052,2584,1747767917,D,N,8324403000000,8324402000000,8324401000000,8324400000000,8324387000000,67702000,97000,20000,2807000,8000,8324404000000,8324405000000,8324406000000,8324433000000,8324434000000,574083000,27000,13000,7000,96057000
1791427250,142325652,2585,1747767917,S,N,8324403000000,8324402000000,8324401000000,8324400000000,8324387000000,67702000,97000,20000,2807000,8000,8324404000000,8324405000000,8324406000000,8324433000000,8324434000000,574083000,27000,13000,7000,96057000
1791427250,144628552,2586,1747767917,D,N,8324403000000,8324402000000,8324401000000,8324400000000,8324387000000,67702000,97000,20000,2807000,8000,8324404000000,8324405000000,8324406000000,8324433000000,8324434000000,574083000,27000,13000,7000,96057000
1791427250,146687752,2587,1617942128,D,N,258275000000,258274000000,258273000000,258271000000,258269000000,4790980000,810000,340450000,240000,4000000,258276000000,258277000000,258278000000,258279000000,258280000000,1746900000,31020000,259840000,50420000,928800000
1791427250,148529852,2588,1617942128,S,N,258275000000,258274000000,258273000000,258271000000,258269000000,4790980000,810000,340450000,240000,4000000,258276000000,258277000000,258278000000,258279000000,258280000000,1746900000,31020000,259840000,50420000,928800000
1791427250,274342852,2589,1747767917,D,N,8324403000000,8324402000000,8324401000000,8324400000000,8324387000000,67709000,104000,20000,2807000,8000,8324404000000,8324405000000,8324406000000,8324433000000,8324434000000,574075000,27000,13000,7000,96057000
1791427250,275126852,2590,1617942128,D,N,258275000000,258274000000,258273000000,258271000000,258269000000,4790980000,810000,340450000,240000,4000000,258276000000,258277000000,258278000000,258279000000,258280000000,1746900000,31020000,259840000,50420000,928800000
1791427250,276784852,2591,1617942128,S,N,258275000000,258274000000,258273000000,258271000000,258269000000,4790980000,810000,340450000,240000,4000000,258276000000,258277000000,258278000000,258279000000,258280000000,1746900000,31020000,259840000,50420000,928800000
1791427250,339698952,2592,1747767917,D,N,8324403000000,8324402000000,8324401000000,8324400000000,8324387000000,67702000,104000,20000,2807000,8000,8324404000000,8324405000000,8324406000000,8324433000000,8324434000000,574075000,27000,13000,7000,96057000
1791427250,341005352,2593,1617942128,D,N,258275000000,258274000000,258273000000,258271000000,258269000000,4790980000,810000,340450000,240000,4000000,258276000000,258277000000,258278000000,258279000000,258280000000,2016900000,31020000,259840000,50420000,928800000
1791427250,341644352,2594,1617942128,S,N,258275000000,258274000000,258273000000,258271000000,258269000000,4790980000,810000,340450000,240000,4000000,258276000000,258277000000,258278000000,258279000000,258280000000,2016900000,31020000,259840000,50420000,928800000
1791427250,440865252,2595,1747767917,D,N,8324403000000,8324402000000,8324401000000,8324400000000,8324387000000,67681000,90000,20000,2807000,8000,8324404000000,8324405000000,8324406000000,8324433000000,8324434000000,580041000,13000,13000,7000,96057000
1791427250,441800752,2596,1617942128,D,N,258275000000,258274000000,258273000000,258271000000,258269000000,4790980000,810000,340450000,240000,4000000,258276000000,258277000000,258278000000,258279000000,258280000000,2016900000,31020000,259840000,50420000,928800000
1791427250,442743352,2597,1617942128,S,N,258275000000,258274000000,258273000000,258271000000,258269000000,4790980000,810000,340450000,240000,4000000,258276000000,258277000000,258278000000,258279000000,258280000000,2016900000,31020000,259840000,50420000,928800000
1791427250,540272552,2598,1747767917,S,N,8324403000000,8324402000000,8324401000000,8324400000000,8324387000000,67681000,90000,20000,2807000,8000,8324404000000,8324405000000,8324406000000,8324433000000,8324434000000,580041000,13000,13000,7000,96057000
1791427250,541243252,2599,1747767917,D,N,8324403000000,8324402000000,8324401000000,8324400000000,8324387000000,67681000,90000,20000,2807000,8000,8324404000000,8324405000000,8324406000000,8324433000000,8324434000000,580041000,13000,13000,7000,96057000
1791427250,542010752,2600,1617942128,D,N,258275000000,258274000000,258273000000,258271000000,258269000000,4790980000,810000,1169060000,240000,4000000,258276000000,258277000000,258278000000,258279000000,258280000000,2016900000,31020000,259840000,50420000,928800000
1791427250,542801052,2601,1617942128,S,N,258275000000,258274000000,258273000000,258271000000,258269000000,4790980000,810000,1169060000,240000,4000000,258276000000,258277000000,258278000000,258279000000,258280000000,2016900000,31020000,259840000,50420000,928800000
1791427250,674136652,2602,1747767917,D,N,8324403000000,8324402000000,8324401000000,8324400000000,8324387000000,67681000,90000,20000,2807000,8000,8324404000000,8324405000000,8324406000000,8324433000000,8324434000000,580082000,27000,13000,7000,96057000
1791427250,674864852,2603,1617942128,D,N,258275000000,258274000000,258273000000,258271000000,258269000000,4790980000,810000,1169060000,240000,4000000,258276000000,258277000000,258278000000,258279000000,258280000000,2016900000,31020000,259840000,50420000,928800000
1791427250,675582952,2604,1617942128,S,N,258275000000,258274000000,258273000000,258271000000,258269000000,4790980000,810000,1169060000,240000,4000000,258276000000,258277000000,258278000000,258279000000,258280000000,2016900000,31020000,259840000,50420000,928800000
1791427250,740185752,2605,1747767917,S,N,8324403000000,8324402000000,8324401000000,8324400000000,8324387000000,67681000,90000,20000,2807000,8000,8324404000000,8324405000000,8324406000000,8324433000000,8324434000000,580082000,27000,13000,7000,96057000
1791427250,741084452,2606,1747767917,D,N,8324403000000,8324402000000,8324401000000,8324400000000,8324387000000,67681000,90000,20000,2807000,8000,8324404000000,8324405000000,8324406000000,8324433000000,8324434000000,580082000,27000,13000,7000,96057000
1791427250,741878952,2607,1617942128,D,N,258275000000,258274000000,258273000000,258271000000,258269000000,4790980000,810000,1169060000,240000,4000000,258276000000,258277000000,258278000000,258279000000,258280000000,1746900000,31020000,259840000,50420000,928800000
1791427250,742683652,2608,1617942128,S,N,258275000000,258274000000,258273000000,258271000000,258269000000,4790980000,810000,1169060000,240000,4000000,258276000000,258277000000,258278000000,258279000000,258280000000,1746900000,31020000,259840000,50420000,928800000
1791427250,840513452,2609,1747767917,S,N,8324403000000,8324402000000,8324401000000,8324400000000,8324387000000,67681000,90000,20000,2807000,8000,8324404000000,8324405000000,8324406000000,8324433000000,8324434000000,580082000,27000,13000,7000,96057000
1791427250,841311052,2610,1747767917,D,N,8324403000000,8324402000000,8324401000000,8324400000000,8324387000000,67681000,90000,20000,2807000,8000,8324404000000,8324405000000,8324406000000,8324433000000,8324434000000,580082000,27000,13000,7000,96057000
1791427250,841890352,2611,1617942128,D,N,258275000000,258274000000,258273000000,258271000000,258269000000,4790980000,810000,1169060000,240000,4000000,258276000000,258277000000,258278000000,258279000000,258280000000,1746900000,31020000,259840000,50420000,928800000
1791427250,842593752,2612,1617942128,S,N,258275000000,258274000000,258273000000,258271000000,258269000000,4790980000,810000,1169060000,240000,4000000,258276000000,258277000000,258278000000,258279000000,258280000000,1746900000,31020000,259840000,50420000,928800000
1791427250,946484298,2613,1747767917,D,N,8324403000000,8324402000000,8324401000000,8324400000000,8324387000000,67688000,90000,20000,2807000,8000,8324404000000,8324405000000,8324406000000,8324433000000,8324434000000,580082000,27000,13000,7000,96057000
1791427250,947178880,2614,1617942128,D,N,258275000000,258274000000,258273000000,258271000000,258269000000,4790980000,810000,1169060000,240000,4000000,258276000000,258277000000,258278000000,258279000000,258280000000,1746900000,31020000,259840000,50420000,928800000
1791427250,947855224,2615,1617942128,S,N,258275000000,258274000000,258273000000,258271000000,258269000000,4790980000,810000,1169060000,240000,4000000,258276000000,258277000000,258278000000,258279000000,258280000000,1746900000,31020000,259840000,50420000,928800000
1791427251,59724433,2616,1747767917,D,N,8324403000000,8324402000000,8324401000000,8324400000000,8324387000000,67688000,90000,20000,2807000,8000,8324404000000,8324405000000,8324406000000,8324433000000,8324434000000,582485000,27000,13000,7000,96057000
1791427251,139470813,2617,1747767917,D,N,8324403000000,8324402000000,8324401000000,8324400000000,8324387000000,67681000,90000,20000,2807000,8000,8324404000000,8324405000000,8324406000000,8324433000000,8324434000000,582485000,27000,13000,7000,96057000
1791427251,142118146,2618,1617942128,D,N,258275000000,258274000000,258273000000,258271000000,258269000000,4790980000,810000,1169060000,240000,4000000,258276000000,258277000000,258278000000,258279000000,258280000000,2016900000,31020000,259840000,50420000,928800000
1791427251,144689196,2619,1617942128,S,N,258275000000,258274000000,258273000000,258271000000,258269000000,4790980000,810000,1169060000,240000,4000000,258276000000,258277000000,258278000000,258279000000,258280000000,2016900000,31020000,259840000,50420000,928800000
1791427251,236675076,2620,1747767917,D,N,8324403000000,8324402000000,8324401000000,8324400000000,8324387000000,67688000,90000,20000,2807000,8000,8324404000000,8324405000000,8324406000000,8324433000000,8324434000000,582485000,27000,13000,7000,96057000
1791427251,239090227,2621,1617942128,D,N,258275000000,258274000000,258273000000,258271000000,258269000000,4597300000,810000,1169060000,240000,4000000,258276000000,258277000000,258278000000,258279000000,258280000000,1746900000,31020000,259840000,50000000,200000
1791427251,241911793,2622,1617942128,S,N,258275000000,258274000000,258273000000,258271000000,258269000000,4597300000,810000,1169060000,240000,4000000,258276000000,258277000000,258278000000,258279000000,258280000000,1746900000,31020000,259840000,50000000,200000
1791427251,339521294,2623,1747767917,D,N,8324403000000,8324402000000,8324401000000,8324400000000,8324387000000,67702000,97000,20000,2807000,8000,8324404000000,8324405000000,8324406000000,8324433000000,8324434000000,582485000,27000,13000,7000,96057000
1791427251,340891632,2624,1617942128,D,N,258275000000,258274000000,258273000000,258271000000,258269000000,4597300000,810000,1169060000,240000,4000000,258276000000,258277000000,258278000000,258279000000,258280000000,1746900000,31020000,259840000,50000000,200000
1791427251,342136466,2625,1617942128,S,N,258275000000,258274000000,258273000000,258271000000,258269000000,4597300000,810000,1169060000,240000,4000000,258276000000,258277000000,258278000000,258279000000,258280000000,1746900000,31020000,259840000,50000000,200000
1791427251,432694649,2626,1747767917,D,N,8324403000000,8324402000000,8324401000000,8324400000000,8324387000000,67688000,97000,20000,2807000,8000,8324404000000,8324405000000,8324406000000,8324433000000,8324434000000,582478000,27000,13000,7000,96057000
1791427251,435422186,2627,1617942128,D,N,258275000000,258274000000,258273000000,258271000000,258269000000,4597300000,810000,1169060000,240000,4000000,258276000000,258277000000,258278000000,258279000000,258280000000,1746900000,31020000,259840000,50000000,200000
1791427251,438437302,2628,1617942128,S,N,258275000000,258274000000,258273000000,258271000000,258269000000,4597300000,810000,1169060000,240000,4000000,258276000000,258277000000,258278000000,258279000000,258280000000,1746900000,31020000,259840000,50000000,200000
1791427251,538491565,2629,1747767917,D,N,8324403000000,8324402000000,8324401000000,8324400000000,8324387000000,67695000,97000,20000,2807000,8000,8324404000000,8324405000000,8324406000000,8324433000000,8324434000000,582478000,27000,13000,7000,96057000
1791427251,540854358,2630,1617942128,D,N,258275000000,258274000000,258273000000,258271000000,258269000000,4597300000,810000,1169060000,240000,4000000,258276000000,258277000000,258278000000,258279000000,258280000000,1746900000,31020000,259840000,50000000,200000
1791427251,543350400,2631,1617942128,S,N,258275000000,258274000000,258273000000,258271000000,258269000000,4597300000,810000,1169060000,240000,4000000,258276000000,258277000000,258278000000,258279000000,258280000000,1746900000,31020000,259840000,50000000,200000
1791427251,647432138,2632,1747767917,D,N,8324403000000,8324402000000,8324401000000,8324400000000,8324387000000,67688000,97000,20000,2807000,8000,8324404000000,8324405000000,8324406000000,8324433000000,8324434000000,582471000,13000,13000,7000,96057000
1791427251,650040153,2633,1617942128,D,N,258275000000,258274000000,258273000000,258271000000,258269000000,4597300000,810000,1169060000,240000,4000000,258276000000,258277000000,258278000000,258279000000,258280000000,2016900000,31020000,259840000,50000000,200000
1791427251,652392553,2634,1617942128,S,N,258275000000,258274000000,258273000000,258271000000,258269000000,4597300000,810000,1169060000,240000,4000000,258276000000,258277000000,258278000000,258279000000,258280000000,2016900000,31020000,259840000,50000000,200000
1791427251,928069183,2635,1747767917,D,N,8323800000000,8323799000000,8323793000000,8323750000000,8323718000000,54944000,42000,1122000,8000,7000,8323801000000,8323802000000,8323803000000,8323843000000,8323891000000,975066000,13000,13000,400000,7000
1791427251,930293433,2636,1617942128,D,N,258275000000,258274000000,258273000000,258271000000,258268000000,1502330000,990000,390000,240000,200000,258276000000,258277000000,258278000000,258279000000,258280000000,4913380000,30620000,390000,50000000,4200000
1791427251,931181858,2637,1617942128,S,N,258275000000,258274000000,258273000000,258271000000,258268000000,1502330000,990000,390000,240000,200000,258276000000,258277000000,258278000000,258279000000,258280000000,4913380000,30620000,390000,50000000,4200000
1791427251,958536254,2638,1747767917,D,N,8323400000000,8323399000000,8323395000000,8323327000000,8323300000000,15567000,56000,72000,10000,1000000,8323401000000,8323402000000,8323403000000,8323414000000,8323415000000,833913000,63104000,13000,10000,3490000
1791427251,961035140,2639,1617942128,D,N,258274000000,258273000000,258271000000,258268000000,258262000000,1600000,790000,200000,200000,420000,258275000000,258276000000,258277000000,258279000000,258280000000,7781150000,752770000,30200000,50000000,4200000
1791427251,962173885,2640,1617942128,S,N,258274000000,258273000000,258271000000,258268000000,258262000000,1600000,790000,200000,200000,420000,258275000000,258276000000,258277000000,258279000000,258280000000,7781150000,752770000,30200000,50000000,4200000
1791427252,54450383,2641,1747767917,D,N,8322900000000,8322899000000,8322898000000,8322884000000,8322860000000,8613000,49000,7000,7000,8000,8322901000000,8322902000000,8322903000000,8322923000000,8322924000000,626313000,13000,13000,2908000,99368000
1791427252,56391858,2642,1617942128,D,N,258255000000,258254000000,258251000000,258246000000,258245000000,1610000,600000,420000,720000,200000,258256000000,258257000000,258258000000,258262000000,258263000000,9129450000,390000,4590000,226780000,536850000
1791427252,57680913,2643,1617942128,S,N,258255000000,258254000000,258251000000,258246000000,258245000000,1610000,600000,420000,720000,200000,258256000000,258257000000,258258000000,258262000000,258263000000,9129450000,390000,4590000,226780000,536850000
1791427252,171832614,2644,1747767917,D,N,8322600000000,8322599000000,8322497000000,8322415000000,8322401000000,10416000,49000,10000,7000,7000,8322601000000,8322602000000,8322603000000,8322695000000,8322701000000,796478000,13000,13000,7000,254420000
1791427252,174210506,2645,1617942128,D,N,258238000000,258237000000,258232000000,258230000000,258229000000,61360000,400000,440000,200000,200000,258239000000,258240000000,258241000000,258242000000,258243000000,9261600000,23580000,390000,420000,61870000
1791427252,175939313,2646,1617942128,S,N,258238000000,258237000000,258232000000,258230000000,258229000000,61360000,400000,440000,200000,200000,258239000000,258240000000,258241000000,258242000000,258243000000,9261600000,23580000,390000,420000,61870000
1791427252,188440409,2647,1747767917,D,N,8322400000000,8322399000000,8322372000000,8322336000000,8322244000000,7899000,49000,7000,7000,250000,8322401000000,8322402000000,8322403000000,8322416000000,8322497000000,811269000,13000,13000,198972000,2915000
1791427252,191696431,2648,1617942128,D,N,258238000000,258237000000,258232000000,258230000000,258229000000,61260000,200000,200000,200000,200000,258239000000,258240000000,258241000000,258243000000,258245000000,10079930000,73580000,390000,111870000,440000
1791427252,192793407,2649,1617942128,S,N,258238000000,258237000000,258232000000,258230000000,258229000000,61260000,200000,200000,200000,200000,258239000000,258240000000,258241000000,258243000000,258245000000,10079930000,73580000,390000,111870000,440000
1791427252,296949271,2650,1747767917,D,N,8322200000000,8322199000000,8322128000000,8322052000000,8322001000000,7890000,56000,7000,7000,7000,8322201000000,8322202000000,8322203000000,8322206000000,8322245000000,685826000,4862000,13000,7507000,42015000
1791427252,298773773,2651,1617942128,D,N,258221000000,258220000000,258219000000,258217000000,258212000000,5690000,600000,200000,1200000,420000,258222000000,258223000000,258224000000,258225000000,258232000000,7425030000,390000,390000,65870000,440000
1791427252,300156465,2652,1617942128,S,N,258221000000,258220000000,258219000000,258217000000,258212000000,5690000,600000,200000,1200000,420000,258222000000,258223000000,258224000000,258225000000,258232000000,7425030000,390000,390000,65870000,440000
1791427252,326381234,2653,1747767917,D,N,8322200000000,8322199000000,8322170000000,8322129000000,8322052000000,7890000,56000,7000,13000,7000,8322201000000,8322202000000,8322203000000,8322206000000,8322245000000,670411000,4862000,13000,7507000,12015000
1791427252,327180042,2654,1617942128,D,N,258221000000,258220000000,258219000000,258217000000,258210000000,610000,200000,200000,780000,200000,258222000000,258223000000,258224000000,258225000000,258229000000,7439590000,23970000,390000,65870000,39300000
1791427252,328004343,2655,1617942128,S,N,258221000000,258220000000,258219000000,258217000000,258210000000,610000,200000,200000,780000,200000,258222000000,258223000000,258224000000,258225000000,258229000000,7439590000,23970000,390000,65870000,39300000
1791427252,485793495,2656,1747767917,D,N,8322200000000,8322199000000,8322170000000,8322129000000,8322052000000,7890000,56000,7000,13000,7000,8322201000000,8322202000000,8322203000000,8322206000000,8322245000000,691799000,4862000,13000,7507000,12015000
1791427252,487227271,2657,1617942128,D,N,258221000000,258220000000,258219000000,258217000000,258210000000,810000,400000,200000,780000,200000,258222000000,258223000000,258224000000,258225000000,258229000000,7377660000,23970000,390000,65870000,39300000
1791427252,488384449,2658,1617942128,S,N,258221000000,258220000000,258219000000,258217000000,258210000000,810000,400000,200000,780000,200000,258222000000,258223000000,258224000000,258225000000,258229000000,7377660000,23970000,390000,65870000,39300000
1791427252,517086239,2659,1747767917,D,N,8322200000000,8322199000000,8322170000000,8322129000000,8322052000000,7890000,56000,7000,13000,7000,8322201000000,8322202000000,8322203000000,8322206000000,8322244000000,708342000,44710000,13000,7507000,30060000
1791427252,518364215,2660,1617942128,D,N,258221000000,258220000000,258219000000,258217000000,258209000000,810000,400000,200000,780000,200000,258222000000,258223000000,258224000000,258225000000,258229000000,7883230000,23970000,390000,65870000,39300000
1791427252,519338237,2661,1617942128,S,N,258221000000,258220000000,258219000000,258217000000,258209000000,810000,400000,200000,780000,200000,258222000000,258223000000,258224000000,258225000000,258229000000,7883230000,23970000,390000,65870000,39300000
1791427252,632818495,2662,1747767917,D,N,8322200000000,8322199000000,8322170000000,8322129000000,8322052000000,42093000,63000,7000,13000,7000,8322201000000,8322202000000,8322203000000,8322206000000,8322244000000,688964000,44710000,13000,7507000,30060000
1791427252,633920472,2663,1617942128,D,N,258221000000,258220000000,258219000000,258217000000,258209000000,810000,400000,200000,780000,200000,258222000000,258223000000,258224000000,258225000000,258229000000,7844500000,23970000,390000,65870000,39300000
1791427252,634667118,2664,1617942128,S,N,258221000000,258220000000,258219000000,258217000000,258209000000,810000,400000,200000,780000,200000,258222000000,258223000000,258224000000,258225000000,258229000000,7844500000,23970000,390000,65870000,39300000
1791427252,749826275,2665,1747767917,D,N,8322200000000,8322199000000,8322170000000,8322129000000,8322052000000,59944000,63000,7000,13000,7000,8322201000000,8322202000000,8322203000000,8322206000000,8322244000000,688428000,44710000,13000,7000,30060000
1791427252,750649105,2666,1617942128,D,N,258221000000,258220000000,258219000000,258217000000,258216000000,665920000,400000,200000,780000,200000,258222000000,258223000000,258224000000,258225000000,258228000000,6816170000,23970000,810000,65870000,420000
1791427252,751575770,2667,1617942128,S,N,258221000000,258220000000,258219000000,258217000000,258216000000,665920000,400000,200000,780000,200000,258222000000,258223000000,258224000000,258225000000,258228000000,6816170000,23970000,810000,65870000,420000
1791427252,854331488,2668,1747767917,D,N,8322200000000,8322199000000,8322129000000,8322052000000,8322001000000,59954000,63000,13000,7000,7000,8322201000000,8322202000000,8322203000000,8322206000000,8322244000000,687956000,44710000,13000,7000,30060000
1791427252,855099117,2669,1617942128,D,N,258221000000,258220000000,258219000000,258217000000,258216000000,1741450000,400000,200000,780000,200000,258222000000,258223000000,258224000000,258225000000,258228000000,6854890000,23970000,810000,65870000,420000
1791427252,855660547,2670,1617942128,S,N,258221000000,258220000000,258219000000,258217000000,258216000000,1741450000,400000,200000,780000,200000,258222000000,258223000000,258224000000,258225000000,258228000000,6854890000,23970000,810000,65870000,420000
1791427252,901609218,2671,1747767917,D,N,8322200000000,8322199000000,8322129000000,8322052000000,8322001000000,42110000,63000,13000,7000,7000,8322201000000,8322202000000,8322203000000,8322206000000,8322244000000,745867000,44710000,13000,7000,30060000
1791427252,902699723,2672,1617942128,D,N,258221000000,258220000000,258219000000,258217000000,258216000000,1741450000,400000,200000,780000,200000,258222000000,258223000000,258224000000,258225000000,258228000000,6904890000,23970000,810000,65870000,420000
1791427252,903496668,2673,1617942128,S,N,258221000000,258220000000,258219000000,258217000000,258216000000,1741450000,400000,200000,780000,200000,258222000000,258223000000,258224000000,258225000000,258228000000,6904890000,23970000,810000,65870000,420000
1791427253,10075,2674,1747767917,D,N,8322200000000,8322199000000,8322129000000,8322052000000,8322001000000,60124000,63000,13000,7000,7000,8322201000000,8322202000000,8322203000000,8322206000000,8322244000000,745177000,44710000,13000,7000,30060000
1791427253,1176176,2675,1617942128,D,N,258221000000,258220000000,258219000000,258217000000,258216000000,1741450000,400000,200000,780000,200000,258222000000,258223000000,258224000000,258225000000,258228000000,6724850000,23970000,810000,115870000,420000
1791427253,2420520,2676,1617942128,S,N,258221000000,258220000000,258219000000,258217000000,258216000000,1741450000,400000,200000,780000,200000,258222000000,258223000000,258224000000,258225000000,258228000000,6724850000,23970000,810000,115870000,420000
1791427253,98313176,2677,1747767917,D,N,8322200000000,8322199000000,8322129000000,8322052000000,8322001000000,59354000,63000,13000,7000,7000,8322201000000,8322202000000,8322203000000,8322206000000,8322244000000,744159000,44710000,13000,7000,30060000
1791427253,99239350,2678,1617942128,D,N,258221000000,258220000000,258219000000,258217000000,258216000000,1632050000,400000,200000,780000,200000,258222000000,258223000000,258224000000,258225000000,258228000000,6404750000,23970000,810000,115870000,420000
1791427253,100237003,2679,1617942128,S,N,258221000000,258220000000,258219000000,258217000000,258216000000,1632050000,400000,200000,780000,200000,258222000000,258223000000,258224000000,258225000000,258228000000,6404750000,23970000,810000,115870000,420000
1791427253,196781295,2680,1747767917,D,N,8322200000000,8322199000000,8322129000000,8322052000000,8322001000000,42103000,63000,13000,7000,38000,8322201000000,8322202000000,8322203000000,8322206000000,8322244000000,743731000,44710000,13000,7000,30060000
1791427253,197896802,2681,1617942128,D,N,258221000000,258220000000,258219000000,258217000000,258216000000,1632050000,400000,200000,780000,200000,258222000000,258223000000,258224000000,258225000000,258226000000,6404750000,23970000,47630000,115870000,200000
1791427253,198780325,2682,1617942128,S,N,258221000000,258220000000,258219000000,258217000000,258216000000,1632050000,400000,200000,780000,200000,258222000000,258223000000,258224000000,258225000000,258226000000,6404750000,23970000,47630000,115870000,200000
1791427253,297037736,2683,1747767917,D,N,8322200000000,8322199000000,8322129000000,8322052000000,8322001000000,60610000,63000,13000,7000,38000,8322201000000,8322202000000,8322203000000,8322206000000,8322244000000,743389000,44710000,13000,7000,30060000
1791427253,299109126,2684,1617942128,D,N,258221000000,258220000000,258219000000,258217000000,258216000000,1632050000,400000,200000,780000,200000,258222000000,258223000000,258224000000,258225000000,258226000000,6404750000,24180000,47630000,115870000,200000
1791427253,300966965,2685,1617942128,S,N,258221000000,258220000000,258219000000,258217000000,258216000000,1632050000,400000,200000,780000,200000,258222000000,258223000000,258224000000,258225000000,258226000000,6404750000,24180000,47630000,115870000,200000
1791427253,394750580,2686,1747767917,D,N,8322200000000,8322199000000,8322129000000,8322052000000,8322001000000,60617000,63000,13000,7000,38000,8322201000000,8322202000000,8322203000000,8322206000000,8322244000000,742788000,44710000,13000,7000,30060000
1791427253,397045523,2687,1617942128,D,N,258221000000,258220000000,258219000000,258217000000,258216000000,1632050000,400000,200000,780000,200000,258222000000,258223000000,258224000000,258225000000,258226000000,6404750000,24180000,47630000,115870000,200000
1791427253,398708342,2688,1617942128,S,N,258221000000,258220000000,258219000000,258217000000,258216000000,1632050000,400000,200000,780000,200000,258222000000,258223000000,258224000000,258225000000,258226000000,6404750000,24180000,47630000,115870000,200000
1791427253,491509993,2689,1747767917,D,N,8322200000000,8322199000000,8322152000000,8322129000000,8322052000000,58234000,63000,8000,13000,7000,8322201000000,8322202000000,8322203000000,8322206000000,8322225000000,740607000,44710000,13000,7000,8000
1791427253,493226444,2690,1617942128,D,N,258221000000,258220000000,258219000000,258217000000,258216000000,1632050000,400000,200000,780000,200000,258222000000,258223000000,258224000000,258225000000,258226000000,6404750000,24180000,47630000,115870000,200000
1791427253,494811118,2691,1617942128,S,N,258221000000,258220000000,258219000000,258217000000,258216000000,1632050000,400000,200000,780000,200000,258222000000,258223000000,258224000000,258225000000,258226000000,6404750000,24180000,47630000,115870000,200000
1791427253,611275410,2692,1747767917,D,N,8322200000000,8322199000000,8322152000000,8322129000000,8322052000000,51288000,63000,8000,13000,7000,8322201000000,8322202000000,8322203000000,8322206000000,8322225000000,740787000,44710000,13000,7000,8000
1791427253,614997854,2693,1617942128,D,N,258221000000,258220000000,258219000000,258217000000,258216000000,1632050000,400000,200000,780000,200000,258222000000,258223000000,258224000000,258225000000,258226000000,6404750000,23970000,810000,54000000,200000
1791427253,617061695,2694,1617942128,S,N,258221000000,258220000000,258219000000,258217000000,258216000000,1632050000,400000,200000,780000,200000,258222000000,258223000000,258224000000,258225000000,258226000000,6404750000,23970000,810000,54000000,200000
1791427253,686630062,2695,1747767917,D,N,8322200000000,8322199000000,8322198000000,8322152000000,8322129000000,51308000,76000,13000,8000,13000,8322201000000,8322202000000,8322203000000,8322206000000,8322225000000,740787000,44710000,13000,7000,8000
1791427253,688147669,2696,1617942128,D,N,258221000000,258220000000,258219000000,258217000000,258216000000,2038790000,400000,200000,780000,200000,258222000000,258223000000,258224000000,258225000000,258226000000,6404750000,23970000,810000,54000000,200000
1791427253,689898733,2697,1617942128,S,N,258221000000,258220000000,258219000000,258217000000,258216000000,2038790000,400000,200000,780000,200000,258222000000,258223000000,258224000000,258225000000,258226000000,6404750000,23970000,810000,54000000,200000
1791427253,784115922,2698,1747767917,S,N,8322200000000,8322199000000,8322198000000,8322152000000,8322129000000,51308000,76000,13000,8000,13000,8322201000000,8322202000000,8322203000000,8322206000000,8322225000000,740787000,44710000,13000,7000,8000
1791427253,785845316,2699,1747767917,D,N,8322200000000,8322199000000,8322198000000,8322152000000,8322129000000,51308000,76000,13000,8000,13000,8322201000000,8322202000000,8322203000000,8322206000000,8322225000000,740787000,44710000,13000,7000,8000
1791427253,787158393,2700,1617942128,D,N,258221000000,258220000000,258219000000,258217000000,258216000000,2038790000,400000,200000,780000,200000,258222000000,258223000000,258224000000,258225000000,258226000000,6404750000,23970000,810000,54000000,200000
1791427253,788424406,2701,1617942128,S,N,258221000000,258220000000,258219000000,258217000000,258216000000,2038790000,400000,200000,780000,200000,258222000000,258223000000,258224000000,258225000000,258226000000,6404750000,23970000,810000,54000000,200000
1791427253,892294064,2702,1747767917,S,N,8322200000000,8322199000000,8322198000000,8322152000000,8322129000000,51308000,76000,13000,8000,13000,8322201000000,8322202000000,8322203000000,8322206000000,8322225000000,740787000,44710000,13000,7000,8000
1791427253,895359871,2703,1747767917,D,N,8322200000000,8322199000000,8322198000000,8322152000000,8322129000000,51308000,76000,13000,8000,13000,8322201000000,8322202000000,8322203000000,8322206000000,8322225000000,740787000,44710000,13000,7000,8000
1791427253,897221043,2704,1617942128,D,N,258221000000,258220000000,258219000000,258217000000,258216000000,2039180000,790000,590000,780000,200000,258222000000,258223000000,258224000000,258225000000,258226000000,6404750000,23970000,810000,54000000,200000
1791427253,898893863,2705,1617942128,S,N,258221000000,258220000000,258219000000,258217000000,258216000000,2039180000,790000,590000,780000,200000,258222000000,258223000000,258224000000,258225000000,258226000000,6404750000,23970000,810000,54000000,200000
1791427253,981320030,2706,1747767917,D,N,8322200000000,8322199000000,8322198000000,8322152000000,8322129000000,57876000,76000,13000,8000,13000,8322201000000,8322202000000,8322203000000,8322206000000,8322225000000,740787000,44710000,13000,7000,8000
1791427253,982916567,2707,1617942128,D,N,258221000000,258220000000,258219000000,258217000000,258216000000,1632440000,790000,590000,780000,200000,258222000000,258223000000,258224000000,258225000000,258226000000,6404750000,23970000,810000,54000000,200000
1791427253,984214349,2708,1617942128,S,N,258221000000,258220000000,258219000000,258217000000,258216000000,1632440000,790000,590000,780000,200000,258222000000,258223000000,258224000000,258225000000,258226000000,6404750000,23970000,810000,54000000,200000
1791427254,78174158,2709,1747767917,S,N,8322200000000,8322199000000,8322198000000,8322152000000,8322129000000,57876000,76000,13000,8000,13000,8322201000000,8322202000000,8322203000000,8322206000000,8322225000000,740787000,44710000,13000,7000,8000
1791427254,79857763,2710,1747767917,D,N,8322200000000,8322199000000,8322198000000,8322152000000,8322129000000,57876000,76000,13000,8000,13000,8322201000000,8322202000000,8322203000000,8322206000000,8322225000000,740787000,44710000,13000,7000,8000
1791427254,84512362,2711,1617942128,D,N,258221000000,258220000000,258219000000,258217000000,258216000000,1438690000,790000,590000,780000,200000,258222000000,258223000000,258224000000,258225000000,258226000000,6404750000,23970000,810000,54000000,200000
1791427254,85915252,2712,1617942128,S,N,258221000000,258220000000,258219000000,258217000000,258216000000,1438690000,790000,590000,780000,200000,258222000000,258223000000,258224000000,258225000000,258226000000,6404750000,23970000,810000,54000000,200000
1791427254,177462460,2713,1747767917,S,N,8322200000000,8322199000000,8322198000000,8322152000000,8322129000000,57876000,76000,13000,8000,13000,8322201000000,8322202000000,8322203000000,8322206000000,8322225000000,740787000,44710000,13000,7000,8000
1791427254,180014684,2714,1747767917,D,N,8322200000000,8322199000000,8322198000000,8322152000000,8322129000000,57876000,76000,13000,8000,13000,8322201000000,8322202000000,8322203000000,8322206000000,8322225000000,740787000,44710000,13000,7000,8000
1791427254,185749689,2715,1617942128,D,N,258221000000,258220000000,258219000000,258217000000,258216000000,1438900000,790000,590000,780000,200000,258222000000,258223000000,258224000000,258225000000,258226000000,6404750000,23970000,810000,54000000,200000
1791427254,188587335,2716,1617942128,S,N,258221000000,258220000000,258219000000,258217000000,258216000000,1438900000,790000,590000,780000,200000,258222000000,258223000000,258224000000,258225000000,258226000000,6404750000,23970000,810000,54000000,200000
1791427254,293085685,2717,1747767917,S,N,8322200000000,8322199000000,8322198000000,8322152000000,8322129000000,57876000,76000,13000,8000,13000,8322201000000,8322202000000,8322203000000,8322206000000,8322225000000,740787000,44710000,13000,7000,8000
1791427254,294524069,2718,1747767917,D,N,8322200000000,8322199000000,8322198000000,8322152000000,8322129000000,57876000,76000,13000,8000,13000,8322201000000,8322202000000,8322203000000,8322206000000,8322225000000,740787000,44710000,13000,7000,8000
1791427254,295580452,2719,1617942128,D,N,258221000000,258220000000,258219000000,258217000000,258216000000,1076530000,790000,590000,780000,200000,258222000000,258223000000,258224000000,258225000000,258226000000,6404750000,23970000,810000,54000000,200000
1791427254,296904903,2720,1617942128,S,N,258221000000,258220000000,258219000000,258217000000,258216000000,1076530000,790000,590000,780000,200000,258222000000,258223000000,258224000000,258225000000,258226000000,6404750000,23970000,810000,54000000,200000
1791427254,377087798,2721,1747767917,D,N,8322200000000,8322199000000,8322198000000,8322152000000,8322129000000,40879000,76000,13000,8000,13000,8322201000000,8322202000000,8322203000000,8322206000000,8322225000000,740787000,44710000,13000,7000,8000
1791427254,378656490,2722,1617942128,D,N,258221000000,258220000000,258219000000,258217000000,258216000000,1200000,790000,590000,780000,200000,258222000000,258223000000,258224000000,258225000000,258226000000,6404750000,23970000,390000,54000000,200000
1791427254,380504328,2723,1617942128,S,N,258221000000,258220000000,258219000000,258217000000,258216000000,1200000,790000,590000,780000,200000,258222000000,258223000000,258224000000,258225000000,258226000000,6404750000,23970000,390000,54000000,200000
1791427254,470454801,2724,1747767917,S,N,8322200000000,8322199000000,8322198000000,8322152000000,8322129000000,40879000,76000,13000,8000,13000,8322201000000,8322202000000,8322203000000,8322206000000,8322225000000,740787000,44710000,13000,7000,8000
1791427254,471951917,2725,1747767917,D,N,8322200000000,8322199000000,8322198000000,8322152000000,8322129000000,40879000,76000,13000,8000,13000,8322201000000,8322202000000,8322203000000,8322206000000,8322225000000,740787000,44710000,13000,7000,8000
1791427254,473413048,2726,1617942128,D,N,258221000000,258220000000,258219000000,258217000000,258216000000,1200000,790000,590000,780000,200000,258222000000,258223000000,258224000000,258225000000,258226000000,6404750000,23970000,390000,54000000,172370000
1791427254,474673767,2727,1617942128,S,N,258221000000,258220000000,258219000000,258217000000,258216000000,1200000,790000,590000,780000,200000,258222000000,258223000000,258224000000,258225000000,258226000000,6404750000,23970000,390000,54000000,172370000
1791427254,568780650,2728,1747767917,D,N,8322200000000,8322199000000,8322198000000,8322152000000,8322129000000,42202000,76000,13000,8000,13000,8322201000000,8322202000000,8322203000000,8322206000000,8322225000000,740787000,44710000,13000,7000,8000
1791427254,570172069,2729,1617942128,D,N,258221000000,258220000000,258219000000,258217000000,258216000000,1200000,790000,590000,780000,200000,258222000000,258223000000,258224000000,258225000000,258226000000,6404750000,23970000,390000,54000000,172370000
1791427254,571591921,2730,1617942128,S,N,258221000000,258220000000,258219000000,258217000000,258216000000,1200000,790000,590000,780000,200000,258222000000,258223000000,258224000000,258225000000,258226000000,6404750000,23970000,390000,54000000,172370000
1791427254,703671357,2731,1747767917,D,N,8322200000000,8322199000000,8322198000000,8322152000000,8322129000000,42202000,76000,13000,8000,13000,8322201000000,8322202000000,8322203000000,8322206000000,8322225000000,741491000,44710000,13000,7000,8000
1791427254,776623015,2732,1617942128,D,N,258221000000,258220000000,258219000000,258217000000,258216000000,1180000,790000,590000,780000,200000,258222000000,258223000000,258224000000,258225000000,258226000000,6431260000,23970000,390000,54000000,172370000
1791427254,822098695,2733,1617942128,S,N,258221000000,258220000000,258219000000,258217000000,258216000000,1180000,790000,590000,780000,200000,258222000000,258223000000,258224000000,258225000000,258226000000,6431260000,23970000,390000,54000000,172370000
1791427254,838950927,2734,1747767917,D,N,8322200000000,8322199000000,8322198000000,8322152000000,8322129000000,42202000,76000,13000,8000,13000,8322201000000,8322202000000,8322203000000,8322206000000,8322225000000,744574000,44710000,13000,7000,8000
1791427254,839561677,2735,1617942128,D,N,258221000000,258220000000,258219000000,258217000000,258216000000,1180000,790000,590000,780000,200000,258222000000,258223000000,258224000000,258225000000,258226000000,6431260000,23970000,390000,54000000,172370000
1791427254,842853390,2736,1617942128,S,N,258221000000,258220000000,258219000000,258217000000,258216000000,1180000,790000,590000,780000,200000,258222000000,258223000000,258224000000,258225000000,258226000000,6431260000,23970000,390000,54000000,172370000
1791427254,883151182,2737,1747767917,D,N,8322200000000,8322199000000,8322198000000,8322152000000,8322129000000,24112000,76000,13000,8000,13000,8322201000000,8322202000000,8322203000000,8322206000000,8322225000000,744512000,44710000,13000,7000,8000
1791427254,887727047,2738,1617942128,D,N,258221000000,258220000000,258219000000,258217000000,258216000000,80560000,790000,790000,780000,200000,258222000000,258223000000,258224000000,258225000000,258226000000,6431260000,23970000,390000,54000000,172370000
1791427254,889066499,2739,1617942128,S,N,258221000000,258220000000,258219000000,258217000000,258216000000,80560000,790000,790000,780000,200000,258222000000,258223000000,258224000000,258225000000,258226000000,6431260000,23970000,390000,54000000,172370000
1791427254,995336012,2740,1747767917,D,N,8322200000000,8322199000000,8322198000000,8322152000000,8322129000000,42195000,76000,13000,8000,13000,8322201000000,8322202000000,8322203000000,8322206000000,8322225000000,744512000,44710000,13000,7000,8000
1791427254,996288954,2741,1617942128,D,N,258221000000,258220000000,258219000000,258217000000,258216000000,80560000,790000,790000,780000,200000,258222000000,258223000000,258224000000,258225000000,258226000000,6431260000,23970000,390000,54000000,172370000
1791427254,996945983,2742,1617942128,S,N,258221000000,258220000000,258219000000,258217000000,258216000000,80560000,790000,790000,780000,200000,258222000000,258223000000,258224000000,258225000000,258226000000,6431260000,23970000,390000,54000000,172370000
1791427255,60031621,2743,1747767917,D,N,8322200000000,8322199000000,8322198000000,8322152000000,8322129000000,61006000,76000,13000,8000,13000,8322201000000,8322202000000,8322203000000,8322206000000,8322225000000,744512000,44710000,13000,7000,8000
1791427255,61279397,2744,1617942128,D,N,258221000000,258220000000,258219000000,258217000000,258216000000,80560000,790000,790000,780000,200000,258222000000,258223000000,258224000000,258225000000,258226000000,6431260000,23970000,390000,54000000,172370000
1791427255,64782700,2745,1617942128,S,N,258221000000,258220000000,258219000000,258217000000,258216000000,80560000,790000,790000,780000,200000,258222000000,258223000000,258224000000,258225000000,258226000000,6431260000,23970000,390000,54000000,172370000
1791427255,160067843,2746,1747767917,D,N,8322200000000,8322199000000,8322198000000,8322152000000,8322129000000,42202000,76000,13000,8000,13000,8322201000000,8322202000000,8322203000000,8322206000000,8322225000000,741507000,44710000,13000,7000,8000
1791427255,160915577,2747,1617942128,D,N,258221000000,258220000000,258219000000,258217000000,258216000000,80560000,790000,790000,780000,200000,258222000000,258223000000,258224000000,258225000000,258226000000,6431260000,23970000,390000,54000000,172370000
1791427255,162624970,2748,1617942128,S,N,258221000000,258220000000,258219000000,258217000000,258216000000,80560000,790000,790000,780000,200000,258222000000,258223000000,258224000000,258225000000,258226000000,6431260000,23970000,390000,54000000,172370000
1791427255,263295081,2749,1747767917,D,N,8322200000000,8322199000000,8322198000000,8322152000000,8322129000000,61295000,76000,13000,8000,13000,8322201000000,8322202000000,8322203000000,8322206000000,8322225000000,741507000,44710000,13000,7000,8000
1791427255,264251258,2750,1617942128,D,N,258221000000,258220000000,258219000000,258217000000,258216000000,80560000,790000,790000,780000,200000,258222000000,258223000000,258224000000,258225000000,258226000000,6431260000,23970000,390000,54000000,172370000
1791427255,265102424,2751,1617942128,S,N,258221000000,258220000000,258219000000,258217000000,258216000000,80560000,790000,790000,780000,200000,258222000000,258223000000,258224000000,258225000000,258226000000,6431260000,23970000,390000,54000000,172370000
1791427255,371201332,2752,1747767917,S,N,8322200000000,8322199000000,8322198000000,8322152000000,8322129000000,61295000,76000,13000,8000,13000,8322201000000,8322202000000,8322203000000,8322206000000,8322225000000,741507000,44710000,13000,7000,8000
1791427255,372333115,2753,1747767917,D,N,8322200000000,8322199000000,8322198000000,8322152000000,8322129000000,61295000,76000,13000,8000,13000,8322201000000,8322202000000,8322203000000,8322206000000,8322225000000,741507000,44710000,13000,7000,8000
1791427255,373209382,2754,1617942128,D,N,258221000000,258220000000,258219000000,258217000000,258216000000,80560000,790000,790000,780000,200000,258222000000,258223000000,258224000000,258225000000,258226000000,6431260000,23970000,390000,54000000,172370000
1791427255,374252725,2755,1617942128,S,N,258221000000,258220000000,258219000000,258217000000,258216000000,80560000,790000,790000,780000,200000,258222000000,258223000000,258224000000,258225000000,258226000000,6431260000,23970000,390000,54000000,172370000
1791427255,453481208,2756,1747767917,D,N,8322200000000,8322199000000,8322198000000,8322152000000,8322129000000,61302000,76000,13000,8000,13000,8322201000000,8322202000000,8322203000000,8322206000000,8322225000000,742494000,44710000,13000,7000,8000
1791427255,456882246,2757,1617942128,D,N,258221000000,258220000000,258219000000,258217000000,258216000000,80560000,790000,790000,780000,200000,258222000000,258223000000,258224000000,258225000000,258226000000,6431260000,23970000,390000,54000000,172370000
1791427255,460625378,2758,1617942128,S,N,258221000000,258220000000,258219000000,258217000000,258216000000,80560000,790000,790000,780000,200000,258222000000,258223000000,258224000000,258225000000,258226000000,6431260000,23970000,390000,54000000,172370000
1791427255,571540470,2759,1747767917,D,N,8322200000000,8322199000000,8322198000000,8322152000000,8322129000000,61302000,76000,13000,8000,13000,8322201000000,8322202000000,8322203000000,8322206000000,8322225000000,745512000,44710000,13000,7000,8000
1791427255,610387132,2760,1617942128,D,N,258221000000,258220000000,258219000000,258217000000,258216000000,668320000,790000,790000,780000,200000,258222000000,258223000000,258224000000,258225000000,258226000000,6431680000,23970000,810000,54420000,172790000
1791427255,641928921,2761,1617942128,S,N,258221000000,258220000000,258219000000,258217000000,258216000000,668320000,790000,790000,780000,200000,258222000000,258223000000,258224000000,258225000000,258226000000,6431680000,23970000,810000,54420000,172790000
1791427255,652738274,2762,1747767917,D,N,8322200000000,8322199000000,8322198000000,8322152000000,8322129000000,61473000,76000,13000,8000,13000,8322201000000,8322202000000,8322203000000,8322206000000,8322225000000,745912000,44710000,13000,7000,8000
1791427255,653361279,2763,1617942128,D,N,258221000000,258220000000,258219000000,258217000000,258216000000,668320000,790000,790000,780000,200000,258222000000,258223000000,258224000000,258225000000,258226000000,6431680000,23970000,810000,54420000,172790000
1791427255,653890844,2764,1617942128,S,N,258221000000,258220000000,258219000000,258217000000,258216000000,668320000,790000,790000,780000,200000,258222000000,258223000000,258224000000,258225000000,258226000000,6431680000,23970000,810000,54420000,172790000
1791427255,762695129,2765,1747767917,D,N,8322200000000,8322199000000,8322198000000,8322152000000,8322129000000,42124000,76000,13000,8000,13000,8322201000000,8322202000000,8322203000000,8322206000000,8322225000000,742907000,44710000,13000,7000,8000
1791427255,763694350,2766,1617942128,D,N,258221000000,258220000000,258219000000,258217000000,258216000000,1868320000,790000,790000,780000,200000,258222000000,258223000000,258224000000,258225000000,258226000000,6431680000,23970000,810000,54420000,172790000
1791427255,764580226,2767,1617942128,S,N,258221000000,258220000000,258219000000,258217000000,258216000000,1868320000,790000,790000,780000,200000,258222000000,258223000000,258224000000,258225000000,258226000000,6431680000,23970000,810000,54420000,172790000
1791427255,843817631,2768,1747767917,S,N,8322200000000,8322199000000,8322198000000,8322152000000,8322129000000,42124000,76000,13000,8000,13000,8322201000000,8322202000000,8322203000000,8322206000000,8322225000000,742907000,44710000,13000,7000,8000
1791427255,845004322,2769,1747767917,D,N,8322200000000,8322199000000,8322198000000,8322152000000,8322129000000,42124000,76000,13000,8000,13000,8322201000000,8322202000000,8322203000000,8322206000000,8322225000000,742907000,44710000,13000,7000,8000
1791427255,845877648,2770,1617942128,D,N,258221000000,258220000000,258219000000,258217000000,258216000000,2168320000,790000,790000,780000,200000,258222000000,258223000000,258224000000,258225000000,258226000000,6431680000,23970000,810000,54420000,172790000
1791427255,846942170,2771,1617942128,S,N,258221000000,258220000000,258219000000,258217000000,258216000000,2168320000,790000,790000,780000,200000,258222000000,258223000000,258224000000,258225000000,258226000000,6431680000,23970000,810000,54420000,172790000
1791427255,956209346,2772,1617942128,D,N,258221000000,258220000000,258219000000,258217000000,258216000000,2168320000,790000,590000,780000,200000,258222000000,258223000000,258224000000,258225000000,258226000000,6431680000,23970000,810000,54420000,172790000
1791427255,957965507,2773,1747767917,D,N,8322200000000,8322199000000,8322198000000,8322152000000,8322129000000,42124000,76000,13000,8000,13000,8322201000000,8322202000000,8322203000000,8322206000000,8322225000000,745310000,44710000,13000,7000,8000
1791427255,959673037,2774,1617942128,S,N,258221000000,258220000000,258219000000,258217000000,258216000000,2168320000,790000,590000,780000,200000,258222000000,258223000000,258224000000,258225000000,258226000000,6431680000,23970000,810000,54420000,172790000
1791427256,101424061,2775,1747767917,D,N,8322200000000,8322199000000,8322198000000,8322152000000,8322129000000,42124000,76000,13000,8000,13000,8322201000000,8322202000000,8322203000000,8322206000000,8322225000000,745710000,44710000,13000,7000,8000
1791427256,104980801,2776,1617942128,D,N,258221000000,258220000000,258219000000,258217000000,258216000000,2168320000,790000,590000,780000,200000,258222000000,258223000000,258224000000,258225000000,258226000000,6431680000,23970000,810000,54420000,172790000
1791427256,107294569,2777,1617942128,S,N,258221000000,258220000000,258219000000,258217000000,258216000000,2168320000,790000,590000,780000,200000,258222000000,258223000000,258224000000,258225000000,258226000000,6431680000,23970000,810000,54420000,172790000
1791427256,165336353,2778,1747767917,D,N,8322200000000,8322199000000,8322198000000,8322152000000,8322129000000,59253000,76000,13000,8000,13000,8322201000000,8322202000000,8322203000000,8322206000000,8322225000000,745710000,44710000,13000,7000,8000
1791427256,167913286,2779,1617942128,D,N,258221000000,258220000000,258219000000,258217000000,258216000000,1831160000,790000,590000,780000,200000,258222000000,258223000000,258224000000,258225000000,258226000000,6431680000,23970000,810000,54420000,172790000
1791427256,169976244,2780,1617942128,S,N,258221000000,258220000000,258219000000,258217000000,258216000000,1831160000,790000,590000,780000,200000,258222000000,258223000000,258224000000,258225000000,258226000000,6431680000,23970000,810000,54420000,172790000
1791427256,271653812,2781,1747767917,S,N,8322200000000,8322199000000,8322198000000,8322152000000,8322129000000,59253000,76000,13000,8000,13000,8322201000000,8322202000000,8322203000000,8322206000000,8322225000000,745710000,44710000,13000,7000,8000
1791427256,274330951,2782,1747767917,D,N,8322200000000,8322199000000,8322198000000,8322152000000,8322129000000,59253000,76000,13000,8000,13000,8322201000000,8322202000000,8322203000000,8322206000000,8322225000000,745710000,44710000,13000,7000,8000
1791427256,276557064,2783,1617942128,D,N,258221000000,258220000000,258219000000,258217000000,258216000000,1831160000,790000,590000,780000,200000,258222000000,258223000000,258224000000,258225000000,258226000000,6431680000,23970000,810000,54420000,172790000
1791427256,278723758,2784,1617942128,S,N,258221000000,258220000000,258219000000,258217000000,258216000000,1831160000,790000,590000,780000,200000,258222000000,258223000000,258224000000,258225000000,258226000000,6431680000,23970000,810000,54420000,172790000
1791427256,352057024,2785,1747767917,S,N,8322200000000,8322199000000,8322198000000,8322152000000,8322129000000,59253000,76000,13000,8000,13000,8322201000000,8322202000000,8322203000000,8322206000000,8322225000000,745710000,44710000,13000,7000,8000
1791427256,355099299,2786,1747767917,D,N,8322200000000,8322199000000,8322198000000,8322152000000,8322129000000,59253000,76000,13000,8000,13000,8322201000000,8322202000000,8322203000000,8322206000000,8322225000000,745710000,44710000,13000,7000,8000
1791427256,357964792,2787,1617942128,D,N,258221000000,258220000000,258219000000,258217000000,258216000000,1580560000,790000,590000,780000,200000,258222000000,258223000000,258224000000,258225000000,258226000000,6431680000,23970000,810000,54420000,172790000
1791427256,360848227,2788,1617942128,S,N,258221000000,258220000000,258219000000,258217000000,258216000000,1580560000,790000,590000,780000,200000,258222000000,258223000000,258224000000,258225000000,258226000000,6431680000,23970000,810000,54420000,172790000
1791427256,472771266,2789,1747767917,D,N,8322200000000,8322199000000,8322198000000,8322152000000,8322129000000,42124000,76000,13000,8000,13000,8322201000000,8322202000000,8322203000000,8322206000000,8322225000000,745710000,44710000,13000,7000,8000
1791427256,475250149,2790,1617942128,D,N,258221000000,258220000000,258219000000,258217000000,258216000000,1580560000,790000,790000,780000,200000,258222000000,258223000000,258224000000,258225000000,258226000000,6431680000,23970000,810000,54420000,172790000
1791427256,477847967,2791,1617942128,S,N,258221000000,258220000000,258219000000,258217000000,258216000000,1580560000,790000,790000,780000,200000,258222000000,258223000000,258224000000,258225000000,258226000000,6431680000,23970000,810000,54420000,172790000
1791427256,549371242,2792,1747767917,S,N,8322200000000,8322199000000,8322198000000,8322152000000,8322129000000,42124000,76000,13000,8000,13000,8322201000000,8322202000000,8322203000000,8322206000000,8322225000000,745710000,44710000,13000,7000,8000
1791427256,552186827,2793,1747767917,D,N,8322200000000,8322199000000,8322198000000,8322152000000,8322129000000,42124000,76000,13000,8000,13000,8322201000000,8322202000000,8322203000000,8322206000000,8322225000000,745710000,44710000,13000,7000,8000
1791427256,555338721,2794,1617942128,D,N,258221000000,258220000000,258219000000,258217000000,258216000000,1839520000,790000,790000,780000,200000,258222000000,258223000000,258224000000,258225000000,258226000000,6431680000,23970000,810000,54420000,172790000
1791427256,557756422,2795,1617942128,S,N,258221000000,258220000000,258219000000,258217000000,258216000000,1839520000,790000,790000,780000,200000,258222000000,258223000000,258224000000,258225000000,258226000000,6431680000,23970000,810000,54420000,172790000
1791427256,660009932,2796,1747767917,D,N,8322200000000,8322199000000,8322198000000,8322152000000,8322129000000,60585000,76000,13000,8000,13000,8322201000000,8322202000000,8322203000000,8322206000000,8322225000000,745787000,44752000,13000,7000,8000
1791427256,662677953,2797,1617942128,D,N,258221000000,258220000000,258219000000,258217000000,258216000000,2292560000,790000,790000,780000,200000,258222000000,258223000000,258224000000,258225000000,258226000000,6431680000,23970000,810000,54420000,172790000
1791427256,665350876,2798,1617942128,S,N,258221000000,258220000000,258219000000,258217000000,258216000000,2292560000,790000,790000,780000,200000,258222000000,258223000000,258224000000,258225000000,258226000000,6431680000,23970000,810000,54420000,172790000
1791427256,747459951,2799,1747767917,D,N,8322200000000,8322199000000,8322198000000,8322152000000,8322129000000,60599000,83000,13000,8000,13000,8322201000000,8322202000000,8322203000000,8322206000000,8322225000000,745186000,44752000,13000,7000,8000
1791427256,753219370,2800,1617942128,D,N,258221000000,258220000000,258219000000,258217000000,258216000000,2292560000,790000,790000,780000,200000,258222000000,258223000000,258224000000,258225000000,258226000000,6431680000,23970000,810000,54420000,172790000
1791427256,755792087,2801,1617942128,S,N,258221000000,258220000000,258219000000,258217000000,258216000000,2292560000,790000,790000,780000,200000,258222000000,258223000000,258224000000,258225000000,258226000000,6431680000,23970000,810000,54420000,172790000
1791427256,894276302,2802,1747767917,D,N,8322200000000,8322199000000,8322198000000,8322152000000,8322129000000,60487000,90000,13000,8000,13000,8322201000000,8322202000000,8322203000000,8322206000000,8322225000000,745172000,29671000,13000,7000,8000
1791427256,895937650,2803,1617942128,D,N,258221000000,258220000000,258219000000,258217000000,258216000000,3435040000,790000,790000,780000,200000,258222000000,258223000000,258224000000,258225000000,258226000000,4898980000,23970000,390000,162050000,200000
1791427256,897198467,2804,1617942128,S,N,258221000000,258220000000,258219000000,258217000000,258216000000,3435040000,790000,790000,780000,200000,258222000000,258223000000,258224000000,258225000000,258226000000,4898980000,23970000,390000,162050000,200000
1791427256,939379101,2805,1747767917,D,N,8322200000000,8322199000000,8322198000000,8322152000000,8322129000000,60473000,76000,13000,8000,13000,8322201000000,8322202000000,8322203000000,8322206000000,8322225000000,745172000,29671000,13000,7000,8000
1791427256,940762185,2806,1617942128,D,N,258221000000,258220000000,258219000000,258217000000,258216000000,3435640000,1190000,590000,780000,200000,258222000000,258223000000,258224000000,258225000000,258226000000,4898980000,23970000,810000,4000000,200000
1791427256,941986527,2807,1617942128,S,N,258221000000,258220000000,258219000000,258217000000,258216000000,3435640000,1190000,590000,780000,200000,258222000000,258223000000,258224000000,258225000000,258226000000,4898980000,23970000,810000,4000000,200000
1791427257,19215686,2808,1747767917,S,N,8322200000000,8322199000000,8322198000000,8322152000000,8322129000000,60473000,76000,13000,8000,13000,8322201000000,8322202000000,8322203000000,8322206000000,8322225000000,745172000,29671000,13000,7000,8000
1791427257,20462874,2809,1747767917,D,N,8322200000000,8322199000000,8322198000000,8322152000000,8322129000000,60473000,76000,13000,8000,13000,8322201000000,8322202000000,8322203000000,8322206000000,8322225000000,745172000,29671000,13000,7000,8000
1791427257,64749020,2810,1617942128,D,N,258221000000,258220000000,258219000000,258217000000,258216000000,1895280000,1190000,590000,780000,200000,258222000000,258223000000,258224000000,258225000000,258226000000,4898980000,23970000,390000,4000000,200000
1791427257,65865802,2811,1617942128,S,N,258221000000,258220000000,258219000000,258217000000,258216000000,1895280000,1190000,590000,780000,200000,258222000000,258223000000,258224000000,258225000000,258226000000,4898980000,23970000,390000,4000000,200000
1791427257,118703910,2812,1747767917,S,N,8322200000000,8322199000000,8322198000000,8322152000000,8322129000000,60473000,76000,13000,8000,13000,8322201000000,8322202000000,8322203000000,8322206000000,8322225000000,745172000,29671000,13000,7000,8000
1791427257,119608905,2813,1747767917,D,N,8322200000000,8322199000000,8322198000000,8322152000000,8322129000000,60473000,76000,13000,8000,13000,8322201000000,8322202000000,8322203000000,8322206000000,8322225000000,745172000,29671000,13000,7000,8000
1791427257,120251619,2814,1617942128,D,N,258221000000,258220000000,258219000000,258217000000,258216000000,2195280000,1190000,590000,780000,200000,258222000000,258223000000,258224000000,258225000000,258226000000,4898980000,23970000,390000,4000000,200000
1791427257,120869624,2815,1617942128,S,N,258221000000,258220000000,258219000000,258217000000,258216000000,2195280000,1190000,590000,780000,200000,258222000000,258223000000,258224000000,258225000000,258226000000,4898980000,23970000,390000,4000000,200000
1791427257,216276544,2816,1747767917,D,N,8322200000000,8322199000000,8322198000000,8322152000000,8322129000000,60473000,76000,13000,8000,13000,8322201000000,8322202000000,8322203000000,8322206000000,8322225000000,746155000,29671000,13000,7000,8000
1791427257,216842779,2817,1617942128,D,N,258221000000,258220000000,258219000000,258217000000,258216000000,1925280000,1190000,590000,780000,200000,258222000000,258223000000,258224000000,258225000000,258226000000,4898980000,23970000,390000,4000000,200000
1791427257,217478727,2818,1617942128,S,N,258221000000,258220000000,258219000000,258217000000,258216000000,1925280000,1190000,590000,780000,200000,258222000000,258223000000,258224000000,258225000000,258226000000,4898980000,23970000,390000,4000000,200000
1791427257,314470222,2819,1747767917,D,N,8322200000000,8322199000000,8322198000000,8322152000000,8322129000000,60397000,76000,13000,8000,13000,8322201000000,8322202000000,8322203000000,8322206000000,8322225000000,746155000,29671000,13000,7000,8000
1791427257,315638284,2820,1617942128,D,N,258221000000,258220000000,258219000000,258217000000,258216000000,1925080000,990000,590000,780000,200000,258222000000,258223000000,258224000000,258225000000,258226000000,4898980000,23970000,390000,4000000,200000
1791427257,316657213,2821,1617942128,S,N,258221000000,258220000000,258219000000,258217000000,258216000000,1925080000,990000,590000,780000,200000,258222000000,258223000000,258224000000,258225000000,258226000000,4898980000,23970000,390000,4000000,200000
1791427257,412292686,2822,1747767917,S,N,8322200000000,8322199000000,8322198000000,8322152000000,8322129000000,60397000,76000,13000,8000,13000,8322201000000,8322202000000,8322203000000,8322206000000,8322225000000,746155000,29671000,13000,7000,8000
1791427257,413519087,2823,1747767917,D,N,8322200000000,8322199000000,8322198000000,8322152000000,8322129000000,60397000,76000,13000,8000,13000,8322201000000,8322202000000,8322203000000,8322206000000,8322225000000,746155000,29671000,13000,7000,8000
1791427257,414448301,2824,1617942128,D,N,258221000000,258220000000,258219000000,258217000000,258216000000,1925080000,990000,590000,780000,200000,258222000000,258223000000,258224000000,258225000000,258226000000,4897050000,23970000,390000,4000000,200000
1791427257,415321136,2825,1617942128,S,N,258221000000,258220000000,258219000000,258217000000,258216000000,1925080000,990000,590000,780000,200000,258222000000,258223000000,258224000000,258225000000,258226000000,4897050000,23970000,390000,4000000,200000
1791427257,510343310,2826,1747767917,D,N,8322200000000,8322199000000,8322198000000,8322152000000,8322129000000,60397000,76000,13000,8000,13000,8322201000000,8322202000000,8322203000000,8322206000000,8322225000000,746162000,29671000,13000,7000,8000
1791427257,511804834,2827,1617942128,D,N,258221000000,258220000000,258219000000,258217000000,258216000000,1925080000,990000,590000,780000,200000,258222000000,258223000000,258224000000,258225000000,258226000000,4897050000,23970000,390000,4000000,200000
1791427257,512794740,2828,1617942128,S,N,258221000000,258220000000,258219000000,258217000000,258216000000,1925080000,990000,590000,780000,200000,258222000000,258223000000,258224000000,258225000000,258226000000,4897050000,23970000,390000,4000000,200000
1791427257,610292857,2829,1747767917,D,N,8322200000000,8322199000000,8322198000000,8322152000000,8322129000000,41719000,76000,13000,8000,13000,8322201000000,8322202000000,8322203000000,8322206000000,8322225000000,746099000,29629000,13000,7000,8000
1791427257,611294333,2830,1617942128,D,N,258221000000,258220000000,258219000000,258217000000,258216000000,1037230000,990000,590000,780000,200000,258222000000,258223000000,258224000000,258225000000,258226000000,5296360000,23970000,390000,4000000,200000
1791427257,612455041,2831,1617942128,S,N,258221000000,258220000000,258219000000,258217000000,258216000000,1037230000,990000,590000,780000,200000,258222000000,258223000000,258224000000,258225000000,258226000000,5296360000,23970000,390000,4000000,200000
1791427257,706502310,2832,1747767917,D,N,8322200000000,8322199000000,8322198000000,8322152000000,8322129000000,41712000,76000,13000,8000,13000,8322201000000,8322202000000,8322203000000,8322206000000,8322225000000,749733000,29629000,13000,7000,8000
1791427257,708175621,2833,1617942128,D,N,258221000000,258220000000,258219000000,258217000000,258216000000,585130000,990000,590000,780000,200000,258222000000,258223000000,258224000000,258225000000,258226000000,5296360000,23970000,390000,4000000,200000
1791427257,709240927,2834,1617942128,S,N,258221000000,258220000000,258219000000,258217000000,258216000000,585130000,990000,590000,780000,200000,258222000000,258223000000,258224000000,258225000000,258226000000,5296360000,23970000,390000,4000000,200000
1791427257,808651312,2835,1747767917,D,N,8322200000000,8322199000000,8322198000000,8322152000000,8322129000000,41712000,76000,13000,8000,13000,8322201000000,8322202000000,8322203000000,8322206000000,8322225000000,746728000,29629000,13000,7000,8000
1791427257,809652412,2836,1617942128,D,N,258221000000,258220000000,258219000000,258217000000,258216000000,585130000,990000,590000,780000,200000,258222000000,258223000000,258224000000,258225000000,258226000000,5246360000,23970000,390000,4000000,200000
1791427257,810742212,2837,1617942128,S,N,258221000000,258220000000,258219000000,258217000000,258216000000,585130000,990000,590000,780000,200000,258222000000,258223000000,258224000000,258225000000,258226000000,5246360000,23970000,390000,4000000,200000
1791427258,567710269,2838,1747767917,D,N,8322200000000,8322199000000,8322198000000,8322152000000,8322129000000,41705000,69000,13000,8000,13000,8322201000000,8322202000000,8322203000000,8322206000000,8322225000000,746728000,29629000,13000,7000,8000
1791427258,569069069,2839,1617942128,D,N,258221000000,258220000000,258219000000,258217000000,258216000000,341790000,990000,590000,780000,200000,258222000000,258223000000,258224000000,258225000000,258226000000,5246360000,23970000,390000,4000000,200000
1791427258,570048969,2840,1617942128,S,N,258221000000,258220000000,258219000000,258217000000,258216000000,341790000,990000,590000,780000,200000,258222000000,258223000000,258224000000,258225000000,258226000000,5246360000,23970000,390000,4000000,200000
1791427258,667170769,2841,1747767917,D,N,8322200000000,8322199000000,8322198000000,8322152000000,8322129000000,41719000,76000,13000,8000,13000,8322201000000,8322202000000,8322203000000,8322206000000,8322225000000,749720000,29629000,13000,7000,8000
1791427258,668202669,2842,1617942128,D,N,258221000000,258220000000,258219000000,258217000000,258216000000,341790000,990000,790000,780000,200000,258222000000,258223000000,258224000000,258225000000,258226000000,5246360000,23970000,390000,4000000,200000
1791427258,669266869,2843,1617942128,S,N,258221000000,258220000000,258219000000,258217000000,258216000000,341790000,990000,790000,780000,200000,258222000000,258223000000,258224000000,258225000000,258226000000,5246360000,23970000,390000,4000000,200000
1791427258,766989669,2844,1747767917,D,N,8322200000000,8322199000000,8322198000000,8322152000000,8322129000000,41726000,83000,13000,8000,13000,8322201000000,8322202000000,8322203000000,8322206000000,8322225000000,747077000,29629000,13000,7000,8000
1791427258,768230869,2845,1617942128,D,N,258221000000,258220000000,258219000000,258217000000,258216000000,341790000,990000,790000,780000,200000,258222000000,258223000000,258224000000,258225000000,258226000000,5246360000,23970000,390000,4000000,200000
1791427258,769207269,2846,1617942128,S,N,258221000000,258220000000,258219000000,258217000000,258216000000,341790000,990000,790000,780000,200000,258222000000,258223000000,258224000000,258225000000,258226000000,5246360000,23970000,390000,4000000,200000
1791427258,869308169,2847,1747767917,S,N,8322200000000,8322199000000,8322198000000,8322152000000,8322129000000,41726000,83000,13000,8000,13000,8322201000000,8322202000000,8322203000000,8322206000000,8322225000000,747077000,29629000,13000,7000,8000
1791427258,870643069,2848,1747767917,D,N,8322200000000,8322199000000,8322198000000,8322152000000,8322129000000,41726000,83000,13000,8000,13000,8322201000000,8322202000000,8322203000000,8322206000000,8322225000000,747077000,29629000,13000,7000,8000
1791427258,872169969,2849,1617942128,D,N,258221000000,258220000000,258219000000,258217000000,258216000000,347840000,990000,790000,780000,200000,258222000000,258223000000,258224000000,258225000000,258226000000,5285090000,23970000,390000,4000000,200000
1791427258,873015569,2850,1617942128,S,N,258221000000,258220000000,258219000000,258217000000,258216000000,347840000,990000,790000,780000,200000,258222000000,258223000000,258224000000,258225000000,258226000000,5285090000,23970000,390000,4000000,200000
1791427258,965883869,2851,1747767917,S,N,8322200000000,8322199000000,8322198000000,8322152000000,8322129000000,41726000,83000,13000,8000,13000,8322201000000,8322202000000,8322203000000,8322206000000,8322225000000,747077000,29629000,13000,7000,8000
1791427258,967288669,2852,1747767917,D,N,8322200000000,8322199000000,8322198000000,8322152000000,8322129000000,41726000,83000,13000,8000,13000,8322201000000,8322202000000,8322203000000,8322206000000,8322225000000,747077000,29629000,13000,7000,8000
1791427258,968321069,2853,1617942128,D,N,258221000000,258220000000,258219000000,258217000000,258216000000,347840000,990000,790000,780000,200000,258222000000,258223000000,258224000000,258225000000,258226000000,5285090000,23970000,390000,4000000,200000
1791427258,972126269,2854,1617942128,S,N,258221000000,258220000000,258219000000,258217000000,258216000000,347840000,990000,790000,780000,200000,258222000000,258223000000,258224000000,258225000000,258226000000,5285090000,23970000,390000,4000000,200000
1791427259,75651869,2855,1747767917,D,N,8322200000000,8322199000000,8322198000000,8322152000000,8322129000000,41726000,83000,13000,8000,13000,8322201000000,8322202000000,8322203000000,8322206000000,8322225000000,747008000,29629000,13000,7000,8000
1791427259,76674769,2856,1617942128,D,N,258221000000,258220000000,258219000000,258217000000,258216000000,609050000,990000,790000,780000,200000,258222000000,258223000000,258224000000,258225000000,258226000000,5285090000,23970000,390000,4000000,200000
1791427259,77581669,2857,1617942128,S,N,258221000000,258220000000,258219000000,258217000000,258216000000,609050000,990000,790000,780000,200000,258222000000,258223000000,258224000000,258225000000,258226000000,5285090000,23970000,390000,4000000,200000
1791427259,169340169,2858,1747767917,S,N,8322200000000,8322199000000,8322198000000,8322152000000,8322129000000,41726000,83000,13000,8000,13000,8322201000000,8322202000000,8322203000000,8322206000000,8322225000000,747008000,29629000,13000,7000,8000
1791427259,170462069,2859,1747767917,D,N,8322200000000,8322199000000,8322198000000,8322152000000,8322129000000,41726000,83000,13000,8000,13000,8322201000000,8322202000000,8322203000000,8322206000000,8322225000000,747008000,29629000,13000,7000,8000
1791427259,171465469,2860,1617942128,D,N,258221000000,258220000000,258219000000,258217000000,258216000000,609050000,990000,790000,780000,200000,258222000000,258223000000,258224000000,258225000000,258226000000,5285090000,23970000,390000,4000000,200000
1791427259,172554169,2861,1617942128,S,N,258221000000,258220000000,258219000000,258217000000,258216000000,609050000,990000,790000,780000,200000,258222000000,258223000000,258224000000,258225000000,258226000000,5285090000,23970000,390000,4000000,200000
1791427259,271001169,2862,1747767917,D,N,8322200000000,8322199000000,8322198000000,8322152000000,8322129000000,41733000,90000,13000,8000,13000,8322201000000,8322202000000,8322203000000,8322206000000,8322225000000,747008000,29629000,13000,7000,8000
1791427259,272196369,2863,1617942128,D,N,258221000000,258220000000,258219000000,258217000000,258216000000,609050000,990000,590000,780000,200000,258222000000,258223000000,258224000000,258225000000,258226000000,5285090000,23970000,390000,4000000,200000
1791427259,273215169,2864,1617942128,S,N,258221000000,258220000000,258219000000,258217000000,258216000000,609050000,990000,590000,780000,200000,258222000000,258223000000,258224000000,258225000000,258226000000,5285090000,23970000,390000,4000000,200000
1791427259,365717469,2865,1747767917,S,N,8322200000000,8322199000000,8322198000000,8322152000000,8322129000000,41733000,90000,13000,8000,13000,8322201000000,8322202000000,8322203000000,8322206000000,8322225000000,747008000,29629000,13000,7000,8000
1791427259,367417869,2866,1747767917,D,N,8322200000000,8322199000000,8322198000000,8322152000000,8322129000000,41733000,90000,13000,8000,13000,8322201000000,8322202000000,8322203000000,8322206000000,8322225000000,747008000,29629000,13000,7000,8000
1791427259,368744369,2867,1617942128,D,N,258221000000,258220000000,258219000000,258217000000,258216000000,609050000,990000,590000,780000,200000,258222000000,258223000000,258224000000,258225000000,258226000000,5285090000,23970000,390000,4000000,200000
1791427259,369901869,2868,1617942128,S,N,258221000000,258220000000,258219000000,258217000000,258216000000,609050000,990000,590000,780000,200000,258222000000,258223000000,258224000000,258225000000,258226000000,5285090000,23970000,390000,4000000,200000
1791427259,466868369,2869,1747767917,S,N,8322200000000,8322199000000,8322198000000,8322152000000,8322129000000,41733000,90000,13000,8000,13000,8322201000000,8322202000000,8322203000000,8322206000000,8322225000000,747008000,29629000,13000,7000,8000
1791427259,468068369,2870,1747767917,D,N,8322200000000,8322199000000,8322198000000,8322152000000,8322129000000,41733000,90000,13000,8000,13000,8322201000000,8322202000000,8322203000000,8322206000000,8322225000000,747008000,29629000,13000,7000,8000
1791427259,468971869,2871,1617942128,D,N,258221000000,258220000000,258219000000,258217000000,258216000000,583530000,990000,590000,780000,200000,258222000000,258223000000,258224000000,258225000000,258226000000,5284590000,23970000,390000,4000000,200000
1791427259,470010669,2872,1617942128,S,N,258221000000,258220000000,258219000000,258217000000,258216000000,583530000,990000,590000,780000,200000,258222000000,258223000000,258224000000,258225000000,258226000000,5284590000,23970000,390000,4000000,200000
1791427259,567141969,2873,1747767917,S,N,8322200000000,8322199000000,8322198000000,8322152000000,8322129000000,41733000,90000,13000,8000,13000,8322201000000,8322202000000,8322203000000,8322206000000,8322225000000,747008000,29629000,13000,7000,8000
1791427259,568575669,2874,1747767917,D,N,8322200000000,8322199000000,8322198000000,8322152000000,8322129000000,41733000,90000,13000,8000,13000,8322201000000,8322202000000,8322203000000,8322206000000,8322225000000,747008000,29629000,13000,7000,8000
1791427259,569594269,2875,1617942128,D,N,258221000000,258220000000,258219000000,258217000000,258216000000,583530000,990000,590000,780000,200000,258222000000,258223000000,258224000000,258225000000,258226000000,5284590000,23970000,390000,4000000,200000
1791427259,570533669,2876,1617942128,S,N,258221000000,258220000000,258219000000,258217000000,258216000000,583530000,990000,590000,780000,200000,258222000000,258223000000,258224000000,258225000000,258226000000,5284590000,23970000,390000,4000000,200000
1791427259,671147209,2877,1747767917,D,N,8322200000000,8322199000000,8322198000000,8322152000000,8322129000000,41726000,83000,13000,8000,13000,8322201000000,8322202000000,8322203000000,8322206000000,8322225000000,747008000,29629000,13000,7000,8000
1791427259,672083344,2878,1617942128,D,N,258221000000,258220000000,258219000000,258217000000,258216000000,46180000,990000,590000,780000,200000,258222000000,258223000000,258224000000,258225000000,258226000000,5284590000,23970000,390000,4000000,200000
1791427259,672997615,2879,1617942128,S,N,258221000000,258220000000,258219000000,258217000000,258216000000,46180000,990000,590000,780000,200000,258222000000,258223000000,258224000000,258225000000,258226000000,5284590000,23970000,390000,4000000,200000
1791427259,772469380,2880,1747767917,D,N,8322000000000,8321999000000,8321952000000,8321910000000,8321901000000,5271000,49000,8000,7000,7000,8322001000000,8322056000000,8322152000000,8322153000000,8322157000000,966134000,8000,7500000,478359000,24000
1791427259,773267048,2881,1617942128,D,N,258196000000,258195000000,258193000000,258192000000,258191000000,2110000,600000,860000,300000,200000,258197000000,258198000000,258199000000,258200000000,258203000000,4913180000,2101360000,1578490000,536850000,4000000
1791427259,774076667,2882,1617942128,S,N,258196000000,258195000000,258193000000,258192000000,258191000000,2110000,600000,860000,300000,200000,258197000000,258198000000,258199000000,258200000000,258203000000,4913180000,2101360000,1578490000,536850000,4000000
1791427259,868747753,2883,1747767917,D,N,8321800000000,8321799000000,8321798000000,8321704000000,8321601000000,7950000,62000,13000,8000,7000,8321801000000,8321802000000,8321803000000,8321901000000,8321910000000,990767000,23000,13000,247258000,14000
1791427259,878309078,2884,1617942128,D,N,258196000000,258193000000,258192000000,258191000000,258180000000,410000,400000,300000,200000,440000,258197000000,258198000000,258199000000,258200000000,258203000000,5033990000,23970000,1167590000,536850000,4000000
1791427259,879512041,2885,1617942128,S,N,258196000000,258193000000,258192000000,258191000000,258180000000,410000,400000,300000,200000,440000,258197000000,258198000000,258199000000,258200000000,258203000000,5033990000,23970000,1167590000,536850000,4000000
1791427259,957933792,2886,1747767917,D,N,8321600000000,8321599000000,8321598000000,8321546000000,8321484000000,7901000,69000,13000,8000,7000,8321601000000,8321602000000,8321603000000,8321735000000,8321753000000,872403000,13000,13000,1716000,400000
1791427259,959444687,2887,1617942128,D,N,258196000000,258195000000,258193000000,258192000000,258191000000,610000,200000,400000,300000,200000,258197000000,258198000000,258199000000,258200000000,258203000000,5072730000,23970000,1167590000,536850000,11740000
1791427259,960379655,2888,1617942128,S,N,258196000000,258195000000,258193000000,258192000000,258191000000,610000,200000,400000,300000,200000,258197000000,258198000000,258199000000,258200000000,258203000000,5072730000,23970000,1167590000,536850000,11740000
1791427260,63583911,2889,1747767917,D,N,8321400000000,8321338000000,8321320000000,8321280000000,8321226000000,23952000,7000,7000,7000,7000,8321401000000,8321403000000,8321484000000,8321493000000,8321547000000,576233000,2908000,14000,9575000,35594000
1791427260,64349707,2890,1617942128,D,N,258196000000,258195000000,258193000000,258192000000,258191000000,610000,200000,400000,300000,200000,258197000000,258198000000,258199000000,258200000000,258203000000,5072730000,23970000,1167590000,536850000,11740000
1791427260,64889194,2891,1617942128,S,N,258196000000,258195000000,258193000000,258192000000,258191000000,610000,200000,400000,300000,200000,258197000000,258198000000,258199000000,258200000000,258203000000,5072730000,23970000,1167590000,536850000,11740000
1791427260,163030897,2892,1747767917,D,N,8321400000000,8321399000000,8321338000000,8321320000000,8321280000000,24953000,49000,7000,7000,7000,8321401000000,8321402000000,8321403000000,8321484000000,8321493000000,672900000,13000,2928000,14000,7000
1791427260,164417317,2893,1617942128,D,N,258196000000,258195000000,258193000000,258192000000,258191000000,810000,200000,400000,300000,200000,258197000000,258198000000,258199000000,258200000000,258203000000,5033990000,23970000,1167590000,536850000,4000000
1791427260,166424848,2894,1617942128,S,N,258196000000,258195000000,258193000000,258192000000,258191000000,810000,200000,400000,300000,200000,258197000000,258198000000,258199000000,258200000000,258203000000,5033990000,23970000,1167590000,536850000,4000000
1791427260,258375079,2895,1747767917,D,N,8321200000000,8321199000000,8321100000000,8321058000000,8321001000000,9484000,49000,1000000,7000,7000,8321201000000,8321202000000,8321203000000,8321223000000,8321265000000,736459000,13000,13000,1502000,8000
1791427260,259748089,2896,1617942128,D,N,258191000000,258190000000,258189000000,258181000000,258180000000,1900000,1190000,390000,9380000,420000,258192000000,258193000000,258194000000,258195000000,258196000000,7909550000,830000,390000,50000000,1827780000
1791427260,260754090,2897,1617942128,S,N,258191000000,258190000000,258189000000,258181000000,258180000000,1900000,1190000,390000,9380000,420000,258192000000,258193000000,258194000000,258195000000,258196000000,7909550000,830000,390000,50000000,1827780000
1791427260,376856775,2898,1747767917,D,N,8321000000000,8320999000000,8320880000000,8320821000000,8320801000000,6993000,35000,7000,7000,7000,8321001000000,8321002000000,8321003000000,8321058000000,8321101000000,1122926000,13000,13000,14000,38895000
1791427260,378408870,2899,1617942128,D,N,258177000000,258176000000,258175000000,258172000000,258167000000,48310000,700000,780000,200000,200000,258178000000,258179000000,258180000000,258181000000,258185000000,10592480000,85840000,590000,4000000,39310000
1791427260,379239382,2900,1617942128,S,N,258177000000,258176000000,258175000000,258172000000,258167000000,48310000,700000,780000,200000,200000,258178000000,258179000000,258180000000,258181000000,258185000000,10592480000,85840000,590000,4000000,39310000
1791427260,443671581,2901,1747767917,D,N,8320800000000,8320799000000,8320794000000,8320632000000,8320604000000,8921000,49000,7000,7000,7000,8320801000000,8320802000000,8320803000000,8320854000000,8320917000000,946990000,13000,13000,8000,400000
1791427260,444708384,2902,1617942128,D,N,258177000000,258176000000,258175000000,258172000000,258167000000,48310000,700000,780000,200000,200000,258178000000,258179000000,258180000000,258181000000,258185000000,10607010000,85840000,830000,4000000,39310000
1791427260,445474277,2903,1617942128,S,N,258177000000,258176000000,258175000000,258172000000,258167000000,48310000,700000,780000,200000,200000,258178000000,258179000000,258180000000,258181000000,258185000000,10607010000,85840000,830000,4000000,39310000
1791427261,221215847,2904,1747767917,D,N,8320800000000,8320799000000,8320794000000,8320632000000,8320604000000,45469000,49000,7000,7000,7000,8320801000000,8320802000000,8320803000000,8320854000000,8320917000000,965334000,13000,13000,8000,400000
1791427261,222215629,2905,1617942128,D,N,258177000000,258176000000,258175000000,258172000000,258167000000,239150000,700000,780000,200000,200000,258178000000,258179000000,258180000000,258181000000,258185000000,10384690000,85840000,830000,4000000,39310000
1791427261,223059355,2906,1617942128,S,N,258177000000,258176000000,258175000000,258172000000,258167000000,239150000,700000,780000,200000,200000,258178000000,258179000000,258180000000,258181000000,258185000000,10384690000,85840000,830000,4000000,39310000
1791427261,224624568,2907,1747767917,D,N,8320800000000,8320799000000,8320794000000,8320632000000,8320604000000,63814000,63000,7000,7000,7000,8320801000000,8320802000000,8320803000000,8320854000000,8320917000000,966978000,13000,13000,8000,400000
1791427261,225745325,2908,1617942128,D,N,258177000000,258176000000,258175000000,258172000000,258167000000,581850000,700000,780000,200000,200000,258178000000,258179000000,258180000000,258181000000,258184000000,9845110000,85840000,830000,4000000,420000
1791427261,226662026,2909,1617942128,S,N,258177000000,258176000000,258175000000,258172000000,258167000000,581850000,700000,780000,200000,200000,258178000000,258179000000,258180000000,258181000000,258184000000,9845110000,85840000,830000,4000000,420000
1791427261,346106191,2910,1747767917,D,N,8320800000000,8320799000000,8320794000000,8320632000000,8320604000000,45462000,49000,7000,7000,7000,8320801000000,8320802000000,8320803000000,8320854000000,8320917000000,968957000,13000,13000,8000,400000
1791427261,348659330,2911,1617942128,D,N,258177000000,258176000000,258175000000,258167000000,258166000000,24160000,700000,780000,200000,3330000,258178000000,258179000000,258180000000,258181000000,258184000000,9845110000,85840000,830000,4000000,420000
1791427261,351130070,2912,1617942128,S,N,258177000000,258176000000,258175000000,258167000000,258166000000,24160000,700000,780000,200000,3330000,258178000000,258179000000,258180000000,258181000000,258184000000,9845110000,85840000,830000,4000000,420000
1791427261,356086901,2913,1747767917,D,N,8320800000000,8320799000000,8320794000000,8320632000000,8320604000000,27011000,49000,7000,7000,7000,8320801000000,8320802000000,8320803000000,8320854000000,8320917000000,969700000,13000,13000,8000,400000
1791427261,358811836,2914,1617942128,D,N,258177000000,258176000000,258175000000,258167000000,258166000000,24160000,700000,780000,200000,3330000,258178000000,258179000000,258180000000,258181000000,258184000000,9845110000,85840000,830000,4000000,420000
1791427261,465006301,2915,1617942128,S,N,258177000000,258176000000,258175000000,258167000000,258166000000,24160000,700000,780000,200000,3330000,258178000000,258179000000,258180000000,258181000000,258184000000,9845110000,85840000,830000,4000000,420000
1791427261,470851946,2916,1747767917,D,N,8320800000000,8320799000000,8320794000000,8320632000000,8320604000000,27018000,49000,7000,7000,7000,8320801000000,8320802000000,8320803000000,8320854000000,8320917000000,968527000,13000,13000,8000,400000
1791427261,473273128,2917,1617942128,D,N,258177000000,258176000000,258175000000,258167000000,258166000000,24160000,700000,980000,200000,3330000,258178000000,258179000000,258180000000,258181000000,258185000000,9922580000,85840000,830000,4000000,39310000
1791427261,475578096,2918,1617942128,S,N,258177000000,258176000000,258175000000,258167000000,258166000000,24160000,700000,980000,200000,3330000,258178000000,258179000000,258180000000,258181000000,258185000000,9922580000,85840000,830000,4000000,39310000
1791427261,480290642,2919,1747767917,D,N,8320800000000,8320799000000,8320794000000,8320632000000,8320604000000,27025000,49000,7000,7000,7000,8320801000000,8320802000000,8320803000000,8320854000000,8320917000000,968920000,13000,13000,8000,400000
1791427261,482926181,2920,1617942128,D,N,258177000000,258176000000,258175000000,258167000000,258166000000,24160000,700000,980000,200000,3330000,258178000000,258179000000,258180000000,258181000000,258185000000,9922580000,85840000,830000,4000000,39310000
1791427261,485020581,2921,1617942128,S,N,258177000000,258176000000,258175000000,258167000000,258166000000,24160000,700000,980000,200000,3330000,258178000000,258179000000,258180000000,258181000000,258185000000,9922580000,85840000,830000,4000000,39310000
1791427261,487048517,2922,1747767917,S,N,8320800000000,8320799000000,8320794000000,8320632000000,8320604000000,27025000,49000,7000,7000,7000,8320801000000,8320802000000,8320803000000,8320854000000,8320917000000,968920000,13000,13000,8000,400000
1791427261,489289741,2923,1747767917,D,N,8320800000000,8320799000000,8320794000000,8320632000000,8320604000000,27025000,49000,7000,7000,7000,8320801000000,8320802000000,8320803000000,8320854000000,8320917000000,968920000,13000,13000,8000,400000
1791427261,491536310,2924,1617942128,D,N,258177000000,258176000000,258175000000,258167000000,258166000000,24160000,700000,980000,200000,3330000,258178000000,258179000000,258180000000,258181000000,258185000000,9922580000,85840000,830000,4000000,39310000
1791427261,494036005,2925,1617942128,S,N,258177000000,258176000000,258175000000,258167000000,258166000000,24160000,700000,980000,200000,3330000,258178000000,258179000000,258180000000,258181000000,258185000000,9922580000,85840000,830000,4000000,39310000
1791427261,497964293,2926,1747767917,D,N,8320800000000,8320799000000,8320798000000,8320794000000,8320632000000,27038000,62000,13000,7000,7000,8320801000000,8320802000000,8320803000000,8320854000000,8320917000000,968397000,13000,13000,8000,400000
1791427261,499543887,2927,1617942128,D,N,258177000000,258176000000,258175000000,258167000000,258165000000,24160000,700000,980000,200000,420000,258178000000,258179000000,258180000000,258181000000,258185000000,9922580000,85840000,830000,4000000,39310000
1791427261,500935943,2928,1617942128,S,N,258177000000,258176000000,258175000000,258167000000,258165000000,24160000,700000,980000,200000,420000,258178000000,258179000000,258180000000,258181000000,258185000000,9922580000,85840000,830000,4000000,39310000
1791427261,502939684,2929,1747767917,D,N,8320800000000,8320799000000,8320798000000,8320794000000,8320632000000,27048000,62000,13000,7000,7000,8320801000000,8320802000000,8320803000000,8320854000000,8320917000000,968397000,13000,13000,8000,400000
1791427261,504479535,2930,1617942128,D,N,258177000000,258176000000,258175000000,258167000000,258165000000,24160000,700000,980000,200000,420000,258178000000,258179000000,258180000000,258181000000,258185000000,9972580000,85840000,830000,4000000,39310000
1791427261,506004617,2931,1617942128,S,N,258177000000,258176000000,258175000000,258167000000,258165000000,24160000,700000,980000,200000,420000,258178000000,258179000000,258180000000,258181000000,258185000000,9972580000,85840000,830000,4000000,39310000
1791427261,508346995,2932,1747767917,D,N,8320800000000,8320799000000,8320798000000,8320794000000,8320632000000,43825000,62000,13000,7000,7000,8320801000000,8320802000000,8320803000000,8320854000000,8320917000000,970407000,13000,13000,8000,400000
1791427261,509935917,2933,1617942128,D,N,258177000000,258176000000,258175000000,258167000000,258165000000,24550000,1090000,1370000,200000,420000,258178000000,258179000000,258180000000,258181000000,258185000000,9972580000,85840000,830000,4000000,39310000
1791427261,511581781,2934,1617942128,S,N,258177000000,258176000000,258175000000,258167000000,258165000000,24550000,1090000,1370000,200000,420000,258178000000,258179000000,258180000000,258181000000,258185000000,9972580000,85840000,830000,4000000,39310000
1791427261,531352942,2935,1747767917,D,N,8320800000000,8320799000000,8320798000000,8320794000000,8320632000000,43832000,62000,13000,7000,7000,8320801000000,8320802000000,8320803000000,8320854000000,8320917000000,970988000,13000,13000,8000,400000
1791427261,532855869,2936,1617942128,D,N,258177000000,258176000000,258175000000,258167000000,258165000000,24550000,1090000,1370000,200000,420000,258178000000,258179000000,258180000000,258181000000,258182000000,9972580000,85840000,830000,4000000,200000
1791427261,534069521,2937,1617942128,S,N,258177000000,258176000000,258175000000,258167000000,258165000000,24550000,1090000,1370000,200000,420000,258178000000,258179000000,258180000000,258181000000,258182000000,9972580000,85840000,830000,4000000,200000
1791427261,641126466,2938,1747767917,S,N,8320800000000,8320799000000,8320798000000,8320794000000,8320632000000,43832000,62000,13000,7000,7000,8320801000000,8320802000000,8320803000000,8320854000000,8320917000000,970988000,13000,13000,8000,400000
1791427261,642754062,2939,1747767917,D,N,8320800000000,8320799000000,8320798000000,8320794000000,8320632000000,43832000,62000,13000,7000,7000,8320801000000,8320802000000,8320803000000,8320854000000,8320917000000,970988000,13000,13000,8000,400000
1791427261,644366597,2940,1617942128,D,N,258177000000,258176000000,258175000000,258167000000,258165000000,1224550000,1090000,1370000,200000,420000,258178000000,258179000000,258180000000,258181000000,258182000000,9972580000,85840000,830000,4000000,200000
1791427261,645611635,2941,1617942128,S,N,258177000000,258176000000,258175000000,258167000000,258165000000,1224550000,1090000,1370000,200000,420000,258178000000,258179000000,258180000000,258181000000,258182000000,9972580000,85840000,830000,4000000,200000
1791427261,727496035,2942,1747767917,D,N,8320800000000,8320799000000,8320798000000,8320794000000,8320632000000,63801000,62000,13000,7000,7000,8320801000000,8320802000000,8320803000000,8320854000000,8320917000000,970748000,13000,13000,8000,400000
1791427261,728942895,2943,1617942128,D,N,258177000000,258176000000,258175000000,258167000000,258165000000,1454060000,1090000,1370000,200000,420000,258178000000,258179000000,258180000000,258181000000,258182000000,9972580000,85840000,830000,4000000,200000
1791427261,730292488,2944,1617942128,S,N,258177000000,258176000000,258175000000,258167000000,258165000000,1454060000,1090000,1370000,200000,420000,258178000000,258179000000,258180000000,258181000000,258182000000,9972580000,85840000,830000,4000000,200000
1791427261,844722394,2945,1747767917,D,N,8320800000000,8320799000000,8320798000000,8320794000000,8320632000000,63808000,62000,13000,7000,7000,8320801000000,8320802000000,8320803000000,8320854000000,8320917000000,972181000,13000,13000,8000,400000
1791427261,846179068,2946,1617942128,D,N,258177000000,258176000000,258175000000,258167000000,258165000000,1454060000,1090000,1370000,200000,220000,258178000000,258179000000,258180000000,258181000000,258182000000,9833840000,85840000,830000,4000000,200000
1791427261,848816842,2947,1617942128,S,N,258177000000,258176000000,258175000000,258167000000,258165000000,1454060000,1090000,1370000,200000,220000,258178000000,258179000000,258180000000,258181000000,258182000000,9833840000,85840000,830000,4000000,200000
1791427261,901159550,2948,1747767917,D,N,8320800000000,8320799000000,8320798000000,8320794000000,8320632000000,63808000,62000,13000,7000,7000,8320801000000,8320802000000,8320803000000,8320854000000,8320917000000,974585000,13000,13000,8000,400000
1791427261,920535521,2949,1617942128,D,N,258177000000,258176000000,258175000000,258167000000,258165000000,1454060000,1090000,1370000,200000,220000,258178000000,258179000000,258180000000,258181000000,258182000000,9833840000,85840000,830000,4000000,200000
1791427261,922788308,2950,1617942128,S,N,258177000000,258176000000,258175000000,258167000000,258165000000,1454060000,1090000,1370000,200000,220000,258178000000,258179000000,258180000000,258181000000,258182000000,9833840000,85840000,830000,4000000,200000
1791427261,999086313,2951,1747767917,D,N,8320800000000,8320799000000,8320798000000,8320794000000,8320632000000,63801000,62000,13000,7000,7000,8320801000000,8320802000000,8320803000000,8320854000000,8320917000000,974428000,13000,13000,8000,400000
1791427262,2029104,2952,1617942128,D,N,258177000000,258176000000,258175000000,258167000000,258166000000,3314680000,1090000,1170000,200000,7160000,258178000000,258179000000,258180000000,258181000000,258182000000,6176630000,23970000,830000,4000000,200000
1791427262,5411394,2953,1617942128,S,N,258177000000,258176000000,258175000000,258167000000,258166000000,3314680000,1090000,1170000,200000,7160000,258178000000,258179000000,258180000000,258181000000,258182000000,6176630000,23970000,830000,4000000,200000
1791427262,97424008,2954,1747767917,D,N,8320800000000,8320799000000,8320798000000,8320794000000,8320632000000,60910000,76000,13000,7000,7000,8320801000000,8320802000000,8320803000000,8320854000000,8320916000000,975181000,13000,13000,8000,601000
1791427262,98819660,2955,1617942128,D,N,258177000000,258176000000,258175000000,258167000000,258166000000,2948180000,1290000,1170000,200000,7160000,258178000000,258179000000,258180000000,258181000000,258182000000,6165430000,23970000,830000,4000000,200000
1791427262,100440162,2956,1617942128,S,N,258177000000,258176000000,258175000000,258167000000,258166000000,2948180000,1290000,1170000,200000,7160000,258178000000,258179000000,258180000000,258181000000,258182000000,6165430000,23970000,830000,4000000,200000
1791427262,192058461,2957,1747767917,D,N,8320800000000,8320799000000,8320798000000,8320794000000,8320632000000,60903000,69000,13000,7000,7000,8320801000000,8320802000000,8320803000000,8320854000000,8320916000000,975181000,13000,13000,8000,601000
1791427262,193473546,2958,1617942128,D,N,258177000000,258176000000,258175000000,258174000000,258173000000,2932200000,1490000,1170000,420000,33850000,258178000000,258179000000,258180000000,258181000000,258182000000,6165430000,23970000,830000,4000000,200000
1791427262,194206985,2959,1617942128,S,N,258177000000,258176000000,258175000000,258174000000,258173000000,2932200000,1490000,1170000,420000,33850000,258178000000,258179000000,258180000000,258181000000,258182000000,6165430000,23970000,830000,4000000,200000
1791427262,288880208,2960,1747767917,D,N,8320800000000,8320799000000,8320798000000,8320794000000,8320632000000,43751000,69000,13000,7000,7000,8320801000000,8320802000000,8320803000000,8320854000000,8320916000000,975181000,13000,13000,8000,601000
1791427262,289822659,2961,1617942128,D,N,258177000000,258176000000,258175000000,258174000000,258173000000,2932400000,1690000,1170000,420000,33850000,258178000000,258179000000,258180000000,258181000000,258182000000,6193730000,24390000,45780000,4000000,200000
1791427262,290740331,2962,1617942128,S,N,258177000000,258176000000,258175000000,258174000000,258173000000,2932400000,1690000,1170000,420000,33850000,258178000000,258179000000,258180000000,258181000000,258182000000,6193730000,24390000,45780000,4000000,200000
1791427262,386722725,2963,1747767917,D,N,8320800000000,8320799000000,8320798000000,8320794000000,8320632000000,43758000,69000,13000,7000,7000,8320801000000,8320802000000,8320803000000,8320854000000,8320916000000,975181000,13000,13000,8000,601000
1791427262,387808016,2964,1617942128,D,N,258177000000,258176000000,258175000000,258174000000,258173000000,2932400000,1490000,1170000,420000,33850000,258178000000,258179000000,258180000000,258181000000,258182000000,6213110000,24390000,45780000,4000000,200000
1791427262,388899331,2965,1617942128,S,N,258177000000,258176000000,258175000000,258174000000,258173000000,2932400000,1490000,1170000,420000,33850000,258178000000,258179000000,258180000000,258181000000,258182000000,6213110000,24390000,45780000,4000000,200000
1791427262,483792741,2966,1747767917,D,N,8320800000000,8320799000000,8320798000000,8320794000000,8320632000000,60293000,69000,13000,7000,7000,8320801000000,8320802000000,8320803000000,8320854000000,8320916000000,975181000,13000,13000,8000,601000
1791427262,484898632,2967,1617942128,D,N,258177000000,258176000000,258175000000,258174000000,258173000000,2932400000,1490000,1170000,420000,33850000,258178000000,258179000000,258180000000,258181000000,258182000000,6213110000,24390000,45780000,4000000,200000
1791427262,485972845,2968,1617942128,S,N,258177000000,258176000000,258175000000,258174000000,258173000000,2932400000,1490000,1170000,420000,33850000,258178000000,258179000000,258180000000,258181000000,258182000000,6213110000,24390000,45780000,4000000,200000
1791427262,582660401,2969,1747767917,S,N,8320800000000,8320799000000,8320798000000,8320794000000,8320632000000,60293000,69000,13000,7000,7000,8320801000000,8320802000000,8320803000000,8320854000000,8320916000000,975181000,13000,13000,8000,601000
1791427262,583994835,2970,1747767917,D,N,8320800000000,8320799000000,8320798000000,8320794000000,8320632000000,60293000,69000,13000,7000,7000,8320801000000,8320802000000,8320803000000,8320854000000,8320916000000,975181000,13000,13000,8000,601000
1791427262,584840893,2971,1617942128,D,N,258177000000,258176000000,258175000000,258174000000,258173000000,2971140000,1490000,1170000,420000,34050000,258178000000,258179000000,258180000000,258181000000,258182000000,6213110000,24390000,45780000,4000000,200000
1791427262,585714839,2972,1617942128,S,N,258177000000,258176000000,258175000000,258174000000,258173000000,2971140000,1490000,1170000,420000,34050000,258178000000,258179000000,258180000000,258181000000,258182000000,6213110000,24390000,45780000,4000000,200000
1791427262,677429433,2973,1747767917,D,N,8320800000000,8320799000000,8320798000000,8320794000000,8320632000000,60300000,69000,13000,7000,7000,8320801000000,8320802000000,8320803000000,8320854000000,8320917000000,975782000,13000,13000,8000,400000
1791427262,678986776,2974,1617942128,D,N,258177000000,258176000000,258175000000,258174000000,258173000000,2970940000,1490000,1170000,420000,34050000,258178000000,258179000000,258180000000,258181000000,258182000000,6213110000,24390000,45780000,4000000,200000
1791427262,680187310,2975,1617942128,S,N,258177000000,258176000000,258175000000,258174000000,258173000000,2970940000,1490000,1170000,420000,34050000,258178000000,258179000000,258180000000,258181000000,258182000000,6213110000,24390000,45780000,4000000,200000
1791427262,774419090,2976,1747767917,S,N,8320800000000,8320799000000,8320798000000,8320794000000,8320632000000,60300000,69000,13000,7000,7000,8320801000000,8320802000000,8320803000000,8320854000000,8320917000000,975782000,13000,13000,8000,400000
1791427262,775596984,2977,1747767917,D,N,8320800000000,8320799000000,8320798000000,8320794000000,8320632000000,60300000,69000,13000,7000,7000,8320801000000,8320802000000,8320803000000,8320854000000,8320917000000,975782000,13000,13000,8000,400000
1791427262,776445763,2978,1617942128,D,N,258177000000,258176000000,258175000000,258174000000,258173000000,2971140000,1690000,1170000,420000,34050000,258178000000,258179000000,258180000000,258181000000,258182000000,6781160000,24390000,45780000,4000000,200000
1791427262,777186489,2979,1617942128,S,N,258177000000,258176000000,258175000000,258174000000,258173000000,2971140000,1690000,1170000,420000,34050000,258178000000,258179000000,258180000000,258181000000,258182000000,6781160000,24390000,45780000,4000000,200000
1791427262,872060854,2980,1747767917,D,N,8320800000000,8320799000000,8320798000000,8320794000000,8320632000000,45069000,69000,13000,7000,7000,8320801000000,8320802000000,8320803000000,8320854000000,8320917000000,992170000,13000,13000,8000,400000
1791427262,872745610,2981,1617942128,D,N,258177000000,258176000000,258175000000,258174000000,258173000000,2971140000,1690000,1170000,420000,34050000,258178000000,258179000000,258180000000,258181000000,258182000000,6781160000,24390000,45780000,4000000,200000
1791427262,873375660,2982,1617942128,S,N,258177000000,258176000000,258175000000,258174000000,258173000000,2971140000,1690000,1170000,420000,34050000,258178000000,258179000000,258180000000,258181000000,258182000000,6781160000,24390000,45780000,4000000,200000
1791427262,969397699,2983,1747767917,D,N,8320800000000,8320799000000,8320798000000,8320794000000,8320632000000,45069000,69000,13000,7000,7000,8320801000000,8320802000000,8320803000000,8320854000000,8320917000000,992410000,13000,13000,8000,400000
1791427262,970573649,2984,1617942128,D,N,258177000000,258176000000,258175000000,258174000000,258173000000,2970940000,1490000,1170000,420000,34050000,258178000000,258179000000,258180000000,258181000000,258182000000,6781160000,24390000,45780000,4000000,200000
1791427262,971479759,2985,1617942128,S,N,258177000000,258176000000,258175000000,258174000000,258173000000,2970940000,1490000,1170000,420000,34050000,258178000000,258179000000,258180000000,258181000000,258182000000,6781160000,24390000,45780000,4000000,200000
1791427263,69904518,2986,1747767917,D,N,8320800000000,8320799000000,8320798000000,8320794000000,8320632000000,64918000,76000,13000,7000,7000,8320801000000,8320802000000,8320803000000,8320854000000,8320917000000,992403000,13000,13000,8000,400000
1791427263,71052677,2987,1617942128,D,N,258177000000,258176000000,258175000000,258174000000,258173000000,2971140000,1490000,1170000,420000,34050000,258178000000,258179000000,258180000000,258181000000,258182000000,6781160000,24390000,45780000,4000000,415530000
1791427263,72052653,2988,1617942128,S,N,258177000000,258176000000,258175000000,258174000000,258173000000,2971140000,1490000,1170000,420000,34050000,258178000000,258179000000,258180000000,258181000000,258182000000,6781160000,24390000,45780000,4000000,415530000
1791427263,163147011,2989,1747767917,D,N,8320800000000,8320799000000,8320798000000,8320794000000,8320632000000,64932000,83000,13000,7000,7000,8320801000000,8320802000000,8320803000000,8320854000000,8320917000000,992403000,13000,13000,8000,400000
1791427263,164297211,2990,1617942128,D,N,258177000000,258176000000,258175000000,258174000000,258173000000,2970940000,1490000,1170000,420000,34050000,258178000000,258179000000,258180000000,258181000000,258182000000,6781160000,24390000,45780000,4420000,415530000
1791427263,165187774,2991,1617942128,S,N,258177000000,258176000000,258175000000,258174000000,258173000000,2970940000,1490000,1170000,420000,34050000,258178000000,258179000000,258180000000,258181000000,258182000000,6781160000,24390000,45780000,4420000,415530000
1791427263,260334700,2992,1747767917,S,N,8320800000000,8320799000000,8320798000000,8320794000000,8320632000000,64932000,83000,13000,7000,7000,8320801000000,8320802000000,8320803000000,8320854000000,8320917000000,992403000,13000,13000,8000,400000
1791427263,261522408,2993,1747767917,D,N,8320800000000,8320799000000,8320798000000,8320794000000,8320632000000,64932000,83000,13000,7000,7000,8320801000000,8320802000000,8320803000000,8320854000000,8320917000000,992403000,13000,13000,8000,400000
1791427263,265262186,2994,1617942128,D,N,258177000000,258176000000,258175000000,258174000000,258173000000,2970940000,1490000,1170000,420000,34050000,258178000000,258179000000,258180000000,258181000000,258182000000,6781160000,24390000,45780000,4420000,415530000
1791427263,266486916,2995,1617942128,S,N,258177000000,258176000000,258175000000,258174000000,258173000000,2970940000,1490000,1170000,420000,34050000,258178000000,258179000000,258180000000,258181000000,258182000000,6781160000,24390000,45780000,4420000,415530000
1791427263,360964633,2996,1747767917,D,N,8320800000000,8320799000000,8320798000000,8320794000000,8320632000000,64932000,83000,13000,7000,7000,8320801000000,8320802000000,8320803000000,8320854000000,8320917000000,989339000,13000,13000,8000,400000
1791427263,361981613,2997,1617942128,D,N,258177000000,258176000000,258175000000,258174000000,258173000000,1770540000,1490000,1170000,420000,34050000,258178000000,258179000000,258180000000,258181000000,258182000000,6213110000,24390000,45780000,4420000,415530000
1791427263,362968762,2998,1617942128,S,N,258177000000,258176000000,258175000000,258174000000,258173000000,1770540000,1490000,1170000,420000,34050000,258178000000,258179000000,258180000000,258181000000,258182000000,6213110000,24390000,45780000,4420000,415530000
1791427263,460030422,2999,1747767917,S,N,8320800000000,8320799000000,8320798000000,8320794000000,8320632000000,64932000,83000,13000,7000,7000,8320801000000,8320802000000,8320803000000,8320854000000,8320917000000,989339000,13000,13000,8000,400000
1791427263,461173432,3000,1747767917,D,N,8320800000000,8320799000000,8320798000000,8320794000000,8320632000000,64932000,83000,13000,7000,7000,8320801000000,8320802000000,8320803000000,8320854000000,8320917000000,989339000,13000,13000,8000,400000
1791427263,552835262,3001,1747767917,D,N,8320800000000,8320799000000,8320798000000,8320794000000,8320632000000,64932000,83000,13000,7000,7000,8320801000000,8320802000000,8320803000000,8320854000000,8320917000000,991743000,13000,13000,8000,400000
1791427263,553763818,3002,1617942128,D,N,258177000000,258176000000,258175000000,258174000000,258173000000,2069780000,1490000,1170000,420000,34050000,258178000000,258179000000,258180000000,258181000000,258182000000,6213110000,24390000,45780000,4420000,415530000
1791427263,554623092,3003,1617942128,S,N,258177000000,258176000000,258175000000,258174000000,258173000000,2069780000,1490000,1170000,420000,34050000,258178000000,258179000000,258180000000,258181000000,258182000000,6213110000,24390000,45780000,4420000,415530000
1791427263,658542226,3004,1747767917,S,N,8320800000000,8320799000000,8320798000000,8320794000000,8320632000000,64932000,83000,13000,7000,7000,8320801000000,8320802000000,8320803000000,8320854000000,8320917000000,991743000,13000,13000,8000,400000
1791427263,659603224,3005,1747767917,D,N,8320800000000,8320799000000,8320798000000,8320794000000,8320632000000,64932000,83000,13000,7000,7000,8320801000000,8320802000000,8320803000000,8320854000000,8320917000000,991743000,13000,13000,8000,400000
1791427263,660786073,3006,1617942128,D,N,258177000000,258176000000,258175000000,258174000000,258173000000,1876000000,1490000,1170000,420000,34050000,258178000000,258179000000,258180000000,258181000000,258182000000,6213110000,24390000,45780000,4420000,415530000
1791427263,661671874,3007,1617942128,S,N,258177000000,258176000000,258175000000,258174000000,258173000000,1876000000,1490000,1170000,420000,34050000,258178000000,258179000000,258180000000,258181000000,258182000000,6213110000,24390000,45780000,4420000,415530000
1791427263,748418948,3008,1747767917,D,N,8320800000000,8320799000000,8320798000000,8320794000000,8320632000000,64932000,76000,13000,7000,7000,8320801000000,8320802000000,8320803000000,8320854000000,8320917000000,991750000,13000,13000,8000,400000
1791427263,750087939,3009,1617942128,D,N,258177000000,258176000000,258175000000,258174000000,258173000000,1876000000,1490000,1170000,420000,34050000,258178000000,258179000000,258180000000,258181000000,258182000000,6602490000,24390000,45780000,4420000,415530000
1791427263,751889663,3010,1617942128,S,N,258177000000,258176000000,258175000000,258174000000,258173000000,1876000000,1490000,1170000,420000,34050000,258178000000,258179000000,258180000000,258181000000,258182000000,6602490000,24390000,45780000,4420000,415530000
1791427263,845215625,3011,1747767917,D,N,8320800000000,8320799000000,8320798000000,8320794000000,8320632000000,45076000,69000,13000,7000,7000,8320801000000,8320802000000,8320803000000,8320854000000,8320917000000,994745000,13000,13000,8000,400000
1791427263,847045529,3012,1617942128,D,N,258177000000,258176000000,258175000000,258174000000,258173000000,1457610000,1490000,1170000,420000,34050000,258178000000,258179000000,258180000000,258181000000,258182000000,6602490000,24390000,45780000,4420000,307040000
1791427263,849138763,3013,1617942128,S,N,258177000000,258176000000,258175000000,258174000000,258173000000,1457610000,1490000,1170000,420000,34050000,258178000000,258179000000,258180000000,258181000000,258182000000,6602490000,24390000,45780000,4420000,307040000
1791427263,950376591,3014,1747767917,D,N,8320800000000,8320799000000,8320798000000,8320794000000,8320632000000,62752000,62000,13000,7000,7000,8320801000000,8320802000000,8320803000000,8320854000000,8320917000000,996550000,13000,13000,8000,400000
1791427263,952545812,3015,1617942128,D,N,258177000000,258176000000,258175000000,258174000000,258173000000,1903330000,1290000,1170000,420000,34050000,258178000000,258179000000,258180000000,258181000000,258182000000,6602490000,24390000,45780000,4420000,307040000
1791427263,954785870,3016,1617942128,S,N,258177000000,258176000000,258175000000,258174000000,258173000000,1903330000,1290000,1170000,420000,34050000,258178000000,258179000000,258180000000,258181000000,258182000000,6602490000,24390000,45780000,4420000,307040000
1791427264,38859606,3017,1747767917,D,N,8320800000000,8320799000000,8320798000000,8320794000000,8320632000000,62759000,69000,13000,7000,7000,8320801000000,8320802000000,8320803000000,8320854000000,8320917000000,996550000,13000,13000,8000,400000
1791427264,41752354,3018,1617942128,D,N,258177000000,258176000000,258175000000,258174000000,258173000000,2270030000,1290000,1170000,420000,34050000,258178000000,258179000000,258180000000,258181000000,258182000000,6602490000,24390000,45780000,4420000,307040000
1791427264,43778055,3019,1617942128,S,N,258177000000,258176000000,258175000000,258174000000,258173000000,2270030000,1290000,1170000,420000,34050000,258178000000,258179000000,258180000000,258181000000,258182000000,6602490000,24390000,45780000,4420000,307040000
1791427264,142315045,3020,1747767917,D,N,8320800000000,8320799000000,8320798000000,8320794000000,8320632000000,62766000,69000,13000,7000,7000,8320801000000,8320802000000,8320803000000,8320854000000,8320917000000,996550000,13000,13000,8000,400000
1791427264,144924932,3021,1617942128,D,N,258177000000,258176000000,258175000000,258174000000,258173000000,1903330000,1290000,1170000,420000,34050000,258178000000,258179000000,258180000000,258181000000,258182000000,6602490000,24390000,45780000,4420000,307040000
1791427264,147107854,3022,1617942128,S,N,258177000000,258176000000,258175000000,258174000000,258173000000,1903330000,1290000,1170000,420000,34050000,258178000000,258179000000,258180000000,258181000000,258182000000,6602490000,24390000,45780000,4420000,307040000
1791427264,235351247,3023,1747767917,S,N,8320800000000,8320799000000,8320798000000,8320794000000,8320632000000,62766000,69000,13000,7000,7000,8320801000000,8320802000000,8320803000000,8320854000000,8320917000000,996550000,13000,13000,8000,400000
1791427264,237394341,3024,1747767917,D,N,8320800000000,8320799000000,8320798000000,8320794000000,8320632000000,62766000,69000,13000,7000,7000,8320801000000,8320802000000,8320803000000,8320854000000,8320917000000,996550000,13000,13000,8000,400000
1791427264,238530646,3025,1617942128,D,N,258177000000,258176000000,258175000000,258174000000,258173000000,1903330000,1290000,1170000,420000,34050000,258178000000,258179000000,258180000000,258181000000,258182000000,6602490000,24390000,45780000,4420000,307040000
1791427264,239521779,3026,1617942128,S,N,258177000000,258176000000,258175000000,258174000000,258173000000,1903330000,1290000,1170000,420000,34050000,258178000000,258179000000,258180000000,258181000000,258182000000,6602490000,24390000,45780000,4420000,307040000
1791427264,335503298,3027,1747767917,S,N,8320800000000,8320799000000,8320798000000,8320794000000,8320632000000,62766000,69000,13000,7000,7000,8320801000000,8320802000000,8320803000000,8320854000000,8320917000000,996550000,13000,13000,8000,400000
1791427264,336434380,3028,1747767917,D,N,8320800000000,8320799000000,8320798000000,8320794000000,8320632000000,62766000,69000,13000,7000,7000,8320801000000,8320802000000,8320803000000,8320854000000,8320917000000,996550000,13000,13000,8000,400000
1791427264,337213294,3029,1617942128,D,N,258177000000,258176000000,258175000000,258174000000,258173000000,1903330000,1290000,1170000,420000,34050000,258178000000,258179000000,258180000000,258181000000,258182000000,6602490000,24390000,45780000,4420000,307040000
1791427264,338180038,3030,1617942128,S,N,258177000000,258176000000,258175000000,258174000000,258173000000,1903330000,1290000,1170000,420000,34050000,258178000000,258179000000,258180000000,258181000000,258182000000,6602490000,24390000,45780000,4420000,307040000
1791427264,426307605,3031,1747767917,S,N,8320800000000,8320799000000,8320798000000,8320794000000,8320632000000,62766000,69000,13000,7000,7000,8320801000000,8320802000000,8320803000000,8320854000000,8320917000000,996550000,13000,13000,8000,400000
1791427264,427485207,3032,1747767917,D,N,8320800000000,8320799000000,8320798000000,8320794000000,8320632000000,62766000,69000,13000,7000,7000,8320801000000,8320802000000,8320803000000,8320854000000,8320917000000,996550000,13000,13000,8000,400000
1791427264,428531532,3033,1617942128,D,N,258177000000,258176000000,258175000000,258174000000,258173000000,1903330000,1290000,1170000,420000,34050000,258178000000,258179000000,258180000000,258181000000,258182000000,6602490000,24390000,45780000,4420000,307040000
1791427264,429336099,3034,1617942128,S,N,258177000000,258176000000,258175000000,258174000000,258173000000,1903330000,1290000,1170000,420000,34050000,258178000000,258179000000,258180000000,258181000000,258182000000,6602490000,24390000,45780000,4420000,307040000
1791427264,534826082,3035,1747767917,D,N,8320800000000,8320799000000,8320798000000,8320794000000,8320632000000,62163000,69000,13000,7000,7000,8320801000000,8320802000000,8320803000000,8320854000000,8320917000000,996550000,13000,13000,8000,400000
1791427264,535814494,3036,1617942128,D,N,258177000000,258176000000,258175000000,258174000000,258173000000,1903330000,1290000,1170000,420000,34050000,258178000000,258179000000,258180000000,258181000000,258182000000,6602490000,24390000,45780000,4420000,307040000
1791427264,536711275,3037,1617942128,S,N,258177000000,258176000000,258175000000,258174000000,258173000000,1903330000,1290000,1170000,420000,34050000,258178000000,258179000000,258180000000,258181000000,258182000000,6602490000,24390000,45780000,4420000,307040000
1791427264,648016003,3038,1747767917,D,N,8320800000000,8320799000000,8320798000000,8320794000000,8320632000000,62156000,62000,13000,7000,7000,8320801000000,8320802000000,8320803000000,8320854000000,8320917000000,996550000,13000,13000,8000,400000
1791427264,648978276,3039,1617942128,D,N,258177000000,258176000000,258175000000,258174000000,258173000000,1903730000,1690000,1170000,420000,34050000,258178000000,258179000000,258180000000,258181000000,258182000000,6602490000,24390000,45780000,4420000,307040000
1791427264,649923448,3040,1617942128,S,N,258177000000,258176000000,258175000000,258174000000,258173000000,1903730000,1690000,1170000,420000,34050000,258178000000,258179000000,258180000000,258181000000,258182000000,6602490000,24390000,45780000,4420000,307040000
1791427264,718300843,3041,1747767917,D,N,8320800000000,8320799000000,8320798000000,8320794000000,8320632000000,26369000,62000,13000,7000,7000,8320801000000,8320802000000,8320803000000,8320854000000,8320917000000,1089212000,13000,13000,8000,400000
1791427264,719133783,3042,1617942128,D,N,258177000000,258176000000,258175000000,258174000000,258173000000,598140000,1290000,1170000,420000,34050000,258178000000,258179000000,258180000000,258181000000,258182000000,6602490000,24390000,45780000,4420000,307040000
1791427264,719807268,3043,1617942128,S,N,258177000000,258176000000,258175000000,258174000000,258173000000,598140000,1290000,1170000,420000,34050000,258178000000,258179000000,258180000000,258181000000,258182000000,6602490000,24390000,45780000,4420000,307040000
1791427264,832388905,3044,1747767917,D,N,8320600000000,8320599000000,8320598000000,8320589000000,8320420000000,9204000,62000,13000,7000,7000,8320601000000,8320602000000,8320603000000,8320604000000,8320605000000,878152000,55777000,13000,7507000,58509000
1791427264,835078374,3045,1617942128,D,N,258177000000,258176000000,258175000000,258174000000,258173000000,340340000,1290000,1370000,6770000,200000,258178000000,258179000000,258180000000,258181000000,258182000000,6650810000,23970000,45780000,4000000,306620000
1791427264,836149380,3046,1617942128,S,N,258177000000,258176000000,258175000000,258174000000,258173000000,340340000,1290000,1370000,6770000,200000,258178000000,258179000000,258180000000,258181000000,258182000000,6650810000,23970000,45780000,4000000,306620000
1791427264,914708529,3047,1747767917,D,N,8320200000000,8320199000000,8320102000000,8320100000000,8320007000000,7508000,42000,480000,1000000,10000,8320201000000,8320202000000,8320203000000,8320290000000,8320310000000,1101744000,13000,13000,400000,8000
1791427264,955215943,3048,1617942128,D,N,258152000000,258151000000,258150000000,258146000000,258145000000,1487530000,990000,810000,300000,420000,258153000000,258154000000,258155000000,258159000000,258160000000,7244910000,1010000,812090000,4000000,420000
1791427264,957072665,3049,1617942128,S,N,258152000000,258151000000,258150000000,258146000000,258145000000,1487530000,990000,810000,300000,420000,258153000000,258154000000,258155000000,258159000000,258160000000,7244910000,1010000,812090000,4000000,420000
1791427265,35070950,3050,1747767917,D,N,8320000000000,8319999000000,8319845000000,8319811000000,8319801000000,8221000,35000,7000,7000,7000,8320001000000,8320002000000,8320003000000,8320046000000,8320081000000,877194000,13000,13000,8000,400000
1791427265,36460576,3051,1617942128,D,N,258152000000,258151000000,258150000000,258146000000,258144000000,1457960000,790000,390000,300000,300000,258153000000,258154000000,258155000000,258159000000,258160000000,7293000000,25950000,812090000,4000000,41980000
1791427265,37324417,3052,1617942128,S,N,258152000000,258151000000,258150000000,258146000000,258144000000,1457960000,790000,390000,300000,300000,258153000000,258154000000,258155000000,258159000000,258160000000,7293000000,25950000,812090000,4000000,41980000
1791427265,107293357,3053,1747767917,D,N,8320000000000,8319999000000,8319845000000,8319811000000,8319801000000,8234000,35000,7000,7000,7000,8320001000000,8320002000000,8320003000000,8320046000000,8320081000000,885601000,13000,13000,8000,400000
1791427265,112006972,3054,1617942128,D,N,258152000000,258151000000,258150000000,258146000000,258144000000,1237630000,990000,390000,300000,300000,258153000000,258154000000,258155000000,258158000000,258159000000,7293840000,25950000,542090000,210000,64190000
1791427265,113345099,3055,1617942128,S,N,258152000000,258151000000,258150000000,258146000000,258144000000,1237630000,990000,390000,300000,300000,258153000000,258154000000,258155000000,258158000000,258159000000,7293840000,25950000,542090000,210000,64190000
1791427265,259080720,3056,1747767917,D,N,8320000000000,8319999000000,8319845000000,8319811000000,8319801000000,8241000,42000,7000,7000,7000,8320001000000,8320002000000,8320003000000,8320046000000,8320081000000,885601000,13000,13000,8000,400000
1791427265,260097797,3057,1617942128,D,N,258152000000,258151000000,258150000000,258146000000,258144000000,1237630000,990000,390000,300000,300000,258153000000,258154000000,258155000000,258158000000,258159000000,7293840000,371420000,542090000,210000,4420000
1791427265,261069205,3058,1617942128,S,N,258152000000,258151000000,258150000000,258146000000,258144000000,1237630000,990000,390000,300000,300000,258153000000,258154000000,258155000000,258158000000,258159000000,7293840000,371420000,542090000,210000,4420000
1791427265,301745111,3059,1747767917,D,N,8320000000000,8319999000000,8319845000000,8319811000000,8319801000000,42536000,56000,7000,7000,7000,8320001000000,8320002000000,8320003000000,8320046000000,8320081000000,885601000,13000,13000,8000,400000
1791427265,302574748,3060,1617942128,D,N,258152000000,258151000000,258150000000,258146000000,258144000000,1496030000,790000,390000,300000,300000,258153000000,258154000000,258155000000,258159000000,258160000000,7293840000,232660000,81640000,4420000,41980000
1791427265,303404190,3061,1617942128,S,N,258152000000,258151000000,258150000000,258146000000,258144000000,1496030000,790000,390000,300000,300000,258153000000,258154000000,258155000000,258159000000,258160000000,7293840000,232660000,81640000,4420000,41980000
1791427265,425576691,3062,1747767917,D,N,8320000000000,8319999000000,8319845000000,8319811000000,8319801000000,46134000,49000,7000,7000,7000,8320001000000,8320002000000,8320003000000,8320046000000,8320081000000,885601000,13000,13000,8000,400000
1791427265,426546155,3063,1617942128,D,N,258152000000,258151000000,258150000000,258146000000,258144000000,1496030000,790000,590000,300000,300000,258153000000,258154000000,258155000000,258159000000,258160000000,7293840000,232660000,81640000,4420000,41980000
1791427265,427332163,3064,1617942128,S,N,258152000000,258151000000,258150000000,258146000000,258144000000,1496030000,790000,590000,300000,300000,258153000000,258154000000,258155000000,258159000000,258160000000,7293840000,232660000,81640000,4420000,41980000
1791427265,503166570,3065,1747767917,D,N,8320000000000,8319999000000,8319845000000,8319811000000,8319801000000,46141000,49000,7000,7000,7000,8320001000000,8320002000000,8320003000000,8320046000000,8320081000000,886024000,13000,13000,8000,400000
1791427265,504593510,3066,1617942128,D,N,258152000000,258151000000,258150000000,258146000000,258144000000,1496230000,990000,590000,300000,300000,258153000000,258154000000,258155000000,258159000000,258160000000,7293840000,232660000,81640000,4420000,41980000
1791427265,505395065,3067,1617942128,S,N,258152000000,258151000000,258150000000,258146000000,258144000000,1496230000,990000,590000,300000,300000,258153000000,258154000000,258155000000,258159000000,258160000000,7293840000,232660000,81640000,4420000,41980000
1791427265,614015229,3068,1747767917,D,N,8320000000000,8319999000000,8319845000000,8319811000000,8319801000000,28143000,49000,7000,7000,7000,8320001000000,8320002000000,8320003000000,8320046000000,8320081000000,886031000,13000,13000,8000,400000
1791427265,615320629,3069,1617942128,D,N,258152000000,258151000000,258150000000,258146000000,258144000000,1481190000,990000,590000,300000,300000,258153000000,258154000000,258155000000,258159000000,258160000000,7293840000,232660000,81640000,4420000,41980000
1791427265,616345929,3070,1617942128,S,N,258152000000,258151000000,258150000000,258146000000,258144000000,1481190000,990000,590000,300000,300000,258153000000,258154000000,258155000000,258159000000,258160000000,7293840000,232660000,81640000,4420000,41980000
1791427265,730164029,3071,1747767917,S,N,8320000000000,8319999000000,8319845000000,8319811000000,8319801000000,28143000,49000,7000,7000,7000,8320001000000,8320002000000,8320003000000,8320046000000,8320081000000,886031000,13000,13000,8000,400000
1791427265,733188829,3072,1747767917,D,N,8320000000000,8319999000000,8319845000000,8319811000000,8319801000000,28143000,49000,7000,7000,7000,8320001000000,8320002000000,8320003000000,8320046000000,8320081000000,886031000,13000,13000,8000,400000
1791427265,736077229,3073,1617942128,D,N,258152000000,258151000000,258150000000,258146000000,258144000000,1480990000,790000,590000,300000,300000,258153000000,258154000000,258155000000,258159000000,258160000000,7293840000,232660000,81640000,4420000,41980000
1791427265,739210929,3074,1617942128,S,N,258152000000,258151000000,258150000000,258146000000,258144000000,1480990000,790000,590000,300000,300000,258153000000,258154000000,258155000000,258159000000,258160000000,7293840000,232660000,81640000,4420000,41980000
1791427265,816455629,3075,1747767917,D,N,8320000000000,8319999000000,8319845000000,8319811000000,8319801000000,24545000,49000,7000,7000,7000,8320001000000,8320002000000,8320003000000,8320046000000,8320081000000,886031000,13000,13000,8000,400000
1791427265,819392829,3076,1617942128,D,N,258152000000,258151000000,258150000000,258146000000,258144000000,1138490000,1190000,590000,300000,300000,258153000000,258154000000,258155000000,258159000000,258160000000,7301840000,232660000,81640000,4420000,41980000
1791427265,821915529,3077,1617942128,S,N,258152000000,258151000000,258150000000,258146000000,258144000000,1138490000,1190000,590000,300000,300000,258153000000,258154000000,258155000000,258159000000,258160000000,7301840000,232660000,81640000,4420000,41980000
1791427265,936675929,3078,1747767917,S,N,8320000000000,8319999000000,8319845000000,8319811000000,8319801000000,24545000,49000,7000,7000,7000,8320001000000,8320002000000,8320003000000,8320046000000,8320081000000,886031000,13000,13000,8000,400000
1791427265,940345929,3079,1747767917,D,N,8320000000000,8319999000000,8319845000000,8319811000000,8319801000000,24545000,49000,7000,7000,7000,8320001000000,8320002000000,8320003000000,8320046000000,8320081000000,886031000,13000,13000,8000,400000
1791427265,943076029,3080,1617942128,D,N,258152000000,258151000000,258150000000,258146000000,258144000000,1177220000,990000,590000,300000,300000,258153000000,258154000000,258155000000,258159000000,258160000000,7301840000,232660000,81640000,4420000,41980000
1791427265,945153529,3081,1617942128,S,N,258152000000,258151000000,258150000000,258146000000,258144000000,1177220000,990000,590000,300000,300000,258153000000,258154000000,258155000000,258159000000,258160000000,7301840000,232660000,81640000,4420000,41980000
1791427266,79071229,3082,1747767917,S,N,8320000000000,8319999000000,8319845000000,8319811000000,8319801000000,24545000,49000,7000,7000,7000,8320001000000,8320002000000,8320003000000,8320046000000,8320081000000,886031000,13000,13000,8000,400000
1791427266,81828229,3083,1747767917,D,N,8320000000000,8319999000000,8319845000000,8319811000000,8319801000000,24545000,49000,7000,7000,7000,8320001000000,8320002000000,8320003000000,8320046000000,8320081000000,886031000,13000,13000,8000,400000
1791427266,84446629,3084,1617942128,D,N,258152000000,258151000000,258150000000,258146000000,258144000000,1177420000,1190000,590000,300000,300000,258153000000,258154000000,258155000000,258156000000,258159000000,7301840000,232660000,81640000,200000,4420000
1791427266,87673929,3085,1617942128,S,N,258152000000,258151000000,258150000000,258146000000,258144000000,1177420000,1190000,590000,300000,300000,258153000000,258154000000,258155000000,258156000000,258159000000,7301840000,232660000,81640000,200000,4420000
1791427266,94293829,3086,1747767917,D,N,8320000000000,8319999000000,8319998000000,8319845000000,8319811000000,24499000,62000,13000,7000,7000,8320001000000,8320002000000,8320003000000,8320046000000,8320081000000,886031000,13000,13000,8000,400000
1791427266,96690429,3087,1617942128,D,N,258152000000,258151000000,258150000000,258146000000,258144000000,1519920000,1190000,590000,300000,300000,258153000000,258154000000,258155000000,258156000000,258159000000,7755720000,232660000,81640000,200000,4420000
1791427266,99256829,3088,1617942128,S,N,258152000000,258151000000,258150000000,258146000000,258144000000,1519920000,1190000,590000,300000,300000,258153000000,258154000000,258155000000,258156000000,258159000000,7755720000,232660000,81640000,200000,4420000
1791427266,196318229,3089,1747767917,D,N,8320000000000,8319999000000,8319998000000,8319845000000,8319811000000,24509000,62000,13000,7000,7000,8320001000000,8320002000000,8320003000000,8320046000000,8320081000000,886031000,13000,13000,8000,400000
1791427266,199613829,3090,1617942128,D,N,258152000000,258151000000,258150000000,258146000000,258144000000,1519920000,1190000,590000,300000,300000,258153000000,258154000000,258155000000,258156000000,258159000000,7755720000,232660000,81640000,200000,4420000
1791427266,202808029,3091,1617942128,S,N,258152000000,258151000000,258150000000,258146000000,258144000000,1519920000,1190000,590000,300000,300000,258153000000,258154000000,258155000000,258156000000,258159000000,7755720000,232660000,81640000,200000,4420000
1791427266,292229529,3092,1747767917,S,N,8320000000000,8319999000000,8319998000000,8319845000000,8319811000000,24509000,62000,13000,7000,7000,8320001000000,8320002000000,8320003000000,8320046000000,8320081000000,886031000,13000,13000,8000,400000
1791427266,294120529,3093,1747767917,D,N,8320000000000,8319999000000,8319998000000,8319845000000,8319811000000,24509000,62000,13000,7000,7000,8320001000000,8320002000000,8320003000000,8320046000000,8320081000000,886031000,13000,13000,8000,400000
1791427266,295620829,3094,1617942128,D,N,258152000000,258151000000,258150000000,258146000000,258144000000,1519720000,990000,590000,300000,300000,258153000000,258154000000,258155000000,258156000000,258159000000,7755720000,232660000,81640000,200000,4420000
1791427266,297792829,3095,1617942128,S,N,258152000000,258151000000,258150000000,258146000000,258144000000,1519720000,990000,590000,300000,300000,258153000000,258154000000,258155000000,258156000000,258159000000,7755720000,232660000,81640000,200000,4420000
1791427266,393334029,3096,1747767917,D,N,8320000000000,8319999000000,8319998000000,8319845000000,8319811000000,27783000,62000,13000,7000,7000,8320001000000,8320002000000,8320003000000,8320046000000,8320081000000,886031000,13000,13000,8000,400000
1791427266,394866729,3097,1617942128,D,N,258152000000,258151000000,258150000000,258146000000,258144000000,1519720000,990000,590000,300000,300000,258153000000,258154000000,258155000000,258156000000,258159000000,7755720000,232660000,81640000,200000,4420000
1791427266,396405029,3098,1617942128,S,N,258152000000,258151000000,258150000000,258146000000,258144000000,1519720000,990000,590000,300000,300000,258153000000,258154000000,258155000000,258156000000,258159000000,7755720000,232660000,81640000,200000,4420000
1791427266,491975629,3099,1747767917,S,N,8320000000000,8319999000000,8319998000000,8319845000000,8319811000000,27783000,62000,13000,7000,7000,8320001000000,8320002000000,8320003000000,8320046000000,8320081000000,886031000,13000,13000,8000,400000
1791427266,492833629,3100,1747767917,D,N,8320000000000,8319999000000,8319998000000,8319845000000,8319811000000,27783000,62000,13000,7000,7000,8320001000000,8320002000000,8320003000000,8320046000000,8320081000000,886031000,13000,13000,8000,400000
1791427266,493718029,3101,1617942128,D,N,258152000000,258151000000,258150000000,258146000000,258144000000,1325930000,990000,590000,300000,300000,258153000000,258154000000,258155000000,258156000000,258159000000,7755720000,232660000,81640000,200000,4620000
1791427266,494558829,3102,1617942128,S,N,258152000000,258151000000,258150000000,258146000000,258144000000,1325930000,990000,590000,300000,300000,258153000000,258154000000,258155000000,258156000000,258159000000,7755720000,232660000,81640000,200000,4620000
1791427266,593851529,3103,1747767917,S,N,8320000000000,8319999000000,8319998000000,8319845000000,8319811000000,27783000,62000,13000,7000,7000,8320001000000,8320002000000,8320003000000,8320046000000,8320081000000,886031000,13000,13000,8000,400000
1791427266,595645529,3104,1747767917,D,N,8320000000000,8319999000000,8319998000000,8319845000000,8319811000000,27783000,62000,13000,7000,7000,8320001000000,8320002000000,8320003000000,8320046000000,8320081000000,886031000,13000,13000,8000,400000
1791427266,597188829,3105,1617942128,D,N,258152000000,258151000000,258150000000,258146000000,258144000000,983430000,990000,590000,300000,300000,258153000000,258154000000,258155000000,258156000000,258159000000,7755720000,232660000,81640000,200000,4620000
1791427266,598792329,3106,1617942128,S,N,258152000000,258151000000,258150000000,258146000000,258144000000,983430000,990000,590000,300000,300000,258153000000,258154000000,258155000000,258156000000,258159000000,7755720000,232660000,81640000,200000,4620000
1791427266,692375329,3107,1747767917,S,N,8320000000000,8319999000000,8319998000000,8319845000000,8319811000000,27783000,62000,13000,7000,7000,8320001000000,8320002000000,8320003000000,8320046000000,8320081000000,886031000,13000,13000,8000,400000
1791427266,693744529,3108,1747767917,D,N,8320000000000,8319999000000,8319998000000,8319845000000,8319811000000,27783000,62000,13000,7000,7000,8320001000000,8320002000000,8320003000000,8320046000000,8320081000000,886031000,13000,13000,8000,400000
1791427266,795673429,3109,1747767917,D,N,8320000000000,8319999000000,8319998000000,8319845000000,8319811000000,27790000,62000,13000,7000,7000,8320001000000,8320002000000,8320003000000,8320046000000,8320081000000,886230000,13000,13000,8000,400000
1791427266,798784029,3110,1617942128,D,N,258152000000,258151000000,258150000000,258148000000,258146000000,1332930000,990000,590000,34000000,300000,258153000000,258154000000,258155000000,258156000000,258159000000,7755720000,232660000,81640000,200000,4620000
1791427266,800756229,3111,1617942128,S,N,258152000000,258151000000,258150000000,258148000000,258146000000,1332930000,990000,590000,34000000,300000,258153000000,258154000000,258155000000,258156000000,258159000000,7755720000,232660000,81640000,200000,4620000
1791427266,892956929,3112,1747767917,D,N,8320000000000,8319999000000,8319998000000,8319923000000,8319845000000,9700000,62000,13000,7000,7000,8320001000000,8320002000000,8320003000000,8320046000000,8320081000000,886230000,13000,13000,8000,400000
1791427266,894964829,3113,1617942128,D,N,258152000000,258151000000,258150000000,258149000000,258148000000,1371670000,1190000,590000,420000,34000000,258153000000,258154000000,258155000000,258156000000,258159000000,7755720000,232660000,81640000,200000,4620000
1791427266,897538829,3114,1617942128,S,N,258152000000,258151000000,258150000000,258149000000,258148000000,1371670000,1190000,590000,420000,34000000,258153000000,258154000000,258155000000,258156000000,258159000000,7755720000,232660000,81640000,200000,4620000
1791427266,991509329,3115,1747767917,S,N,8320000000000,8319999000000,8319998000000,8319923000000,8319845000000,9700000,62000,13000,7000,7000,8320001000000,8320002000000,8320003000000,8320046000000,8320081000000,886230000,13000,13000,8000,400000
1791427266,993805029,3116,1747767917,D,N,8320000000000,8319999000000,8319998000000,8319923000000,8319845000000,9700000,62000,13000,7000,7000,8320001000000,8320002000000,8320003000000,8320046000000,8320081000000,886230000,13000,13000,8000,400000
1791427266,995708729,3117,1617942128,D,N,258152000000,258151000000,258150000000,258149000000,258148000000,1371670000,1190000,590000,420000,34000000,258153000000,258154000000,258155000000,258156000000,258159000000,7755720000,232660000,81640000,200000,4620000
1791427266,998620529,3118,1617942128,S,N,258152000000,258151000000,258150000000,258149000000,258148000000,1371670000,1190000,590000,420000,34000000,258153000000,258154000000,258155000000,258156000000,258159000000,7755720000,232660000,81640000,200000,4620000
1791427267,94401329,3119,1747767917,D,N,8320000000000,8319999000000,8319998000000,8319923000000,8319845000000,11016000,62000,13000,7000,7000,8320001000000,8320002000000,8320003000000,8320046000000,8320081000000,886245000,13000,13000,8000,400000
1791427267,95774529,3120,1617942128,D,N,258152000000,258151000000,258150000000,258149000000,258148000000,1371670000,1190000,590000,420000,34000000,258153000000,258154000000,258155000000,258156000000,258159000000,7755720000,232660000,81640000,200000,4620000
1791427267,97634629,3121,1617942128,S,N,258152000000,258151000000,258150000000,258149000000,258148000000,1371670000,1190000,590000,420000,34000000,258153000000,258154000000,258155000000,258156000000,258159000000,7755720000,232660000,81640000,200000,4620000
1791427267,192589029,3122,1747767917,D,N,8320000000000,8319999000000,8319998000000,8319923000000,8319845000000,11016000,62000,13000,7000,7000,8320001000000,8320002000000,8320003000000,8320046000000,8320081000000,885644000,13000,13000,8000,400000
1791427267,194090129,3123,1617942128,D,N,258152000000,258151000000,258150000000,258149000000,258148000000,1371870000,1390000,590000,420000,34000000,258153000000,258154000000,258155000000,258156000000,258159000000,7755720000,232660000,81640000,200000,4620000
1791427267,195390629,3124,1617942128,S,N,258152000000,258151000000,258150000000,258149000000,258148000000,1371870000,1390000,590000,420000,34000000,258153000000,258154000000,258155000000,258156000000,258159000000,7755720000,232660000,81640000,200000,4620000
1791427267,292530829,3125,1747767917,D,N,8320000000000,8319999000000,8319998000000,8319923000000,8319845000000,12402000,62000,13000,7000,7000,8320001000000,8320002000000,8320003000000,8320046000000,8320081000000,885703000,13000,13000,8000,400000
1791427267,296356929,3126,1617942128,D,N,258152000000,258151000000,258150000000,258149000000,258148000000,2571470000,990000,590000,420000,34000000,258153000000,258154000000,258155000000,258156000000,258159000000,7755920000,232860000,81640000,200000,4620000
1791427267,298371429,3127,1617942128,S,N,258152000000,258151000000,258150000000,258149000000,258148000000,2571470000,990000,590000,420000,34000000,258153000000,258154000000,258155000000,258156000000,258159000000,7755920000,232860000,81640000,200000,4620000
1791427267,393544229,3128,1747767917,D,N,8320000000000,8319999000000,8319998000000,8319923000000,8319845000000,12402000,62000,13000,7000,7000,8320001000000,8320002000000,8320003000000,8320046000000,8320081000000,882791000,13000,13000,8000,400000
1791427267,394937829,3129,1617942128,D,N,258152000000,258151000000,258150000000,258149000000,258148000000,2571470000,990000,590000,420000,34000000,258153000000,258154000000,258155000000,258156000000,258159000000,7755920000,232860000,81640000,200000,4620000
1791427267,397219229,3130,1617942128,S,N,258152000000,258151000000,258150000000,258149000000,258148000000,2571470000,990000,590000,420000,34000000,258153000000,258154000000,258155000000,258156000000,258159000000,7755920000,232860000,81640000,200000,4620000
1791427267,493406329,3131,1747767917,S,N,8320000000000,8319999000000,8319998000000,8319923000000,8319845000000,12402000,62000,13000,7000,7000,8320001000000,8320002000000,8320003000000,8320046000000,8320081000000,882791000,13000,13000,8000,400000
1791427267,495176829,3132,1747767917,D,N,8320000000000,8319999000000,8319998000000,8319923000000,8319845000000,12402000,62000,13000,7000,7000,8320001000000,8320002000000,8320003000000,8320046000000,8320081000000,882791000,13000,13000,8000,400000
1791427267,497251229,3133,1617942128,D,N,258152000000,258151000000,258150000000,258149000000,258148000000,2571870000,1390000,590000,420000,34000000,258153000000,258154000000,258155000000,258156000000,258159000000,7755920000,232860000,81640000,200000,4620000
1791427267,499066629,3134,1617942128,S,N,258152000000,258151000000,258150000000,258149000000,258148000000,2571870000,1390000,590000,420000,34000000,258153000000,258154000000,258155000000,258156000000,258159000000,7755920000,232860000,81640000,200000,4620000
1791427267,595410029,3135,1747767917,D,N,8320000000000,8319999000000,8319998000000,8319923000000,8319845000000,12402000,62000,13000,7000,7000,8320001000000,8320002000000,8320003000000,8320046000000,8320081000000,883392000,13000,13000,8000,400000
1791427267,596396829,3136,1617942128,D,N,258152000000,258151000000,258150000000,258149000000,258148000000,2571100000,1390000,590000,420000,34000000,258153000000,258154000000,258155000000,258156000000,258159000000,7755920000,232860000,81640000,200000,4620000
1791427267,597259529,3137,1617942128,S,N,258152000000,258151000000,258150000000,258149000000,258148000000,2571100000,1390000,590000,420000,34000000,258153000000,258154000000,258155000000,258156000000,258159000000,7755920000,232860000,81640000,200000,4620000
1791427267,691677435,3138,1747767917,D,N,8320000000000,8319999000000,8319998000000,8319923000000,8319845000000,30492000,62000,13000,7000,7000,8320001000000,8320002000000,8320003000000,8320046000000,8320081000000,883392000,13000,13000,8000,400000
1791427267,693547054,3139,1617942128,D,N,258152000000,258151000000,258150000000,258149000000,258148000000,2571100000,1390000,590000,420000,34000000,258153000000,258154000000,258155000000,258156000000,258159000000,6941900000,232860000,81640000,200000,4620000
1791427267,695093189,3140,1617942128,S,N,258152000000,258151000000,258150000000,258149000000,258148000000,2571100000,1390000,590000,420000,34000000,258153000000,258154000000,258155000000,258156000000,258159000000,6941900000,232860000,81640000,200000,4620000
1791427267,797753838,3141,1747767917,D,N,8320000000000,8319999000000,8319998000000,8319923000000,8319845000000,46921000,62000,13000,7000,7000,8320001000000,8320002000000,8320003000000,8320046000000,8320081000000,883392000,13000,13000,8000,400000
1791427267,800392634,3142,1617942128,D,N,258152000000,258151000000,258150000000,258149000000,258148000000,2571100000,1390000,590000,420000,34000000,258153000000,258154000000,258155000000,258156000000,258159000000,6941900000,232860000,81640000,200000,4620000
1791427267,802597747,3143,1617942128,S,N,258152000000,258151000000,258150000000,258149000000,258148000000,2571100000,1390000,590000,420000,34000000,258153000000,258154000000,258155000000,258156000000,258159000000,6941900000,232860000,81640000,200000,4620000
1791427267,882593056,3144,1747767917,S,N,8320000000000,8319999000000,8319998000000,8319923000000,8319845000000,46921000,62000,13000,7000,7000,8320001000000,8320002000000,8320003000000,8320046000000,8320081000000,883392000,13000,13000,8000,400000
1791427267,885709729,3145,1747767917,D,N,8320000000000,8319999000000,8319998000000,8319923000000,8319845000000,46921000,62000,13000,7000,7000,8320001000000,8320002000000,8320003000000,8320046000000,8320081000000,883392000,13000,13000,8000,400000
1791427267,888075575,3146,1617942128,D,N,258152000000,258151000000,258150000000,258149000000,258148000000,2571100000,1390000,590000,420000,34000000,258153000000,258154000000,258155000000,258156000000,258159000000,6941900000,232860000,81640000,200000,4620000
1791427267,890223716,3147,1617942128,S,N,258152000000,258151000000,258150000000,258149000000,258148000000,2571100000,1390000,590000,420000,34000000,258153000000,258154000000,258155000000,258156000000,258159000000,6941900000,232860000,81640000,200000,4620000
1791427267,995720211,3148,1747767917,D,N,8320000000000,8319999000000,8319998000000,8319845000000,8319811000000,30492000,62000,13000,7000,7000,8320001000000,8320002000000,8320003000000,8320046000000,8320081000000,883392000,13000,13000,8000,400000
1791427267,998828045,3149,1617942128,D,N,258152000000,258151000000,258150000000,258149000000,258148000000,2571100000,1390000,590000,420000,34000000,258153000000,258154000000,258155000000,258156000000,258159000000,6941900000,232860000,81640000,200000,4620000
1791427268,2417119,3150,1617942128,S,N,258152000000,258151000000,258150000000,258149000000,258148000000,2571100000,1390000,590000,420000,34000000,258153000000,258154000000,258155000000,258156000000,258159000000,6941900000,232860000,81640000,200000,4620000
1791427268,74928377,3151,1747767917,S,N,8320000000000,8319999000000,8319998000000,8319845000000,8319811000000,30492000,62000,13000,7000,7000,8320001000000,8320002000000,8320003000000,8320046000000,8320081000000,883392000,13000,13000,8000,400000
1791427268,78057540,3152,1747767917,D,N,8320000000000,8319999000000,8319998000000,8319845000000,8319811000000,30492000,62000,13000,7000,7000,8320001000000,8320002000000,8320003000000,8320046000000,8320081000000,883392000,13000,13000,8000,400000
1791427268,81555822,3153,1617942128,D,N,258152000000,258151000000,258150000000,258149000000,258148000000,2571100000,1390000,590000,420000,34000000,258153000000,258154000000,258155000000,258156000000,258159000000,6941900000,232860000,81640000,200000,4620000
1791427268,83852207,3154,1617942128,S,N,258152000000,258151000000,258150000000,258149000000,258148000000,2571100000,1390000,590000,420000,34000000,258153000000,258154000000,258155000000,258156000000,258159000000,6941900000,232860000,81640000,200000,4620000
1791427268,173739877,3155,1747767917,D,N,8320000000000,8319999000000,8319998000000,8319845000000,8319811000000,30492000,62000,13000,7000,7000,8320001000000,8320002000000,8320003000000,8320046000000,8320081000000,882914000,13000,13000,8000,400000
1791427268,176439489,3156,1617942128,D,N,258152000000,258151000000,258150000000,258149000000,258148000000,2571100000,1390000,590000,420000,34000000,258153000000,258154000000,258155000000,258156000000,258159000000,6941900000,232860000,81640000,200000,4620000
1791427268,179134681,3157,1617942128,S,N,258152000000,258151000000,258150000000,258149000000,258148000000,2571100000,1390000,590000,420000,34000000,258153000000,258154000000,258155000000,258156000000,258159000000,6941900000,232860000,81640000,200000,4620000
1791427268,298088880,3158,1747767917,D,N,8320000000000,8319999000000,8319998000000,8319845000000,8319811000000,30492000,62000,13000,7000,7000,8320001000000,8320002000000,8320003000000,8320046000000,8320081000000,892901000,13000,13000,8000,400000
1791427268,299356494,3159,1617942128,D,N,258152000000,258151000000,258150000000,258149000000,258148000000,2989760000,1390000,590000,420000,34000000,258153000000,258154000000,258155000000,258156000000,258159000000,7326160000,142710000,81640000,200000,4620000
1791427268,300794256,3160,1617942128,S,N,258152000000,258151000000,258150000000,258149000000,258148000000,2989760000,1390000,590000,420000,34000000,258153000000,258154000000,258155000000,258156000000,258159000000,7326160000,142710000,81640000,200000,4620000
1791427268,364782414,3161,1747767917,D,N,8320000000000,8319999000000,8319998000000,8319845000000,8319811000000,47519000,90000,13000,7000,7000,8320001000000,8320002000000,8320003000000,8320045000000,8320046000000,705351000,13000,13000,423000,8000
1791427268,366247653,3162,1617942128,D,N,258152000000,258151000000,258150000000,258149000000,258148000000,2989760000,1390000,590000,420000,34420000,258153000000,258154000000,258155000000,258156000000,258159000000,6865710000,142710000,81640000,200000,4620000
1791427268,367551968,3163,1617942128,S,N,258152000000,258151000000,258150000000,258149000000,258148000000,2989760000,1390000,590000,420000,34420000,258153000000,258154000000,258155000000,258156000000,258159000000,6865710000,142710000,81640000,200000,4620000
1791427268,461832475,3164,1747767917,D,N,8320000000000,8319999000000,8319998000000,8319845000000,8319811000000,47505000,62000,13000,7000,7000,8320001000000,8320002000000,8320003000000,8320046000000,8320081000000,847250000,13000,13000,8000,400000
1791427268,463588918,3165,1617942128,D,N,258152000000,258151000000,258150000000,258149000000,258148000000,2989360000,990000,590000,420000,34000000,258153000000,258154000000,258155000000,258156000000,258159000000,6476300000,142710000,81640000,200000,4620000
1791427268,465386193,3166,1617942128,S,N,258152000000,258151000000,258150000000,258149000000,258148000000,2989360000,990000,590000,420000,34000000,258153000000,258154000000,258155000000,258156000000,258159000000,6476300000,142710000,81640000,200000,4620000
1791427268,562548278,3167,1747767917,D,N,8320000000000,8319999000000,8319998000000,8319845000000,8319811000000,12402000,62000,13000,7000,7000,8320001000000,8320002000000,8320003000000,8320046000000,8320081000000,849654000,13000,13000,8000,400000
1791427268,563883432,3168,1617942128,D,N,258152000000,258151000000,258150000000,258149000000,258148000000,2989360000,990000,590000,420000,34000000,258153000000,258154000000,258155000000,258156000000,258159000000,6476300000,142710000,81640000,200000,4620000
1791427268,565027589,3169,1617942128,S,N,258152000000,258151000000,258150000000,258149000000,258148000000,2989360000,990000,590000,420000,34000000,258153000000,258154000000,258155000000,258156000000,258159000000,6476300000,142710000,81640000,200000,4620000
1791427268,678657217,3170,1747767917,D,N,8320000000000,8319999000000,8319998000000,8319845000000,8319811000000,30478000,62000,13000,7000,7000,8320001000000,8320002000000,8320003000000,8320046000000,8320081000000,849654000,13000,13000,8000,400000
1791427268,679441285,3171,1617942128,D,N,258152000000,258151000000,258150000000,258149000000,258148000000,2989560000,1190000,590000,420000,34210000,258153000000,258154000000,258155000000,258156000000,258159000000,6476300000,142710000,81640000,200000,4620000
1791427268,680337376,3172,1617942128,S,N,258152000000,258151000000,258150000000,258149000000,258148000000,2989560000,1190000,590000,420000,34210000,258153000000,258154000000,258155000000,258156000000,258159000000,6476300000,142710000,81640000,200000,4620000
1791427268,746140390,3173,1747767917,S,N,8320000000000,8319999000000,8319998000000,8319845000000,8319811000000,30478000,62000,13000,7000,7000,8320001000000,8320002000000,8320003000000,8320046000000,8320081000000,849654000,13000,13000,8000,400000
1791427268,747237759,3174,1747767917,D,N,8320000000000,8319999000000,8319998000000,8319845000000,8319811000000,30478000,62000,13000,7000,7000,8320001000000,8320002000000,8320003000000,8320046000000,8320081000000,849654000,13000,13000,8000,400000
1791427268,747869356,3175,1617942128,D,N,258152000000,258151000000,258150000000,258149000000,258148000000,2989560000,1190000,590000,420000,34210000,258153000000,258154000000,258155000000,258156000000,258159000000,6476300000,142710000,81640000,200000,4620000
1791427268,748439369,3176,1617942128,S,N,258152000000,258151000000,258150000000,258149000000,258148000000,2989560000,1190000,590000,420000,34210000,258153000000,258154000000,258155000000,258156000000,258159000000,6476300000,142710000,81640000,200000,4620000
1791427268,848081342,3177,1747767917,S,N,8320000000000,8319999000000,8319998000000,8319845000000,8319811000000,30478000,62000,13000,7000,7000,8320001000000,8320002000000,8320003000000,8320046000000,8320081000000,849654000,13000,13000,8000,400000
1791427268,848822272,3178,1747767917,D,N,8320000000000,8319999000000,8319998000000,8319845000000,8319811000000,30478000,62000,13000,7000,7000,8320001000000,8320002000000,8320003000000,8320046000000,8320081000000,849654000,13000,13000,8000,400000
1791427268,849477888,3179,1617942128,D,N,258152000000,258151000000,258150000000,258149000000,258148000000,3289760000,1390000,590000,420000,34210000,258153000000,258154000000,258155000000,258156000000,258159000000,6476300000,142710000,81640000,200000,4620000
1791427268,850151566,3180,1617942128,S,N,258152000000,258151000000,258150000000,258149000000,258148000000,3289760000,1390000,590000,420000,34210000,258153000000,258154000000,258155000000,258156000000,258159000000,6476300000,142710000,81640000,200000,4620000
1791427268,993656290,3181,1747767917,D,N,8320000000000,8319999000000,8319998000000,8319845000000,8319811000000,12395000,62000,13000,7000,7000,8320001000000,8320002000000,8320003000000,8320045000000,8320046000000,862197000,13000,13000,443000,8000
1791427268,994843296,3182,1617942128,D,N,258152000000,258151000000,258150000000,258149000000,258148000000,3289760000,1390000,590000,420000,34210000,258153000000,258154000000,258155000000,258156000000,258159000000,6865710000,142710000,81640000,200000,4620000
1791427268,998197851,3183,1617942128,S,N,258152000000,258151000000,258150000000,258149000000,258148000000,3289760000,1390000,590000,420000,34210000,258153000000,258154000000,258155000000,258156000000,258159000000,6865710000,142710000,81640000,200000,4620000
1791427269,48029742,3184,1747767917,D,N,8319600000000,8319599000000,8319404000000,8319401000000,8319400000000,69025000,49000,7000,7000,2807000,8319601000000,8319602000000,8319603000000,8319663000000,8319743000000,657850000,13000,13000,400000,36262000
1791427269,48899220,3185,1617942128,D,N,258152000000,258151000000,258150000000,258149000000,258148000000,2528400000,1190000,590000,420000,34000000,258153000000,258154000000,258155000000,258156000000,258159000000,7325960000,142510000,81640000,200000,4620000
1791427269,49344240,3186,1617942128,S,N,258152000000,258151000000,258150000000,258149000000,258148000000,2528400000,1190000,590000,420000,34000000,258153000000,258154000000,258155000000,258156000000,258159000000,7325960000,142510000,81640000,200000,4620000
1791427269,146403621,3187,1747767917,D,N,8319600000000,8319599000000,8319404000000,8319401000000,8319400000000,11002000,49000,7000,7000,2800000,8319601000000,8319602000000,8319603000000,8319605000000,8319663000000,1152261000,13000,13000,8000,400000
1791427269,148855743,3188,1617942128,D,N,258152000000,258151000000,258150000000,258147000000,258146000000,2184630000,790000,590000,200000,300000,258153000000,258154000000,258155000000,258156000000,258159000000,7417520000,142330000,19770000,200000,4200000
1791427269,149910454,3189,1617942128,S,N,258152000000,258151000000,258150000000,258147000000,258146000000,2184630000,790000,590000,200000,300000,258153000000,258154000000,258155000000,258156000000,258159000000,7417520000,142330000,19770000,200000,4200000
1791427269,260401023,3190,1747767917,D,N,8319600000000,8319599000000,8319404000000,8319401000000,8319400000000,10981000,42000,7000,7000,2800000,8319601000000,8319602000000,8319603000000,8319605000000,8319663000000,1123477000,13000,13000,8000,400000
1791427269,261993466,3191,1617942128,D,N,258152000000,258151000000,258150000000,258144000000,258143000000,2184830000,990000,590000,300000,200000,258153000000,258154000000,258155000000,258156000000,258159000000,7417520000,142330000,19770000,200000,4200000
1791427269,263029251,3192,1617942128,S,N,258152000000,258151000000,258150000000,258144000000,258143000000,2184830000,990000,590000,300000,200000,258153000000,258154000000,258155000000,258156000000,258159000000,7417520000,142330000,19770000,200000,4200000
1791427269,342614799,3193,1747767917,D,N,8319600000000,8319599000000,8319404000000,8319401000000,8319400000000,10995000,56000,7000,7000,2800000,8319601000000,8319602000000,8319603000000,8319605000000,8319663000000,1141977000,13000,13000,8000,400000
1791427269,346152569,3194,1617942128,D,N,258152000000,258151000000,258150000000,258144000000,258143000000,2184830000,990000,590000,300000,200000,258153000000,258154000000,258155000000,258156000000,258159000000,7417940000,142750000,19770000,200000,4620000
1791427269,348666563,3195,1617942128,S,N,258152000000,258151000000,258150000000,258144000000,258143000000,2184830000,990000,590000,300000,200000,258153000000,258154000000,258155000000,258156000000,258159000000,7417940000,142750000,19770000,200000,4620000
1791427269,421875999,3196,1747767917,S,N,8319600000000,8319599000000,8319404000000,8319401000000,8319400000000,10995000,56000,7000,7000,2800000,8319601000000,8319602000000,8319603000000,8319605000000,8319663000000,1141977000,13000,13000,8000,400000
1791427269,424688594,3197,1747767917,D,N,8319600000000,8319599000000,8319404000000,8319401000000,8319400000000,10995000,56000,7000,7000,2800000,8319601000000,8319602000000,8319603000000,8319605000000,8319663000000,1141977000,13000,13000,8000,400000
1791427269,427305677,3198,1617942128,D,N,258152000000,258151000000,258150000000,258144000000,258143000000,1991030000,990000,590000,300000,200000,258153000000,258154000000,258155000000,258156000000,258159000000,7417940000,142750000,19770000,200000,4620000
1791427269,429773364,3199,1617942128,S,N,258152000000,258151000000,258150000000,258144000000,258143000000,1991030000,990000,590000,300000,200000,258153000000,258154000000,258155000000,258156000000,258159000000,7417940000,142750000,19770000,200000,4620000
1791427269,544344334,3200,1747767917,D,N,8319600000000,8319599000000,8319590000000,8319404000000,8319401000000,10995000,56000,7000,7000,7000,8319601000000,8319602000000,8319603000000,8319605000000,8319663000000,1141977000,13000,13000,8000,400000
1791427269,547620683,3201,1617942128,D,N,258152000000,258151000000,258150000000,258144000000,258143000000,1991030000,990000,590000,300000,200000,258153000000,258154000000,258155000000,258156000000,258159000000,7417940000,142750000,19770000,200000,4620000
1791427269,549950406,3202,1617942128,S,N,258152000000,258151000000,258150000000,258144000000,258143000000,1991030000,990000,590000,300000,200000,258153000000,258154000000,258155000000,258156000000,258159000000,7417940000,142750000,19770000,200000,4620000
1791427269,613430807,3203,1747767917,S,N,8319600000000,8319599000000,8319590000000,8319404000000,8319401000000,10995000,56000,7000,7000,7000,8319601000000,8319602000000,8319603000000,8319605000000,8319663000000,1141977000,13000,13000,8000,400000
1791427269,615106547,3204,1747767917,D,N,8319600000000,8319599000000,8319590000000,8319404000000,8319401000000,10995000,56000,7000,7000,7000,8319601000000,8319602000000,8319603000000,8319605000000,8319663000000,1141977000,13000,13000,8000,400000
1791427269,616462453,3205,1617942128,D,N,258152000000,258151000000,258150000000,258144000000,258143000000,1991030000,990000,590000,300000,200000,258153000000,258154000000,258155000000,258156000000,258159000000,7417940000,142750000,19770000,200000,4620000
1791427269,617781467,3206,1617942128,S,N,258152000000,258151000000,258150000000,258144000000,258143000000,1991030000,990000,590000,300000,200000,258153000000,258154000000,258155000000,258156000000,258159000000,7417940000,142750000,19770000,200000,4620000
1791427269,741887689,3207,1747767917,D,N,8319600000000,8319599000000,8319590000000,8319404000000,8319401000000,11002000,56000,7000,7000,7000,8319601000000,8319602000000,8319603000000,8319605000000,8319663000000,1141990000,13000,13000,8000,400000
1791427269,744343365,3208,1617942128,D,N,258152000000,258151000000,258150000000,258144000000,258143000000,1991030000,990000,590000,300000,200000,258153000000,258154000000,258155000000,258156000000,258159000000,7417940000,142750000,19770000,200000,4620000
1791427269,746504188,3209,1617942128,S,N,258152000000,258151000000,258150000000,258144000000,258143000000,1991030000,990000,590000,300000,200000,258153000000,258154000000,258155000000,258156000000,258159000000,7417940000,142750000,19770000,200000,4620000
1791427269,873467776,3210,1747767917,D,N,8319600000000,8319599000000,8319590000000,8319404000000,8319401000000,10939000,56000,7000,7000,7000,8319601000000,8319602000000,8319603000000,8319605000000,8319663000000,1141990000,13000,13000,8000,400000
1791427269,875744177,3211,1617942128,D,N,258152000000,258151000000,258150000000,258144000000,258143000000,1991030000,990000,590000,300000,200000,258153000000,258154000000,258155000000,258156000000,258159000000,7417940000,142750000,19770000,200000,4620000
1791427269,878431971,3212,1617942128,S,N,258152000000,258151000000,258150000000,258144000000,258143000000,1991030000,990000,590000,300000,200000,258153000000,258154000000,258155000000,258156000000,258159000000,7417940000,142750000,19770000,200000,4620000
1791427269,908267773,3213,1747767917,D,N,8319600000000,8319599000000,8319590000000,8319404000000,8319401000000,10939000,56000,7000,7000,7000,8319601000000,8319602000000,8319603000000,8319605000000,8319663000000,1141914000,13000,13000,8000,400000
1791427269,909564593,3214,1617942128,D,N,258152000000,258151000000,258150000000,258144000000,258143000000,1991030000,990000,590000,300000,200000,258153000000,258154000000,258155000000,258156000000,258159000000,7417940000,142750000,19770000,200000,4200000
1791427269,910816547,3215,1617942128,S,N,258152000000,258151000000,258150000000,258144000000,258143000000,1991030000,990000,590000,300000,200000,258153000000,258154000000,258155000000,258156000000,258159000000,7417940000,142750000,19770000,200000,4200000
1791427270,66681223,3216,1747767917,D,N,8319600000000,8319599000000,8319598000000,8319404000000,8319401000000,45881000,83000,13000,7000,7000,8319601000000,8319602000000,8319603000000,8319605000000,8319663000000,1007184000,13000,13000,8000,400000
1791427270,68926592,3217,1617942128,D,N,258152000000,258151000000,258150000000,258144000000,258143000000,2210650000,990000,590000,300000,200000,258153000000,258154000000,258155000000,258156000000,258159000000,7425690000,142750000,19770000,200000,4620000
1791427270,70752209,3218,1617942128,S,N,258152000000,258151000000,258150000000,258144000000,258143000000,2210650000,990000,590000,300000,200000,258153000000,258154000000,258155000000,258156000000,258159000000,7425690000,142750000,19770000,200000,4620000
1791427270,104794558,3219,1747767917,D,N,8319600000000,8319599000000,8319598000000,8319429000000,8319404000000,115580000,69000,13000,18241000,7000,8319601000000,8319602000000,8319603000000,8319605000000,8319663000000,872188000,13000,13000,8000,400000
1791427270,107448054,3220,1617942128,D,N,258152000000,258151000000,258150000000,258144000000,258143000000,5159140000,990000,590000,300000,200000,258153000000,258154000000,258155000000,258156000000,258159000000,5983840000,142750000,390000,200000,4620000
1791427270,109832731,3221,1617942128,S,N,258152000000,258151000000,258150000000,258144000000,258143000000,5159140000,990000,590000,300000,200000,258153000000,258154000000,258155000000,258156000000,258159000000,5983840000,142750000,390000,200000,4620000
1791427270,189007175,3222,1747767917,D,N,8319600000000,8319599000000,8319598000000,8319404000000,8319402000000,229134000,83000,13000,7000,7000,8319601000000,8319602000000,8319603000000,8319605000000,8319663000000,739648000,13000,13000,8000,400000
1791427270,235554742,3223,1617942128,D,N,258152000000,258151000000,258150000000,258144000000,258143000000,5825240000,990000,590000,300000,200000,258153000000,258154000000,258155000000,258159000000,258160000000,4052000000,25770000,390000,4620000,41560000
1791427270,237817885,3224,1617942128,S,N,258152000000,258151000000,258150000000,258144000000,258143000000,5825240000,990000,590000,300000,200000,258153000000,258154000000,258155000000,258159000000,258160000000,4052000000,25770000,390000,4620000,41560000
1791427270,285812725,3225,1747767917,D,N,8319600000000,8319599000000,8319598000000,8319404000000,8319402000000,161316000,83000,13000,7000,7000,8319601000000,8319602000000,8319603000000,8319605000000,8319663000000,798143000,13000,13000,8000,400000
1791427270,287733265,3226,1617942128,D,N,258152000000,258151000000,258150000000,258144000000,258143000000,5825240000,990000,590000,300000,200000,258153000000,258154000000,258155000000,258159000000,258160000000,4009110000,25770000,390000,4620000,41560000
1791427270,289507001,3227,1617942128,S,N,258152000000,258151000000,258150000000,258144000000,258143000000,5825240000,990000,590000,300000,200000,258153000000,258154000000,258155000000,258159000000,258160000000,4009110000,25770000,390000,4620000,41560000
1791427270,381814801,3228,1747767917,D,N,8319600000000,8319599000000,8319598000000,8319404000000,8319402000000,287084000,83000,13000,7000,7000,8319601000000,8319602000000,8319603000000,8319605000000,8319663000000,776956000,13000,13000,8000,400000
1791427270,383506874,3229,1617942128,D,N,258153000000,258152000000,258151000000,258150000000,258148000000,11192380000,2659520000,390000,400000,4000000,258154000000,258155000000,258159000000,258160000000,258164000000,28340000,990000,820000,41760000,820000
1791427270,386225220,3230,1617942128,S,N,258153000000,258152000000,258151000000,258150000000,258148000000,11192380000,2659520000,390000,400000,4000000,258154000000,258155000000,258159000000,258160000000,258164000000,28340000,990000,820000,41760000,820000
1791427270,477104288,3231,1747767917,D,N,8319600000000,8319599000000,8319598000000,8319404000000,8319402000000,230095000,83000,13000,7000,7000,8319601000000,8319602000000,8319603000000,8319605000000,8319663000000,776956000,13000,13000,8000,400000
1791427270,478753319,3232,1617942128,D,N,258153000000,258152000000,258151000000,258150000000,258148000000,11194750000,2648320000,390000,400000,4000000,258154000000,258155000000,258158000000,258159000000,258160000000,28340000,990000,410000,820000,41760000
1791427270,480370165,3233,1617942128,S,N,258153000000,258152000000,258151000000,258150000000,258148000000,11194750000,2648320000,390000,400000,4000000,258154000000,258155000000,258158000000,258159000000,258160000000,28340000,990000,410000,820000,41760000
1791427270,575462603,3234,1747767917,D,N,8319600000000,8319599000000,8319598000000,8319404000000,8319402000000,234299000,83000,13000,7000,7000,8319601000000,8319602000000,8319603000000,8319605000000,8319663000000,776956000,13000,13000,8000,400000
1791427270,578214095,3235,1617942128,D,N,258153000000,258152000000,258151000000,258150000000,258148000000,11205950000,2648320000,390000,400000,4000000,258154000000,258155000000,258158000000,258159000000,258160000000,28340000,990000,410000,820000,41760000
1791427270,579807787,3236,1617942128,S,N,258153000000,258152000000,258151000000,258150000000,258148000000,11205950000,2648320000,390000,400000,4000000,258154000000,258155000000,258158000000,258159000000,258160000000,28340000,990000,410000,820000,41760000
1791427270,668064296,3237,1747767917,S,N,8319600000000,8319599000000,8319598000000,8319404000000,8319402000000,234299000,83000,13000,7000,7000,8319601000000,8319602000000,8319603000000,8319605000000,8319663000000,776956000,13000,13000,8000,400000
1791427270,669906053,3238,1747767917,D,N,8319600000000,8319599000000,8319598000000,8319404000000,8319402000000,234299000,83000,13000,7000,7000,8319601000000,8319602000000,8319603000000,8319605000000,8319663000000,776956000,13000,13000,8000,400000
1791427270,671438257,3239,1617942128,D,N,258159000000,258158000000,258157000000,258154000000,258153000000,9189540000,1813350000,390000,2215050000,5673170000,258160000000,258161000000,258164000000,258165000000,258166000000,2610000,600000,400000,200000,200000
1791427270,673299518,3240,1617942128,S,N,258159000000,258158000000,258157000000,258154000000,258153000000,9189540000,1813350000,390000,2215050000,5673170000,258160000000,258161000000,258164000000,258165000000,258166000000,2610000,600000,400000,200000,200000
1791427270,771884858,3241,1747767917,S,N,8319600000000,8319599000000,8319598000000,8319404000000,8319402000000,234299000,83000,13000,7000,7000,8319601000000,8319602000000,8319603000000,8319605000000,8319663000000,776956000,13000,13000,8000,400000
1791427270,772602827,3242,1747767917,D,N,8319600000000,8319599000000,8319598000000,8319404000000,8319402000000,234299000,83000,13000,7000,7000,8319601000000,8319602000000,8319603000000,8319605000000,8319663000000,776956000,13000,13000,8000,400000
1791427270,773374405,3243,1617942128,D,N,258160000000,258159000000,258158000000,258155000000,258154000000,7649090000,5060300000,1813550000,15200000,640000,258161000000,258162000000,258164000000,258165000000,258166000000,25420000,400000,400000,200000,620000
1791427270,774298550,3244,1617942128,S,N,258160000000,258159000000,258158000000,258155000000,258154000000,7649090000,5060300000,1813550000,15200000,640000,258161000000,258162000000,258164000000,258165000000,258166000000,25420000,400000,400000,200000,620000
1791427270,861076177,3245,1747767917,S,N,8319600000000,8319599000000,8319598000000,8319404000000,8319402000000,234299000,83000,13000,7000,7000,8319601000000,8319602000000,8319603000000,8319605000000,8319663000000,776956000,13000,13000,8000,400000
1791427270,862011179,3246,1747767917,D,N,8319600000000,8319599000000,8319598000000,8319404000000,8319402000000,234299000,83000,13000,7000,7000,8319601000000,8319602000000,8319603000000,8319605000000,8319663000000,776956000,13000,13000,8000,400000
1791427270,862596372,3247,1617942128,D,N,258160000000,258159000000,258158000000,258155000000,258154000000,7649090000,4160730000,1813550000,200000,640000,258161000000,258162000000,258164000000,258165000000,258166000000,25420000,400000,400000,200000,620000
1791427270,863210964,3248,1617942128,S,N,258160000000,258159000000,258158000000,258155000000,258154000000,7649090000,4160730000,1813550000,200000,640000,258161000000,258162000000,258164000000,258165000000,258166000000,25420000,400000,400000,200000,620000
1791427270,957931495,3249,1747767917,D,N,8319600000000,8319599000000,8319598000000,8319404000000,8319402000000,200508000,83000,13000,7000,7000,8319601000000,8319602000000,8319603000000,8319605000000,8319663000000,776956000,13000,13000,8000,400000
1791427270,960979186,3250,1617942128,D,N,258160000000,258159000000,258158000000,258155000000,258154000000,7660290000,4782250000,1813550000,200000,640000,258161000000,258162000000,258164000000,258165000000,258166000000,25620000,600000,200000,200000,620000
1791427270,962239786,3251,1617942128,S,N,258160000000,258159000000,258158000000,258155000000,258154000000,7660290000,4782250000,1813550000,200000,640000,258161000000,258162000000,258164000000,258165000000,258166000000,25620000,600000,200000,200000,620000
1791427271,52962060,3252,1747767917,D,N,8319600000000,8319599000000,8319598000000,8319404000000,8319402000000,234261000,83000,13000,7000,7000,8319601000000,8319602000000,8319603000000,8319605000000,8319663000000,772949000,13000,13000,8000,400000
1791427271,54242163,3253,1617942128,D,N,258166000000,258165000000,258164000000,258162000000,258160000000,11868660000,62460000,390000,593990000,741570000,258167000000,258168000000,258169000000,258170000000,258171000000,2200000,590000,590000,200000,420000
1791427271,56212853,3254,1617942128,S,N,258166000000,258165000000,258164000000,258162000000,258160000000,11868660000,62460000,390000,593990000,741570000,258167000000,258168000000,258169000000,258170000000,258171000000,2200000,590000,590000,200000,420000
1791427271,149169255,3255,1747767917,D,N,8319600000000,8319599000000,8319598000000,8319404000000,8319402000000,235639000,83000,13000,7000,7000,8319601000000,8319602000000,8319603000000,8319605000000,8319663000000,772949000,13000,13000,8000,400000
1791427271,150138075,3256,1617942128,D,N,258166000000,258165000000,258164000000,258162000000,258160000000,11883210000,62460000,390000,593990000,730370000,258167000000,258168000000,258169000000,258170000000,258172000000,24740000,990000,590000,200000,420000
1791427271,150984880,3257,1617942128,S,N,258166000000,258165000000,258164000000,258162000000,258160000000,11883210000,62460000,390000,593990000,730370000,258167000000,258168000000,258169000000,258170000000,258172000000,24740000,990000,590000,200000,420000
1791427271,245913798,3258,1747767917,D,N,8319600000000,8319599000000,8319598000000,8319404000000,8319402000000,201827000,76000,13000,7000,7000,8319601000000,8319602000000,8319603000000,8319605000000,8319663000000,772963000,13000,13000,8000,400000
1791427271,247121653,3259,1617942128,D,N,258166000000,258165000000,258164000000,258163000000,258162000000,11883830000,62460000,390000,420000,593990000,258167000000,258168000000,258169000000,258170000000,258172000000,998520000,1390000,590000,200000,420000
1791427271,248368706,3260,1617942128,S,N,258166000000,258165000000,258164000000,258163000000,258162000000,11883830000,62460000,390000,420000,593990000,258167000000,258168000000,258169000000,258170000000,258172000000,998520000,1390000,590000,200000,420000
1791427271,341100869,3261,1747767917,D,N,8319600000000,8319599000000,8319598000000,8319404000000,8319402000000,130884000,76000,13000,7000,7000,8319601000000,8319602000000,8319603000000,8319605000000,8319663000000,772963000,13000,13000,8000,400000
1791427271,342307187,3262,1617942128,D,N,258166000000,258165000000,258164000000,258163000000,258162000000,11883830000,62460000,390000,420000,593990000,258167000000,258168000000,258169000000,258170000000,258172000000,998520000,1810000,590000,200000,420000
1791427271,343380441,3263,1617942128,S,N,258166000000,258165000000,258164000000,258163000000,258162000000,11883830000,62460000,390000,420000,593990000,258167000000,258168000000,258169000000,258170000000,258172000000,998520000,1810000,590000,200000,420000
1791427271,440727758,3264,1747767917,D,N,8319600000000,8319599000000,8319598000000,8319404000000,8319401000000,40542000,62000,13000,7000,7000,8319601000000,8319602000000,8319603000000,8319605000000,8319649000000,793506000,13000,13000,8000,2908000
1791427271,442704309,3265,1617942128,D,N,258166000000,258165000000,258164000000,258163000000,258162000000,3805200000,590000,390000,420000,362360000,258167000000,258168000000,258169000000,258170000000,258172000000,3263200000,1210000,590000,200000,420000
1791427271,444249772,3266,1617942128,S,N,258166000000,258165000000,258164000000,258163000000,258162000000,3805200000,590000,390000,420000,362360000,258167000000,258168000000,258169000000,258170000000,258172000000,3263200000,1210000,590000,200000,420000
1791427271,535240191,3267,1747767917,D,N,8319600000000,8319599000000,8319598000000,8319404000000,8319401000000,40542000,69000,13000,7000,7000,8319601000000,8319602000000,8319603000000,8319605000000,8319649000000,793266000,13000,13000,8000,2922000
1791427271,536375605,3268,1617942128,D,N,258166000000,258165000000,258164000000,258163000000,258162000000,3805400000,590000,810000,578630000,362360000,258167000000,258168000000,258169000000,258170000000,258172000000,3263400000,1210000,390000,200000,420000
1791427271,537498145,3269,1617942128,S,N,258166000000,258165000000,258164000000,258163000000,258162000000,3805400000,590000,810000,578630000,362360000,258167000000,258168000000,258169000000,258170000000,258172000000,3263400000,1210000,390000,200000,420000
1791427271,630595297,3270,1747767917,S,N,8319600000000,8319599000000,8319598000000,8319404000000,8319401000000,40542000,69000,13000,7000,7000,8319601000000,8319602000000,8319603000000,8319605000000,8319649000000,793266000,13000,13000,8000,2922000
1791427271,631837451,3271,1747767917,D,N,8319600000000,8319599000000,8319598000000,8319404000000,8319401000000,40542000,69000,13000,7000,7000,8319601000000,8319602000000,8319603000000,8319605000000,8319649000000,793266000,13000,13000,8000,2922000
1791427271,632857287,3272,1617942128,D,N,258166000000,258165000000,258164000000,258163000000,258162000000,3804440000,590000,390000,420000,362360000,258167000000,258168000000,258169000000,258170000000,258172000000,3264360000,1210000,390000,200000,420000
1791427271,633925257,3273,1617942128,S,N,258166000000,258165000000,258164000000,258163000000,258162000000,3804440000,590000,390000,420000,362360000,258167000000,258168000000,258169000000,258170000000,258172000000,3264360000,1210000,390000,200000,420000
1791427271,729194184,3274,1747767917,D,N,8319600000000,8319599000000,8319598000000,8319404000000,8319401000000,41864000,69000,13000,7000,7000,8319601000000,8319602000000,8319603000000,8319605000000,8319606000000,1023742000,13000,13000,8000,240000
1791427271,730828708,3275,1617942128,D,N,258166000000,258165000000,258164000000,258163000000,258162000000,3695040000,590000,390000,620000,362360000,258167000000,258168000000,258169000000,258170000000,258172000000,3266740000,1210000,390000,200000,420000
1791427271,732060293,3276,1617942128,S,N,258166000000,258165000000,258164000000,258163000000,258162000000,3695040000,590000,390000,620000,362360000,258167000000,258168000000,258169000000,258170000000,258172000000,3266740000,1210000,390000,200000,420000
1791427271,821673573,3277,1747767917,D,N,8319600000000,8319599000000,8319598000000,8319404000000,8319401000000,5641000,69000,13000,7000,7000,8319601000000,8319602000000,8319603000000,8319605000000,8319649000000,1024583000,13000,13000,8000,2922000
1791427271,824691673,3278,1617942128,D,N,258166000000,258165000000,258164000000,258163000000,258160000000,1541130000,390000,390000,200000,400000,258167000000,258168000000,258169000000,258170000000,258172000000,4201010000,810000,390000,4200000,420000
1791427271,826367606,3279,1617942128,S,N,258166000000,258165000000,258164000000,258163000000,258160000000,1541130000,390000,390000,200000,400000,258167000000,258168000000,258169000000,258170000000,258172000000,4201010000,810000,390000,4200000,420000
1791427271,917430369,3280,1747767917,D,N,8319400000000,8319399000000,8319354000000,8319341000000,8319336000000,27254000,49000,7000,7000,7000,8319401000000,8319402000000,8319403000000,8319440000000,8319477000000,733585000,47861000,13000,240000,8000
1791427271,919076614,3281,1617942128,D,N,258166000000,258165000000,258164000000,258163000000,258160000000,1503500000,990000,390000,200000,400000,258167000000,258168000000,258169000000,258170000000,258173000000,4270750000,810000,390000,4200000,38100000
1791427271,920167066,3282,1617942128,S,N,258166000000,258165000000,258164000000,258163000000,258160000000,1503500000,990000,390000,200000,400000,258167000000,258168000000,258169000000,258170000000,258173000000,4270750000,810000,390000,4200000,38100000
1791427272,27964653,3283,1747767917,D,N,8319400000000,8319399000000,8319354000000,8319341000000,8319336000000,27260000,49000,7000,7000,7000,8319401000000,8319402000000,8319403000000,8319477000000,8319535000000,847086000,47861000,13000,8000,1717000
1791427272,28784749,3284,1617942128,D,N,258153000000,258152000000,258151000000,258150000000,258148000000,591690000,492630000,12110000,200000,200000,258154000000,258155000000,258156000000,258159000000,258160000000,8804930000,390000,390000,4420000,61870000
1791427272,29550370,3285,1617942128,S,N,258153000000,258152000000,258151000000,258150000000,258148000000,591690000,492630000,12110000,200000,200000,258154000000,258155000000,258156000000,258159000000,258160000000,8804930000,390000,390000,4420000,61870000
1791427272,111499652,3286,1747767917,D,N,8319400000000,8319399000000,8319354000000,8319341000000,8319336000000,27274000,49000,7000,7000,7000,8319401000000,8319402000000,8319403000000,8319477000000,8319535000000,960801000,47861000,13000,8000,1717000
1791427272,113785757,3287,1617942128,D,N,258153000000,258152000000,258150000000,258148000000,258145000000,1125060000,492430000,200000,200000,600000,258154000000,258155000000,258156000000,258159000000,258160000000,8748710000,390000,390000,4420000,61870000
1791427272,116362968,3288,1617942128,S,N,258153000000,258152000000,258150000000,258148000000,258145000000,1125060000,492430000,200000,200000,600000,258154000000,258155000000,258156000000,258159000000,258160000000,8748710000,390000,390000,4420000,61870000
1791427272,207535162,3289,1747767917,D,N,8319400000000,8319399000000,8319354000000,8319341000000,8319336000000,5874000,49000,7000,7000,7000,8319401000000,8319402000000,8319403000000,8319477000000,8319535000000,981789000,47861000,13000,8000,1717000
1791427272,210613885,3290,1617942128,D,N,258153000000,258152000000,258150000000,258148000000,258145000000,303830000,492430000,200000,200000,400000,258154000000,258155000000,258156000000,258159000000,258160000000,8749130000,23130000,390000,4420000,62290000
1791427272,213259982,3291,1617942128,S,N,258153000000,258152000000,258150000000,258148000000,258145000000,303830000,492430000,200000,200000,400000,258154000000,258155000000,258156000000,258159000000,258160000000,8749130000,23130000,390000,4420000,62290000
1791427272,323008372,3292,1747767917,D,N,8319200000000,8319105000000,8319099000000,8319098000000,8319008000000,2800000,7000,7000,4222000,7000,8319201000000,8319293000000,8319336000000,8319401000000,8319402000000,390691000,9542000,45334000,566874000,47861000
1791427272,333595164,3293,1617942128,D,N,258153000000,258152000000,258150000000,258148000000,258145000000,303830000,492630000,200000,200000,400000,258154000000,258155000000,258156000000,258158000000,258159000000,8749130000,23130000,390000,420000,50470000
1791427272,335019764,3294,1617942128,S,N,258153000000,258152000000,258150000000,258148000000,258145000000,303830000,492630000,200000,200000,400000,258154000000,258155000000,258156000000,258158000000,258159000000,8749130000,23130000,390000,420000,50470000
1791427272,417704788,3295,1747767917,D,N,8319098000000,8319097000000,8319008000000,8319001000000,8319000000000,29600000,49000,7000,14000,4928000,8319099000000,8319100000000,8319101000000,8319106000000,8319168000000,769165000,48000,13000,38145000,400000
1791427272,420399188,3296,1617942128,D,N,258153000000,258152000000,258150000000,258148000000,258145000000,303830000,492630000,200000,200000,400000,258154000000,258155000000,258156000000,258158000000,258159000000,8749130000,23130000,390000,420000,50470000
1791427272,422391788,3297,1617942128,S,N,258153000000,258152000000,258150000000,258148000000,258145000000,303830000,492630000,200000,200000,400000,258154000000,258155000000,258156000000,258158000000,258159000000,8749130000,23130000,390000,420000,50470000
1791427272,513054688,3298,1747767917,D,N,8319098000000,8319097000000,8319008000000,8319001000000,8319000000000,29509000,56000,7000,14000,4928000,8319099000000,8319100000000,8319101000000,8319106000000,8319168000000,770401000,48000,13000,38145000,400000
1791427272,515148988,3299,1617942128,D,N,258153000000,258152000000,258150000000,258148000000,258145000000,303830000,492630000,200000,200000,400000,258154000000,258155000000,258156000000,258158000000,258159000000,8749130000,23130000,390000,420000,50470000
1791427272,516689288,3300,1617942128,S,N,258153000000,258152000000,258150000000,258148000000,258145000000,303830000,492630000,200000,200000,400000,258154000000,258155000000,258156000000,258158000000,258159000000,8749130000,23130000,390000,420000,50470000
1791427272,600494788,3301,1747767917,D,N,8319098000000,8319097000000,8319008000000,8319001000000,8319000000000,48693000,56000,7000,14000,4928000,8319099000000,8319100000000,8319101000000,8319106000000,8319168000000,770623000,27000,13000,38145000,400000
1791427272,601849188,3302,1617942128,D,N,258153000000,258152000000,258150000000,258148000000,258145000000,303830000,492630000,200000,200000,400000,258154000000,258155000000,258156000000,258158000000,258159000000,8749130000,23130000,390000,420000,50470000
1791427272,603159188,3303,1617942128,S,N,258153000000,258152000000,258150000000,258148000000,258145000000,303830000,492630000,200000,200000,400000,258154000000,258155000000,258156000000,258158000000,258159000000,8749130000,23130000,390000,420000,50470000
1791427272,707689688,3304,1747767917,D,N,8319098000000,8319097000000,8319008000000,8319001000000,8319000000000,48693000,56000,7000,14000,4928000,8319099000000,8319100000000,8319101000000,8319106000000,8319168000000,770637000,48000,13000,38145000,400000
1791427272,708676188,3305,1617942128,D,N,258153000000,258152000000,258150000000,258148000000,258145000000,303830000,492630000,200000,200000,400000,258154000000,258155000000,258156000000,258158000000,258159000000,8569090000,23130000,390000,420000,50470000
1791427272,709674888,3306,1617942128,S,N,258153000000,258152000000,258150000000,258148000000,258145000000,303830000,492630000,200000,200000,400000,258154000000,258155000000,258156000000,258158000000,258159000000,8569090000,23130000,390000,420000,50470000
1791427272,799059288,3307,1747767917,D,N,8319098000000,8319097000000,8319008000000,8319001000000,8319000000000,48700000,56000,7000,14000,4928000,8319099000000,8319100000000,8319101000000,8319106000000,8319168000000,789432000,55000,13000,38145000,400000
1791427272,800121388,3308,1617942128,D,N,258153000000,258152000000,258150000000,258148000000,258145000000,303830000,492630000,200000,200000,400000,258154000000,258155000000,258156000000,258158000000,258159000000,8569090000,23130000,590000,420000,50470000
1791427272,801095988,3309,1617942128,S,N,258153000000,258152000000,258150000000,258148000000,258145000000,303830000,492630000,200000,200000,400000,258154000000,258155000000,258156000000,258158000000,258159000000,8569090000,23130000,590000,420000,50470000
1791427272,904172288,3310,1747767917,D,N,8319098000000,8319097000000,8319001000000,8319000000000,8318984000000,48772000,56000,14000,4928000,60000,8319099000000,8319100000000,8319101000000,8319106000000,8319168000000,789837000,55000,13000,38145000,400000
1791427272,905395388,3311,1617942128,D,N,258153000000,258152000000,258150000000,258148000000,258145000000,303830000,492630000,200000,200000,400000,258154000000,258155000000,258156000000,258158000000,258159000000,8607820000,23130000,590000,420000,50470000
1791427272,906385988,3312,1617942128,S,N,258153000000,258152000000,258150000000,258148000000,258145000000,303830000,492630000,200000,200000,400000,258154000000,258155000000,258156000000,258158000000,258159000000,8607820000,23130000,590000,420000,50470000
1791427273,9901288,3313,1747767917,D,N,8319098000000,8319097000000,8319001000000,8319000000000,8318984000000,48782000,56000,14000,4928000,60000,8319099000000,8319100000000,8319101000000,8319106000000,8319168000000,789837000,55000,13000,38145000,400000
1791427273,11005588,3314,1617942128,D,N,258153000000,258152000000,258150000000,258148000000,258145000000,303830000,492630000,200000,200000,400000,258154000000,258155000000,258156000000,258158000000,258159000000,8607820000,23130000,590000,420000,50470000
1791427273,11776188,3315,1617942128,S,N,258153000000,258152000000,258150000000,258148000000,258145000000,303830000,492630000,200000,200000,400000,258154000000,258155000000,258156000000,258158000000,258159000000,8607820000,23130000,590000,420000,50470000
1791427273,100465288,3316,1747767917,D,N,8319098000000,8319097000000,8319001000000,8319000000000,8318984000000,48717000,56000,14000,4928000,60000,8319099000000,8319100000000,8319101000000,8319106000000,8319168000000,789906000,55000,13000,38145000,400000
1791427273,101372588,3317,1617942128,D,N,258153000000,258152000000,258151000000,258150000000,258148000000,304220000,493020000,390000,200000,200000,258154000000,258155000000,258156000000,258158000000,258159000000,8607820000,23130000,590000,420000,50470000
1791427273,102388888,3318,1617942128,S,N,258153000000,258152000000,258151000000,258150000000,258148000000,304220000,493020000,390000,200000,200000,258154000000,258155000000,258156000000,258158000000,258159000000,8607820000,23130000,590000,420000,50470000
1791427273,257821288,3319,1747767917,D,N,8319098000000,8319097000000,8319001000000,8319000000000,8318984000000,30843000,56000,14000,4928000,60000,8319099000000,8319100000000,8319101000000,8319106000000,8319168000000,789857000,13000,13000,38145000,400000
1791427273,259117188,3320,1617942128,D,N,258153000000,258152000000,258151000000,258150000000,258148000000,304220000,493020000,390000,200000,200000,258154000000,258155000000,258156000000,258158000000,258159000000,8607820000,23130000,590000,420000,50470000
1791427273,260124088,3321,1617942128,S,N,258153000000,258152000000,258151000000,258150000000,258148000000,304220000,493020000,390000,200000,200000,258154000000,258155000000,258156000000,258158000000,258159000000,8607820000,23130000,590000,420000,50470000
1791427273,300738288,3322,1747767917,D,N,8319098000000,8319097000000,8319001000000,8319000000000,8318984000000,50513000,56000,14000,4928000,60000,8319099000000,8319100000000,8319101000000,8319106000000,8319168000000,789906000,55000,13000,38145000,400000
1791427273,301693388,3323,1617942128,D,N,258153000000,258152000000,258151000000,258150000000,258148000000,304220000,493020000,390000,200000,200000,258154000000,258155000000,258156000000,258158000000,258159000000,8992090000,23130000,45410000,420000,50470000
1791427273,302549088,3324,1617942128,S,N,258153000000,258152000000,258151000000,258150000000,258148000000,304220000,493020000,390000,200000,200000,258154000000,258155000000,258156000000,258158000000,258159000000,8992090000,23130000,45410000,420000,50470000
1791427273,422468388,3325,1747767917,S,N,8319098000000,8319097000000,8319001000000,8319000000000,8318984000000,50513000,56000,14000,4928000,60000,8319099000000,8319100000000,8319101000000,8319106000000,8319168000000,789906000,55000,13000,38145000,400000
1791427273,423773288,3326,1747767917,D,N,8319098000000,8319097000000,8319001000000,8319000000000,8318984000000,50513000,56000,14000,4928000,60000,8319099000000,8319100000000,8319101000000,8319106000000,8319168000000,789906000,55000,13000,38145000,400000
1791427273,424807388,3327,1617942128,D,N,258153000000,258152000000,258151000000,258150000000,258148000000,304220000,493020000,390000,200000,200000,258154000000,258155000000,258156000000,258158000000,258159000000,8992090000,23130000,45410000,420000,50670000
1791427273,425720888,3328,1617942128,S,N,258153000000,258152000000,258151000000,258150000000,258148000000,304220000,493020000,390000,200000,200000,258154000000,258155000000,258156000000,258158000000,258159000000,8992090000,23130000,45410000,420000,50670000
1791427273,500373788,3329,1747767917,D,N,8319098000000,8319097000000,8319001000000,8319000000000,8318984000000,50513000,56000,14000,4928000,60000,8319099000000,8319100000000,8319101000000,8319106000000,8319168000000,789311000,302000,13000,38145000,400000
1791427273,502440788,3330,1617942128,D,N,258153000000,258152000000,258151000000,258150000000,258148000000,895080000,493420000,390000,200000,200000,258154000000,258155000000,258156000000,258158000000,258159000000,8992090000,23130000,45410000,420000,50670000
1791427273,504723488,3331,1617942128,S,N,258153000000,258152000000,258151000000,258150000000,258148000000,895080000,493420000,390000,200000,200000,258154000000,258155000000,258156000000,258158000000,258159000000,8992090000,23130000,45410000,420000,50670000
1791427273,630514488,3332,1747767917,D,N,8319098000000,8319097000000,8319001000000,8319000000000,8318984000000,50534000,56000,14000,4928000,60000,8319099000000,8319100000000,8319101000000,8319103000000,8319106000000,789311000,62000,13000,240000,38145000
1791427273,633131788,3333,1617942128,D,N,258153000000,258152000000,258151000000,258150000000,258148000000,895280000,493620000,390000,200000,200000,258154000000,258155000000,258156000000,258158000000,258159000000,8852030000,23130000,45410000,420000,50670000
1791427273,635678388,3334,1617942128,S,N,258153000000,258152000000,258151000000,258150000000,258148000000,895280000,493620000,390000,200000,200000,258154000000,258155000000,258156000000,258158000000,258159000000,8852030000,23130000,45410000,420000,50670000
1791427273,736514988,3335,1747767917,D,N,8319098000000,8319097000000,8319001000000,8319000000000,8318984000000,50527000,56000,14000,4928000,60000,8319099000000,8319100000000,8319101000000,8319105000000,8319106000000,789476000,62000,13000,240000,38145000
1791427273,738926588,3336,1617942128,D,N,258153000000,258152000000,258151000000,258150000000,258149000000,933570000,493620000,390000,410000,191450000,258154000000,258155000000,258156000000,258158000000,258159000000,8852030000,23340000,45410000,420000,50670000
1791427273,741475488,3337,1617942128,S,N,258153000000,258152000000,258151000000,258150000000,258149000000,933570000,493620000,390000,410000,191450000,258154000000,258155000000,258156000000,258158000000,258159000000,8852030000,23340000,45410000,420000,50670000
1791427273,815069588,3338,1747767917,D,N,8319098000000,8319097000000,8319001000000,8319000000000,8318984000000,50527000,56000,14000,4928000,60000,8319099000000,8319100000000,8319101000000,8319106000000,8319107000000,789469000,55000,13000,38145000,240000
1791427273,816791588,3339,1617942128,D,N,258153000000,258152000000,258151000000,258150000000,258149000000,933570000,493620000,390000,410000,191450000,258154000000,258155000000,258156000000,258158000000,258159000000,8852030000,23340000,45410000,420000,50670000
1791427273,818082688,3340,1617942128,S,N,258153000000,258152000000,258151000000,258150000000,258149000000,933570000,493620000,390000,410000,191450000,258154000000,258155000000,258156000000,258158000000,258159000000,8852030000,23340000,45410000,420000,50670000
1791427273,974481388,3341,1747767917,D,N,8319098000000,8319097000000,8319096000000,8319001000000,8319000000000,50540000,69000,13000,14000,4928000,8319099000000,8319100000000,8319101000000,8319106000000,8319109000000,789476000,62000,13000,38145000,240000
1791427273,976714388,3342,1617942128,D,N,258153000000,258152000000,258151000000,258150000000,258149000000,933770000,493620000,390000,610000,191450000,258154000000,258155000000,258156000000,258158000000,258159000000,8852030000,23340000,45410000,420000,50670000
1791427273,978461388,3343,1617942128,S,N,258153000000,258152000000,258151000000,258150000000,258149000000,933770000,493620000,390000,610000,191450000,258154000000,258155000000,258156000000,258158000000,258159000000,8852030000,23340000,45410000,420000,50670000
1791427274,16987488,3344,1747767917,D,N,8319098000000,8319097000000,8319096000000,8319001000000,8319000000000,50540000,69000,13000,14000,4928000,8319099000000,8319100000000,8319101000000,8319106000000,8319111000000,789413000,62000,13000,38145000,240000
1791427274,18494788,3345,1617942128,D,N,258153000000,258152000000,258151000000,258150000000,258149000000,933770000,493620000,390000,610000,191450000,258154000000,258155000000,258156000000,258158000000,258159000000,8852030000,23340000,45410000,420000,50670000
1791427274,19785988,3346,1617942128,S,N,258153000000,258152000000,258151000000,258150000000,258149000000,933770000,493620000,390000,610000,191450000,258154000000,258155000000,258156000000,258158000000,258159000000,8852030000,23340000,45410000,420000,50670000
1791427274,140370288,3347,1747767917,D,N,8319098000000,8319097000000,8319096000000,8319001000000,8319000000000,50540000,69000,13000,14000,4928000,8319099000000,8319100000000,8319101000000,8319106000000,8319113000000,789413000,62000,13000,38145000,240000
1791427274,142470588,3348,1617942128,D,N,258153000000,258152000000,258151000000,258150000000,258149000000,933770000,493620000,390000,610000,191450000,258154000000,258155000000,258156000000,258158000000,258159000000,8852030000,23340000,45410000,420000,50670000
1791427274,144355688,3349,1617942128,S,N,258153000000,258152000000,258151000000,258150000000,258149000000,933770000,493620000,390000,610000,191450000,258154000000,258155000000,258156000000,258158000000,258159000000,8852030000,23340000,45410000,420000,50670000
1791427274,223151888,3350,1747767917,D,N,8319098000000,8319097000000,8319096000000,8319001000000,8319000000000,50540000,69000,13000,14000,4928000,8319099000000,8319100000000,8319101000000,8319106000000,8319115000000,789420000,69000,13000,38145000,240000
1791427274,225004188,3351,1617942128,D,N,258153000000,258152000000,258151000000,258150000000,258149000000,933770000,493620000,390000,610000,191450000,258154000000,258155000000,258156000000,258158000000,258159000000,8852030000,23340000,45410000,420000,50670000
1791427274,226183688,3352,1617942128,S,N,258153000000,258152000000,258151000000,258150000000,258149000000,933770000,493620000,390000,610000,191450000,258154000000,258155000000,258156000000,258158000000,258159000000,8852030000,23340000,45410000,420000,50670000
1791427274,385082488,3353,1747767917,D,N,8319098000000,8319097000000,8319096000000,8319001000000,8319000000000,50540000,69000,13000,14000,4928000,8319099000000,8319100000000,8319101000000,8319106000000,8319117000000,789413000,69000,13000,38145000,240000
1791427274,386604088,3354,1617942128,D,N,258153000000,258152000000,258151000000,258150000000,258149000000,933770000,493620000,390000,610000,191450000,258154000000,258155000000,258156000000,258158000000,258159000000,8852030000,23340000,45410000,420000,50670000
1791427274,388065188,3355,1617942128,S,N,258153000000,258152000000,258151000000,258150000000,258149000000,933770000,493620000,390000,610000,191450000,258154000000,258155000000,258156000000,258158000000,258159000000,8852030000,23340000,45410000,420000,50670000
1791427274,399291388,3356,1747767917,D,N,8319098000000,8319097000000,8319096000000,8319001000000,8319000000000,50540000,69000,13000,14000,4928000,8319099000000,8319100000000,8319101000000,8319106000000,8319144000000,789351000,69000,13000,38145000,189000
1791427274,400702588,3357,1617942128,D,N,258153000000,258152000000,258151000000,258150000000,258149000000,972510000,493620000,390000,610000,191450000,258154000000,258155000000,258156000000,258158000000,258159000000,8852030000,23340000,45410000,420000,50670000
1791427274,416575088,3358,1617942128,S,N,258153000000,258152000000,258151000000,258150000000,258149000000,972510000,493620000,390000,610000,191450000,258154000000,258155000000,258156000000,258158000000,258159000000,8852030000,23340000,45410000,420000,50670000
1791427274,499033788,3359,1747767917,D,N,8319098000000,8319097000000,8319096000000,8319001000000,8319000000000,50540000,69000,13000,14000,4928000,8319099000000,8319100000000,8319101000000,8319106000000,8319144000000,789953000,69000,13000,38145000,189000
1791427274,500175388,3360,1617942128,D,N,258153000000,258152000000,258151000000,258150000000,258149000000,972510000,493620000,390000,820000,191450000,258154000000,258155000000,258156000000,258157000000,258158000000,8852030000,23550000,45830000,97560000,55070000
1791427274,501161288,3361,1617942128,S,N,258153000000,258152000000,258151000000,258150000000,258149000000,972510000,493620000,390000,820000,191450000,258154000000,258155000000,258156000000,258157000000,258158000000,8852030000,23550000,45830000,97560000,55070000
1791427274,600050688,3362,1747767917,D,N,8319098000000,8319097000000,8319096000000,8319001000000,8319000000000,50540000,69000,13000,14000,4928000,8319099000000,8319100000000,8319101000000,8319106000000,8319144000000,789344000,62000,13000,38145000,189000
1791427274,601497888,3363,1617942128,D,N,258153000000,258152000000,258151000000,258150000000,258149000000,972510000,493620000,390000,820000,191450000,258154000000,258155000000,258156000000,258157000000,258158000000,8852030000,23550000,45830000,97560000,55070000
1791427274,602893588,3364,1617942128,S,N,258153000000,258152000000,258151000000,258150000000,258149000000,972510000,493620000,390000,820000,191450000,258154000000,258155000000,258156000000,258157000000,258158000000,8852030000,23550000,45830000,97560000,55070000
1791427274,699235088,3365,1747767917,S,N,8319098000000,8319097000000,8319096000000,8319001000000,8319000000000,50540000,69000,13000,14000,4928000,8319099000000,8319100000000,8319101000000,8319106000000,8319144000000,789344000,62000,13000,38145000,189000
1791427274,701121588,3366,1747767917,D,N,8319098000000,8319097000000,8319096000000,8319001000000,8319000000000,50540000,69000,13000,14000,4928000,8319099000000,8319100000000,8319101000000,8319106000000,8319144000000,789344000,62000,13000,38145000,189000
1791427274,702532888,3367,1617942128,D,N,258153000000,258152000000,258151000000,258150000000,258149000000,972510000,493620000,390000,820000,191450000,258154000000,258155000000,258156000000,258157000000,258158000000,8852030000,23550000,45830000,97560000,55070000
1791427274,704115888,3368,1617942128,S,N,258153000000,258152000000,258151000000,258150000000,258149000000,972510000,493620000,390000,820000,191450000,258154000000,258155000000,258156000000,258157000000,258158000000,8852030000,23550000,45830000,97560000,55070000
1791427274,800647388,3369,1747767917,S,N,8319098000000,8319097000000,8319096000000,8319001000000,8319000000000,50540000,69000,13000,14000,4928000,8319099000000,8319100000000,8319101000000,8319106000000,8319144000000,789344000,62000,13000,38145000,189000
1791427274,803442388,3370,1747767917,D,N,8319098000000,8319097000000,8319096000000,8319001000000,8319000000000,50540000,69000,13000,14000,4928000,8319099000000,8319100000000,8319101000000,8319106000000,8319144000000,789344000,62000,13000,38145000,189000
1791427274,804805788,3371,1617942128,D,N,258153000000,258152000000,258151000000,258150000000,258149000000,972510000,493620000,390000,820000,191450000,258154000000,258155000000,258156000000,258157000000,258158000000,8852030000,23550000,45830000,97560000,55070000
1791427274,806254188,3372,1617942128,S,N,258153000000,258152000000,258151000000,258150000000,258149000000,972510000,493620000,390000,820000,191450000,258154000000,258155000000,258156000000,258157000000,258158000000,8852030000,23550000,45830000,97560000,55070000
1791427274,899244488,3373,1747767917,S,N,8319098000000,8319097000000,8319096000000,8319001000000,8319000000000,50540000,69000,13000,14000,4928000,8319099000000,8319100000000,8319101000000,8319106000000,8319144000000,789344000,62000,13000,38145000,189000
1791427274,900596788,3374,1747767917,D,N,8319098000000,8319097000000,8319096000000,8319001000000,8319000000000,50540000,69000,13000,14000,4928000,8319099000000,8319100000000,8319101000000,8319106000000,8319144000000,789344000,62000,13000,38145000,189000
1791427274,901826488,3375,1617942128,D,N,258153000000,258152000000,258151000000,258150000000,258149000000,629810000,493620000,390000,1020000,191450000,258154000000,258155000000,258156000000,258157000000,258158000000,8852030000,23550000,45830000,97560000,55070000
1791427274,903033488,3376,1617942128,S,N,258153000000,258152000000,258151000000,258150000000,258149000000,629810000,493620000,390000,1020000,191450000,258154000000,258155000000,258156000000,258157000000,258158000000,8852030000,23550000,45830000,97560000,55070000
1791427275,36659788,3377,1747767917,D,N,8319098000000,8319097000000,8319096000000,8319001000000,8319000000000,50547000,69000,13000,14000,4928000,8319099000000,8319100000000,8319101000000,8319106000000,8319144000000,789344000,62000,13000,38145000,189000
1791427275,72048688,3378,1617942128,D,N,258153000000,258152000000,258151000000,258150000000,258149000000,329810000,493620000,390000,1020000,191450000,258154000000,258155000000,258156000000,258157000000,258158000000,8852030000,23550000,45830000,97560000,55070000
1791427275,108037488,3379,1617942128,S,N,258153000000,258152000000,258151000000,258150000000,258149000000,329810000,493620000,390000,1020000,191450000,258154000000,258155000000,258156000000,258157000000,258158000000,8852030000,23550000,45830000,97560000,55070000
1791427275,161398088,3380,1747767917,S,N,8319098000000,8319097000000,8319096000000,8319001000000,8319000000000,50547000,69000,13000,14000,4928000,8319099000000,8319100000000,8319101000000,8319106000000,8319144000000,789344000,62000,13000,38145000,189000
1791427275,180479888,3381,1747767917,D,N,8319098000000,8319097000000,8319096000000,8319001000000,8319000000000,50547000,69000,13000,14000,4928000,8319099000000,8319100000000,8319101000000,8319106000000,8319144000000,789344000,62000,13000,38145000,189000
1791427275,181864888,3382,1617942128,D,N,258153000000,258152000000,258151000000,258150000000,258149000000,329810000,493620000,390000,1020000,191450000,258154000000,258155000000,258156000000,258157000000,258158000000,8852030000,23550000,45830000,97560000,55070000
1791427275,182506388,3383,1617942128,S,N,258153000000,258152000000,258151000000,258150000000,258149000000,329810000,493620000,390000,1020000,191450000,258154000000,258155000000,258156000000,258157000000,258158000000,8852030000,23550000,45830000,97560000,55070000
1791427275,202360488,3384,1747767917,S,N,8319098000000,8319097000000,8319096000000,8319001000000,8319000000000,50547000,69000,13000,14000,4928000,8319099000000,8319100000000,8319101000000,8319106000000,8319144000000,789344000,62000,13000,38145000,189000
1791427275,227868688,3385,1747767917,D,N,8319098000000,8319097000000,8319096000000,8319001000000,8319000000000,50547000,69000,13000,14000,4928000,8319099000000,8319100000000,8319101000000,8319106000000,8319144000000,789344000,62000,13000,38145000,189000
1791427275,229254288,3386,1617942128,D,N,258153000000,258152000000,258151000000,258150000000,258149000000,329810000,493620000,390000,1020000,191450000,258154000000,258155000000,258156000000,258157000000,258158000000,8852030000,23550000,45830000,97560000,55070000
1791427275,230407788,3387,1617942128,S,N,258153000000,258152000000,258151000000,258150000000,258149000000,329810000,493620000,390000,1020000,191450000,258154000000,258155000000,258156000000,258157000000,258158000000,8852030000,23550000,45830000,97560000,55070000
1791427275,297506788,3388,1747767917,S,N,8319098000000,8319097000000,8319096000000,8319001000000,8319000000000,50547000,69000,13000,14000,4928000,8319099000000,8319100000000,8319101000000,8319106000000,8319144000000,789344000,62000,13000,38145000,189000
1791427275,298475588,3389,1747767917,D,N,8319098000000,8319097000000,8319096000000,8319001000000,8319000000000,50547000,69000,13000,14000,4928000,8319099000000,8319100000000,8319101000000,8319106000000,8319144000000,789344000,62000,13000,38145000,189000
1791427275,299238088,3390,1617942128,D,N,258153000000,258152000000,258151000000,258150000000,258149000000,329810000,493620000,390000,1020000,191450000,258154000000,258155000000,258156000000,258157000000,258158000000,8852030000,23550000,45830000,97560000,55070000
1791427275,300114388,3391,1617942128,S,N,258153000000,258152000000,258151000000,258150000000,258149000000,329810000,493620000,390000,1020000,191450000,258154000000,258155000000,258156000000,258157000000,258158000000,8852030000,23550000,45830000,97560000,55070000
1791427275,466653988,3392,1747767917,D,N,8319098000000,8319097000000,8319096000000,8319001000000,8319000000000,50547000,69000,13000,14000,4928000,8319099000000,8319100000000,8319101000000,8319106000000,8319144000000,791748000,62000,13000,38145000,189000
1791427275,467715988,3393,1617942128,D,N,258153000000,258152000000,258151000000,258150000000,258149000000,329810000,493620000,390000,1020000,191450000,258154000000,258155000000,258156000000,258157000000,258158000000,8852030000,23550000,45830000,97560000,55070000
1791427275,469257588,3394,1617942128,S,N,258153000000,258152000000,258151000000,258150000000,258149000000,329810000,493620000,390000,1020000,191450000,258154000000,258155000000,258156000000,258157000000,258158000000,8852030000,23550000,45830000,97560000,55070000
1791427275,660988923,3395,1747767917,D,N,8319098000000,8319097000000,8319096000000,8319001000000,8319000000000,50547000,69000,13000,14000,4928000,8319099000000,8319100000000,8319101000000,8319106000000,8319107000000,791748000,62000,13000,38145000,240000
1791427275,661800199,3396,1617942128,D,N,258153000000,258152000000,258151000000,258150000000,258149000000,329810000,493620000,390000,1020000,191450000,258154000000,258155000000,258156000000,258157000000,258158000000,8851730000,23550000,45830000,97560000,55070000
1791427275,662541710,3397,1617942128,S,N,258153000000,258152000000,258151000000,258150000000,258149000000,329810000,493620000,390000,1020000,191450000,258154000000,258155000000,258156000000,258157000000,258158000000,8851730000,23550000,45830000,97560000,55070000
1791427275,663808097,3398,1747767917,D,N,8319098000000,8319097000000,8319096000000,8319001000000,8319000000000,50547000,69000,13000,14000,4928000,8319099000000,8319100000000,8319101000000,8319106000000,8319108000000,791755000,69000,13000,38145000,240000
1791427275,664586327,3399,1617942128,D,N,258153000000,258152000000,258151000000,258150000000,258149000000,329810000,493620000,390000,1020000,191450000,258154000000,258155000000,258156000000,258157000000,258158000000,8851730000,23550000,45830000,97560000,55070000
1791427275,665162704,3400,1617942128,S,N,258153000000,258152000000,258151000000,258150000000,258149000000,329810000,493620000,390000,1020000,191450000,258154000000,258155000000,258156000000,258157000000,258158000000,8851730000,23550000,45830000,97560000,55070000
1791427275,723753432,3401,1747767917,D,N,8319098000000,8319097000000,8319096000000,8319001000000,8319000000000,50547000,69000,13000,14000,4928000,8319099000000,8319100000000,8319101000000,8319106000000,8319144000000,791762000,69000,13000,38145000,189000
1791427275,725097313,3402,1617942128,D,N,258153000000,258152000000,258151000000,258150000000,258149000000,672510000,493620000,390000,1020000,191450000,258154000000,258155000000,258156000000,258157000000,258158000000,8847860000,23550000,45830000,97560000,55070000
1791427275,725900666,3403,1617942128,S,N,258153000000,258152000000,258151000000,258150000000,258149000000,672510000,493620000,390000,1020000,191450000,258154000000,258155000000,258156000000,258157000000,258158000000,8847860000,23550000,45830000,97560000,55070000
1791427275,813279034,3404,1747767917,D,N,8319098000000,8319097000000,8319096000000,8319001000000,8319000000000,50561000,69000,13000,14000,4928000,8319099000000,8319100000000,8319101000000,8319106000000,8319144000000,791755000,62000,13000,38145000,189000
1791427275,815428104,3405,1617942128,D,N,258153000000,258152000000,258151000000,258150000000,258149000000,672510000,493620000,390000,1020000,191450000,258154000000,258155000000,258156000000,258157000000,258158000000,8847860000,23550000,45830000,97560000,55070000
1791427275,817459483,3406,1617942128,S,N,258153000000,258152000000,258151000000,258150000000,258149000000,672510000,493620000,390000,1020000,191450000,258154000000,258155000000,258156000000,258157000000,258158000000,8847860000,23550000,45830000,97560000,55070000
1791427275,890869912,3407,1747767917,S,N,8319098000000,8319097000000,8319096000000,8319001000000,8319000000000,50561000,69000,13000,14000,4928000,8319099000000,8319100000000,8319101000000,8319106000000,8319144000000,791755000,62000,13000,38145000,189000
1791427275,893063720,3408,1747767917,D,N,8319098000000,8319097000000,8319096000000,8319001000000,8319000000000,50561000,69000,13000,14000,4928000,8319099000000,8319100000000,8319101000000,8319106000000,8319144000000,791755000,62000,13000,38145000,189000
1791427275,895212500,3409,1617942128,D,N,258153000000,258152000000,258151000000,258150000000,258149000000,672510000,493620000,390000,1020000,191450000,258154000000,258155000000,258156000000,258157000000,258158000000,8847860000,23550000,45830000,97560000,55070000
1791427275,898048874,3410,1617942128,S,N,258153000000,258152000000,258151000000,258150000000,258149000000,672510000,493620000,390000,1020000,191450000,258154000000,258155000000,258156000000,258157000000,258158000000,8847860000,23550000,45830000,97560000,55070000
1791427275,993313606,3411,1747767917,D,N,8319098000000,8319097000000,8319096000000,8319001000000,8319000000000,50561000,69000,13000,14000,4928000,8319099000000,8319100000000,8319101000000,8319106000000,8319144000000,792357000,62000,13000,38145000,189000
1791427275,996678140,3412,1617942128,D,N,258153000000,258152000000,258151000000,258150000000,258149000000,1529610000,493420000,390000,1020000,191450000,258154000000,258155000000,258156000000,258157000000,258158000000,8847860000,23550000,45830000,97560000,55070000
1791427275,999242511,3413,1617942128,S,N,258153000000,258152000000,258151000000,258150000000,258149000000,1529610000,493420000,390000,1020000,191450000,258154000000,258155000000,258156000000,258157000000,258158000000,8847860000,23550000,45830000,97560000,55070000
1791427276,82344384,3414,1747767917,S,N,8319098000000,8319097000000,8319096000000,8319001000000,8319000000000,50561000,69000,13000,14000,4928000,8319099000000,8319100000000,8319101000000,8319106000000,8319144000000,792357000,62000,13000,38145000,189000
1791427276,85270814,3415,1747767917,D,N,8319098000000,8319097000000,8319096000000,8319001000000,8319000000000,50561000,69000,13000,14000,4928000,8319099000000,8319100000000,8319101000000,8319106000000,8319144000000,792357000,62000,13000,38145000,189000
1791427276,87537574,3416,1617942128,D,N,258153000000,258152000000,258151000000,258150000000,258149000000,1529610000,493420000,390000,1020000,191450000,258154000000,258155000000,258156000000,258157000000,258158000000,8847860000,23550000,45830000,97560000,55070000
1791427276,90158954,3417,1617942128,S,N,258153000000,258152000000,258151000000,258150000000,258149000000,1529610000,493420000,390000,1020000,191450000,258154000000,258155000000,258156000000,258157000000,258158000000,8847860000,23550000,45830000,97560000,55070000
1791427276,191034207,3418,1747767917,S,N,8319098000000,8319097000000,8319096000000,8319001000000,8319000000000,50561000,69000,13000,14000,4928000,8319099000000,8319100000000,8319101000000,8319106000000,8319144000000,792357000,62000,13000,38145000,189000
1791427276,193696170,3419,1617942128,D,N,258153000000,258152000000,258151000000,258150000000,258149000000,1529610000,493420000,390000,1020000,191450000,258154000000,258155000000,258156000000,258157000000,258158000000,8847860000,23550000,45830000,97560000,55070000
1791427276,195051937,3420,1747767917,D,N,8319098000000,8319097000000,8319096000000,8319001000000,8319000000000,50561000,69000,13000,14000,4928000,8319099000000,8319100000000,8319101000000,8319106000000,8319144000000,792357000,62000,13000,38145000,189000
1791427276,196153962,3421,1617942128,S,N,258153000000,258152000000,258151000000,258150000000,258149000000,1529610000,493420000,390000,1020000,191450000,258154000000,258155000000,258156000000,258157000000,258158000000,8847860000,23550000,45830000,97560000,55070000
1791427276,277136429,3422,1747767917,D,N,8319098000000,8319097000000,8319096000000,8319001000000,8319000000000,50561000,69000,13000,14000,4928000,8319099000000,8319100000000,8319101000000,8319106000000,8319144000000,792357000,69000,13000,38145000,189000
1791427276,278146659,3423,1617942128,D,N,258153000000,258152000000,258151000000,258150000000,258149000000,1529610000,493420000,390000,1020000,191450000,258154000000,258155000000,258156000000,258157000000,258158000000,8847860000,23550000,45830000,97560000,55070000
1791427276,279214962,3424,1617942128,S,N,258153000000,258152000000,258151000000,258150000000,258149000000,1529610000,493420000,390000,1020000,191450000,258154000000,258155000000,258156000000,258157000000,258158000000,8847860000,23550000,45830000,97560000,55070000
1791427276,387534609,3425,1747767917,S,N,8319098000000,8319097000000,8319096000000,8319001000000,8319000000000,50561000,69000,13000,14000,4928000,8319099000000,8319100000000,8319101000000,8319106000000,8319144000000,792357000,69000,13000,38145000,189000
1791427276,389304323,3426,1617942128,D,N,258153000000,258152000000,258151000000,258150000000,258149000000,1529610000,493420000,390000,1020000,191450000,258154000000,258155000000,258156000000,258157000000,258158000000,8847860000,23550000,45830000,97560000,55070000
1791427276,390628396,3427,1747767917,D,N,8319098000000,8319097000000,8319096000000,8319001000000,8319000000000,50561000,69000,13000,14000,4928000,8319099000000,8319100000000,8319101000000,8319106000000,8319144000000,792357000,69000,13000,38145000,189000
1791427276,392108134,3428,1617942128,S,N,258153000000,258152000000,258151000000,258150000000,258149000000,1529610000,493420000,390000,1020000,191450000,258154000000,258155000000,258156000000,258157000000,258158000000,8847860000,23550000,45830000,97560000,55070000
1791427276,470999411,3429,1747767917,S,N,8319098000000,8319097000000,8319096000000,8319001000000,8319000000000,50561000,69000,13000,14000,4928000,8319099000000,8319100000000,8319101000000,8319106000000,8319144000000,792357000,69000,13000,38145000,189000
1791427276,472594328,3430,1617942128,D,N,258153000000,258152000000,258151000000,258150000000,258149000000,1529610000,493420000,390000,1020000,191450000,258154000000,258155000000,258156000000,258157000000,258158000000,8847860000,23550000,45830000,97560000,55070000
1791427276,474087207,3431,1747767917,D,N,8319098000000,8319097000000,8319096000000,8319001000000,8319000000000,50561000,69000,13000,14000,4928000,8319099000000,8319100000000,8319101000000,8319106000000,8319144000000,792357000,69000,13000,38145000,189000
1791427276,476126703,3432,1617942128,S,N,258153000000,258152000000,258151000000,258150000000,258149000000,1529610000,493420000,390000,1020000,191450000,258154000000,258155000000,258156000000,258157000000,258158000000,8847860000,23550000,45830000,97560000,55070000
1791427276,567155620,3433,1747767917,S,N,8319098000000,8319097000000,8319096000000,8319001000000,8319000000000,50561000,69000,13000,14000,4928000,8319099000000,8319100000000,8319101000000,8319106000000,8319144000000,792357000,69000,13000,38145000,189000
1791427276,569787146,3434,1747767917,D,N,8319098000000,8319097000000,8319096000000,8319001000000,8319000000000,50561000,69000,13000,14000,4928000,8319099000000,8319100000000,8319101000000,8319106000000,8319144000000,792357000,69000,13000,38145000,189000
1791427276,573036791,3435,1617942128,D,N,258153000000,258152000000,258151000000,258150000000,258149000000,1529610000,493420000,390000,1020000,191450000,258154000000,258155000000,258156000000,258157000000,258158000000,8847860000,23550000,45830000,97560000,55070000
1791427276,575184894,3436,1617942128,S,N,258153000000,258152000000,258151000000,258150000000,258149000000,1529610000,493420000,390000,1020000,191450000,258154000000,258155000000,258156000000,258157000000,258158000000,8847860000,23550000,45830000,97560000,55070000
1791427276,666451706,3437,1747767917,D,N,8319098000000,8319097000000,8319096000000,8319001000000,8319000000000,50483000,69000,13000,14000,4928000,8319099000000,8319100000000,8319101000000,8319106000000,8319126000000,792357000,69000,13000,38145000,240000
1791427276,763823862,3438,1747767917,D,N,8319098000000,8319097000000,8319096000000,8319001000000,8319000000000,50483000,69000,13000,14000,4928000,8319099000000,8319100000000,8319101000000,8319106000000,8319128000000,792357000,69000,13000,38145000,240000
1791427276,765633290,3439,1617942128,D,N,258153000000,258152000000,258151000000,258150000000,258149000000,1529410000,493220000,390000,1020000,718320000,258154000000,258155000000,258156000000,258157000000,258158000000,8847860000,23550000,45830000,97770000,55070000
1791427276,766914750,3440,1617942128,S,N,258153000000,258152000000,258151000000,258150000000,258149000000,1529410000,493220000,390000,1020000,718320000,258154000000,258155000000,258156000000,258157000000,258158000000,8847860000,23550000,45830000,97770000,55070000
1791427276,899206173,3441,1747767917,D,N,8319098000000,8319097000000,8319096000000,8319001000000,8319000000000,50483000,69000,13000,14000,4928000,8319099000000,8319100000000,8319101000000,8319106000000,8319129000000,792345000,69000,13000,38145000,240000
1791427276,900829595,3442,1617942128,D,N,258153000000,258152000000,258151000000,258150000000,258149000000,1529410000,493220000,390000,1020000,718320000,258154000000,258155000000,258156000000,258157000000,258158000000,8847860000,23550000,45830000,97770000,55070000
1791427276,902342283,3443,1617942128,S,N,258153000000,258152000000,258151000000,258150000000,258149000000,1529410000,493220000,390000,1020000,718320000,258154000000,258155000000,258156000000,258157000000,258158000000,8847860000,23550000,45830000,97770000,55070000
1791427276,953229947,3444,1747767917,D,N,8319098000000,8319097000000,8319096000000,8319001000000,8319000000000,50483000,69000,13000,14000,4928000,8319099000000,8319100000000,8319101000000,8319106000000,8319144000000,792345000,69000,13000,38145000,189000
1791427276,954182781,3445,1617942128,D,N,258153000000,258152000000,258151000000,258150000000,258149000000,1529410000,493220000,390000,1020000,718320000,258154000000,258155000000,258156000000,258157000000,258158000000,8847860000,23550000,45830000,97770000,55070000
1791427276,955147886,3446,1617942128,S,N,258153000000,258152000000,258151000000,258150000000,258149000000,1529410000,493220000,390000,1020000,718320000,258154000000,258155000000,258156000000,258157000000,258158000000,8847860000,23550000,45830000,97770000,55070000
1791427277,58254052,3447,1747767917,D,N,8319098000000,8319097000000,8319096000000,8319001000000,8319000000000,51320000,69000,13000,14000,4928000,8319099000000,8319100000000,8319101000000,8319106000000,8319144000000,792423000,69000,13000,38145000,189000
1791427277,60524194,3448,1617942128,D,N,258153000000,258152000000,258151000000,258150000000,258149000000,1529410000,493220000,390000,1020000,718320000,258154000000,258155000000,258156000000,258157000000,258158000000,8847860000,23550000,45830000,97770000,55070000
1791427277,62553447,3449,1617942128,S,N,258153000000,258152000000,258151000000,258150000000,258149000000,1529410000,493220000,390000,1020000,718320000,258154000000,258155000000,258156000000,258157000000,258158000000,8847860000,23550000,45830000,97770000,55070000
1791427277,148311486,3450,1747767917,D,N,8319098000000,8319097000000,8319096000000,8319001000000,8319000000000,51313000,69000,13000,14000,4928000,8319099000000,8319100000000,8319101000000,8319106000000,8319144000000,792423000,69000,13000,38145000,189000
1791427277,151088241,3451,1617942128,D,N,258153000000,258152000000,258151000000,258150000000,258149000000,1529410000,493220000,390000,1020000,718320000,258154000000,258155000000,258156000000,258157000000,258158000000,8847860000,23550000,45830000,97770000,55070000
1791427277,153476751,3452,1617942128,S,N,258153000000,258152000000,258151000000,258150000000,258149000000,1529410000,493220000,390000,1020000,718320000,258154000000,258155000000,258156000000,258157000000,258158000000,8847860000,23550000,45830000,97770000,55070000
1791427277,251433208,3453,1617942128,D,N,258153000000,258152000000,258151000000,258150000000,258149000000,1529410000,493220000,390000,1020000,718320000,258154000000,258155000000,258156000000,258157000000,258158000000,8847860000,23550000,45830000,97770000,55070000
1791427277,253633586,3454,1747767917,D,N,8319098000000,8319097000000,8319096000000,8319001000000,8319000000000,51250000,69000,13000,14000,4928000,8319099000000,8319100000000,8319101000000,8319106000000,8319144000000,792423000,69000,13000,38145000,189000
1791427277,255698591,3455,1617942128,S,N,258153000000,258152000000,258151000000,258150000000,258149000000,1529410000,493220000,390000,1020000,718320000,258154000000,258155000000,258156000000,258157000000,258158000000,8847860000,23550000,45830000,97770000,55070000
1791427277,348924601,3456,1747767917,S,N,8319098000000,8319097000000,8319096000000,8319001000000,8319000000000,51250000,69000,13000,14000,4928000,8319099000000,8319100000000,8319101000000,8319106000000,8319144000000,792423000,69000,13000,38145000,189000
1791427277,352304982,3457,1747767917,D,N,8319098000000,8319097000000,8319096000000,8319001000000,8319000000000,51250000,69000,13000,14000,4928000,8319099000000,8319100000000,8319101000000,8319106000000,8319144000000,792423000,69000,13000,38145000,189000
1791427277,354220506,3458,1617942128,D,N,258153000000,258152000000,258151000000,258150000000,258149000000,1529410000,493220000,390000,1020000,718320000,258154000000,258155000000,258156000000,258157000000,258158000000,8847860000,23550000,45830000,97770000,55070000
1791427277,356625346,3459,1617942128,S,N,258153000000,258152000000,258151000000,258150000000,258149000000,1529410000,493220000,390000,1020000,718320000,258154000000,258155000000,258156000000,258157000000,258158000000,8847860000,23550000,45830000,97770000,55070000
1791427277,435311485,3460,1747767917,S,N,8319098000000,8319097000000,8319096000000,8319001000000,8319000000000,51250000,69000,13000,14000,4928000,8319099000000,8319100000000,8319101000000,8319106000000,8319144000000,792423000,69000,13000,38145000,189000
1791427277,436235621,3461,1747767917,D,N,8319098000000,8319097000000,8319096000000,8319001000000,8319000000000,51250000,69000,13000,14000,4928000,8319099000000,8319100000000,8319101000000,8319106000000,8319144000000,792423000,69000,13000,38145000,189000
1791427277,436831323,3462,1617942128,D,N,258153000000,258152000000,258151000000,258150000000,258149000000,1529410000,493220000,390000,1020000,191450000,258154000000,258155000000,258156000000,258157000000,258158000000,8847860000,23550000,45830000,97770000,55070000
1791427277,437435142,3463,1617942128,S,N,258153000000,258152000000,258151000000,258150000000,258149000000,1529410000,493220000,390000,1020000,191450000,258154000000,258155000000,258156000000,258157000000,258158000000,8847860000,23550000,45830000,97770000,55070000
1791427277,587615607,3464,1747767917,S,N,8319098000000,8319097000000,8319096000000,8319001000000,8319000000000,51250000,69000,13000,14000,4928000,8319099000000,8319100000000,8319101000000,8319106000000,8319144000000,792423000,69000,13000,38145000,189000
1791427277,590674222,3465,1747767917,D,N,8319098000000,8319097000000,8319096000000,8319001000000,8319000000000,51250000,69000,13000,14000,4928000,8319099000000,8319100000000,8319101000000,8319106000000,8319144000000,792423000,69000,13000,38145000,189000
1791427277,591773735,3466,1617942128,D,N,258153000000,258152000000,258151000000,258150000000,258149000000,1529610000,493420000,390000,982090000,191450000,258154000000,258155000000,258156000000,258157000000,258158000000,8847860000,23550000,45830000,97770000,55070000
1791427277,592572063,3467,1617942128,S,N,258153000000,258152000000,258151000000,258150000000,258149000000,1529610000,493420000,390000,982090000,191450000,258154000000,258155000000,258156000000,258157000000,258158000000,8847860000,23550000,45830000,97770000,55070000
1791427277,636889899,3468,1747767917,D,N,8319098000000,8319097000000,8319096000000,8319001000000,8319000000000,51240000,69000,13000,14000,4928000,8319099000000,8319100000000,8319101000000,8319106000000,8319144000000,792423000,69000,13000,38145000,189000
1791427277,637814711,3469,1617942128,D,N,258153000000,258152000000,258151000000,258150000000,258149000000,1529610000,493420000,600000,982090000,191450000,258154000000,258155000000,258156000000,258157000000,258158000000,8847860000,23550000,45830000,97770000,55070000
1791427277,638615261,3470,1617942128,S,N,258153000000,258152000000,258151000000,258150000000,258149000000,1529610000,493420000,600000,982090000,191450000,258154000000,258155000000,258156000000,258157000000,258158000000,8847860000,23550000,45830000,97770000,55070000
1791427277,744681386,3471,1747767917,S,N,8319098000000,8319097000000,8319096000000,8319001000000,8319000000000,51240000,69000,13000,14000,4928000,8319099000000,8319100000000,8319101000000,8319106000000,8319144000000,792423000,69000,13000,38145000,189000
1791427277,746075030,3472,1747767917,D,N,8319098000000,8319097000000,8319096000000,8319001000000,8319000000000,51240000,69000,13000,14000,4928000,8319099000000,8319100000000,8319101000000,8319106000000,8319144000000,792423000,69000,13000,38145000,189000
1791427277,747302186,3473,1617942128,D,N,258153000000,258152000000,258151000000,258150000000,258149000000,1529610000,493420000,390000,1020000,191450000,258154000000,258155000000,258156000000,258157000000,258158000000,8847860000,23550000,45830000,97770000,55070000
1791427277,748188444,3474,1617942128,S,N,258153000000,258152000000,258151000000,258150000000,258149000000,1529610000,493420000,390000,1020000,191450000,258154000000,258155000000,258156000000,258157000000,258158000000,8847860000,23550000,45830000,97770000,55070000
1791427277,824058114,3475,1747767917,S,N,8319098000000,8319097000000,8319096000000,8319001000000,8319000000000,51240000,69000,13000,14000,4928000,8319099000000,8319100000000,8319101000000,8319106000000,8319144000000,792423000,69000,13000,38145000,189000
1791427277,825284884,3476,1747767917,D,N,8319098000000,8319097000000,8319096000000,8319001000000,8319000000000,51240000,69000,13000,14000,4928000,8319099000000,8319100000000,8319101000000,8319106000000,8319144000000,792423000,69000,13000,38145000,189000
1791427277,826215881,3477,1617942128,D,N,258153000000,258152000000,258151000000,258150000000,258149000000,1529610000,493420000,390000,1020000,191450000,258154000000,258155000000,258156000000,258157000000,258158000000,8847860000,23550000,45830000,97770000,55070000
1791427277,827176734,3478,1617942128,S,N,258153000000,258152000000,258151000000,258150000000,258149000000,1529610000,493420000,390000,1020000,191450000,258154000000,258155000000,258156000000,258157000000,258158000000,8847860000,23550000,45830000,97770000,55070000
1791427277,969626887,3479,1747767917,D,N,8319098000000,8319097000000,8319096000000,8319001000000,8319000000000,51178000,69000,13000,14000,4928000,8319099000000,8319100000000,8319101000000,8319106000000,8319144000000,792544000,69000,13000,38145000,189000
1791427277,970954922,3480,1617942128,D,N,258153000000,258152000000,258151000000,258150000000,258149000000,1529510000,493420000,390000,1020000,191450000,258154000000,258155000000,258156000000,258157000000,258158000000,8846680000,23550000,45830000,97770000,55070000
1791427277,972701928,3481,1617942128,S,N,258153000000,258152000000,258151000000,258150000000,258149000000,1529510000,493420000,390000,1020000,191450000,258154000000,258155000000,258156000000,258157000000,258158000000,8846680000,23550000,45830000,97770000,55070000
1791427278,22425630,3482,1747767917,S,N,8319098000000,8319097000000,8319096000000,8319001000000,8319000000000,51178000,69000,13000,14000,4928000,8319099000000,8319100000000,8319101000000,8319106000000,8319144000000,792544000,69000,13000,38145000,189000
1791427278,23321937,3483,1747767917,D,N,8319098000000,8319097000000,8319096000000,8319001000000,8319000000000,51178000,69000,13000,14000,4928000,8319099000000,8319100000000,8319101000000,8319106000000,8319144000000,792544000,69000,13000,38145000,189000
1791427278,24037746,3484,1617942128,D,N,258152000000,258151000000,258150000000,258149000000,258148000000,761830000,990000,1020000,191650000,620000,258153000000,258154000000,258155000000,258156000000,258158000000,8424070000,1315430000,23130000,45020000,55070000
1791427278,24764764,3485,1617942128,S,N,258152000000,258151000000,258150000000,258149000000,258148000000,761830000,990000,1020000,191650000,620000,258153000000,258154000000,258155000000,258156000000,258158000000,8424070000,1315430000,23130000,45020000,55070000
1791427278,133932889,3486,1747767917,D,N,8319098000000,8319097000000,8319096000000,8319001000000,8319000000000,51171000,69000,13000,14000,4928000,8319099000000,8319100000000,8319101000000,8319106000000,8319144000000,792537000,62000,13000,38145000,189000
1791427278,136605384,3487,1617942128,D,N,258152000000,258151000000,258150000000,258149000000,258148000000,534770000,990000,1020000,191650000,200000,258153000000,258154000000,258155000000,258156000000,258158000000,8462800000,1045430000,23130000,45020000,55070000
1791427278,138967709,3488,1617942128,S,N,258152000000,258151000000,258150000000,258149000000,258148000000,534770000,990000,1020000,191650000,200000,258153000000,258154000000,258155000000,258156000000,258158000000,8462800000,1045430000,23130000,45020000,55070000
1791427278,285681892,3489,1747767917,S,N,8319098000000,8319097000000,8319096000000,8319001000000,8319000000000,51171000,69000,13000,14000,4928000,8319099000000,8319100000000,8319101000000,8319106000000,8319144000000,792537000,62000,13000,38145000,189000
1791427278,288259403,3490,1747767917,D,N,8319098000000,8319097000000,8319096000000,8319001000000,8319000000000,51171000,69000,13000,14000,4928000,8319099000000,8319100000000,8319101000000,8319106000000,8319144000000,792537000,62000,13000,38145000,189000
1791427278,290382674,3491,1617942128,D,N,258152000000,258151000000,258150000000,258149000000,258148000000,534770000,990000,1020000,191650000,200000,258153000000,258154000000,258155000000,258156000000,258158000000,8462800000,1035430000,23130000,45020000,55070000
1791427278,293201462,3492,1617942128,S,N,258152000000,258151000000,258150000000,258149000000,258148000000,534770000,990000,1020000,191650000,200000,258153000000,258154000000,258155000000,258156000000,258158000000,8462800000,1035430000,23130000,45020000,55070000
1791427278,330894392,3493,1747767917,S,N,8319098000000,8319097000000,8319096000000,8319001000000,8319000000000,51171000,69000,13000,14000,4928000,8319099000000,8319100000000,8319101000000,8319106000000,8319144000000,792537000,62000,13000,38145000,189000
1791427278,333247634,3494,1747767917,D,N,8319098000000,8319097000000,8319096000000,8319001000000,8319000000000,51171000,69000,13000,14000,4928000,8319099000000,8319100000000,8319101000000,8319106000000,8319144000000,792537000,62000,13000,38145000,189000
1791427278,335120159,3495,1617942128,D,N,258152000000,258151000000,258150000000,258149000000,258148000000,573190000,990000,1020000,191650000,200000,258153000000,258154000000,258155000000,258156000000,258158000000,8472800000,1035430000,23130000,45020000,55070000
1791427278,336989398,3496,1617942128,S,N,258152000000,258151000000,258150000000,258149000000,258148000000,573190000,990000,1020000,191650000,200000,258153000000,258154000000,258155000000,258156000000,258158000000,8472800000,1035430000,23130000,45020000,55070000
1791427278,437245468,3497,1747767917,S,N,8319098000000,8319097000000,8319096000000,8319001000000,8319000000000,51171000,69000,13000,14000,4928000,8319099000000,8319100000000,8319101000000,8319106000000,8319144000000,792537000,62000,13000,38145000,189000
1791427278,438926480,3498,1747767917,D,N,8319098000000,8319097000000,8319096000000,8319001000000,8319000000000,51171000,69000,13000,14000,4928000,8319099000000,8319100000000,8319101000000,8319106000000,8319144000000,792537000,62000,13000,38145000,189000
1791427278,440259152,3499,1617942128,D,N,258152000000,258151000000,258150000000,258149000000,258148000000,573190000,990000,1020000,191650000,200000,258153000000,258154000000,258155000000,258156000000,258158000000,8472800000,1035430000,23130000,45020000,55070000
1791427278,441483023,3500,1617942128,S,N,258152000000,258151000000,258150000000,258149000000,258148000000,573190000,990000,1020000,191650000,200000,258153000000,258154000000,258155000000,258156000000,258158000000,8472800000,1035430000,23130000,45020000,55070000
1791427278,514851130,3501,1747767917,D,N,8319098000000,8319097000000,8319096000000,8319001000000,8319000000000,51164000,69000,13000,14000,4928000,8319099000000,8319100000000,8319101000000,8319106000000,8319144000000,792537000,62000,13000,38145000,189000
1791427278,516192499,3502,1617942128,D,N,258152000000,258151000000,258150000000,258149000000,258148000000,573190000,990000,1020000,191650000,200000,258153000000,258154000000,258155000000,258156000000,258158000000,8472800000,1035430000,23130000,45020000,55070000
1791427278,517627306,3503,1617942128,S,N,258152000000,258151000000,258150000000,258149000000,258148000000,573190000,990000,1020000,191650000,200000,258153000000,258154000000,258155000000,258156000000,258158000000,8472800000,1035430000,23130000,45020000,55070000
1791427278,596293733,3504,1747767917,D,N,8319098000000,8319097000000,8319096000000,8319001000000,8319000000000,31446000,69000,13000,14000,4928000,8319099000000,8319100000000,8319101000000,8319106000000,8319144000000,792248000,13000,13000,38152000,189000
1791427278,597867102,3505,1617942128,D,N,258152000000,258151000000,258150000000,258149000000,258148000000,573190000,990000,1020000,191650000,200000,258153000000,258154000000,258155000000,258156000000,258158000000,8492170000,1035430000,23130000,45020000,55070000
1791427278,599239585,3506,1617942128,S,N,258152000000,258151000000,258150000000,258149000000,258148000000,573190000,990000,1020000,191650000,200000,258153000000,258154000000,258155000000,258156000000,258158000000,8492170000,1035430000,23130000,45020000,55070000
1791427278,693213677,3507,1747767917,D,N,8319098000000,8319097000000,8319096000000,8319001000000,8319000000000,64911000,69000,13000,14000,4928000,8319099000000,8319100000000,8319101000000,8319106000000,8319144000000,791709000,62000,13000,38152000,189000
1791427278,694557945,3508,1617942128,D,N,258152000000,258151000000,258150000000,258149000000,258148000000,826930000,990000,1020000,191650000,200000,258153000000,258154000000,258155000000,258156000000,258157000000,8492590000,1035430000,23550000,45020000,420000
1791427278,697386202,3509,1617942128,S,N,258152000000,258151000000,258150000000,258149000000,258148000000,826930000,990000,1020000,191650000,200000,258153000000,258154000000,258155000000,258156000000,258157000000,8492590000,1035430000,23550000,45020000,420000
1791427278,789593962,3510,1747767917,D,N,8319098000000,8319097000000,8319096000000,8319001000000,8319000000000,64904000,69000,13000,14000,4928000,8319099000000,8319100000000,8319101000000,8319106000000,8319144000000,792311000,62000,13000,38152000,189000
1791427278,791010024,3511,1617942128,D,N,258152000000,258151000000,258150000000,258149000000,258148000000,826930000,990000,1020000,191650000,200000,258153000000,258154000000,258155000000,258156000000,258157000000,8492590000,1035430000,23550000,45020000,420000
1791427278,792521455,3512,1617942128,S,N,258152000000,258151000000,258150000000,258149000000,258148000000,826930000,990000,1020000,191650000,200000,258153000000,258154000000,258155000000,258156000000,258157000000,8492590000,1035430000,23550000,45020000,420000
1791427278,886413415,3513,1747767917,D,N,8319098000000,8319097000000,8319096000000,8319001000000,8319000000000,64904000,69000,13000,14000,4928000,8319099000000,8319100000000,8319101000000,8319106000000,8319144000000,791709000,62000,13000,38152000,189000
1791427278,888159939,3514,1617942128,D,N,258152000000,258151000000,258150000000,258149000000,258148000000,1469630000,1190000,1020000,191650000,620000,258153000000,258154000000,258155000000,258156000000,258157000000,8492590000,1035430000,23550000,45020000,420000
1791427278,889674559,3515,1617942128,S,N,258152000000,258151000000,258150000000,258149000000,258148000000,1469630000,1190000,1020000,191650000,620000,258153000000,258154000000,258155000000,258156000000,258157000000,8492590000,1035430000,23550000,45020000,420000
1791427278,983212769,3516,1747767917,S,N,8319098000000,8319097000000,8319096000000,8319001000000,8319000000000,64904000,69000,13000,14000,4928000,8319099000000,8319100000000,8319101000000,8319106000000,8319144000000,791709000,62000,13000,38152000,189000
1791427278,985990394,3517,1747767917,D,N,8319098000000,8319097000000,8319096000000,8319001000000,8319000000000,64904000,69000,13000,14000,4928000,8319099000000,8319100000000,8319101000000,8319106000000,8319144000000,791709000,62000,13000,38152000,189000
1791427278,988198406,3518,1617942128,D,N,258152000000,258151000000,258150000000,258149000000,258148000000,1469630000,1190000,1410000,191650000,620000,258153000000,258154000000,258155000000,258156000000,258157000000,8492590000,1035430000,23550000,45020000,420000
1791427278,990741036,3519,1617942128,S,N,258152000000,258151000000,258150000000,258149000000,258148000000,1469630000,1190000,1410000,191650000,620000,258153000000,258154000000,258155000000,258156000000,258157000000,8492590000,1035430000,23550000,45020000,420000
1791427279,80592172,3520,1747767917,S,N,8319098000000,8319097000000,8319096000000,8319001000000,8319000000000,64904000,69000,13000,14000,4928000,8319099000000,8319100000000,8319101000000,8319106000000,8319144000000,791709000,62000,13000,38152000,189000
1791427279,84427664,3521,1747767917,D,N,8319098000000,8319097000000,8319096000000,8319001000000,8319000000000,64904000,69000,13000,14000,4928000,8319099000000,8319100000000,8319101000000,8319106000000,8319144000000,791709000,62000,13000,38152000,189000
1791427279,88118893,3522,1617942128,D,N,258152000000,258151000000,258150000000,258149000000,258148000000,1126930000,1190000,1410000,191650000,620000,258153000000,258154000000,258155000000,258156000000,258157000000,8492590000,1035430000,23550000,45020000,420000
1791427279,90662778,3523,1617942128,S,N,258152000000,258151000000,258150000000,258149000000,258148000000,1126930000,1190000,1410000,191650000,620000,258153000000,258154000000,258155000000,258156000000,258157000000,8492590000,1035430000,23550000,45020000,420000
1791427279,178391417,3524,1747767917,S,N,8319098000000,8319097000000,8319096000000,8319001000000,8319000000000,64904000,69000,13000,14000,4928000,8319099000000,8319100000000,8319101000000,8319106000000,8319144000000,791709000,62000,13000,38152000,189000
1791427279,182837782,3525,1747767917,D,N,8319098000000,8319097000000,8319096000000,8319001000000,8319000000000,64904000,69000,13000,14000,4928000,8319099000000,8319100000000,8319101000000,8319106000000,8319144000000,791709000,62000,13000,38152000,189000
1791427279,185228418,3526,1617942128,D,N,258152000000,258151000000,258150000000,258149000000,258148000000,1469630000,1190000,1410000,191650000,620000,258153000000,258154000000,258155000000,258156000000,258157000000,8492590000,1035430000,23550000,45020000,420000
1791427279,187563784,3527,1617942128,S,N,258152000000,258151000000,258150000000,258149000000,258148000000,1469630000,1190000,1410000,191650000,620000,258153000000,258154000000,258155000000,258156000000,258157000000,8492590000,1035430000,23550000,45020000,420000
1791427279,276131334,3528,1747767917,D,N,8319098000000,8319097000000,8319096000000,8319001000000,8319000000000,64904000,69000,13000,14000,4928000,8319099000000,8319100000000,8319101000000,8319106000000,8319144000000,791700000,62000,13000,38152000,189000
1791427279,375659420,3529,1747767917,D,N,8319098000000,8319097000000,8319096000000,8319001000000,8319000000000,64904000,69000,13000,14000,4928000,8319099000000,8319100000000,8319101000000,8319106000000,8319144000000,791692000,62000,13000,38152000,189000
1791427279,376995571,3530,1617942128,D,N,258152000000,258151000000,258150000000,258149000000,258148000000,1469630000,1190000,1410000,191650000,620000,258153000000,258154000000,258155000000,258156000000,258157000000,8492590000,1035430000,23550000,45020000,420000
1791427279,378755043,3531,1617942128,S,N,258152000000,258151000000,258150000000,258149000000,258148000000,1469630000,1190000,1410000,191650000,620000,258153000000,258154000000,258155000000,258156000000,258157000000,8492590000,1035430000,23550000,45020000,420000
1791427279,464081258,3532,1747767917,S,N,8319098000000,8319097000000,8319096000000,8319001000000,8319000000000,64904000,69000,13000,14000,4928000,8319099000000,8319100000000,8319101000000,8319106000000,8319144000000,791692000,62000,13000,38152000,189000
1791427279,465710960,3533,1747767917,D,N,8319098000000,8319097000000,8319096000000,8319001000000,8319000000000,64904000,69000,13000,14000,4928000,8319099000000,8319100000000,8319101000000,8319106000000,8319144000000,791692000,62000,13000,38152000,189000
1791427279,467125765,3534,1617942128,D,N,258152000000,258151000000,258150000000,258149000000,258148000000,1126930000,1190000,1410000,191650000,620000,258153000000,258154000000,258155000000,258156000000,258157000000,8492590000,1035430000,23550000,45020000,420000
1791427279,468465588,3535,1617942128,S,N,258152000000,258151000000,258150000000,258149000000,258148000000,1126930000,1190000,1410000,191650000,620000,258153000000,258154000000,258155000000,258156000000,258157000000,8492590000,1035430000,23550000,45020000,420000
1791427279,561854221,3536,1747767917,D,N,8319098000000,8319097000000,8319096000000,8319001000000,8319000000000,64892000,69000,13000,14000,4928000,8319099000000,8319100000000,8319101000000,8319106000000,8319144000000,791692000,62000,13000,38152000,189000
1791427279,562711104,3537,1617942128,D,N,258152000000,258151000000,258150000000,258149000000,258148000000,1469630000,1190000,1410000,191650000,620000,258153000000,258154000000,258155000000,258156000000,258157000000,7952590000,1035430000,23550000,45020000,420000
1791427279,563355990,3538,1617942128,S,N,258152000000,258151000000,258150000000,258149000000,258148000000,1469630000,1190000,1410000,191650000,620000,258153000000,258154000000,258155000000,258156000000,258157000000,7952590000,1035430000,23550000,45020000,420000
1791427279,658056037,3539,1747767917,D,N,8319098000000,8319097000000,8319096000000,8319001000000,8319000000000,64892000,69000,13000,14000,4928000,8319099000000,8319100000000,8319101000000,8319106000000,8319144000000,791904000,41000,13000,38152000,189000
1791427279,658848374,3540,1617942128,D,N,258152000000,258151000000,258150000000,258149000000,258148000000,1934460000,990000,1410000,1189580000,200000,258153000000,258154000000,258155000000,258156000000,258157000000,7952590000,1035430000,23550000,45020000,420000
1791427279,659614332,3541,1617942128,S,N,258152000000,258151000000,258150000000,258149000000,258148000000,1934460000,990000,1410000,1189580000,200000,258153000000,258154000000,258155000000,258156000000,258157000000,7952590000,1035430000,23550000,45020000,420000
1791427279,760179414,3542,1747767917,D,N,8319098000000,8319097000000,8319096000000,8319001000000,8319000000000,64892000,69000,13000,14000,4928000,8319099000000,8319100000000,8319101000000,8319106000000,8319144000000,788898000,62000,13000,38152000,189000
1791427279,761403478,3543,1617942128,D,N,258152000000,258151000000,258150000000,258149000000,258148000000,1934460000,990000,1410000,1189580000,200000,258153000000,258154000000,258155000000,258156000000,258157000000,7952590000,1035430000,23550000,45020000,420000
1791427279,762282103,3544,1617942128,S,N,258152000000,258151000000,258150000000,258149000000,258148000000,1934460000,990000,1410000,1189580000,200000,258153000000,258154000000,258155000000,258156000000,258157000000,7952590000,1035430000,23550000,45020000,420000
1791427279,852359732,3545,1747767917,D,N,8319098000000,8319097000000,8319096000000,8319001000000,8319000000000,100876000,83000,13000,14000,4935000,8319099000000,8319100000000,8319101000000,8319105000000,8319106000000,788111000,69000,13000,7000,38152000
1791427279,856035887,3546,1617942128,D,N,258152000000,258151000000,258150000000,258149000000,258148000000,1934670000,983450000,1410000,191650000,200000,258153000000,258154000000,258155000000,258156000000,258157000000,7138570000,1035430000,23550000,45020000,420000
1791427279,857200816,3547,1617942128,S,N,258152000000,258151000000,258150000000,258149000000,258148000000,1934670000,983450000,1410000,191650000,200000,258153000000,258154000000,258155000000,258156000000,258157000000,7138570000,1035430000,23550000,45020000,420000
1791427279,948026817,3548,1747767917,D,N,8319098000000,8319097000000,8319096000000,8319001000000,8319000000000,64913000,83000,13000,14000,4935000,8319099000000,8319100000000,8319101000000,8319105000000,8319106000000,788125000,62000,13000,7000,38152000
1791427279,949278807,3549,1617942128,D,N,258152000000,258151000000,258150000000,258149000000,258148000000,1935080000,983650000,1410000,191650000,200000,258153000000,258154000000,258155000000,258156000000,258157000000,7138570000,1035430000,23550000,45020000,420000
1791427279,950294158,3550,1617942128,S,N,258152000000,258151000000,258150000000,258149000000,258148000000,1935080000,983650000,1410000,191650000,200000,258153000000,258154000000,258155000000,258156000000,258157000000,7138570000,1035430000,23550000,45020000,420000
1791427280,62362140,3551,1747767917,S,N,8319098000000,8319097000000,8319096000000,8319001000000,8319000000000,64913000,83000,13000,14000,4935000,8319099000000,8319100000000,8319101000000,8319105000000,8319106000000,788125000,62000,13000,7000,38152000
1791427280,63455082,3552,1747767917,D,N,8319098000000,8319097000000,8319096000000,8319001000000,8319000000000,64913000,83000,13000,14000,4935000,8319099000000,8319100000000,8319101000000,8319105000000,8319106000000,788125000,62000,13000,7000,38152000
1791427280,64363371,3553,1617942128,D,N,258152000000,258151000000,258150000000,258149000000,258148000000,1935080000,983650000,1410000,191650000,200000,258153000000,258154000000,258155000000,258156000000,258157000000,7138570000,1035430000,23550000,45020000,420000
1791427280,65270018,3554,1617942128,S,N,258152000000,258151000000,258150000000,258149000000,258148000000,1935080000,983650000,1410000,191650000,200000,258153000000,258154000000,258155000000,258156000000,258157000000,7138570000,1035430000,23550000,45020000,420000
1791427280,141020837,3555,1747767917,S,N,8319098000000,8319097000000,8319096000000,8319001000000,8319000000000,64913000,83000,13000,14000,4935000,8319099000000,8319100000000,8319101000000,8319105000000,8319106000000,788125000,62000,13000,7000,38152000
1791427280,143398332,3556,1747767917,D,N,8319098000000,8319097000000,8319096000000,8319001000000,8319000000000,64913000,83000,13000,14000,4935000,8319099000000,8319100000000,8319101000000,8319105000000,8319106000000,788125000,62000,13000,7000,38152000
1791427280,146088703,3557,1617942128,D,N,258152000000,258151000000,258150000000,258149000000,258148000000,1935080000,983650000,1410000,191650000,200000,258153000000,258154000000,258155000000,258156000000,258157000000,7138570000,1035430000,23550000,45020000,420000
1791427280,148554901,3558,1617942128,S,N,258152000000,258151000000,258150000000,258149000000,258148000000,1935080000,983650000,1410000,191650000,200000,258153000000,258154000000,258155000000,258156000000,258157000000,7138570000,1035430000,23550000,45020000,420000
1791427280,255753488,3559,1747767917,D,N,8319098000000,8319097000000,8319096000000,8319001000000,8319000000000,64961000,83000,13000,14000,4935000,8319099000000,8319100000000,8319101000000,8319105000000,8319106000000,788125000,62000,13000,7000,38152000
1791427280,258902546,3560,1617942128,D,N,258152000000,258151000000,258150000000,258149000000,258148000000,1935080000,983650000,1410000,191650000,200000,258153000000,258154000000,258155000000,258156000000,258157000000,7138570000,1035430000,23550000,45020000,420000
1791427280,261074516,3561,1617942128,S,N,258152000000,258151000000,258150000000,258149000000,258148000000,1935080000,983650000,1410000,191650000,200000,258153000000,258154000000,258155000000,258156000000,258157000000,7138570000,1035430000,23550000,45020000,420000
1791427280,338124382,3562,1747767917,D,N,8319098000000,8319097000000,8319096000000,8319001000000,8319000000000,64961000,83000,13000,14000,4935000,8319099000000,8319100000000,8319101000000,8319105000000,8319106000000,788841000,62000,13000,7000,38152000
1791427280,463705289,3563,1747767917,D,N,8319098000000,8319097000000,8319096000000,8319001000000,8319000000000,64842000,83000,13000,14000,4935000,8319099000000,8319100000000,8319101000000,8319105000000,8319106000000,788841000,62000,13000,7000,38152000
1791427280,466151485,3564,1617942128,D,N,258152000000,258151000000,258150000000,258149000000,258148000000,1935080000,983650000,1410000,191650000,200000,258153000000,258154000000,258155000000,258156000000,258157000000,7138570000,1035430000,23550000,45020000,420000
1791427280,468476995,3565,1617942128,S,N,258152000000,258151000000,258150000000,258149000000,258148000000,1935080000,983650000,1410000,191650000,200000,258153000000,258154000000,258155000000,258156000000,258157000000,7138570000,1035430000,23550000,45020000,420000
1791427280,528038256,3566,1747767917,S,N,8319098000000,8319097000000,8319096000000,8319001000000,8319000000000,64842000,83000,13000,14000,4935000,8319099000000,8319100000000,8319101000000,8319105000000,8319106000000,788841000,62000,13000,7000,38152000
1791427280,529432056,3567,1747767917,D,N,8319098000000,8319097000000,8319096000000,8319001000000,8319000000000,64842000,83000,13000,14000,4935000,8319099000000,8319100000000,8319101000000,8319105000000,8319106000000,788841000,62000,13000,7000,38152000
1791427280,530606056,3568,1617942128,D,N,258152000000,258151000000,258150000000,258149000000,258148000000,1935080000,983650000,1410000,191650000,200000,258153000000,258154000000,258155000000,258156000000,258157000000,7138570000,1035430000,23550000,45020000,420000
1791427280,531826756,3569,1617942128,S,N,258152000000,258151000000,258150000000,258149000000,258148000000,1935080000,983650000,1410000,191650000,200000,258153000000,258154000000,258155000000,258156000000,258157000000,7138570000,1035430000,23550000,45020000,420000
1791427280,629032056,3570,1747767917,S,N,8319098000000,8319097000000,8319096000000,8319001000000,8319000000000,64842000,83000,13000,14000,4935000,8319099000000,8319100000000,8319101000000,8319105000000,8319106000000,788841000,62000,13000,7000,38152000
1791427280,630566556,3571,1747767917,D,N,8319098000000,8319097000000,8319096000000,8319001000000,8319000000000,64842000,83000,13000,14000,4935000,8319099000000,8319100000000,8319101000000,8319105000000,8319106000000,788841000,62000,13000,7000,38152000
1791427280,631707456,3572,1617942128,D,N,258152000000,258151000000,258150000000,258149000000,258148000000,1935080000,983650000,1410000,191650000,200000,258153000000,258154000000,258155000000,258156000000,258157000000,7138570000,1035430000,23550000,45020000,420000
1791427280,632918756,3573,1617942128,S,N,258152000000,258151000000,258150000000,258149000000,258148000000,1935080000,983650000,1410000,191650000,200000,258153000000,258154000000,258155000000,258156000000,258157000000,7138570000,1035430000,23550000,45020000,420000
1791427280,728747556,3574,1747767917,D,N,8319098000000,8319097000000,8319096000000,8319001000000,8319000000000,64827000,83000,13000,14000,4935000,8319099000000,8319100000000,8319101000000,8319105000000,8319106000000,788841000,62000,13000,7000,38152000
1791427280,729947156,3575,1617942128,D,N,258152000000,258151000000,258150000000,258149000000,258148000000,1935080000,983650000,1410000,191650000,200000,258153000000,258154000000,258155000000,258156000000,258157000000,7138570000,1035430000,23550000,45020000,420000
1791427280,730999556,3576,1617942128,S,N,258152000000,258151000000,258150000000,258149000000,258148000000,1935080000,983650000,1410000,191650000,200000,258153000000,258154000000,258155000000,258156000000,258157000000,7138570000,1035430000,23550000,45020000,420000
1791427280,828237456,3577,1747767917,S,N,8319098000000,8319097000000,8319096000000,8319001000000,8319000000000,64827000,83000,13000,14000,4935000,8319099000000,8319100000000,8319101000000,8319105000000,8319106000000,788841000,62000,13000,7000,38152000
1791427280,829859056,3578,1747767917,D,N,8319098000000,8319097000000,8319096000000,8319001000000,8319000000000,64827000,83000,13000,14000,4935000,8319099000000,8319100000000,8319101000000,8319105000000,8319106000000,788841000,62000,13000,7000,38152000
1791427280,933922256,3579,1747767917,S,N,8319098000000,8319097000000,8319096000000,8319001000000,8319000000000,64827000,83000,13000,14000,4935000,8319099000000,8319100000000,8319101000000,8319105000000,8319106000000,788841000,62000,13000,7000,38152000
1791427280,935228756,3580,1747767917,D,N,8319098000000,8319097000000,8319096000000,8319001000000,8319000000000,64827000,83000,13000,14000,4935000,8319099000000,8319100000000,8319101000000,8319105000000,8319106000000,788841000,62000,13000,7000,38152000
1791427280,936266356,3581,1617942128,D,N,258152000000,258151000000,258150000000,258149000000,258148000000,1741280000,1190000,1410000,191650000,200000,258153000000,258154000000,258155000000,258156000000,258157000000,7138570000,1035430000,23550000,45020000,420000
1791427280,937305856,3582,1617942128,S,N,258152000000,258151000000,258150000000,258149000000,258148000000,1741280000,1190000,1410000,191650000,200000,258153000000,258154000000,258155000000,258156000000,258157000000,7138570000,1035430000,23550000,45020000,420000
1791427281,30476556,3583,1747767917,D,N,8319098000000,8319097000000,8319096000000,8319001000000,8319000000000,64751000,69000,13000,14000,4935000,8319099000000,8319100000000,8319101000000,8319105000000,8319106000000,789447000,41000,13000,7000,38152000
1791427281,31752156,3584,1617942128,D,N,258152000000,258151000000,258150000000,258149000000,258148000000,1240080000,1190000,1410000,191650000,200000,258153000000,258154000000,258155000000,258156000000,258157000000,7138570000,1035430000,23550000,52770000,420000
1791427281,32884156,3585,1617942128,S,N,258152000000,258151000000,258150000000,258149000000,258148000000,1240080000,1190000,1410000,191650000,200000,258153000000,258154000000,258155000000,258156000000,258157000000,7138570000,1035430000,23550000,52770000,420000
1791427281,178914356,3586,1747767917,D,N,8319098000000,8319097000000,8319096000000,8319001000000,8319000000000,47870000,69000,13000,14000,4935000,8319099000000,8319100000000,8319101000000,8319105000000,8319106000000,790615000,13000,13000,7000,38152000
1791427281,180268856,3587,1617942128,D,N,258152000000,258151000000,258150000000,258149000000,258148000000,679790000,1190000,1410000,191650000,200000,258153000000,258154000000,258155000000,258156000000,258157000000,7138570000,1035430000,23550000,52770000,420000
1791427281,181603856,3588,1617942128,S,N,258152000000,258151000000,258150000000,258149000000,258148000000,679790000,1190000,1410000,191650000,200000,258153000000,258154000000,258155000000,258156000000,258157000000,7138570000,1035430000,23550000,52770000,420000
1791427281,228498756,3589,1747767917,S,N,8319098000000,8319097000000,8319096000000,8319001000000,8319000000000,47870000,69000,13000,14000,4935000,8319099000000,8319100000000,8319101000000,8319105000000,8319106000000,790615000,13000,13000,7000,38152000
1791427281,229999456,3590,1747767917,D,N,8319098000000,8319097000000,8319096000000,8319001000000,8319000000000,47870000,69000,13000,14000,4935000,8319099000000,8319100000000,8319101000000,8319105000000,8319106000000,790615000,13000,13000,7000,38152000
1791427281,231067056,3591,1617942128,D,N,258152000000,258151000000,258150000000,258149000000,258148000000,679790000,1190000,1410000,191650000,200000,258153000000,258154000000,258155000000,258156000000,258157000000,7138570000,1035430000,23550000,52770000,420000
1791427281,232089756,3592,1617942128,S,N,258152000000,258151000000,258150000000,258149000000,258148000000,679790000,1190000,1410000,191650000,200000,258153000000,258154000000,258155000000,258156000000,258157000000,7138570000,1035430000,23550000,52770000,420000
1791427281,333651056,3593,1747767917,S,N,8319098000000,8319097000000,8319096000000,8319001000000,8319000000000,47870000,69000,13000,14000,4935000,8319099000000,8319100000000,8319101000000,8319105000000,8319106000000,790615000,13000,13000,7000,38152000
1791427281,335112656,3594,1747767917,D,N,8319098000000,8319097000000,8319096000000,8319001000000,8319000000000,47870000,69000,13000,14000,4935000,8319099000000,8319100000000,8319101000000,8319105000000,8319106000000,790615000,13000,13000,7000,38152000
1791427281,336346856,3595,1617942128,D,N,258152000000,258151000000,258150000000,258149000000,258148000000,679790000,1190000,1410000,191650000,200000,258153000000,258154000000,258155000000,258156000000,258157000000,7138570000,1035430000,23550000,52770000,420000
1791427281,337488956,3596,1617942128,S,N,258152000000,258151000000,258150000000,258149000000,258148000000,679790000,1190000,1410000,191650000,200000,258153000000,258154000000,258155000000,258156000000,258157000000,7138570000,1035430000,23550000,52770000,420000
1791427281,428803556,3597,1747767917,D,N,8319098000000,8319097000000,8319096000000,8319001000000,8319000000000,66099000,69000,13000,14000,4928000,8319099000000,8319100000000,8319101000000,8319105000000,8319106000000,790514000,41000,13000,7000,38152000
1791427281,430110656,3598,1617942128,D,N,258152000000,258151000000,258150000000,258149000000,258148000000,940880000,1190000,1410000,191650000,200000,258153000000,258154000000,258155000000,258156000000,258157000000,7138570000,1035430000,23550000,52770000,420000
1791427281,431208756,3599,1617942128,S,N,258152000000,258151000000,258150000000,258149000000,258148000000,940880000,1190000,1410000,191650000,200000,258153000000,258154000000,258155000000,258156000000,258157000000,7138570000,1035430000,23550000,52770000,420000
1791427281,563397756,3600,1747767917,D,N,8319098000000,8319097000000,8319096000000,8319001000000,8319000000000,66113000,83000,13000,14000,4928000,8319099000000,8319100000000,8319101000000,8319105000000,8319106000000,790514000,41000,13000,7000,38152000
1791427281,566633156,3601,1617942128,D,N,258152000000,258151000000,258150000000,258149000000,258148000000,940880000,1190000,1410000,191650000,200000,258153000000,258154000000,258155000000,258156000000,258157000000,7138570000,1035430000,23550000,52770000,420000
1791427281,567494756,3602,1617942128,S,N,258152000000,258151000000,258150000000,258149000000,258148000000,940880000,1190000,1410000,191650000,200000,258153000000,258154000000,258155000000,258156000000,258157000000,7138570000,1035430000,23550000,52770000,420000
1791427281,629229056,3603,1747767917,D,N,8319098000000,8319097000000,8319096000000,8319001000000,8319000000000,66113000,83000,13000,14000,4928000,8319099000000,8319100000000,8319101000000,8319105000000,8319106000000,790451000,41000,13000,7000,38152000
1791427281,629813256,3604,1617942128,D,N,258152000000,258151000000,258150000000,258149000000,258148000000,940880000,1190000,1410000,191650000,200000,258153000000,258154000000,258155000000,258156000000,258157000000,7138570000,1035430000,23550000,52770000,420000
1791427281,630398856,3605,1617942128,S,N,258152000000,258151000000,258150000000,258149000000,258148000000,940880000,1190000,1410000,191650000,200000,258153000000,258154000000,258155000000,258156000000,258157000000,7138570000,1035430000,23550000,52770000,420000
1791427281,734647056,3606,1747767917,S,N,8319098000000,8319097000000,8319096000000,8319001000000,8319000000000,66113000,83000,13000,14000,4928000,8319099000000,8319100000000,8319101000000,8319105000000,8319106000000,790451000,41000,13000,7000,38152000
1791427281,735525056,3607,1747767917,D,N,8319098000000,8319097000000,8319096000000,8319001000000,8319000000000,66113000,83000,13000,14000,4928000,8319099000000,8319100000000,8319101000000,8319105000000,8319106000000,790451000,41000,13000,7000,38152000
1791427281,736331256,3608,1617942128,D,N,258152000000,258151000000,258150000000,258149000000,258148000000,940880000,1190000,1410000,191650000,200000,258153000000,258154000000,258155000000,258156000000,258157000000,7138570000,1035430000,23550000,52770000,420000
1791427281,737059056,3609,1617942128,S,N,258152000000,258151000000,258150000000,258149000000,258148000000,940880000,1190000,1410000,191650000,200000,258153000000,258154000000,258155000000,258156000000,258157000000,7138570000,1035430000,23550000,52770000,420000
1791427282,150216956,3610,1747767917,S,N,8319098000000,8319097000000,8319096000000,8319001000000,8319000000000,66113000,83000,13000,14000,4928000,8319099000000,8319100000000,8319101000000,8319105000000,8319106000000,790451000,41000,13000,7000,38152000
1791427282,151091356,3611,1747767917,D,N,8319098000000,8319097000000,8319096000000,8319001000000,8319000000000,66113000,83000,13000,14000,4928000,8319099000000,8319100000000,8319101000000,8319105000000,8319106000000,790451000,41000,13000,7000,38152000
1791427282,151864556,3612,1617942128,D,N,258152000000,258151000000,258150000000,258149000000,258148000000,940880000,1190000,1410000,919670000,200000,258153000000,258154000000,258155000000,258156000000,258157000000,7138570000,1035430000,23550000,52770000,420000
1791427282,152545756,3613,1617942128,S,N,258152000000,258151000000,258150000000,258149000000,258148000000,940880000,1190000,1410000,919670000,200000,258153000000,258154000000,258155000000,258156000000,258157000000,7138570000,1035430000,23550000,52770000,420000
1791427282,153801256,3614,1747767917,D,N,8319098000000,8319097000000,8319096000000,8319001000000,8319000000000,66113000,145000,13000,14000,4928000,8319099000000,8319100000000,8319101000000,8319105000000,8319106000000,790451000,41000,13000,7000,38152000
1791427282,154445856,3615,1617942128,D,N,258152000000,258151000000,258150000000,258149000000,258148000000,2483590000,729010000,1410000,191650000,200000,258153000000,258154000000,258155000000,258156000000,258157000000,7138570000,1035430000,23550000,52770000,420000
1791427282,155129856,3616,1617942128,S,N,258152000000,258151000000,258150000000,258149000000,258148000000,2483590000,729010000,1410000,191650000,200000,258153000000,258154000000,258155000000,258156000000,258157000000,7138570000,1035430000,23550000,52770000,420000
1791427282,286611756,3617,1747767917,D,N,8319098000000,8319097000000,8319096000000,8319001000000,8319000000000,66120000,152000,13000,14000,4928000,8319099000000,8319100000000,8319101000000,8319105000000,8319106000000,790451000,41000,13000,7000,38152000
1791427282,287624856,3618,1617942128,D,N,258152000000,258151000000,258150000000,258149000000,258148000000,6084000000,729210000,1410000,191650000,200000,258153000000,258154000000,258155000000,258156000000,258157000000,6749140000,1134470000,23130000,45020000,8170000
1791427282,288615456,3619,1617942128,S,N,258152000000,258151000000,258150000000,258149000000,258148000000,6084000000,729210000,1410000,191650000,200000,258153000000,258154000000,258155000000,258156000000,258157000000,6749140000,1134470000,23130000,45020000,8170000
1791427282,289536156,3620,1747767917,S,N,8319098000000,8319097000000,8319096000000,8319001000000,8319000000000,66120000,152000,13000,14000,4928000,8319099000000,8319100000000,8319101000000,8319105000000,8319106000000,790451000,41000,13000,7000,38152000
1791427282,290431656,3621,1747767917,D,N,8319098000000,8319097000000,8319096000000,8319001000000,8319000000000,66120000,152000,13000,14000,4928000,8319099000000,8319100000000,8319101000000,8319105000000,8319106000000,790451000,41000,13000,7000,38152000
1791427282,411176056,3622,1617942128,D,N,258152000000,258151000000,258150000000,258149000000,258148000000,6084000000,729210000,1410000,191650000,200000,258153000000,258154000000,258155000000,258156000000,258157000000,6749140000,1134470000,23130000,45020000,8170000
1791427282,412572856,3623,1617942128,S,N,258152000000,258151000000,258150000000,258149000000,258148000000,6084000000,729210000,1410000,191650000,200000,258153000000,258154000000,258155000000,258156000000,258157000000,6749140000,1134470000,23130000,45020000,8170000
1791427282,414848256,3624,1747767917,D,N,8319098000000,8319097000000,8319096000000,8319001000000,8319000000000,66112000,152000,13000,14000,4928000,8319099000000,8319100000000,8319101000000,8319105000000,8319106000000,790451000,41000,13000,7000,38152000
1791427282,415743856,3625,1617942128,D,N,258152000000,258151000000,258150000000,258149000000,258148000000,6083580000,1190000,1410000,191650000,200000,258153000000,258154000000,258155000000,258156000000,258157000000,6748900000,1134470000,23130000,45020000,8170000
1791427282,416428556,3626,1617942128,S,N,258152000000,258151000000,258150000000,258149000000,258148000000,6083580000,1190000,1410000,191650000,200000,258153000000,258154000000,258155000000,258156000000,258157000000,6748900000,1134470000,23130000,45020000,8170000
1791427282,416908956,3627,1747767917,S,N,8319098000000,8319097000000,8319096000000,8319001000000,8319000000000,66112000,152000,13000,14000,4928000,8319099000000,8319100000000,8319101000000,8319105000000,8319106000000,790451000,41000,13000,7000,38152000
1791427282,417345056,3628,1747767917,D,N,8319098000000,8319097000000,8319096000000,8319001000000,8319000000000,66112000,152000,13000,14000,4928000,8319099000000,8319100000000,8319101000000,8319105000000,8319106000000,790451000,41000,13000,7000,38152000
1791427282,417808656,3629,1617942128,D,N,258152000000,258151000000,258150000000,258149000000,258148000000,6083580000,1190000,1410000,191650000,200000,258153000000,258154000000,258155000000,258156000000,258157000000,6748900000,1134470000,23130000,45020000,8170000
1791427282,418244856,3630,1617942128,S,N,258152000000,258151000000,258150000000,258149000000,258148000000,6083580000,1190000,1410000,191650000,200000,258153000000,258154000000,258155000000,258156000000,258157000000,6748900000,1134470000,23130000,45020000,8170000
1791427282,452561256,3631,1747767917,S,N,8319098000000,8319097000000,8319096000000,8319001000000,8319000000000,66112000,152000,13000,14000,4928000,8319099000000,8319100000000,8319101000000,8319105000000,8319106000000,790451000,41000,13000,7000,38152000
1791427282,453465356,3632,1747767917,D,N,8319098000000,8319097000000,8319096000000,8319001000000,8319000000000,66112000,152000,13000,14000,4928000,8319099000000,8319100000000,8319101000000,8319105000000,8319106000000,790451000,41000,13000,7000,38152000
1791427282,566634556,3633,1747767917,S,N,8319098000000,8319097000000,8319096000000,8319001000000,8319000000000,66112000,152000,13000,14000,4928000,8319099000000,8319100000000,8319101000000,8319105000000,8319106000000,790451000,41000,13000,7000,38152000
1791427282,568092056,3634,1747767917,D,N,8319098000000,8319097000000,8319096000000,8319001000000,8319000000000,66112000,152000,13000,14000,4928000,8319099000000,8319100000000,8319101000000,8319105000000,8319106000000,790451000,41000,13000,7000,38152000
1791427282,569874056,3635,1617942128,D,N,258152000000,258151000000,258150000000,258149000000,258148000000,6083580000,1190000,1410000,191650000,200000,258153000000,258154000000,258155000000,258156000000,258157000000,6748900000,1134470000,23130000,45020000,8170000
1791427282,571070756,3636,1617942128,S,N,258152000000,258151000000,258150000000,258149000000,258148000000,6083580000,1190000,1410000,191650000,200000,258153000000,258154000000,258155000000,258156000000,258157000000,6748900000,1134470000,23130000,45020000,8170000
1791427282,642825456,3637,1747767917,S,N,8319098000000,8319097000000,8319096000000,8319001000000,8319000000000,66112000,152000,13000,14000,4928000,8319099000000,8319100000000,8319101000000,8319105000000,8319106000000,790451000,41000,13000,7000,38152000
1791427282,644076156,3638,1747767917,D,N,8319098000000,8319097000000,8319096000000,8319001000000,8319000000000,66112000,152000,13000,14000,4928000,8319099000000,8319100000000,8319101000000,8319105000000,8319106000000,790451000,41000,13000,7000,38152000
1791427282,645009256,3639,1617942128,D,N,258152000000,258151000000,258150000000,258149000000,258148000000,6083580000,1190000,1410000,191650000,200000,258153000000,258154000000,258155000000,258156000000,258157000000,6748900000,1134470000,23130000,45020000,8170000
1791427282,645737556,3640,1617942128,S,N,258152000000,258151000000,258150000000,258149000000,258148000000,6083580000,1190000,1410000,191650000,200000,258153000000,258154000000,258155000000,258156000000,258157000000,6748900000,1134470000,23130000,45020000,8170000
1791427282,728107356,3641,1747767917,S,N,8319098000000,8319097000000,8319096000000,8319001000000,8319000000000,66112000,152000,13000,14000,4928000,8319099000000,8319100000000,8319101000000,8319105000000,8319106000000,790451000,41000,13000,7000,38152000
1791427282,730266256,3642,1747767917,D,N,8319098000000,8319097000000,8319096000000,8319001000000,8319000000000,66112000,152000,13000,14000,4928000,8319099000000,8319100000000,8319101000000,8319105000000,8319106000000,790451000,41000,13000,7000,38152000
1791427282,772154256,3643,1617942128,D,N,258152000000,258151000000,258150000000,258149000000,258148000000,6083580000,1190000,1410000,191650000,200000,258153000000,258154000000,258155000000,258156000000,258157000000,6748900000,1134470000,23130000,45020000,8170000
1791427282,773904156,3644,1617942128,S,N,258152000000,258151000000,258150000000,258149000000,258148000000,6083580000,1190000,1410000,191650000,200000,258153000000,258154000000,258155000000,258156000000,258157000000,6748900000,1134470000,23130000,45020000,8170000
1791427282,827756356,3645,1747767917,S,N,8319098000000,8319097000000,8319096000000,8319001000000,8319000000000,66112000,152000,13000,14000,4928000,8319099000000,8319100000000,8319101000000,8319105000000,8319106000000,790451000,41000,13000,7000,38152000
1791427282,829869956,3646,1747767917,D,N,8319098000000,8319097000000,8319096000000,8319001000000,8319000000000,66112000,152000,13000,14000,4928000,8319099000000,8319100000000,8319101000000,8319105000000,8319106000000,790451000,41000,13000,7000,38152000
1791427282,831343156,3647,1617942128,D,N,258152000000,258151000000,258150000000,258149000000,258148000000,6083380000,990000,1410000,919670000,200000,258153000000,258154000000,258155000000,258156000000,258157000000,6748900000,1134470000,23130000,45020000,8170000
1791427282,832798956,3648,1617942128,S,N,258152000000,258151000000,258150000000,258149000000,258148000000,6083380000,990000,1410000,919670000,200000,258153000000,258154000000,258155000000,258156000000,258157000000,6748900000,1134470000,23130000,45020000,8170000
1791427282,930077356,3649,1747767917,D,N,8319098000000,8319097000000,8319096000000,8319001000000,8319000000000,66119000,159000,13000,14000,4928000,8319099000000,8319100000000,8319101000000,8319105000000,8319106000000,790451000,41000,13000,7000,38152000
1791427282,932205856,3650,1617942128,D,N,258152000000,258151000000,258150000000,258149000000,258148000000,6083380000,990000,1410000,919670000,200000,258153000000,258154000000,258155000000,258156000000,258157000000,6748900000,1134470000,23130000,45020000,8170000
1791427282,934271656,3651,1617942128,S,N,258152000000,258151000000,258150000000,258149000000,258148000000,6083380000,990000,1410000,919670000,200000,258153000000,258154000000,258155000000,258156000000,258157000000,6748900000,1134470000,23130000,45020000,8170000
1791427283,28231156,3652,1747767917,S,N,8319098000000,8319097000000,8319096000000,8319001000000,8319000000000,66119000,159000,13000,14000,4928000,8319099000000,8319100000000,8319101000000,8319105000000,8319106000000,790451000,41000,13000,7000,38152000
1791427283,31823056,3653,1747767917,D,N,8319098000000,8319097000000,8319096000000,8319001000000,8319000000000,66119000,159000,13000,14000,4928000,8319099000000,8319100000000,8319101000000,8319105000000,8319106000000,790451000,41000,13000,7000,38152000
1791427283,34732656,3654,1617942128,D,N,258152000000,258151000000,258150000000,258149000000,258148000000,6083380000,990000,1410000,919670000,200000,258153000000,258154000000,258155000000,258156000000,258157000000,6748900000,1134470000,23130000,45020000,8170000
1791427283,36608256,3655,1617942128,S,N,258152000000,258151000000,258150000000,258149000000,258148000000,6083380000,990000,1410000,919670000,200000,258153000000,258154000000,258155000000,258156000000,258157000000,6748900000,1134470000,23130000,45020000,8170000
1791427283,129410656,3656,1747767917,D,N,8319098000000,8319097000000,8319096000000,8319001000000,8319000000000,66061000,159000,13000,14000,4928000,8319099000000,8319100000000,8319101000000,8319105000000,8319106000000,790451000,41000,13000,7000,38152000
1791427283,130654256,3657,1617942128,D,N,258152000000,258151000000,258150000000,258149000000,258148000000,6083380000,990000,1410000,919670000,200000,258153000000,258154000000,258155000000,258156000000,258157000000,6748900000,1134470000,23130000,45020000,8170000
1791427283,131746856,3658,1617942128,S,N,258152000000,258151000000,258150000000,258149000000,258148000000,6083380000,990000,1410000,919670000,200000,258153000000,258154000000,258155000000,258156000000,258157000000,6748900000,1134470000,23130000,45020000,8170000
1791427283,410583056,3659,1617942128,D,N,258152000000,258151000000,258150000000,258149000000,258148000000,6083380000,990000,1410000,919670000,200000,258153000000,258154000000,258155000000,258156000000,258157000000,6748900000,1134470000,23130000,45020000,8170000
1791427283,413871156,3660,1747767917,D,N,8319098000000,8319097000000,8319096000000,8319001000000,8319000000000,66061000,159000,13000,14000,4928000,8319099000000,8319100000000,8319101000000,8319105000000,8319106000000,790437000,27000,13000,7000,38152000
1791427283,416214656,3661,1617942128,S,N,258152000000,258151000000,258150000000,258149000000,258148000000,6083380000,990000,1410000,919670000,200000,258153000000,258154000000,258155000000,258156000000,258157000000,6748900000,1134470000,23130000,45020000,8170000
1791427283,418644556,3662,1747767917,S,N,8319098000000,8319097000000,8319096000000,8319001000000,8319000000000,66061000,159000,13000,14000,4928000,8319099000000,8319100000000,8319101000000,8319105000000,8319106000000,790437000,27000,13000,7000,38152000
1791427283,421319256,3663,1747767917,D,N,8319098000000,8319097000000,8319096000000,8319001000000,8319000000000,66061000,159000,13000,14000,4928000,8319099000000,8319100000000,8319101000000,8319105000000,8319106000000,790437000,27000,13000,7000,38152000
1791427283,424072156,3664,1617942128,D,N,258152000000,258151000000,258150000000,258149000000,258148000000,6824080000,990000,1410000,191650000,200000,258153000000,258154000000,258155000000,258156000000,258157000000,6748900000,750200000,23550000,45020000,8170000
1791427283,426324956,3665,1617942128,S,N,258152000000,258151000000,258150000000,258149000000,258148000000,6824080000,990000,1410000,191650000,200000,258153000000,258154000000,258155000000,258156000000,258157000000,6748900000,750200000,23550000,45020000,8170000
1791427283,737050618,3666,1747767917,S,N,8319098000000,8319097000000,8319096000000,8319001000000,8319000000000,66061000,159000,13000,14000,4928000,8319099000000,8319100000000,8319101000000,8319105000000,8319106000000,790437000,27000,13000,7000,38152000
1791427283,740783499,3667,1747767917,D,N,8319098000000,8319097000000,8319096000000,8319001000000,8319000000000,66061000,159000,13000,14000,4928000,8319099000000,8319100000000,8319101000000,8319105000000,8319106000000,790437000,27000,13000,7000,38152000
1791427283,743782186,3668,1617942128,D,N,258152000000,258151000000,258150000000,258149000000,258148000000,6824080000,990000,1410000,191650000,200000,258153000000,258154000000,258155000000,258156000000,258157000000,6748900000,750200000,23550000,45020000,8170000
1791427283,746416759,3669,1617942128,S,N,258152000000,258151000000,258150000000,258149000000,258148000000,6824080000,990000,1410000,191650000,200000,258153000000,258154000000,258155000000,258156000000,258157000000,6748900000,750200000,23550000,45020000,8170000
1791427283,749461021,3670,1747767917,S,N,8319098000000,8319097000000,8319096000000,8319001000000,8319000000000,66061000,159000,13000,14000,4928000,8319099000000,8319100000000,8319101000000,8319105000000,8319106000000,790437000,27000,13000,7000,38152000
1791427283,751966887,3671,1747767917,D,N,8319098000000,8319097000000,8319096000000,8319001000000,8319000000000,66061000,159000,13000,14000,4928000,8319099000000,8319100000000,8319101000000,8319105000000,8319106000000,790437000,27000,13000,7000,38152000
1791427283,769840474,3672,1617942128,D,N,258152000000,258151000000,258150000000,258149000000,258148000000,6824080000,990000,1410000,191650000,200000,258153000000,258154000000,258155000000,258156000000,258157000000,6748900000,750200000,23550000,45020000,8170000
1791427283,774304323,3673,1617942128,S,N,258152000000,258151000000,258150000000,258149000000,258148000000,6824080000,990000,1410000,191650000,200000,258153000000,258154000000,258155000000,258156000000,258157000000,6748900000,750200000,23550000,45020000,8170000
1791427283,776998750,3674,1747767917,S,N,8319098000000,8319097000000,8319096000000,8319001000000,8319000000000,66061000,159000,13000,14000,4928000,8319099000000,8319100000000,8319101000000,8319105000000,8319106000000,790437000,27000,13000,7000,38152000
1791427283,779176297,3675,1747767917,D,N,8319098000000,8319097000000,8319096000000,8319001000000,8319000000000,66061000,159000,13000,14000,4928000,8319099000000,8319100000000,8319101000000,8319105000000,8319106000000,790437000,27000,13000,7000,38152000
1791427283,892591331,3676,1617942128,D,N,258152000000,258151000000,258150000000,258149000000,258148000000,6824080000,990000,1410000,191650000,200000,258153000000,258154000000,258155000000,258156000000,258157000000,7133170000,750200000,23550000,45020000,8170000
1791427283,895489870,3677,1617942128,S,N,258152000000,258151000000,258150000000,258149000000,258148000000,6824080000,990000,1410000,191650000,200000,258153000000,258154000000,258155000000,258156000000,258157000000,7133170000,750200000,23550000,45020000,8170000
1791427284,16613117,3678,1747767917,S,N,8319098000000,8319097000000,8319096000000,8319001000000,8319000000000,66061000,159000,13000,14000,4928000,8319099000000,8319100000000,8319101000000,8319105000000,8319106000000,790437000,27000,13000,7000,38152000
1791427284,17465651,3679,1747767917,D,N,8319098000000,8319097000000,8319096000000,8319001000000,8319000000000,66061000,159000,13000,14000,4928000,8319099000000,8319100000000,8319101000000,8319105000000,8319106000000,790437000,27000,13000,7000,38152000
1791427284,482786056,3680,1747767917,D,N,8319098000000,8319097000000,8319096000000,8319001000000,8319000000000,66089000,173000,13000,14000,4935000,8319099000000,8319100000000,8319101000000,8319105000000,8319106000000,789251000,69000,13000,7000,38152000
1791427284,486203919,3681,1617942128,D,N,258152000000,258151000000,258150000000,258149000000,258148000000,6824080000,990000,1410000,191650000,200000,258153000000,258154000000,258155000000,258156000000,258157000000,7133170000,750200000,23550000,45020000,8170000
1791427284,488589294,3682,1617942128,S,N,258152000000,258151000000,258150000000,258149000000,258148000000,6824080000,990000,1410000,191650000,200000,258153000000,258154000000,258155000000,258156000000,258157000000,7133170000,750200000,23550000,45020000,8170000
1791427284,605617697,3683,1617942128,D,N,258152000000,258151000000,258150000000,258149000000,258148000000,6630280000,990000,59250000,191650000,200000,258153000000,258154000000,258155000000,258156000000,258157000000,7133170000,750200000,23550000,45020000,8170000
1791427284,608265277,3684,1747767917,D,N,8319098000000,8319097000000,8319096000000,8319001000000,8319000000000,102107000,173000,13000,14000,4928000,8319099000000,8319100000000,8319101000000,8319105000000,8319106000000,789244000,62000,13000,7000,38152000
1791427284,610531530,3685,1617942128,S,N,258152000000,258151000000,258150000000,258149000000,258148000000,6630280000,990000,59250000,191650000,200000,258153000000,258154000000,258155000000,258156000000,258157000000,7133170000,750200000,23550000,45020000,8170000
1791427284,728400828,3686,1747767917,D,N,8319098000000,8319097000000,8319096000000,8319001000000,8319000000000,102093000,159000,13000,14000,4935000,8319099000000,8319100000000,8319101000000,8319105000000,8319106000000,788642000,62000,13000,7000,38152000
1791427284,732274055,3687,1617942128,D,N,258152000000,258151000000,258150000000,258149000000,258148000000,6630280000,1410000,59250000,191650000,200000,258153000000,258154000000,258155000000,258156000000,258157000000,7133170000,750200000,23550000,45020000,8170000
1791427284,734337957,3688,1617942128,S,N,258152000000,258151000000,258150000000,258149000000,258148000000,6630280000,1410000,59250000,191650000,200000,258153000000,258154000000,258155000000,258156000000,258157000000,7133170000,750200000,23550000,45020000,8170000
1791427284,737256838,3689,1747767917,D,N,8319098000000,8319097000000,8319096000000,8319064000000,8319063000000,102100000,159000,13000,7000,19818000,8319099000000,8319100000000,8319101000000,8319105000000,8319106000000,788642000,62000,13000,7000,38152000
1791427284,740216991,3690,1617942128,D,N,258152000000,258151000000,258150000000,258149000000,258148000000,6630480000,1610000,59250000,191650000,200000,258153000000,258154000000,258155000000,258156000000,258157000000,7133170000,750200000,23550000,45020000,8170000
1791427284,742392386,3691,1617942128,S,N,258152000000,258151000000,258150000000,258149000000,258148000000,6630480000,1610000,59250000,191650000,200000,258153000000,258154000000,258155000000,258156000000,258157000000,7133170000,750200000,23550000,45020000,8170000
1791427284,747057511,3692,1747767917,D,N,8319098000000,8319097000000,8319096000000,8319064000000,8319063000000,102100000,159000,13000,7000,19818000,8319099000000,8319100000000,8319101000000,8319105000000,8319106000000,788622000,62000,13000,7000,38152000
1791427284,750069009,3693,1617942128,D,N,258152000000,258151000000,258150000000,258149000000,258148000000,6630480000,1610000,59250000,191650000,200000,258153000000,258154000000,258155000000,258156000000,258157000000,7133170000,750200000,23550000,45020000,8170000
1791427284,752692628,3694,1617942128,S,N,258152000000,258151000000,258150000000,258149000000,258148000000,6630480000,1610000,59250000,191650000,200000,258153000000,258154000000,258155000000,258156000000,258157000000,7133170000,750200000,23550000,45020000,8170000
1791427284,851557952,3695,1747767917,S,N,8319098000000,8319097000000,8319096000000,8319064000000,8319063000000,102100000,159000,13000,7000,19818000,8319099000000,8319100000000,8319101000000,8319105000000,8319106000000,788622000,62000,13000,7000,38152000
1791427284,853937264,3696,1747767917,D,N,8319098000000,8319097000000,8319096000000,8319064000000,8319063000000,102100000,159000,13000,7000,19818000,8319099000000,8319100000000,8319101000000,8319105000000,8319106000000,788622000,62000,13000,7000,38152000
1791427284,856318824,3697,1617942128,D,N,258152000000,258151000000,258150000000,258149000000,258148000000,6630480000,1610000,59250000,191650000,200000,258153000000,258154000000,258155000000,258156000000,258157000000,7055700000,750200000,23550000,45020000,8170000
1791427284,858559062,3698,1617942128,S,N,258152000000,258151000000,258150000000,258149000000,258148000000,6630480000,1610000,59250000,191650000,200000,258153000000,258154000000,258155000000,258156000000,258157000000,7055700000,750200000,23550000,45020000,8170000
1791427284,862815767,3699,1747767917,D,N,8319098000000,8319097000000,8319096000000,8319064000000,8319063000000,102100000,159000,13000,7000,19818000,8319099000000,8319100000000,8319101000000,8319105000000,8319106000000,788396000,69000,13000,7000,38152000
1791427284,865129551,3700,1617942128,D,N,258152000000,258151000000,258150000000,258149000000,258148000000,6630480000,1610000,59250000,191650000,200000,258153000000,258154000000,258155000000,258156000000,258157000000,7055700000,750200000,23550000,45020000,8170000
1791427284,867415462,3701,1617942128,S,N,258152000000,258151000000,258150000000,258149000000,258148000000,6630480000,1610000,59250000,191650000,200000,258153000000,258154000000,258155000000,258156000000,258157000000,7055700000,750200000,23550000,45020000,8170000
1791427284,869670272,3702,1747767917,S,N,8319098000000,8319097000000,8319096000000,8319064000000,8319063000000,102100000,159000,13000,7000,19818000,8319099000000,8319100000000,8319101000000,8319105000000,8319106000000,788396000,69000,13000,7000,38152000
1791427284,871858382,3703,1747767917,D,N,8319098000000,8319097000000,8319096000000,8319064000000,8319063000000,102100000,159000,13000,7000,19818000,8319099000000,8319100000000,8319101000000,8319105000000,8319106000000,788396000,69000,13000,7000,38152000
1791427284,874065465,3704,1617942128,D,N,258152000000,258151000000,258150000000,258149000000,258148000000,6630480000,1610000,59250000,191650000,200000,258153000000,258154000000,258155000000,258156000000,258157000000,7055700000,750200000,23550000,45020000,8170000
1791427284,876734170,3705,1617942128,S,N,258152000000,258151000000,258150000000,258149000000,258148000000,6630480000,1610000,59250000,191650000,200000,258153000000,258154000000,258155000000,258156000000,258157000000,7055700000,750200000,23550000,45020000,8170000
1791427284,879983033,3706,1747767917,S,N,8319098000000,8319097000000,8319096000000,8319064000000,8319063000000,102100000,159000,13000,7000,19818000,8319099000000,8319100000000,8319101000000,8319105000000,8319106000000,788396000,69000,13000,7000,38152000
1791427284,882566162,3707,1617942128,D,N,258152000000,258151000000,258150000000,258149000000,258148000000,6630480000,1610000,59250000,191650000,200000,258153000000,258154000000,258155000000,258156000000,258157000000,7055700000,750200000,23550000,45020000,420000
1791427284,884806399,3708,1747767917,D,N,8319098000000,8319097000000,8319096000000,8319064000000,8319063000000,102100000,159000,13000,7000,19818000,8319099000000,8319100000000,8319101000000,8319105000000,8319106000000,788396000,69000,13000,7000,38152000
1791427284,887116467,3709,1617942128,S,N,258152000000,258151000000,258150000000,258149000000,258148000000,6630480000,1610000,59250000,191650000,200000,258153000000,258154000000,258155000000,258156000000,258157000000,7055700000,750200000,23550000,45020000,420000
1791427284,889342817,3710,1747767917,S,N,8319098000000,8319097000000,8319096000000,8319064000000,8319063000000,102100000,159000,13000,7000,19818000,8319099000000,8319100000000,8319101000000,8319105000000,8319106000000,788396000,69000,13000,7000,38152000
1791427284,891544521,3711,1747767917,D,N,8319098000000,8319097000000,8319096000000,8319064000000,8319063000000,102100000,159000,13000,7000,19818000,8319099000000,8319100000000,8319101000000,8319105000000,8319106000000,788396000,69000,13000,7000,38152000
1791427284,893942805,3712,1617942128,D,N,258152000000,258151000000,258150000000,258149000000,258148000000,6630480000,1610000,59250000,191650000,200000,258153000000,258154000000,258155000000,258156000000,258157000000,7055700000,750200000,23550000,45020000,420000
1791427284,895764355,3713,1617942128,S,N,258152000000,258151000000,258150000000,258149000000,258148000000,6630480000,1610000,59250000,191650000,200000,258153000000,258154000000,258155000000,258156000000,258157000000,7055700000,750200000,23550000,45020000,420000
1791427284,898103568,3714,1747767917,D,N,8319098000000,8319097000000,8319096000000,8319064000000,8319063000000,102100000,159000,13000,7000,19818000,8319099000000,8319100000000,8319101000000,8319105000000,8319106000000,788389000,69000,13000,7000,38152000
1791427284,899238357,3715,1617942128,D,N,258152000000,258151000000,258150000000,258149000000,258148000000,6630480000,1610000,59250000,191650000,200000,258153000000,258154000000,258155000000,258156000000,258157000000,7055700000,750200000,23550000,45020000,420000
1791427284,900466253,3716,1617942128,S,N,258152000000,258151000000,258150000000,258149000000,258148000000,6630480000,1610000,59250000,191650000,200000,258153000000,258154000000,258155000000,258156000000,258157000000,7055700000,750200000,23550000,45020000,420000
1791427284,976794529,3717,1747767917,D,N,8319098000000,8319097000000,8319096000000,8319064000000,8319063000000,102100000,159000,13000,7000,19818000,8319099000000,8319100000000,8319101000000,8319105000000,8319106000000,788382000,69000,13000,7000,38152000
1791427284,978165703,3718,1617942128,D,N,258152000000,258151000000,258150000000,258149000000,258148000000,6630480000,1610000,59250000,191650000,200000,258153000000,258154000000,258155000000,258156000000,258157000000,7055700000,750200000,23550000,45020000,420000
1791427284,979452867,3719,1617942128,S,N,258152000000,258151000000,258150000000,258149000000,258148000000,6630480000,1610000,59250000,191650000,200000,258153000000,258154000000,258155000000,258156000000,258157000000,7055700000,750200000,23550000,45020000,420000
1791427284,998789268,3720,1747767917,S,N,8319098000000,8319097000000,8319096000000,8319064000000,8319063000000,102100000,159000,13000,7000,19818000,8319099000000,8319100000000,8319101000000,8319105000000,8319106000000,788382000,69000,13000,7000,38152000
1791427285,329053,3721,1747767917,D,N,8319098000000,8319097000000,8319096000000,8319064000000,8319063000000,102100000,159000,13000,7000,19818000,8319099000000,8319100000000,8319101000000,8319105000000,8319106000000,788382000,69000,13000,7000,38152000
1791427285,1632255,3722,1617942128,D,N,258152000000,258151000000,258150000000,258149000000,258148000000,6630480000,1610000,59250000,191650000,200000,258153000000,258154000000,258155000000,258156000000,258157000000,7055700000,750200000,23550000,45020000,420000
1791427285,2944358,3723,1617942128,S,N,258152000000,258151000000,258150000000,258149000000,258148000000,6630480000,1610000,59250000,191650000,200000,258153000000,258154000000,258155000000,258156000000,258157000000,7055700000,750200000,23550000,45020000,420000
1791427285,96484399,3724,1747767917,S,N,8319098000000,8319097000000,8319096000000,8319064000000,8319063000000,102100000,159000,13000,7000,19818000,8319099000000,8319100000000,8319101000000,8319105000000,8319106000000,788382000,69000,13000,7000,38152000
1791427285,99252373,3725,1747767917,D,N,8319098000000,8319097000000,8319096000000,8319064000000,8319063000000,102100000,159000,13000,7000,19818000,8319099000000,8319100000000,8319101000000,8319105000000,8319106000000,788382000,69000,13000,7000,38152000
1791427285,101629141,3726,1617942128,D,N,258152000000,258151000000,258150000000,258149000000,258148000000,6630480000,1610000,59250000,191650000,200000,258153000000,258154000000,258155000000,258156000000,258157000000,7055700000,750200000,23550000,45020000,420000
1791427285,104262149,3727,1617942128,S,N,258152000000,258151000000,258150000000,258149000000,258148000000,6630480000,1610000,59250000,191650000,200000,258153000000,258154000000,258155000000,258156000000,258157000000,7055700000,750200000,23550000,45020000,420000
1791427285,196180839,3728,1747767917,S,N,8319098000000,8319097000000,8319096000000,8319064000000,8319063000000,102100000,159000,13000,7000,19818000,8319099000000,8319100000000,8319101000000,8319105000000,8319106000000,788382000,69000,13000,7000,38152000
1791427285,200536813,3729,1747767917,D,N,8319098000000,8319097000000,8319096000000,8319064000000,8319063000000,102100000,159000,13000,7000,19818000,8319099000000,8319100000000,8319101000000,8319105000000,8319106000000,788382000,69000,13000,7000,38152000
1791427285,203340778,3730,1617942128,D,N,258152000000,258151000000,258150000000,258149000000,258148000000,6630480000,1610000,59250000,191650000,200000,258153000000,258154000000,258155000000,258156000000,258157000000,7055700000,750200000,23550000,45020000,420000
1791427285,205932513,3731,1617942128,S,N,258152000000,258151000000,258150000000,258149000000,258148000000,6630480000,1610000,59250000,191650000,200000,258153000000,258154000000,258155000000,258156000000,258157000000,7055700000,750200000,23550000,45020000,420000
1791427285,297313198,3732,1747767917,D,N,8319098000000,8319097000000,8319096000000,8319064000000,8319063000000,102038000,159000,13000,7000,19818000,8319099000000,8319100000000,8319101000000,8319105000000,8319106000000,788389000,69000,13000,7000,38152000
1791427285,300426704,3733,1617942128,D,N,258152000000,258151000000,258150000000,258149000000,258148000000,6630480000,1610000,59250000,191650000,200000,258153000000,258154000000,258155000000,258156000000,258157000000,7055700000,750200000,23550000,45020000,420000
1791427285,303092671,3734,1617942128,S,N,258152000000,258151000000,258150000000,258149000000,258148000000,6630480000,1610000,59250000,191650000,200000,258153000000,258154000000,258155000000,258156000000,258157000000,7055700000,750200000,23550000,45020000,420000
1791427285,391093146,3735,1747767917,D,N,8319098000000,8319097000000,8319096000000,8319064000000,8319063000000,101975000,159000,13000,7000,19818000,8319099000000,8319100000000,8319101000000,8319105000000,8319106000000,788389000,69000,13000,7000,38152000
1791427285,393293872,3736,1617942128,D,N,258152000000,258151000000,258150000000,258149000000,258148000000,6630480000,1610000,59250000,191650000,200000,258153000000,258154000000,258155000000,258156000000,258157000000,7055700000,750200000,23550000,45020000,420000
1791427285,395562374,3737,1617942128,S,N,258152000000,258151000000,258150000000,258149000000,258148000000,6630480000,1610000,59250000,191650000,200000,258153000000,258154000000,258155000000,258156000000,258157000000,7055700000,750200000,23550000,45020000,420000
1791427285,538245732,3738,1747767917,S,N,8319098000000,8319097000000,8319096000000,8319064000000,8319063000000,101975000,159000,13000,7000,19818000,8319099000000,8319100000000,8319101000000,8319105000000,8319106000000,788389000,69000,13000,7000,38152000
1791427285,540864656,3739,1747767917,D,N,8319098000000,8319097000000,8319096000000,8319064000000,8319063000000,101975000,159000,13000,7000,19818000,8319099000000,8319100000000,8319101000000,8319105000000,8319106000000,788389000,69000,13000,7000,38152000
1791427285,543498251,3740,1617942128,D,N,258152000000,258151000000,258150000000,258149000000,258148000000,6630480000,1610000,59250000,191650000,200000,258153000000,258154000000,258155000000,258156000000,258157000000,7055700000,750200000,23550000,45020000,420000
1791427285,545586309,3741,1617942128,S,N,258152000000,258151000000,258150000000,258149000000,258148000000,6630480000,1610000,59250000,191650000,200000,258153000000,258154000000,258155000000,258156000000,258157000000,7055700000,750200000,23550000,45020000,420000
1791427285,586020906,3742,1747767917,D,N,8319098000000,8319097000000,8319096000000,8319064000000,8319063000000,66005000,159000,13000,7000,19818000,8319099000000,8319100000000,8319101000000,8319105000000,8319106000000,788389000,69000,13000,7000,38152000
1791427285,588300753,3743,1617942128,D,N,258152000000,258151000000,258150000000,258149000000,258148000000,6630480000,1610000,59250000,191650000,200000,258153000000,258154000000,258155000000,258156000000,258157000000,7055700000,750200000,23550000,45020000,420000
1791427285,590740016,3744,1617942128,S,N,258152000000,258151000000,258150000000,258149000000,258148000000,6630480000,1610000,59250000,191650000,200000,258153000000,258154000000,258155000000,258156000000,258157000000,7055700000,750200000,23550000,45020000,420000
1791427285,689916348,3745,1747767917,D,N,8319098000000,8319097000000,8319096000000,8319064000000,8319063000000,98787000,159000,13000,7000,19818000,8319099000000,8319100000000,8319101000000,8319105000000,8319106000000,787673000,69000,13000,7000,38152000
1791427285,791318933,3746,1747767917,D,N,8319098000000,8319097000000,8319096000000,8319064000000,8319063000000,98787000,159000,13000,7000,19818000,8319099000000,8319100000000,8319101000000,8319105000000,8319106000000,787666000,62000,13000,7000,38152000
1791427285,792275332,3747,1617942128,D,N,258152000000,258151000000,258150000000,258149000000,258148000000,5889780000,1610000,59250000,191650000,200000,258153000000,258154000000,258155000000,258156000000,258157000000,7055700000,750200000,23550000,45020000,420000
1791427285,793292075,3748,1617942128,S,N,258152000000,258151000000,258150000000,258149000000,258148000000,5889780000,1610000,59250000,191650000,200000,258153000000,258154000000,258155000000,258156000000,258157000000,7055700000,750200000,23550000,45020000,420000
1791427285,888194782,3749,1747767917,S,N,8319098000000,8319097000000,8319096000000,8319064000000,8319063000000,98787000,159000,13000,7000,19818000,8319099000000,8319100000000,8319101000000,8319105000000,8319106000000,787666000,62000,13000,7000,38152000
1791427285,890996888,3750,1617942128,D,N,258152000000,258151000000,258150000000,258149000000,258148000000,5889780000,1610000,59250000,191650000,200000,258153000000,258154000000,258155000000,258156000000,258157000000,7055700000,750200000,23550000,45020000,420000
1791427285,893527791,3751,1747767917,D,N,8319098000000,8319097000000,8319096000000,8319064000000,8319063000000,98787000,159000,13000,7000,19818000,8319099000000,8319100000000,8319101000000,8319105000000,8319106000000,787666000,62000,13000,7000,38152000
1791427285,896051555,3752,1617942128,S,N,258152000000,258151000000,258150000000,258149000000,258148000000,5889780000,1610000,59250000,191650000,200000,258153000000,258154000000,258155000000,258156000000,258157000000,7055700000,750200000,23550000,45020000,420000
1791427285,992358298,3753,1617942128,D,N,258152000000,258151000000,258150000000,258149000000,258148000000,5889780000,1610000,59250000,191650000,200000,258153000000,258154000000,258155000000,258156000000,258157000000,7055700000,750200000,23550000,45020000,420000
1791427285,993722920,3754,1747767917,D,N,8319098000000,8319097000000,8319096000000,8319064000000,8319063000000,98794000,159000,13000,7000,19818000,8319099000000,8319100000000,8319101000000,8319105000000,8319106000000,788268000,62000,13000,7000,38152000
1791427285,994982504,3755,1617942128,S,N,258152000000,258151000000,258150000000,258149000000,258148000000,5889780000,1610000,59250000,191650000,200000,258153000000,258154000000,258155000000,258156000000,258157000000,7055700000,750200000,23550000,45020000,420000
1791427286,74388979,3756,1747767917,D,N,8319098000000,8319097000000,8319096000000,8319064000000,8319063000000,62810000,152000,13000,7000,19818000,8319099000000,8319100000000,8319101000000,8319105000000,8319106000000,788268000,62000,13000,7000,38152000
1791427286,76114293,3757,1617942128,D,N,258152000000,258151000000,258150000000,258149000000,258148000000,5285990000,1190000,1410000,191650000,200000,258153000000,258154000000,258155000000,258156000000,258157000000,7055700000,750200000,23550000,45020000,420000
1791427286,77571924,3758,1617942128,S,N,258152000000,258151000000,258150000000,258149000000,258148000000,5285990000,1190000,1410000,191650000,200000,258153000000,258154000000,258155000000,258156000000,258157000000,7055700000,750200000,23550000,45020000,420000
1791427286,236671824,3759,1747767917,S,N,8319098000000,8319097000000,8319096000000,8319064000000,8319063000000,62810000,152000,13000,7000,19818000,8319099000000,8319100000000,8319101000000,8319105000000,8319106000000,788268000,62000,13000,7000,38152000
1791427286,237627245,3760,1747767917,D,N,8319098000000,8319097000000,8319096000000,8319064000000,8319063000000,62810000,152000,13000,7000,19818000,8319099000000,8319100000000,8319101000000,8319105000000,8319106000000,788268000,62000,13000,7000,38152000
1791427286,238284568,3761,1617942128,D,N,258152000000,258151000000,258150000000,258149000000,258148000000,5285790000,990000,1410000,191650000,200000,258153000000,258154000000,258155000000,258156000000,258157000000,7055700000,750200000,23550000,45020000,420000
1791427286,238969080,3762,1617942128,S,N,258152000000,258151000000,258150000000,258149000000,258148000000,5285790000,990000,1410000,191650000,200000,258153000000,258154000000,258155000000,258156000000,258157000000,7055700000,750200000,23550000,45020000,420000
1791427286,269693176,3763,1747767917,D,N,8319098000000,8319097000000,8319096000000,8319064000000,8319063000000,62810000,152000,13000,7000,19818000,8319099000000,8319100000000,8319101000000,8319105000000,8319106000000,788708000,55000,13000,7000,38152000
1791427286,270373189,3764,1617942128,D,N,258152000000,258151000000,258150000000,258149000000,258148000000,5285790000,990000,1410000,191650000,200000,258153000000,258154000000,258155000000,258156000000,258157000000,7055700000,750200000,23550000,45020000,420000
1791427286,271103374,3765,1617942128,S,N,258152000000,258151000000,258150000000,258149000000,258148000000,5285790000,990000,1410000,191650000,200000,258153000000,258154000000,258155000000,258156000000,258157000000,7055700000,750200000,23550000,45020000,420000
1791427286,392676898,3766,1747767917,D,N,8319098000000,8319097000000,8319096000000,8319064000000,8319063000000,62810000,152000,13000,7000,19818000,8319099000000,8319100000000,8319101000000,8319105000000,8319106000000,788721000,55000,13000,7000,38152000
1791427286,393559555,3767,1617942128,D,N,258152000000,258151000000,258150000000,258149000000,258148000000,5286190000,1390000,1410000,192070000,1020650000,258153000000,258154000000,258155000000,258156000000,258157000000,7055700000,750200000,23550000,45020000,420000
1791427286,394430183,3768,1617942128,S,N,258152000000,258151000000,258150000000,258149000000,258148000000,5286190000,1390000,1410000,192070000,1020650000,258153000000,258154000000,258155000000,258156000000,258157000000,7055700000,750200000,23550000,45020000,420000
1791427286,474252803,3769,1747767917,S,N,8319098000000,8319097000000,8319096000000,8319064000000,8319063000000,62810000,152000,13000,7000,19818000,8319099000000,8319100000000,8319101000000,8319105000000,8319106000000,788721000,55000,13000,7000,38152000
1791427286,475285781,3770,1747767917,D,N,8319098000000,8319097000000,8319096000000,8319064000000,8319063000000,62810000,152000,13000,7000,19818000,8319099000000,8319100000000,8319101000000,8319105000000,8319106000000,788721000,55000,13000,7000,38152000
1791427286,476217632,3771,1617942128,D,N,258152000000,258151000000,258150000000,258149000000,258148000000,5286190000,1390000,1410000,192070000,1020650000,258153000000,258154000000,258155000000,258156000000,258157000000,7055700000,750200000,23550000,45020000,420000
1791427286,477075937,3772,1617942128,S,N,258152000000,258151000000,258150000000,258149000000,258148000000,5286190000,1390000,1410000,192070000,1020650000,258153000000,258154000000,258155000000,258156000000,258157000000,7055700000,750200000,23550000,45020000,420000
1791427286,629215022,3773,1747767917,D,N,8319098000000,8319097000000,8319096000000,8319064000000,8319063000000,62817000,159000,13000,7000,19818000,8319099000000,8319100000000,8319101000000,8319105000000,8319106000000,788172000,55000,13000,7000,38152000
1791427286,630155773,3774,1617942128,D,N,258152000000,258151000000,258150000000,258149000000,258148000000,5286190000,1021820000,1410000,192070000,200000,258153000000,258154000000,258155000000,258156000000,258157000000,7055700000,750200000,23550000,45020000,420000
1791427286,630952267,3775,1617942128,S,N,258152000000,258151000000,258150000000,258149000000,258148000000,5286190000,1021820000,1410000,192070000,200000,258153000000,258154000000,258155000000,258156000000,258157000000,7055700000,750200000,23550000,45020000,420000
1791427286,668685003,3776,1747767917,D,N,8319098000000,8319097000000,8319096000000,8319064000000,8319063000000,98780000,159000,13000,7000,19818000,8319099000000,8319100000000,8319101000000,8319105000000,8319106000000,788034000,55000,13000,7000,38152000
1791427286,669317974,3777,1617942128,D,N,258152000000,258151000000,258150000000,258149000000,258148000000,5286610000,1021820000,1410000,191650000,200000,258153000000,258154000000,258155000000,258156000000,258157000000,7055700000,750200000,23550000,45020000,420000
1791427286,669905564,3778,1617942128,S,N,258152000000,258151000000,258150000000,258149000000,258148000000,5286610000,1021820000,1410000,191650000,200000,258153000000,258154000000,258155000000,258156000000,258157000000,7055700000,750200000,23550000,45020000,420000
1791427286,829370361,3779,1747767917,D,N,8319098000000,8319097000000,8319096000000,8319064000000,8319063000000,98787000,166000,13000,7000,19818000,8319099000000,8319100000000,8319101000000,8319105000000,8319106000000,788041000,62000,13000,7000,38152000
1791427286,830609015,3780,1617942128,D,N,258152000000,258151000000,258150000000,258149000000,258148000000,5286410000,1021620000,1410000,191650000,200000,258153000000,258154000000,258155000000,258156000000,258157000000,7055700000,750410000,73550000,45020000,420000
1791427286,831633875,3781,1617942128,S,N,258152000000,258151000000,258150000000,258149000000,258148000000,5286410000,1021620000,1410000,191650000,200000,258153000000,258154000000,258155000000,258156000000,258157000000,7055700000,750410000,73550000,45020000,420000
1791427286,870322228,3782,1747767917,D,N,8319098000000,8319097000000,8319096000000,8319064000000,8319063000000,98812000,166000,13000,7000,19818000,8319099000000,8319100000000,8319101000000,8319105000000,8319106000000,788041000,62000,13000,7000,38152000
1791427286,871145422,3783,1617942128,D,N,258152000000,258151000000,258150000000,258149000000,258148000000,5286410000,1021620000,1410000,191650000,200000,258153000000,258154000000,258155000000,258156000000,258157000000,7055700000,750620000,73550000,45020000,420000
1791427286,871885876,3784,1617942128,S,N,258152000000,258151000000,258150000000,258149000000,258148000000,5286410000,1021620000,1410000,191650000,200000,258153000000,258154000000,258155000000,258156000000,258157000000,7055700000,750620000,73550000,45020000,420000
1791427286,953269112,3785,1747767917,S,N,8319098000000,8319097000000,8319096000000,8319064000000,8319063000000,98812000,166000,13000,7000,19818000,8319099000000,8319100000000,8319101000000,8319105000000,8319106000000,788041000,62000,13000,7000,38152000
1791427286,954064922,3786,1747767917,D,N,8319098000000,8319097000000,8319096000000,8319064000000,8319063000000,98812000,166000,13000,7000,19818000,8319099000000,8319100000000,8319101000000,8319105000000,8319106000000,788041000,62000,13000,7000,38152000
1791427286,955149734,3787,1617942128,D,N,258152000000,258151000000,258150000000,258149000000,258148000000,867220000,1190000,1410000,490960000,999380000,258153000000,258154000000,258155000000,258156000000,258157000000,6884290000,483300000,73550000,45230000,97600000
1791427286,955804808,3788,1617942128,S,N,258152000000,258151000000,258150000000,258149000000,258148000000,867220000,1190000,1410000,490960000,999380000,258153000000,258154000000,258155000000,258156000000,258157000000,6884290000,483300000,73550000,45230000,97600000
1791427287,51894236,3789,1747767917,D,N,8319098000000,8319097000000,8319096000000,8319064000000,8319063000000,52891000,166000,13000,7000,19818000,8319099000000,8319100000000,8319101000000,8319105000000,8319106000000,788227000,62000,13000,7000,38152000
1791427287,53064234,3790,1617942128,D,N,258152000000,258151000000,258150000000,258149000000,258148000000,5411060000,1190000,1410000,192070000,999380000,258153000000,258154000000,258155000000,258156000000,258157000000,6255990000,483300000,73550000,45440000,209480000
1791427287,53998237,3791,1617942128,S,N,258152000000,258151000000,258150000000,258149000000,258148000000,5411060000,1190000,1410000,192070000,999380000,258153000000,258154000000,258155000000,258156000000,258157000000,6255990000,483300000,73550000,45440000,209480000
1791427287,150431241,3792,1747767917,D,N,8319098000000,8319097000000,8319096000000,8319064000000,8319063000000,52773000,145000,13000,7000,19818000,8319099000000,8319100000000,8319101000000,8319105000000,8319106000000,788631000,20000,13000,7000,38152000
1791427287,151618158,3793,1617942128,D,N,258152000000,258151000000,258150000000,258149000000,258148000000,4845750000,1190000,1410000,192070000,999380000,258153000000,258154000000,258155000000,258156000000,258157000000,5287580000,483300000,73550000,45440000,209480000
1791427287,152947670,3794,1617942128,S,N,258152000000,258151000000,258150000000,258149000000,258148000000,4845750000,1190000,1410000,192070000,999380000,258153000000,258154000000,258155000000,258156000000,258157000000,5287580000,483300000,73550000,45440000,209480000
1791427287,246769574,3795,1747767917,S,N,8319098000000,8319097000000,8319096000000,8319064000000,8319063000000,52773000,145000,13000,7000,19818000,8319099000000,8319100000000,8319101000000,8319105000000,8319106000000,788631000,20000,13000,7000,38152000
1791427287,247989059,3796,1747767917,D,N,8319098000000,8319097000000,8319096000000,8319064000000,8319063000000,52773000,145000,13000,7000,19818000,8319099000000,8319100000000,8319101000000,8319105000000,8319106000000,788631000,20000,13000,7000,38152000
1791427287,248844919,3797,1617942128,D,N,258152000000,258151000000,258150000000,258149000000,258148000000,4883450000,1190000,1410000,192070000,999380000,258153000000,258154000000,258155000000,258156000000,258157000000,5287580000,483300000,73550000,45440000,209480000
1791427287,249543318,3798,1617942128,S,N,258152000000,258151000000,258150000000,258149000000,258148000000,4883450000,1190000,1410000,192070000,999380000,258153000000,258154000000,258155000000,258156000000,258157000000,5287580000,483300000,73550000,45440000,209480000
1791427287,344552042,3799,1747767917,S,N,8319098000000,8319097000000,8319096000000,8319064000000,8319063000000,52773000,145000,13000,7000,19818000,8319099000000,8319100000000,8319101000000,8319105000000,8319106000000,788631000,20000,13000,7000,38152000
1791427287,345728690,3800,1747767917,D,N,8319098000000,8319097000000,8319096000000,8319064000000,8319063000000,52773000,145000,13000,7000,19818000,8319099000000,8319100000000,8319101000000,8319105000000,8319106000000,788631000,20000,13000,7000,38152000
1791427287,346489193,3801,1617942128,D,N,258152000000,258151000000,258150000000,258149000000,258148000000,4883870000,1000350000,1410000,191650000,200000,258153000000,258154000000,258155000000,258156000000,258157000000,5287580000,483300000,73550000,45440000,209480000
1791427287,347300064,3802,1617942128,S,N,258152000000,258151000000,258150000000,258149000000,258148000000,4883870000,1000350000,1410000,191650000,200000,258153000000,258154000000,258155000000,258156000000,258157000000,5287580000,483300000,73550000,45440000,209480000
1791427287,443795955,3803,1747767917,D,N,8319098000000,8319097000000,8319096000000,8319064000000,8319063000000,52787000,145000,13000,7000,19818000,8319099000000,8319100000000,8319101000000,8319105000000,8319106000000,788871000,20000,13000,7000,38152000
1791427287,444895829,3804,1617942128,D,N,258152000000,258151000000,258150000000,258149000000,258148000000,4883870000,1000350000,1410000,191650000,200000,258153000000,258154000000,258155000000,258156000000,258157000000,4319170000,483300000,73550000,45440000,209480000
1791427287,445979468,3805,1617942128,S,N,258152000000,258151000000,258150000000,258149000000,258148000000,4883870000,1000350000,1410000,191650000,200000,258153000000,258154000000,258155000000,258156000000,258157000000,4319170000,483300000,73550000,45440000,209480000
1791427287,543419142,3806,1747767917,S,N,8319098000000,8319097000000,8319096000000,8319064000000,8319063000000,52787000,145000,13000,7000,19818000,8319099000000,8319100000000,8319101000000,8319105000000,8319106000000,788871000,20000,13000,7000,38152000
1791427287,544795207,3807,1747767917,D,N,8319098000000,8319097000000,8319096000000,8319064000000,8319063000000,52787000,145000,13000,7000,19818000,8319099000000,8319100000000,8319101000000,8319105000000,8319106000000,788871000,20000,13000,7000,38152000
1791427287,545780262,3808,1617942128,D,N,258152000000,258151000000,258150000000,258149000000,258148000000,4883450000,1190000,1410000,191650000,200000,258153000000,258154000000,258155000000,258156000000,258157000000,4319170000,483300000,73550000,45440000,209480000
1791427287,546701453,3809,1617942128,S,N,258152000000,258151000000,258150000000,258149000000,258148000000,4883450000,1190000,1410000,191650000,200000,258153000000,258154000000,258155000000,258156000000,258157000000,4319170000,483300000,73550000,45440000,209480000
1791427287,642395079,3810,1747767917,S,N,8319098000000,8319097000000,8319096000000,8319064000000,8319063000000,52787000,145000,13000,7000,19818000,8319099000000,8319100000000,8319101000000,8319105000000,8319106000000,788871000,20000,13000,7000,38152000
1791427287,643545712,3811,1747767917,D,N,8319098000000,8319097000000,8319096000000,8319064000000,8319063000000,52787000,145000,13000,7000,19818000,8319099000000,8319100000000,8319101000000,8319105000000,8319106000000,788871000,20000,13000,7000,38152000
1791427287,644526659,3812,1617942128,D,N,258152000000,258151000000,258150000000,258149000000,258148000000,4883250000,1410000,59250000,191650000,200000,258153000000,258154000000,258155000000,258156000000,258157000000,4319170000,483300000,73550000,45440000,209480000
1791427287,645401199,3813,1617942128,S,N,258152000000,258151000000,258150000000,258149000000,258148000000,4883250000,1410000,59250000,191650000,200000,258153000000,258154000000,258155000000,258156000000,258157000000,4319170000,483300000,73550000,45440000,209480000
1791427287,734857545,3814,1747767917,S,N,8319098000000,8319097000000,8319096000000,8319064000000,8319063000000,52787000,145000,13000,7000,19818000,8319099000000,8319100000000,8319101000000,8319105000000,8319106000000,788871000,20000,13000,7000,38152000
1791427287,736085734,3815,1747767917,D,N,8319098000000,8319097000000,8319096000000,8319064000000,8319063000000,52787000,145000,13000,7000,19818000,8319099000000,8319100000000,8319101000000,8319105000000,8319106000000,788871000,20000,13000,7000,38152000
1791427287,737028930,3816,1617942128,D,N,258152000000,258151000000,258150000000,258149000000,258148000000,4883450000,1610000,350110000,1190820000,200000,258153000000,258154000000,258155000000,258156000000,258157000000,4319170000,483300000,73550000,45440000,209480000
1791427287,737955989,3817,1617942128,S,N,258152000000,258151000000,258150000000,258149000000,258148000000,4883450000,1610000,350110000,1190820000,200000,258153000000,258154000000,258155000000,258156000000,258157000000,4319170000,483300000,73550000,45440000,209480000
1791427287,834281021,3818,1747767917,D,N,8319098000000,8319097000000,8319096000000,8319064000000,8319063000000,52787000,145000,13000,7000,19818000,8319099000000,8319100000000,8319101000000,8319105000000,8319106000000,788913000,55000,13000,7000,38152000
1791427287,835360455,3819,1617942128,D,N,258152000000,258151000000,258150000000,258149000000,258148000000,5153250000,1610000,350110000,191650000,200000,258153000000,258154000000,258155000000,258156000000,258157000000,3350760000,483300000,73550000,45440000,209480000
1791427287,836479498,3820,1617942128,S,N,258152000000,258151000000,258150000000,258149000000,258148000000,5153250000,1610000,350110000,191650000,200000,258153000000,258154000000,258155000000,258156000000,258157000000,3350760000,483300000,73550000,45440000,209480000
1791427287,931597857,3821,1747767917,D,N,8319098000000,8319097000000,8319096000000,8319064000000,8319063000000,52801000,145000,13000,7000,19818000,8319099000000,8319100000000,8319101000000,8319105000000,8319106000000,788920000,62000,13000,7000,38152000
1791427287,932594746,3822,1617942128,D,N,258152000000,258151000000,258150000000,258149000000,258148000000,5153250000,1610000,59250000,191650000,200000,258153000000,258154000000,258155000000,258156000000,258157000000,3350760000,483300000,73550000,45440000,209480000
1791427287,933531878,3823,1617942128,S,N,258152000000,258151000000,258150000000,258149000000,258148000000,5153250000,1610000,59250000,191650000,200000,258153000000,258154000000,258155000000,258156000000,258157000000,3350760000,483300000,73550000,45440000,209480000
1791427288,40743667,3824,1747767917,S,N,8319098000000,8319097000000,8319096000000,8319064000000,8319063000000,52801000,145000,13000,7000,19818000,8319099000000,8319100000000,8319101000000,8319105000000,8319106000000,788920000,62000,13000,7000,38152000
1791427288,43425771,3825,1747767917,D,N,8319098000000,8319097000000,8319096000000,8319064000000,8319063000000,52801000,145000,13000,7000,19818000,8319099000000,8319100000000,8319101000000,8319105000000,8319106000000,788920000,62000,13000,7000,38152000
1791427288,44598116,3826,1617942128,D,N,258152000000,258151000000,258150000000,258149000000,258148000000,5153250000,1610000,59250000,191650000,200000,258153000000,258154000000,258155000000,258156000000,258157000000,3350760000,483300000,73550000,45440000,209480000
1791427288,45536226,3827,1617942128,S,N,258152000000,258151000000,258150000000,258149000000,258148000000,5153250000,1610000,59250000,191650000,200000,258153000000,258154000000,258155000000,258156000000,258157000000,3350760000,483300000,73550000,45440000,209480000
1791427288,131003451,3828,1747767917,D,N,8319098000000,8319097000000,8319096000000,8319064000000,8319063000000,52808000,145000,13000,7000,19818000,8319099000000,8319100000000,8319101000000,8319105000000,8319106000000,785651000,62000,13000,7000,38152000
1791427288,132767005,3829,1617942128,D,N,258152000000,258151000000,258150000000,258149000000,258148000000,5153250000,1610000,59250000,191650000,200000,258153000000,258154000000,258155000000,258156000000,258157000000,3350760000,483300000,73550000,45440000,209480000
1791427288,133635480,3830,1617942128,S,N,258152000000,258151000000,258150000000,258149000000,258148000000,5153250000,1610000,59250000,191650000,200000,258153000000,258154000000,258155000000,258156000000,258157000000,3350760000,483300000,73550000,45440000,209480000
1791427288,226687591,3831,1747767917,D,N,8319098000000,8319097000000,8319096000000,8319064000000,8319063000000,88826000,159000,13000,7000,19818000,8319099000000,8319100000000,8319101000000,8319105000000,8319106000000,784983000,62000,13000,7000,38152000
1791427288,229683050,3832,1617942128,D,N,258152000000,258151000000,258150000000,258149000000,258148000000,5163850000,1410000,59250000,191650000,200000,258153000000,258154000000,258155000000,258156000000,258157000000,1433760000,483900000,73550000,45440000,97600000
1791427288,232491416,3833,1617942128,S,N,258152000000,258151000000,258150000000,258149000000,258148000000,5163850000,1410000,59250000,191650000,200000,258153000000,258154000000,258155000000,258156000000,258157000000,1433760000,483900000,73550000,45440000,97600000
1791427288,333696050,3834,1747767917,D,N,8319098000000,8319097000000,8319096000000,8319064000000,8319063000000,88812000,159000,13000,7000,19818000,8319099000000,8319100000000,8319101000000,8319105000000,8319106000000,767986000,55000,13000,7000,38152000
1791427288,348058373,3835,1617942128,D,N,258154000000,258153000000,258152000000,258150000000,258149000000,9555180000,1598690000,1523700000,820000,191650000,258155000000,258156000000,258157000000,258159000000,258160000000,1682710000,45440000,97180000,620000,54350000
1791427288,349544073,3836,1617942128,S,N,258154000000,258153000000,258152000000,258150000000,258149000000,9555180000,1598690000,1523700000,820000,191650000,258155000000,258156000000,258157000000,258159000000,258160000000,1682710000,45440000,97180000,620000,54350000
1791427288,424289532,3837,1617942128,D,N,258154000000,258153000000,258152000000,258150000000,258149000000,9566380000,1237150000,42500000,820000,191650000,258155000000,258156000000,258157000000,258159000000,258160000000,1680290000,45440000,202580000,620000,54350000
1791427288,424971012,3838,1747767917,D,N,8319098000000,8319097000000,8319096000000,8319064000000,8319063000000,88826000,173000,13000,7000,19818000,8319099000000,8319100000000,8319101000000,8319105000000,8319106000000,767986000,55000,13000,7000,38152000
1791427288,425948634,3839,1617942128,S,N,258154000000,258153000000,258152000000,258150000000,258149000000,9566380000,1237150000,42500000,820000,191650000,258155000000,258156000000,258157000000,258159000000,258160000000,1680290000,45440000,202580000,620000,54350000
1791427288,524106072,3840,1747767917,D,N,8319098000000,8319097000000,8319096000000,8319064000000,8319063000000,88826000,173000,13000,7000,19818000,8319099000000,8319100000000,8319101000000,8319105000000,8319106000000,767993000,55000,13000,7000,38152000
1791427288,525233819,3841,1617942128,D,N,258154000000,258153000000,258152000000,258150000000,258149000000,9566380000,1156140000,42500000,820000,191650000,258155000000,258156000000,258157000000,258159000000,258160000000,2880920000,45440000,202580000,620000,54350000
1791427288,526259853,3842,1617942128,S,N,258154000000,258153000000,258152000000,258150000000,258149000000,9566380000,1156140000,42500000,820000,191650000,258155000000,258156000000,258157000000,258159000000,258160000000,2880920000,45440000,202580000,620000,54350000
1791427288,614869631,3843,1747767917,S,N,8319098000000,8319097000000,8319096000000,8319064000000,8319063000000,88826000,173000,13000,7000,19818000,8319099000000,8319100000000,8319101000000,8319105000000,8319106000000,767993000,55000,13000,7000,38152000
1791427288,616368339,3844,1747767917,D,N,8319098000000,8319097000000,8319096000000,8319064000000,8319063000000,88826000,173000,13000,7000,19818000,8319099000000,8319100000000,8319101000000,8319105000000,8319106000000,767993000,55000,13000,7000,38152000
1791427288,617335887,3845,1617942128,D,N,258154000000,258153000000,258152000000,258150000000,258149000000,10354790000,1156140000,42500000,820000,191650000,258155000000,258156000000,258157000000,258158000000,258159000000,2176670000,45440000,97180000,10000000,620000
1791427288,618343730,3846,1617942128,S,N,258154000000,258153000000,258152000000,258150000000,258149000000,10354790000,1156140000,42500000,820000,191650000,258155000000,258156000000,258157000000,258158000000,258159000000,2176670000,45440000,97180000,10000000,620000
1791427288,741649512,3847,1747767917,S,N,8319098000000,8319097000000,8319096000000,8319064000000,8319063000000,88826000,173000,13000,7000,19818000,8319099000000,8319100000000,8319101000000,8319105000000,8319106000000,767993000,55000,13000,7000,38152000
1791427288,742952715,3848,1617942128,D,N,258154000000,258153000000,258152000000,258150000000,258149000000,10354790000,1156140000,42500000,820000,191650000,258155000000,258156000000,258157000000,258158000000,258159000000,2176670000,45440000,97180000,10000000,620000
1791427288,743894835,3849,1747767917,D,N,8319098000000,8319097000000,8319096000000,8319064000000,8319063000000,88826000,173000,13000,7000,19818000,8319099000000,8319100000000,8319101000000,8319105000000,8319106000000,767993000,55000,13000,7000,38152000
1791427288,744744240,3850,1617942128,S,N,258154000000,258153000000,258152000000,258150000000,258149000000,10354790000,1156140000,42500000,820000,191650000,258155000000,258156000000,258157000000,258158000000,258159000000,2176670000,45440000,97180000,10000000,620000
1791427288,812922437,3851,1747767917,D,N,8319098000000,8319097000000,8319096000000,8319064000000,8319063000000,88819000,166000,13000,7000,19818000,8319099000000,8319100000000,8319101000000,8319105000000,8319106000000,767993000,55000,13000,7000,38152000
1791427288,814001674,3852,1617942128,D,N,258154000000,258153000000,258152000000,258150000000,258149000000,10354790000,1156140000,42500000,820000,191650000,258155000000,258156000000,258157000000,258158000000,258159000000,2215400000,45440000,97180000,10000000,620000
1791427288,814817729,3853,1617942128,S,N,258154000000,258153000000,258152000000,258150000000,258149000000,10354790000,1156140000,42500000,820000,191650000,258155000000,258156000000,258157000000,258158000000,258159000000,2215400000,45440000,97180000,10000000,620000
1791427288,910785004,3854,1747767917,D,N,8319098000000,8319097000000,8319096000000,8319064000000,8319063000000,88805000,152000,13000,7000,19818000,8319099000000,8319100000000,8319101000000,8319105000000,8319106000000,767993000,55000,13000,7000,38152000
1791427288,913527060,3855,1617942128,D,N,258154000000,258153000000,258152000000,258150000000,258149000000,10354790000,767810000,42500000,1020000,191650000,258155000000,258156000000,258157000000,258158000000,258159000000,2485400000,45440000,43030000,10000000,620000
1791427288,914803367,3856,1617942128,S,N,258154000000,258153000000,258152000000,258150000000,258149000000,10354790000,767810000,42500000,1020000,191650000,258155000000,258156000000,258157000000,258158000000,258159000000,2485400000,45440000,43030000,10000000,620000
1791427289,10027547,3857,1747767917,S,N,8319098000000,8319097000000,8319096000000,8319064000000,8319063000000,88805000,152000,13000,7000,19818000,8319099000000,8319100000000,8319101000000,8319105000000,8319106000000,767993000,55000,13000,7000,38152000
1791427289,12400208,3858,1747767917,D,N,8319098000000,8319097000000,8319096000000,8319064000000,8319063000000,88805000,152000,13000,7000,19818000,8319099000000,8319100000000,8319101000000,8319105000000,8319106000000,767993000,55000,13000,7000,38152000
1791427289,14378827,3859,1617942128,D,N,258154000000,258153000000,258152000000,258150000000,258149000000,10353950000,767810000,42500000,1020000,191650000,258155000000,258156000000,258158000000,258159000000,258160000000,2485400000,45020000,10420000,43650000,54350000
1791427289,16472656,3860,1617942128,S,N,258154000000,258153000000,258152000000,258150000000,258149000000,10353950000,767810000,42500000,1020000,191650000,258155000000,258156000000,258158000000,258159000000,258160000000,2485400000,45020000,10420000,43650000,54350000
1791427289,142435603,3861,1747767917,S,N,8319098000000,8319097000000,8319096000000,8319064000000,8319063000000,88805000,152000,13000,7000,19818000,8319099000000,8319100000000,8319101000000,8319105000000,8319106000000,767993000,55000,13000,7000,38152000
1791427289,144191235,3862,1617942128,D,N,258154000000,258153000000,258152000000,258150000000,258149000000,10353950000,767810000,42500000,1020000,191650000,258155000000,258156000000,258158000000,258159000000,258160000000,2485400000,45020000,10420000,43650000,54350000
1791427289,145315070,3863,1747767917,D,N,8319098000000,8319097000000,8319096000000,8319064000000,8319063000000,88805000,152000,13000,7000,19818000,8319099000000,8319100000000,8319101000000,8319105000000,8319106000000,767993000,55000,13000,7000,38152000
1791427289,146433624,3864,1617942128,S,N,258154000000,258153000000,258152000000,258150000000,258149000000,10353950000,767810000,42500000,1020000,191650000,258155000000,258156000000,258158000000,258159000000,258160000000,2485400000,45020000,10420000,43650000,54350000
1791427289,203441831,3865,1747767917,S,N,8319098000000,8319097000000,8319096000000,8319064000000,8319063000000,88805000,152000,13000,7000,19818000,8319099000000,8319100000000,8319101000000,8319105000000,8319106000000,767993000,55000,13000,7000,38152000
1791427289,205500647,3866,1747767917,D,N,8319098000000,8319097000000,8319096000000,8319064000000,8319063000000,88805000,152000,13000,7000,19818000,8319099000000,8319100000000,8319101000000,8319105000000,8319106000000,767993000,55000,13000,7000,38152000
1791427289,206824780,3867,1617942128,D,N,258154000000,258153000000,258152000000,258150000000,258149000000,10353950000,767810000,42500000,1020000,191650000,258155000000,258156000000,258158000000,258159000000,258160000000,2485400000,45020000,10420000,43650000,54350000
1791427289,208236151,3868,1617942128,S,N,258154000000,258153000000,258152000000,258150000000,258149000000,10353950000,767810000,42500000,1020000,191650000,258155000000,258156000000,258158000000,258159000000,258160000000,2485400000,45020000,10420000,43650000,54350000
1791427289,314520978,3869,1747767917,S,N,8319098000000,8319097000000,8319096000000,8319064000000,8319063000000,88805000,152000,13000,7000,19818000,8319099000000,8319100000000,8319101000000,8319105000000,8319106000000,767993000,55000,13000,7000,38152000
1791427289,316085115,3870,1617942128,D,N,258154000000,258153000000,258152000000,258150000000,258149000000,10353950000,767810000,42500000,1020000,191650000,258155000000,258156000000,258158000000,258159000000,258160000000,2485400000,45020000,10420000,43650000,54350000
1791427289,317490814,3871,1747767917,D,N,8319098000000,8319097000000,8319096000000,8319064000000,8319063000000,88805000,152000,13000,7000,19818000,8319099000000,8319100000000,8319101000000,8319105000000,8319106000000,767993000,55000,13000,7000,38152000
1791427289,318805362,3872,1617942128,S,N,258154000000,258153000000,258152000000,258150000000,258149000000,10353950000,767810000,42500000,1020000,191650000,258155000000,258156000000,258158000000,258159000000,258160000000,2485400000,45020000,10420000,43650000,54350000
1791427289,408552373,3873,1747767917,S,N,8319098000000,8319097000000,8319096000000,8319064000000,8319063000000,88805000,152000,13000,7000,19818000,8319099000000,8319100000000,8319101000000,8319105000000,8319106000000,767993000,55000,13000,7000,38152000
1791427289,410213235,3874,1747767917,D,N,8319098000000,8319097000000,8319096000000,8319064000000,8319063000000,88805000,152000,13000,7000,19818000,8319099000000,8319100000000,8319101000000,8319105000000,8319106000000,767993000,55000,13000,7000,38152000
1791427289,411406999,3875,1617942128,D,N,258154000000,258153000000,258152000000,258150000000,258149000000,10353950000,767810000,42500000,1020000,191650000,258155000000,258156000000,258158000000,258159000000,258160000000,2484510000,45020000,10420000,43230000,420000
1791427289,412598219,3876,1617942128,S,N,258154000000,258153000000,258152000000,258150000000,258149000000,10353950000,767810000,42500000,1020000,191650000,258155000000,258156000000,258158000000,258159000000,258160000000,2484510000,45020000,10420000,43230000,420000
1791427289,498032876,3877,1747767917,D,N,8319098000000,8319097000000,8319096000000,8319064000000,8319063000000,88667000,152000,13000,7000,19818000,8319099000000,8319100000000,8319101000000,8319105000000,8319106000000,767993000,55000,13000,7000,38152000
1791427289,499392804,3878,1617942128,D,N,258154000000,258153000000,258152000000,258150000000,258149000000,10353950000,767810000,42500000,1020000,191650000,258155000000,258156000000,258158000000,258159000000,258160000000,2484510000,45020000,10420000,43230000,420000
1791427289,500704417,3879,1617942128,S,N,258154000000,258153000000,258152000000,258150000000,258149000000,10353950000,767810000,42500000,1020000,191650000,258155000000,258156000000,258158000000,258159000000,258160000000,2484510000,45020000,10420000,43230000,420000
1791427289,609751395,3880,1747767917,D,N,8319098000000,8319097000000,8319096000000,8319064000000,8319063000000,88667000,152000,13000,7000,19818000,8319099000000,8319100000000,8319101000000,8319105000000,8319106000000,767930000,55000,13000,7000,38152000
1791427289,611077195,3881,1617942128,D,N,258154000000,258153000000,258152000000,258150000000,258149000000,10391820000,767810000,4800000,1020000,191650000,258155000000,258156000000,258158000000,258159000000,258160000000,2407090000,45020000,10420000,43230000,420000
1791427289,612423995,3882,1617942128,S,N,258154000000,258153000000,258152000000,258150000000,258149000000,10391820000,767810000,4800000,1020000,191650000,258155000000,258156000000,258158000000,258159000000,258160000000,2407090000,45020000,10420000,43230000,420000
1791427289,696175095,3883,1747767917,S,N,8319098000000,8319097000000,8319096000000,8319064000000,8319063000000,88667000,152000,13000,7000,19818000,8319099000000,8319100000000,8319101000000,8319105000000,8319106000000,767930000,55000,13000,7000,38152000
