recv_tsec,recv_tnsec,venue,stream_kind,shard_id,conn_epoch,conn_seq,symbol,payload_json
1791514170,165223345,spot,depth5,0,0,1,BTCUSDT,"{""asks"":[[""82116.48000000"",""4.34340000""],[""82116.49000000"",""0.00828000""],[""82116.50000000"",""0.00013000""],[""82116.67000000"",""0.00758000""],[""82117.67000000"",""0.00008000""]],""bids"":[[""82116.47000000"",""5.22990000""],[""82116.46000000"",""0.00060000""],[""82116.45000000"",""0.00048000""],[""82116.36000000"",""0.00014000""],[""82116.35000000"",""0.03061000""]],""lastUpdateId"":101228057900}"
1791514170,166316545,spot,depth_diff,0,0,2,BTCUSDT,"{""E"":1791514170114,""U"":101228057896,""a"":[[""82125.75000000"",""0.00200000""],[""82130.72000000"",""0.00272000""],[""92084.11000000"",""0.03937000""]],""b"":[[""73904.83000000"",""0.00356000""],[""73904.00000000"",""0.00000000""]],""e"":""depthUpdate"",""s"":""BTCUSDT"",""u"":101228057900}"
1791514170,265458157,spot,depth5,0,0,3,BTCUSDT,"{""asks"":[[""82116.48000000"",""4.34347000""],[""82116.49000000"",""0.00835000""],[""82116.50000000"",""0.00013000""],[""82116.67000000"",""0.00758000""],[""82117.67000000"",""0.00008000""]],""bids"":[[""82116.47000000"",""5.22990000""],[""82116.46000000"",""0.00060000""],[""82116.45000000"",""0.00048000""],[""82116.36000000"",""0.00014000""],[""82116.35000000"",""0.03061000""]],""lastUpdateId"":101228057907}"
1791514170,266209957,spot,depth_diff,0,0,4,BTCUSDT,"{""E"":1791514170214,""U"":101228057901,""a"":[[""82116.48000000"",""4.34347000""],[""82116.49000000"",""0.00835000""],[""82118.16000000"",""0.00641000""]],""b"":[[""81998.74000000"",""0.00636000""],[""80884.73000000"",""0.00072000""],[""65693.18000000"",""0.00210000""]],""e"":""depthUpdate"",""s"":""BTCUSDT"",""u"":101228057907}"
1791514170,310836562,spot,trade,0,0,5,BTCUSDT,"{""E"":1791514170254,""M"":true,""T"":1791514170253,""e"":""trade"",""m"":false,""p"":""82116.48000000"",""q"":""0.00060000"",""s"":""BTCUSDT"",""t"":6750015726}"
1791514170,367152269,spot,depth5,0,0,6,BTCUSDT,"{""asks"":[[""82116.48000000"",""4.34287000""],[""82116.49000000"",""0.00835000""],[""82116.50000000"",""0.00013000""],[""82116.67000000"",""0.00758000""],[""82117.67000000"",""0.00008000""]],""bids"":[[""82116.47000000"",""5.22990000""],[""82116.46000000"",""0.00060000""],[""82116.45000000"",""0.00048000""],[""82116.36000000"",""0.00014000""],[""82116.35000000"",""0.03061000""]],""lastUpdateId"":101228057911}"
1791514170,367978769,spot,depth_diff,0,0,7,BTCUSDT,"{""E"":1791514170314,""U"":101228057908,""a"":[[""82116.48000000"",""4.34287000""]],""b"":[[""73904.83000000"",""0.00356000""],[""73904.82000000"",""0.00000000""],[""73904.81000000"",""0.00008000""]],""e"":""depthUpdate"",""s"":""BTCUSDT"",""u"":101228057911}"
1791514170,465175880,spot,depth5,0,0,8,BTCUSDT,"{""asks"":[[""82116.48000000"",""4.34287000""],[""82116.49000000"",""0.00835000""],[""82116.50000000"",""0.00013000""],[""82116.67000000"",""0.00758000""],[""82117.67000000"",""0.00008000""]],""bids"":[[""82116.47000000"",""5.22990000""],[""82116.46000000"",""0.00060000""],[""82116.45000000"",""0.00048000""],[""82116.36000000"",""0.00014000""],[""82116.35000000"",""0.03061000""]],""lastUpdateId"":101228057914}"
1791514170,465814581,spot,depth_diff,0,0,9,BTCUSDT,"{""E"":1791514170414,""U"":101228057912,""a"":[],""b"":[[""81872.09000000"",""0.00000000""],[""80884.73000000"",""0.00064000""],[""65693.18000000"",""0.00180000""]],""e"":""depthUpdate"",""s"":""BTCUSDT"",""u"":101228057914}"
1791514170,566103392,spot,depth5,0,0,10,BTCUSDT,"{""asks"":[[""82116.48000000"",""4.34239000""],[""82116.49000000"",""0.00835000""],[""82116.50000000"",""0.00013000""],[""82116.67000000"",""0.00758000""],[""82117.67000000"",""0.00008000""]],""bids"":[[""82116.47000000"",""5.22990000""],[""82116.46000000"",""0.00060000""],[""82116.45000000"",""0.00048000""],[""82116.36000000"",""0.00014000""],[""82116.35000000"",""0.03061000""]],""lastUpdateId"":101228057925}"
1791514170,569280093,spot,depth_diff,0,0,11,BTCUSDT,"{""E"":1791514170514,""U"":101228057915,""a"":[[""82116.48000000"",""4.34239000""],[""82125.61000000"",""0.00000000""],[""85010.45000000"",""0.00000000""]],""b"":[[""81872.08000000"",""0.00020000""],[""80884.73000000"",""0.00072000""],[""78767.41000000"",""0.00000000""],[""73904.83000000"",""0.00341000""],[""65693.18000000"",""0.00300000""]],""e"":""depthUpdate"",""s"":""BTCUSDT"",""u"":101228057925}"
1791514170,635862801,spot,trade,0,0,12,BTCUSDT,"{""E"":1791514170582,""M"":true,""T"":1791514170582,""e"":""trade"",""m"":true,""p"":""82116.47000000"",""q"":""0.09509000"",""s"":""BTCUSDT"",""t"":6750015727}"
1791514170,655035103,spot,trade,0,0,13,BTCUSDT,"{""E"":1791514170582,""M"":true,""T"":1791514170582,""e"":""trade"",""m"":true,""p"":""82116.47000000"",""q"":""0.19076000"",""s"":""BTCUSDT"",""t"":6750015728}"
1791514170,668590805,spot,trade,0,0,14,BTCUSDT,"{""E"":1791514170582,""M"":true,""T"":1791514170582,""e"":""trade"",""m"":true,""p"":""82116.47000000"",""q"":""0.00007000"",""s"":""BTCUSDT"",""t"":6750015729}"
1791514170,676091205,spot,trade,0,0,15,BTCUSDT,"{""E"":1791514170582,""M"":true,""T"":1791514170582,""e"":""trade"",""m"":true,""p"":""82116.47000000"",""q"":""0.00008000"",""s"":""BTCUSDT"",""t"":6750015730}"
1791514170,678731006,spot,trade,0,0,16,BTCUSDT,"{""E"":1791514170582,""M"":true,""T"":1791514170582,""e"":""trade"",""m"":true,""p"":""82116.47000000"",""q"":""0.00013000"",""s"":""BTCUSDT"",""t"":6750015731}"
1791514170,682685006,spot,trade,0,0,17,BTCUSDT,"{""E"":1791514170582,""M"":true,""T"":1791514170582,""e"":""trade"",""m"":true,""p"":""82116.47000000"",""q"":""0.02265000"",""s"":""BTCUSDT"",""t"":6750015732}"
1791514170,687228007,spot,depth5,0,0,18,BTCUSDT,"{""asks"":[[""82116.48000000"",""4.34287000""],[""82116.49000000"",""0.00835000""],[""82116.50000000"",""0.00013000""],[""82116.67000000"",""0.00758000""],[""82117.67000000"",""0.00008000""]],""bids"":[[""82116.47000000"",""4.78268000""],[""82116.46000000"",""0.00060000""],[""82116.45000000"",""0.00048000""],[""82116.36000000"",""0.00014000""],[""82116.35000000"",""0.03061000""]],""lastUpdateId"":101228057954}"
1791514170,699257508,spot,depth_diff,0,0,19,BTCUSDT,"{""E"":1791514170614,""U"":101228057926,""a"":[[""82116.48000000"",""4.34287000""],[""82158.36000000"",""0.00000000""],[""82214.99000000"",""0.00000000""],[""82217.69000000"",""0.72684000""]],""b"":[[""82116.47000000"",""4.78268000""],[""82115.76000000"",""0.00000000""],[""82112.65000000"",""0.00000000""],[""82110.01000000"",""0.00609000""],[""82106.22000000"",""0.00000000""],[""82105.74000000"",""0.00400000""],[""82090.55000000"",""0.12260000""],[""82089.57000000"",""0.00200000""],[""73904.83000000"",""0.00356000""],[""73904.81000000"",""0.00000000""],[""65693.18000000"",""0.00270000""],[""65693.00000000"",""0.01600000""]],""e"":""depthUpdate"",""s"":""BTCUSDT"",""u"":101228057954}"
1791514170,765929116,spot,depth5,0,0,20,BTCUSDT,"{""asks"":[[""82116.48000000"",""4.34287000""],[""82116.49000000"",""0.00835000""],[""82116.50000000"",""0.00013000""],[""82116.67000000"",""0.00758000""],[""82117.67000000"",""0.00008000""]],""bids"":[[""82116.47000000"",""4.78268000""],[""82116.46000000"",""0.00060000""],[""82116.45000000"",""0.00048000""],[""82116.36000000"",""0.00014000""],[""82116.35000000"",""0.03061000""]],""lastUpdateId"":101228057963}"
1791514170,776546617,spot,depth_diff,0,0,21,BTCUSDT,"{""E"":1791514170714,""U"":101228057955,""a"":[[""82129.20000000"",""0.00007000""],[""82147.81000000"",""0.00000000""],[""83348.23000000"",""0.00046000""]],""b"":[[""82096.34000000"",""0.00007000""],[""80884.73000000"",""0.00064000""],[""80884.72000000"",""0.00565000""]],""e"":""depthUpdate"",""s"":""BTCUSDT"",""u"":101228057963}"
1791514170,867295028,spot,depth5,0,0,22,BTCUSDT,"{""asks"":[[""82116.48000000"",""4.20357000""],[""82116.49000000"",""0.00835000""],[""82116.50000000"",""0.00013000""],[""82116.67000000"",""0.00758000""],[""82117.67000000"",""0.00008000""]],""bids"":[[""82116.47000000"",""5.14261000""],[""82116.46000000"",""0.00060000""],[""82116.45000000"",""0.00048000""],[""82116.36000000"",""0.00014000""],[""82116.35000000"",""0.03061000""]],""lastUpdateId"":101228057972}"
1791514170,878168529,spot,depth_diff,0,0,23,BTCUSDT,"{""E"":1791514170814,""U"":101228057964,""a"":[[""82116.48000000"",""4.20357000""],[""82120.61000000"",""0.00014000""],[""82149.33000000"",""0.00008000""]],""b"":[[""82116.47000000"",""5.14261000""],[""80884.73000000"",""0.00072000""],[""73904.83000000"",""0.00356000""],[""65693.18000000"",""0.00240000""]],""e"":""depthUpdate"",""s"":""BTCUSDT"",""u"":101228057972}"
1791514170,966031940,spot,depth5,0,0,24,BTCUSDT,"{""asks"":[[""82116.48000000"",""4.20309000""],[""82116.49000000"",""0.00835000""],[""82116.50000000"",""0.00013000""],[""82116.67000000"",""0.00758000""],[""82117.67000000"",""0.00008000""]],""bids"":[[""82116.47000000"",""4.78254000""],[""82116.46000000"",""0.00060000""],[""82116.45000000"",""0.00048000""],[""82116.36000000"",""0.00014000""],[""82116.35000000"",""0.03061000""]],""lastUpdateId"":101228057977}"
1791514170,967296440,spot,depth_diff,0,0,25,BTCUSDT,"{""E"":1791514170914,""U"":101228057973,""a"":[[""82116.48000000"",""4.20309000""],[""82126.68000000"",""0.00048000""]],""b"":[[""82116.47000000"",""4.78254000""],[""82115.76000000"",""0.00007000""]],""e"":""depthUpdate"",""s"":""BTCUSDT"",""u"":101228057977}"
1791514171,65072252,spot,depth5,0,0,26,BTCUSDT,"{""asks"":[[""82116.48000000"",""4.20309000""],[""82116.49000000"",""0.00835000""],[""82116.50000000"",""0.00013000""],[""82116.67000000"",""0.00758000""],[""82117.67000000"",""0.00008000""]],""bids"":[[""82116.47000000"",""4.78254000""],[""82116.46000000"",""0.00060000""],[""82116.45000000"",""0.00048000""],[""82116.36000000"",""0.00014000""],[""82116.35000000"",""0.03061000""]],""lastUpdateId"":101228057987}"
1791514171,66155152,spot,depth_diff,0,0,27,BTCUSDT,"{""E"":1791514171014,""U"":101228057978,""a"":[[""82145.78000000"",""0.00200000""],[""82214.99000000"",""0.72684000""],[""82217.69000000"",""0.00000000""]],""b"":[[""80884.73000000"",""0.00072000""],[""65693.18000000"",""0.00330000""]],""e"":""depthUpdate"",""s"":""BTCUSDT"",""u"":101228057987}"
1791514171,167812664,spot,depth5,0,0,28,BTCUSDT,"{""asks"":[[""82116.48000000"",""4.20309000""],[""82116.49000000"",""0.00835000""],[""82116.50000000"",""0.00013000""],[""82116.67000000"",""0.00758000""],[""82117.67000000"",""0.00008000""]],""bids"":[[""82116.47000000"",""4.78254000""],[""82116.46000000"",""0.00060000""],[""82116.45000000"",""0.00048000""],[""82116.36000000"",""0.00014000""],[""82116.35000000"",""0.03061000""]],""lastUpdateId"":101228057991}"
1791514171,168953964,spot,depth_diff,0,0,29,BTCUSDT,"{""E"":1791514171114,""U"":101228057988,""a"":[],""b"":[[""73904.83000000"",""0.00356000""],[""73904.00000000"",""0.00000000""]],""e"":""depthUpdate"",""s"":""BTCUSDT"",""u"":101228057991}"
1791514171,267786176,spot,depth5,0,0,30,BTCUSDT,"{""asks"":[[""82116.48000000"",""4.20309000""],[""82116.49000000"",""0.00835000""],[""82116.50000000"",""0.00013000""],[""82116.67000000"",""0.00758000""],[""82117.67000000"",""0.00008000""]],""bids"":[[""82116.47000000"",""4.78254000""],[""82116.46000000"",""0.00060000""],[""82116.45000000"",""0.00048000""],[""82116.36000000"",""0.00014000""],[""82116.35000000"",""0.03061000""]],""lastUpdateId"":101228057994}"
1791514171,269122377,spot,depth_diff,0,0,31,BTCUSDT,"{""E"":1791514171214,""U"":101228057992,""a"":[],""b"":[[""81872.08000000"",""0.00020000""],[""65693.18000000"",""0.00300000""]],""e"":""depthUpdate"",""s"":""BTCUSDT"",""u"":101228057994}"
1791514171,366269388,spot,depth5,0,0,32,BTCUSDT,"{""asks"":[[""82116.48000000"",""4.20309000""],[""82116.49000000"",""0.00835000""],[""82116.50000000"",""0.00013000""],[""82116.67000000"",""0.00758000""],[""82117.67000000"",""0.00008000""]],""bids"":[[""82116.47000000"",""4.78254000""],[""82116.46000000"",""0.00060000""],[""82116.45000000"",""0.00048000""],[""82116.36000000"",""0.00014000""],[""82116.35000000"",""0.03061000""]],""lastUpdateId"":101228057996}"
1791514171,368118689,spot,depth_diff,0,0,33,BTCUSDT,"{""E"":1791514171314,""U"":101228057995,""a"":[],""b"":[[""80884.73000000"",""0.00064000""],[""73904.83000000"",""0.00341000""]],""e"":""depthUpdate"",""s"":""BTCUSDT"",""u"":101228057996}"
1791514171,465707100,spot,depth5,0,0,34,BTCUSDT,"{""asks"":[[""82116.48000000"",""4.20309000""],[""82116.49000000"",""0.00835000""],[""82116.50000000"",""0.00013000""],[""82116.67000000"",""0.00758000""],[""82117.67000000"",""0.00008000""]],""bids"":[[""82116.47000000"",""4.78254000""],[""82116.46000000"",""0.00060000""],[""82116.45000000"",""0.00048000""],[""82116.36000000"",""0.00014000""],[""82116.35000000"",""0.03061000""]],""lastUpdateId"":101228057999}"
1791514171,466894101,spot,depth_diff,0,0,35,BTCUSDT,"{""E"":1791514171414,""U"":101228057997,""a"":[],""b"":[[""75547.16000000"",""0.00014000""],[""73904.83000000"",""0.00356000""],[""65693.18000000"",""0.00270000""]],""e"":""depthUpdate"",""s"":""BTCUSDT"",""u"":101228057999}"
1791514171,567639313,spot,depth5,0,0,36,BTCUSDT,"{""asks"":[[""82116.48000000"",""4.20309000""],[""82116.49000000"",""0.00835000""],[""82116.50000000"",""0.00013000""],[""82116.67000000"",""0.00758000""],[""82117.67000000"",""0.00008000""]],""bids"":[[""82116.47000000"",""4.78254000""],[""82116.46000000"",""0.00060000""],[""82116.45000000"",""0.00048000""],[""82116.36000000"",""0.00014000""],[""82116.35000000"",""0.03061000""]],""lastUpdateId"":101228058003}"
1791514171,568866413,spot,depth_diff,0,0,37,BTCUSDT,"{""E"":1791514171514,""U"":101228058000,""a"":[],""b"":[[""80542.78000000"",""0.00047000""],[""78767.41000000"",""0.00010000""],[""65693.00000000"",""0.01600000""]],""e"":""depthUpdate"",""s"":""BTCUSDT"",""u"":101228058003}"
1791514171,608390718,spot,trade,0,0,38,BTCUSDT,"{""E"":1791514171556,""M"":true,""T"":1791514171556,""e"":""trade"",""m"":false,""p"":""82116.48000000"",""q"":""0.00122000"",""s"":""BTCUSDT"",""t"":6750015733}"
1791514171,665295925,spot,depth5,0,0,39,BTCUSDT,"{""asks"":[[""82116.48000000"",""4.20187000""],[""82116.49000000"",""0.00835000""],[""82116.50000000"",""0.00013000""],[""82116.67000000"",""0.00758000""],[""82117.67000000"",""0.00008000""]],""bids"":[[""82116.47000000"",""4.78254000""],[""82116.46000000"",""0.00060000""],[""82116.45000000"",""0.00048000""],[""82116.36000000"",""0.00014000""],[""82116.35000000"",""0.03061000""]],""lastUpdateId"":101228058011}"
1791514171,666194125,spot,depth_diff,0,0,40,BTCUSDT,"{""E"":1791514171614,""U"":101228058004,""a"":[[""82116.48000000"",""4.20187000""],[""82149.07000000"",""0.07772000""]],""b"":[[""80884.73000000"",""0.00064000""],[""73904.83000000"",""0.00364000""],[""65693.18000000"",""0.00240000""]],""e"":""depthUpdate"",""s"":""BTCUSDT"",""u"":101228058011}"
1791514171,768157737,spot,depth5,0,0,41,BTCUSDT,"{""asks"":[[""82116.48000000"",""4.20187000""],[""82116.49000000"",""0.00835000""],[""82116.50000000"",""0.00013000""],[""82116.67000000"",""0.00758000""],[""82117.67000000"",""0.00008000""]],""bids"":[[""82116.47000000"",""4.78254000""],[""82116.46000000"",""0.00060000""],[""82116.45000000"",""0.00048000""],[""82116.36000000"",""0.00014000""],[""82116.35000000"",""0.03061000""]],""lastUpdateId"":101228058018}"
1791514171,769369937,spot,depth_diff,0,0,42,BTCUSDT,"{""E"":1791514171714,""U"":101228058012,""a"":[[""82129.20000000"",""0.00000000""],[""82214.99000000"",""0.00000000""],[""82217.69000000"",""0.72684000""],[""83348.23000000"",""0.00046000""]],""b"":[[""82096.34000000"",""0.00000000""],[""80884.72000000"",""0.00565000""]],""e"":""depthUpdate"",""s"":""BTCUSDT"",""u"":101228058018}"
1791514171,870508850,spot,depth5,0,0,43,BTCUSDT,"{""asks"":[[""82116.48000000"",""4.20187000""],[""82116.49000000"",""0.00835000""],[""82116.50000000"",""0.00013000""],[""82116.67000000"",""0.00758000""],[""82117.67000000"",""0.00008000""]],""bids"":[[""82116.47000000"",""4.78254000""],[""82116.46000000"",""0.00060000""],[""82116.45000000"",""0.00048000""],[""82116.36000000"",""0.00014000""],[""82116.35000000"",""0.03061000""]],""lastUpdateId"":101228058024}"
1791514171,871841550,spot,depth_diff,0,0,44,BTCUSDT,"{""E"":1791514171814,""U"":101228058019,""a"":[[""82129.20000000"",""0.00007000""],[""85010.45000000"",""0.00010000""]],""b"":[[""82096.34000000"",""0.00007000""],[""80884.73000000"",""0.00056000""],[""73904.83000000"",""0.00349000""],[""65693.18000000"",""0.00210000""]],""e"":""depthUpdate"",""s"":""BTCUSDT"",""u"":101228058024}"
1791514171,967981762,spot,depth5,0,0,45,BTCUSDT,"{""asks"":[[""82116.48000000"",""4.20187000""],[""82116.49000000"",""0.00835000""],[""82116.50000000"",""0.00013000""],[""82116.67000000"",""0.00758000""],[""82117.67000000"",""0.00008000""]],""bids"":[[""82116.47000000"",""4.78254000""],[""82116.46000000"",""0.00060000""],[""82116.45000000"",""0.00048000""],[""82116.36000000"",""0.00014000""],[""82116.35000000"",""0.03061000""]],""lastUpdateId"":101228058029}"
1791514171,969352162,spot,depth_diff,0,0,46,BTCUSDT,"{""E"":1791514171914,""U"":101228058025,""a"":[[""82316.50000000"",""0.00000000""]],""b"":[[""81932.54000000"",""0.00000000""],[""80884.73000000"",""0.00064000""],[""75547.16000000"",""0.00000000""],[""73904.83000000"",""0.00364000""]],""e"":""depthUpdate"",""s"":""BTCUSDT"",""u"":101228058029}"
1791514172,65687174,spot,depth5,0,0,47,BTCUSDT,"{""asks"":[[""82116.48000000"",""4.20187000""],[""82116.49000000"",""0.00835000""],[""82116.50000000"",""0.00013000""],[""82116.67000000"",""0.00758000""],[""82117.67000000"",""0.00008000""]],""bids"":[[""82116.47000000"",""4.78254000""],[""82116.46000000"",""0.00060000""],[""82116.45000000"",""0.00048000""],[""82116.36000000"",""0.00014000""],[""82116.35000000"",""0.03061000""]],""lastUpdateId"":101228058037}"
1791514172,67145074,spot,depth_diff,0,0,48,BTCUSDT,"{""E"":1791514172014,""U"":101228058030,""a"":[],""b"":[[""81996.21000000"",""0.10633000""],[""70091.00000000"",""0.01954000""],[""65693.18000000"",""0.00300000""]],""e"":""depthUpdate"",""s"":""BTCUSDT"",""u"":101228058037}"
1791514172,166537286,spot,depth5,0,0,49,BTCUSDT,"{""asks"":[[""82116.48000000"",""4.20187000""],[""82116.49000000"",""0.00835000""],[""82116.50000000"",""0.00013000""],[""82116.67000000"",""0.00758000""],[""82117.67000000"",""0.00008000""]],""bids"":[[""82116.47000000"",""4.78254000""],[""82116.46000000"",""0.00060000""],[""82116.45000000"",""0.00048000""],[""82116.36000000"",""0.00014000""],[""82116.35000000"",""0.03061000""]],""lastUpdateId"":101228058041}"
1791514172,167842086,spot,depth_diff,0,0,50,BTCUSDT,"{""E"":1791514172114,""U"":101228058038,""a"":[],""b"":[[""80884.73000000"",""0.00064000""],[""73904.83000000"",""0.00364000""]],""e"":""depthUpdate"",""s"":""BTCUSDT"",""u"":101228058041}"
1791514172,267786699,spot,depth5,0,0,51,BTCUSDT,"{""asks"":[[""82116.48000000"",""4.20187000""],[""82116.49000000"",""0.00835000""],[""82116.50000000"",""0.00013000""],[""82116.67000000"",""0.00758000""],[""82117.67000000"",""0.00008000""]],""bids"":[[""82116.47000000"",""4.78254000""],[""82116.46000000"",""0.00060000""],[""82116.45000000"",""0.00048000""],[""82116.36000000"",""0.00014000""],[""82116.35000000"",""0.03061000""]],""lastUpdateId"":101228058047}"
1791514172,269079799,spot,depth_diff,0,0,52,BTCUSDT,"{""E"":1791514172214,""U"":101228058042,""a"":[[""82313.77000000"",""0.96105000""]],""b"":[[""82000.00000000"",""1.08260000""],[""81932.84000000"",""5.57462000""],[""73904.00000000"",""0.00000000""],[""65693.18000000"",""0.00270000""]],""e"":""depthUpdate"",""s"":""BTCUSDT"",""u"":101228058047}"
1791514172,372311112,spot,depth5,0,0,53,BTCUSDT,"{""asks"":[[""82116.48000000"",""4.20187000""],[""82116.49000000"",""0.00835000""],[""82116.50000000"",""0.00013000""],[""82116.67000000"",""0.00758000""],[""82117.67000000"",""0.00008000""]],""bids"":[[""82116.47000000"",""5.12465000""],[""82116.46000000"",""0.00060000""],[""82116.45000000"",""0.00048000""],[""82116.36000000"",""0.00014000""],[""82116.35000000"",""0.03061000""]],""lastUpdateId"":101228058059}"
1791514172,373187812,spot,depth_diff,0,0,54,BTCUSDT,"{""E"":1791514172314,""U"":101228058048,""a"":[[""82117.97000000"",""0.00000000""],[""82117.98000000"",""0.01980000""],[""82122.20000000"",""0.38216000""],[""82214.99000000"",""0.72684000""],[""82217.69000000"",""0.00000000""]],""b"":[[""82116.47000000"",""5.12465000""],[""82110.69000000"",""0.00000000""],[""82110.34000000"",""0.00200000""]],""e"":""depthUpdate"",""s"":""BTCUSDT"",""u"":101228058059}"
1791514172,465587324,spot,depth5,0,0,55,BTCUSDT,"{""asks"":[[""82116.48000000"",""4.20187000""],[""82116.49000000"",""0.00835000""],[""82116.50000000"",""0.00013000""],[""82116.67000000"",""0.00758000""],[""82117.67000000"",""0.00008000""]],""bids"":[[""82116.47000000"",""5.12465000""],[""82116.46000000"",""0.00060000""],[""82116.45000000"",""0.00048000""],[""82116.36000000"",""0.00014000""],[""82116.35000000"",""0.03061000""]],""lastUpdateId"":101228058073}"
1791514172,466759524,spot,depth_diff,0,0,56,BTCUSDT,"{""E"":1791514172414,""U"":101228058060,""a"":[[""82116.48000000"",""4.20187000""],[""82116.49000000"",""0.00835000""],[""82117.97000000"",""0.00014000""],[""82118.16000000"",""0.00007000""],[""82118.31000000"",""0.00636000""],[""82122.20000000"",""0.38209000""]],""b"":[[""80884.73000000"",""0.00064000""],[""73904.83000000"",""0.00364000""],[""65693.18000000"",""0.00240000""]],""e"":""depthUpdate"",""s"":""BTCUSDT"",""u"":101228058073}"
1791514172,480059826,spot,trade,0,0,57,BTCUSDT,"{""E"":1791514172427,""M"":true,""T"":1791514172426,""e"":""trade"",""m"":false,""p"":""82116.48000000"",""q"":""0.00073000"",""s"":""BTCUSDT"",""t"":6750015734}"
1791514172,595839340,spot,depth5,0,0,58,BTCUSDT,"{""asks"":[[""82116.48000000"",""3.59195000""],[""82116.49000000"",""0.00828000""],[""82116.50000000"",""0.00013000""],[""82116.67000000"",""0.00758000""],[""82117.67000000"",""0.00008000""]],""bids"":[[""82116.47000000"",""5.12465000""],[""82116.46000000"",""0.00060000""],[""82116.45000000"",""0.00048000""],[""82116.36000000"",""0.00014000""],[""82116.35000000"",""0.03061000""]],""lastUpdateId"":101228058097}"
1791514172,596711140,spot,depth_diff,0,0,59,BTCUSDT,"{""E"":1791514172514,""U"":101228058074,""a"":[[""82116.48000000"",""3.59195000""],[""82116.49000000"",""0.00828000""],[""82117.97000000"",""0.00000000""],[""82117.98000000"",""0.00007000""],[""82122.20000000"",""0.38216000""]],""b"":[[""82113.30000000"",""0.00007000""],[""82110.34000000"",""0.00000000""],[""82109.41000000"",""0.49057000""],[""82106.92000000"",""0.00000000""],[""82105.74000000"",""0.00000000""],[""73904.83000000"",""0.00356000""],[""73904.82000000"",""0.00008000""],[""65693.00000000"",""0.01600000""]],""e"":""depthUpdate"",""s"":""BTCUSDT"",""u"":101228058097}"
1791514172,597673540,spot,trade,0,0,60,BTCUSDT,"{""E"":1791514172533,""M"":true,""T"":1791514172533,""e"":""trade"",""m"":true,""p"":""82116.47000000"",""q"":""0.00128000"",""s"":""BTCUSDT"",""t"":6750015735}"
1791514172,598150840,spot,trade,0,0,61,BTCUSDT,"{""E"":1791514172545,""M"":true,""T"":1791514172545,""e"":""trade"",""m"":false,""p"":""82116.48000000"",""q"":""0.00300000"",""s"":""BTCUSDT"",""t"":6750015736}"
1791514172,666164149,spot,depth5,0,0,62,BTCUSDT,"{""asks"":[[""82116.48000000"",""3.58902000""],[""82116.49000000"",""0.00835000""],[""82116.50000000"",""0.00013000""],[""82116.67000000"",""0.00758000""],[""82117.67000000"",""0.00008000""]],""bids"":[[""82116.47000000"",""5.12337000""],[""82116.46000000"",""0.00060000""],[""82116.45000000"",""0.00048000""],[""82116.36000000"",""0.00014000""],[""82116.35000000"",""0.03061000""]],""lastUpdateId"":101228058108}"
1791514172,666980949,spot,depth_diff,0,0,63,BTCUSDT,"{""E"":1791514172614,""U"":101228058098,""a"":[[""82116.48000000"",""3.58902000""],[""82116.49000000"",""0.00835000""],[""82117.97000000"",""0.00014000""],[""82117.98000000"",""0.01979000""],[""82122.20000000"",""0.38209000""],[""82125.75000000"",""0.00000000""]],""b"":[[""82116.47000000"",""5.12337000""],[""73904.83000000"",""0.00371000""],[""65693.18000000"",""0.00210000""]],""e"":""depthUpdate"",""s"":""BTCUSDT"",""u"":101228058108}"
1791514172,768571762,spot,depth5,0,0,64,BTCUSDT,"{""asks"":[[""82116.48000000"",""3.58902000""],[""82116.49000000"",""0.00835000""],[""82116.50000000"",""0.00013000""],[""82116.67000000"",""0.00758000""],[""82117.67000000"",""0.00008000""]],""bids"":[[""82116.47000000"",""5.12533000""],[""82116.46000000"",""0.00060000""],[""82116.45000000"",""0.00048000""],[""82116.36000000"",""0.00014000""],[""82116.35000000"",""0.03061000""]],""lastUpdateId"":101228058119}"
1791514172,769486562,spot,depth_diff,0,0,65,BTCUSDT,"{""E"":1791514172714,""U"":101228058109,""a"":[[""82118.16000000"",""0.00586000""],[""82118.31000000"",""0.00007000""],[""83348.23000000"",""0.00046000""]],""b"":[[""82116.47000000"",""5.12533000""],[""81850.87000000"",""0.00000000""],[""81850.01000000"",""0.00756000""],[""80884.73000000"",""0.00064000""],[""80884.72000000"",""0.00565000""]],""e"":""depthUpdate"",""s"":""BTCUSDT"",""u"":101228058119}"
1791514172,870969274,spot,depth5,0,0,66,BTCUSDT,"{""asks"":[[""82116.48000000"",""3.58902000""],[""82116.49000000"",""0.00835000""],[""82116.50000000"",""0.00013000""],[""82116.67000000"",""0.00758000""],[""82117.67000000"",""0.00008000""]],""bids"":[[""82116.47000000"",""5.26202000""],[""82116.46000000"",""0.00060000""],[""82116.45000000"",""0.00048000""],[""82116.36000000"",""0.00014000""],[""82116.35000000"",""0.03061000""]],""lastUpdateId"":101228058130}"
1791514172,872294575,spot,depth_diff,0,0,67,BTCUSDT,"{""E"":1791514172814,""U"":101228058120,""a"":[[""82117.97000000"",""0.00000000""],[""82117.98000000"",""0.00007000""],[""82122.20000000"",""0.38216000""],[""82129.20000000"",""0.00007000""]],""b"":[[""82116.47000000"",""5.26202000""],[""82111.24000000"",""0.00200000""],[""82096.34000000"",""0.00007000""],[""65693.18000000"",""0.00180000""]],""e"":""depthUpdate"",""s"":""BTCUSDT"",""u"":101228058130}"
1791514172,970105287,spot,depth5,0,0,68,BTCUSDT,"{""asks"":[[""82116.48000000"",""3.58902000""],[""82116.49000000"",""0.00835000""],[""82116.50000000"",""0.00013000""],[""82116.67000000"",""0.00758000""],[""82117.67000000"",""0.00008000""]],""bids"":[[""82116.47000000"",""5.27758000""],[""82116.46000000"",""0.00060000""],[""82116.45000000"",""0.00048000""],[""82116.36000000"",""0.00014000""],[""82116.35000000"",""0.03061000""]],""lastUpdateId"":101228058145}"
1791514172,971058687,spot,depth_diff,0,0,69,BTCUSDT,"{""E"":1791514172914,""U"":101228058131,""a"":[[""82116.48000000"",""3.58902000""],[""82116.49000000"",""0.00835000""],[""82117.97000000"",""0.00014000""],[""82117.98000000"",""0.01964000""],[""82122.20000000"",""0.38209000""]],""b"":[[""82116.47000000"",""5.27758000""],[""82106.92000000"",""0.00400000""],[""80884.73000000"",""0.00056000""],[""73904.83000000"",""0.00371000""]],""e"":""depthUpdate"",""s"":""BTCUSDT"",""u"":101228058145}"
1791514173,66561499,spot,depth5,0,0,70,BTCUSDT,"{""asks"":[[""82116.48000000"",""3.58902000""],[""82116.49000000"",""0.00835000""],[""82116.50000000"",""0.00013000""],[""82116.67000000"",""0.00758000""],[""82117.67000000"",""0.00008000""]],""bids"":[[""82116.47000000"",""5.27758000""],[""82116.46000000"",""0.00060000""],[""82116.45000000"",""0.00048000""],[""82116.36000000"",""0.00014000""],[""82116.35000000"",""0.03061000""]],""lastUpdateId"":101228058155}"
1791514173,69431099,spot,depth_diff,0,0,71,BTCUSDT,"{""E"":1791514173014,""U"":101228058146,""a"":[[""82139.50000000"",""0.06014000""],[""82151.91000000"",""0.00000000""]],""b"":[[""82097.93000000"",""0.05799000""],[""82088.06000000"",""0.00000000""],[""80884.73000000"",""0.00064000""],[""65693.18000000"",""0.00270000""]],""e"":""depthUpdate"",""s"":""BTCUSDT"",""u"":101228058155}"
1791514173,173452413,spot,depth5,0,0,72,BTCUSDT,"{""asks"":[[""82116.48000000"",""3.71924000""],[""82116.49000000"",""0.00835000""],[""82116.50000000"",""0.00013000""],[""82116.67000000"",""0.00758000""],[""82117.67000000"",""0.00008000""]],""bids"":[[""82116.47000000"",""5.27758000""],[""82116.46000000"",""0.00060000""],[""82116.45000000"",""0.00048000""],[""82116.36000000"",""0.00014000""],[""82116.35000000"",""0.03061000""]],""lastUpdateId"":101228058158}"
1791514173,175075713,spot,depth_diff,0,0,73,BTCUSDT,"{""E"":1791514173114,""U"":101228058156,""a"":[[""82116.48000000"",""3.71924000""]],""b"":[[""73904.83000000"",""0.00356000""]],""e"":""depthUpdate"",""s"":""BTCUSDT"",""u"":101228058158}"
1791514173,265956625,spot,depth5,0,0,74,BTCUSDT,"{""asks"":[[""82116.48000000"",""3.71924000""],[""82116.49000000"",""0.00835000""],[""82116.50000000"",""0.00013000""],[""82116.67000000"",""0.00758000""],[""82117.67000000"",""0.00008000""]],""bids"":[[""82116.47000000"",""5.27758000""],[""82116.46000000"",""0.00060000""],[""82116.45000000"",""0.00048000""],[""82116.36000000"",""0.00014000""],[""82116.35000000"",""0.03061000""]],""lastUpdateId"":101228058165}"
1791514173,267755525,spot,depth_diff,0,0,75,BTCUSDT,"{""E"":1791514173214,""U"":101228058159,""a"":[[""82125.98000000"",""0.00200000""]],""b"":[[""81186.07000000"",""0.00023000""],[""80884.73000000"",""0.00056000""],[""73904.83000000"",""0.00371000""],[""73904.00000000"",""0.00000000""],[""65693.18000000"",""0.00240000""]],""e"":""depthUpdate"",""s"":""BTCUSDT"",""u"":101228058165}"
1791514173,365744437,spot,depth5,0,0,76,BTCUSDT,"{""asks"":[[""82116.48000000"",""3.71924000""],[""82116.49000000"",""0.00835000""],[""82116.50000000"",""0.00013000""],[""82116.67000000"",""0.00758000""],[""82117.67000000"",""0.00008000""]],""bids"":[[""82116.47000000"",""5.27758000""],[""82116.46000000"",""0.00060000""],[""82116.45000000"",""0.00048000""],[""82116.36000000"",""0.00014000""],[""82116.35000000"",""0.03061000""]],""lastUpdateId"":101228058166}"
1791514173,367324138,spot,depth_diff,0,0,77,BTCUSDT,"{""E"":1791514173314,""U"":101228058166,""a"":[],""b"":[[""80884.73000000"",""0.00064000""]],""e"":""depthUpdate"",""s"":""BTCUSDT"",""u"":101228058166}"
1791514173,465271650,spot,depth5,0,0,78,BTCUSDT,"{""asks"":[[""82116.48000000"",""3.71924000""],[""82116.49000000"",""0.00835000""],[""82116.50000000"",""0.00013000""],[""82116.67000000"",""0.00758000""],[""82117.67000000"",""0.00008000""]],""bids"":[[""82116.47000000"",""5.27758000""],[""82116.46000000"",""0.00060000""],[""82116.45000000"",""0.00048000""],[""82116.36000000"",""0.00014000""],[""82116.35000000"",""0.03061000""]],""lastUpdateId"":101228058171}"
1791514173,466535550,spot,depth_diff,0,0,79,BTCUSDT,"{""E"":1791514173414,""U"":101228058167,""a"":[],""b"":[[""81872.08000000"",""0.00000000""],[""81871.13000000"",""0.00020000""],[""73904.83000000"",""0.00371000""],[""65693.18000000"",""0.00210000""]],""e"":""depthUpdate"",""s"":""BTCUSDT"",""u"":101228058171}"
1791514173,566801863,spot,depth5,0,0,80,BTCUSDT,"{""asks"":[[""82116.48000000"",""3.71924000""],[""82116.49000000"",""0.00835000""],[""82116.50000000"",""0.00013000""],[""82116.67000000"",""0.00758000""],[""82117.67000000"",""0.00008000""]],""bids"":[[""82116.47000000"",""5.27758000""],[""82116.46000000"",""0.00060000""],[""82116.45000000"",""0.00048000""],[""82116.36000000"",""0.00014000""],[""82116.35000000"",""0.03061000""]],""lastUpdateId"":101228058177}"
1791514173,568098863,spot,depth_diff,0,0,81,BTCUSDT,"{""E"":1791514173514,""U"":101228058172,""a"":[],""b"":[[""80884.73000000"",""0.00064000""],[""65693.18000000"",""0.00330000""]],""e"":""depthUpdate"",""s"":""BTCUSDT"",""u"":101228058177}"
1791514173,625539371,spot,trade,0,0,82,BTCUSDT,"{""E"":1791514173571,""M"":true,""T"":1791514173571,""e"":""trade"",""m"":true,""p"":""82116.47000000"",""q"":""0.07117000"",""s"":""BTCUSDT"",""t"":6750015737}"
1791514173,626184871,spot,trade,0,0,83,BTCUSDT,"{""E"":1791514173571,""M"":true,""T"":1791514173571,""e"":""trade"",""m"":true,""p"":""82116.47000000"",""q"":""0.00122000"",""s"":""BTCUSDT"",""t"":6750015738}"
1791514173,626610471,spot,trade,0,0,84,BTCUSDT,"{""E"":1791514173571,""M"":true,""T"":1791514173571,""e"":""trade"",""m"":true,""p"":""82116.47000000"",""q"":""0.00243000"",""s"":""BTCUSDT"",""t"":6750015739}"
1791514173,627088371,spot,trade,0,0,85,BTCUSDT,"{""E"":1791514173571,""M"":true,""T"":1791514173571,""e"":""trade"",""m"":true,""p"":""82116.47000000"",""q"":""0.02200000"",""s"":""BTCUSDT"",""t"":6750015740}"
1791514173,627588871,spot,trade,0,0,86,BTCUSDT,"{""E"":1791514173571,""M"":true,""T"":1791514173571,""e"":""trade"",""m"":true,""p"":""82116.47000000"",""q"":""0.00007000"",""s"":""BTCUSDT"",""t"":6750015741}"
1791514173,627985371,spot,trade,0,0,87,BTCUSDT,"{""E"":1791514173571,""M"":true,""T"":1791514173571,""e"":""trade"",""m"":true,""p"":""82116.47000000"",""q"":""0.00311000"",""s"":""BTCUSDT"",""t"":6750015742}"
1791514173,665551176,spot,depth5,0,0,88,BTCUSDT,"{""asks"":[[""82116.48000000"",""4.30398000""],[""82116.49000000"",""0.00883000""],[""82116.50000000"",""0.00013000""],[""82116.67000000"",""0.00758000""],[""82117.67000000"",""0.00008000""]],""bids"":[[""82116.47000000"",""5.27345000""],[""82116.46000000"",""0.00060000""],[""82116.45000000"",""0.00048000""],[""82116.36000000"",""0.00014000""],[""82116.35000000"",""0.03061000""]],""lastUpdateId"":101228058199}"
1791514173,666360376,spot,depth_diff,0,0,89,BTCUSDT,"{""E"":1791514173614,""U"":101228058178,""a"":[[""82116.48000000"",""4.30398000""],[""82116.49000000"",""0.00883000""],[""82125.45000000"",""0.00200000""],[""82129.18000000"",""0.00000000""]],""b"":[[""82116.47000000"",""5.27345000""],[""82115.06000000"",""0.00000000""],[""82114.09000000"",""0.00609000""],[""82111.00000000"",""0.00609000""],[""82110.66000000"",""0.00200000""],[""82110.01000000"",""0.00000000""],[""82106.92000000"",""0.00000000""],[""82106.22000000"",""0.00400000""],[""82100.09000000"",""0.00000000""],[""82043.99000000"",""0.00000000""],[""73904.82000000"",""0.00000000""],[""65693.18000000"",""0.00300000""],[""65693.00000000"",""0.01600000""]],""e"":""depthUpdate"",""s"":""BTCUSDT"",""u"":101228058199}"
1791514173,773066490,spot,depth5,0,0,90,BTCUSDT,"{""asks"":[[""82116.48000000"",""4.30398000""],[""82116.49000000"",""0.00883000""],[""82116.50000000"",""0.00013000""],[""82116.67000000"",""0.00758000""],[""82117.67000000"",""0.00008000""]],""bids"":[[""82116.47000000"",""5.27345000""],[""82116.46000000"",""0.00060000""],[""82116.45000000"",""0.00048000""],[""82116.36000000"",""0.00014000""],[""82116.35000000"",""0.03061000""]],""lastUpdateId"":101228058206}"
1791514173,774141290,spot,depth_diff,0,0,91,BTCUSDT,"{""E"":1791514173714,""U"":101228058200,""a"":[[""83348.23000000"",""0.00046000""]],""b"":[[""82113.67000000"",""0.00000000""],[""82112.68000000"",""0.00609000""],[""80884.72000000"",""0.00565000""],[""73904.83000000"",""0.00371000""]],""e"":""depthUpdate"",""s"":""BTCUSDT"",""u"":101228058206}"
1791514173,775020790,spot,trade,0,0,92,BTCUSDT,"{""E"":1791514173719,""M"":true,""T"":1791514173719,""e"":""trade"",""m"":true,""p"":""82116.47000000"",""q"":""0.00314000"",""s"":""BTCUSDT"",""t"":6750015743}"
1791514173,865474602,spot,depth5,0,0,93,BTCUSDT,"{""asks"":[[""82116.48000000"",""4.30398000""],[""82116.49000000"",""0.00883000""],[""82116.50000000"",""0.00013000""],[""82116.67000000"",""0.00758000""],[""82117.67000000"",""0.00008000""]],""bids"":[[""82116.47000000"",""5.27031000""],[""82116.46000000"",""0.00060000""],[""82116.45000000"",""0.00048000""],[""82116.36000000"",""0.00014000""],[""82116.35000000"",""0.03061000""]],""lastUpdateId"":101228058214}"
1791514173,866253102,spot,depth_diff,0,0,94,BTCUSDT,"{""E"":1791514173814,""U"":101228058207,""a"":[[""82129.20000000"",""0.00007000""]],""b"":[[""82116.47000000"",""5.27031000""],[""82111.24000000"",""0.00000000""],[""82110.76000000"",""0.00200000""],[""82096.34000000"",""0.00007000""],[""80884.73000000"",""0.00072000""],[""65693.18000000"",""0.00270000""]],""e"":""depthUpdate"",""s"":""BTCUSDT"",""u"":101228058214}"
1791514173,965327914,spot,depth5,0,0,95,BTCUSDT,"{""asks"":[[""82116.48000000"",""4.30398000""],[""82116.49000000"",""0.00883000""],[""82116.50000000"",""0.00013000""],[""82116.67000000"",""0.00758000""],[""82117.67000000"",""0.00008000""]],""bids"":[[""82116.47000000"",""5.27038000""],[""82116.46000000"",""0.00060000""],[""82116.45000000"",""0.00048000""],[""82116.36000000"",""0.00014000""],[""82116.35000000"",""0.03061000""]],""lastUpdateId"":101228058222}"
1791514173,966210815,spot,depth_diff,0,0,96,BTCUSDT,"{""E"":1791514173914,""U"":101228058215,""a"":[],""b"":[[""82116.47000000"",""5.27038000""],[""82106.22000000"",""0.00000000""],[""81850.87000000"",""0.00756000""],[""81850.01000000"",""0.00000000""],[""73904.83000000"",""0.00371000""],[""65693.00000000"",""0.01600000""]],""e"":""depthUpdate"",""s"":""BTCUSDT"",""u"":101228058222}"
1791514173,981092316,spot,trade,0,0,97,BTCUSDT,"{""E"":1791514173929,""M"":true,""T"":1791514173929,""e"":""trade"",""m"":false,""p"":""82116.48000000"",""q"":""0.03739000"",""s"":""BTCUSDT"",""t"":6750015744}"
1791514174,68258128,spot,depth5,0,0,98,BTCUSDT,"{""asks"":[[""82116.48000000"",""4.26659000""],[""82116.49000000"",""0.00883000""],[""82116.50000000"",""0.00013000""],[""82116.67000000"",""0.00758000""],[""82117.67000000"",""0.00008000""]],""bids"":[[""82116.47000000"",""5.27038000""],[""82116.46000000"",""0.00060000""],[""82116.45000000"",""0.00048000""],[""82116.36000000"",""0.00014000""],[""82116.35000000"",""0.03061000""]],""lastUpdateId"":101228058231}"
1791514174,69122728,spot,depth_diff,0,0,99,BTCUSDT,"{""E"":1791514174014,""U"":101228058223,""a"":[[""82116.48000000"",""4.26659000""],[""82125.09000000"",""0.00947000""],[""82125.70000000"",""0.00609000""],[""82126.00000000"",""0.00000000""],[""82411.43000000"",""0.00000000""]],""b"":[[""82111.00000000"",""0.00000000""],[""82110.77000000"",""0.00609000""],[""82105.94000000"",""0.00847000""],[""73904.83000000"",""0.00379000""],[""65693.18000000"",""0.00240000""]],""e"":""depthUpdate"",""s"":""BTCUSDT"",""u"":101228058231}"
1791514174,167663741,spot,depth5,0,0,100,BTCUSDT,"{""asks"":[[""82116.48000000"",""4.26659000""],[""82116.49000000"",""0.00883000""],[""82116.50000000"",""0.00013000""],[""82116.67000000"",""0.00758000""],[""82117.67000000"",""0.00008000""]],""bids"":[[""82116.47000000"",""5.27019000""],[""82116.46000000"",""0.00060000""],[""82116.45000000"",""0.00048000""],[""82116.36000000"",""0.00014000""],[""82116.35000000"",""0.03061000""]],""lastUpdateId"":101228058237}"
1791514174,168470941,spot,depth_diff,0,0,101,BTCUSDT,"{""E"":1791514174114,""U"":101228058232,""a"":[],""b"":[[""82116.47000000"",""5.27019000""],[""81976.73000000"",""0.01907000""],[""81967.77000000"",""0.00000000""],[""81217.63000000"",""0.00136000""],[""80884.73000000"",""0.00072000""]],""e"":""depthUpdate"",""s"":""BTCUSDT"",""u"":101228058237}"
1791514174,265721254,spot,depth5,0,0,102,BTCUSDT,"{""asks"":[[""82116.48000000"",""4.26659000""],[""82116.49000000"",""0.00883000""],[""82116.50000000"",""0.00013000""],[""82116.67000000"",""0.00758000""],[""82117.67000000"",""0.00008000""]],""bids"":[[""82116.47000000"",""5.27019000""],[""82116.46000000"",""0.00060000""],[""82116.45000000"",""0.00048000""],[""82116.36000000"",""0.00014000""],[""82116.35000000"",""0.03061000""]],""lastUpdateId"":101228058241}"
1791514174,267150254,spot,depth_diff,0,0,103,BTCUSDT,"{""E"":1791514174214,""U"":101228058238,""a"":[],""b"":[[""80000.00000000"",""227.78570000""],[""73904.83000000"",""0.00379000""],[""65693.18000000"",""0.00210000""]],""e"":""depthUpdate"",""s"":""BTCUSDT"",""u"":101228058241}"
1791514174,367115367,spot,depth5,0,0,104,BTCUSDT,"{""asks"":[[""82116.48000000"",""4.26659000""],[""82116.49000000"",""0.00883000""],[""82116.50000000"",""0.00013000""],[""82116.67000000"",""0.00758000""],[""82117.67000000"",""0.00008000""]],""bids"":[[""82116.47000000"",""5.27019000""],[""82116.46000000"",""0.00060000""],[""82116.45000000"",""0.00048000""],[""82116.36000000"",""0.00014000""],[""82116.35000000"",""0.03061000""]],""lastUpdateId"":101228058247}"
1791514174,368319067,spot,depth_diff,0,0,105,BTCUSDT,"{""E"":1791514174314,""U"":101228058242,""a"":[],""b"":[[""82114.09000000"",""0.00000000""],[""82113.06000000"",""0.00609000""],[""82110.66000000"",""0.00000000""],[""82109.23000000"",""0.00200000""],[""80884.73000000"",""0.00064000""],[""73904.00000000"",""0.00000000""]],""e"":""depthUpdate"",""s"":""BTCUSDT"",""u"":101228058247}"
1791514174,465174780,spot,depth5,0,0,106,BTCUSDT,"{""asks"":[[""82116.48000000"",""4.26659000""],[""82116.49000000"",""0.00883000""],[""82116.50000000"",""0.00013000""],[""82116.67000000"",""0.00758000""],[""82117.67000000"",""0.00008000""]],""bids"":[[""82116.47000000"",""5.27019000""],[""82116.46000000"",""0.00060000""],[""82116.45000000"",""0.00048000""],[""82116.36000000"",""0.00014000""],[""82116.35000000"",""0.03061000""]],""lastUpdateId"":101228058256}"
1791514174,466413080,spot,depth_diff,0,0,107,BTCUSDT,"{""E"":1791514174414,""U"":101228058248,""a"":[[""82125.09000000"",""0.00000000""],[""82130.68000000"",""0.00243000""],[""82131.65000000"",""0.00000000""]],""b"":[[""82115.24000000"",""0.00000000""],[""82114.26000000"",""0.00243000""],[""82110.77000000"",""0.00000000""],[""82110.01000000"",""0.00609000""],[""80884.73000000"",""0.00072000""],[""73904.83000000"",""0.00364000""],[""65693.18000000"",""0.00180000""]],""e"":""depthUpdate"",""s"":""BTCUSDT"",""u"":101228058256}"
1791514174,565684193,spot,depth5,0,0,108,BTCUSDT,"{""asks"":[[""82116.48000000"",""4.27261000""],[""82116.49000000"",""0.00883000""],[""82116.50000000"",""0.00013000""],[""82116.67000000"",""0.00758000""],[""82117.67000000"",""0.00008000""]],""bids"":[[""82116.47000000"",""5.27040000""],[""82116.46000000"",""0.00067000""],[""82116.45000000"",""0.00048000""],[""82116.36000000"",""0.00014000""],[""82116.35000000"",""0.03061000""]],""lastUpdateId"":101228058272}"
1791514174,566555493,spot,depth_diff,0,0,109,BTCUSDT,"{""E"":1791514174514,""U"":101228058257,""a"":[[""82116.48000000"",""4.27261000""],[""86495.42000000"",""0.01179000""]],""b"":[[""82116.47000000"",""5.27040000""],[""82116.46000000"",""0.00067000""],[""81300.00000000"",""0.81151000""],[""73904.83000000"",""0.00379000""],[""65693.18000000"",""0.00300000""],[""65693.00000000"",""0.01600000""]],""e"":""depthUpdate"",""s"":""BTCUSDT"",""u"":101228058272}"
1791514174,666028607,spot,depth5,0,0,110,BTCUSDT,"{""asks"":[[""82116.48000000"",""4.27261000""],[""82116.49000000"",""0.00883000""],[""82116.50000000"",""0.00013000""],[""82116.67000000"",""0.00758000""],[""82117.67000000"",""0.00008000""]],""bids"":[[""82116.47000000"",""5.27040000""],[""82116.46000000"",""0.00067000""],[""82116.45000000"",""0.00048000""],[""82116.36000000"",""0.00014000""],[""82116.35000000"",""0.03061000""]],""lastUpdateId"":101228058276}"
1791514174,667137807,spot,depth_diff,0,0,111,BTCUSDT,"{""E"":1791514174614,""U"":101228058273,""a"":[],""b"":[[""82104.32000000"",""0.00523000""],[""80884.73000000"",""0.00072000""],[""65693.18000000"",""0.00270000""]],""e"":""depthUpdate"",""s"":""BTCUSDT"",""u"":101228058276}"
1791514174,679835308,spot,trade,0,0,112,BTCUSDT,"{""E"":1791514174629,""M"":true,""T"":1791514174628,""e"":""trade"",""m"":false,""p"":""82116.48000000"",""q"":""0.00013000"",""s"":""BTCUSDT"",""t"":6750015745}"
1791514174,765554720,spot,depth5,0,0,113,BTCUSDT,"{""asks"":[[""82116.48000000"",""4.27248000""],[""82116.49000000"",""0.00883000""],[""82116.50000000"",""0.00013000""],[""82116.67000000"",""0.00758000""],[""82117.67000000"",""0.00008000""]],""bids"":[[""82116.47000000"",""5.27040000""],[""82116.46000000"",""0.00067000""],[""82116.45000000"",""0.00048000""],[""82116.36000000"",""0.00014000""],[""82116.35000000"",""0.03061000""]],""lastUpdateId"":101228058284}"
1791514174,766365120,spot,depth_diff,0,0,114,BTCUSDT,"{""E"":1791514174714,""U"":101228058277,""a"":[[""82116.48000000"",""4.27248000""],[""83348.23000000"",""0.00046000""]],""b"":[[""80884.72000000"",""0.00565000""],[""73904.83000000"",""0.00371000""],[""73904.82000000"",""0.00008000""]],""e"":""depthUpdate"",""s"":""BTCUSDT"",""u"":101228058284}"
1791514174,865980033,spot,depth5,0,0,115,BTCUSDT,"{""asks"":[[""82116.48000000"",""4.27248000""],[""82116.49000000"",""0.00883000""],[""82116.50000000"",""0.00013000""],[""82116.67000000"",""0.00758000""],[""82117.67000000"",""0.00008000""]],""bids"":[[""82116.47000000"",""5.27040000""],[""82116.46000000"",""0.00067000""],[""82116.45000000"",""0.00048000""],[""82116.36000000"",""0.00014000""],[""82116.35000000"",""0.03061000""]],""lastUpdateId"":101228058286}"
1791514174,867330333,spot,depth_diff,0,0,116,BTCUSDT,"{""E"":1791514174814,""U"":101228058285,""a"":[[""82129.20000000"",""0.00000000""]],""b"":[[""82096.34000000"",""0.00000000""],[""65693.18000000"",""0.00240000""]],""e"":""depthUpdate"",""s"":""BTCUSDT"",""u"":101228058286}"
1791514174,968713746,spot,depth5,0,0,117,BTCUSDT,"{""asks"":[[""82116.48000000"",""4.27241000""],[""82116.49000000"",""0.00883000""],[""82116.50000000"",""0.00013000""],[""82116.67000000"",""0.00758000""],[""82117.67000000"",""0.00008000""]],""bids"":[[""82116.47000000"",""5.27040000""],[""82116.46000000"",""0.00067000""],[""82116.45000000"",""0.00048000""],[""82116.36000000"",""0.00014000""],[""82116.35000000"",""0.03061000""]],""lastUpdateId"":101228058296}"
1791514174,969444647,spot,depth_diff,0,0,118,BTCUSDT,"{""E"":1791514174915,""U"":101228058287,""a"":[[""82116.48000000"",""4.27241000""],[""82123.10000000"",""0.00000000""],[""82129.20000000"",""0.00007000""]],""b"":[[""82096.34000000"",""0.00007000""],[""80884.73000000"",""0.00072000""],[""73904.83000000"",""0.00356000""],[""65693.00000000"",""0.01600000""]],""e"":""depthUpdate"",""s"":""BTCUSDT"",""u"":101228058296}"
1791514175,65581759,spot,depth5,0,0,119,BTCUSDT,"{""asks"":[[""82116.48000000"",""4.27241000""],[""82116.49000000"",""0.00883000""],[""82116.50000000"",""0.00013000""],[""82116.67000000"",""0.00758000""],[""82117.67000000"",""0.00008000""]],""bids"":[[""82116.47000000"",""5.27040000""],[""82116.46000000"",""0.00067000""],[""82116.45000000"",""0.00048000""],[""82116.36000000"",""0.00014000""],[""82116.35000000"",""0.03061000""]],""lastUpdateId"":101228058302}"
1791514175,66977560,spot,depth_diff,0,0,120,BTCUSDT,"{""E"":1791514175014,""U"":101228058297,""a"":[],""b"":[[""73904.83000000"",""0.00371000""],[""65693.18000000"",""0.00330000""]],""e"":""depthUpdate"",""s"":""BTCUSDT"",""u"":101228058302}"
1791514175,216875180,spot,trade,0,0,121,BTCUSDT,"{""E"":1791514175164,""M"":true,""T"":1791514175164,""e"":""trade"",""m"":false,""p"":""82116.48000000"",""q"":""0.00060000"",""s"":""BTCUSDT"",""t"":6750015746}"
1791514175,266471986,spot,depth5,0,0,122,BTCUSDT,"{""asks"":[[""82116.48000000"",""4.27181000""],[""82116.49000000"",""0.00883000""],[""82116.50000000"",""0.00013000""],[""82116.67000000"",""0.00758000""],[""82117.67000000"",""0.00008000""]],""bids"":[[""82116.47000000"",""5.29338000""],[""82116.46000000"",""0.00074000""],[""82116.45000000"",""0.00048000""],[""82116.36000000"",""0.00014000""],[""82116.35000000"",""0.03061000""]],""lastUpdateId"":101228058316}"
1791514175,267964887,spot,depth_diff,0,0,123,BTCUSDT,"{""E"":1791514175215,""U"":101228058303,""a"":[[""82116.48000000"",""4.27181000""]],""b"":[[""82116.47000000"",""5.29338000""],[""82116.46000000"",""0.00074000""],[""82110.77000000"",""0.00609000""],[""82110.01000000"",""0.00000000""],[""81871.13000000"",""0.00020000""],[""80884.73000000"",""0.00072000""],[""73904.83000000"",""0.00371000""],[""73904.82000000"",""0.00000000""],[""65693.18000000"",""0.00300000""]],""e"":""depthUpdate"",""s"":""BTCUSDT"",""u"":101228058316}"
1791514175,366265600,spot,depth5,0,0,124,BTCUSDT,"{""asks"":[[""82116.48000000"",""4.27181000""],[""82116.49000000"",""0.00883000""],[""82116.50000000"",""0.00013000""],[""82116.67000000"",""0.00758000""],[""82117.67000000"",""0.00008000""]],""bids"":[[""82116.47000000"",""5.29338000""],[""82116.46000000"",""0.00074000""],[""82116.45000000"",""0.00048000""],[""82116.36000000"",""0.00014000""],[""82116.35000000"",""0.03061000""]],""lastUpdateId"":101228058317}"
1791514175,368934400,spot,depth_diff,0,0,125,BTCUSDT,"{""E"":1791514175314,""U"":101228058317,""a"":[],""b"":[[""82104.00000000"",""0.00022000""]],""e"":""depthUpdate"",""s"":""BTCUSDT"",""u"":101228058317}"
1791514175,466673114,spot,depth5,0,0,126,BTCUSDT,"{""asks"":[[""82116.48000000"",""3.31206000""],[""82116.49000000"",""0.00883000""],[""82116.50000000"",""0.00013000""],[""82116.67000000"",""0.00758000""],[""82117.67000000"",""0.00008000""]],""bids"":[[""82116.47000000"",""5.29338000""],[""82116.46000000"",""0.00074000""],[""82116.45000000"",""0.00048000""],[""82116.36000000"",""0.00014000""],[""82116.35000000"",""0.03061000""]],""lastUpdateId"":101228058348}"
1791514175,468485614,spot,depth_diff,0,0,127,BTCUSDT,"{""E"":1791514175414,""U"":101228058318,""a"":[[""82116.48000000"",""3.31206000""],[""82122.21000000"",""0.35611000""],[""82122.50000000"",""0.00000000""],[""82125.70000000"",""0.00000000""],[""82125.98000000"",""0.00000000""],[""82126.27000000"",""0.00000000""],[""82127.21000000"",""0.00609000""],[""82128.72000000"",""0.00000000""],[""82128.91000000"",""0.00396000""],[""82145.78000000"",""0.00000000""],[""82147.32000000"",""0.00207000""]],""b"":[[""82116.47000000"",""5.29338000""],[""82116.46000000"",""0.00074000""],[""82111.20000000"",""0.00200000""],[""82110.76000000"",""0.00000000""],[""82109.23000000"",""0.00000000""],[""82107.25000000"",""0.00200000""],[""82106.92000000"",""0.00400000""],[""82105.94000000"",""0.00447000""],[""82105.47000000"",""0.77517000""],[""80884.73000000"",""0.00064000""],[""73904.00000000"",""0.00000000""],[""65693.18000000"",""0.00270000""]],""e"":""depthUpdate"",""s"":""BTCUSDT"",""u"":101228058348}"
1791514175,570630228,spot,depth5,0,0,128,BTCUSDT,"{""asks"":[[""82116.48000000"",""3.31206000""],[""82116.49000000"",""0.00883000""],[""82116.50000000"",""0.00013000""],[""82116.67000000"",""0.00758000""],[""82117.67000000"",""0.00008000""]],""bids"":[[""82116.47000000"",""5.29338000""],[""82116.46000000"",""0.00074000""],[""82116.45000000"",""0.00048000""],[""82116.36000000"",""0.00014000""],[""82116.35000000"",""0.03061000""]],""lastUpdateId"":101228058361}"
1791514175,572890328,spot,depth_diff,0,0,129,BTCUSDT,"{""E"":1791514175514,""U"":101228058349,""a"":[],""b"":[[""82116.47000000"",""5.29338000""],[""82116.46000000"",""0.00074000""],[""82111.20000000"",""0.00000000""],[""82110.46000000"",""0.00200000""],[""82107.25000000"",""0.00000000""],[""82106.92000000"",""0.00000000""],[""82106.22000000"",""0.00200000""],[""80884.73000000"",""0.00072000""],[""73904.83000000"",""0.00371000""]],""e"":""depthUpdate"",""s"":""BTCUSDT"",""u"":101228058361}"
1791514175,675537442,spot,depth5,0,0,130,BTCUSDT,"{""asks"":[[""82116.48000000"",""2.23560000""],[""82116.49000000"",""0.00883000""],[""82116.50000000"",""0.00013000""],[""82116.67000000"",""0.00758000""],[""82117.67000000"",""0.00008000""]],""bids"":[[""82116.47000000"",""5.29317000""],[""82116.46000000"",""0.00060000""],[""82116.45000000"",""0.00048000""],[""82116.36000000"",""0.00014000""],[""82116.35000000"",""0.03061000""]],""lastUpdateId"":101228058393}"
1791514175,676858642,spot,depth_diff,0,0,131,BTCUSDT,"{""E"":1791514175614,""U"":101228058362,""a"":[[""82116.48000000"",""2.23560000""],[""82117.97000000"",""0.00000000""],[""82117.98000000"",""0.01964000""],[""82122.20000000"",""0.38216000""],[""82123.25000000"",""0.00000000""],[""82125.45000000"",""0.00000000""],[""82126.18000000"",""0.00000000""],[""82126.92000000"",""0.00200000""],[""82130.72000000"",""0.00258000""]],""b"":[[""82116.47000000"",""5.29317000""],[""82116.46000000"",""0.00060000""],[""82112.31000000"",""0.00200000""],[""82110.46000000"",""0.00000000""],[""82083.98000000"",""0.00760000""],[""65693.18000000"",""0.00240000""]],""e"":""depthUpdate"",""s"":""BTCUSDT"",""u"":101228058393}"
1791514175,689177344,spot,trade,0,0,132,BTCUSDT,"{""E"":1791514175637,""M"":true,""T"":1791514175637,""e"":""trade"",""m"":true,""p"":""82116.47000000"",""q"":""0.00093000"",""s"":""BTCUSDT"",""t"":6750015747}"
1791514175,689864144,spot,trade,0,0,133,BTCUSDT,"{""E"":1791514175637,""M"":true,""T"":1791514175637,""e"":""trade"",""m"":true,""p"":""82116.47000000"",""q"":""0.04907000"",""s"":""BTCUSDT"",""t"":6750015748}"
1791514175,766457654,spot,depth5,0,0,134,BTCUSDT,"{""asks"":[[""82116.48000000"",""3.19056000""],[""82116.49000000"",""0.00883000""],[""82116.50000000"",""0.00013000""],[""82116.67000000"",""0.00758000""],[""82117.67000000"",""0.00008000""]],""bids"":[[""82116.47000000"",""5.24317000""],[""82116.46000000"",""0.00060000""],[""82116.45000000"",""0.00048000""],[""82116.36000000"",""0.00014000""],[""82116.35000000"",""0.03061000""]],""lastUpdateId"":101228058424}"
1791514175,767350654,spot,depth_diff,0,0,135,BTCUSDT,"{""E"":1791514175714,""U"":101228058394,""a"":[[""82116.48000000"",""3.19056000""],[""82116.49000000"",""0.00883000""],[""82117.97000000"",""0.00014000""],[""82118.16000000"",""0.00007000""],[""82118.31000000"",""0.00604000""],[""82122.20000000"",""0.38209000""],[""83348.23000000"",""0.00046000""]],""b"":[[""82116.47000000"",""5.24317000""],[""82112.31000000"",""0.00000000""],[""82111.54000000"",""0.00200000""],[""82088.51000000"",""0.00000000""],[""82083.98000000"",""0.00000000""],[""80884.73000000"",""0.00064000""],[""80884.72000000"",""0.00565000""],[""73904.83000000"",""0.00356000""],[""73904.82000000"",""0.00008000""],[""65693.00000000"",""0.01600000""]],""e"":""depthUpdate"",""s"":""BTCUSDT"",""u"":101228058424}"
1791514175,868435168,spot,depth5,0,0,136,BTCUSDT,"{""asks"":[[""82116.48000000"",""3.19083000""],[""82116.49000000"",""0.00883000""],[""82116.50000000"",""0.00013000""],[""82116.67000000"",""0.00758000""],[""82117.67000000"",""0.00008000""]],""bids"":[[""82116.47000000"",""5.24317000""],[""82116.46000000"",""0.00060000""],[""82116.45000000"",""0.00048000""],[""82116.36000000"",""0.00014000""],[""82116.35000000"",""0.03061000""]],""lastUpdateId"":101228058444}"
1791514175,869263568,spot,depth_diff,0,0,137,BTCUSDT,"{""E"":1791514175814,""U"":101228058425,""a"":[[""82116.48000000"",""3.19083000""],[""82122.21000000"",""0.35618000""],[""82122.47000000"",""0.00196000""],[""82122.49000000"",""0.13675000""],[""82130.68000000"",""0.00000000""],[""82132.00000000"",""0.00243000""]],""b"":[[""82115.59000000"",""0.00243000""],[""82114.26000000"",""0.00000000""],[""82111.49000000"",""0.00200000""],[""82106.92000000"",""0.00400000""],[""81852.01000000"",""0.00756000""],[""81850.87000000"",""0.00000000""],[""80884.73000000"",""0.00072000""],[""73904.83000000"",""0.00371000""],[""65693.18000000"",""0.00210000""],[""65693.00000000"",""0.01600000""]],""e"":""depthUpdate"",""s"":""BTCUSDT"",""u"":101228058444}"
1791514175,870225168,spot,trade,0,0,138,BTCUSDT,"{""E"":1791514175817,""M"":true,""T"":1791514175817,""e"":""trade"",""m"":false,""p"":""82116.48000000"",""q"":""0.00007000"",""s"":""BTCUSDT"",""t"":6750015749}"
1791514175,965938081,spot,depth5,0,0,139,BTCUSDT,"{""asks"":[[""82116.48000000"",""2.35810000""],[""82116.49000000"",""0.00883000""],[""82116.50000000"",""0.00013000""],[""82116.67000000"",""0.00758000""],[""82117.67000000"",""0.00008000""]],""bids"":[[""82116.47000000"",""5.24317000""],[""82116.46000000"",""0.00060000""],[""82116.45000000"",""0.00048000""],[""82116.36000000"",""0.00014000""],[""82116.35000000"",""0.03061000""]],""lastUpdateId"":101228058454}"
1791514175,966645081,spot,depth_diff,0,0,140,BTCUSDT,"{""E"":1791514175914,""U"":101228058445,""a"":[[""82116.48000000"",""2.35810000""],[""82129.20000000"",""0.00007000""],[""82149.33000000"",""0.00131000""]],""b"":[[""82096.34000000"",""0.00007000""],[""65693.00000000"",""0.01800000""]],""e"":""depthUpdate"",""s"":""BTCUSDT"",""u"":101228058454}"
1791514176,64321594,spot,depth5,0,0,141,BTCUSDT,"{""asks"":[[""82116.48000000"",""2.35810000""],[""82116.49000000"",""0.00883000""],[""82116.50000000"",""0.00013000""],[""82116.67000000"",""0.00758000""],[""82117.67000000"",""0.00008000""]],""bids"":[[""82116.47000000"",""5.24317000""],[""82116.46000000"",""0.00060000""],[""82116.45000000"",""0.00048000""],[""82116.36000000"",""0.00014000""],[""82116.35000000"",""0.03061000""]],""lastUpdateId"":101228058467}"
1791514176,65523494,spot,depth_diff,0,0,142,BTCUSDT,"{""E"":1791514176014,""U"":101228058455,""a"":[],""b"":[[""82111.99000000"",""0.00609000""],[""82111.49000000"",""0.00000000""],[""82110.77000000"",""0.00000000""],[""80884.73000000"",""0.00072000""],[""73904.83000000"",""0.00371000""],[""65693.18000000"",""0.00300000""],[""65693.00000000"",""0.01800000""]],""e"":""depthUpdate"",""s"":""BTCUSDT"",""u"":101228058467}"
1791514176,265912822,spot,depth5,0,0,143,BTCUSDT,"{""asks"":[[""82116.48000000"",""2.35810000""],[""82116.49000000"",""0.00883000""],[""82116.50000000"",""0.00013000""],[""82116.67000000"",""0.00758000""],[""82117.67000000"",""0.00008000""]],""bids"":[[""82116.47000000"",""5.24317000""],[""82116.46000000"",""0.00060000""],[""82116.45000000"",""0.00048000""],[""82116.36000000"",""0.00014000""],[""82116.35000000"",""0.03061000""]],""lastUpdateId"":101228058474}"
1791514176,267273422,spot,depth_diff,0,0,144,BTCUSDT,"{""E"":1791514176214,""U"":101228058468,""a"":[[""82128.91000000"",""0.00796000""]],""b"":[[""82112.19000000"",""0.00200000""],[""81871.13000000"",""0.00000000""],[""81871.12000000"",""0.00020000""],[""73904.83000000"",""0.00356000""],[""65693.18000000"",""0.00270000""]],""e"":""depthUpdate"",""s"":""BTCUSDT"",""u"":101228058474}"
1791514176,373107856,spot,depth5,0,0,145,BTCUSDT,"{""asks"":[[""82116.48000000"",""2.35810000""],[""82116.49000000"",""0.00883000""],[""82116.50000000"",""0.00013000""],[""82116.67000000"",""0.00758000""],[""82117.67000000"",""0.00008000""]],""bids"":[[""82116.47000000"",""5.24317000""],[""82116.46000000"",""0.00060000""],[""82116.45000000"",""0.00048000""],[""82116.36000000"",""0.00014000""],[""82116.35000000"",""0.03061000""]],""lastUpdateId"":101228058476}"
1791514176,387360861,spot,depth_diff,0,0,146,BTCUSDT,"{""E"":1791514176314,""U"":101228058475,""a"":[],""b"":[[""80884.73000000"",""0.00064000""],[""73904.83000000"",""0.00371000""]],""e"":""depthUpdate"",""s"":""BTCUSDT"",""u"":101228058476}"
1791514176,472817391,spot,depth5,0,0,147,BTCUSDT,"{""asks"":[[""82116.48000000"",""2.35810000""],[""82116.49000000"",""0.00883000""],[""82116.50000000"",""0.00013000""],[""82116.67000000"",""0.00758000""],[""82117.67000000"",""0.00008000""]],""bids"":[[""82116.47000000"",""5.24317000""],[""82116.46000000"",""0.00060000""],[""82116.45000000"",""0.00048000""],[""82116.36000000"",""0.00014000""],[""82116.35000000"",""0.03061000""]],""lastUpdateId"":101228058479}"
1791514176,485422095,spot,depth_diff,0,0,148,BTCUSDT,"{""E"":1791514176414,""U"":101228058477,""a"":[],""b"":[[""81871.12000000"",""0.00020000""],[""65693.18000000"",""0.00240000""]],""e"":""depthUpdate"",""s"":""BTCUSDT"",""u"":101228058479}"
1791514176,566727023,spot,depth5,0,0,149,BTCUSDT,"{""asks"":[[""82116.48000000"",""2.35810000""],[""82116.49000000"",""0.00883000""],[""82116.50000000"",""0.00013000""],[""82116.67000000"",""0.00758000""],[""82117.67000000"",""0.00008000""]],""bids"":[[""82116.47000000"",""5.24317000""],[""82116.46000000"",""0.00060000""],[""82116.45000000"",""0.00048000""],[""82116.36000000"",""0.00014000""],[""82116.35000000"",""0.03061000""]],""lastUpdateId"":101228058483}"
1791514176,642302450,spot,depth_diff,0,0,150,BTCUSDT,"{""E"":1791514176514,""U"":101228058480,""a"":[],""b"":[[""73904.83000000"",""0.00371000""],[""73904.00000000"",""0.00000000""]],""e"":""depthUpdate"",""s"":""BTCUSDT"",""u"":101228058483}"
1791514176,708652172,spot,depth5,0,0,151,BTCUSDT,"{""asks"":[[""82116.48000000"",""2.35810000""],[""82116.49000000"",""0.00883000""],[""82116.50000000"",""0.00013000""],[""82116.67000000"",""0.00758000""],[""82117.67000000"",""0.00008000""]],""bids"":[[""82116.47000000"",""5.24317000""],[""82116.46000000"",""0.00060000""],[""82116.45000000"",""0.00048000""],[""82116.36000000"",""0.00014000""],[""82116.35000000"",""0.03061000""]],""lastUpdateId"":101228058495}"
1791514176,754739388,spot,depth_diff,0,0,152,BTCUSDT,"{""E"":1791514176614,""U"":101228058484,""a"":[[""82126.95000000"",""0.00200000""]],""b"":[[""80884.73000000"",""0.00064000""],[""65693.18000000"",""0.00210000""],[""65693.00000000"",""0.01800000""]],""e"":""depthUpdate"",""s"":""BTCUSDT"",""u"":101228058495}"
1791514176,798835704,spot,depth5,0,0,153,BTCUSDT,"{""asks"":[[""82116.48000000"",""2.35810000""],[""82116.49000000"",""0.00883000""],[""82116.50000000"",""0.00013000""],[""82116.67000000"",""0.00758000""],[""82117.67000000"",""0.00008000""]],""bids"":[[""82116.47000000"",""5.24317000""],[""82116.46000000"",""0.00060000""],[""82116.45000000"",""0.00048000""],[""82116.36000000"",""0.00014000""],[""82116.35000000"",""0.03061000""]],""lastUpdateId"":101228058500}"
1791514176,824489113,spot,depth_diff,0,0,154,BTCUSDT,"{""E"":1791514176714,""U"":101228058496,""a"":[[""82313.77000000"",""0.00000000""]],""b"":[[""81932.84000000"",""0.00000000""],[""80884.72000000"",""0.00535000""],[""65693.00000000"",""0.01800000""]],""e"":""depthUpdate"",""s"":""BTCUSDT"",""u"":101228058500}"
1791514176,890242735,spot,depth5,0,0,155,BTCUSDT,"{""asks"":[[""82116.48000000"",""2.35810000""],[""82116.49000000"",""0.00883000""],[""82116.50000000"",""0.00013000""],[""82116.67000000"",""0.00758000""],[""82117.67000000"",""0.00008000""]],""bids"":[[""82116.47000000"",""5.24317000""],[""82116.46000000"",""0.00060000""],[""82116.45000000"",""0.00048000""],[""82116.36000000"",""0.00014000""],[""82116.35000000"",""0.03061000""]],""lastUpdateId"":101228058514}"
1791514176,916370344,spot,depth_diff,0,0,156,BTCUSDT,"{""E"":1791514176814,""U"":101228058501,""a"":[[""82116.48000000"",""2.35810000""],[""82116.49000000"",""0.00883000""],[""82118.00000000"",""0.01199000""],[""82118.31000000"",""0.00007000""],[""83348.23000000"",""0.00046000""]],""b"":[[""80884.73000000"",""0.00056000""],[""80884.72000000"",""0.00565000""],[""73904.83000000"",""0.00371000""],[""65693.18000000"",""0.00180000""]],""e"":""depthUpdate"",""s"":""BTCUSDT"",""u"":101228058514}"
1791514176,996886072,spot,depth5,0,0,157,BTCUSDT,"{""asks"":[[""82116.48000000"",""2.35803000""],[""82116.49000000"",""0.00883000""],[""82116.50000000"",""0.00013000""],[""82116.67000000"",""0.00758000""],[""82117.67000000"",""0.00008000""]],""bids"":[[""82116.47000000"",""5.10641000""],[""82116.46000000"",""0.00060000""],[""82116.45000000"",""0.00048000""],[""82116.36000000"",""0.00014000""],[""82116.35000000"",""0.03061000""]],""lastUpdateId"":101228058530}"
1791514177,9354677,spot,depth_diff,0,0,158,BTCUSDT,"{""E"":1791514176914,""U"":101228058515,""a"":[[""82116.48000000"",""2.35803000""],[""82122.21000000"",""0.35611000""],[""82122.49000000"",""0.00000000""],[""82129.20000000"",""0.00007000""],[""82132.46000000"",""0.10878000""]],""b"":[[""82116.47000000"",""5.10641000""],[""82112.19000000"",""0.00000000""],[""82102.90000000"",""0.10878000""],[""82096.34000000"",""0.00007000""],[""80884.73000000"",""0.00064000""],[""75547.16000000"",""0.00014000""]],""e"":""depthUpdate"",""s"":""BTCUSDT"",""u"":101228058530}"
1791514177,67012597,spot,depth5,0,0,159,BTCUSDT,"{""asks"":[[""82116.48000000"",""3.67764000""],[""82116.49000000"",""0.00883000""],[""82116.50000000"",""0.00013000""],[""82116.67000000"",""0.00758000""],[""82117.67000000"",""0.00008000""]],""bids"":[[""82116.47000000"",""5.10676000""],[""82116.46000000"",""0.00088000""],[""82116.45000000"",""0.00048000""],[""82116.36000000"",""0.00014000""],[""82116.35000000"",""0.03061000""]],""lastUpdateId"":101228058561}"
1791514177,87597104,spot,depth_diff,0,0,160,BTCUSDT,"{""E"":1791514177014,""U"":101228058531,""a"":[[""82116.48000000"",""3.67764000""],[""82126.95000000"",""0.00000000""],[""82314.23000000"",""0.96105000""],[""85010.45000000"",""0.00000000""]],""b"":[[""82116.47000000"",""5.10676000""],[""82116.46000000"",""0.00088000""],[""82111.99000000"",""0.00000000""],[""82111.54000000"",""0.00000000""],[""82110.59000000"",""0.00609000""],[""82110.52000000"",""0.00200000""],[""82106.92000000"",""0.00000000""],[""82105.82000000"",""0.00400000""],[""81934.57000000"",""5.55397000""],[""78767.41000000"",""0.00000000""],[""73904.83000000"",""0.00356000""],[""65693.18000000"",""0.00270000""]],""e"":""depthUpdate"",""s"":""BTCUSDT"",""u"":101228058561}"
1791514177,171444633,spot,depth5,0,0,161,BTCUSDT,"{""asks"":[[""82116.48000000"",""3.68373000""],[""82116.49000000"",""0.00883000""],[""82116.50000000"",""0.00013000""],[""82116.67000000"",""0.00758000""],[""82117.67000000"",""0.00008000""]],""bids"":[[""82116.47000000"",""5.10676000""],[""82116.46000000"",""0.00088000""],[""82116.45000000"",""0.00048000""],[""82116.36000000"",""0.00014000""],[""82116.35000000"",""0.03061000""]],""lastUpdateId"":101228058581}"
1791514177,172397934,spot,depth_diff,0,0,162,BTCUSDT,"{""E"":1791514177114,""U"":101228058562,""a"":[[""82116.48000000"",""3.68373000""]],""b"":[[""82116.47000000"",""5.10676000""],[""82116.46000000"",""0.00088000""],[""82111.13000000"",""0.00200000""],[""82105.82000000"",""0.00000000""],[""81852.01000000"",""0.00000000""],[""81850.87000000"",""0.00756000""],[""80884.73000000"",""0.00064000""],[""73904.83000000"",""0.00371000""]],""e"":""depthUpdate"",""s"":""BTCUSDT"",""u"":101228058581}"
1791514177,266241266,spot,depth5,0,0,163,BTCUSDT,"{""asks"":[[""82116.48000000"",""3.68373000""],[""82116.49000000"",""0.00883000""],[""82116.50000000"",""0.00013000""],[""82116.67000000"",""0.00758000""],[""82117.67000000"",""0.00008000""]],""bids"":[[""82116.47000000"",""5.10669000""],[""82116.46000000"",""0.00081000""],[""82116.45000000"",""0.00048000""],[""82116.36000000"",""0.00014000""],[""82116.35000000"",""0.03061000""]],""lastUpdateId"":101228058593}"
1791514177,276092270,spot,depth_diff,0,0,164,BTCUSDT,"{""E"":1791514177214,""U"":101228058582,""a"":[[""82116.48000000"",""3.68373000""],[""82122.47000000"",""0.00000000""],[""82128.91000000"",""0.00396000""],[""82130.74000000"",""0.00974000""]],""b"":[[""82116.47000000"",""5.10669000""],[""82116.46000000"",""0.00081000""],[""65693.18000000"",""0.00240000""]],""e"":""depthUpdate"",""s"":""BTCUSDT"",""u"":101228058593}"
1791514177,367179302,spot,depth5,0,0,165,BTCUSDT,"{""asks"":[[""82116.48000000"",""3.68373000""],[""82116.49000000"",""0.00883000""],[""82116.50000000"",""0.00013000""],[""82116.67000000"",""0.00758000""],[""82117.67000000"",""0.00008000""]],""bids"":[[""82116.47000000"",""5.10669000""],[""82116.46000000"",""0.00081000""],[""82116.45000000"",""0.00048000""],[""82116.36000000"",""0.00014000""],[""82116.35000000"",""0.03061000""]],""lastUpdateId"":101228058595}"
1791514177,369177902,spot,depth_diff,0,0,166,BTCUSDT,"{""E"":1791514177314,""U"":101228058594,""a"":[],""b"":[[""73904.83000000"",""0.00371000""]],""e"":""depthUpdate"",""s"":""BTCUSDT"",""u"":101228058595}"
1791514177,465463336,spot,depth5,0,0,167,BTCUSDT,"{""asks"":[[""82116.48000000"",""3.31191000""],[""82116.49000000"",""0.00883000""],[""82116.50000000"",""0.00013000""],[""82116.67000000"",""0.00758000""],[""82117.67000000"",""0.00008000""]],""bids"":[[""82116.47000000"",""5.10662000""],[""82116.46000000"",""0.00074000""],[""82116.45000000"",""0.00048000""],[""82116.36000000"",""0.00014000""],[""82116.35000000"",""0.03061000""]],""lastUpdateId"":101228058606}"
1791514177,466310436,spot,depth_diff,0,0,168,BTCUSDT,"{""E"":1791514177414,""U"":101228058596,""a"":[[""82116.48000000"",""3.31191000""],[""82149.33000000"",""0.00008000""]],""b"":[[""82116.47000000"",""5.10662000""],[""82116.46000000"",""0.00074000""],[""82106.92000000"",""0.00400000""],[""80884.73000000"",""0.00064000""],[""65693.18000000"",""0.00210000""]],""e"":""depthUpdate"",""s"":""BTCUSDT"",""u"":101228058606}"
1791514177,566035071,spot,depth5,0,0,169,BTCUSDT,"{""asks"":[[""82116.48000000"",""3.30582000""],[""82116.49000000"",""0.00883000""],[""82116.50000000"",""0.00013000""],[""82116.67000000"",""0.00758000""],[""82117.67000000"",""0.00008000""]],""bids"":[[""82116.47000000"",""5.10655000""],[""82116.46000000"",""0.00067000""],[""82116.45000000"",""0.00048000""],[""82116.36000000"",""0.00014000""],[""82116.35000000"",""0.03061000""]],""lastUpdateId"":101228058627}"
1791514177,566837672,spot,depth_diff,0,0,170,BTCUSDT,"{""E"":1791514177514,""U"":101228058607,""a"":[[""82116.48000000"",""3.30582000""],[""82126.33000000"",""0.00200000""]],""b"":[[""82116.47000000"",""5.10655000""],[""82116.46000000"",""0.00067000""],[""75547.16000000"",""0.00000000""],[""73904.83000000"",""0.00356000""],[""73904.00000000"",""0.00020000""],[""65693.18000000"",""0.00330000""],[""65693.00000000"",""0.01800000""]],""e"":""depthUpdate"",""s"":""BTCUSDT"",""u"":101228058627}"
1791514177,665629006,spot,depth5,0,0,171,BTCUSDT,"{""asks"":[[""82116.48000000"",""3.30582000""],[""82116.49000000"",""0.00883000""],[""82116.50000000"",""0.00013000""],[""82116.67000000"",""0.00758000""],[""82117.67000000"",""0.00008000""]],""bids"":[[""82116.47000000"",""5.10655000""],[""82116.46000000"",""0.00067000""],[""82116.45000000"",""0.00048000""],[""82116.36000000"",""0.00014000""],[""82116.35000000"",""0.03061000""]],""lastUpdateId"":101228058630}"
1791514177,666878406,spot,depth_diff,0,0,172,BTCUSDT,"{""E"":1791514177614,""U"":101228058628,""a"":[],""b"":[[""73904.83000000"",""0.00371000""],[""73904.00000000"",""0.00000000""],[""65693.18000000"",""0.00300000""]],""e"":""depthUpdate"",""s"":""BTCUSDT"",""u"":101228058630}"
1791514177,765236841,spot,depth5,0,0,173,BTCUSDT,"{""asks"":[[""82116.48000000"",""3.30582000""],[""82116.49000000"",""0.00883000""],[""82116.50000000"",""0.00013000""],[""82116.67000000"",""0.00758000""],[""82117.67000000"",""0.00008000""]],""bids"":[[""82116.47000000"",""5.10655000""],[""82116.46000000"",""0.00067000""],[""82116.45000000"",""0.00048000""],[""82116.36000000"",""0.00014000""],[""82116.35000000"",""0.03061000""]],""lastUpdateId"":101228058632}"
1791514177,766671941,spot,depth_diff,0,0,174,BTCUSDT,"{""E"":1791514177714,""U"":101228058631,""a"":[],""b"":[[""80884.73000000"",""0.00064000""]],""e"":""depthUpdate"",""s"":""BTCUSDT"",""u"":101228058632}"
1791514177,860849074,spot,trade,0,0,175,BTCUSDT,"{""E"":1791514177809,""M"":true,""T"":1791514177809,""e"":""trade"",""m"":true,""p"":""82116.47000000"",""q"":""0.00210000"",""s"":""BTCUSDT"",""t"":6750015750}"
1791514177,865285076,spot,depth5,0,0,176,BTCUSDT,"{""asks"":[[""82116.48000000"",""3.89037000""],[""82116.49000000"",""0.00890000""],[""82116.50000000"",""0.00013000""],[""82116.67000000"",""0.00758000""],[""82117.67000000"",""0.00008000""]],""bids"":[[""82116.47000000"",""5.10445000""],[""82116.46000000"",""0.00067000""],[""82116.45000000"",""0.00048000""],[""82116.36000000"",""0.00014000""],[""82116.35000000"",""0.03061000""]],""lastUpdateId"":101228058650}"
1791514177,866117976,spot,depth_diff,0,0,177,BTCUSDT,"{""E"":1791514177814,""U"":101228058633,""a"":[[""82116.48000000"",""3.89037000""],[""82116.49000000"",""0.00890000""],[""82120.01000000"",""0.00250000""],[""82128.91000000"",""0.00796000""],[""83348.23000000"",""0.00046000""]],""b"":[[""82116.47000000"",""5.10445000""],[""82106.92000000"",""0.00000000""],[""80884.72000000"",""0.00565000""],[""73904.83000000"",""0.00371000""],[""73904.82000000"",""0.00000000""],[""73904.81000000"",""0.00008000""],[""65693.18000000"",""0.00270000""]],""e"":""depthUpdate"",""s"":""BTCUSDT"",""u"":101228058650}"
1791514177,965941311,spot,depth5,0,0,178,BTCUSDT,"{""asks"":[[""82116.48000000"",""3.89037000""],[""82116.49000000"",""0.00890000""],[""82116.50000000"",""0.00013000""],[""82116.67000000"",""0.00758000""],[""82117.67000000"",""0.00008000""]],""bids"":[[""82116.47000000"",""5.10445000""],[""82116.46000000"",""0.00067000""],[""82116.45000000"",""0.00048000""],[""82116.36000000"",""0.00014000""],[""82116.35000000"",""0.03061000""]],""lastUpdateId"":101228058655}"
1791514177,967194611,spot,depth_diff,0,0,179,BTCUSDT,"{""E"":1791514177914,""U"":101228058651,""a"":[[""82129.20000000"",""0.00007000""],[""82149.33000000"",""0.00130000""]],""b"":[[""82096.34000000"",""0.00007000""],[""80884.73000000"",""0.00056000""]],""e"":""depthUpdate"",""s"":""BTCUSDT"",""u"":101228058655}"
1791514178,72602749,spot,depth5,0,0,180,BTCUSDT,"{""asks"":[[""82116.48000000"",""3.89050000""],[""82116.49000000"",""0.00890000""],[""82116.50000000"",""0.00013000""],[""82116.67000000"",""0.00758000""],[""82117.67000000"",""0.00008000""]],""bids"":[[""82116.47000000"",""5.10473000""],[""82116.46000000"",""0.00095000""],[""82116.45000000"",""0.00048000""],[""82116.36000000"",""0.00014000""],[""82116.35000000"",""0.03061000""]],""lastUpdateId"":101228058667}"
1791514178,88953154,spot,depth_diff,0,0,181,BTCUSDT,"{""E"":1791514178014,""U"":101228058656,""a"":[[""82116.48000000"",""3.89050000""]],""b"":[[""82116.47000000"",""5.10473000""],[""82116.46000000"",""0.00095000""],[""80884.73000000"",""0.00064000""],[""78767.41000000"",""0.00010000""],[""65693.00000000"",""0.01600000""]],""e"":""depthUpdate"",""s"":""BTCUSDT"",""u"":101228058667}"
1791514178,129586869,spot,trade,0,0,182,BTCUSDT,"{""E"":1791514178023,""M"":true,""T"":1791514178023,""e"":""trade"",""m"":true,""p"":""82116.47000000"",""q"":""0.10000000"",""s"":""BTCUSDT"",""t"":6750015751}"
1791514178,171755084,spot,depth5,0,0,183,BTCUSDT,"{""asks"":[[""82116.48000000"",""3.89050000""],[""82116.49000000"",""0.00890000""],[""82116.50000000"",""0.00013000""],[""82116.67000000"",""0.00758000""],[""82117.67000000"",""0.00008000""]],""bids"":[[""82116.47000000"",""5.00473000""],[""82116.46000000"",""0.00048000""],[""82116.45000000"",""0.00048000""],[""82116.36000000"",""0.00014000""],[""82116.35000000"",""0.03061000""]],""lastUpdateId"":101228058688}"
1791514178,208406796,spot,depth_diff,0,0,184,BTCUSDT,"{""E"":1791514178114,""U"":101228058668,""a"":[],""b"":[[""82116.47000000"",""5.00473000""],[""82116.46000000"",""0.00048000""],[""73904.83000000"",""0.00371000""],[""65693.18000000"",""0.00240000""]],""e"":""depthUpdate"",""s"":""BTCUSDT"",""u"":101228058688}"
1791514178,266951517,spot,depth5,0,0,185,BTCUSDT,"{""asks"":[[""82116.48000000"",""4.25659000""],[""82116.49000000"",""0.00890000""],[""82116.50000000"",""0.00013000""],[""82116.67000000"",""0.00758000""],[""82117.67000000"",""0.00008000""]],""bids"":[[""82116.47000000"",""5.00473000""],[""82116.46000000"",""0.00048000""],[""82116.45000000"",""0.00048000""],[""82116.36000000"",""0.00014000""],[""82116.35000000"",""0.03061000""]],""lastUpdateId"":101228058701}"
1791514178,287899725,spot,depth_diff,0,0,186,BTCUSDT,"{""E"":1791514178214,""U"":101228058689,""a"":[[""82116.48000000"",""4.25659000""],[""82126.33000000"",""0.00000000""]],""b"":[[""82111.13000000"",""0.00000000""],[""82110.73000000"",""0.00200000""],[""82106.22000000"",""0.00600000""],[""80884.73000000"",""0.00056000""],[""65693.18000000"",""0.00210000""],[""65693.00000000"",""0.01600000""]],""e"":""depthUpdate"",""s"":""BTCUSDT"",""u"":101228058701}"
1791514178,378347856,spot,depth5,0,0,187,BTCUSDT,"{""asks"":[[""82116.48000000"",""4.25659000""],[""82116.49000000"",""0.00890000""],[""82116.50000000"",""0.00013000""],[""82116.67000000"",""0.00758000""],[""82117.67000000"",""0.00008000""]],""bids"":[[""82116.47000000"",""5.00473000""],[""82116.46000000"",""0.00048000""],[""82116.45000000"",""0.00048000""],[""82116.36000000"",""0.00014000""],[""82116.35000000"",""0.03061000""]],""lastUpdateId"":101228058709}"
1791514178,392425661,spot,depth_diff,0,0,188,BTCUSDT,"{""E"":1791514178314,""U"":101228058702,""a"":[[""82128.91000000"",""0.00396000""],[""85010.45000000"",""0.00010000""]],""b"":[[""80884.73000000"",""0.00064000""],[""73904.83000000"",""0.00371000""]],""e"":""depthUpdate"",""s"":""BTCUSDT"",""u"":101228058709}"
1791514178,465642887,spot,depth5,0,0,189,BTCUSDT,"{""asks"":[[""82116.48000000"",""4.25659000""],[""82116.49000000"",""0.00890000""],[""82116.50000000"",""0.00013000""],[""82116.67000000"",""0.00758000""],[""82117.67000000"",""0.00008000""]],""bids"":[[""82116.47000000"",""5.00562000""],[""82116.46000000"",""0.00048000""],[""82116.45000000"",""0.00048000""],[""82116.36000000"",""0.00014000""],[""82116.35000000"",""0.03061000""]],""lastUpdateId"":101228058713}"
1791514178,466310187,spot,depth_diff,0,0,190,BTCUSDT,"{""E"":1791514178414,""U"":101228058710,""a"":[],""b"":[[""82116.47000000"",""5.00562000""],[""82100.48000000"",""0.00000000""],[""65693.18000000"",""0.00180000""]],""e"":""depthUpdate"",""s"":""BTCUSDT"",""u"":101228058713}"
1791514178,906007743,spot,depth5,0,0,191,BTCUSDT,"{""asks"":[[""82116.48000000"",""4.25659000""],[""82116.49000000"",""0.00890000""],[""82116.50000000"",""0.00013000""],[""82116.67000000"",""0.00758000""],[""82117.67000000"",""0.00008000""]],""bids"":[[""82116.47000000"",""5.00562000""],[""82116.46000000"",""0.00048000""],[""82116.45000000"",""0.00048000""],[""82116.36000000"",""0.00014000""],[""82116.35000000"",""0.03061000""]],""lastUpdateId"":101228058724}"
1791514178,907797343,spot,depth_diff,0,0,192,BTCUSDT,"{""E"":1791514178514,""U"":101228058714,""a"":[[""82329.11000000"",""0.00020000""]],""b"":[[""82100.40000000"",""0.00000000""],[""80884.73000000"",""0.00064000""],[""65693.18000000"",""0.00300000""],[""65693.00000000"",""0.01600000""]],""e"":""depthUpdate"",""s"":""BTCUSDT"",""u"":101228058724}"
1791514178,909342444,spot,depth5,0,0,193,BTCUSDT,"{""asks"":[[""82116.48000000"",""4.25659000""],[""82116.49000000"",""0.00890000""],[""82116.50000000"",""0.00013000""],[""82116.67000000"",""0.00758000""],[""82117.67000000"",""0.00008000""]],""bids"":[[""82116.47000000"",""5.00562000""],[""82116.46000000"",""0.00048000""],[""82116.45000000"",""0.00048000""],[""82116.36000000"",""0.00014000""],[""82116.35000000"",""0.03061000""]],""lastUpdateId"":101228058738}"
1791514178,911658645,spot,depth_diff,0,0,194,BTCUSDT,"{""E"":1791514178615,""U"":101228058725,""a"":[[""82124.99000000"",""0.00958000""],[""82125.58000000"",""0.00609000""],[""82125.59000000"",""0.00200000""],[""82127.21000000"",""0.00000000""],[""82143.02000000"",""0.79130000""],[""82157.24000000"",""0.00000000""]],""b"":[[""82116.47000000"",""5.00562000""],[""82116.46000000"",""0.00048000""],[""82108.82000000"",""0.00060000""],[""73904.83000000"",""0.00371000""],[""73904.00000000"",""0.00020000""],[""65693.18000000"",""0.00270000""]],""e"":""depthUpdate"",""s"":""BTCUSDT"",""u"":101228058738}"
1791514178,913200045,spot,depth5,0,0,195,BTCUSDT,"{""asks"":[[""82116.48000000"",""4.25659000""],[""82116.49000000"",""0.00890000""],[""82116.50000000"",""0.00013000""],[""82116.67000000"",""0.00758000""],[""82117.67000000"",""0.00008000""]],""bids"":[[""82116.47000000"",""5.00562000""],[""82116.46000000"",""0.00048000""],[""82116.45000000"",""0.00048000""],[""82116.36000000"",""0.00014000""],[""82116.35000000"",""0.03061000""]],""lastUpdateId"":101228058741}"
1791514178,915094046,spot,depth_diff,0,0,196,BTCUSDT,"{""E"":1791514178714,""U"":101228058739,""a"":[[""82128.91000000"",""0.00796000""]],""b"":[[""73904.00000000"",""0.00000000""]],""e"":""depthUpdate"",""s"":""BTCUSDT"",""u"":101228058741}"
1791514178,916687246,spot,depth5,0,0,197,BTCUSDT,"{""asks"":[[""82116.48000000"",""4.25673000""],[""82116.49000000"",""0.00930000""],[""82116.50000000"",""0.00013000""],[""82116.67000000"",""0.00758000""],[""82117.67000000"",""0.00008000""]],""bids"":[[""82116.47000000"",""5.11244000""],[""82116.46000000"",""0.00048000""],[""82116.45000000"",""0.00048000""],[""82116.36000000"",""0.00014000""],[""82116.35000000"",""0.03061000""]],""lastUpdateId"":101228058760}"
1791514178,917613847,spot,depth_diff,0,0,198,BTCUSDT,"{""E"":1791514178814,""U"":101228058742,""a"":[[""82116.48000000"",""4.25673000""],[""82116.49000000"",""0.00930000""],[""82122.21000000"",""0.35618000""],[""82122.38000000"",""0.00196000""],[""82122.40000000"",""0.10682000""],[""83348.23000000"",""0.00046000""]],""b"":[[""82116.47000000"",""5.11244000""],[""82078.94000000"",""0.01788000""],[""80884.73000000"",""0.00072000""],[""80884.72000000"",""0.00565000""],[""73904.83000000"",""0.00356000""],[""65693.18000000"",""0.00240000""]],""e"":""depthUpdate"",""s"":""BTCUSDT"",""u"":101228058760}"
1791514178,999964976,spot,depth5,0,0,199,BTCUSDT,"{""asks"":[[""82116.48000000"",""4.25673000""],[""82116.49000000"",""0.00930000""],[""82116.50000000"",""0.00013000""],[""82116.67000000"",""0.00758000""],[""82117.67000000"",""0.00008000""]],""bids"":[[""82116.47000000"",""5.11244000""],[""82116.46000000"",""0.00048000""],[""82116.45000000"",""0.00048000""],[""82116.36000000"",""0.00014000""],[""82116.35000000"",""0.03061000""]],""lastUpdateId"":101228058761}"
1791514179,1337176,spot,depth_diff,0,0,200,BTCUSDT,"{""E"":1791514178914,""U"":101228058761,""a"":[[""82129.20000000"",""0.00000000""]],""b"":[[""82096.34000000"",""0.00000000""]],""e"":""depthUpdate"",""s"":""BTCUSDT"",""u"":101228058761}"
1791514179,67456600,spot,depth5,0,0,201,BTCUSDT,"{""asks"":[[""82116.48000000"",""4.25673000""],[""82116.49000000"",""0.00930000""],[""82116.50000000"",""0.00013000""],[""82116.67000000"",""0.00758000""],[""82117.67000000"",""0.00008000""]],""bids"":[[""82116.47000000"",""5.11244000""],[""82116.46000000"",""0.00048000""],[""82116.45000000"",""0.00048000""],[""82116.36000000"",""0.00014000""],[""82116.35000000"",""0.03061000""]],""lastUpdateId"":101228058768}"
1791514179,68768800,spot,depth_diff,0,0,202,BTCUSDT,"{""E"":1791514179014,""U"":101228058762,""a"":[[""82129.20000000"",""0.00007000""]],""b"":[[""82096.34000000"",""0.00007000""],[""65693.18000000"",""0.00330000""]],""e"":""depthUpdate"",""s"":""BTCUSDT"",""u"":101228058768}"
1791514179,166431535,spot,depth5,0,0,203,BTCUSDT,"{""asks"":[[""82116.48000000"",""4.25673000""],[""82116.49000000"",""0.00930000""],[""82116.50000000"",""0.00013000""],[""82116.67000000"",""0.00758000""],[""82117.67000000"",""0.00008000""]],""bids"":[[""82116.47000000"",""5.11366000""],[""82116.46000000"",""0.00048000""],[""82116.45000000"",""0.00048000""],[""82116.36000000"",""0.00014000""],[""82116.35000000"",""0.03061000""]],""lastUpdateId"":101228058777}"
1791514179,167183035,spot,depth_diff,0,0,204,BTCUSDT,"{""E"":1791514179114,""U"":101228058769,""a"":[],""b"":[[""82116.47000000"",""5.11366000""],[""82116.46000000"",""0.00048000""],[""80884.73000000"",""0.00072000""],[""73904.83000000"",""0.00356000""]],""e"":""depthUpdate"",""s"":""BTCUSDT"",""u"":101228058777}"
1791514179,269179872,spot,depth5,0,0,205,BTCUSDT,"{""asks"":[[""82116.48000000"",""4.25673000""],[""82116.49000000"",""0.00930000""],[""82116.50000000"",""0.00013000""],[""82116.67000000"",""0.00758000""],[""82117.67000000"",""0.00008000""]],""bids"":[[""82116.47000000"",""5.11366000""],[""82116.46000000"",""0.00048000""],[""82116.45000000"",""0.00048000""],[""82116.36000000"",""0.00014000""],[""82116.35000000"",""0.03061000""]],""lastUpdateId"":101228058781}"
1791514179,270338672,spot,depth_diff,0,0,206,BTCUSDT,"{""E"":1791514179215,""U"":101228058778,""a"":[[""82125.59000000"",""0.00000000""],[""82125.97000000"",""0.00200000""]],""b"":[[""80400.00000000"",""3.10847000""],[""65693.18000000"",""0.00300000""]],""e"":""depthUpdate"",""s"":""BTCUSDT"",""u"":101228058781}"
1791514179,366213706,spot,depth5,0,0,207,BTCUSDT,"{""asks"":[[""82116.48000000"",""4.25673000""],[""82116.49000000"",""0.00930000""],[""82116.50000000"",""0.00013000""],[""82116.67000000"",""0.00758000""],[""82117.67000000"",""0.00008000""]],""bids"":[[""82116.47000000"",""5.11373000""],[""82116.46000000"",""0.00055000""],[""82116.45000000"",""0.00048000""],[""82116.36000000"",""0.00014000""],[""82116.35000000"",""0.03061000""]],""lastUpdateId"":101228058784}"
1791514179,367324207,spot,depth_diff,0,0,208,BTCUSDT,"{""E"":1791514179314,""U"":101228058782,""a"":[],""b"":[[""82116.47000000"",""5.11373000""],[""82116.46000000"",""0.00055000""],[""80884.73000000"",""0.00064000""]],""e"":""depthUpdate"",""s"":""BTCUSDT"",""u"":101228058784}"
1791514179,466538442,spot,depth5,0,0,209,BTCUSDT,"{""asks"":[[""82116.48000000"",""4.25673000""],[""82116.49000000"",""0.00930000""],[""82116.50000000"",""0.00013000""],[""82116.67000000"",""0.00758000""],[""82117.67000000"",""0.00008000""]],""bids"":[[""82116.47000000"",""5.11366000""],[""82116.46000000"",""0.00055000""],[""82116.45000000"",""0.00048000""],[""82116.36000000"",""0.00014000""],[""82116.35000000"",""0.03061000""]],""lastUpdateId"":101228058795}"
1791514179,470031543,spot,depth_diff,0,0,210,BTCUSDT,"{""E"":1791514179414,""U"":101228058785,""a"":[],""b"":[[""82116.47000000"",""5.11366000""],[""82116.46000000"",""0.00055000""],[""82110.97000000"",""0.00060000""],[""82109.73000000"",""0.03000000""],[""80884.73000000"",""0.00072000""],[""73904.83000000"",""0.00356000""],[""65693.18000000"",""0.00270000""]],""e"":""depthUpdate"",""s"":""BTCUSDT"",""u"":101228058795}"
1791514179,565382777,spot,depth5,0,0,211,BTCUSDT,"{""asks"":[[""82116.48000000"",""4.25673000""],[""82116.49000000"",""0.00930000""],[""82116.50000000"",""0.00013000""],[""82116.67000000"",""0.00758000""],[""82117.67000000"",""0.00008000""]],""bids"":[[""82116.47000000"",""5.11366000""],[""82116.46000000"",""0.00055000""],[""82116.45000000"",""0.00048000""],[""82116.36000000"",""0.00014000""],[""82116.35000000"",""0.03061000""]],""lastUpdateId"":101228058800}"
1791514179,566255077,spot,depth_diff,0,0,212,BTCUSDT,"{""E"":1791514179514,""U"":101228058796,""a"":[[""82321.76000000"",""0.00019000""]],""b"":[[""82116.47000000"",""5.11366000""],[""82116.46000000"",""0.00055000""]],""e"":""depthUpdate"",""s"":""BTCUSDT"",""u"":101228058800}"
1791514179,666586213,spot,depth5,0,0,213,BTCUSDT,"{""asks"":[[""82116.48000000"",""1.67617000""],[""82116.49000000"",""0.00930000""],[""82116.50000000"",""0.00013000""],[""82116.67000000"",""0.00758000""],[""82117.67000000"",""0.00008000""]],""bids"":[[""82116.47000000"",""6.23797000""],[""82116.46000000"",""0.00013000""],[""82116.45000000"",""0.00048000""],[""82116.36000000"",""0.00014000""],[""82116.35000000"",""0.03061000""]],""lastUpdateId"":101228058906}"
1791514179,667547914,spot,depth_diff,0,0,214,BTCUSDT,"{""E"":1791514179614,""U"":101228058801,""a"":[[""82116.48000000"",""1.67617000""],[""82117.98000000"",""0.00007000""],[""82122.20000000"",""0.00000000""],[""82123.69000000"",""0.00000000""],[""82124.53000000"",""0.00007000""],[""82124.99000000"",""0.00000000""],[""82125.00000000"",""0.00014000""],[""82125.58000000"",""0.00000000""],[""82126.31000000"",""0.00000000""],[""82126.92000000"",""0.00000000""],[""82128.00000000"",""0.00212000""],[""82128.38000000"",""0.00609000""],[""82128.39000000"",""0.00197000""],[""82128.92000000"",""0.00200000""],[""82128.97000000"",""0.00000000""],[""82130.11000000"",""0.00609000""],[""82130.74000000"",""0.00960000""],[""82134.54000000"",""0.00000000""],[""82135.24000000"",""0.00000000""],[""82143.02000000"",""0.00000000""],[""82151.04000000"",""0.79122000""],[""82169.26000000"",""0.00304000""],[""82253.36000000"",""0.00121000""],[""82346.06000000"",""0.03061000""]],""b"":[[""82116.47000000"",""6.23797000""],[""82116.46000000"",""0.00013000""],[""82113.31000000"",""0.00609000""],[""82113.30000000"",""0.00000000""],[""82113.21000000"",""0.00200000""],[""82113.02000000"",""0.00000000""],[""82110.73000000"",""0.00000000""],[""82110.59000000"",""0.00000000""],[""82110.52000000"",""0.00000000""],[""82109.42000000"",""0.00800000""],[""82108.26000000"",""0.00208000""],[""82106.39000000"",""1.68919000""],[""82106.22000000"",""0.00000000""],[""82105.94000000"",""0.00047000""],[""82092.31000000"",""0.00200000""],[""82091.14000000"",""0.00752000""],[""82089.57000000"",""0.00000000""],[""82017.61000000"",""0.01948000""],[""82009.71000000"",""0.00000000""],[""82000.11000000"",""0.00000000""],[""80884.73000000"",""0.00072000""],[""73904.83000000"",""0.00356000""],[""65693.18000000"",""0.00240000""],[""65693.00000000"",""0.01600000""]],""e"":""depthUpdate"",""s"":""BTCUSDT"",""u"":101228058906}"
1791514179,765674448,spot,depth5,0,0,215,BTCUSDT,"{""asks"":[[""82116.48000000"",""1.67610000""],[""82116.49000000"",""0.00916000""],[""82116.50000000"",""0.00013000""],[""82116.67000000"",""0.00758000""],[""82117.67000000"",""0.00008000""]],""bids"":[[""82116.47000000"",""6.25491000""],[""82116.46000000"",""0.00013000""],[""82116.45000000"",""0.00048000""],[""82116.36000000"",""0.00014000""],[""82116.35000000"",""0.03061000""]],""lastUpdateId"":101228058969}"
1791514179,766552649,spot,depth_diff,0,0,216,BTCUSDT,"{""E"":1791514179714,""U"":101228058907,""a"":[[""82116.48000000"",""1.67610000""],[""82116.49000000"",""0.00916000""],[""82117.97000000"",""0.00000000""],[""82117.98000000"",""0.00000000""],[""82118.00000000"",""0.00660000""],[""82118.31000000"",""0.00618000""],[""82121.34000000"",""0.00000000""],[""82121.35000000"",""0.00000000""],[""82122.19000000"",""0.00014000""],[""82122.20000000"",""0.36421000""],[""82122.39000000"",""0.00014000""],[""82123.80000000"",""0.00007000""],[""82125.97000000"",""0.00000000""],[""82128.00000000"",""0.00012000""],[""82128.96000000"",""0.00000000""],[""82129.12000000"",""0.00210000""],[""82129.96000000"",""0.00609000""],[""82130.11000000"",""0.00000000""],[""82131.61000000"",""0.00609000""],[""82132.00000000"",""0.00000000""],[""82132.24000000"",""0.00243000""],[""82147.32000000"",""0.00007000""]],""b"":[[""82116.47000000"",""6.25491000""],[""82116.06000000"",""0.00000000""],[""82115.77000000"",""0.00609000""],[""82115.59000000"",""0.00000000""],[""82113.06000000"",""0.00000000""],[""82112.68000000"",""0.00000000""],[""82109.73000000"",""0.03007000""],[""82109.43000000"",""0.00047000""],[""82109.41000000"",""0.85634000""],[""82105.94000000"",""0.00000000""],[""82091.14000000"",""0.00000000""],[""82085.94000000"",""0.00783000""],[""82021.99000000"",""0.00000000""],[""82000.12000000"",""0.44685000""],[""65693.00000000"",""0.01600000""]],""e"":""depthUpdate"",""s"":""BTCUSDT"",""u"":101228058969}"
1791514179,865643084,spot,depth5,0,0,217,BTCUSDT,"{""asks"":[[""82116.48000000"",""1.67603000""],[""82116.49000000"",""0.00916000""],[""82116.50000000"",""0.00013000""],[""82116.67000000"",""0.00758000""],[""82117.67000000"",""0.00008000""]],""bids"":[[""82116.47000000"",""6.25491000""],[""82116.46000000"",""0.00013000""],[""82116.45000000"",""0.00048000""],[""82116.36000000"",""0.00014000""],[""82116.35000000"",""0.03061000""]],""lastUpdateId"":101228058992}"
1791514179,866731284,spot,depth_diff,0,0,218,BTCUSDT,"{""E"":1791514179814,""U"":101228058970,""a"":[[""82116.48000000"",""1.67603000""],[""82122.21000000"",""0.35611000""],[""82122.38000000"",""0.00000000""],[""82122.39000000"",""0.00000000""],[""82122.40000000"",""0.00000000""],[""82123.80000000"",""0.00014000""],[""82132.24000000"",""0.00000000""],[""82133.59000000"",""0.00243000""],[""82144.44000000"",""0.33015000""],[""82158.36000000"",""0.00007000""],[""83348.23000000"",""0.00046000""]],""b"":[[""82102.90000000"",""0.00000000""],[""82085.94000000"",""0.00007000""],[""80884.72000000"",""0.00565000""],[""65693.18000000"",""0.00210000""]],""e"":""depthUpdate"",""s"":""BTCUSDT"",""u"":101228058992}"
1791514179,873010487,spot,trade,0,0,219,BTCUSDT,"{""E"":1791514179822,""M"":true,""T"":1791514179822,""e"":""trade"",""m"":true,""p"":""82116.47000000"",""q"":""0.00007000"",""s"":""BTCUSDT"",""t"":6750015752}"
1791514179,965185320,spot,depth5,0,0,220,BTCUSDT,"{""asks"":[[""82116.48000000"",""1.09142000""],[""82116.49000000"",""0.00909000""],[""82116.50000000"",""0.00013000""],[""82116.67000000"",""0.00758000""],[""82117.67000000"",""0.00008000""]],""bids"":[[""82116.47000000"",""6.25963000""],[""82116.46000000"",""0.00013000""],[""82116.45000000"",""0.00048000""],[""82116.36000000"",""0.00014000""],[""82116.35000000"",""0.03061000""]],""lastUpdateId"":101228059028}"
1791514179,965907620,spot,depth_diff,0,0,221,BTCUSDT,"{""E"":1791514179914,""U"":101228058993,""a"":[[""82116.48000000"",""1.09142000""],[""82116.49000000"",""0.00909000""],[""82119.00000000"",""0.00000000""],[""82120.00000000"",""0.00012000""],[""82122.20000000"",""0.36407000""],[""82122.21000000"",""0.00000000""],[""82123.80000000"",""0.00021000""],[""82124.69000000"",""0.00015000""],[""82124.70000000"",""0.36007000""],[""82125.62000000"",""0.35610000""],[""82128.93000000"",""0.38405000""],[""82133.58000000"",""0.00243000""],[""82133.59000000"",""0.00000000""]],""b"":[[""82116.47000000"",""6.25963000""],[""82113.63000000"",""0.00000000""],[""82083.78000000"",""0.00808000""],[""82079.31000000"",""0.00824000""],[""82050.31000000"",""2.10406000""],[""82046.35000000"",""0.13762000""],[""82044.91000000"",""0.00000000""],[""82021.99000000"",""0.00000000""],[""80884.73000000"",""0.00072000""],[""73904.83000000"",""0.00356000""],[""73904.81000000"",""0.00000000""],[""73904.00000000"",""0.00020000""],[""65693.00000000"",""0.01600000""]],""e"":""depthUpdate"",""s"":""BTCUSDT"",""u"":101228059028}"
1791514180,66723956,spot,depth5,0,0,222,BTCUSDT,"{""asks"":[[""82116.48000000"",""1.09142000""],[""82116.49000000"",""0.00909000""],[""82116.50000000"",""0.00013000""],[""82116.67000000"",""0.00758000""],[""82117.67000000"",""0.00008000""]],""bids"":[[""82116.47000000"",""6.25963000""],[""82116.46000000"",""0.00013000""],[""82116.45000000"",""0.00048000""],[""82116.36000000"",""0.00014000""],[""82116.35000000"",""0.03061000""]],""lastUpdateId"":101228059041}"
1791514180,68047356,spot,depth_diff,0,0,223,BTCUSDT,"{""E"":1791514180014,""U"":101228059029,""a"":[[""82129.20000000"",""0.00007000""],[""82133.58000000"",""0.00000000""],[""82133.59000000"",""0.00243000""],[""82149.19000000"",""0.00200000""]],""b"":[[""82096.34000000"",""0.00007000""],[""81856.30000000"",""0.00756000""],[""81850.87000000"",""0.00000000""],[""73904.00000000"",""0.00000000""],[""65693.18000000"",""0.00300000""]],""e"":""depthUpdate"",""s"":""BTCUSDT"",""u"":101228059041}"
1791514180,167071892,spot,depth5,0,0,224,BTCUSDT,"{""asks"":[[""82116.48000000"",""1.09142000""],[""82116.49000000"",""0.00909000""],[""82116.50000000"",""0.00013000""],[""82116.67000000"",""0.00758000""],[""82117.67000000"",""0.00008000""]],""bids"":[[""82116.47000000"",""6.25963000""],[""82116.46000000"",""0.00013000""],[""82116.45000000"",""0.00048000""],[""82116.36000000"",""0.00014000""],[""82116.35000000"",""0.03061000""]],""lastUpdateId"":101228059047}"
1791514180,168336192,spot,depth_diff,0,0,225,BTCUSDT,"{""E"":1791514180114,""U"":101228059042,""a"":[[""82128.60000000"",""0.09614000""],[""82128.79000000"",""0.09614000""],[""82329.11000000"",""0.00000000""]],""b"":[[""82114.17000000"",""0.00200000""],[""82104.63000000"",""0.00000000""],[""73904.83000000"",""0.00341000""]],""e"":""depthUpdate"",""s"":""BTCUSDT"",""u"":101228059047}"
1791514180,267059028,spot,depth5,0,0,226,BTCUSDT,"{""asks"":[[""82116.48000000"",""1.09142000""],[""82116.49000000"",""0.00909000""],[""82116.50000000"",""0.00013000""],[""82116.67000000"",""0.00758000""],[""82117.67000000"",""0.00008000""]],""bids"":[[""82116.47000000"",""6.25963000""],[""82116.46000000"",""0.00013000""],[""82116.45000000"",""0.00048000""],[""82116.36000000"",""0.00014000""],[""82116.35000000"",""0.03061000""]],""lastUpdateId"":101228059056}"
1791514180,268703028,spot,depth_diff,0,0,227,BTCUSDT,"{""E"":1791514180214,""U"":101228059048,""a"":[[""82116.48000000"",""1.09142000""]],""b"":[[""82083.78000000"",""0.00000000""],[""80884.73000000"",""0.00072000""],[""73904.83000000"",""0.00356000""],[""65693.18000000"",""0.00270000""]],""e"":""depthUpdate"",""s"":""BTCUSDT"",""u"":101228059056}"
1791514180,311682744,spot,trade,0,0,228,BTCUSDT,"{""E"":1791514180260,""M"":true,""T"":1791514180260,""e"":""trade"",""m"":false,""p"":""82116.48000000"",""q"":""0.00036000"",""s"":""BTCUSDT"",""t"":6750015753}"
1791514180,330750351,spot,trade,0,0,229,BTCUSDT,"{""E"":1791514180279,""M"":true,""T"":1791514180279,""e"":""trade"",""m"":false,""p"":""82116.48000000"",""q"":""0.00067000"",""s"":""BTCUSDT"",""t"":6750015754}"
1791514180,369178465,spot,depth5,0,0,230,BTCUSDT,"{""asks"":[[""82116.48000000"",""1.29946000""],[""82116.49000000"",""0.00909000""],[""82116.50000000"",""0.00013000""],[""82116.67000000"",""0.00758000""],[""82117.67000000"",""0.00008000""]],""bids"":[[""82116.47000000"",""6.25963000""],[""82116.46000000"",""0.00013000""],[""82116.45000000"",""0.00048000""],[""82116.36000000"",""0.00014000""],[""82116.35000000"",""0.03061000""]],""lastUpdateId"":101228059075}"
1791514180,370055065,spot,depth_diff,0,0,231,BTCUSDT,"{""E"":1791514180314,""U"":101228059057,""a"":[[""82116.48000000"",""1.29946000""],[""82130.30000000"",""0.49878000""],[""82133.59000000"",""0.00000000""],[""82134.16000000"",""1.04569000""]],""b"":[[""82114.17000000"",""0.00000000""],[""82108.44000000"",""0.00000000""],[""82103.49000000"",""0.00389000""],[""82067.38000000"",""0.00000000""],[""82062.43000000"",""0.00389000""],[""82034.54000000"",""0.00000000""],[""82029.59000000"",""0.00389000""],[""73904.83000000"",""0.00364000""]],""e"":""depthUpdate"",""s"":""BTCUSDT"",""u"":101228059075}"
1791514180,419742383,spot,trade,0,0,232,BTCUSDT,"{""E"":1791514180368,""M"":true,""T"":1791514180368,""e"":""trade"",""m"":true,""p"":""82116.47000000"",""q"":""0.00607000"",""s"":""BTCUSDT"",""t"":6750015755}"
1791514180,470652701,spot,depth5,0,0,233,BTCUSDT,"{""asks"":[[""82116.48000000"",""2.26098000""],[""82116.49000000"",""0.00909000""],[""82116.50000000"",""0.00013000""],[""82116.67000000"",""0.00758000""],[""82117.67000000"",""0.00008000""]],""bids"":[[""82116.47000000"",""5.12397000""],[""82116.46000000"",""0.00020000""],[""82116.45000000"",""0.00048000""],[""82116.36000000"",""0.00014000""],[""82116.35000000"",""0.03061000""]],""lastUpdateId"":101228059139}"
1791514180,471438901,spot,depth_diff,0,0,234,BTCUSDT,"{""E"":1791514180414,""U"":101228059076,""a"":[[""82116.48000000"",""2.26098000""],[""82120.52000000"",""0.00000000""],[""82121.53000000"",""0.00000000""],[""82122.18000000"",""0.00014000""],[""82122.19000000"",""0.09628000""],[""82122.20000000"",""0.36407000""],[""82123.54000000"",""0.00000000""],[""82123.55000000"",""0.00000000""],[""82123.80000000"",""0.00014000""],[""82124.69000000"",""0.00008000""],[""82125.62000000"",""0.35610000""],[""82127.59000000"",""0.09614000""],[""82128.92000000"",""0.34951000""],[""82149.19000000"",""0.00000000""]],""b"":[[""82116.47000000"",""5.12397000""],[""82116.46000000"",""0.00020000""],[""82115.77000000"",""0.00000000""],[""82115.06000000"",""0.00486000""],[""82114.50000000"",""0.00609000""],[""82113.31000000"",""0.00000000""],[""82113.30000000"",""0.00007000""],[""82112.26000000"",""0.00609000""],[""82109.42000000"",""0.00000000""],[""82108.26000000"",""0.00008000""],[""82107.74000000"",""0.00800000""],[""82107.25000000"",""0.00200000""],[""82092.31000000"",""0.00000000""],[""82079.31000000"",""0.00000000""],[""82074.67000000"",""0.00000000""],[""82068.88000000"",""0.00744000""],[""80884.73000000"",""0.00064000""],[""73904.83000000"",""0.00364000""],[""65693.18000000"",""0.00240000""]],""e"":""depthUpdate"",""s"":""BTCUSDT"",""u"":101228059139}"
1791514180,579839040,spot,depth5,0,0,235,BTCUSDT,"{""asks"":[[""82116.48000000"",""2.26112000""],[""82116.49000000"",""0.00909000""],[""82116.50000000"",""0.00013000""],[""82116.67000000"",""0.00758000""],[""82117.67000000"",""0.00008000""]],""bids"":[[""82116.47000000"",""5.11781000""],[""82116.46000000"",""0.00020000""],[""82116.45000000"",""0.00048000""],[""82116.44000000"",""0.00060000""],[""82116.36000000"",""0.00014000""]],""lastUpdateId"":101228059172}"
1791514180,653334667,spot,depth_diff,0,0,236,BTCUSDT,"{""E"":1791514180514,""U"":101228059140,""a"":[[""82116.48000000"",""2.26112000""],[""82118.30000000"",""0.04051000""],[""82120.00000000"",""0.00000000""],[""82121.52000000"",""0.00014000""],[""82121.53000000"",""0.09614000""],[""82122.20000000"",""0.38618000""],[""82123.55000000"",""0.09621000""],[""82123.80000000"",""0.09621000""],[""82125.62000000"",""0.35610000""],[""82128.99000000"",""12.64589000""]],""b"":[[""82116.47000000"",""5.11781000""],[""82116.44000000"",""0.00060000""],[""82115.07000000"",""0.00609000""],[""82111.98000000"",""0.01137000""],[""82109.73000000"",""0.03000000""],[""82109.11000000"",""0.06066000""],[""82107.74000000"",""0.00400000""],[""82090.84000000"",""0.00200000""],[""82073.49000000"",""0.00000000""],[""80884.73000000"",""0.00072000""],[""65693.00000000"",""0.01600000""]],""e"":""depthUpdate"",""s"":""BTCUSDT"",""u"":101228059172}"
1791514180,747022000,spot,depth5,0,0,237,BTCUSDT,"{""asks"":[[""82116.48000000"",""2.26119000""],[""82116.49000000"",""0.00909000""],[""82116.50000000"",""0.00013000""],[""82116.67000000"",""0.00758000""],[""82117.67000000"",""0.00008000""]],""bids"":[[""82116.47000000"",""5.22463000""],[""82116.46000000"",""0.00020000""],[""82116.45000000"",""0.00048000""],[""82116.44000000"",""0.00060000""],[""82116.36000000"",""0.00014000""]],""lastUpdateId"":101228059191}"
1791514180,784970214,spot,depth_diff,0,0,238,BTCUSDT,"{""E"":1791514180616,""U"":101228059173,""a"":[[""82116.48000000"",""2.26119000""],[""82118.29000000"",""0.00014000""],[""82118.31000000"",""0.00007000""],[""82120.61000000"",""0.00014000""],[""82122.19000000"",""0.09614000""],[""82123.05000000"",""0.10682000""],[""82127.59000000"",""0.00000000""],[""82128.79000000"",""0.00000000""],[""82158.36000000"",""0.00000000""]],""b"":[[""82116.47000000"",""5.22463000""],[""82114.50000000"",""0.00000000""],[""82113.31000000"",""0.00609000""],[""82075.24000000"",""0.00784000""],[""73904.83000000"",""0.00349000""],[""65693.18000000"",""0.00210000""]],""e"":""depthUpdate"",""s"":""BTCUSDT"",""u"":101228059191}"
1791514180,850144937,spot,depth5,0,0,239,BTCUSDT,"{""asks"":[[""82116.48000000"",""3.68594000""],[""82116.49000000"",""0.00909000""],[""82116.50000000"",""0.00013000""],[""82116.67000000"",""0.00758000""],[""82117.67000000"",""0.00008000""]],""bids"":[[""82116.47000000"",""5.22444000""],[""82116.46000000"",""0.00020000""],[""82116.45000000"",""0.00048000""],[""82116.44000000"",""0.00060000""],[""82116.36000000"",""0.00014000""]],""lastUpdateId"":101228059228}"
1791514180,882857749,spot,depth_diff,0,0,240,BTCUSDT,"{""E"":1791514180714,""U"":101228059192,""a"":[[""82116.48000000"",""3.68594000""],[""82116.49000000"",""0.00909000""],[""82121.53000000"",""0.00000000""],[""82122.19000000"",""0.00000000""],[""82122.20000000"",""0.38618000""],[""82123.55000000"",""0.00000000""],[""82123.80000000"",""0.00007000""],[""82128.60000000"",""0.00000000""],[""82128.91000000"",""0.00196000""],[""82130.74000000"",""0.00974000""]],""b"":[[""82116.47000000"",""5.22444000""],[""82113.21000000"",""0.00000000""],[""82111.98000000"",""0.00937000""],[""82111.64000000"",""0.00200000""],[""82109.43000000"",""0.00000000""],[""82108.26000000"",""0.00055000""],[""82107.74000000"",""0.00000000""],[""82107.25000000"",""0.00000000""],[""82106.40000000"",""0.00200000""],[""80884.73000000"",""0.00064000""],[""73904.83000000"",""0.00364000""]],""e"":""depthUpdate"",""s"":""BTCUSDT"",""u"":101228059228}"
1791514180,945439672,spot,depth5,0,0,241,BTCUSDT,"{""asks"":[[""82116.48000000"",""3.68559000""],[""82116.49000000"",""0.00909000""],[""82116.50000000"",""0.00013000""],[""82116.67000000"",""0.00758000""],[""82117.67000000"",""0.00008000""]],""bids"":[[""82116.47000000"",""5.22451000""],[""82116.46000000"",""0.00020000""],[""82116.45000000"",""0.00048000""],[""82116.44000000"",""0.00060000""],[""82116.36000000"",""0.00014000""]],""lastUpdateId"":101228059264}"
1791514181,11326895,spot,depth_diff,0,0,242,BTCUSDT,"{""E"":1791514180814,""U"":101228059229,""a"":[[""82116.48000000"",""3.68559000""],[""82117.97000000"",""0.00014000""],[""82117.98000000"",""0.01584000""],[""82118.29000000"",""0.00000000""],[""82118.30000000"",""0.00000000""],[""82121.52000000"",""0.00000000""],[""82122.18000000"",""0.00000000""],[""82122.19000000"",""0.00014000""],[""82123.04000000"",""0.00014000""],[""82128.91000000"",""0.00396000""],[""83348.23000000"",""0.00046000""]],""b"":[[""82116.47000000"",""5.22451000""],[""82115.07000000"",""0.00000000""],[""82115.06000000"",""0.00000000""],[""82113.68000000"",""0.00486000""],[""82113.67000000"",""0.00609000""],[""82112.26000000"",""0.00000000""],[""82111.11000000"",""0.00609000""],[""82109.73000000"",""0.03007000""],[""82106.40000000"",""0.01000000""],[""81109.51000000"",""0.00000000""],[""80884.73000000"",""0.00072000""],[""80884.72000000"",""0.00565000""],[""65693.18000000"",""0.00180000""]],""e"":""depthUpdate"",""s"":""BTCUSDT"",""u"":101228059264}"
1791514181,57485412,spot,depth5,0,0,243,BTCUSDT,"{""asks"":[[""82116.48000000"",""3.68559000""],[""82116.49000000"",""0.00909000""],[""82116.50000000"",""0.00013000""],[""82116.67000000"",""0.00758000""],[""82117.67000000"",""0.00008000""]],""bids"":[[""82116.47000000"",""5.22451000""],[""82116.46000000"",""0.00020000""],[""82116.45000000"",""0.00048000""],[""82116.44000000"",""0.00060000""],[""82116.36000000"",""0.00014000""]],""lastUpdateId"":101228059274}"
1791514181,63484114,spot,depth_diff,0,0,244,BTCUSDT,"{""E"":1791514180914,""U"":101228059265,""a"":[[""82116.48000000"",""3.68559000""],[""82116.49000000"",""0.00909000""],[""82146.31000000"",""0.00200000""]],""b"":[[""82111.30000000"",""0.00200000""],[""73904.83000000"",""0.00364000""],[""65693.00000000"",""0.01600000""]],""e"":""depthUpdate"",""s"":""BTCUSDT"",""u"":101228059274}"
1791514181,70597317,spot,depth5,0,0,245,BTCUSDT,"{""asks"":[[""82116.48000000"",""3.68559000""],[""82116.49000000"",""0.00909000""],[""82116.50000000"",""0.00013000""],[""82116.67000000"",""0.00758000""],[""82117.67000000"",""0.00008000""]],""bids"":[[""82116.47000000"",""5.22451000""],[""82116.46000000"",""0.00027000""],[""82116.45000000"",""0.00048000""],[""82116.44000000"",""0.00120000""],[""82116.36000000"",""0.00014000""]],""lastUpdateId"":101228059289}"
1791514181,71253217,spot,depth_diff,0,0,246,BTCUSDT,"{""E"":1791514181014,""U"":101228059275,""a"":[[""82129.20000000"",""0.00007000""]],""b"":[[""82116.47000000"",""5.22451000""],[""82116.46000000"",""0.00027000""],[""82116.44000000"",""0.00120000""],[""82109.73000000"",""0.03000000""],[""82096.34000000"",""0.00007000""],[""80884.73000000"",""0.00072000""],[""65693.18000000"",""0.00270000""]],""e"":""depthUpdate"",""s"":""BTCUSDT"",""u"":101228059289}"
1791514181,165094751,spot,depth5,0,0,247,BTCUSDT,"{""asks"":[[""82116.48000000"",""3.68566000""],[""82116.49000000"",""0.00909000""],[""82116.50000000"",""0.00013000""],[""82116.67000000"",""0.00758000""],[""82117.67000000"",""0.00008000""]],""bids"":[[""82116.47000000"",""5.22640000""],[""82116.46000000"",""0.00020000""],[""82116.45000000"",""0.00048000""],[""82116.44000000"",""0.00120000""],[""82116.36000000"",""0.00014000""]],""lastUpdateId"":101228059304}"
1791514181,166604452,spot,depth_diff,0,0,248,BTCUSDT,"{""E"":1791514181114,""U"":101228059290,""a"":[[""82116.48000000"",""3.68566000""],[""82122.52000000"",""0.00196000""],[""82321.76000000"",""0.00039000""]],""b"":[[""82116.47000000"",""5.22640000""],[""82116.46000000"",""0.00020000""],[""82050.31000000"",""0.00000000""],[""82047.61000000"",""2.10406000""],[""81403.86000000"",""0.00030000""]],""e"":""depthUpdate"",""s"":""BTCUSDT"",""u"":101228059304}"
1791514181,267498088,spot,depth5,0,0,249,BTCUSDT,"{""asks"":[[""82116.48000000"",""3.68552000""],[""82116.49000000"",""0.00909000""],[""82116.50000000"",""0.00013000""],[""82116.67000000"",""0.00758000""],[""82117.67000000"",""0.00008000""]],""bids"":[[""82116.47000000"",""5.22668000""],[""82116.46000000"",""0.00048000""],[""82116.45000000"",""0.00048000""],[""82116.44000000"",""0.00120000""],[""82116.36000000"",""0.00014000""]],""lastUpdateId"":101228059323}"
1791514181,269125589,spot,depth_diff,0,0,250,BTCUSDT,"{""E"":1791514181214,""U"":101228059305,""a"":[[""82116.48000000"",""3.68552000""],[""82128.91000000"",""0.00796000""]],""b"":[[""82116.47000000"",""5.22668000""],[""82116.46000000"",""0.00048000""],[""82047.62000000"",""0.79567000""],[""82046.35000000"",""0.00000000""],[""73904.83000000"",""0.00364000""],[""73904.00000000"",""0.00000000""],[""65693.18000000"",""0.00240000""]],""e"":""depthUpdate"",""s"":""BTCUSDT"",""u"":101228059323}"
1791514181,364957224,spot,depth5,0,0,251,BTCUSDT,"{""asks"":[[""82116.48000000"",""3.68552000""],[""82116.49000000"",""0.00909000""],[""82116.50000000"",""0.00013000""],[""82116.67000000"",""0.00758000""],[""82117.67000000"",""0.00008000""]],""bids"":[[""82116.47000000"",""5.22661000""],[""82116.46000000"",""0.00041000""],[""82116.45000000"",""0.00048000""],[""82116.44000000"",""0.00120000""],[""82116.36000000"",""0.00014000""]],""lastUpdateId"":101228059328}"
1791514181,366678624,spot,depth_diff,0,0,252,BTCUSDT,"{""E"":1791514181314,""U"":101228059324,""a"":[[""82126.14000000"",""0.00200000""]],""b"":[[""82116.47000000"",""5.22661000""],[""82116.46000000"",""0.00041000""],[""81856.30000000"",""0.00000000""],[""81850.87000000"",""0.00756000""],[""80884.73000000"",""0.00064000""]],""e"":""depthUpdate"",""s"":""BTCUSDT"",""u"":101228059328}"
1791514181,467440461,spot,depth5,0,0,253,BTCUSDT,"{""asks"":[[""82116.48000000"",""3.68552000""],[""82116.49000000"",""0.00909000""],[""82116.50000000"",""0.00013000""],[""82116.67000000"",""0.00758000""],[""82117.67000000"",""0.00008000""]],""bids"":[[""82116.47000000"",""5.22661000""],[""82116.46000000"",""0.00041000""],[""82116.45000000"",""0.00048000""],[""82116.44000000"",""0.00120000""],[""82116.36000000"",""0.00014000""]],""lastUpdateId"":101228059331}"
1791514181,468992161,spot,depth_diff,0,0,254,BTCUSDT,"{""E"":1791514181414,""U"":101228059329,""a"":[[""82131.87000000"",""0.00372000""]],""b"":[[""73904.83000000"",""0.00349000""],[""65693.18000000"",""0.00210000""]],""e"":""depthUpdate"",""s"":""BTCUSDT"",""u"":101228059331}"
1791514181,553966092,spot,trade,0,0,255,BTCUSDT,"{""E"":1791514181498,""M"":true,""T"":1791514181498,""e"":""trade"",""m"":false,""p"":""82116.48000000"",""q"":""0.00285000"",""s"":""BTCUSDT"",""t"":6750015756}"
1791514181,565251596,spot,depth5,0,0,256,BTCUSDT,"{""asks"":[[""82116.48000000"",""4.26715000""],[""82116.49000000"",""0.00909000""],[""82116.50000000"",""0.00013000""],[""82116.67000000"",""0.00758000""],[""82117.67000000"",""0.00008000""]],""bids"":[[""82116.47000000"",""5.22661000""],[""82116.46000000"",""0.00041000""],[""82116.45000000"",""0.00048000""],[""82116.44000000"",""0.00120000""],[""82116.36000000"",""0.00014000""]],""lastUpdateId"":101228059350}"
1791514181,566107697,spot,depth_diff,0,0,257,BTCUSDT,"{""E"":1791514181514,""U"":101228059332,""a"":[[""82116.48000000"",""4.26715000""],[""82314.23000000"",""0.00000000""]],""b"":[[""82108.44000000"",""0.00389000""],[""82103.49000000"",""0.00000000""],[""82090.84000000"",""0.00000000""],[""82089.90000000"",""0.00200000""],[""82067.38000000"",""0.00389000""],[""82062.43000000"",""0.00000000""],[""82034.54000000"",""0.00389000""],[""82029.59000000"",""0.00000000""],[""81934.57000000"",""0.00000000""],[""73904.83000000"",""0.00356000""],[""73904.82000000"",""0.00008000""],[""65693.18000000"",""0.00330000""]],""e"":""depthUpdate"",""s"":""BTCUSDT"",""u"":101228059350}"
1791514181,668075734,spot,depth5,0,0,258,BTCUSDT,"{""asks"":[[""82116.48000000"",""3.79817000""],[""82116.49000000"",""0.00909000""],[""82116.50000000"",""0.00013000""],[""82116.67000000"",""0.00758000""],[""82117.67000000"",""0.00008000""]],""bids"":[[""82116.47000000"",""5.22661000""],[""82116.46000000"",""0.00041000""],[""82116.45000000"",""0.00048000""],[""82116.44000000"",""0.00120000""],[""82116.36000000"",""0.00014000""]],""lastUpdateId"":101228059367}"
1791514181,669209434,spot,depth_diff,0,0,259,BTCUSDT,"{""E"":1791514181614,""U"":101228059351,""a"":[[""82116.48000000"",""3.79817000""],[""82149.33000000"",""0.00008000""]],""b"":[[""82116.47000000"",""5.22661000""],[""82116.46000000"",""0.00041000""],[""82111.30000000"",""0.00000000""],[""80884.73000000"",""0.00064000""],[""65693.18000000"",""0.00300000""]],""e"":""depthUpdate"",""s"":""BTCUSDT"",""u"":101228059367}"
1791514181,775542573,spot,depth5,0,0,260,BTCUSDT,"{""asks"":[[""82116.48000000"",""3.79817000""],[""82116.49000000"",""0.00909000""],[""82116.50000000"",""0.00013000""],[""82116.67000000"",""0.00758000""],[""82117.67000000"",""0.00008000""]],""bids"":[[""82116.47000000"",""5.22668000""],[""82116.46000000"",""0.00041000""],[""82116.45000000"",""0.00048000""],[""82116.44000000"",""0.00120000""],[""82116.36000000"",""0.00014000""]],""lastUpdateId"":101228059382}"
1791514181,787946577,spot,depth_diff,0,0,261,BTCUSDT,"{""E"":1791514181714,""U"":101228059368,""a"":[[""82118.00000000"",""0.01300000""],[""82314.19000000"",""0.96235000""]],""b"":[[""82116.47000000"",""5.22668000""],[""82109.73000000"",""0.03007000""],[""82106.37000000"",""0.01522000""],[""82105.93000000"",""0.00000000""],[""81934.84000000"",""5.51995000""],[""73904.83000000"",""0.00356000""],[""65693.00000000"",""0.01600000""]],""e"":""depthUpdate"",""s"":""BTCUSDT"",""u"":101228059382}"
1791514181,865514205,spot,depth5,0,0,262,BTCUSDT,"{""asks"":[[""82116.48000000"",""3.79817000""],[""82116.49000000"",""0.00909000""],[""82116.50000000"",""0.00013000""],[""82116.67000000"",""0.00758000""],[""82117.67000000"",""0.00008000""]],""bids"":[[""82116.47000000"",""5.22680000""],[""82116.46000000"",""0.00041000""],[""82116.45000000"",""0.00048000""],[""82116.44000000"",""0.00120000""],[""82116.36000000"",""0.00014000""]],""lastUpdateId"":101228059394}"
1791514181,866770706,spot,depth_diff,0,0,263,BTCUSDT,"{""E"":1791514181814,""U"":101228059383,""a"":[[""83348.23000000"",""0.00046000""]],""b"":[[""82116.47000000"",""5.22680000""],[""82111.37000000"",""0.00200000""],[""82109.73000000"",""0.03000000""],[""80884.73000000"",""0.00056000""],[""80884.72000000"",""0.00565000""],[""65693.18000000"",""0.00270000""],[""65693.00000000"",""0.01600000""]],""e"":""depthUpdate"",""s"":""BTCUSDT"",""u"":101228059394}"
1791514181,978843246,spot,depth5,0,0,264,BTCUSDT,"{""asks"":[[""82116.48000000"",""3.79817000""],[""82116.49000000"",""0.00909000""],[""82116.50000000"",""0.00013000""],[""82116.67000000"",""0.00758000""],[""82117.67000000"",""0.00008000""]],""bids"":[[""82116.47000000"",""5.22680000""],[""82116.46000000"",""0.00041000""],[""82116.45000000"",""0.00048000""],[""82116.44000000"",""0.00120000""],[""82116.36000000"",""0.00014000""]],""lastUpdateId"":101228059398}"
1791514181,984357548,spot,depth_diff,0,0,265,BTCUSDT,"{""E"":1791514181914,""U"":101228059395,""a"":[],""b"":[[""82095.55000000"",""0.00000000""],[""80884.73000000"",""0.00064000""],[""73904.83000000"",""0.00341000""],[""65693.00000000"",""0.01800000""]],""e"":""depthUpdate"",""s"":""BTCUSDT"",""u"":101228059398}"
1791514182,66612678,spot,depth5,0,0,266,BTCUSDT,"{""asks"":[[""82116.48000000"",""3.79817000""],[""82116.49000000"",""0.00909000""],[""82116.50000000"",""0.00013000""],[""82116.67000000"",""0.00758000""],[""82117.67000000"",""0.00008000""]],""bids"":[[""82116.47000000"",""5.22687000""],[""82116.46000000"",""0.00048000""],[""82116.45000000"",""0.00048000""],[""82116.44000000"",""0.00120000""],[""82116.36000000"",""0.00014000""]],""lastUpdateId"":101228059407}"
1791514182,67408279,spot,depth_diff,0,0,267,BTCUSDT,"{""E"":1791514182014,""U"":101228059399,""a"":[[""82122.94000000"",""0.00010000""],[""82129.20000000"",""0.00000000""],[""82131.87000000"",""0.00129000""],[""82132.05000000"",""0.00243000""]],""b"":[[""82116.47000000"",""5.22687000""],[""82116.46000000"",""0.00048000""],[""82096.34000000"",""0.00000000""],[""73904.83000000"",""0.00356000""],[""65693.18000000"",""0.00240000""],[""65693.00000000"",""0.01600000""]],""e"":""depthUpdate"",""s"":""BTCUSDT"",""u"":101228059407}"
1791514182,168425616,spot,depth5,0,0,268,BTCUSDT,"{""asks"":[[""82116.48000000"",""3.79817000""],[""82116.49000000"",""0.00909000""],[""82116.50000000"",""0.00013000""],[""82116.67000000"",""0.00758000""],[""82117.67000000"",""0.00008000""]],""bids"":[[""82116.47000000"",""5.22687000""],[""82116.46000000"",""0.00048000""],[""82116.45000000"",""0.00048000""],[""82116.44000000"",""0.00120000""],[""82116.36000000"",""0.00014000""]],""lastUpdateId"":101228059413}"
1791514182,171124117,spot,depth_diff,0,0,269,BTCUSDT,"{""E"":1791514182114,""U"":101228059408,""a"":[[""82129.20000000"",""0.00007000""],[""82132.05000000"",""0.00000000""],[""82132.06000000"",""0.00243000""]],""b"":[[""82096.34000000"",""0.00007000""],[""80884.73000000"",""0.00064000""]],""e"":""depthUpdate"",""s"":""BTCUSDT"",""u"":101228059413}"
1791514182,271030853,spot,depth5,0,0,270,BTCUSDT,"{""asks"":[[""82116.48000000"",""3.79817000""],[""82116.49000000"",""0.00909000""],[""82116.50000000"",""0.00013000""],[""82116.67000000"",""0.00758000""],[""82117.67000000"",""0.00008000""]],""bids"":[[""82116.47000000"",""5.22687000""],[""82116.46000000"",""0.00048000""],[""82116.45000000"",""0.00048000""],[""82116.44000000"",""0.00120000""],[""82116.36000000"",""0.00014000""]],""lastUpdateId"":101228059419}"
1791514182,292702761,spot,depth_diff,0,0,271,BTCUSDT,"{""E"":1791514182214,""U"":101228059414,""a"":[[""82116.48000000"",""3.79817000""],[""82132.06000000"",""0.00000000""]],""b"":[[""73904.83000000"",""0.00356000""],[""65693.18000000"",""0.00210000""]],""e"":""depthUpdate"",""s"":""BTCUSDT"",""u"":101228059419}"
1791514182,369994489,spot,depth5,0,0,272,BTCUSDT,"{""asks"":[[""82116.48000000"",""3.79817000""],[""82116.49000000"",""0.00909000""],[""82116.50000000"",""0.00013000""],[""82116.67000000"",""0.00758000""],[""82117.67000000"",""0.00008000""]],""bids"":[[""82116.47000000"",""5.22687000""],[""82116.46000000"",""0.00048000""],[""82116.45000000"",""0.00048000""],[""82116.44000000"",""0.00120000""],[""82116.36000000"",""0.00014000""]],""lastUpdateId"":101228059425}"
1791514182,445031217,spot,depth_diff,0,0,273,BTCUSDT,"{""E"":1791514182314,""U"":101228059420,""a"":[[""82132.07000000"",""0.00000000""],[""82132.08000000"",""0.00243000""]],""b"":[[""82000.12000000"",""0.32009000""],[""82000.00000000"",""0.65794000""]],""e"":""depthUpdate"",""s"":""BTCUSDT"",""u"":101228059425}"
1791514182,466046324,spot,depth5,0,0,274,BTCUSDT,"{""asks"":[[""82116.48000000"",""2.25388000""],[""82116.49000000"",""0.00909000""],[""82116.50000000"",""0.00013000""],[""82116.67000000"",""0.00758000""],[""82117.67000000"",""0.00008000""]],""bids"":[[""82116.47000000"",""5.22645000""],[""82116.46000000"",""0.00013000""],[""82116.45000000"",""0.00048000""],[""82116.44000000"",""0.00120000""],[""82116.36000000"",""0.00014000""]],""lastUpdateId"":101228059470}"
1791514182,474935428,spot,depth_diff,0,0,275,BTCUSDT,"{""E"":1791514182414,""U"":101228059426,""a"":[[""82116.48000000"",""2.25388000""],[""82126.14000000"",""0.00000000""],[""82128.92000000"",""0.00200000""],[""82130.74000000"",""0.00960000""],[""82132.08000000"",""0.00000000""],[""82132.09000000"",""0.00243000""],[""82146.31000000"",""0.00000000""],[""82147.32000000"",""0.00207000""],[""82169.26000000"",""0.00000000""],[""82253.36000000"",""0.00000000""]],""b"":[[""82116.47000000"",""5.22645000""],[""82116.46000000"",""0.00013000""],[""82112.52000000"",""0.00200000""],[""82111.37000000"",""0.00000000""],[""82109.42000000"",""0.00000000""],[""82108.26000000"",""0.00655000""],[""82107.74000000"",""0.00000000""],[""82106.40000000"",""0.00000000""],[""82105.96000000"",""0.01522000""],[""82105.81000000"",""0.00000000""],[""80884.73000000"",""0.00064000""],[""73904.00000000"",""0.00000000""],[""65693.18000000"",""0.00180000""]],""e"":""depthUpdate"",""s"":""BTCUSDT"",""u"":101228059470}"
1791514182,565911461,spot,depth5,0,0,276,BTCUSDT,"{""asks"":[[""82116.48000000"",""1.18770000""],[""82116.49000000"",""0.00909000""],[""82116.50000000"",""0.00013000""],[""82116.67000000"",""0.00758000""],[""82117.67000000"",""0.00008000""]],""bids"":[[""82116.47000000"",""5.23747000""],[""82116.46000000"",""0.00013000""],[""82116.45000000"",""0.00048000""],[""82116.44000000"",""0.00120000""],[""82116.36000000"",""0.00014000""]],""lastUpdateId"":101228059516}"
1791514182,577082065,spot,depth_diff,0,0,277,BTCUSDT,"{""E"":1791514182514,""U"":101228059471,""a"":[[""82116.48000000"",""1.18770000""],[""82117.97000000"",""0.00000000""],[""82117.98000000"",""0.00000000""],[""82118.00000000"",""0.00660000""],[""82118.16000000"",""0.00617000""],[""82122.94000000"",""0.00000000""],[""82123.04000000"",""0.00021000""],[""82123.80000000"",""0.00014000""],[""82128.38000000"",""0.00000000""],[""82129.12000000"",""0.00010000""],[""82129.49000000"",""0.00609000""],[""82130.96000000"",""0.00200000""],[""82139.50000000"",""0.00000000""],[""82147.32000000"",""0.00007000""],[""82156.83000000"",""0.05958000""],[""82169.26000000"",""0.00304000""],[""82253.36000000"",""0.00121000""]],""b"":[[""82116.47000000"",""5.23747000""],[""82116.17000000"",""0.00200000""],[""82114.50000000"",""0.00609000""],[""82113.68000000"",""0.00000000""],[""82113.67000000"",""0.00000000""],[""82113.30000000"",""0.00000000""],[""82112.52000000"",""0.00000000""],[""82111.64000000"",""0.00000000""],[""82111.11000000"",""0.00000000""],[""82109.73000000"",""0.03007000""],[""82109.42000000"",""0.00047000""],[""82108.26000000"",""0.00608000""],[""82097.49000000"",""0.00808000""],[""82089.90000000"",""0.00000000""],[""82050.31000000"",""2.10406000""],[""82047.62000000"",""0.00000000""],[""82047.61000000"",""0.00000000""],[""73904.83000000"",""0.00356000""],[""65693.18000000"",""0.00300000""],[""65693.00000000"",""0.00400000""]],""e"":""depthUpdate"",""s"":""BTCUSDT"",""u"":101228059516}"
1791514182,671617100,spot,depth5,0,0,278,BTCUSDT,"{""asks"":[[""82116.48000000"",""1.18770000""],[""82116.49000000"",""0.00909000""],[""82116.50000000"",""0.00013000""],[""82116.67000000"",""0.00758000""],[""82117.67000000"",""0.00008000""]],""bids"":[[""82116.47000000"",""5.23747000""],[""82116.46000000"",""0.00013000""],[""82116.45000000"",""0.00048000""],[""82116.44000000"",""0.00120000""],[""82116.36000000"",""0.00014000""]],""lastUpdateId"":101228059532}"
1791514182,679532703,spot,depth_diff,0,0,279,BTCUSDT,"{""E"":1791514182614,""U"":101228059517,""a"":[[""82116.48000000"",""1.18770000""],[""82116.49000000"",""0.00909000""],[""82120.00000000"",""0.00012000""],[""82132.09000000"",""0.00000000""],[""82132.10000000"",""0.00243000""]],""b"":[[""82047.28000000"",""0.16761000""],[""75547.16000000"",""0.00014000""],[""65693.18000000"",""0.00270000""],[""65693.00000000"",""0.00800000""]],""e"":""depthUpdate"",""s"":""BTCUSDT"",""u"":101228059532}"
1791514182,704391412,spot,trade,0,0,280,BTCUSDT,"{""E"":1791514182643,""M"":true,""T"":1791514182643,""e"":""trade"",""m"":true,""p"":""82116.47000000"",""q"":""0.02259000"",""s"":""BTCUSDT"",""t"":6750015757}"
1791514182,719370517,spot,trade,0,0,281,BTCUSDT,"{""E"":1791514182643,""M"":true,""T"":1791514182643,""e"":""trade"",""m"":true,""p"":""82116.47000000"",""q"":""0.07741000"",""s"":""BTCUSDT"",""t"":6750015758}"
1791514182,771103536,spot,depth5,0,0,282,BTCUSDT,"{""asks"":[[""82116.48000000"",""1.18770000""],[""82116.49000000"",""0.00909000""],[""82116.50000000"",""0.00013000""],[""82116.67000000"",""0.00758000""],[""82117.67000000"",""0.00008000""]],""bids"":[[""82116.47000000"",""5.21486000""],[""82116.46000000"",""0.00013000""],[""82116.45000000"",""0.00048000""],[""82116.44000000"",""0.00120000""],[""82116.36000000"",""0.00014000""]],""lastUpdateId"":101228059553}"
1791514182,792533844,spot,depth_diff,0,0,283,BTCUSDT,"{""E"":1791514182714,""U"":101228059533,""a"":[[""82123.96000000"",""0.00410000""],[""82128.60000000"",""0.09614000""],[""82128.79000000"",""0.09614000""],[""82132.10000000"",""0.00000000""],[""82132.12000000"",""0.00243000""]],""b"":[[""82116.47000000"",""5.21486000""],[""82116.17000000"",""0.00000000""],[""82114.71000000"",""0.00200000""],[""82097.49000000"",""0.00000000""],[""82088.18000000"",""0.00848000""],[""82075.24000000"",""0.00000000""],[""82051.61000000"",""0.00000000""],[""82021.99000000"",""0.00800000""],[""80884.73000000"",""0.00064000""],[""80542.78000000"",""0.00029000""],[""73904.83000000"",""0.00341000""],[""73904.82000000"",""0.00000000""],[""65693.00000000"",""0.00400000""]],""e"":""depthUpdate"",""s"":""BTCUSDT"",""u"":101228059553}"
1791514182,876785775,spot,depth5,0,0,284,BTCUSDT,"{""asks"":[[""82116.48000000"",""1.18770000""],[""82116.49000000"",""0.00909000""],[""82116.50000000"",""0.00013000""],[""82116.67000000"",""0.00758000""],[""82117.67000000"",""0.00008000""]],""bids"":[[""82116.47000000"",""5.21486000""],[""82116.46000000"",""0.00013000""],[""82116.45000000"",""0.00048000""],[""82116.44000000"",""0.00120000""],[""82116.36000000"",""0.00014000""]],""lastUpdateId"":101228059565}"
1791514182,882415077,spot,depth_diff,0,0,285,BTCUSDT,"{""E"":1791514182814,""U"":101228059554,""a"":[[""82132.12000000"",""0.00000000""],[""83348.23000000"",""0.00046000""]],""b"":[[""82113.96000000"",""0.00200000""],[""82109.42000000"",""0.00447000""],[""82092.85000000"",""0.00200000""],[""81852.01000000"",""0.00756000""],[""81850.87000000"",""0.00000000""],[""80884.72000000"",""0.00565000""],[""73904.83000000"",""0.00356000""],[""65693.18000000"",""0.00240000""]],""e"":""depthUpdate"",""s"":""BTCUSDT"",""u"":101228059565}"
1791514182,965245807,spot,depth5,0,0,286,BTCUSDT,"{""asks"":[[""82116.48000000"",""1.18770000""],[""82116.49000000"",""0.00909000""],[""82116.50000000"",""0.00013000""],[""82116.67000000"",""0.00758000""],[""82117.67000000"",""0.00008000""]],""bids"":[[""82116.47000000"",""5.21486000""],[""82116.46000000"",""0.00013000""],[""82116.45000000"",""0.00048000""],[""82116.44000000"",""0.00120000""],[""82116.36000000"",""0.00014000""]],""lastUpdateId"":101228059566}"
1791514182,966819608,spot,depth_diff,0,0,287,BTCUSDT,"{""E"":1791514182914,""U"":101228059566,""a"":[],""b"":[[""80884.73000000"",""0.00056000""]],""e"":""depthUpdate"",""s"":""BTCUSDT"",""u"":101228059566}"
1791514183,65553444,spot,depth5,0,0,288,BTCUSDT,"{""asks"":[[""82116.48000000"",""1.18770000""],[""82116.49000000"",""0.00909000""],[""82116.50000000"",""0.00013000""],[""82116.67000000"",""0.00758000""],[""82117.67000000"",""0.00008000""]],""bids"":[[""82116.47000000"",""5.21486000""],[""82116.46000000"",""0.00013000""],[""82116.45000000"",""0.00048000""],[""82116.44000000"",""0.00120000""],[""82116.36000000"",""0.00014000""]],""lastUpdateId"":101228059574}"
1791514183,68105545,spot,depth_diff,0,0,289,BTCUSDT,"{""E"":1791514183014,""U"":101228059567,""a"":[],""b"":[[""80884.73000000"",""0.00064000""],[""73904.83000000"",""0.00356000""],[""65693.18000000"",""0.00330000""]],""e"":""depthUpdate"",""s"":""BTCUSDT"",""u"":101228059574}"
1791514183,172392183,spot,depth5,0,0,290,BTCUSDT,"{""asks"":[[""82116.48000000"",""1.18920000""],[""82116.49000000"",""0.00909000""],[""82116.50000000"",""0.00013000""],[""82116.67000000"",""0.00758000""],[""82117.67000000"",""0.00008000""]],""bids"":[[""82116.47000000"",""5.21486000""],[""82116.46000000"",""0.00013000""],[""82116.45000000"",""0.00048000""],[""82116.44000000"",""0.00120000""],[""82116.36000000"",""0.00014000""]],""lastUpdateId"":101228059587}"
1791514183,173378084,spot,depth_diff,0,0,291,BTCUSDT,"{""E"":1791514183114,""U"":101228059575,""a"":[[""82116.48000000"",""1.18920000""],[""82118.16000000"",""0.00007000""],[""82129.20000000"",""0.00007000""]],""b"":[[""82108.44000000"",""0.00000000""],[""82103.24000000"",""0.00389000""],[""82096.34000000"",""0.00007000""],[""82088.18000000"",""0.00000000""],[""82067.38000000"",""0.00000000""],[""82062.18000000"",""0.35140000""],[""82034.54000000"",""0.00000000""],[""82029.34000000"",""0.00389000""],[""75547.16000000"",""0.00000000""]],""e"":""depthUpdate"",""s"":""BTCUSDT"",""u"":101228059587}"
1791514183,270057720,spot,depth5,0,0,292,BTCUSDT,"{""asks"":[[""82116.48000000"",""1.18927000""],[""82116.49000000"",""0.00902000""],[""82116.50000000"",""0.00013000""],[""82116.67000000"",""0.00758000""],[""82117.67000000"",""0.00008000""]],""bids"":[[""82116.47000000"",""5.21486000""],[""82116.46000000"",""0.00013000""],[""82116.45000000"",""0.00048000""],[""82116.44000000"",""0.00120000""],[""82116.36000000"",""0.00014000""]],""lastUpdateId"":101228059600}"
1791514183,272714620,spot,depth_diff,0,0,293,BTCUSDT,"{""E"":1791514183214,""U"":101228059588,""a"":[[""82116.48000000"",""1.18927000""],[""82116.49000000"",""0.00902000""],[""82122.18000000"",""0.00014000""],[""82122.19000000"",""0.09628000""],[""82123.80000000"",""0.00007000""],[""82127.59000000"",""0.09614000""]],""b"":[[""82113.30000000"",""0.00007000""],[""80884.73000000"",""0.00056000""],[""73904.83000000"",""0.00341000""],[""65693.18000000"",""0.00300000""]],""e"":""depthUpdate"",""s"":""BTCUSDT"",""u"":101228059600}"
1791514183,370059156,spot,depth5,0,0,294,BTCUSDT,"{""asks"":[[""82116.48000000"",""3.21357000""],[""82116.49000000"",""0.00902000""],[""82116.50000000"",""0.00013000""],[""82116.67000000"",""0.00758000""],[""82117.67000000"",""0.00008000""]],""bids"":[[""82116.47000000"",""5.21000000""],[""82116.46000000"",""0.00013000""],[""82116.45000000"",""0.00048000""],[""82116.44000000"",""0.00120000""],[""82116.36000000"",""0.00014000""]],""lastUpdateId"":101228059643}"
1791514183,377362759,spot,depth_diff,0,0,295,BTCUSDT,"{""E"":1791514183314,""U"":101228059601,""a"":[[""82116.48000000"",""3.21357000""],[""82120.00000000"",""0.00000000""],[""82122.18000000"",""0.00000000""],[""82122.19000000"",""0.00014000""],[""82123.80000000"",""0.00014000""],[""82127.59000000"",""0.00000000""],[""82128.55000000"",""0.00000000""],[""82128.60000000"",""0.00000000""],[""82128.79000000"",""0.00000000""],[""82148.77000000"",""0.00200000""]],""b"":[[""82116.47000000"",""5.21000000""],[""82115.06000000"",""0.00243000""],[""82114.71000000"",""0.00000000""],[""82114.50000000"",""0.00243000""],[""82113.96000000"",""0.00000000""],[""82112.88000000"",""0.00200000""],[""82112.46000000"",""0.00609000""],[""82109.42000000"",""0.00000000""],[""82108.27000000"",""0.00047000""],[""82108.26000000"",""0.00008000""],[""82107.74000000"",""0.00000000""],[""82106.92000000"",""0.00600000""],[""82092.85000000"",""0.00000000""],[""82083.54000000"",""0.00000000""],[""82077.14000000"",""0.00808000""],[""80884.73000000"",""0.00064000""],[""73904.83000000"",""0.00356000""]],""e"":""depthUpdate"",""s"":""BTCUSDT"",""u"":101228059643}"
1791514183,475480795,spot,depth5,0,0,296,BTCUSDT,"{""asks"":[[""82116.48000000"",""3.21357000""],[""82116.49000000"",""0.00902000""],[""82116.50000000"",""0.00013000""],[""82116.67000000"",""0.00758000""],[""82117.67000000"",""0.00008000""]],""bids"":[[""82116.47000000"",""5.21000000""],[""82116.46000000"",""0.00013000""],[""82116.45000000"",""0.00048000""],[""82116.44000000"",""0.00120000""],[""82116.36000000"",""0.00014000""]],""lastUpdateId"":101228059649}"
1791514183,504430106,spot,depth_diff,0,0,297,BTCUSDT,"{""E"":1791514183414,""U"":101228059644,""a"":[],""b"":[[""82116.47000000"",""5.21000000""],[""82109.73000000"",""0.03007000""],[""73904.00000000"",""0.00020000""],[""65693.18000000"",""0.00270000""]],""e"":""depthUpdate"",""s"":""BTCUSDT"",""u"":101228059649}"
1791514183,569165030,spot,depth5,0,0,298,BTCUSDT,"{""asks"":[[""82116.48000000"",""3.21357000""],[""82116.49000000"",""0.00902000""],[""82116.50000000"",""0.00013000""],[""82116.67000000"",""0.00758000""],[""82117.67000000"",""0.00008000""]],""bids"":[[""82116.47000000"",""5.20384000""],[""82116.46000000"",""0.00013000""],[""82116.45000000"",""0.00048000""],[""82116.44000000"",""0.00120000""],[""82116.36000000"",""0.00014000""]],""lastUpdateId"":101228059665}"
1791514183,570091230,spot,depth_diff,0,0,299,BTCUSDT,"{""E"":1791514183514,""U"":101228059650,""a"":[[""82117.97000000"",""0.00014000""],[""82117.98000000"",""0.01575000""],[""82123.80000000"",""0.00007000""],[""82148.77000000"",""0.00000000""],[""85010.45000000"",""0.00000000""]],""b"":[[""82116.47000000"",""5.20384000""],[""82114.51000000"",""0.00609000""],[""82109.73000000"",""0.03000000""],[""80884.73000000"",""0.00064000""],[""78767.41000000"",""0.00000000""],[""73904.83000000"",""0.00356000""],[""73904.00000000"",""0.00000000""],[""65693.00000000"",""0.00400000""]],""e"":""depthUpdate"",""s"":""BTCUSDT"",""u"":101228059665}"
1791514183,687020273,spot,depth5,0,0,300,BTCUSDT,"{""asks"":[[""82116.48000000"",""3.21364000""],[""82116.49000000"",""0.00909000""],[""82116.50000000"",""0.00013000""],[""82116.67000000"",""0.00758000""],[""82117.67000000"",""0.00008000""]],""bids"":[[""82116.47000000"",""5.20384000""],[""82116.46000000"",""0.00013000""],[""82116.45000000"",""0.00048000""],[""82116.44000000"",""0.00120000""],[""82116.36000000"",""0.00014000""]],""lastUpdateId"":101228059668}"
1791514183,699374078,spot,depth_diff,0,0,301,BTCUSDT,"{""E"":1791514183614,""U"":101228059666,""a"":[[""82116.48000000"",""3.21364000""],[""82116.49000000"",""0.00909000""]],""b"":[[""65693.18000000"",""0.00240000""]],""e"":""depthUpdate"",""s"":""BTCUSDT"",""u"":101228059668}"
1791514183,765061502,spot,depth5,0,0,302,BTCUSDT,"{""asks"":[[""82116.48000000"",""3.21364000""],[""82116.49000000"",""0.00909000""],[""82116.50000000"",""0.00013000""],[""82116.67000000"",""0.00758000""],[""82117.67000000"",""0.00008000""]],""bids"":[[""82116.47000000"",""5.20384000""],[""82116.46000000"",""0.00013000""],[""82116.45000000"",""0.00048000""],[""82116.44000000"",""0.00120000""],[""82116.36000000"",""0.00014000""]],""lastUpdateId"":101228059673}"
1791514183,769584104,spot,depth_diff,0,0,303,BTCUSDT,"{""E"":1791514183714,""U"":101228059669,""a"":[[""82118.00000000"",""0.01273000""]],""b"":[[""82111.74000000"",""0.00200000""],[""82106.92000000"",""0.01000000""],[""82090.57000000"",""0.00200000""]],""e"":""depthUpdate"",""s"":""BTCUSDT"",""u"":101228059673}"
1791514183,773160005,spot,trade,0,0,304,BTCUSDT,"{""E"":1791514183714,""M"":true,""T"":1791514183714,""e"":""trade"",""m"":true,""p"":""82116.47000000"",""q"":""0.00134000"",""s"":""BTCUSDT"",""t"":6750015759}"
1791514183,864935539,spot,depth5,0,0,305,BTCUSDT,"{""asks"":[[""82116.48000000"",""3.79812000""],[""82116.49000000"",""0.00909000""],[""82116.50000000"",""0.00013000""],[""82116.67000000"",""0.00758000""],[""82117.67000000"",""0.00008000""]],""bids"":[[""82116.47000000"",""5.20373000""],[""82116.46000000"",""0.00013000""],[""82116.45000000"",""0.00048000""],[""82116.44000000"",""0.00120000""],[""82116.36000000"",""0.00014000""]],""lastUpdateId"":101228059688}"
1791514183,865796439,spot,depth_diff,0,0,306,BTCUSDT,"{""E"":1791514183814,""U"":101228059674,""a"":[[""82116.48000000"",""3.79812000""],[""83348.23000000"",""0.00046000""]],""b"":[[""82116.47000000"",""5.20373000""],[""82115.06000000"",""0.00000000""],[""82113.67000000"",""0.00243000""],[""82111.74000000"",""0.00000000""],[""80884.73000000"",""0.00072000""],[""80884.72000000"",""0.00565000""],[""73904.83000000"",""0.00356000""],[""73904.82000000"",""0.00008000""],[""65693.18000000"",""0.00210000""]],""e"":""depthUpdate"",""s"":""BTCUSDT"",""u"":101228059688}"
1791514183,881756845,spot,trade,0,0,307,BTCUSDT,"{""E"":1791514183829,""M"":true,""T"":1791514183829,""e"":""trade"",""m"":true,""p"":""82116.47000000"",""q"":""0.00307000"",""s"":""BTCUSDT"",""t"":6750015760}"
1791514183,972304879,spot,depth5,0,0,308,BTCUSDT,"{""asks"":[[""82116.48000000"",""3.79825000""],[""82116.49000000"",""0.00069000""],[""82116.50000000"",""0.00013000""],[""82116.67000000"",""0.00758000""],[""82117.43000000"",""0.00760000""]],""bids"":[[""82116.47000000"",""5.20356000""],[""82116.46000000"",""0.00013000""],[""82116.45000000"",""0.00048000""],[""82116.44000000"",""0.00120000""],[""82116.36000000"",""0.00014000""]],""lastUpdateId"":101228059704}"
1791514183,981701782,spot,depth_diff,0,0,309,BTCUSDT,"{""E"":1791514183914,""U"":101228059689,""a"":[[""82116.48000000"",""3.79825000""],[""82116.49000000"",""0.00069000""],[""82117.43000000"",""0.00760000""],[""82131.41000000"",""0.00243000""]],""b"":[[""82116.47000000"",""5.20356000""],[""82112.46000000"",""0.00000000""],[""82111.00000000"",""0.00609000""],[""82106.92000000"",""0.00600000""],[""82077.14000000"",""0.00000000""],[""82068.88000000"",""0.00000000""],[""82051.61000000"",""0.00800000""]],""e"":""depthUpdate"",""s"":""BTCUSDT"",""u"":101228059704}"
1791514184,75770017,spot,depth5,0,0,310,BTCUSDT,"{""asks"":[[""82116.48000000"",""3.79825000""],[""82116.49000000"",""0.00069000""],[""82116.50000000"",""0.00013000""],[""82116.67000000"",""0.00758000""],[""82117.43000000"",""0.00760000""]],""bids"":[[""82116.47000000"",""5.20356000""],[""82116.46000000"",""0.00013000""],[""82116.45000000"",""0.00048000""],[""82116.44000000"",""0.00120000""],[""82116.36000000"",""0.00014000""]],""lastUpdateId"":101228059727}"
1791514184,81184119,spot,depth_diff,0,0,311,BTCUSDT,"{""E"":1791514184014,""U"":101228059705,""a"":[[""82116.48000000"",""3.79825000""],[""82116.49000000"",""0.00069000""],[""82117.97000000"",""0.00000000""],[""82117.98000000"",""0.00000000""],[""82118.00000000"",""0.00660000""],[""82118.16000000"",""0.00636000""],[""82123.80000000"",""0.00014000""],[""82131.41000000"",""0.00000000""]],""b"":[[""82097.93000000"",""0.00000000""],[""82097.85000000"",""0.05720000""],[""81852.01000000"",""0.00000000""],[""81850.87000000"",""0.00756000""],[""73904.83000000"",""0.00356000""],[""65693.18000000"",""0.00300000""]],""e"":""depthUpdate"",""s"":""BTCUSDT"",""u"":101228059727}"
1791514184,169931752,spot,depth5,0,0,312,BTCUSDT,"{""asks"":[[""82116.48000000"",""3.79825000""],[""82116.49000000"",""0.00069000""],[""82116.50000000"",""0.00013000""],[""82116.67000000"",""0.00758000""],[""82117.43000000"",""0.00760000""]],""bids"":[[""82116.47000000"",""5.20356000""],[""82116.46000000"",""0.00013000""],[""82116.45000000"",""0.00048000""],[""82116.44000000"",""0.00120000""],[""82116.36000000"",""0.00014000""]],""lastUpdateId"":101228059736}"
1791514184,222700172,spot,depth_diff,0,0,313,BTCUSDT,"{""E"":1791514184114,""U"":101228059728,""a"":[[""82129.20000000"",""0.00007000""],[""82131.42000000"",""0.00243000""],[""82146.20000000"",""0.00200000""]],""b"":[[""82111.18000000"",""0.00200000""],[""82096.34000000"",""0.00007000""],[""81976.73000000"",""0.00000000""],[""80884.73000000"",""0.00072000""]],""e"":""depthUpdate"",""s"":""BTCUSDT"",""u"":101228059736}"
1791514184,247797581,spot,trade,0,0,314,BTCUSDT,"{""E"":1791514184138,""M"":true,""T"":1791514184138,""e"":""trade"",""m"":true,""p"":""82116.47000000"",""q"":""0.00170000"",""s"":""BTCUSDT"",""t"":6750015761}"
1791514184,280134893,spot,depth5,0,0,315,BTCUSDT,"{""asks"":[[""82116.48000000"",""3.79825000""],[""82116.49000000"",""0.00069000""],[""82116.50000000"",""0.00013000""],[""82116.67000000"",""0.00758000""],[""82117.43000000"",""0.00760000""]],""bids"":[[""82116.47000000"",""5.20186000""],[""82116.46000000"",""0.00013000""],[""82116.45000000"",""0.00048000""],[""82116.44000000"",""0.00120000""],[""82116.36000000"",""0.00014000""]],""lastUpdateId"":101228059744}"
1791514184,295941099,spot,depth_diff,0,0,316,BTCUSDT,"{""E"":1791514184214,""U"":101228059737,""a"":[[""82131.42000000"",""0.00000000""]],""b"":[[""82116.47000000"",""5.20186000""],[""82106.92000000"",""0.01000000""],[""81982.11000000"",""0.01907000""],[""80211.00000000"",""0.21038000""],[""73904.82000000"",""0.00000000""],[""73904.81000000"",""0.00008000""],[""65693.18000000"",""0.00270000""]],""e"":""depthUpdate"",""s"":""BTCUSDT"",""u"":101228059744}"
1791514184,372386015,spot,depth5,0,0,317,BTCUSDT,"{""asks"":[[""82116.48000000"",""3.79825000""],[""82116.49000000"",""0.00069000""],[""82116.50000000"",""0.00013000""],[""82116.67000000"",""0.00758000""],[""82117.43000000"",""0.00760000""]],""bids"":[[""82116.47000000"",""5.20356000""],[""82116.46000000"",""0.00013000""],[""82116.45000000"",""0.00048000""],[""82116.44000000"",""0.00120000""],[""82116.36000000"",""0.00014000""]],""lastUpdateId"":101228059751}"
1791514184,391274318,spot,depth_diff,0,0,318,BTCUSDT,"{""E"":1791514184314,""U"":101228059745,""a"":[[""82131.43000000"",""0.00243000""]],""b"":[[""82116.47000000"",""5.20356000""],[""82106.92000000"",""0.00600000""],[""80884.73000000"",""0.00064000""],[""73904.83000000"",""0.00356000""]],""e"":""depthUpdate"",""s"":""BTCUSDT"",""u"":101228059751}"
1791514184,467722534,spot,depth5,0,0,319,BTCUSDT,"{""asks"":[[""82116.48000000"",""3.79825000""],[""82116.49000000"",""0.00069000""],[""82116.50000000"",""0.00013000""],[""82116.67000000"",""0.00758000""],[""82117.43000000"",""0.00760000""]],""bids"":[[""82116.47000000"",""5.20356000""],[""82116.46000000"",""0.00013000""],[""82116.45000000"",""0.00048000""],[""82116.44000000"",""0.00120000""],[""82116.36000000"",""0.00014000""]],""lastUpdateId"":101228059757}"
1791514184,509902243,spot,depth_diff,0,0,320,BTCUSDT,"{""E"":1791514184414,""U"":101228059752,""a"":[[""82242.57000000"",""0.14429000""]],""b"":[[""81996.21000000"",""0.10633000""],[""80884.73000000"",""0.00072000""],[""65693.18000000"",""0.00240000""]],""e"":""depthUpdate"",""s"":""BTCUSDT"",""u"":101228059757}"
1791514184,566745954,spot,depth5,0,0,321,BTCUSDT,"{""asks"":[[""82116.48000000"",""3.79825000""],[""82116.49000000"",""0.00069000""],[""82116.50000000"",""0.00013000""],[""82116.67000000"",""0.00758000""],[""82117.43000000"",""0.00760000""]],""bids"":[[""82116.47000000"",""5.20356000""],[""82116.46000000"",""0.00013000""],[""82116.45000000"",""0.00048000""],[""82116.44000000"",""0.00120000""],[""82116.36000000"",""0.00014000""]],""lastUpdateId"":101228059763}"
1791514184,593054160,spot,depth_diff,0,0,322,BTCUSDT,"{""E"":1791514184514,""U"":101228059758,""a"":[[""82126.07000000"",""0.00200000""],[""82131.43000000"",""0.00000000""],[""82131.44000000"",""0.00243000""]],""b"":[[""73904.83000000"",""0.00341000""],[""65693.00000000"",""0.00400000""]],""e"":""depthUpdate"",""s"":""BTCUSDT"",""u"":101228059763}"
1791514184,665483574,spot,depth5,0,0,323,BTCUSDT,"{""asks"":[[""82116.48000000"",""3.79825000""],[""82116.49000000"",""0.00069000""],[""82116.50000000"",""0.00013000""],[""82116.67000000"",""0.00758000""],[""82117.43000000"",""0.00760000""]],""bids"":[[""82116.47000000"",""5.20356000""],[""82116.46000000"",""0.00013000""],[""82116.45000000"",""0.00048000""],[""82116.44000000"",""0.00120000""],[""82116.36000000"",""0.00014000""]],""lastUpdateId"":101228059771}"
1791514184,666931775,spot,depth_diff,0,0,324,BTCUSDT,"{""E"":1791514184614,""U"":101228059764,""a"":[],""b"":[[""82106.40000000"",""0.00400000""],[""81825.98000000"",""0.00000000""],[""80884.73000000"",""0.00072000""],[""78767.41000000"",""0.00010000""],[""73904.83000000"",""0.00356000""],[""65693.18000000"",""0.00210000""]],""e"":""depthUpdate"",""s"":""BTCUSDT"",""u"":101228059771}"
1791514184,771868396,spot,depth5,0,0,325,BTCUSDT,"{""asks"":[[""82116.48000000"",""3.79825000""],[""82116.49000000"",""0.00069000""],[""82116.50000000"",""0.00013000""],[""82116.67000000"",""0.00758000""],[""82117.41000000"",""0.00014000""]],""bids"":[[""82116.47000000"",""5.20356000""],[""82116.46000000"",""0.00013000""],[""82116.45000000"",""0.00048000""],[""82116.44000000"",""0.00120000""],[""82116.36000000"",""0.00014000""]],""lastUpdateId"":101228059795}"
1791514184,790877200,spot,depth_diff,0,0,326,BTCUSDT,"{""E"":1791514184715,""U"":101228059772,""a"":[[""82116.48000000"",""3.79825000""],[""82116.49000000"",""0.00069000""],[""82117.41000000"",""0.00014000""],[""82117.42000000"",""0.01992000""],[""82118.00000000"",""0.01215000""],[""82118.16000000"",""0.00007000""],[""82123.80000000"",""0.00007000""],[""82130.74000000"",""0.00974000""],[""82131.44000000"",""0.00000000""],[""82131.45000000"",""0.00257000""]],""b"":[[""82114.50000000"",""0.00000000""],[""82113.06000000"",""0.00243000""],[""82111.18000000"",""0.00000000""],[""82108.44000000"",""0.00389000""],[""82103.24000000"",""0.00000000""],[""82067.38000000"",""0.00389000""],[""82062.18000000"",""0.34751000""],[""82034.54000000"",""0.00389000""],[""82029.34000000"",""0.00000000""],[""80542.78000000"",""0.00047000""]],""e"":""depthUpdate"",""s"":""BTCUSDT"",""u"":101228059795}"
1791514184,868839616,spot,depth5,0,0,327,BTCUSDT,"{""asks"":[[""82116.48000000"",""3.79216000""],[""82116.49000000"",""0.00069000""],[""82116.50000000"",""0.00013000""],[""82116.67000000"",""0.00758000""],[""82117.41000000"",""0.00014000""]],""bids"":[[""82116.47000000"",""5.20356000""],[""82116.46000000"",""0.00013000""],[""82116.45000000"",""0.00048000""],[""82116.44000000"",""0.00120000""],[""82116.36000000"",""0.00014000""]],""lastUpdateId"":101228059816}"
1791514184,876941017,spot,depth_diff,0,0,328,BTCUSDT,"{""E"":1791514184814,""U"":101228059796,""a"":[[""82116.48000000"",""3.79216000""],[""82117.42000000"",""0.00000000""],[""82122.52000000"",""0.00000000""],[""82123.05000000"",""0.00000000""],[""82123.96000000"",""0.00010000""],[""82126.07000000"",""0.00000000""],[""82161.04000000"",""0.00400000""],[""82163.10000000"",""0.00000000""],[""83348.23000000"",""0.00046000""],[""85010.45000000"",""0.00010000""]],""b"":[[""82113.30000000"",""0.00000000""],[""82112.88000000"",""0.00000000""],[""82111.07000000"",""0.00200000""],[""80884.72000000"",""0.00565000""],[""73904.83000000"",""0.00356000""],[""65693.18000000"",""0.00180000""]],""e"":""depthUpdate"",""s"":""BTCUSDT"",""u"":101228059816}"
1791514184,977275738,spot,depth5,0,0,329,BTCUSDT,"{""asks"":[[""82116.48000000"",""3.79209000""],[""82116.49000000"",""0.00062000""],[""82116.50000000"",""0.00013000""],[""82116.67000000"",""0.00758000""],[""82117.43000000"",""0.00760000""]],""bids"":[[""82116.47000000"",""5.20363000""],[""82116.46000000"",""0.00013000""],[""82116.45000000"",""0.00048000""],[""82116.44000000"",""0.00120000""],[""82116.36000000"",""0.00014000""]],""lastUpdateId"":101228059845}"
1791514184,978117938,spot,depth_diff,0,0,330,BTCUSDT,"{""E"":1791514184914,""U"":101228059817,""a"":[[""82116.48000000"",""3.79209000""],[""82116.49000000"",""0.00062000""],[""82117.41000000"",""0.00000000""],[""82122.20000000"",""0.38618000""],[""82122.34000000"",""0.00196000""],[""82122.35000000"",""0.00014000""],[""82122.36000000"",""0.10682000""],[""82123.04000000"",""0.00007000""],[""82123.80000000"",""0.00021000""],[""82124.69000000"",""0.00008000""],[""82131.45000000"",""0.00014000""],[""82132.47000000"",""0.00243000""]],""b"":[[""82116.47000000"",""5.20363000""],[""82109.73000000"",""0.03007000""],[""82043.71000000"",""0.00784000""],[""80884.73000000"",""0.00072000""],[""73904.00000000"",""0.00020000""]],""e"":""depthUpdate"",""s"":""BTCUSDT"",""u"":101228059845}"
1791514184,994531541,spot,trade,0,0,331,BTCUSDT,"{""E"":1791514184942,""M"":true,""T"":1791514184942,""e"":""trade"",""m"":false,""p"":""82116.48000000"",""q"":""0.00007000"",""s"":""BTCUSDT"",""t"":6750015762}"
1791514185,92924562,spot,depth5,0,0,332,BTCUSDT,"{""asks"":[[""82116.48000000"",""3.79202000""],[""82116.49000000"",""0.00062000""],[""82116.50000000"",""0.00013000""],[""82116.67000000"",""0.00758000""],[""82117.43000000"",""0.00760000""]],""bids"":[[""82116.47000000"",""5.20363000""],[""82116.46000000"",""0.00013000""],[""82116.45000000"",""0.00048000""],[""82116.44000000"",""0.00120000""],[""82116.36000000"",""0.00014000""]],""lastUpdateId"":101228059855}"
1791514185,100162563,spot,depth_diff,0,0,333,BTCUSDT,"{""E"":1791514185014,""U"":101228059846,""a"":[[""82116.48000000"",""3.79202000""]],""b"":[[""82111.78000000"",""0.00200000""],[""81982.59000000"",""0.00636000""],[""73904.81000000"",""0.00000000""],[""73904.00000000"",""0.00000000""],[""65693.18000000"",""0.00270000""]],""e"":""depthUpdate"",""s"":""BTCUSDT"",""u"":101228059855}"
1791514185,168541577,spot,depth5,0,0,334,BTCUSDT,"{""asks"":[[""82116.48000000"",""3.79202000""],[""82116.49000000"",""0.00062000""],[""82116.50000000"",""0.00013000""],[""82116.67000000"",""0.00758000""],[""82117.43000000"",""0.00760000""]],""bids"":[[""82116.47000000"",""5.20363000""],[""82116.46000000"",""0.00013000""],[""82116.45000000"",""0.00048000""],[""82116.44000000"",""0.00120000""],[""82116.36000000"",""0.00014000""]],""lastUpdateId"":101228059859}"
1791514185,173412778,spot,depth_diff,0,0,335,BTCUSDT,"{""E"":1791514185114,""U"":101228059856,""a"":[[""82129.20000000"",""0.00000000""],[""82132.47000000"",""0.00000000""]],""b"":[[""82096.34000000"",""0.00000000""],[""82093.69000000"",""0.79177000""],[""73904.83000000"",""0.00371000""]],""e"":""depthUpdate"",""s"":""BTCUSDT"",""u"":101228059859}"
1791514185,272757599,spot,depth5,0,0,336,BTCUSDT,"{""asks"":[[""82116.48000000"",""3.79202000""],[""82116.49000000"",""0.00062000""],[""82116.50000000"",""0.00013000""],[""82116.67000000"",""0.00758000""],[""82117.43000000"",""0.00760000""]],""bids"":[[""82116.47000000"",""5.20363000""],[""82116.46000000"",""0.00013000""],[""82116.45000000"",""0.00048000""],[""82116.44000000"",""0.00120000""],[""82116.36000000"",""0.00014000""]],""lastUpdateId"":101228059865}"
1791514185,274086099,spot,depth_diff,0,0,337,BTCUSDT,"{""E"":1791514185214,""U"":101228059860,""a"":[[""82129.20000000"",""0.00007000""],[""82132.48000000"",""0.00243000""]],""b"":[[""82096.34000000"",""0.00007000""],[""80884.73000000"",""0.00072000""],[""65693.18000000"",""0.00240000""]],""e"":""depthUpdate"",""s"":""BTCUSDT"",""u"":101228059865}"
1791514185,372303520,spot,depth5,0,0,338,BTCUSDT,"{""asks"":[[""82116.48000000"",""3.90150000""],[""82116.49000000"",""0.00062000""],[""82116.50000000"",""0.00013000""],[""82116.67000000"",""0.00758000""],[""82117.43000000"",""0.00760000""]],""bids"":[[""82116.47000000"",""5.20356000""],[""82116.46000000"",""0.00013000""],[""82116.45000000"",""0.00048000""],[""82116.44000000"",""0.00120000""],[""82116.36000000"",""0.00014000""]],""lastUpdateId"":101228059875}"
1791514185,373780220,spot,depth_diff,0,0,339,BTCUSDT,"{""E"":1791514185314,""U"":101228059866,""a"":[[""82116.48000000"",""3.90150000""],[""82118.00000000"",""0.00660000""],[""82132.48000000"",""0.00000000""],[""82132.49000000"",""0.00243000""],[""82149.33000000"",""0.00224000""]],""b"":[[""82116.47000000"",""5.20356000""],[""82109.73000000"",""0.03000000""],[""73904.83000000"",""0.00371000""]],""e"":""depthUpdate"",""s"":""BTCUSDT"",""u"":101228059875}"
1791514185,466508339,spot,depth5,0,0,340,BTCUSDT,"{""asks"":[[""82116.48000000"",""2.94194000""],[""82116.49000000"",""0.00062000""],[""82116.50000000"",""0.00013000""],[""82116.67000000"",""0.00758000""],[""82117.43000000"",""0.00760000""]],""bids"":[[""82116.47000000"",""5.20356000""],[""82116.46000000"",""0.00013000""],[""82116.45000000"",""0.00048000""],[""82116.44000000"",""0.00120000""],[""82116.36000000"",""0.00014000""]],""lastUpdateId"":101228059892}"
1791514185,473122840,spot,depth_diff,0,0,341,BTCUSDT,"{""E"":1791514185414,""U"":101228059876,""a"":[[""82116.48000000"",""2.94194000""],[""82126.40000000"",""0.00000000""],[""82130.74000000"",""0.00960000""],[""82146.20000000"",""0.00000000""],[""82147.46000000"",""0.00200000""],[""82158.98000000"",""0.00400000""],[""82161.04000000"",""0.00000000""]],""b"":[[""82113.30000000"",""0.00000000""],[""82107.86000000"",""0.00200000""],[""82107.74000000"",""0.00200000""],[""82106.40000000"",""0.00000000""],[""80884.73000000"",""0.00064000""],[""65693.18000000"",""0.00210000""]],""e"":""depthUpdate"",""s"":""BTCUSDT"",""u"":101228059892}"
1791514185,575120761,spot,depth5,0,0,342,BTCUSDT,"{""asks"":[[""82116.48000000"",""2.94194000""],[""82116.49000000"",""0.00062000""],[""82116.50000000"",""0.00013000""],[""82116.67000000"",""0.00758000""],[""82117.43000000"",""0.00760000""]],""bids"":[[""82116.47000000"",""5.20356000""],[""82116.46000000"",""0.00013000""],[""82116.45000000"",""0.00048000""],[""82116.44000000"",""0.00120000""],[""82116.36000000"",""0.00014000""]],""lastUpdateId"":101228059899}"
1791514185,577700162,spot,depth_diff,0,0,343,BTCUSDT,"{""E"":1791514185514,""U"":101228059893,""a"":[],""b"":[[""82111.78000000"",""0.00000000""],[""80884.73000000"",""0.00072000""],[""80809.82000000"",""0.00000000""],[""65693.18000000"",""0.00330000""]],""e"":""depthUpdate"",""s"":""BTCUSDT"",""u"":101228059899}"
1791514185,669315681,spot,depth5,0,0,344,BTCUSDT,"{""asks"":[[""82116.48000000"",""2.94201000""],[""82116.49000000"",""0.00069000""],[""82116.50000000"",""0.00013000""],[""82116.67000000"",""0.00758000""],[""82117.43000000"",""0.00760000""]],""bids"":[[""82116.47000000"",""5.20363000""],[""82116.46000000"",""0.00013000""],[""82116.45000000"",""0.00048000""],[""82116.44000000"",""0.00120000""],[""82116.36000000"",""0.00014000""]],""lastUpdateId"":101228059912}"
1791514185,670398981,spot,depth_diff,0,0,345,BTCUSDT,"{""E"":1791514185614,""U"":101228059900,""a"":[[""82116.48000000"",""2.94201000""],[""82116.49000000"",""0.00069000""],[""82118.16000000"",""0.00590000""],[""82132.49000000"",""0.00000000""],[""82132.50000000"",""0.00243000""]],""b"":[[""82116.47000000"",""5.20363000""],[""82109.73000000"",""0.03007000""],[""80859.04000000"",""0.00008000""],[""73904.83000000"",""0.00371000""],[""65693.18000000"",""0.00300000""],[""65693.00000000"",""0.00400000""]],""e"":""depthUpdate"",""s"":""BTCUSDT"",""u"":101228059912}"
1791514185,702289488,spot,trade,0,0,346,BTCUSDT,"{""E"":1791514185648,""M"":true,""T"":1791514185648,""e"":""trade"",""m"":false,""p"":""82116.48000000"",""q"":""0.00009000"",""s"":""BTCUSDT"",""t"":6750015763}"
1791514185,776385103,spot,depth5,0,0,347,BTCUSDT,"{""asks"":[[""82116.48000000"",""2.94192000""],[""82116.49000000"",""0.00069000""],[""82116.50000000"",""0.00013000""],[""82116.67000000"",""0.00758000""],[""82117.43000000"",""0.00760000""]],""bids"":[[""82116.47000000"",""5.20363000""],[""82116.46000000"",""0.00013000""],[""82116.45000000"",""0.00048000""],[""82116.44000000"",""0.00120000""],[""82116.36000000"",""0.00014000""]],""lastUpdateId"":101228059916}"
1791514185,793212007,spot,depth_diff,0,0,348,BTCUSDT,"{""E"":1791514185714,""U"":101228059913,""a"":[[""82116.48000000"",""2.94192000""]],""b"":[[""82107.86000000"",""0.00000000""],[""80884.73000000"",""0.00064000""],[""73904.83000000"",""0.00379000""]],""e"":""depthUpdate"",""s"":""BTCUSDT"",""u"":101228059916}"
1791514185,825294513,spot,trade,0,0,349,BTCUSDT,"{""E"":1791514185766,""M"":true,""T"":1791514185766,""e"":""trade"",""m"":false,""p"":""82116.48000000"",""q"":""0.00127000"",""s"":""BTCUSDT"",""t"":6750015764}"
1791514185,872738823,spot,depth5,0,0,350,BTCUSDT,"{""asks"":[[""82116.48000000"",""3.90012000""],[""82116.49000000"",""0.00069000""],[""82116.50000000"",""0.00013000""],[""82116.67000000"",""0.00758000""],[""82117.43000000"",""0.00760000""]],""bids"":[[""82116.47000000"",""5.20356000""],[""82116.46000000"",""0.00013000""],[""82116.45000000"",""0.00048000""],[""82116.44000000"",""0.00120000""],[""82116.36000000"",""0.00014000""]],""lastUpdateId"":101228059933}"
1791514185,898905728,spot,depth_diff,0,0,351,BTCUSDT,"{""E"":1791514185814,""U"":101228059917,""a"":[[""82116.48000000"",""3.90012000""],[""82131.28000000"",""0.00082000""],[""83348.23000000"",""0.00046000""]],""b"":[[""82116.47000000"",""5.20356000""],[""82113.30000000"",""0.00007000""],[""82111.55000000"",""0.00200000""],[""82109.73000000"",""0.03000000""],[""82107.74000000"",""0.00000000""],[""81852.01000000"",""0.00756000""],[""81850.87000000"",""0.00000000""],[""80884.73000000"",""0.00072000""],[""80884.72000000"",""0.00565000""],[""73904.83000000"",""0.00364000""],[""65693.18000000"",""0.00270000""]],""e"":""depthUpdate"",""s"":""BTCUSDT"",""u"":101228059933}"
1791514185,980968845,spot,depth5,0,0,352,BTCUSDT,"{""asks"":[[""82116.48000000"",""3.90012000""],[""82116.49000000"",""0.00069000""],[""82116.50000000"",""0.00013000""],[""82116.67000000"",""0.00758000""],[""82117.43000000"",""0.00760000""]],""bids"":[[""82116.47000000"",""5.20363000""],[""82116.46000000"",""0.00013000""],[""82116.45000000"",""0.00048000""],[""82116.44000000"",""0.00120000""],[""82116.36000000"",""0.00014000""]],""lastUpdateId"":101228059938}"
1791514185,992814648,spot,depth_diff,0,0,353,BTCUSDT,"{""E"":1791514185914,""U"":101228059934,""a"":[],""b"":[[""82116.47000000"",""5.20363000""],[""82106.92000000"",""0.01000000""],[""73904.83000000"",""0.00379000""],[""65693.00000000"",""0.00600000""]],""e"":""depthUpdate"",""s"":""BTCUSDT"",""u"":101228059938}"
1791514186,75002265,spot,depth5,0,0,354,BTCUSDT,"{""asks"":[[""82116.48000000"",""3.90634000""],[""82116.49000000"",""0.00069000""],[""82116.50000000"",""0.00013000""],[""82116.67000000"",""0.00758000""],[""82117.43000000"",""0.00760000""]],""bids"":[[""82116.47000000"",""5.20363000""],[""82116.46000000"",""0.00013000""],[""82116.45000000"",""0.00048000""],[""82116.44000000"",""0.00120000""],[""82116.36000000"",""0.00014000""]],""lastUpdateId"":101228059946}"
1791514186,105412972,spot,depth_diff,0,0,355,BTCUSDT,"{""E"":1791514186014,""U"":101228059939,""a"":[[""82116.48000000"",""3.90634000""],[""82132.50000000"",""0.00000000""],[""82132.51000000"",""0.00243000""]],""b"":[[""80884.73000000"",""0.00072000""],[""65693.18000000"",""0.00240000""],[""65693.00000000"",""0.00400000""]],""e"":""depthUpdate"",""s"":""BTCUSDT"",""u"":101228059946}"
1791514186,171853485,spot,depth5,0,0,356,BTCUSDT,"{""asks"":[[""82116.48000000"",""3.90634000""],[""82116.49000000"",""0.00069000""],[""82116.50000000"",""0.00013000""],[""82116.67000000"",""0.00758000""],[""82117.43000000"",""0.00760000""]],""bids"":[[""82116.47000000"",""5.20363000""],[""82116.46000000"",""0.00013000""],[""82116.45000000"",""0.00048000""],[""82116.44000000"",""0.00120000""],[""82116.36000000"",""0.00014000""]],""lastUpdateId"":101228059954}"
1791514186,382926130,spot,depth_diff,0,0,357,BTCUSDT,"{""E"":1791514186114,""U"":101228059947,""a"":[[""82120.61000000"",""0.00024000""]],""b"":[[""82111.55000000"",""0.00000000""],[""82106.92000000"",""0.00600000""],[""73904.83000000"",""0.00379000""],[""73904.00000000"",""0.00000000""]],""e"":""depthUpdate"",""s"":""BTCUSDT"",""u"":101228059954}"
1791514186,572584370,spot,depth5,0,0,358,BTCUSDT,"{""asks"":[[""82116.48000000"",""3.90634000""],[""82116.49000000"",""0.00069000""],[""82116.50000000"",""0.00013000""],[""82116.67000000"",""0.00758000""],[""82117.41000000"",""0.00014000""]],""bids"":[[""82116.47000000"",""5.20363000""],[""82116.46000000"",""0.00013000""],[""82116.45000000"",""0.00048000""],[""82116.44000000"",""0.00120000""],[""82116.36000000"",""0.00014000""]],""lastUpdateId"":101228059970}"
1791514186,631675482,spot,depth_diff,0,0,359,BTCUSDT,"{""E"":1791514186214,""U"":101228059955,""a"":[[""82117.41000000"",""0.00014000""],[""82117.42000000"",""0.01981000""],[""82118.00000000"",""0.01245000""],[""82118.16000000"",""0.00007000""],[""82123.80000000"",""0.00007000""],[""82129.20000000"",""0.00007000""],[""82132.51000000"",""0.00000000""],[""82156.92000000"",""0.00400000""],[""82158.98000000"",""0.00000000""],[""82314.19000000"",""0.00130000""]],""b"":[[""82096.34000000"",""0.00007000""],[""81934.84000000"",""0.00000000""],[""65693.18000000"",""0.00210000""]],""e"":""depthUpdate"",""s"":""BTCUSDT"",""u"":101228059970}"
1791514186,706000598,spot,depth5,0,0,360,BTCUSDT,"{""asks"":[[""82116.48000000"",""4.28419000""],[""82116.49000000"",""0.00069000""],[""82116.50000000"",""0.00013000""],[""82116.67000000"",""0.00758000""],[""82117.41000000"",""0.00014000""]],""bids"":[[""82116.47000000"",""4.61972000""],[""82116.46000000"",""0.00055000""],[""82116.45000000"",""0.00048000""],[""82116.44000000"",""0.00120000""],[""82116.36000000"",""0.00014000""]],""lastUpdateId"":101228060048}"
1791514186,706857198,spot,depth_diff,0,0,361,BTCUSDT,"{""E"":1791514186314,""U"":101228059971,""a"":[[""82116.48000000"",""4.28419000""],[""82116.49000000"",""0.00069000""],[""82124.52000000"",""0.00609000""],[""82125.33000000"",""0.00200000""],[""82126.00000000"",""0.00609000""],[""82128.92000000"",""0.34951000""],[""82129.49000000"",""0.00000000""],[""82129.96000000"",""0.00000000""],[""82130.96000000"",""0.00000000""],[""82132.52000000"",""0.00243000""]],""b"":[[""82116.47000000"",""4.61972000""],[""82116.46000000"",""0.00055000""],[""82114.51000000"",""0.00000000""],[""82113.67000000"",""0.00000000""],[""82113.31000000"",""0.00000000""],[""82111.99000000"",""0.00852000""],[""82111.60000000"",""0.00400000""],[""82111.11000000"",""0.00609000""],[""82111.07000000"",""0.00000000""],[""82111.00000000"",""0.00000000""],[""82109.73000000"",""0.03007000""],[""82109.42000000"",""0.00609000""],[""82108.88000000"",""0.00200000""],[""82106.40000000"",""0.00400000""],[""82104.00000000"",""0.00012000""],[""82093.87000000"",""0.00000000""],[""82090.57000000"",""0.00000000""],[""82088.81000000"",""0.00200000""],[""82081.43000000"",""0.63363000""],[""82077.35000000"",""0.00752000""],[""80884.73000000"",""0.00064000""],[""73904.83000000"",""0.00364000""]],""e"":""depthUpdate"",""s"":""BTCUSDT"",""u"":101228060048}"
1791514186,715338200,spot,depth5,0,0,362,BTCUSDT,"{""asks"":[[""82116.48000000"",""4.28419000""],[""82116.49000000"",""0.00069000""],[""82116.50000000"",""0.00013000""],[""82116.67000000"",""0.00758000""],[""82117.41000000"",""0.00014000""]],""bids"":[[""82116.47000000"",""4.61972000""],[""82116.46000000"",""0.00055000""],[""82116.45000000"",""0.00048000""],[""82116.44000000"",""0.00120000""],[""82116.36000000"",""0.00014000""]],""lastUpdateId"":101228060053}"
1791514186,717708000,spot,depth_diff,0,0,363,BTCUSDT,"{""E"":1791514186414,""U"":101228060049,""a"":[[""82123.96000000"",""0.00410000""],[""82124.58000000"",""0.00944000""],[""82156.92000000"",""0.00000000""]],""b"":[[""73904.83000000"",""0.00379000""],[""65693.18000000"",""0.00180000""]],""e"":""depthUpdate"",""s"":""BTCUSDT"",""u"":101228060053}"
1791514186,720265501,spot,depth5,0,0,364,BTCUSDT,"{""asks"":[[""82116.48000000"",""4.27810000""],[""82116.49000000"",""0.00069000""],[""82116.50000000"",""0.00013000""],[""82116.67000000"",""0.00758000""],[""82117.41000000"",""0.00014000""]],""bids"":[[""82116.47000000"",""4.61972000""],[""82116.46000000"",""0.00048000""],[""82116.45000000"",""0.00048000""],[""82116.44000000"",""0.00120000""],[""82116.36000000"",""0.00014000""]],""lastUpdateId"":101228060069}"
1791514186,720940601,spot,depth_diff,0,0,365,BTCUSDT,"{""E"":1791514186514,""U"":101228060054,""a"":[[""82116.48000000"",""4.27810000""],[""82130.00000000"",""0.00692000""],[""82131.28000000"",""0.00068000""],[""82313.64000000"",""0.96105000""]],""b"":[[""82116.47000000"",""4.61972000""],[""82116.46000000"",""0.00048000""],[""82078.94000000"",""0.02997000""],[""81934.68000000"",""5.33584000""],[""65693.18000000"",""0.00300000""],[""65693.00000000"",""0.00400000""]],""e"":""depthUpdate"",""s"":""BTCUSDT"",""u"":101228060069}"
1791514186,722279901,spot,depth5,0,0,366,BTCUSDT,"{""asks"":[[""82116.48000000"",""4.16849000""],[""82116.49000000"",""0.00069000""],[""82116.50000000"",""0.00013000""],[""82116.67000000"",""0.00758000""],[""82117.41000000"",""0.00014000""]],""bids"":[[""82116.47000000"",""4.61972000""],[""82116.46000000"",""0.00048000""],[""82116.45000000"",""0.00048000""],[""82116.44000000"",""0.00120000""],[""82116.36000000"",""0.00014000""]],""lastUpdateId"":101228060088}"
1791514186,722909401,spot,depth_diff,0,0,367,BTCUSDT,"{""E"":1791514186614,""U"":101228060070,""a"":[[""82116.48000000"",""4.16849000""],[""82117.98000000"",""0.00014000""],[""82117.99000000"",""0.01908000""],[""82118.00000000"",""0.00660000""],[""82122.35000000"",""0.00000000""],[""82131.54000000"",""0.02000000""],[""82132.52000000"",""0.00000000""],[""82132.53000000"",""0.00243000""]],""b"":[[""82106.92000000"",""0.00400000""],[""82106.40000000"",""0.00200000""],[""80884.73000000"",""0.00064000""],[""73904.83000000"",""0.00379000""],[""65693.18000000"",""0.00270000""]],""e"":""depthUpdate"",""s"":""BTCUSDT"",""u"":101228060088}"
1791514186,723918901,spot,trade,0,0,368,BTCUSDT,"{""E"":1791514186637,""M"":true,""T"":1791514186637,""e"":""trade"",""m"":false,""p"":""82116.48000000"",""q"":""0.00008000"",""s"":""BTCUSDT"",""t"":6750015765}"
1791514186,773292412,spot,depth5,0,0,369,BTCUSDT,"{""asks"":[[""82116.48000000"",""4.16841000""],[""82116.49000000"",""0.00069000""],[""82116.50000000"",""0.00013000""],[""82116.67000000"",""0.00758000""],[""82117.41000000"",""0.00014000""]],""bids"":[[""82116.47000000"",""4.61972000""],[""82116.46000000"",""0.00048000""],[""82116.45000000"",""0.00048000""],[""82116.44000000"",""0.00120000""],[""82116.36000000"",""0.00014000""]],""lastUpdateId"":101228060096}"
1791514186,840613426,spot,depth_diff,0,0,370,BTCUSDT,"{""E"":1791514186714,""U"":101228060089,""a"":[[""82116.48000000"",""4.16841000""],[""82123.15000000"",""0.00532000""],[""82124.58000000"",""0.00000000""],[""82139.82000000"",""0.00000000""]],""b"":[[""82110.76000000"",""0.00200000""],[""82106.40000000"",""0.00600000""],[""73904.83000000"",""0.00371000""],[""73904.82000000"",""0.00008000""]],""e"":""depthUpdate"",""s"":""BTCUSDT"",""u"":101228060096}"
1791514186,906190140,spot,depth5,0,0,371,BTCUSDT,"{""asks"":[[""82116.48000000"",""4.16841000""],[""82116.49000000"",""0.00069000""],[""82116.50000000"",""0.00013000""],[""82116.67000000"",""0.00758000""],[""82117.41000000"",""0.00014000""]],""bids"":[[""82116.47000000"",""4.61979000""],[""82116.46000000"",""0.00048000""],[""82116.45000000"",""0.00048000""],[""82116.44000000"",""0.00120000""],[""82116.36000000"",""0.00014000""]],""lastUpdateId"":101228060104}"
1791514186,906780740,spot,depth_diff,0,0,372,BTCUSDT,"{""E"":1791514186814,""U"":101228060097,""a"":[[""82135.64000000"",""0.02000000""],[""83348.23000000"",""0.00046000""]],""b"":[[""82116.47000000"",""4.61979000""],[""80884.73000000"",""0.00056000""],[""80884.72000000"",""0.00565000""],[""65693.18000000"",""0.00240000""]],""e"":""depthUpdate"",""s"":""BTCUSDT"",""u"":101228060104}"
1791514186,968496053,spot,depth5,0,0,373,BTCUSDT,"{""asks"":[[""82116.48000000"",""4.16841000""],[""82116.49000000"",""0.00069000""],[""82116.50000000"",""0.00013000""],[""82116.67000000"",""0.00758000""],[""82117.41000000"",""0.00014000""]],""bids"":[[""82116.47000000"",""4.61979000""],[""82116.46000000"",""0.00048000""],[""82116.45000000"",""0.00048000""],[""82116.44000000"",""0.00120000""],[""82116.36000000"",""0.00014000""]],""lastUpdateId"":101228060120}"
1791514186,971150253,spot,depth_diff,0,0,374,BTCUSDT,"{""E"":1791514186914,""U"":101228060105,""a"":[[""82130.72000000"",""0.02658000""],[""82138.94000000"",""0.00000000""],[""82183.12000000"",""0.00000000""]],""b"":[[""82110.76000000"",""0.00000000""],[""82109.11000000"",""0.00000000""],[""82106.40000000"",""0.00200000""],[""82050.31000000"",""0.00000000""],[""82047.61000000"",""2.10406000""],[""80884.73000000"",""0.00064000""],[""73904.83000000"",""0.00371000""],[""65693.00000000"",""0.00400000""]],""e"":""depthUpdate"",""s"":""BTCUSDT"",""u"":101228060120}"
1791514187,72799075,spot,depth5,0,0,375,BTCUSDT,"{""asks"":[[""82116.48000000"",""4.16999000""],[""82116.49000000"",""0.00055000""],[""82116.50000000"",""0.00013000""],[""82116.67000000"",""0.00758000""],[""82117.41000000"",""0.00014000""]],""bids"":[[""82116.47000000"",""1.52879000""],[""82116.46000000"",""0.00041000""],[""82116.45000000"",""0.00025000""],[""82116.44000000"",""0.00120000""],[""82116.05000000"",""0.00008000""]],""lastUpdateId"":101228060260}"
1791514187,73678575,spot,depth_diff,0,0,376,BTCUSDT,"{""E"":1791514187014,""U"":101228060121,""a"":[[""82116.48000000"",""4.16999000""],[""82116.49000000"",""0.00055000""],[""82117.98000000"",""0.00000000""],[""82117.99000000"",""0.01264000""],[""82120.61000000"",""0.00014000""],[""82122.19000000"",""0.00014000""],[""82122.20000000"",""0.38611000""],[""82122.34000000"",""0.00000000""],[""82122.36000000"",""0.00000000""],[""82123.80000000"",""0.00014000""],[""82125.10000000"",""0.00948000""],[""82125.61000000"",""0.00609000""],[""82127.61000000"",""0.00000000""],[""82128.60000000"",""0.00000000""],[""82128.79000000"",""0.00014000""],[""82128.91000000"",""0.00200000""],[""82130.00000000"",""0.00678000""],[""82131.61000000"",""0.00000000""],[""82132.53000000"",""0.00000000""],[""82143.91000000"",""0.00000000""],[""82147.46000000"",""0.00000000""]],""b"":[[""82116.47000000"",""1.52879000""],[""82116.46000000"",""0.00041000""],[""82116.45000000"",""0.00025000""],[""82116.36000000"",""0.00000000""],[""82116.35000000"",""0.00000000""],[""82115.86000000"",""0.03257000""],[""82115.76000000"",""0.00000000""],[""82115.69000000"",""0.03653000""],[""82114.04000000"",""0.00243000""],[""82113.96000000"",""0.00000000""],[""82113.95000000"",""0.00000000""],[""82113.39000000"",""0.00122000""],[""82113.30000000"",""0.00014000""],[""82113.29000000"",""0.22375000""],[""82113.06000000"",""0.00007000""],[""82111.99000000"",""0.00609000""],[""82111.50000000"",""0.00007000""],[""82111.48000000"",""0.09614000""],[""82111.47000000"",""0.03075000""],[""82111.11000000"",""0.00000000""],[""82110.68000000"",""0.09614000""],[""82110.67000000"",""0.60657000""],[""82110.01000000"",""0.00486000""],[""82109.55000000"",""0.00609000""],[""82109.42000000"",""0.00000000""],[""82109.41000000"",""0.85634000""],[""82108.88000000"",""0.00000000""],[""82108.27000000"",""0.00000000""],[""82107.41000000"",""0.00609000""],[""82106.40000000"",""0.00200000""],[""82105.87000000"",""0.00000000""],[""82105.48000000"",""0.00047000""],[""82103.88000000"",""0.00200000""],[""82088.81000000"",""0.00000000""],[""82087.24000000"",""0.00200000""],[""82077.35000000"",""0.00000000""],[""82051.61000000"",""0.00736000""],[""82047.62000000"",""0.79567000""],[""82047.28000000"",""0.00000000""],[""81852.01000000"",""0.00000000""],[""81850.87000000"",""0.00756000""],[""65693.18000000"",""0.00330000""]],""e"":""depthUpdate"",""s"":""BTCUSDT"",""u"":101228060260}"
1791514187,168088295,spot,depth5,0,0,377,BTCUSDT,"{""asks"":[[""82116.48000000"",""4.17622000""],[""82116.49000000"",""0.00062000""],[""82116.50000000"",""0.00013000""],[""82116.67000000"",""0.00758000""],[""82117.41000000"",""0.00014000""]],""bids"":[[""82116.47000000"",""1.52872000""],[""82116.46000000"",""0.00041000""],[""82116.45000000"",""0.00025000""],[""82116.44000000"",""0.00120000""],[""82116.05000000"",""0.00008000""]],""lastUpdateId"":101228060308}"
1791514187,170478096,spot,depth_diff,0,0,378,BTCUSDT,"{""E"":1791514187114,""U"":101228060261,""a"":[[""82116.48000000"",""4.17622000""],[""82116.49000000"",""0.00062000""],[""82117.98000000"",""0.00014000""],[""82117.99000000"",""0.01832000""],[""82123.80000000"",""0.00007000""],[""82134.81000000"",""0.02000000""],[""82199.94000000"",""0.00000000""]],""b"":[[""82116.47000000"",""1.52872000""],[""82115.69000000"",""0.03660000""],[""82114.04000000"",""0.00000000""],[""82113.45000000"",""0.00014000""],[""82113.44000000"",""0.09614000""],[""82113.29000000"",""0.39087000""],[""82113.06000000"",""0.00000000""],[""82113.05000000"",""0.04021000""],[""82112.84000000"",""0.00243000""],[""82112.43000000"",""0.09614000""],[""82112.21000000"",""0.00000000""],[""82111.99000000"",""0.00000000""],[""82111.47000000"",""0.03082000""],[""82111.36000000"",""0.60515000""],[""82110.69000000"",""0.34751000""],[""82110.68000000"",""0.00007000""],[""82110.67000000"",""0.00000000""],[""82110.02000000"",""0.00609000""],[""82109.73000000"",""0.03000000""],[""82108.53000000"",""0.00200000""],[""82106.40000000"",""0.00600000""],[""82102.90000000"",""0.00098000""],[""82073.16000000"",""0.00007000""],[""80884.73000000"",""0.00064000""],[""80000.00000000"",""227.77320000""],[""73904.83000000"",""0.00356000""]],""e"":""depthUpdate"",""s"":""BTCUSDT"",""u"":101228060308}"
1791514187,268104417,spot,depth5,0,0,379,BTCUSDT,"{""asks"":[[""82116.48000000"",""4.17622000""],[""82116.49000000"",""0.00062000""],[""82116.50000000"",""0.00013000""],[""82116.67000000"",""0.00758000""],[""82117.41000000"",""0.00014000""]],""bids"":[[""82116.47000000"",""3.28815000""],[""82116.46000000"",""0.00041000""],[""82116.45000000"",""0.00025000""],[""82116.44000000"",""0.00120000""],[""82116.05000000"",""0.00008000""]],""lastUpdateId"":101228060340}"
1791514187,273416518,spot,depth_diff,0,0,380,BTCUSDT,"{""E"":1791514187214,""U"":101228060309,""a"":[[""82129.20000000"",""0.00007000""],[""82143.05000000"",""0.00000000""]],""b"":[[""82116.47000000"",""3.28815000""],[""82115.69000000"",""0.03653000""],[""82113.45000000"",""0.00000000""],[""82113.44000000"",""0.00000000""],[""82113.39000000"",""0.00000000""],[""82113.29000000"",""0.15301000""],[""82113.06000000"",""0.00007000""],[""82113.05000000"",""0.04007000""],[""82112.43000000"",""0.00000000""],[""82111.48000000"",""0.00000000""],[""82111.47000000"",""0.03068000""],[""82111.36000000"",""0.00000000""],[""82109.73000000"",""0.03007000""],[""82108.53000000"",""0.00000000""],[""82106.41000000"",""0.00047000""],[""82105.48000000"",""0.00000000""],[""82096.34000000"",""0.00007000""],[""73904.83000000"",""0.00371000""],[""65693.18000000"",""0.00300000""]],""e"":""depthUpdate"",""s"":""BTCUSDT"",""u"":101228060340}"
1791514187,300803824,spot,trade,0,0,381,BTCUSDT,"{""E"":1791514187243,""M"":true,""T"":1791514187242,""e"":""trade"",""m"":true,""p"":""82116.47000000"",""q"":""0.10000000"",""s"":""BTCUSDT"",""t"":6750015766}"
1791514187,369958938,spot,depth5,0,0,382,BTCUSDT,"{""asks"":[[""82116.48000000"",""4.17622000""],[""82116.49000000"",""0.00062000""],[""82116.50000000"",""0.00013000""],[""82116.67000000"",""0.00758000""],[""82117.41000000"",""0.00014000""]],""bids"":[[""82116.47000000"",""3.18796000""],[""82116.46000000"",""0.00041000""],[""82116.45000000"",""0.00025000""],[""82116.44000000"",""0.00120000""],[""82116.05000000"",""0.00008000""]],""lastUpdateId"":101228060350}"
1791514187,409911747,spot,depth_diff,0,0,383,BTCUSDT,"{""E"":1791514187315,""U"":101228060341,""a"":[[""82135.69000000"",""0.02200000""]],""b"":[[""82116.47000000"",""3.18796000""],[""82110.70000000"",""1.50988000""],[""82107.37000000"",""0.59016000""],[""82102.90000000"",""0.10878000""],[""82013.43000000"",""0.00000000""],[""73904.82000000"",""0.00000000""],[""73904.00000000"",""0.00020000""]],""e"":""depthUpdate"",""s"":""BTCUSDT"",""u"":101228060350}"
1791514187,466946359,spot,depth5,0,0,384,BTCUSDT,"{""asks"":[[""82116.48000000"",""4.17622000""],[""82116.49000000"",""0.00062000""],[""82116.50000000"",""0.00013000""],[""82116.67000000"",""0.00758000""],[""82117.41000000"",""0.00014000""]],""bids"":[[""82116.47000000"",""3.18803000""],[""82116.46000000"",""0.00048000""],[""82116.45000000"",""0.00025000""],[""82116.44000000"",""0.00120000""],[""82116.05000000"",""0.00008000""]],""lastUpdateId"":101228060381}"
1791514187,479338662,spot,depth_diff,0,0,385,BTCUSDT,"{""E"":1791514187414,""U"":101228060351,""a"":[[""82125.10000000"",""0.00000000""],[""82128.91000000"",""0.00396000""],[""82144.44000000"",""0.33215000""],[""82404.08000000"",""0.00030000""]],""b"":[[""82116.47000000"",""3.18803000""],[""82116.46000000"",""0.00048000""],[""82114.07000000"",""0.00243000""],[""82113.29000000"",""0.58414000""],[""82112.84000000"",""0.00000000""],[""82111.47000000"",""0.03075000""],[""82110.71000000"",""0.00600000""],[""82106.92000000"",""0.00000000""],[""82106.40000000"",""0.00000000""],[""82095.28000000"",""0.00000000""],[""82092.87000000"",""0.08284000""],[""82073.16000000"",""0.00000000""],[""82047.61000000"",""0.00000000""],[""82044.91000000"",""2.10406000""],[""82013.44000000"",""0.40465000""],[""80884.73000000"",""0.00064000""],[""73904.83000000"",""0.00371000""],[""73904.00000000"",""0.00000000""],[""65693.18000000"",""0.00270000""]],""e"":""depthUpdate"",""s"":""BTCUSDT"",""u"":101228060381}"
1791514187,570707481,spot,depth5,0,0,386,BTCUSDT,"{""asks"":[[""82116.48000000"",""4.17622000""],[""82116.49000000"",""0.00062000""],[""82116.50000000"",""0.00013000""],[""82116.67000000"",""0.00758000""],[""82117.41000000"",""0.00014000""]],""bids"":[[""82116.47000000"",""3.18810000""],[""82116.46000000"",""0.00055000""],[""82116.45000000"",""0.00045000""],[""82116.44000000"",""0.00120000""],[""82116.05000000"",""0.00008000""]],""lastUpdateId"":101228060402}"
1791514187,571747381,spot,depth_diff,0,0,387,BTCUSDT,"{""E"":1791514187514,""U"":101228060382,""a"":[[""82117.98000000"",""0.00000000""],[""82117.99000000"",""0.01264000""],[""82120.46000000"",""0.00196000""],[""82120.49000000"",""0.10682000""],[""82123.80000000"",""0.00014000""],[""82143.93000000"",""0.00000000""]],""b"":[[""82116.47000000"",""3.18810000""],[""82116.46000000"",""0.00055000""],[""82116.45000000"",""0.00045000""],[""82114.00000000"",""0.00023000""],[""82110.71000000"",""0.00000000""],[""82109.39000000"",""0.00200000""],[""82106.40000000"",""0.01000000""]],""e"":""depthUpdate"",""s"":""BTCUSDT"",""u"":101228060402}"
1791514187,683251605,spot,depth5,0,0,388,BTCUSDT,"{""asks"":[[""82116.48000000"",""4.17650000""],[""82116.49000000"",""0.00062000""],[""82116.50000000"",""0.00013000""],[""82116.67000000"",""0.00758000""],[""82117.41000000"",""0.00014000""]],""bids"":[[""82116.47000000"",""3.18810000""],[""82116.46000000"",""0.00055000""],[""82116.45000000"",""0.00045000""],[""82116.44000000"",""0.00120000""],[""82116.05000000"",""0.00008000""]],""lastUpdateId"":101228060413}"
1791514187,697074608,spot,depth_diff,0,0,389,BTCUSDT,"{""E"":1791514187614,""U"":101228060403,""a"":[[""82116.48000000"",""4.17650000""],[""82117.42000000"",""0.04798000""],[""82120.48000000"",""0.00014000""],[""82120.61000000"",""0.00000000""]],""b"":[[""73904.83000000"",""0.00356000""],[""65693.18000000"",""0.00240000""]],""e"":""depthUpdate"",""s"":""BTCUSDT"",""u"":101228060413}"
1791514187,733404316,spot,trade,0,0,390,BTCUSDT,"{""E"":1791514187681,""M"":true,""T"":1791514187680,""e"":""trade"",""m"":false,""p"":""82116.48000000"",""q"":""0.00037000"",""s"":""BTCUSDT"",""t"":6750015767}"
1791514187,774350725,spot,depth5,0,0,391,BTCUSDT,"{""asks"":[[""82116.48000000"",""4.17613000""],[""82116.49000000"",""0.00062000""],[""82116.50000000"",""0.00013000""],[""82116.67000000"",""0.00758000""],[""82117.41000000"",""0.00014000""]],""bids"":[[""82116.47000000"",""4.70198000""],[""82116.46000000"",""0.00055000""],[""82116.45000000"",""0.00045000""],[""82116.44000000"",""0.00120000""],[""82116.05000000"",""0.00008000""]],""lastUpdateId"":101228060434}"
1791514187,784326727,spot,depth_diff,0,0,392,BTCUSDT,"{""E"":1791514187714,""U"":101228060414,""a"":[[""82116.48000000"",""4.17613000""],[""82122.20000000"",""0.32837000""],[""82128.79000000"",""0.00000000""],[""82130.04000000"",""0.00014000""]],""b"":[[""82116.47000000"",""4.70198000""],[""82107.38000000"",""0.00047000""],[""82106.41000000"",""0.00000000""],[""80884.73000000"",""0.00064000""],[""73904.83000000"",""0.00379000""],[""65693.00000000"",""0.00400000""]],""e"":""depthUpdate"",""s"":""BTCUSDT"",""u"":101228060434}"
1791514187,875255346,spot,depth5,0,0,393,BTCUSDT,"{""asks"":[[""82116.48000000"",""4.17613000""],[""82116.49000000"",""0.00062000""],[""82116.50000000"",""0.00013000""],[""82116.67000000"",""0.00758000""],[""82117.41000000"",""0.00014000""]],""bids"":[[""82116.47000000"",""4.70198000""],[""82116.46000000"",""0.00055000""],[""82116.45000000"",""0.00045000""],[""82116.44000000"",""0.00120000""],[""82116.05000000"",""0.00008000""]],""lastUpdateId"":101228060444}"
1791514187,914926755,spot,depth_diff,0,0,394,BTCUSDT,"{""E"":1791514187814,""U"":101228060435,""a"":[[""82183.12000000"",""0.02000000""],[""83348.23000000"",""0.00046000""]],""b"":[[""80884.72000000"",""0.00565000""],[""65693.18000000"",""0.00210000""],[""65693.00000000"",""0.00400000""]],""e"":""depthUpdate"",""s"":""BTCUSDT"",""u"":101228060444}"
1791514187,977150268,spot,depth5,0,0,395,BTCUSDT,"{""asks"":[[""82116.48000000"",""4.17613000""],[""82116.49000000"",""0.00062000""],[""82116.50000000"",""0.00013000""],[""82116.67000000"",""0.00758000""],[""82117.41000000"",""0.00014000""]],""bids"":[[""82116.47000000"",""5.15032000""],[""82116.46000000"",""0.00055000""],[""82116.45000000"",""0.00045000""],[""82116.44000000"",""0.00120000""],[""82116.05000000"",""0.00008000""]],""lastUpdateId"":101228060456}"
1791514187,984465669,spot,depth_diff,0,0,396,BTCUSDT,"{""E"":1791514187914,""U"":101228060445,""a"":[[""82117.98000000"",""0.00014000""],[""82117.99000000"",""0.01900000""],[""82119.29000000"",""0.00000000""]],""b"":[[""82116.47000000"",""5.15032000""],[""80884.73000000"",""0.00056000""],[""73904.83000000"",""0.00379000""],[""65693.00000000"",""0.00600000""]],""e"":""depthUpdate"",""s"":""BTCUSDT"",""u"":101228060456}"
1791514188,69082088,spot,depth5,0,0,397,BTCUSDT,"{""asks"":[[""82116.48000000"",""4.17613000""],[""82116.49000000"",""0.00062000""],[""82116.50000000"",""0.00013000""],[""82116.67000000"",""0.00758000""],[""82117.41000000"",""0.00014000""]],""bids"":[[""82116.47000000"",""5.15032000""],[""82116.46000000"",""0.00055000""],[""82116.45000000"",""0.00045000""],[""82116.44000000"",""0.00120000""],[""82116.05000000"",""0.00008000""]],""lastUpdateId"":101228060467}"
1791514188,98899594,spot,depth_diff,0,0,398,BTCUSDT,"{""E"":1791514188014,""U"":101228060457,""a"":[[""82125.30000000"",""0.00200000""],[""82128.91000000"",""0.00796000""],[""82129.57000000"",""0.00243000""]],""b"":[[""80884.73000000"",""0.00064000""],[""65693.18000000"",""0.00300000""],[""65693.00000000"",""0.00400000""]],""e"":""depthUpdate"",""s"":""BTCUSDT"",""u"":101228060467}"
1791514188,168596709,spot,depth5,0,0,399,BTCUSDT,"{""asks"":[[""82116.48000000"",""4.17613000""],[""82116.49000000"",""0.00062000""],[""82116.50000000"",""0.00013000""],[""82116.67000000"",""0.00758000""],[""82117.41000000"",""0.00014000""]],""bids"":[[""82116.47000000"",""4.79039000""],[""82116.46000000"",""0.00055000""],[""82116.45000000"",""0.00045000""],[""82116.44000000"",""0.00120000""],[""82116.05000000"",""0.00008000""]],""lastUpdateId"":101228060473}"
1791514188,172962310,spot,depth_diff,0,0,400,BTCUSDT,"{""E"":1791514188114,""U"":101228060468,""a"":[[""82129.57000000"",""0.00000000""],[""82130.48000000"",""0.00243000""],[""82199.94000000"",""0.02000000""]],""b"":[[""82116.47000000"",""4.79039000""],[""75547.16000000"",""0.00014000""]],""e"":""depthUpdate"",""s"":""BTCUSDT"",""u"":101228060473}"
1791514188,267818431,spot,depth5,0,0,401,BTCUSDT,"{""asks"":[[""82116.48000000"",""4.17004000""],[""82116.49000000"",""0.00062000""],[""82116.50000000"",""0.00013000""],[""82116.67000000"",""0.00758000""],[""82117.41000000"",""0.00014000""]],""bids"":[[""82116.47000000"",""4.79039000""],[""82116.46000000"",""0.00055000""],[""82116.45000000"",""0.00045000""],[""82116.44000000"",""0.00120000""],[""82116.05000000"",""0.00008000""]],""lastUpdateId"":101228060491}"
1791514188,269604231,spot,depth_diff,0,0,402,BTCUSDT,"{""E"":1791514188214,""U"":101228060474,""a"":[[""82116.48000000"",""4.17004000""],[""82117.98000000"",""0.00627000""],[""82117.99000000"",""0.01264000""],[""82129.20000000"",""0.00007000""],[""82133.91000000"",""0.02000000""]],""b"":[[""82116.47000000"",""4.79039000""],[""82115.99000000"",""0.00014000""],[""82115.98000000"",""0.03061000""],[""82113.06000000"",""0.00000000""],[""82109.73000000"",""0.03000000""],[""82096.34000000"",""0.00007000""],[""80884.73000000"",""0.00056000""],[""73904.83000000"",""0.00379000""],[""65693.18000000"",""0.00270000""]],""e"":""depthUpdate"",""s"":""BTCUSDT"",""u"":101228060491}"
1791514188,366349552,spot,depth5,0,0,403,BTCUSDT,"{""asks"":[[""82116.48000000"",""4.17004000""],[""82116.49000000"",""0.00062000""],[""82116.50000000"",""0.00013000""],[""82116.67000000"",""0.00758000""],[""82117.41000000"",""0.00014000""]],""bids"":[[""82116.47000000"",""5.73500000""],[""82116.46000000"",""0.00055000""],[""82116.45000000"",""0.00045000""],[""82116.44000000"",""0.00120000""],[""82116.05000000"",""0.00008000""]],""lastUpdateId"":101228060509}"
1791514188,367634852,spot,depth_diff,0,0,404,BTCUSDT,"{""E"":1791514188315,""U"":101228060492,""a"":[[""82116.48000000"",""4.17004000""],[""82117.98000000"",""0.00613000""],[""82123.80000000"",""0.00021000""],[""82124.69000000"",""0.00015000""],[""82130.48000000"",""0.00000000""],[""82130.49000000"",""0.00243000""],[""82135.55000000"",""0.02000000""],[""82142.19000000"",""0.00000000""],[""82169.26000000"",""0.00000000""],[""82253.36000000"",""0.00000000""]],""b"":[[""82116.47000000"",""5.73500000""],[""82071.78000000"",""0.00824000""],[""80884.73000000"",""0.00064000""]],""e"":""depthUpdate"",""s"":""BTCUSDT"",""u"":101228060509}"
1791514188,466890574,spot,depth5,0,0,405,BTCUSDT,"{""asks"":[[""82116.48000000"",""4.17004000""],[""82116.49000000"",""0.00062000""],[""82116.50000000"",""0.00013000""],[""82116.67000000"",""0.00758000""],[""82117.41000000"",""0.00014000""]],""bids"":[[""82116.47000000"",""5.73500000""],[""82116.46000000"",""0.00055000""],[""82116.45000000"",""0.00045000""],[""82116.44000000"",""0.00120000""],[""82116.05000000"",""0.00008000""]],""lastUpdateId"":101228060519}"
1791514188,468598874,spot,depth_diff,0,0,406,BTCUSDT,"{""E"":1791514188414,""U"":101228060510,""a"":[[""82143.82000000"",""0.00000000""],[""82169.26000000"",""0.00304000""],[""82253.36000000"",""0.00121000""]],""b"":[[""82115.72000000"",""0.00643000""],[""82114.07000000"",""0.00000000""],[""82109.89000000"",""0.00200000""],[""82109.39000000"",""0.00000000""],[""73904.83000000"",""0.00379000""],[""65693.18000000"",""0.00240000""]],""e"":""depthUpdate"",""s"":""BTCUSDT"",""u"":101228060519}"
1791514188,565059195,spot,depth5,0,0,407,BTCUSDT,"{""asks"":[[""82116.48000000"",""4.17620000""],[""82116.49000000"",""0.00069000""],[""82116.50000000"",""0.00013000""],[""82116.67000000"",""0.00758000""],[""82117.41000000"",""0.00014000""]],""bids"":[[""82116.47000000"",""5.73512000""],[""82116.46000000"",""0.00048000""],[""82116.45000000"",""0.00045000""],[""82116.44000000"",""0.00120000""],[""82116.05000000"",""0.00008000""]],""lastUpdateId"":101228060529}"
1791514188,566008395,spot,depth_diff,0,0,408,BTCUSDT,"{""E"":1791514188514,""U"":101228060520,""a"":[[""82116.48000000"",""4.17620000""],[""82116.49000000"",""0.00069000""]],""b"":[[""82116.47000000"",""5.73512000""],[""82116.46000000"",""0.00048000""],[""82051.61000000"",""0.00000000""],[""80884.73000000"",""0.00064000""],[""73904.00000000"",""0.00020000""]],""e"":""depthUpdate"",""s"":""BTCUSDT"",""u"":101228060529}"
1791514188,671748418,spot,depth5,0,0,409,BTCUSDT,"{""asks"":[[""82116.48000000"",""4.17620000""],[""82116.49000000"",""0.00069000""],[""82116.50000000"",""0.00013000""],[""82116.67000000"",""0.00758000""],[""82117.41000000"",""0.00014000""]],""bids"":[[""82116.47000000"",""5.73512000""],[""82116.46000000"",""0.00048000""],[""82116.45000000"",""0.00045000""],[""82116.44000000"",""0.00120000""],[""82116.05000000"",""0.00008000""]],""lastUpdateId"":101228060536}"
1791514188,675540519,spot,depth_diff,0,0,410,BTCUSDT,"{""E"":1791514188614,""U"":101228060530,""a"":[],""b"":[[""73904.00000000"",""0.00000000""],[""65693.18000000"",""0.00210000""],[""65693.00000000"",""0.00600000""]],""e"":""depthUpdate"",""s"":""BTCUSDT"",""u"":101228060536}"
1791514188,767254039,spot,depth5,0,0,411,BTCUSDT,"{""asks"":[[""82116.48000000"",""4.17620000""],[""82116.49000000"",""0.00069000""],[""82116.50000000"",""0.00013000""],[""82116.67000000"",""0.00758000""],[""82117.41000000"",""0.00014000""]],""bids"":[[""82116.47000000"",""5.73512000""],[""82116.46000000"",""0.00048000""],[""82116.45000000"",""0.00045000""],[""82116.44000000"",""0.00120000""],[""82116.05000000"",""0.00008000""]],""lastUpdateId"":101228060548}"
1791514188,768480339,spot,depth_diff,0,0,412,BTCUSDT,"{""E"":1791514188716,""U"":101228060537,""a"":[[""82124.52000000"",""0.00000000""],[""82125.30000000"",""0.00000000""],[""82126.31000000"",""0.00609000""],[""82130.49000000"",""0.00000000""],[""82130.50000000"",""0.00243000""],[""82144.44000000"",""0.33015000""],[""82146.26000000"",""0.00200000""]],""b"":[[""75547.16000000"",""0.00000000""],[""73904.83000000"",""0.00379000""],[""65693.00000000"",""0.00400000""]],""e"":""depthUpdate"",""s"":""BTCUSDT"",""u"":101228060548}"
1791514188,865080860,spot,depth5,0,0,413,BTCUSDT,"{""asks"":[[""82116.48000000"",""4.17620000""],[""82116.49000000"",""0.00069000""],[""82116.50000000"",""0.00013000""],[""82116.67000000"",""0.00758000""],[""82117.41000000"",""0.00014000""]],""bids"":[[""82116.47000000"",""5.73512000""],[""82116.46000000"",""0.00048000""],[""82116.45000000"",""0.00045000""],[""82116.44000000"",""0.00120000""],[""82116.05000000"",""0.00008000""]],""lastUpdateId"":101228060555}"
1791514188,866345760,spot,depth_diff,0,0,414,BTCUSDT,"{""E"":1791514188814,""U"":101228060549,""a"":[[""82125.80000000"",""0.00200000""],[""83348.23000000"",""0.00046000""]],""b"":[[""80884.73000000"",""0.00072000""],[""80884.72000000"",""0.00565000""],[""65693.18000000"",""0.00180000""]],""e"":""depthUpdate"",""s"":""BTCUSDT"",""u"":101228060555}"
1791514188,966057582,spot,depth5,0,0,415,BTCUSDT,"{""asks"":[[""82116.48000000"",""4.17620000""],[""82116.49000000"",""0.00069000""],[""82116.50000000"",""0.00013000""],[""82116.67000000"",""0.00758000""],[""82117.41000000"",""0.00014000""]],""bids"":[[""82116.47000000"",""5.73505000""],[""82116.46000000"",""0.00048000""],[""82116.45000000"",""0.00045000""],[""82116.44000000"",""0.00120000""],[""82116.05000000"",""0.00008000""]],""lastUpdateId"":101228060563}"
1791514188,967161682,spot,depth_diff,0,0,416,BTCUSDT,"{""E"":1791514188914,""U"":101228060556,""a"":[[""82117.43000000"",""0.00000000""],[""82117.98000000"",""0.00000000""],[""82119.29000000"",""0.00007000""],[""82124.69000000"",""0.00008000""]],""b"":[[""82116.47000000"",""5.73505000""],[""82071.78000000"",""0.00000000""],[""82067.18000000"",""0.00816000""],[""73904.83000000"",""0.00364000""]],""e"":""depthUpdate"",""s"":""BTCUSDT"",""u"":101228060563}"
1791514189,64949204,spot,depth5,0,0,417,BTCUSDT,"{""asks"":[[""82116.48000000"",""4.17585000""],[""82116.49000000"",""0.00055000""],[""82116.50000000"",""0.00013000""],[""82116.67000000"",""0.00758000""],[""82117.41000000"",""0.00014000""]],""bids"":[[""82116.47000000"",""4.35290000""],[""82116.46000000"",""0.00048000""],[""82116.45000000"",""0.00045000""],[""82116.44000000"",""0.00120000""],[""82116.05000000"",""0.00008000""]],""lastUpdateId"":101228060608}"
1791514189,65982504,spot,depth_diff,0,0,418,BTCUSDT,"{""E"":1791514189014,""U"":101228060564,""a"":[[""82116.48000000"",""4.17585000""],[""82116.49000000"",""0.00055000""],[""82119.29000000"",""0.00014000""],[""82120.46000000"",""0.00206000""],[""82122.20000000"",""0.32844000""],[""82123.25000000"",""0.00007000""],[""82123.26000000"",""0.02945000""],[""82123.80000000"",""0.00014000""],[""82125.80000000"",""0.00000000""],[""82130.50000000"",""0.00000000""],[""82130.51000000"",""0.00274000""]],""b"":[[""82116.47000000"",""4.35290000""],[""82111.47000000"",""0.03075000""],[""82110.71000000"",""0.34751000""],[""82110.69000000"",""0.00000000""],[""82109.73000000"",""0.03000000""],[""73904.83000000"",""0.00379000""],[""65693.18000000"",""0.00270000""]],""e"":""depthUpdate"",""s"":""BTCUSDT"",""u"":101228060608}"
1791514189,164746025,spot,depth5,0,0,419,BTCUSDT,"{""asks"":[[""82116.48000000"",""4.17606000""],[""82116.49000000"",""0.00062000""],[""82116.50000000"",""0.00013000""],[""82116.67000000"",""0.00758000""],[""82117.41000000"",""0.00014000""]],""bids"":[[""82116.47000000"",""4.35290000""],[""82116.46000000"",""0.00048000""],[""82116.45000000"",""0.00045000""],[""82116.44000000"",""0.00120000""],[""82116.05000000"",""0.00008000""]],""lastUpdateId"":101228060619}"
1791514189,165460326,spot,depth_diff,0,0,420,BTCUSDT,"{""E"":1791514189114,""U"":101228060609,""a"":[[""82116.48000000"",""4.17606000""],[""82116.49000000"",""0.00062000""],[""82120.46000000"",""0.00196000""]],""b"":[[""82116.47000000"",""4.35290000""],[""80884.73000000"",""0.00072000""]],""e"":""depthUpdate"",""s"":""BTCUSDT"",""u"":101228060619}"
1791514189,306812657,spot,depth5,0,0,421,BTCUSDT,"{""asks"":[[""82116.48000000"",""4.17606000""],[""82116.49000000"",""0.00062000""],[""82116.50000000"",""0.00013000""],[""82116.67000000"",""0.00758000""],[""82117.41000000"",""0.00014000""]],""bids"":[[""82116.47000000"",""4.60906000""],[""82116.46000000"",""0.00048000""],[""82116.45000000"",""0.00045000""],[""82116.44000000"",""0.00120000""],[""82116.05000000"",""0.00008000""]],""lastUpdateId"":101228060626}"
1791514189,307756257,spot,depth_diff,0,0,422,BTCUSDT,"{""E"":1791514189214,""U"":101228060620,""a"":[[""82125.25000000"",""0.00200000""]],""b"":[[""82116.47000000"",""4.60906000""],[""73904.83000000"",""0.00379000""],[""65693.18000000"",""0.00240000""]],""e"":""depthUpdate"",""s"":""BTCUSDT"",""u"":101228060626}"
1791514189,369529670,spot,depth5,0,0,423,BTCUSDT,"{""asks"":[[""82116.48000000"",""4.17606000""],[""82116.49000000"",""0.00062000""],[""82116.50000000"",""0.00013000""],[""82116.67000000"",""0.00758000""],[""82117.41000000"",""0.00014000""]],""bids"":[[""82116.47000000"",""4.60906000""],[""82116.46000000"",""0.00048000""],[""82116.45000000"",""0.00045000""],[""82116.44000000"",""0.00120000""],[""82116.05000000"",""0.00008000""]],""lastUpdateId"":101228060630}"
1791514189,388665875,spot,depth_diff,0,0,424,BTCUSDT,"{""E"":1791514189314,""U"":101228060627,""a"":[[""82129.20000000"",""0.00007000""]],""b"":[[""82096.34000000"",""0.00007000""],[""80884.73000000"",""0.00064000""]],""e"":""depthUpdate"",""s"":""BTCUSDT"",""u"":101228060630}"
1791514189,488780097,spot,depth5,0,0,425,BTCUSDT,"{""asks"":[[""82116.48000000"",""4.17606000""],[""82116.49000000"",""0.00062000""],[""82116.50000000"",""0.00013000""],[""82116.67000000"",""0.00758000""],[""82117.41000000"",""0.00014000""]],""bids"":[[""82116.47000000"",""4.60906000""],[""82116.46000000"",""0.00048000""],[""82116.45000000"",""0.00045000""],[""82116.44000000"",""0.00120000""],[""82116.05000000"",""0.00008000""]],""lastUpdateId"":101228060634}"
1791514189,491349397,spot,depth_diff,0,0,426,BTCUSDT,"{""E"":1791514189414,""U"":101228060631,""a"":[[""82130.51000000"",""0.00031000""],[""82130.52000000"",""0.00243000""]],""b"":[[""80884.73000000"",""0.00072000""],[""65693.18000000"",""0.00210000""]],""e"":""depthUpdate"",""s"":""BTCUSDT"",""u"":101228060634}"
1791514189,566960714,spot,depth5,0,0,427,BTCUSDT,"{""asks"":[[""82116.48000000"",""4.17606000""],[""82116.49000000"",""0.00062000""],[""82116.50000000"",""0.00013000""],[""82116.67000000"",""0.00758000""],[""82117.41000000"",""0.00014000""]],""bids"":[[""82116.47000000"",""4.60906000""],[""82116.46000000"",""0.00048000""],[""82116.45000000"",""0.00025000""],[""82116.44000000"",""0.00120000""],[""82116.05000000"",""0.00008000""]],""lastUpdateId"":101228060643}"
1791514189,576691516,spot,depth_diff,0,0,428,BTCUSDT,"{""E"":1791514189514,""U"":101228060635,""a"":[],""b"":[[""82116.45000000"",""0.00025000""],[""73904.83000000"",""0.00379000""],[""65693.18000000"",""0.00330000""],[""65693.00000000"",""0.00400000""]],""e"":""depthUpdate"",""s"":""BTCUSDT"",""u"":101228060643}"
1791514189,667567236,spot,depth5,0,0,429,BTCUSDT,"{""asks"":[[""82116.48000000"",""4.17606000""],[""82116.49000000"",""0.00062000""],[""82116.50000000"",""0.00013000""],[""82116.67000000"",""0.00758000""],[""82117.41000000"",""0.00014000""]],""bids"":[[""82116.47000000"",""4.60887000""],[""82116.46000000"",""0.00048000""],[""82116.45000000"",""0.00025000""],[""82116.44000000"",""0.00120000""],[""82116.05000000"",""0.00008000""]],""lastUpdateId"":101228060648}"
1791514189,668538936,spot,depth_diff,0,0,430,BTCUSDT,"{""E"":1791514189614,""U"":101228060644,""a"":[[""82118.00000000"",""0.01258000""]],""b"":[[""82116.47000000"",""4.60887000""],[""80884.73000000"",""0.00072000""],[""65693.18000000"",""0.00300000""]],""e"":""depthUpdate"",""s"":""BTCUSDT"",""u"":101228060648}"
1791514189,766573758,spot,depth5,0,0,431,BTCUSDT,"{""asks"":[[""82116.48000000"",""4.17606000""],[""82116.49000000"",""0.00062000""],[""82116.50000000"",""0.00013000""],[""82116.67000000"",""0.00758000""],[""82117.41000000"",""0.00014000""]],""bids"":[[""82116.47000000"",""4.60887000""],[""82116.46000000"",""0.00048000""],[""82116.45000000"",""0.00025000""],[""82116.44000000"",""0.00120000""],[""82116.05000000"",""0.00008000""]],""lastUpdateId"":101228060650}"
1791514189,775665160,spot,depth_diff,0,0,432,BTCUSDT,"{""E"":1791514189714,""U"":101228060649,""a"":[],""b"":[[""73904.83000000"",""0.00379000""]],""e"":""depthUpdate"",""s"":""BTCUSDT"",""u"":101228060650}"
1791514189,868912480,spot,depth5,0,0,433,BTCUSDT,"{""asks"":[[""82116.48000000"",""4.17606000""],[""82116.49000000"",""0.00062000""],[""82116.50000000"",""0.00013000""],[""82116.67000000"",""0.00758000""],[""82117.41000000"",""0.00014000""]],""bids"":[[""82116.47000000"",""4.60887000""],[""82116.46000000"",""0.00048000""],[""82116.45000000"",""0.00025000""],[""82116.44000000"",""0.00120000""],[""82116.05000000"",""0.00008000""]],""lastUpdateId"":101228060658}"
1791514189,872124781,spot,depth_diff,0,0,434,BTCUSDT,"{""E"":1791514189814,""U"":101228060651,""a"":[[""82130.52000000"",""0.00000000""],[""83348.23000000"",""0.00046000""]],""b"":[[""80884.72000000"",""0.00565000""],[""73904.00000000"",""0.00000000""],[""65693.18000000"",""0.00270000""]],""e"":""depthUpdate"",""s"":""BTCUSDT"",""u"":101228060658}"
1791514189,967814302,spot,depth5,0,0,435,BTCUSDT,"{""asks"":[[""82116.48000000"",""4.17613000""],[""82116.49000000"",""0.00901000""],[""82116.50000000"",""0.00013000""],[""82116.67000000"",""0.00758000""],[""82117.41000000"",""0.00014000""]],""bids"":[[""82116.47000000"",""4.95814000""],[""82116.46000000"",""0.00048000""],[""82116.45000000"",""0.00040000""],[""82116.44000000"",""0.00120000""],[""82116.05000000"",""0.00008000""]],""lastUpdateId"":101228060670}"
1791514189,968616502,spot,depth_diff,0,0,436,BTCUSDT,"{""E"":1791514189914,""U"":101228060659,""a"":[[""82116.48000000"",""4.17613000""],[""82116.49000000"",""0.00901000""],[""82119.29000000"",""0.00000000""],[""82123.25000000"",""0.00014000""],[""82130.53000000"",""0.00243000""]],""b"":[[""82116.47000000"",""4.95814000""],[""82116.45000000"",""0.00040000""],[""80884.73000000"",""0.00072000""]],""e"":""depthUpdate"",""s"":""BTCUSDT"",""u"":101228060670}"
1791514190,66582624,spot,depth5,0,0,437,BTCUSDT,"{""asks"":[[""82116.48000000"",""4.17613000""],[""82116.49000000"",""0.00901000""],[""82116.50000000"",""0.00013000""],[""82116.67000000"",""0.00758000""],[""82117.41000000"",""0.00014000""]],""bids"":[[""82116.47000000"",""4.95814000""],[""82116.46000000"",""0.00048000""],[""82116.45000000"",""0.00040000""],[""82116.44000000"",""0.00120000""],[""82116.05000000"",""0.00008000""]],""lastUpdateId"":101228060675}"
1791514190,68543424,spot,depth_diff,0,0,438,BTCUSDT,"{""E"":1791514190014,""U"":101228060671,""a"":[[""85010.45000000"",""0.00000000""]],""b"":[[""82115.72000000"",""0.00400000""],[""78767.41000000"",""0.00000000""],[""73904.83000000"",""0.00379000""],[""65693.18000000"",""0.00240000""]],""e"":""depthUpdate"",""s"":""BTCUSDT"",""u"":101228060675}"
1791514190,165799546,spot,depth5,0,0,439,BTCUSDT,"{""asks"":[[""82116.48000000"",""4.17613000""],[""82116.49000000"",""0.00901000""],[""82116.50000000"",""0.00013000""],[""82116.67000000"",""0.00758000""],[""82117.41000000"",""0.00014000""]],""bids"":[[""82116.47000000"",""4.95814000""],[""82116.46000000"",""0.00048000""],[""82116.45000000"",""0.00040000""],[""82116.44000000"",""0.00120000""],[""82116.05000000"",""0.00008000""]],""lastUpdateId"":101228060676}"
1791514190,166834546,spot,depth_diff,0,0,440,BTCUSDT,"{""E"":1791514190114,""U"":101228060676,""a"":[],""b"":[[""82114.95000000"",""0.00243000""]],""e"":""depthUpdate"",""s"":""BTCUSDT"",""u"":101228060676}"
1791514190,265027968,spot,depth5,0,0,441,BTCUSDT,"{""asks"":[[""82116.48000000"",""4.17613000""],[""82116.49000000"",""0.00901000""],[""82116.50000000"",""0.00013000""],[""82116.67000000"",""0.00758000""],[""82117.41000000"",""0.00014000""]],""bids"":[[""82116.47000000"",""4.95814000""],[""82116.46000000"",""0.00048000""],[""82116.45000000"",""0.00040000""],[""82116.44000000"",""0.00120000""],[""82116.05000000"",""0.00008000""]],""lastUpdateId"":101228060680}"
1791514190,265988468,spot,depth_diff,0,0,442,BTCUSDT,"{""E"":1791514190214,""U"":101228060677,""a"":[],""b"":[[""80884.73000000"",""0.00072000""],[""73904.83000000"",""0.00364000""],[""65693.18000000"",""0.00210000""]],""e"":""depthUpdate"",""s"":""BTCUSDT"",""u"":101228060680}"
1791514190,381830294,spot,depth5,0,0,443,BTCUSDT,"{""asks"":[[""82116.48000000"",""4.17613000""],[""82116.49000000"",""0.00901000""],[""82116.50000000"",""0.00013000""],[""82116.67000000"",""0.00758000""],[""82117.41000000"",""0.00014000""]],""bids"":[[""82116.47000000"",""4.95814000""],[""82116.46000000"",""0.00048000""],[""82116.45000000"",""0.00040000""],[""82116.44000000"",""0.00120000""],[""82116.05000000"",""0.00008000""]],""lastUpdateId"":101228060686}"
1791514190,385266395,spot,depth_diff,0,0,444,BTCUSDT,"{""E"":1791514190314,""U"":101228060681,""a"":[[""82129.20000000"",""0.00007000""]],""b"":[[""82096.34000000"",""0.00007000""],[""82089.55000000"",""0.00200000""],[""82087.24000000"",""0.00000000""],[""73904.83000000"",""0.00379000""]],""e"":""depthUpdate"",""s"":""BTCUSDT"",""u"":101228060686}"
1791514190,478660816,spot,depth5,0,0,445,BTCUSDT,"{""asks"":[[""82116.48000000"",""4.17613000""],[""82116.49000000"",""0.00901000""],[""82116.50000000"",""0.00013000""],[""82116.67000000"",""0.00758000""],[""82117.41000000"",""0.00014000""]],""bids"":[[""82116.47000000"",""4.95814000""],[""82116.46000000"",""0.00048000""],[""82116.45000000"",""0.00040000""],[""82116.44000000"",""0.00120000""],[""82116.05000000"",""0.00008000""]],""lastUpdateId"":101228060688}"
1791514190,483185517,spot,depth_diff,0,0,446,BTCUSDT,"{""E"":1791514190414,""U"":101228060687,""a"":[],""b"":[[""80884.73000000"",""0.00064000""],[""65693.18000000"",""0.00180000""]],""e"":""depthUpdate"",""s"":""BTCUSDT"",""u"":101228060688}"
1791514190,584963139,spot,depth5,0,0,447,BTCUSDT,"{""asks"":[[""82116.48000000"",""4.17613000""],[""82116.49000000"",""0.00901000""],[""82116.50000000"",""0.00013000""],[""82116.67000000"",""0.00758000""],[""82117.41000000"",""0.00014000""]],""bids"":[[""82116.47000000"",""4.95814000""],[""82116.46000000"",""0.00048000""],[""82116.45000000"",""0.00040000""],[""82116.44000000"",""0.00120000""],[""82116.05000000"",""0.00008000""]],""lastUpdateId"":101228060697}"
1791514190,586257740,spot,depth_diff,0,0,448,BTCUSDT,"{""E"":1791514190514,""U"":101228060689,""a"":[],""b"":[[""80884.73000000"",""0.00072000""],[""73904.83000000"",""0.00379000""],[""65693.18000000"",""0.00300000""],[""65693.00000000"",""0.00400000""]],""e"":""depthUpdate"",""s"":""BTCUSDT"",""u"":101228060697}"
1791514190,665380857,spot,depth5,0,0,449,BTCUSDT,"{""asks"":[[""82116.48000000"",""4.17613000""],[""82116.49000000"",""0.00901000""],[""82116.50000000"",""0.00013000""],[""82116.67000000"",""0.00758000""],[""82117.41000000"",""0.00014000""]],""bids"":[[""82116.47000000"",""4.95814000""],[""82116.46000000"",""0.00048000""],[""82116.45000000"",""0.00040000""],[""82116.44000000"",""0.00120000""],[""82116.05000000"",""0.00008000""]],""lastUpdateId"":101228060699}"
1791514190,666722458,spot,depth_diff,0,0,450,BTCUSDT,"{""E"":1791514190614,""U"":101228060698,""a"":[],""b"":[[""79800.00000000"",""10.23178000""],[""65693.18000000"",""0.00270000""]],""e"":""depthUpdate"",""s"":""BTCUSDT"",""u"":101228060699}"
1791514190,777276282,spot,depth5,0,0,451,BTCUSDT,"{""asks"":[[""82116.48000000"",""4.17613000""],[""82116.49000000"",""0.00901000""],[""82116.50000000"",""0.00013000""],[""82116.67000000"",""0.00758000""],[""82117.41000000"",""0.00014000""]],""bids"":[[""82116.47000000"",""5.54268000""],[""82116.46000000"",""0.00048000""],[""82116.45000000"",""0.00040000""],[""82116.44000000"",""0.00120000""],[""82116.05000000"",""0.00008000""]],""lastUpdateId"":101228060711}"
1791514190,784358484,spot,depth_diff,0,0,452,BTCUSDT,"{""E"":1791514190714,""U"":101228060700,""a"":[[""82123.15000000"",""0.00000000""],[""82123.26000000"",""0.00000000""],[""82154.82000000"",""0.00479000""]],""b"":[[""82116.47000000"",""5.54268000""],[""82110.71000000"",""0.34751000""],[""82109.89000000"",""0.00000000""],[""82107.37000000"",""0.00000000""],[""80884.73000000"",""0.00064000""],[""75512.00000000"",""0.07388000""],[""73904.83000000"",""0.00364000""]],""e"":""depthUpdate"",""s"":""BTCUSDT"",""u"":101228060711}"
1791514190,785468384,spot,trade,0,0,453,BTCUSDT,"{""E"":1791514190726,""M"":true,""T"":1791514190726,""e"":""trade"",""m"":false,""p"":""82116.48000000"",""q"":""0.00019000"",""s"":""BTCUSDT"",""t"":6750015768}"
1791514190,870941403,spot,depth5,0,0,454,BTCUSDT,"{""asks"":[[""82116.48000000"",""4.17594000""],[""82116.49000000"",""0.00901000""],[""82116.50000000"",""0.00013000""],[""82116.67000000"",""0.00758000""],[""82117.41000000"",""0.00014000""]],""bids"":[[""82116.47000000"",""5.54268000""],[""82116.46000000"",""0.00048000""],[""82116.45000000"",""0.00040000""],[""82116.44000000"",""0.00120000""],[""82116.05000000"",""0.00008000""]],""lastUpdateId"":101228060726}"
1791514190,916029913,spot,depth_diff,0,0,455,BTCUSDT,"{""E"":1791514190817,""U"":101228060712,""a"":[[""82116.48000000"",""4.17594000""],[""82122.20000000"",""0.32837000""],[""82123.25000000"",""0.00000000""],[""82123.80000000"",""0.00021000""],[""82124.69000000"",""0.00015000""],[""82152.14000000"",""0.49938000""],[""83348.23000000"",""0.00046000""]],""b"":[[""80884.73000000"",""0.00072000""],[""80884.72000000"",""0.00565000""],[""73904.83000000"",""0.00371000""],[""73904.82000000"",""0.00008000""],[""65693.18000000"",""0.00240000""]],""e"":""depthUpdate"",""s"":""BTCUSDT"",""u"":101228060726}"
1791514190,980286727,spot,depth5,0,0,456,BTCUSDT,"{""asks"":[[""82116.48000000"",""4.17594000""],[""82116.49000000"",""0.00901000""],[""82116.50000000"",""0.00013000""],[""82116.67000000"",""0.00758000""],[""82117.41000000"",""0.00014000""]],""bids"":[[""82116.47000000"",""5.54268000""],[""82116.46000000"",""0.00048000""],[""82116.45000000"",""0.00040000""],[""82116.44000000"",""0.00120000""],[""82116.05000000"",""0.00008000""]],""lastUpdateId"":101228060728}"
1791514191,5908133,spot,depth_diff,0,0,457,BTCUSDT,"{""E"":1791514190914,""U"":101228060727,""a"":[[""82130.53000000"",""0.00000000""],[""82130.58000000"",""0.00243000""]],""b"":[],""e"":""depthUpdate"",""s"":""BTCUSDT"",""u"":101228060728}"
1791514191,68341747,spot,depth5,0,0,458,BTCUSDT,"{""asks"":[[""82116.48000000"",""4.17594000""],[""82116.49000000"",""0.00901000""],[""82116.50000000"",""0.00013000""],[""82116.67000000"",""0.00758000""],[""82117.41000000"",""0.00014000""]],""bids"":[[""82116.47000000"",""5.51989000""],[""82116.46000000"",""0.00048000""],[""82116.45000000"",""0.00040000""],[""82116.44000000"",""0.00120000""],[""82116.05000000"",""0.00008000""]],""lastUpdateId"":101228060746}"
1791514191,69708648,spot,depth_diff,0,0,459,BTCUSDT,"{""E"":1791514191014,""U"":101228060729,""a"":[[""82130.58000000"",""0.00000000""],[""82130.59000000"",""0.00243000""],[""82313.64000000"",""0.00000000""]],""b"":[[""82116.47000000"",""5.51989000""],[""82113.30000000"",""1.00570000""],[""81934.68000000"",""0.00000000""],[""80884.73000000"",""0.00072000""],[""73904.83000000"",""0.00371000""],[""73904.00000000"",""0.00000000""],[""65693.18000000"",""0.00330000""]],""e"":""depthUpdate"",""s"":""BTCUSDT"",""u"":101228060746}"
1791514191,168500370,spot,depth5,0,0,460,BTCUSDT,"{""asks"":[[""82116.48000000"",""4.17601000""],[""82116.49000000"",""0.00901000""],[""82116.50000000"",""0.00013000""],[""82116.67000000"",""0.00758000""],[""82117.41000000"",""0.00014000""]],""bids"":[[""82116.47000000"",""5.53311000""],[""82116.46000000"",""0.00041000""],[""82116.45000000"",""0.00040000""],[""82116.44000000"",""0.00120000""],[""82116.05000000"",""0.00008000""]],""lastUpdateId"":101228060770}"
1791514191,175373272,spot,depth_diff,0,0,461,BTCUSDT,"{""E"":1791514191114,""U"":101228060747,""a"":[[""82116.48000000"",""4.17601000""],[""82125.25000000"",""0.00000000""],[""82125.61000000"",""0.00000000""],[""82127.61000000"",""0.00609000""]],""b"":[[""82116.47000000"",""5.53311000""],[""82116.46000000"",""0.00041000""],[""82115.69000000"",""0.03660000""],[""82115.05000000"",""0.00007000""],[""82113.32000000"",""0.00007000""],[""82113.31000000"",""0.90324000""],[""82113.30000000"",""1.00556000""],[""82113.29000000"",""0.00007000""],[""82076.51000000"",""0.00744000""],[""78767.41000000"",""0.00010000""]],""e"":""depthUpdate"",""s"":""BTCUSDT"",""u"":101228060770}"
1791514191,274310294,spot,depth5,0,0,462,BTCUSDT,"{""asks"":[[""82116.48000000"",""3.96227000""],[""82116.49000000"",""0.00894000""],[""82116.50000000"",""0.00013000""],[""82116.67000000"",""0.00758000""],[""82117.67000000"",""0.00008000""]],""bids"":[[""82116.47000000"",""5.53582000""],[""82116.46000000"",""0.00048000""],[""82116.45000000"",""0.00040000""],[""82116.44000000"",""0.00120000""],[""82116.05000000"",""0.00008000""]],""lastUpdateId"":101228060996}"
1791514191,276733694,spot,depth_diff,0,0,463,BTCUSDT,"{""E"":1791514191214,""U"":101228060771,""a"":[[""82116.48000000"",""3.96227000""],[""82116.49000000"",""0.00894000""],[""82117.41000000"",""0.00000000""],[""82117.42000000"",""0.00000000""],[""82117.97000000"",""0.00014000""],[""82117.98000000"",""0.01748000""],[""82118.00000000"",""0.00660000""],[""82118.16000000"",""0.00587000""],[""82119.28000000"",""0.00000000""],[""82119.29000000"",""0.00014000""],[""82120.46000000"",""0.00000000""],[""82120.48000000"",""0.00000000""],[""82120.49000000"",""0.00000000""],[""82120.52000000"",""0.00000000""],[""82120.61000000"",""0.00014000""],[""82121.53000000"",""0.00000000""],[""82122.19000000"",""0.00014000""],[""82123.27000000"",""0.02524000""],[""82123.55000000"",""0.00000000""],[""82123.80000000"",""0.00021000""],[""82124.69000000"",""0.00008000""],[""82125.33000000"",""0.00000000""],[""82125.61000000"",""0.00000000""],[""82126.00000000"",""0.00000000""],[""82126.31000000"",""0.00000000""],[""82127.59000000"",""0.00000000""],[""82127.61000000"",""0.00000000""],[""82127.81000000"",""0.00000000""],[""82128.02000000"",""0.00000000""],[""82128.38000000"",""0.00609000""],[""82128.60000000"",""0.00000000""],[""82128.79000000"",""0.00000000""],[""82128.91000000"",""0.35147000""],[""82128.92000000"",""0.00200000""],[""82129.66000000"",""0.00609000""],[""82129.67000000"",""0.00609000""],[""82130.04000000"",""0.00000000""],[""82130.59000000"",""0.00000000""],[""82130.69000000"",""0.00200000""],[""82130.71000000"",""0.00026000""],[""82132.64000000"",""0.00250000""],[""82146.26000000"",""0.00000000""],[""82147.65000000"",""1.40379000""],[""82158.36000000"",""0.00007000""]],""b"":[[""82116.47000000"",""5.53582000""],[""82116.46000000"",""0.00048000""],[""82115.76000000"",""0.00007000""],[""82114.95000000"",""0.00000000""],[""82114.50000000"",""0.00000000""],[""82114.25000000"",""0.00000000""],[""82113.33000000"",""0.00486000""],[""82113.32000000"",""0.00007000""],[""82113.31000000"",""0.60564000""],[""82113.30000000"",""0.00000000""],[""82111.61000000"",""0.00609000""],[""82111.47000000"",""0.03075000""],[""82111.39000000"",""0.01605000""],[""82110.86000000"",""0.00000000""],[""82110.74000000"",""0.00609000""],[""82110.73000000"",""0.00000000""],[""82110.72000000"",""0.34751000""],[""82110.71000000"",""0.00000000""],[""82110.70000000"",""1.50995000""],[""82110.68000000"",""0.00000000""],[""82110.01000000"",""0.00000000""],[""82109.55000000"",""0.00000000""],[""82109.42000000"",""0.00000000""],[""82108.26000000"",""0.00055000""],[""82107.74000000"",""0.00000000""],[""82107.41000000"",""0.00000000""],[""82107.38000000"",""0.00000000""],[""82107.00000000"",""0.00200000""],[""82106.40000000"",""0.00400000""],[""82103.88000000"",""0.00000000""],[""82102.90000000"",""0.00000000""],[""82089.55000000"",""0.00000000""],[""82076.51000000"",""0.00000000""],[""82021.99000000"",""0.00000000""],[""82011.76000000"",""1.00556000""],[""82011.75000000"",""0.00000000""],[""65693.18000000"",""0.00300000""]],""e"":""depthUpdate"",""s"":""BTCUSDT"",""u"":101228060996}"
1791514191,364922614,spot,depth5,0,0,464,BTCUSDT,"{""asks"":[[""82116.48000000"",""3.96227000""],[""82116.49000000"",""0.00894000""],[""82116.50000000"",""0.00013000""],[""82116.67000000"",""0.00758000""],[""82117.67000000"",""0.00008000""]],""bids"":[[""82116.47000000"",""5.53582000""],[""82116.46000000"",""0.00048000""],[""82116.45000000"",""0.00040000""],[""82116.44000000"",""0.00120000""],[""82116.05000000"",""0.00008000""]],""lastUpdateId"":101228061009}"
1791514191,366225915,spot,depth_diff,0,0,465,BTCUSDT,"{""E"":1791514191314,""U"":101228060997,""a"":[[""82122.20000000"",""0.32844000""],[""82123.26000000"",""0.00007000""],[""82123.80000000"",""0.00014000""],[""82129.20000000"",""0.00007000""],[""82149.33000000"",""0.00008000""],[""82158.36000000"",""0.00000000""],[""82311.14000000"",""0.96105000""],[""85010.45000000"",""0.00010000""]],""b"":[[""82096.34000000"",""0.00007000""],[""81934.71000000"",""5.46771000""],[""80884.73000000"",""0.00064000""],[""73904.83000000"",""0.00356000""]],""e"":""depthUpdate"",""s"":""BTCUSDT"",""u"":101228061009}"
1791514191,468514838,spot,depth5,0,0,466,BTCUSDT,"{""asks"":[[""82116.48000000"",""3.96227000""],[""82116.49000000"",""0.00894000""],[""82116.50000000"",""0.00013000""],[""82116.67000000"",""0.00758000""],[""82117.67000000"",""0.00008000""]],""bids"":[[""82116.47000000"",""5.53575000""],[""82116.46000000"",""0.00041000""],[""82116.45000000"",""0.00040000""],[""82116.44000000"",""0.00120000""],[""82116.05000000"",""0.00008000""]],""lastUpdateId"":101228061013}"
1791514191,469479338,spot,depth_diff,0,0,467,BTCUSDT,"{""E"":1791514191414,""U"":101228061010,""a"":[],""b"":[[""82116.47000000"",""5.53575000""],[""82116.46000000"",""0.00041000""],[""67500.00000000"",""5.31608000""],[""65693.18000000"",""0.00270000""]],""e"":""depthUpdate"",""s"":""BTCUSDT"",""u"":101228061013}"
1791514191,567703960,spot,depth5,0,0,468,BTCUSDT,"{""asks"":[[""82116.48000000"",""4.32234000""],[""82116.49000000"",""0.00894000""],[""82116.50000000"",""0.00013000""],[""82116.67000000"",""0.00758000""],[""82117.67000000"",""0.00008000""]],""bids"":[[""82116.47000000"",""5.53332000""],[""82116.46000000"",""0.00041000""],[""82116.45000000"",""0.00040000""],[""82116.44000000"",""0.00120000""],[""82116.05000000"",""0.00008000""]],""lastUpdateId"":101228061045}"
1791514191,570056861,spot,depth_diff,0,0,469,BTCUSDT,"{""E"":1791514191514,""U"":101228061014,""a"":[[""82116.48000000"",""4.32234000""],[""82116.49000000"",""0.00894000""],[""82117.98000000"",""0.04603000""],[""82118.16000000"",""0.00007000""],[""82119.29000000"",""0.00000000""],[""82120.61000000"",""0.00000000""],[""82120.92000000"",""0.00196000""],[""82121.10000000"",""0.00014000""],[""82121.11000000"",""0.10682000""],[""82123.26000000"",""0.00000000""],[""82123.80000000"",""0.00014000""],[""82131.16000000"",""0.00243000""],[""82132.64000000"",""0.00007000""]],""b"":[[""82116.47000000"",""5.53332000""],[""82115.76000000"",""0.00000000""],[""82114.74000000"",""0.00243000""],[""82106.12000000"",""0.67500000""],[""82102.90000000"",""0.10878000""],[""73904.83000000"",""0.00341000""]],""e"":""depthUpdate"",""s"":""BTCUSDT"",""u"":101228061045}"
1791514191,571705461,spot,trade,0,0,470,BTCUSDT,"{""E"":1791514191516,""M"":true,""T"":1791514191516,""e"":""trade"",""m"":true,""p"":""82116.47000000"",""q"":""0.01520000"",""s"":""BTCUSDT"",""t"":6750015769}"
1791514191,669431283,spot,depth5,0,0,471,BTCUSDT,"{""asks"":[[""82116.48000000"",""4.32234000""],[""82116.49000000"",""0.00894000""],[""82116.50000000"",""0.00013000""],[""82116.67000000"",""0.00758000""],[""82117.67000000"",""0.00008000""]],""bids"":[[""82116.47000000"",""5.53339000""],[""82116.46000000"",""0.00048000""],[""82116.45000000"",""0.00040000""],[""82116.44000000"",""0.00120000""],[""82116.05000000"",""0.00008000""]],""lastUpdateId"":101228061064}"
1791514191,670865384,spot,depth_diff,0,0,472,BTCUSDT,"{""E"":1791514191614,""U"":101228061046,""a"":[[""82123.80000000"",""0.00021000""],[""82124.69000000"",""0.00015000""]],""b"":[[""82116.47000000"",""5.53339000""],[""82116.46000000"",""0.00048000""],[""82111.04000000"",""0.00200000""],[""82110.70000000"",""1.50988000""],[""82106.40000000"",""0.00800000""],[""82089.94000000"",""0.00200000""],[""80884.73000000"",""0.00064000""],[""73904.83000000"",""0.00356000""],[""73904.82000000"",""0.00000000""],[""65693.18000000"",""0.00240000""],[""65693.00000000"",""0.00600000""]],""e"":""depthUpdate"",""s"":""BTCUSDT"",""u"":101228061064}"
1791514191,770250506,spot,depth5,0,0,473,BTCUSDT,"{""asks"":[[""82116.48000000"",""4.32234000""],[""82116.49000000"",""0.00894000""],[""82116.50000000"",""0.00013000""],[""82116.67000000"",""0.00758000""],[""82117.67000000"",""0.00008000""]],""bids"":[[""82116.47000000"",""5.53339000""],[""82116.46000000"",""0.00048000""],[""82116.45000000"",""0.00040000""],[""82116.44000000"",""0.00120000""],[""82116.05000000"",""0.00008000""]],""lastUpdateId"":101228061065}"
1791514191,771662206,spot,depth_diff,0,0,474,BTCUSDT,"{""E"":1791514191714,""U"":101228061065,""a"":[],""b"":[[""65693.00000000"",""0.00400000""]],""e"":""depthUpdate"",""s"":""BTCUSDT"",""u"":101228061065}"
1791514191,865194828,spot,depth5,0,0,475,BTCUSDT,"{""asks"":[[""82116.48000000"",""4.32234000""],[""82116.49000000"",""0.00894000""],[""82116.50000000"",""0.00013000""],[""82116.67000000"",""0.00758000""],[""82117.67000000"",""0.00008000""]],""bids"":[[""82116.47000000"",""5.53339000""],[""82116.46000000"",""0.00048000""],[""82116.45000000"",""0.00040000""],[""82116.44000000"",""0.00120000""],[""82116.05000000"",""0.00008000""]],""lastUpdateId"":101228061072}"
1791514191,866576428,spot,depth_diff,0,0,476,BTCUSDT,"{""E"":1791514191814,""U"":101228061066,""a"":[[""82120.01000000"",""0.00260000""]],""b"":[[""81871.12000000"",""0.00000000""],[""81871.05000000"",""0.00020000""],[""80884.73000000"",""0.00056000""],[""73904.83000000"",""0.00356000""],[""65693.18000000"",""0.00210000""]],""e"":""depthUpdate"",""s"":""BTCUSDT"",""u"":101228061072}"
1791514191,968660151,spot,depth5,0,0,477,BTCUSDT,"{""asks"":[[""82116.48000000"",""4.32234000""],[""82116.49000000"",""0.00894000""],[""82116.50000000"",""0.00013000""],[""82116.67000000"",""0.00758000""],[""82117.67000000"",""0.00008000""]],""bids"":[[""82116.47000000"",""5.53346000""],[""82116.46000000"",""0.00048000""],[""82116.45000000"",""0.00040000""],[""82116.44000000"",""0.00120000""],[""82116.05000000"",""0.00008000""]],""lastUpdateId"":101228061082}"
1791514191,969602151,spot,depth_diff,0,0,478,BTCUSDT,"{""E"":1791514191915,""U"":101228061073,""a"":[[""82118.00000000"",""0.01277000""],[""83348.23000000"",""0.00046000""]],""b"":[[""82116.47000000"",""5.53346000""],[""82051.61000000"",""0.00864000""],[""80884.73000000"",""0.00064000""],[""80884.72000000"",""0.00565000""],[""65693.00000000"",""0.00400000""]],""e"":""depthUpdate"",""s"":""BTCUSDT"",""u"":101228061082}"
1791514192,70871074,spot,depth5,0,0,479,BTCUSDT,"{""asks"":[[""82116.48000000"",""4.32234000""],[""82116.49000000"",""0.00894000""],[""82116.50000000"",""0.00013000""],[""82116.67000000"",""0.00758000""],[""82117.67000000"",""0.00008000""]],""bids"":[[""82116.47000000"",""5.53346000""],[""82116.46000000"",""0.00048000""],[""82116.45000000"",""0.00040000""],[""82116.44000000"",""0.00120000""],[""82116.05000000"",""0.00008000""]],""lastUpdateId"":101228061092}"
1791514192,73443275,spot,depth_diff,0,0,480,BTCUSDT,"{""E"":1791514192014,""U"":101228061083,""a"":[[""82125.98000000"",""0.00200000""],[""82128.90000000"",""0.00400000""],[""82146.21000000"",""0.00235000""]],""b"":[[""73904.83000000"",""0.00341000""],[""65693.18000000"",""0.00300000""]],""e"":""depthUpdate"",""s"":""BTCUSDT"",""u"":101228061092}"
1791514192,180494999,spot,depth5,0,0,481,BTCUSDT,"{""asks"":[[""82116.48000000"",""4.32234000""],[""82116.49000000"",""0.00894000""],[""82116.50000000"",""0.00013000""],[""82116.67000000"",""0.00758000""],[""82117.67000000"",""0.00008000""]],""bids"":[[""82116.47000000"",""5.53346000""],[""82116.46000000"",""0.00048000""],[""82116.45000000"",""0.00040000""],[""82116.44000000"",""0.00120000""],[""82116.05000000"",""0.00008000""]],""lastUpdateId"":101228061097}"
1791514192,218121408,spot,depth_diff,0,0,482,BTCUSDT,"{""E"":1791514192114,""U"":101228061093,""a"":[],""b"":[[""80884.73000000"",""0.00064000""],[""73904.83000000"",""0.00356000""],[""73904.00000000"",""0.00000000""]],""e"":""depthUpdate"",""s"":""BTCUSDT"",""u"":101228061097}"
1791514192,267780319,spot,depth5,0,0,483,BTCUSDT,"{""asks"":[[""82116.48000000"",""4.32234000""],[""82116.49000000"",""0.00894000""],[""82116.50000000"",""0.00013000""],[""82116.67000000"",""0.00758000""],[""82117.67000000"",""0.00008000""]],""bids"":[[""82116.47000000"",""5.53346000""],[""82116.46000000"",""0.00048000""],[""82116.45000000"",""0.00040000""],[""82116.44000000"",""0.00120000""],[""82116.05000000"",""0.00008000""]],""lastUpdateId"":101228061101}"
1791514192,282620323,spot,depth_diff,0,0,484,BTCUSDT,"{""E"":1791514192216,""U"":101228061098,""a"":[],""b"":[[""82094.60000000"",""0.08284000""],[""82092.87000000"",""0.00000000""],[""81753.77000000"",""0.00000000""],[""65693.18000000"",""0.00270000""]],""e"":""depthUpdate"",""s"":""BTCUSDT"",""u"":101228061101}"
1791514192,351994206,spot,trade,0,0,485,BTCUSDT,"{""E"":1791514192300,""M"":true,""T"":1791514192300,""e"":""trade"",""m"":false,""p"":""82116.48000000"",""q"":""0.00121000"",""s"":""BTCUSDT"",""t"":6750015770}"
1791514192,365721507,spot,depth5,0,0,486,BTCUSDT,"{""asks"":[[""82116.48000000"",""4.32113000""],[""82116.49000000"",""0.00894000""],[""82116.50000000"",""0.00013000""],[""82116.67000000"",""0.00758000""],[""82117.67000000"",""0.00008000""]],""bids"":[[""82116.47000000"",""5.53346000""],[""82116.46000000"",""0.00048000""],[""82116.45000000"",""0.00040000""],[""82116.44000000"",""0.00120000""],[""82116.05000000"",""0.00008000""]],""lastUpdateId"":101228061106}"
1791514192,366560595,spot,depth_diff,0,0,487,BTCUSDT,"{""E"":1791514192314,""U"":101228061102,""a"":[[""82116.48000000"",""4.32113000""],[""82129.20000000"",""0.00000000""]],""b"":[[""82096.34000000"",""0.00000000""],[""73904.83000000"",""0.00364000""]],""e"":""depthUpdate"",""s"":""BTCUSDT"",""u"":101228061106}"
1791514192,389646960,spot,trade,0,0,488,BTCUSDT,"{""E"":1791514192336,""M"":true,""T"":1791514192336,""e"":""trade"",""m"":false,""p"":""82116.48000000"",""q"":""0.00361000"",""s"":""BTCUSDT"",""t"":6750015771}"
1791514192,466523145,spot,depth5,0,0,489,BTCUSDT,"{""asks"":[[""82116.48000000"",""4.31752000""],[""82116.49000000"",""0.00894000""],[""82116.50000000"",""0.00013000""],[""82116.67000000"",""0.00758000""],[""82117.67000000"",""0.00008000""]],""bids"":[[""82116.47000000"",""5.53346000""],[""82116.46000000"",""0.00048000""],[""82116.45000000"",""0.00040000""],[""82116.44000000"",""0.00120000""],[""82116.05000000"",""0.00008000""]],""lastUpdateId"":101228061113}"
1791514192,476341503,spot,depth_diff,0,0,490,BTCUSDT,"{""E"":1791514192414,""U"":101228061107,""a"":[[""82116.48000000"",""4.31752000""],[""82129.20000000"",""0.00007000""]],""b"":[[""82096.34000000"",""0.00007000""],[""81788.00000000"",""0.03410000""],[""80884.73000000"",""0.00064000""],[""65693.18000000"",""0.00240000""]],""e"":""depthUpdate"",""s"":""BTCUSDT"",""u"":101228061113}"
1791514192,487469541,spot,trade,0,0,491,BTCUSDT,"{""E"":1791514192429,""M"":true,""T"":1791514192429,""e"":""trade"",""m"":false,""p"":""82116.48000000"",""q"":""0.00213000"",""s"":""BTCUSDT"",""t"":6750015772}"
1791514192,566779991,spot,depth5,0,0,492,BTCUSDT,"{""asks"":[[""82116.48000000"",""4.31539000""],[""82116.49000000"",""0.00894000""],[""82116.50000000"",""0.00013000""],[""82116.67000000"",""0.00758000""],[""82117.00000000"",""0.01320000""]],""bids"":[[""82116.47000000"",""5.53346000""],[""82116.46000000"",""0.00048000""],[""82116.45000000"",""0.00040000""],[""82116.44000000"",""0.00120000""],[""82116.05000000"",""0.00008000""]],""lastUpdateId"":101228061118}"
1791514192,579964899,spot,depth_diff,0,0,493,BTCUSDT,"{""E"":1791514192514,""U"":101228061114,""a"":[[""82116.48000000"",""4.31539000""],[""82117.00000000"",""0.01320000""]],""b"":[[""80575.01000000"",""0.00012000""],[""65693.00000000"",""0.00400000""]],""e"":""depthUpdate"",""s"":""BTCUSDT"",""u"":101228061118}"
1791514192,670510786,spot,depth5,0,0,494,BTCUSDT,"{""asks"":[[""82116.48000000"",""4.31546000""],[""82116.49000000"",""0.00901000""],[""82116.50000000"",""0.00013000""],[""82116.67000000"",""0.00758000""],[""82117.00000000"",""0.01320000""]],""bids"":[[""82116.47000000"",""5.53346000""],[""82116.46000000"",""0.00048000""],[""82116.45000000"",""0.00040000""],[""82116.44000000"",""0.00120000""],[""82116.05000000"",""0.00008000""]],""lastUpdateId"":101228061132}"
1791514192,671683269,spot,depth_diff,0,0,495,BTCUSDT,"{""E"":1791514192614,""U"":101228061119,""a"":[[""82116.48000000"",""4.31546000""],[""82116.49000000"",""0.00901000""],[""82117.98000000"",""0.04617000""],[""82117.99000000"",""0.01848000""],[""82118.00000000"",""0.00660000""],[""82124.69000000"",""0.00008000""]],""b"":[[""82115.76000000"",""0.00007000""],[""82102.90000000"",""0.10682000""],[""80010.00000000"",""0.28469000""],[""73904.83000000"",""0.00364000""],[""65693.18000000"",""0.00210000""]],""e"":""depthUpdate"",""s"":""BTCUSDT"",""u"":101228061132}"
1791514192,764912516,spot,depth5,0,0,496,BTCUSDT,"{""asks"":[[""82116.48000000"",""4.31546000""],[""82116.49000000"",""0.00901000""],[""82116.50000000"",""0.00013000""],[""82116.67000000"",""0.00758000""],[""82117.00000000"",""0.01320000""]],""bids"":[[""82116.47000000"",""5.53346000""],[""82116.46000000"",""0.00048000""],[""82116.45000000"",""0.00040000""],[""82116.44000000"",""0.00120000""],[""82116.05000000"",""0.00008000""]],""lastUpdateId"":101228061134}"
1791514192,766267197,spot,depth_diff,0,0,497,BTCUSDT,"{""E"":1791514192714,""U"":101228061133,""a"":[],""b"":[[""80884.73000000"",""0.00064000""]],""e"":""depthUpdate"",""s"":""BTCUSDT"",""u"":101228061134}"
1791514192,868399315,spot,depth5,0,0,498,BTCUSDT,"{""asks"":[[""82116.48000000"",""4.31546000""],[""82116.49000000"",""0.00901000""],[""82116.50000000"",""0.00013000""],[""82116.67000000"",""0.00758000""],[""82117.00000000"",""0.01320000""]],""bids"":[[""82116.47000000"",""5.53346000""],[""82116.46000000"",""0.00048000""],[""82116.45000000"",""0.00040000""],[""82116.44000000"",""0.00120000""],[""82116.05000000"",""0.00008000""]],""lastUpdateId"":101228061139}"
1791514192,872116561,spot,depth_diff,0,0,499,BTCUSDT,"{""E"":1791514192814,""U"":101228061135,""a"":[],""b"":[[""82114.74000000"",""0.00000000""],[""81871.06000000"",""0.00020000""],[""81871.05000000"",""0.00000000""],[""73904.83000000"",""0.00349000""],[""65693.18000000"",""0.00180000""]],""e"":""depthUpdate"",""s"":""BTCUSDT"",""u"":101228061139}"
1791514192,965862901,spot,depth5,0,0,500,BTCUSDT,"{""asks"":[[""82116.48000000"",""4.31546000""],[""82116.49000000"",""0.00901000""],[""82116.50000000"",""0.00013000""],[""82116.67000000"",""0.00758000""],[""82117.00000000"",""0.01320000""]],""bids"":[[""82116.47000000"",""5.53346000""],[""82116.46000000"",""0.00048000""],[""82116.45000000"",""0.00040000""],[""82116.44000000"",""0.00120000""],[""82116.39000000"",""0.00243000""]],""lastUpdateId"":101228061152}"
1791514192,966633190,spot,depth_diff,0,0,501,BTCUSDT,"{""E"":1791514192914,""U"":101228061140,""a"":[[""82131.16000000"",""0.00000000""],[""82131.17000000"",""0.00261000""],[""83348.23000000"",""0.00046000""]],""b"":[[""82116.39000000"",""0.00243000""],[""82047.61000000"",""2.10406000""],[""82044.91000000"",""0.00000000""],[""80884.73000000"",""0.00056000""],[""80884.72000000"",""0.00565000""],[""73904.83000000"",""0.00364000""],[""65693.00000000"",""0.00400000""]],""e"":""depthUpdate"",""s"":""BTCUSDT"",""u"":101228061152}"
1791514193,65012463,spot,depth5,0,0,502,BTCUSDT,"{""asks"":[[""82116.48000000"",""4.32155000""],[""82116.49000000"",""0.00901000""],[""82116.50000000"",""0.00013000""],[""82116.67000000"",""0.00758000""],[""82117.00000000"",""0.01320000""]],""bids"":[[""82116.47000000"",""5.53346000""],[""82116.46000000"",""0.00048000""],[""82116.45000000"",""0.00040000""],[""82116.44000000"",""0.00120000""],[""82116.39000000"",""0.00243000""]],""lastUpdateId"":101228061163}"
1791514193,66322844,spot,depth_diff,0,0,503,BTCUSDT,"{""E"":1791514193014,""U"":101228061153,""a"":[[""82116.48000000"",""4.32155000""],[""82131.17000000"",""0.00018000""],[""82139.50000000"",""0.05769000""],[""82156.83000000"",""0.00000000""]],""b"":[[""82062.62000000"",""0.00824000""],[""80884.73000000"",""0.00064000""],[""65693.18000000"",""0.00270000""]],""e"":""depthUpdate"",""s"":""BTCUSDT"",""u"":101228061163}"
1791514193,169847243,spot,depth5,0,0,504,BTCUSDT,"{""asks"":[[""82116.48000000"",""4.32155000""],[""82116.49000000"",""0.00901000""],[""82116.50000000"",""0.00013000""],[""82116.67000000"",""0.00758000""],[""82117.00000000"",""0.01320000""]],""bids"":[[""82116.47000000"",""5.53346000""],[""82116.46000000"",""0.00048000""],[""82116.45000000"",""0.00040000""],[""82116.44000000"",""0.00120000""],[""82116.39000000"",""0.00243000""]],""lastUpdateId"":101228061168}"
1791514193,170936327,spot,depth_diff,0,0,505,BTCUSDT,"{""E"":1791514193114,""U"":101228061164,""a"":[[""82131.18000000"",""0.00000000""],[""82131.20000000"",""0.00243000""]],""b"":[[""73904.83000000"",""0.00364000""]],""e"":""depthUpdate"",""s"":""BTCUSDT"",""u"":101228061168}"
1791514193,265265859,spot,depth5,0,0,506,BTCUSDT,"{""asks"":[[""82116.48000000"",""4.32155000""],[""82116.49000000"",""0.00901000""],[""82116.50000000"",""0.00013000""],[""82116.67000000"",""0.00758000""],[""82117.00000000"",""0.01320000""]],""bids"":[[""82116.47000000"",""5.53346000""],[""82116.46000000"",""0.00048000""],[""82116.45000000"",""0.00040000""],[""82116.44000000"",""0.00120000""],[""82116.39000000"",""0.00243000""]],""lastUpdateId"":101228061171}"
1791514193,266841936,spot,depth_diff,0,0,507,BTCUSDT,"{""E"":1791514193214,""U"":101228061169,""a"":[[""82131.20000000"",""0.00000000""]],""b"":[[""80884.73000000"",""0.00056000""],[""65693.18000000"",""0.00240000""]],""e"":""depthUpdate"",""s"":""BTCUSDT"",""u"":101228061171}"
1791514193,365802761,spot,depth5,0,0,508,BTCUSDT,"{""asks"":[[""82116.48000000"",""4.45488000""],[""82116.49000000"",""0.00901000""],[""82116.50000000"",""0.00013000""],[""82116.67000000"",""0.00758000""],[""82117.00000000"",""0.01320000""]],""bids"":[[""82116.47000000"",""5.53346000""],[""82116.46000000"",""0.00048000""],[""82116.45000000"",""0.00040000""],[""82116.44000000"",""0.00120000""],[""82116.39000000"",""0.00243000""]],""lastUpdateId"":101228061179}"
1791514193,372935961,spot,depth_diff,0,0,509,BTCUSDT,"{""E"":1791514193314,""U"":101228061172,""a"":[[""82116.48000000"",""4.45488000""],[""82131.21000000"",""0.00000000""]],""b"":[[""82047.61000000"",""0.00000000""],[""82044.91000000"",""2.10406000""],[""80884.73000000"",""0.00064000""],[""73904.83000000"",""0.00349000""]],""e"":""depthUpdate"",""s"":""BTCUSDT"",""u"":101228061179}"
1791514193,464830856,spot,depth5,0,0,510,BTCUSDT,"{""asks"":[[""82116.48000000"",""4.45501000""],[""82116.49000000"",""0.00901000""],[""82116.50000000"",""0.00013000""],[""82116.67000000"",""0.00758000""],[""82117.00000000"",""0.01320000""]],""bids"":[[""82116.47000000"",""5.53346000""],[""82116.46000000"",""0.00048000""],[""82116.45000000"",""0.00040000""],[""82116.44000000"",""0.00120000""],[""82116.39000000"",""0.00243000""]],""lastUpdateId"":101228061190}"
1791514193,465464455,spot,depth_diff,0,0,511,BTCUSDT,"{""E"":1791514193414,""U"":101228061180,""a"":[[""82116.48000000"",""4.45501000""],[""82125.98000000"",""0.00000000""],[""82126.49000000"",""0.00200000""],[""82129.20000000"",""0.00007000""]],""b"":[[""82096.34000000"",""0.00007000""],[""73904.83000000"",""0.00364000""],[""73904.00000000"",""0.00020000""],[""65693.18000000"",""0.00210000""]],""e"":""depthUpdate"",""s"":""BTCUSDT"",""u"":101228061190}"
1791514193,565432550,spot,depth5,0,0,512,BTCUSDT,"{""asks"":[[""82116.48000000"",""4.45501000""],[""82116.49000000"",""0.00901000""],[""82116.50000000"",""0.00013000""],[""82116.67000000"",""0.00758000""],[""82117.00000000"",""0.01320000""]],""bids"":[[""82116.47000000"",""5.53346000""],[""82116.46000000"",""0.00048000""],[""82116.45000000"",""0.00040000""],[""82116.44000000"",""0.00120000""],[""82116.39000000"",""0.00243000""]],""lastUpdateId"":101228061201}"
1791514193,566558250,spot,depth_diff,0,0,513,BTCUSDT,"{""E"":1791514193514,""U"":101228061191,""a"":[],""b"":[[""82116.47000000"",""5.53346000""],[""82116.46000000"",""0.00048000""],[""80884.73000000"",""0.00064000""],[""73904.00000000"",""0.00000000""],[""65693.18000000"",""0.00330000""]],""e"":""depthUpdate"",""s"":""BTCUSDT"",""u"":101228061201}"
1791514193,667152344,spot,depth5,0,0,514,BTCUSDT,"{""asks"":[[""82116.48000000"",""4.45501000""],[""82116.49000000"",""0.00901000""],[""82116.50000000"",""0.00013000""],[""82116.67000000"",""0.00758000""],[""82117.00000000"",""0.01320000""]],""bids"":[[""82116.47000000"",""5.53346000""],[""82116.46000000"",""0.00048000""],[""82116.45000000"",""0.00040000""],[""82116.44000000"",""0.00120000""],[""82116.39000000"",""0.00243000""]],""lastUpdateId"":101228061205}"
1791514193,669232144,spot,depth_diff,0,0,515,BTCUSDT,"{""E"":1791514193614,""U"":101228061202,""a"":[[""82123.27000000"",""0.00000000""]],""b"":[[""73904.83000000"",""0.00364000""],[""65693.18000000"",""0.00300000""]],""e"":""depthUpdate"",""s"":""BTCUSDT"",""u"":101228061205}"
1791514193,770458738,spot,depth5,0,0,516,BTCUSDT,"{""asks"":[[""82116.48000000"",""4.45508000""],[""82116.49000000"",""0.00901000""],[""82116.50000000"",""0.00013000""],[""82116.67000000"",""0.00758000""],[""82117.00000000"",""0.01320000""]],""bids"":[[""82116.47000000"",""5.53346000""],[""82116.46000000"",""0.00048000""],[""82116.45000000"",""0.00040000""],[""82116.44000000"",""0.00120000""],[""82116.39000000"",""0.00243000""]],""lastUpdateId"":101228061214}"
1791514193,776906438,spot,depth_diff,0,0,517,BTCUSDT,"{""E"":1791514193714,""U"":101228061206,""a"":[[""82116.48000000"",""4.45508000""],[""82122.20000000"",""0.32837000""]],""b"":[[""75547.16000000"",""0.00014000""],[""65693.00000000"",""0.00400000""]],""e"":""depthUpdate"",""s"":""BTCUSDT"",""u"":101228061214}"
1791514193,900760231,spot,depth5,0,0,518,BTCUSDT,"{""asks"":[[""82116.48000000"",""4.47314000""],[""82116.49000000"",""0.00894000""],[""82116.50000000"",""0.00013000""],[""82116.67000000"",""0.00758000""],[""82117.00000000"",""0.01320000""]],""bids"":[[""82116.47000000"",""3.60426000""],[""82116.46000000"",""0.00041000""],[""82116.45000000"",""0.00040000""],[""82116.44000000"",""0.00120000""],[""82116.05000000"",""0.00008000""]],""lastUpdateId"":101228061296}"
1791514193,901481531,spot,depth_diff,0,0,519,BTCUSDT,"{""E"":1791514193814,""U"":101228061215,""a"":[[""82116.48000000"",""4.47314000""],[""82116.49000000"",""0.00894000""],[""82122.19000000"",""0.00014000""],[""82123.80000000"",""0.00014000""],[""82126.49000000"",""0.00000000""],[""82128.79000000"",""0.00014000""],[""82130.71000000"",""0.00012000""]],""b"":[[""82116.47000000"",""3.60426000""],[""82116.46000000"",""0.00041000""],[""82116.39000000"",""0.00000000""],[""82115.76000000"",""0.00000000""],[""82113.96000000"",""0.00243000""],[""82113.33000000"",""0.00000000""],[""82111.99000000"",""0.00243000""],[""82111.61000000"",""0.00000000""],[""82111.47000000"",""0.03075000""],[""82111.39000000"",""0.01405000""],[""82111.11000000"",""0.00243000""],[""82111.04000000"",""0.00000000""],[""82110.74000000"",""0.00000000""],[""82110.73000000"",""0.34751000""],[""82110.72000000"",""0.00000000""],[""82110.70000000"",""1.50995000""],[""82110.08000000"",""0.00200000""],[""82109.74000000"",""0.00609000""],[""82108.60000000"",""0.00000000""],[""82108.45000000"",""0.00609000""],[""82108.26000000"",""0.00008000""],[""82106.41000000"",""0.00047000""],[""82106.40000000"",""0.00800000""],[""82106.18000000"",""0.00200000""],[""82102.90000000"",""0.10878000""],[""82089.94000000"",""0.00000000""],[""82088.76000000"",""0.00000000""],[""82067.18000000"",""0.00000000""],[""82047.61000000"",""2.10406000""],[""82044.91000000"",""0.00000000""],[""80884.73000000"",""0.00072000""],[""65693.18000000"",""0.00270000""],[""65693.00000000"",""0.00400000""]],""e"":""depthUpdate"",""s"":""BTCUSDT"",""u"":101228061296}"
1791514193,975195627,spot,depth5,0,0,520,BTCUSDT,"{""asks"":[[""82116.48000000"",""4.47321000""],[""82116.49000000"",""0.00062000""],[""82116.50000000"",""0.00013000""],[""82116.67000000"",""0.00758000""],[""82117.00000000"",""0.01320000""]],""bids"":[[""82116.47000000"",""4.66901000""],[""82116.46000000"",""0.00041000""],[""82116.45000000"",""0.00040000""],[""82116.44000000"",""0.00120000""],[""82116.05000000"",""0.00008000""]],""lastUpdateId"":101228061311}"
1791514193,976953526,spot,depth_diff,0,0,521,BTCUSDT,"{""E"":1791514193914,""U"":101228061297,""a"":[[""82116.48000000"",""4.47321000""],[""82116.49000000"",""0.00062000""],[""83348.23000000"",""0.00046000""]],""b"":[[""82116.47000000"",""4.66901000""],[""82110.70000000"",""1.50988000""],[""82071.30000000"",""0.00000000""],[""80884.72000000"",""0.00565000""],[""73904.83000000"",""0.00364000""]],""e"":""depthUpdate"",""s"":""BTCUSDT"",""u"":101228061311}"
1791514194,66579622,spot,depth5,0,0,522,BTCUSDT,"{""asks"":[[""82116.48000000"",""4.47328000""],[""82116.49000000"",""0.00062000""],[""82116.50000000"",""0.00013000""],[""82116.67000000"",""0.00758000""],[""82117.00000000"",""0.01320000""]],""bids"":[[""82116.47000000"",""4.66901000""],[""82116.46000000"",""0.00041000""],[""82116.45000000"",""0.00040000""],[""82116.44000000"",""0.00120000""],[""82116.05000000"",""0.00008000""]],""lastUpdateId"":101228061318}"
1791514194,67350222,spot,depth_diff,0,0,523,BTCUSDT,"{""E"":1791514194014,""U"":101228061312,""a"":[[""82116.48000000"",""4.47328000""],[""82128.79000000"",""0.00000000""],[""82130.11000000"",""0.00014000""]],""b"":[[""82110.08000000"",""0.00000000""],[""65693.18000000"",""0.00240000""],[""65693.00000000"",""0.00400000""]],""e"":""depthUpdate"",""s"":""BTCUSDT"",""u"":101228061318}"
1791514194,165238716,spot,depth5,0,0,524,BTCUSDT,"{""asks"":[[""82116.48000000"",""4.47314000""],[""82116.49000000"",""0.00062000""],[""82116.50000000"",""0.00013000""],[""82116.67000000"",""0.00758000""],[""82117.00000000"",""0.01320000""]],""bids"":[[""82116.47000000"",""4.66908000""],[""82116.46000000"",""0.00041000""],[""82116.45000000"",""0.00040000""],[""82116.44000000"",""0.00120000""],[""82116.05000000"",""0.00008000""]],""lastUpdateId"":101228061375}"
1791514194,165858216,spot,depth_diff,0,0,525,BTCUSDT,"{""E"":1791514194114,""U"":101228061319,""a"":[[""82116.48000000"",""4.47314000""],[""82116.49000000"",""0.00062000""],[""82117.98000000"",""0.01762000""],[""82119.29000000"",""0.00014000""],[""82120.01000000"",""0.00250000""],[""82120.02000000"",""0.00007000""],[""82120.92000000"",""0.00000000""],[""82121.10000000"",""0.00000000""],[""82121.11000000"",""0.00000000""],[""82122.18000000"",""0.00014000""],[""82122.19000000"",""0.35625000""],[""82122.20000000"",""0.29339000""],[""82123.28000000"",""0.02236000""],[""82123.80000000"",""0.00007000""],[""82124.28000000"",""0.00007000""],[""82124.69000000"",""0.00008000""],[""82124.70000000"",""0.36000000""],[""82125.62000000"",""0.00000000""],[""82126.00000000"",""0.00609000""],[""82127.99000000"",""0.00609000""],[""82128.38000000"",""0.00000000""],[""82128.54000000"",""0.00007000""],[""82128.89000000"",""0.09344000""],[""82128.90000000"",""0.35151000""],[""82128.91000000"",""0.00396000""],[""82128.98000000"",""0.00000000""],[""82129.67000000"",""0.00000000""],[""82132.46000000"",""0.00000000""]],""b"":[[""82116.47000000"",""4.66908000""],[""82115.69000000"",""0.03667000""],[""82115.34000000"",""0.00243000""],[""82113.96000000"",""0.00000000""],[""82113.33000000"",""0.00007000""],[""82113.32000000"",""1.00563000""],[""82110.70000000"",""1.50995000""],[""80884.73000000"",""0.00072000""],[""73904.83000000"",""0.00364000""]],""e"":""depthUpdate"",""s"":""BTCUSDT"",""u"":101228061375}"
1791514194,270633611,spot,depth5,0,0,526,BTCUSDT,"{""asks"":[[""82116.48000000"",""4.46705000""],[""82116.49000000"",""0.00062000""],[""82116.50000000"",""0.00013000""],[""82116.67000000"",""0.00758000""],[""82117.00000000"",""0.01320000""]],""bids"":[[""82116.47000000"",""4.66908000""],[""82116.46000000"",""0.00041000""],[""82116.45000000"",""0.00040000""],[""82116.44000000"",""0.00120000""],[""82116.05000000"",""0.00008000""]],""lastUpdateId"":101228061379}"
1791514194,271946811,spot,depth_diff,0,0,527,BTCUSDT,"{""E"":1791514194214,""U"":101228061376,""a"":[[""82116.48000000"",""4.46705000""]],""b"":[[""82110.70000000"",""1.50988000""],[""82089.51000000"",""0.00200000""],[""65693.18000000"",""0.00210000""]],""e"":""depthUpdate"",""s"":""BTCUSDT"",""u"":101228061379}"
1791514194,365127406,spot,depth5,0,0,528,BTCUSDT,"{""asks"":[[""82116.48000000"",""4.06651000""],[""82116.49000000"",""0.00062000""],[""82116.50000000"",""0.00013000""],[""82116.67000000"",""0.00758000""],[""82117.00000000"",""0.01320000""]],""bids"":[[""82116.47000000"",""4.66908000""],[""82116.46000000"",""0.00041000""],[""82116.45000000"",""0.00040000""],[""82116.44000000"",""0.00120000""],[""82116.05000000"",""0.00008000""]],""lastUpdateId"":101228061424}"
1791514194,366023206,spot,depth_diff,0,0,529,BTCUSDT,"{""E"":1791514194314,""U"":101228061380,""a"":[[""82116.48000000"",""4.06651000""],[""82116.49000000"",""0.00062000""],[""82117.97000000"",""0.00000000""],[""82117.98000000"",""0.00000000""],[""82117.99000000"",""0.01264000""],[""82118.00000000"",""0.01250000""],[""82120.61000000"",""0.00014000""],[""82122.20000000"",""0.29346000""],[""82123.80000000"",""0.00014000""],[""82127.14000000"",""0.00200000""],[""82128.88000000"",""0.00000000""],[""82128.89000000"",""0.09344000""],[""82128.90000000"",""0.34751000""],[""82128.91000000"",""0.00196000""],[""82130.11000000"",""0.00000000""],[""82130.69000000"",""0.00000000""],[""82130.71000000"",""0.00026000""],[""82146.21000000"",""0.00035000""]],""b"":[[""82112.07000000"",""0.00000000""],[""82047.61000000"",""0.00000000""],[""82044.91000000"",""2.10406000""],[""80884.73000000"",""0.00064000""],[""75547.16000000"",""0.00000000""]],""e"":""depthUpdate"",""s"":""BTCUSDT"",""u"":101228061424}"
1791514194,464464100,spot,depth5,0,0,530,BTCUSDT,"{""asks"":[[""82116.48000000"",""4.42671000""],[""82116.49000000"",""0.00069000""],[""82116.50000000"",""0.00013000""],[""82116.67000000"",""0.00758000""],[""82116.99000000"",""0.02144000""]],""bids"":[[""82116.47000000"",""4.66901000""],[""82116.46000000"",""0.00041000""],[""82116.45000000"",""0.00040000""],[""82116.44000000"",""0.00120000""],[""82116.05000000"",""0.00008000""]],""lastUpdateId"":101228061458}"
1791514194,466326100,spot,depth_diff,0,0,531,BTCUSDT,"{""E"":1791514194414,""U"":101228061425,""a"":[[""82116.48000000"",""4.42671000""],[""82116.49000000"",""0.00069000""],[""82116.98000000"",""0.00000000""],[""82116.99000000"",""0.02144000""],[""82120.61000000"",""0.00014000""],[""82125.70000000"",""0.00609000""],[""82126.00000000"",""0.00000000""],[""82128.88000000"",""0.00200000""],[""82128.89000000"",""0.09344000""],[""82129.20000000"",""0.00007000""],[""82131.02000000"",""0.00243000""]],""b"":[[""82116.47000000"",""4.66901000""],[""82096.34000000"",""0.00007000""],[""82062.62000000"",""0.00000000""],[""80884.73000000"",""0.00072000""],[""73904.83000000"",""0.00364000""],[""65693.18000000"",""0.00180000""]],""e"":""depthUpdate"",""s"":""BTCUSDT"",""u"":101228061458}"
1791514194,566433195,spot,depth5,0,0,532,BTCUSDT,"{""asks"":[[""82116.48000000"",""4.42671000""],[""82116.49000000"",""0.00069000""],[""82116.50000000"",""0.00013000""],[""82116.67000000"",""0.00758000""],[""82116.98000000"",""0.00014000""]],""bids"":[[""82116.47000000"",""4.66901000""],[""82116.46000000"",""0.00041000""],[""82116.45000000"",""0.00040000""],[""82116.44000000"",""0.00120000""],[""82116.05000000"",""0.00008000""]],""lastUpdateId"":101228061469}"
1791514194,567241195,spot,depth_diff,0,0,533,BTCUSDT,"{""E"":1791514194514,""U"":101228061459,""a"":[[""82116.98000000"",""0.00014000""],[""82120.61000000"",""0.00000000""],[""82131.02000000"",""0.00000000""],[""82131.05000000"",""0.00243000""]],""b"":[[""73904.00000000"",""0.00020000""],[""65693.18000000"",""0.00300000""]],""e"":""depthUpdate"",""s"":""BTCUSDT"",""u"":101228061469}"
1791514194,663861490,spot,depth5,0,0,534,BTCUSDT,"{""asks"":[[""82116.48000000"",""4.42671000""],[""82116.49000000"",""0.00069000""],[""82116.50000000"",""0.00013000""],[""82116.67000000"",""0.00758000""],[""82116.98000000"",""0.00014000""]],""bids"":[[""82116.47000000"",""4.66901000""],[""82116.46000000"",""0.00041000""],[""82116.45000000"",""0.00040000""],[""82116.44000000"",""0.00120000""],[""82116.05000000"",""0.00008000""]],""lastUpdateId"":101228061488}"
1791514194,665148490,spot,depth_diff,0,0,535,BTCUSDT,"{""E"":1791514194614,""U"":101228061470,""a"":[[""82122.23000000"",""0.00196000""],[""82131.05000000"",""0.00000000""],[""82132.46000000"",""0.00196000""],[""82145.76000000"",""0.00200000""]],""b"":[[""80884.73000000"",""0.00072000""],[""73904.83000000"",""0.00349000""],[""73904.00000000"",""0.00000000""],[""65693.18000000"",""0.00270000""],[""65693.00000000"",""0.00400000""]],""e"":""depthUpdate"",""s"":""BTCUSDT"",""u"":101228061488}"
1791514194,706802487,spot,trade,0,0,536,BTCUSDT,"{""E"":1791514194655,""M"":true,""T"":1791514194655,""e"":""trade"",""m"":false,""p"":""82116.48000000"",""q"":""0.00007000"",""s"":""BTCUSDT"",""t"":6750015773}"
1791514194,765518584,spot,depth5,0,0,537,BTCUSDT,"{""asks"":[[""82116.48000000"",""4.42664000""],[""82116.49000000"",""0.00069000""],[""82116.50000000"",""0.00013000""],[""82116.67000000"",""0.00758000""],[""82116.98000000"",""0.00014000""]],""bids"":[[""82116.47000000"",""4.66901000""],[""82116.46000000"",""0.00041000""],[""82116.45000000"",""0.00040000""],[""82116.44000000"",""0.00120000""],[""82116.05000000"",""0.00008000""]],""lastUpdateId"":101228061500}"
1791514194,766551684,spot,depth_diff,0,0,538,BTCUSDT,"{""E"":1791514194714,""U"":101228061489,""a"":[[""82116.48000000"",""4.42664000""],[""82118.00000000"",""0.00660000""],[""82122.15000000"",""0.00014000""],[""82122.16000000"",""0.10682000""],[""82123.80000000"",""0.00007000""],[""82128.88000000"",""0.00600000""],[""82132.46000000"",""0.10878000""]],""b"":[[""82110.69000000"",""0.00200000""],[""73904.83000000"",""0.00356000""],[""73904.82000000"",""0.00008000""]],""e"":""depthUpdate"",""s"":""BTCUSDT"",""u"":101228061500}"
1791514194,865742079,spot,depth5,0,0,539,BTCUSDT,"{""asks"":[[""82116.48000000"",""4.06664000""],[""82116.49000000"",""0.00069000""],[""82116.50000000"",""0.00013000""],[""82116.67000000"",""0.00758000""],[""82116.98000000"",""0.00014000""]],""bids"":[[""82116.47000000"",""4.66908000""],[""82116.46000000"",""0.00041000""],[""82116.45000000"",""0.00040000""],[""82116.44000000"",""0.00120000""],[""82116.05000000"",""0.00008000""]],""lastUpdateId"":101228061507}"
1791514194,866614879,spot,depth_diff,0,0,540,BTCUSDT,"{""E"":1791514194814,""U"":101228061501,""a"":[[""82116.48000000"",""4.06664000""],[""82128.88000000"",""0.00200000""]],""b"":[[""82116.47000000"",""4.66908000""],[""65693.18000000"",""0.00240000""]],""e"":""depthUpdate"",""s"":""BTCUSDT"",""u"":101228061507}"
1791514194,965194274,spot,depth5,0,0,541,BTCUSDT,"{""asks"":[[""82116.48000000"",""3.10704000""],[""82116.49000000"",""0.00069000""],[""82116.50000000"",""0.00013000""],[""82116.67000000"",""0.00758000""],[""82116.98000000"",""0.00014000""]],""bids"":[[""82116.47000000"",""4.67144000""],[""82116.46000000"",""0.00041000""],[""82116.45000000"",""0.00040000""],[""82116.44000000"",""0.00120000""],[""82116.05000000"",""0.00008000""]],""lastUpdateId"":101228061527}"
1791514194,966269073,spot,depth_diff,0,0,542,BTCUSDT,"{""E"":1791514194914,""U"":101228061508,""a"":[[""82116.48000000"",""3.10704000""],[""83348.23000000"",""0.00046000""]],""b"":[[""82116.47000000"",""4.67144000""],[""82115.76000000"",""0.00007000""],[""82115.34000000"",""0.00000000""],[""82110.69000000"",""0.00000000""],[""82102.90000000"",""0.00000000""],[""82047.61000000"",""2.10406000""],[""82044.91000000"",""0.00000000""],[""82021.99000000"",""0.00864000""],[""80884.73000000"",""0.00072000""],[""80884.72000000"",""0.00565000""],[""73904.83000000"",""0.00356000""]],""e"":""depthUpdate"",""s"":""BTCUSDT"",""u"":101228061527}"
1791514195,66729068,spot,depth5,0,0,543,BTCUSDT,"{""asks"":[[""82116.48000000"",""3.10704000""],[""82116.49000000"",""0.00069000""],[""82116.50000000"",""0.00013000""],[""82116.67000000"",""0.00758000""],[""82116.98000000"",""0.00014000""]],""bids"":[[""82116.47000000"",""4.67144000""],[""82116.46000000"",""0.00041000""],[""82116.45000000"",""0.00040000""],[""82116.44000000"",""0.00120000""],[""82116.05000000"",""0.00008000""]],""lastUpdateId"":101228061537}"
1791514195,70777368,spot,depth_diff,0,0,544,BTCUSDT,"{""E"":1791514195014,""U"":101228061528,""a"":[[""82145.76000000"",""0.00000000""],[""82146.61000000"",""0.00200000""]],""b"":[[""82097.85000000"",""0.00000000""],[""82097.54000000"",""0.05932000""],[""69798.99000000"",""0.00015000""],[""65693.18000000"",""0.00330000""]],""e"":""depthUpdate"",""s"":""BTCUSDT"",""u"":101228061537}"
1791514195,165903063,spot,depth5,0,0,545,BTCUSDT,"{""asks"":[[""82116.48000000"",""3.10704000""],[""82116.49000000"",""0.00069000""],[""82116.50000000"",""0.00013000""],[""82116.67000000"",""0.00758000""],[""82116.98000000"",""0.00014000""]],""bids"":[[""82116.47000000"",""4.67144000""],[""82116.46000000"",""0.00041000""],[""82116.45000000"",""0.00040000""],[""82116.44000000"",""0.00120000""],[""82116.05000000"",""0.00008000""]],""lastUpdateId"":101228061540}"
1791514195,174120963,spot,depth_diff,0,0,546,BTCUSDT,"{""E"":1791514195114,""U"":101228061538,""a"":[[""82128.88000000"",""0.00600000""]],""b"":[[""82111.65000000"",""0.00200000""]],""e"":""depthUpdate"",""s"":""BTCUSDT"",""u"":101228061540}"
1791514195,276621158,spot,depth5,0,0,547,BTCUSDT,"{""asks"":[[""82116.48000000"",""4.42664000""],[""82116.49000000"",""0.00069000""],[""82116.50000000"",""0.00013000""],[""82116.67000000"",""0.00758000""],[""82116.98000000"",""0.00014000""]],""bids"":[[""82116.47000000"",""4.67144000""],[""82116.46000000"",""0.00041000""],[""82116.45000000"",""0.00040000""],[""82116.44000000"",""0.00120000""],[""82116.05000000"",""0.00008000""]],""lastUpdateId"":101228061559}"
1791514195,294048657,spot,depth_diff,0,0,548,BTCUSDT,"{""E"":1791514195214,""U"":101228061541,""a"":[[""82116.48000000"",""4.42664000""],[""82117.99000000"",""0.01892000""],[""82125.15000000"",""0.00200000""],[""82126.76000000"",""0.00609000""],[""82127.14000000"",""0.00000000""],[""82129.66000000"",""0.00000000""]],""b"":[[""82112.72000000"",""0.00609000""],[""82111.65000000"",""0.00000000""],[""82110.74000000"",""0.00609000""],[""82110.36000000"",""0.00200000""],[""82110.02000000"",""0.00000000""],[""82108.45000000"",""0.00000000""],[""82106.18000000"",""0.00000000""],[""81852.01000000"",""0.00756000""],[""81850.87000000"",""0.00000000""],[""80884.73000000"",""0.00072000""],[""73904.83000000"",""0.00356000""],[""65693.18000000"",""0.00300000""]],""e"":""depthUpdate"",""s"":""BTCUSDT"",""u"":101228061559}"
1791514195,367815253,spot,depth5,0,0,549,BTCUSDT,"{""asks"":[[""82116.48000000"",""4.06664000""],[""82116.49000000"",""0.00069000""],[""82116.50000000"",""0.00013000""],[""82116.67000000"",""0.00758000""],[""82116.98000000"",""0.00014000""]],""bids"":[[""82116.47000000"",""4.67144000""],[""82116.46000000"",""0.00041000""],[""82116.45000000"",""0.00040000""],[""82116.44000000"",""0.00120000""],[""82116.05000000"",""0.00008000""]],""lastUpdateId"":101228061565}"
1791514195,368595453,spot,depth_diff,0,0,550,BTCUSDT,"{""E"":1791514195314,""U"":101228061560,""a"":[[""82116.48000000"",""4.06664000""],[""82117.98000000"",""0.00014000""],[""82122.19000000"",""0.35611000""],[""82123.96000000"",""0.00400000""]],""b"":[],""e"":""depthUpdate"",""s"":""BTCUSDT"",""u"":101228061565}"
1791514195,471809048,spot,depth5,0,0,551,BTCUSDT,"{""asks"":[[""82116.48000000"",""4.06664000""],[""82116.49000000"",""0.00069000""],[""82116.50000000"",""0.00013000""],[""82116.67000000"",""0.00758000""],[""82116.98000000"",""0.00014000""]],""bids"":[[""82116.47000000"",""5.25598000""],[""82116.46000000"",""0.00041000""],[""82116.45000000"",""0.00025000""],[""82116.44000000"",""0.00120000""],[""82116.05000000"",""0.00008000""]],""lastUpdateId"":101228061577}"
1791514195,473429348,spot,depth_diff,0,0,552,BTCUSDT,"{""E"":1791514195414,""U"":101228061566,""a"":[[""82129.20000000"",""0.00000000""]],""b"":[[""82116.47000000"",""5.25598000""],[""82116.45000000"",""0.00025000""],[""82096.34000000"",""0.00000000""],[""82047.61000000"",""0.00000000""],[""82044.91000000"",""2.10406000""],[""81871.06000000"",""0.00000000""],[""81870.41000000"",""0.00020000""],[""80884.73000000"",""0.00064000""],[""73904.83000000"",""0.00356000""],[""65693.18000000"",""0.00270000""]],""e"":""depthUpdate"",""s"":""BTCUSDT"",""u"":101228061577}"
1791514195,565020543,spot,depth5,0,0,553,BTCUSDT,"{""asks"":[[""82116.48000000"",""4.06664000""],[""82116.49000000"",""0.00069000""],[""82116.50000000"",""0.00013000""],[""82116.67000000"",""0.00758000""],[""82116.98000000"",""0.00014000""]],""bids"":[[""82116.47000000"",""5.25598000""],[""82116.46000000"",""0.00041000""],[""82116.45000000"",""0.00025000""],[""82116.44000000"",""0.00120000""],[""82116.05000000"",""0.00008000""]],""lastUpdateId"":101228061588}"
1791514195,566171443,spot,depth_diff,0,0,554,BTCUSDT,"{""E"":1791514195514,""U"":101228061578,""a"":[[""82116.99000000"",""0.00000000""],[""82125.00000000"",""0.00014000""],[""82128.39000000"",""0.00187000""],[""82128.88000000"",""0.35351000""],[""82128.90000000"",""0.00000000""],[""82129.20000000"",""0.00007000""]],""b"":[[""82096.34000000"",""0.00007000""],[""80884.73000000"",""0.00072000""],[""65693.00000000"",""0.00400000""]],""e"":""depthUpdate"",""s"":""BTCUSDT"",""u"":101228061588}"
1791514195,664497338,spot,depth5,0,0,555,BTCUSDT,"{""asks"":[[""82116.48000000"",""4.06664000""],[""82116.49000000"",""0.00069000""],[""82116.50000000"",""0.00013000""],[""82116.67000000"",""0.00758000""],[""82116.98000000"",""0.00014000""]],""bids"":[[""82116.47000000"",""5.25598000""],[""82116.46000000"",""0.00041000""],[""82116.45000000"",""0.00025000""],[""82116.44000000"",""0.00120000""],[""82116.05000000"",""0.00008000""]],""lastUpdateId"":101228061611}"
1791514195,665649838,spot,depth_diff,0,0,556,BTCUSDT,"{""E"":1791514195614,""U"":101228061589,""a"":[[""82116.98000000"",""0.00014000""],[""82116.99000000"",""0.01976000""],[""82117.98000000"",""0.00000000""],[""82117.99000000"",""0.01264000""],[""82120.61000000"",""0.00000000""],[""82122.19000000"",""0.35618000""],[""82128.87000000"",""0.00610000""],[""82128.88000000"",""0.34751000""],[""82133.25000000"",""0.00000000""],[""82153.80000000"",""0.00000000""],[""82174.35000000"",""0.00007000""]],""b"":[[""82111.18000000"",""0.00200000""],[""82105.73000000"",""0.00000000""],[""82064.63000000"",""0.00000000""],[""82044.08000000"",""0.00000000""],[""65693.18000000"",""0.00240000""]],""e"":""depthUpdate"",""s"":""BTCUSDT"",""u"":101228061611}"
1791514195,764440833,spot,depth5,0,0,557,BTCUSDT,"{""asks"":[[""82116.48000000"",""4.06664000""],[""82116.49000000"",""0.00069000""],[""82116.50000000"",""0.00013000""],[""82116.67000000"",""0.00758000""],[""82116.98000000"",""0.00014000""]],""bids"":[[""82116.47000000"",""5.25598000""],[""82116.46000000"",""0.00041000""],[""82116.45000000"",""0.00025000""],[""82116.44000000"",""0.00120000""],[""82116.05000000"",""0.00008000""]],""lastUpdateId"":101228061619}"
1791514195,765499833,spot,depth_diff,0,0,558,BTCUSDT,"{""E"":1791514195714,""U"":101228061612,""a"":[[""82132.42000000"",""0.00243000""],[""82311.14000000"",""0.00000000""]],""b"":[[""81934.71000000"",""0.00000000""],[""80884.73000000"",""0.00064000""],[""73904.83000000"",""0.00356000""],[""73904.00000000"",""0.00000000""]],""e"":""depthUpdate"",""s"":""BTCUSDT"",""u"":101228061619}"
1791514195,867206928,spot,depth5,0,0,559,BTCUSDT,"{""asks"":[[""82116.48000000"",""4.06664000""],[""82116.49000000"",""0.00069000""],[""82116.50000000"",""0.00013000""],[""82116.67000000"",""0.00758000""],[""82116.98000000"",""0.00014000""]],""bids"":[[""82116.47000000"",""5.25598000""],[""82116.46000000"",""0.00041000""],[""82116.45000000"",""0.00025000""],[""82116.44000000"",""0.00120000""],[""82116.05000000"",""0.00008000""]],""lastUpdateId"":101228061621}"
1791514195,870913628,spot,depth_diff,0,0,560,BTCUSDT,"{""E"":1791514195814,""U"":101228061620,""a"":[],""b"":[[""80884.73000000"",""0.00072000""],[""65693.18000000"",""0.00210000""]],""e"":""depthUpdate"",""s"":""BTCUSDT"",""u"":101228061621}"
1791514195,969582123,spot,depth5,0,0,561,BTCUSDT,"{""asks"":[[""82116.48000000"",""4.06664000""],[""82116.49000000"",""0.00069000""],[""82116.50000000"",""0.00013000""],[""82116.67000000"",""0.00758000""],[""82116.98000000"",""0.00014000""]],""bids"":[[""82116.47000000"",""5.25598000""],[""82116.46000000"",""0.00041000""],[""82116.45000000"",""0.00035000""],[""82116.44000000"",""0.00120000""],[""82116.05000000"",""0.00008000""]],""lastUpdateId"":101228061627}"
1791514195,972006323,spot,depth_diff,0,0,562,BTCUSDT,"{""E"":1791514195914,""U"":101228061622,""a"":[[""83348.23000000"",""0.00046000""]],""b"":[[""82116.45000000"",""0.00035000""],[""80884.72000000"",""0.00565000""],[""73904.83000000"",""0.00341000""]],""e"":""depthUpdate"",""s"":""BTCUSDT"",""u"":101228061627}"
1791514196,65458618,spot,depth5,0,0,563,BTCUSDT,"{""asks"":[[""82116.48000000"",""4.06664000""],[""82116.49000000"",""0.00069000""],[""82116.50000000"",""0.00013000""],[""82116.67000000"",""0.00758000""],[""82116.98000000"",""0.00014000""]],""bids"":[[""82116.47000000"",""5.25598000""],[""82116.46000000"",""0.00041000""],[""82116.45000000"",""0.00035000""],[""82116.44000000"",""0.00120000""],[""82116.05000000"",""0.00008000""]],""lastUpdateId"":101228061640}"
1791514196,83446717,spot,depth_diff,0,0,564,BTCUSDT,"{""E"":1791514196014,""U"":101228061628,""a"":[[""82125.70000000"",""0.00000000""],[""82126.06000000"",""0.00200000""],[""82126.31000000"",""0.00609000""],[""82132.42000000"",""0.00000000""],[""82313.54000000"",""0.96105000""]],""b"":[[""81934.68000000"",""5.37079000""],[""80884.73000000"",""0.00072000""],[""73904.83000000"",""0.00356000""],[""65693.18000000"",""0.00300000""]],""e"":""depthUpdate"",""s"":""BTCUSDT"",""u"":101228061640}"
1791514196,154941614,spot,trade,0,0,565,BTCUSDT,"{""E"":1791514196104,""M"":true,""T"":1791514196103,""e"":""trade"",""m"":true,""p"":""82116.47000000"",""q"":""0.00069000"",""s"":""BTCUSDT"",""t"":6750015774}"
1791514196,156431614,spot,trade,0,0,566,BTCUSDT,"{""E"":1791514196104,""M"":true,""T"":1791514196103,""e"":""trade"",""m"":true,""p"":""82116.47000000"",""q"":""0.00048000"",""s"":""BTCUSDT"",""t"":6750015775}"
1791514196,157368814,spot,trade,0,0,567,BTCUSDT,"{""E"":1791514196104,""M"":true,""T"":1791514196103,""e"":""trade"",""m"":true,""p"":""82116.47000000"",""q"":""0.00048000"",""s"":""BTCUSDT"",""t"":6750015776}"
1791514196,157876914,spot,trade,0,0,568,BTCUSDT,"{""E"":1791514196104,""M"":true,""T"":1791514196103,""e"":""trade"",""m"":true,""p"":""82116.47000000"",""q"":""0.00188000"",""s"":""BTCUSDT"",""t"":6750015777}"
1791514196,158340614,spot,trade,0,0,569,BTCUSDT,"{""E"":1791514196104,""M"":true,""T"":1791514196103,""e"":""trade"",""m"":true,""p"":""82116.47000000"",""q"":""0.01167000"",""s"":""BTCUSDT"",""t"":6750015778}"
1791514196,166925513,spot,depth5,0,0,570,BTCUSDT,"{""asks"":[[""82116.48000000"",""4.44435000""],[""82116.49000000"",""0.00821000""],[""82116.50000000"",""0.00013000""],[""82116.67000000"",""0.00758000""],[""82116.98000000"",""0.00014000""]],""bids"":[[""82116.47000000"",""3.36884000""],[""82116.46000000"",""0.00041000""],[""82116.45000000"",""0.00035000""],[""82116.44000000"",""0.00120000""],[""82116.05000000"",""0.00008000""]],""lastUpdateId"":101228061938}"
1791514196,169999113,spot,depth_diff,0,0,571,BTCUSDT,"{""E"":1791514196114,""U"":101228061641,""a"":[[""82116.48000000"",""4.44435000""],[""82116.49000000"",""0.00821000""],[""82117.78000000"",""0.00400000""],[""82119.15000000"",""0.00000000""],[""82119.84000000"",""0.00400000""],[""82120.33000000"",""0.00000000""],[""82121.90000000"",""0.00400000""],[""82122.14000000"",""0.00000000""],[""82122.15000000"",""0.00014000""],[""82122.16000000"",""0.10689000""],[""82122.17000000"",""0.00014000""],[""82122.18000000"",""0.35611000""],[""82122.19000000"",""0.00007000""],[""82122.31000000"",""0.00000000""],[""82122.39000000"",""0.00000000""],[""82123.17000000"",""0.00609000""],[""82123.22000000"",""0.00200000""],[""82123.65000000"",""0.00609000""],[""82123.95000000"",""0.00000000""],[""82124.69000000"",""0.00018000""],[""82125.15000000"",""0.00000000""],[""82126.06000000"",""0.00000000""],[""82126.31000000"",""0.00000000""],[""82126.39000000"",""0.03000000""],[""82126.76000000"",""0.00000000""],[""82127.61000000"",""0.00000000""],[""82127.98000000"",""0.00014000""],[""82127.99000000"",""0.00000000""],[""82128.38000000"",""0.00200000""],[""82128.60000000"",""0.00000000""],[""82128.65000000"",""0.03653000""],[""82128.79000000"",""0.00609000""],[""82128.91000000"",""0.00000000""],[""82128.92000000"",""0.00000000""],[""82128.98000000"",""0.00000000""],[""82130.54000000"",""0.00000000""],[""82130.71000000"",""0.00012000""],[""82132.41000000"",""0.00000000""],[""82135.36000000"",""0.03061000""],[""82138.10000000"",""0.08000000""],[""82146.61000000"",""0.00000000""],[""82148.68000000"",""0.00400000""],[""82148.74000000"",""0.00000000""],[""82150.74000000"",""0.00007000""],[""82151.49000000"",""0.00482000""],[""82152.80000000"",""0.00000000""],[""82154.86000000"",""0.00000000""],[""82346.06000000"",""0.00000000""]],""b"":[[""82116.47000000"",""3.36884000""],[""82115.99000000"",""0.00000000""],[""82115.98000000"",""0.00000000""],[""82115.87000000"",""0.00000000""],[""82115.86000000"",""0.00014000""],[""82115.76000000"",""0.00000000""],[""82115.72000000"",""0.00000000""],[""82115.70000000"",""0.00000000""],[""82115.69000000"",""0.00007000""],[""82113.66000000"",""0.00000000""],[""82113.33000000"",""0.00000000""],[""82113.32000000"",""0.00014000""],[""82113.31000000"",""0.00000000""],[""82113.06000000"",""0.00014000""],[""82113.05000000"",""0.04007000""],[""82112.72000000"",""0.00000000""],[""82112.67000000"",""0.00000000""],[""82111.99000000"",""0.00000000""],[""82111.60000000"",""0.00000000""],[""82111.50000000"",""0.00000000""],[""82111.47000000"",""0.00000000""],[""82111.18000000"",""0.00000000""],[""82110.74000000"",""0.00000000""],[""82110.73000000"",""0.00000000""],[""82110.70000000"",""0.00000000""],[""82110.37000000"",""0.00243000""],[""82110.36000000"",""0.00000000""],[""82109.74000000"",""0.00000000""],[""82109.73000000"",""0.00000000""],[""82109.42000000"",""0.00014000""],[""82109.41000000"",""0.85641000""],[""82109.06000000"",""0.00007000""],[""82109.05000000"",""0.08007000""],[""82108.90000000"",""0.00000000""],[""82108.77000000"",""0.03000000""],[""82108.27000000"",""0.00609000""],[""82107.56000000"",""0.00200000""],[""82107.40000000"",""0.00000000""],[""82107.24000000"",""0.00013000""],[""82107.00000000"",""0.00000000""],[""82106.41000000"",""0.00047000""],[""82106.40000000"",""0.00600000""],[""82106.39000000"",""0.00000000""],[""82106.13000000"",""2.28505000""],[""82106.12000000"",""0.00000000""],[""82105.54000000"",""0.00000000""],[""82105.48000000"",""1.00556000""],[""82105.47000000"",""0.00000000""],[""82105.46000000"",""0.55108000""],[""82104.33000000"",""0.00000000""],[""82102.90000000"",""0.10878000""],[""82102.22000000"",""0.00000000""],[""82102.00000000"",""1.50988000""],[""82101.99000000"",""0.00000000""],[""82101.98000000"",""0.00000000""],[""82101.28000000"",""0.34751000""],[""82100.33000000"",""1.07394000""],[""82099.00000000"",""0.00161000""],[""82097.73000000"",""2.51544000""],[""82097.72000000"",""0.00000000""],[""82097.71000000"",""0.00000000""],[""82097.67000000"",""0.00000000""],[""82097.54000000"",""0.00000000""],[""82093.88000000"",""0.00000000""],[""82092.60000000"",""0.00400000""],[""82089.51000000"",""0.00000000""],[""82087.57000000"",""0.00200000""],[""82086.77000000"",""0.00000000""],[""82086.76000000"",""0.00000000""],[""82086.15000000"",""0.05857000""],[""82082.76000000"",""0.00400000""],[""82082.42000000"",""0.00000000""],[""82078.64000000"",""0.00400000""],[""82074.52000000"",""0.62790000""],[""82067.04000000"",""0.00000000""],[""82047.62000000"",""0.00000000""],[""82044.91000000"",""0.00000000""],[""82043.55000000"",""1.79893000""],[""82042.21000000"",""0.00000000""],[""82006.86000000"",""0.00000000""],[""82000.14000000"",""0.62025000""],[""82000.13000000"",""1.00556000""],[""82000.12000000"",""0.00000000""],[""81987.81000000"",""1.00556000""],[""73904.82000000"",""0.00000000""]],""e"":""depthUpdate"",""s"":""BTCUSDT"",""u"":101228061938}"
1791514196,268792909,spot,depth5,0,0,572,BTCUSDT,"{""asks"":[[""82116.48000000"",""4.45092000""],[""82116.49000000"",""0.00821000""],[""82116.50000000"",""0.00013000""],[""82116.67000000"",""0.00758000""],[""82116.98000000"",""0.00014000""]],""bids"":[[""82116.47000000"",""4.43736000""],[""82116.46000000"",""0.00062000""],[""82116.45000000"",""0.00035000""],[""82116.44000000"",""0.00120000""],[""82116.05000000"",""0.00008000""]],""lastUpdateId"":101228062034}"
1791514196,271469308,spot,depth_diff,0,0,573,BTCUSDT,"{""E"":1791514196214,""U"":101228061939,""a"":[[""82116.48000000"",""4.45092000""],[""82116.49000000"",""0.00821000""],[""82117.78000000"",""0.00996000""],[""82119.29000000"",""0.00000000""],[""82122.19000000"",""0.00014000""],[""82123.17000000"",""0.00000000""],[""82123.65000000"",""0.00000000""],[""82123.80000000"",""0.00014000""],[""82124.99000000"",""0.00609000""],[""82125.70000000"",""0.00609000""],[""82126.68000000"",""0.00000000""],[""82127.98000000"",""0.00000000""],[""82129.41000000"",""0.00027000""],[""82131.11000000"",""0.00243000""],[""82131.15000000"",""0.02000000""],[""82143.04000000"",""0.79130000""],[""82151.04000000"",""0.00000000""],[""82151.70000000"",""0.02000000""],[""82160.16000000"",""0.00000000""],[""82172.25000000"",""0.02000000""],[""82302.12000000"",""0.01907000""],[""82311.95000000"",""0.00023000""]],""b"":[[""82116.47000000"",""4.43736000""],[""82116.46000000"",""0.00062000""],[""82115.87000000"",""0.00014000""],[""82115.86000000"",""0.02158000""],[""82115.85000000"",""0.04314000""],[""82115.69000000"",""0.00000000""],[""82114.69000000"",""0.00243000""],[""82113.32000000"",""0.00000000""],[""82113.07000000"",""0.00014000""],[""82113.06000000"",""0.04577000""],[""82113.05000000"",""0.04014000""],[""82112.87000000"",""0.00014000""],[""82112.86000000"",""0.03660000""],[""82111.50000000"",""0.00007000""],[""82110.94000000"",""0.03061000""],[""82110.01000000"",""0.00609000""],[""82109.42000000"",""0.00609000""],[""82109.06000000"",""0.00000000""],[""82108.77000000"",""0.03000000""],[""82108.26000000"",""0.00008000""],[""82107.24000000"",""0.00020000""],[""82100.03000000"",""0.02000000""],[""82096.79000000"",""0.30469000""],[""82092.61000000"",""0.30469000""],[""82088.59000000"",""0.30469000""],[""82084.01000000"",""0.30469000""],[""82058.93000000"",""0.02000000""],[""82043.55000000"",""1.24514000""],[""73904.83000000"",""0.00356000""],[""65693.18000000"",""0.00270000""]],""e"":""depthUpdate"",""s"":""BTCUSDT"",""u"":101228062034}"
1791514196,365558704,spot,depth5,0,0,574,BTCUSDT,"{""asks"":[[""82116.48000000"",""4.45092000""],[""82116.49000000"",""0.00821000""],[""82116.50000000"",""0.00013000""],[""82116.67000000"",""0.00758000""],[""82116.98000000"",""0.00014000""]],""bids"":[[""82116.47000000"",""3.37268000""],[""82116.46000000"",""0.00062000""],[""82116.45000000"",""0.00035000""],[""82116.44000000"",""0.00120000""],[""82116.05000000"",""0.00008000""]],""lastUpdateId"":101228062042}"
1791514196,366703004,spot,depth_diff,0,0,575,BTCUSDT,"{""E"":1791514196314,""U"":101228062035,""a"":[[""82121.16000000"",""0.00515000""],[""82123.19000000"",""0.00933000""],[""82131.11000000"",""0.00000000""],[""82132.08000000"",""0.00243000""]],""b"":[[""82116.47000000"",""3.37268000""],[""82115.66000000"",""0.00243000""],[""82114.69000000"",""0.00000000""],[""80884.73000000"",""0.00064000""]],""e"":""depthUpdate"",""s"":""BTCUSDT"",""u"":101228062042}"
1791514196,471383599,spot,depth5,0,0,576,BTCUSDT,"{""asks"":[[""82116.48000000"",""4.45092000""],[""82116.49000000"",""0.00821000""],[""82116.50000000"",""0.00013000""],[""82116.67000000"",""0.00758000""],[""82116.98000000"",""0.00014000""]],""bids"":[[""82116.47000000"",""3.37268000""],[""82116.46000000"",""0.00062000""],[""82116.45000000"",""0.00035000""],[""82116.44000000"",""0.00120000""],[""82116.05000000"",""0.00008000""]],""lastUpdateId"":101228062052}"
1791514196,473092799,spot,depth_diff,0,0,577,BTCUSDT,"{""E"":1791514196414,""U"":101228062043,""a"":[[""82131.16000000"",""0.00243000""],[""82132.08000000"",""0.00000000""]],""b"":[[""82115.66000000"",""0.00000000""],[""82114.75000000"",""0.00243000""],[""82112.65000000"",""0.00024000""],[""82109.62000000"",""0.00200000""],[""82102.94000000"",""0.67500000""],[""81852.01000000"",""0.00000000""],[""81850.87000000"",""0.00756000""],[""73904.83000000"",""0.00341000""],[""65693.18000000"",""0.00240000""]],""e"":""depthUpdate"",""s"":""BTCUSDT"",""u"":101228062052}"
1791514196,566159995,spot,depth5,0,0,578,BTCUSDT,"{""asks"":[[""82116.48000000"",""4.45092000""],[""82116.49000000"",""0.00821000""],[""82116.50000000"",""0.00013000""],[""82116.67000000"",""0.00758000""],[""82116.98000000"",""0.00014000""]],""bids"":[[""82116.47000000"",""3.35939000""],[""82116.46000000"",""0.00062000""],[""82116.45000000"",""0.00035000""],[""82116.44000000"",""0.00120000""],[""82116.05000000"",""0.00008000""]],""lastUpdateId"":101228062070}"
1791514196,569755694,spot,depth_diff,0,0,579,BTCUSDT,"{""E"":1791514196514,""U"":101228062053,""a"":[[""82128.87000000"",""0.00810000""],[""82129.20000000"",""0.00007000""],[""82144.44000000"",""0.33215000""]],""b"":[[""82116.47000000"",""3.35939000""],[""82116.46000000"",""0.00062000""],[""82109.05000000"",""0.08000000""],[""82106.14000000"",""0.00400000""],[""82096.34000000"",""0.00007000""],[""82088.09000000"",""0.48991000""],[""82063.47000000"",""0.98369000""],[""73904.83000000"",""0.00356000""],[""65693.00000000"",""0.00400000""]],""e"":""depthUpdate"",""s"":""BTCUSDT"",""u"":101228062070}"
1791514196,665283390,spot,depth5,0,0,580,BTCUSDT,"{""asks"":[[""82116.48000000"",""4.45092000""],[""82116.49000000"",""0.00821000""],[""82116.50000000"",""0.00013000""],[""82116.67000000"",""0.00758000""],[""82116.98000000"",""0.00014000""]],""bids"":[[""82116.47000000"",""3.35939000""],[""82116.46000000"",""0.00062000""],[""82116.45000000"",""0.00035000""],[""82116.44000000"",""0.00120000""],[""82116.05000000"",""0.00008000""]],""lastUpdateId"":101228062091}"
1791514196,666431190,spot,depth_diff,0,0,581,BTCUSDT,"{""E"":1791514196614,""U"":101228062071,""a"":[[""82131.09000000"",""0.00243000""],[""82131.16000000"",""0.00000000""],[""82132.05000000"",""0.00000000""],[""85010.45000000"",""0.00000000""]],""b"":[[""82116.47000000"",""3.35939000""],[""82116.46000000"",""0.00062000""],[""82115.63000000"",""0.00000000""],[""82114.75000000"",""0.00000000""],[""82114.68000000"",""0.00243000""],[""82109.05000000"",""0.08000000""],[""82076.58000000"",""0.00400000""],[""82074.52000000"",""0.62390000""],[""81002.47000000"",""0.00000000""],[""80884.73000000"",""0.00064000""],[""78767.41000000"",""0.00000000""],[""65693.18000000"",""0.00210000""]],""e"":""depthUpdate"",""s"":""BTCUSDT"",""u"":101228062091}"
1791514196,687718689,spot,trade,0,0,582,BTCUSDT,"{""E"":1791514196636,""M"":true,""T"":1791514196636,""e"":""trade"",""m"":false,""p"":""82116.48000000"",""q"":""0.00010000"",""s"":""BTCUSDT"",""t"":6750015779}"
1791514196,779957985,spot,depth5,0,0,583,BTCUSDT,"{""asks"":[[""82116.48000000"",""4.45082000""],[""82116.49000000"",""0.00821000""],[""82116.50000000"",""0.00013000""],[""82116.67000000"",""0.00758000""],[""82116.98000000"",""0.00014000""]],""bids"":[[""82116.47000000"",""4.42393000""],[""82116.46000000"",""0.00055000""],[""82116.45000000"",""0.00035000""],[""82116.44000000"",""0.00120000""],[""82116.05000000"",""0.00008000""]],""lastUpdateId"":101228062099}"
1791514196,788101484,spot,depth_diff,0,0,584,BTCUSDT,"{""E"":1791514196714,""U"":101228062092,""a"":[[""82116.48000000"",""4.45082000""]],""b"":[[""82116.47000000"",""4.42393000""],[""82116.46000000"",""0.00055000""],[""73904.83000000"",""0.00364000""]],""e"":""depthUpdate"",""s"":""BTCUSDT"",""u"":101228062099}"
1791514196,867197080,spot,depth5,0,0,585,BTCUSDT,"{""asks"":[[""82116.48000000"",""4.45082000""],[""82116.49000000"",""0.00821000""],[""82116.50000000"",""0.00013000""],[""82116.67000000"",""0.00758000""],[""82116.98000000"",""0.00014000""]],""bids"":[[""82116.47000000"",""4.42393000""],[""82116.46000000"",""0.00055000""],[""82116.45000000"",""0.00035000""],[""82116.44000000"",""0.00120000""],[""82116.05000000"",""0.00008000""]],""lastUpdateId"":101228062104}"
1791514196,869949180,spot,depth_diff,0,0,586,BTCUSDT,"{""E"":1791514196814,""U"":101228062100,""a"":[[""82124.88000000"",""0.00200000""]],""b"":[[""80884.73000000"",""0.00056000""],[""73904.00000000"",""0.00000000""],[""65693.18000000"",""0.00180000""]],""e"":""depthUpdate"",""s"":""BTCUSDT"",""u"":101228062104}"
1791514196,964712776,spot,depth5,0,0,587,BTCUSDT,"{""asks"":[[""82116.48000000"",""4.45082000""],[""82116.49000000"",""0.00821000""],[""82116.50000000"",""0.00013000""],[""82116.67000000"",""0.00758000""],[""82116.98000000"",""0.00014000""]],""bids"":[[""82116.47000000"",""4.42393000""],[""82116.46000000"",""0.00055000""],[""82116.45000000"",""0.00035000""],[""82116.44000000"",""0.00120000""],[""82116.05000000"",""0.00008000""]],""lastUpdateId"":101228062111}"
1791514196,965783776,spot,depth_diff,0,0,588,BTCUSDT,"{""E"":1791514196914,""U"":101228062105,""a"":[[""82121.16000000"",""0.00525000""],[""83348.23000000"",""0.00046000""]],""b"":[[""80884.73000000"",""0.00064000""],[""80884.72000000"",""0.00565000""],[""80542.78000000"",""0.00029000""]],""e"":""depthUpdate"",""s"":""BTCUSDT"",""u"":101228062111}"
1791514197,65680571,spot,depth5,0,0,589,BTCUSDT,"{""asks"":[[""82116.48000000"",""4.45089000""],[""82116.49000000"",""0.00828000""],[""82116.50000000"",""0.00013000""],[""82116.67000000"",""0.00758000""],[""82116.98000000"",""0.00014000""]],""bids"":[[""82116.47000000"",""4.42393000""],[""82116.46000000"",""0.00055000""],[""82116.45000000"",""0.00035000""],[""82116.44000000"",""0.00120000""],[""82116.05000000"",""0.00008000""]],""lastUpdateId"":101228062120}"
1791514197,66533271,spot,depth_diff,0,0,590,BTCUSDT,"{""E"":1791514197014,""U"":101228062112,""a"":[[""82116.48000000"",""4.45089000""],[""82116.49000000"",""0.00828000""]],""b"":[[""73904.83000000"",""0.00364000""],[""65693.18000000"",""0.00270000""]],""e"":""depthUpdate"",""s"":""BTCUSDT"",""u"":101228062120}"
1791514197,164757167,spot,depth5,0,0,591,BTCUSDT,"{""asks"":[[""82116.48000000"",""4.45089000""],[""82116.49000000"",""0.00828000""],[""82116.50000000"",""0.00013000""],[""82116.67000000"",""0.00758000""],[""82116.98000000"",""0.00014000""]],""bids"":[[""82116.47000000"",""4.53278000""],[""82116.46000000"",""0.00055000""],[""82116.45000000"",""0.00035000""],[""82116.44000000"",""0.00120000""],[""82116.05000000"",""0.00008000""]],""lastUpdateId"":101228062132}"
1791514197,165488567,spot,depth_diff,0,0,592,BTCUSDT,"{""E"":1791514197114,""U"":101228062121,""a"":[[""82124.52000000"",""0.00609000""],[""82125.70000000"",""0.00000000""],[""82131.09000000"",""0.00000000""],[""82131.92000000"",""0.00243000""]],""b"":[[""82116.47000000"",""4.53278000""],[""82115.51000000"",""0.00243000""],[""82114.68000000"",""0.00000000""],[""82109.05000000"",""0.08007000""],[""80884.73000000"",""0.00064000""]],""e"":""depthUpdate"",""s"":""BTCUSDT"",""u"":101228062132}"
1791514197,227617964,spot,trade,0,0,593,BTCUSDT,"{""E"":1791514197176,""M"":true,""T"":1791514197176,""e"":""trade"",""m"":false,""p"":""82116.48000000"",""q"":""0.00015000"",""s"":""BTCUSDT"",""t"":6750015780}"
1791514197,264844062,spot,depth5,0,0,594,BTCUSDT,"{""asks"":[[""82116.48000000"",""3.49135000""],[""82116.49000000"",""0.00835000""],[""82116.50000000"",""0.00013000""],[""82116.67000000"",""0.00758000""],[""82116.98000000"",""0.00014000""]],""bids"":[[""82116.47000000"",""5.76630000""],[""82116.46000000"",""0.00055000""],[""82116.45000000"",""0.00035000""],[""82116.44000000"",""0.00120000""],[""82116.05000000"",""0.00008000""]],""lastUpdateId"":101228062160}"
1791514197,265599562,spot,depth_diff,0,0,595,BTCUSDT,"{""E"":1791514197214,""U"":101228062133,""a"":[[""82116.48000000"",""3.49135000""],[""82116.49000000"",""0.00835000""],[""82123.22000000"",""0.00000000""],[""82124.52000000"",""0.00000000""],[""82124.71000000"",""0.00200000""],[""82124.88000000"",""0.00000000""],[""82125.70000000"",""0.00609000""],[""82128.87000000"",""0.00210000""],[""82129.41000000"",""0.00013000""],[""82144.44000000"",""0.33015000""]],""b"":[[""82116.47000000"",""5.76630000""],[""82109.62000000"",""0.00000000""],[""82109.05000000"",""0.08000000""],[""82107.56000000"",""0.00000000""],[""82059.31000000"",""0.00752000""],[""82038.38000000"",""0.02000000""],[""73904.83000000"",""0.00341000""],[""73904.82000000"",""0.00008000""],[""65693.18000000"",""0.00240000""]],""e"":""depthUpdate"",""s"":""BTCUSDT"",""u"":101228062160}"
1791514197,365540058,spot,depth5,0,0,596,BTCUSDT,"{""asks"":[[""82116.48000000"",""4.16992000""],[""82116.49000000"",""0.00849000""],[""82116.50000000"",""0.00013000""],[""82116.67000000"",""0.00758000""],[""82116.98000000"",""0.00014000""]],""bids"":[[""82116.47000000"",""5.76692000""],[""82116.46000000"",""0.00069000""],[""82116.45000000"",""0.00035000""],[""82116.44000000"",""0.00120000""],[""82116.05000000"",""0.00008000""]],""lastUpdateId"":101228062205}"
1791514197,366581558,spot,depth_diff,0,0,597,BTCUSDT,"{""E"":1791514197314,""U"":101228062161,""a"":[[""82116.48000000"",""4.16992000""],[""82116.49000000"",""0.00849000""],[""82121.16000000"",""0.00000000""],[""82122.77000000"",""0.00533000""],[""82123.19000000"",""0.00000000""],[""82124.71000000"",""0.00000000""],[""82124.86000000"",""0.00953000""],[""82125.84000000"",""0.00200000""],[""82128.87000000"",""0.00810000""],[""82130.40000000"",""0.00021000""],[""82146.20000000"",""0.00200000""],[""82250.83000000"",""0.01907000""],[""82259.84000000"",""0.00000000""]],""b"":[[""82116.47000000"",""5.76692000""],[""82116.46000000"",""0.00069000""],[""82115.85000000"",""0.04321000""],[""82115.66000000"",""0.00014000""],[""82115.65000000"",""0.03061000""],[""82112.87000000"",""0.00000000""],[""82111.20000000"",""0.00000000""],[""82110.91000000"",""0.00200000""],[""82109.05000000"",""0.08000000""],[""82080.70000000"",""0.00400000""],[""82076.58000000"",""0.00000000""],[""82044.91000000"",""2.10406000""],[""82021.99000000"",""0.00000000""],[""82000.00000000"",""0.67794000""],[""78050.00000000"",""0.38097000""],[""73904.83000000"",""0.00356000""]],""e"":""depthUpdate"",""s"":""BTCUSDT"",""u"":101228062205}"
1791514197,464647554,spot,depth5,0,0,598,BTCUSDT,"{""asks"":[[""82116.48000000"",""4.45061000""],[""82116.49000000"",""0.00828000""],[""82116.50000000"",""0.00013000""],[""82116.67000000"",""0.00758000""],[""82116.98000000"",""0.00014000""]],""bids"":[[""82116.47000000"",""5.40692000""],[""82116.46000000"",""0.00069000""],[""82116.45000000"",""0.00035000""],[""82116.44000000"",""0.00120000""],[""82116.05000000"",""0.00008000""]],""lastUpdateId"":101228062223}"
1791514197,521802651,spot,depth_diff,0,0,599,BTCUSDT,"{""E"":1791514197414,""U"":101228062206,""a"":[[""82116.48000000"",""4.45061000""],[""82116.49000000"",""0.00828000""],[""82122.77000000"",""0.00000000""],[""82123.53000000"",""0.00526000""],[""82124.86000000"",""0.00000000""]],""b"":[[""82116.47000000"",""5.40692000""],[""82110.91000000"",""0.00000000""],[""82109.54000000"",""0.00600000""],[""80884.73000000"",""0.00064000""],[""65693.18000000"",""0.00210000""]],""e"":""depthUpdate"",""s"":""BTCUSDT"",""u"":101228062223}"
1791514197,580868449,spot,depth5,0,0,600,BTCUSDT,"{""asks"":[[""82116.48000000"",""4.45061000""],[""82116.49000000"",""0.00828000""],[""82116.50000000"",""0.00013000""],[""82116.67000000"",""0.00758000""],[""82116.98000000"",""0.00014000""]],""bids"":[[""82116.47000000"",""5.40692000""],[""82116.46000000"",""0.00069000""],[""82116.45000000"",""0.00035000""],[""82116.44000000"",""0.00120000""],[""82116.05000000"",""0.00008000""]],""lastUpdateId"":101228062232}"
1791514197,582622149,spot,depth_diff,0,0,601,BTCUSDT,"{""E"":1791514197514,""U"":101228062224,""a"":[[""82129.20000000"",""0.00007000""],[""82132.94000000"",""0.00000000""],[""82153.49000000"",""0.00000000""],[""82174.04000000"",""0.00000000""]],""b"":[[""82105.37000000"",""0.00000000""],[""82096.34000000"",""0.00007000""],[""82064.27000000"",""0.00000000""],[""82043.72000000"",""0.00000000""],[""73904.83000000"",""0.00371000""],[""65693.18000000"",""0.00330000""]],""e"":""depthUpdate"",""s"":""BTCUSDT"",""u"":101228062232}"
1791514197,667562345,spot,depth5,0,0,602,BTCUSDT,"{""asks"":[[""82116.48000000"",""4.31715000""],[""82116.49000000"",""0.00828000""],[""82116.50000000"",""0.00013000""],[""82116.67000000"",""0.00758000""],[""82116.98000000"",""0.00014000""]],""bids"":[[""82116.47000000"",""5.40692000""],[""82116.46000000"",""0.00069000""],[""82116.45000000"",""0.00035000""],[""82116.44000000"",""0.00120000""],[""82116.05000000"",""0.00008000""]],""lastUpdateId"":101228062245}"
1791514197,668710845,spot,depth_diff,0,0,603,BTCUSDT,"{""E"":1791514197614,""U"":101228062233,""a"":[[""82116.48000000"",""4.31715000""],[""82117.78000000"",""0.00596000""],[""82154.86000000"",""0.00400000""],[""82250.83000000"",""0.00000000""],[""82266.00000000"",""0.00121000""],[""82266.01000000"",""0.01907000""],[""82266.95000000"",""0.00000000""]],""b"":[[""82111.60000000"",""0.00400000""],[""82102.94000000"",""0.00000000""],[""82078.64000000"",""0.00000000""],[""78767.41000000"",""0.00010000""],[""65693.18000000"",""0.00300000""],[""65693.00000000"",""0.00400000""]],""e"":""depthUpdate"",""s"":""BTCUSDT"",""u"":101228062245}"
1791514197,765056740,spot,depth5,0,0,604,BTCUSDT,"{""asks"":[[""82116.48000000"",""4.31715000""],[""82116.49000000"",""0.00828000""],[""82116.50000000"",""0.00013000""],[""82116.67000000"",""0.00758000""],[""82116.98000000"",""0.00014000""]],""bids"":[[""82116.47000000"",""5.40692000""],[""82116.46000000"",""0.00069000""],[""82116.45000000"",""0.00035000""],[""82116.44000000"",""0.00120000""],[""82116.05000000"",""0.00008000""]],""lastUpdateId"":101228062251}"
1791514197,766779640,spot,depth_diff,0,0,605,BTCUSDT,"{""E"":1791514197714,""U"":101228062246,""a"":[[""82266.01000000"",""0.00000000""],[""82311.92000000"",""0.01907000""]],""b"":[[""82110.66000000"",""0.00200000""],[""80884.73000000"",""0.00064000""],[""73904.83000000"",""0.00356000""]],""e"":""depthUpdate"",""s"":""BTCUSDT"",""u"":101228062251}"
1791514197,865281636,spot,depth5,0,0,606,BTCUSDT,"{""asks"":[[""82116.48000000"",""3.71483000""],[""82116.49000000"",""0.00870000""],[""82116.50000000"",""0.00013000""],[""82116.67000000"",""0.00758000""],[""82116.98000000"",""0.00014000""]],""bids"":[[""82116.47000000"",""5.40678000""],[""82116.46000000"",""0.00062000""],[""82116.45000000"",""0.00035000""],[""82116.44000000"",""0.00120000""],[""82116.05000000"",""0.00008000""]],""lastUpdateId"":101228062317}"
1791514197,866255336,spot,depth_diff,0,0,607,BTCUSDT,"{""E"":1791514197814,""U"":101228062252,""a"":[[""82116.48000000"",""3.71483000""],[""82116.49000000"",""0.00870000""],[""82124.99000000"",""0.00000000""],[""82125.29000000"",""0.00009000""],[""82125.70000000"",""0.00000000""],[""82125.84000000"",""0.00000000""],[""82126.31000000"",""0.00609000""],[""82127.21000000"",""0.00609000""],[""82127.72000000"",""0.00200000""],[""82128.87000000"",""0.35161000""],[""82128.88000000"",""0.00000000""],[""82146.20000000"",""0.00000000""]],""b"":[[""82116.47000000"",""5.40678000""],[""82116.46000000"",""0.00062000""],[""82110.66000000"",""0.00000000""],[""82106.14000000"",""0.00000000""],[""82091.62000000"",""0.00000000""],[""82087.57000000"",""0.00000000""],[""73904.83000000"",""0.00371000""],[""65693.18000000"",""0.00270000""]],""e"":""depthUpdate"",""s"":""BTCUSDT"",""u"":101228062317}"
1791514197,968384632,spot,depth5,0,0,608,BTCUSDT,"{""asks"":[[""82116.48000000"",""3.71579000""],[""82116.49000000"",""0.00870000""],[""82116.50000000"",""0.00013000""],[""82116.67000000"",""0.00758000""],[""82116.98000000"",""0.00014000""]],""bids"":[[""82116.47000000"",""5.40678000""],[""82116.46000000"",""0.00062000""],[""82116.45000000"",""0.00035000""],[""82116.44000000"",""0.00120000""],[""82116.05000000"",""0.00008000""]],""lastUpdateId"":101228062325}"
1791514197,969322531,spot,depth_diff,0,0,609,BTCUSDT,"{""E"":1791514197915,""U"":101228062318,""a"":[[""82116.48000000"",""3.71579000""],[""83348.23000000"",""0.00046000""],[""85010.45000000"",""0.00010000""]],""b"":[[""80884.73000000"",""0.00056000""],[""80884.72000000"",""0.00565000""]],""e"":""depthUpdate"",""s"":""BTCUSDT"",""u"":101228062325}"
1791514198,64628427,spot,depth5,0,0,610,BTCUSDT,"{""asks"":[[""82116.48000000"",""3.71579000""],[""82116.49000000"",""0.00870000""],[""82116.50000000"",""0.00013000""],[""82116.67000000"",""0.00758000""],[""82116.98000000"",""0.00014000""]],""bids"":[[""82116.47000000"",""5.40678000""],[""82116.46000000"",""0.00062000""],[""82116.45000000"",""0.00035000""],[""82116.44000000"",""0.00120000""],[""82116.05000000"",""0.00008000""]],""lastUpdateId"":101228062334}"
1791514198,66390127,spot,depth_diff,0,0,611,BTCUSDT,"{""E"":1791514198014,""U"":101228062326,""a"":[],""b"":[[""82109.41000000"",""1.24267000""],[""82107.88000000"",""0.00047000""],[""82107.50000000"",""0.60595000""],[""82106.41000000"",""0.00000000""],[""80884.73000000"",""0.00064000""],[""73904.83000000"",""0.00371000""],[""65693.18000000"",""0.00240000""],[""65693.00000000"",""0.00400000""]],""e"":""depthUpdate"",""s"":""BTCUSDT"",""u"":101228062334}"
1791514198,165720923,spot,depth5,0,0,612,BTCUSDT,"{""asks"":[[""82116.48000000"",""3.71579000""],[""82116.49000000"",""0.00870000""],[""82116.50000000"",""0.00013000""],[""82116.67000000"",""0.00758000""],[""82116.98000000"",""0.00014000""]],""bids"":[[""82116.47000000"",""5.41896000""],[""82116.46000000"",""0.00062000""],[""82116.45000000"",""0.00035000""],[""82116.44000000"",""0.00120000""],[""82116.05000000"",""0.00008000""]],""lastUpdateId"":101228062340}"
1791514198,170518823,spot,depth_diff,0,0,613,BTCUSDT,"{""E"":1791514198114,""U"":101228062335,""a"":[[""82149.33000000"",""0.00008000""]],""b"":[[""82116.47000000"",""5.41896000""],[""82111.01000000"",""0.00200000""],[""82044.92000000"",""0.63743000""],[""73904.00000000"",""0.00020000""]],""e"":""depthUpdate"",""s"":""BTCUSDT"",""u"":101228062340}"
1791514198,265588019,spot,depth5,0,0,614,BTCUSDT,"{""asks"":[[""82116.48000000"",""3.71579000""],[""82116.49000000"",""0.00870000""],[""82116.50000000"",""0.00013000""],[""82116.67000000"",""0.00758000""],[""82116.98000000"",""0.00014000""]],""bids"":[[""82116.47000000"",""5.41896000""],[""82116.46000000"",""0.00062000""],[""82116.45000000"",""0.00035000""],[""82116.44000000"",""0.00120000""],[""82116.05000000"",""0.00008000""]],""lastUpdateId"":101228062346}"
1791514198,266549519,spot,depth_diff,0,0,615,BTCUSDT,"{""E"":1791514198214,""U"":101228062341,""a"":[],""b"":[[""82106.14000000"",""0.00400000""],[""82089.81000000"",""0.00200000""],[""80884.73000000"",""0.00056000""],[""79050.00000000"",""0.88091000""],[""65693.18000000"",""0.00210000""]],""e"":""depthUpdate"",""s"":""BTCUSDT"",""u"":101228062346}"
1791514198,369494215,spot,depth5,0,0,616,BTCUSDT,"{""asks"":[[""82116.48000000"",""3.71586000""],[""82116.49000000"",""0.00870000""],[""82116.50000000"",""0.00013000""],[""82116.67000000"",""0.00758000""],[""82116.98000000"",""0.00014000""]],""bids"":[[""82116.47000000"",""5.41896000""],[""82116.46000000"",""0.00062000""],[""82116.45000000"",""0.00035000""],[""82116.44000000"",""0.00120000""],[""82116.05000000"",""0.00008000""]],""lastUpdateId"":101228062353}"
1791514198,372549815,spot,depth_diff,0,0,617,BTCUSDT,"{""E"":1791514198314,""U"":101228062347,""a"":[[""82116.48000000"",""3.71586000""]],""b"":[[""80884.73000000"",""0.00064000""],[""73904.83000000"",""0.00371000""],[""73904.00000000"",""0.00000000""]],""e"":""depthUpdate"",""s"":""BTCUSDT"",""u"":101228062353}"
1791514198,467893711,spot,depth5,0,0,618,BTCUSDT,"{""asks"":[[""82116.48000000"",""3.71586000""],[""82116.49000000"",""0.00870000""],[""82116.50000000"",""0.00013000""],[""82116.67000000"",""0.00758000""],[""82116.98000000"",""0.00014000""]],""bids"":[[""82116.47000000"",""5.41896000""],[""82116.46000000"",""0.00062000""],[""82116.45000000"",""0.00035000""],[""82116.44000000"",""0.00120000""],[""82116.05000000"",""0.00008000""]],""lastUpdateId"":101228062355}"
1791514198,469148211,spot,depth_diff,0,0,619,BTCUSDT,"{""E"":1791514198414,""U"":101228062354,""a"":[],""b"":[[""81870.41000000"",""0.00000000""],[""65693.18000000"",""0.00180000""]],""e"":""depthUpdate"",""s"":""BTCUSDT"",""u"":101228062355}"
1791514198,567407207,spot,depth5,0,0,620,BTCUSDT,"{""asks"":[[""82116.48000000"",""3.71572000""],[""82116.49000000"",""0.00870000""],[""82116.50000000"",""0.00013000""],[""82116.67000000"",""0.00758000""],[""82116.98000000"",""0.00014000""]],""bids"":[[""82116.47000000"",""5.41896000""],[""82116.46000000"",""0.00062000""],[""82116.45000000"",""0.00035000""],[""82116.44000000"",""0.00120000""],[""82116.05000000"",""0.00008000""]],""lastUpdateId"":101228062375}"
1791514198,568016307,spot,depth_diff,0,0,621,BTCUSDT,"{""E"":1791514198514,""U"":101228062356,""a"":[[""82116.48000000"",""3.71572000""],[""82129.20000000"",""0.00000000""],[""82131.17000000"",""0.02618000""],[""82151.72000000"",""0.02600000""],[""82172.27000000"",""0.02600000""]],""b"":[[""82111.01000000"",""0.00000000""],[""82110.63000000"",""0.00200000""],[""82100.14000000"",""0.02000000""],[""82096.34000000"",""0.00000000""],[""82059.04000000"",""0.02000000""],[""81870.51000000"",""0.00020000""],[""80884.73000000"",""0.00064000""],[""73904.83000000"",""0.00356000""],[""65693.18000000"",""0.00300000""],[""65693.00000000"",""0.00400000""]],""e"":""depthUpdate"",""s"":""BTCUSDT"",""u"":101228062375}"
1791514198,666641603,spot,depth5,0,0,622,BTCUSDT,"{""asks"":[[""82116.48000000"",""3.71572000""],[""82116.49000000"",""0.00870000""],[""82116.50000000"",""0.00013000""],[""82116.67000000"",""0.00758000""],[""82116.98000000"",""0.00014000""]],""bids"":[[""82116.47000000"",""5.41896000""],[""82116.46000000"",""0.00062000""],[""82116.45000000"",""0.00035000""],[""82116.44000000"",""0.00120000""],[""82116.05000000"",""0.00008000""]],""lastUpdateId"":101228062384}"
1791514198,667915703,spot,depth_diff,0,0,623,BTCUSDT,"{""E"":1791514198614,""U"":101228062376,""a"":[[""82125.28000000"",""0.00609000""],[""82127.21000000"",""0.00000000""],[""82128.86000000"",""0.00400000""],[""82129.20000000"",""0.00007000""],[""82145.14000000"",""0.00200000""]],""b"":[[""82096.34000000"",""0.00007000""],[""77000.00000000"",""64.54449000""],[""73904.83000000"",""0.00371000""],[""65693.18000000"",""0.00270000""]],""e"":""depthUpdate"",""s"":""BTCUSDT"",""u"":101228062384}"
1791514198,765283099,spot,depth5,0,0,624,BTCUSDT,"{""asks"":[[""82116.48000000"",""3.71530000""],[""82116.49000000"",""0.00835000""],[""82116.50000000"",""0.00013000""],[""82116.67000000"",""0.00758000""],[""82116.98000000"",""0.00014000""]],""bids"":[[""82116.47000000"",""5.41896000""],[""82116.46000000"",""0.00062000""],[""82116.45000000"",""0.00035000""],[""82116.44000000"",""0.00120000""],[""82116.05000000"",""0.00008000""]],""lastUpdateId"":101228062395}"
1791514198,766935699,spot,depth_diff,0,0,625,BTCUSDT,"{""E"":1791514198714,""U"":101228062385,""a"":[[""82116.48000000"",""3.71530000""],[""82116.49000000"",""0.00835000""]],""b"":[],""e"":""depthUpdate"",""s"":""BTCUSDT"",""u"":101228062395}"
1791514198,865274195,spot,depth5,0,0,626,BTCUSDT,"{""asks"":[[""82116.48000000"",""3.71551000""],[""82116.49000000"",""0.00849000""],[""82116.50000000"",""0.00013000""],[""82116.67000000"",""0.00758000""],[""82116.98000000"",""0.00014000""]],""bids"":[[""82116.47000000"",""5.41896000""],[""82116.46000000"",""0.00062000""],[""82116.45000000"",""0.00035000""],[""82116.44000000"",""0.00120000""],[""82116.05000000"",""0.00008000""]],""lastUpdateId"":101228062404}"
1791514198,866275795,spot,depth_diff,0,0,627,BTCUSDT,"{""E"":1791514198814,""U"":101228062396,""a"":[[""82116.48000000"",""3.71551000""],[""82116.49000000"",""0.00849000""]],""b"":[[""80884.73000000"",""0.00072000""],[""73904.83000000"",""0.00371000""],[""65693.18000000"",""0.00240000""]],""e"":""depthUpdate"",""s"":""BTCUSDT"",""u"":101228062404}"
1791514198,968782591,spot,depth5,0,0,628,BTCUSDT,"{""asks"":[[""82116.48000000"",""3.71551000""],[""82116.49000000"",""0.00849000""],[""82116.50000000"",""0.00013000""],[""82116.67000000"",""0.00758000""],[""82116.98000000"",""0.00014000""]],""bids"":[[""82116.47000000"",""5.41896000""],[""82116.46000000"",""0.00062000""],[""82116.45000000"",""0.00035000""],[""82116.44000000"",""0.00120000""],[""82116.05000000"",""0.00008000""]],""lastUpdateId"":101228062410}"
1791514198,969847090,spot,depth_diff,0,0,629,BTCUSDT,"{""E"":1791514198915,""U"":101228062405,""a"":[[""83348.23000000"",""0.00046000""]],""b"":[[""80884.72000000"",""0.00565000""],[""65693.00000000"",""0.00400000""]],""e"":""depthUpdate"",""s"":""BTCUSDT"",""u"":101228062410}"
1791514199,65452287,spot,depth5,0,0,630,BTCUSDT,"{""asks"":[[""82116.48000000"",""3.71551000""],[""82116.49000000"",""0.00849000""],[""82116.50000000"",""0.00013000""],[""82116.67000000"",""0.00758000""],[""82116.98000000"",""0.00014000""]],""bids"":[[""82116.47000000"",""5.41896000""],[""82116.46000000"",""0.00062000""],[""82116.45000000"",""0.00035000""],[""82116.44000000"",""0.00120000""],[""82116.05000000"",""0.00008000""]],""lastUpdateId"":101228062419}"
1791514199,67237387,spot,depth_diff,0,0,631,BTCUSDT,"{""E"":1791514199014,""U"":101228062411,""a"":[[""82125.40000000"",""0.00200000""],[""82152.80000000"",""0.00400000""],[""82154.86000000"",""0.00000000""]],""b"":[[""73904.83000000"",""0.00356000""],[""65693.18000000"",""0.00330000""]],""e"":""depthUpdate"",""s"":""BTCUSDT"",""u"":101228062419}"
1791514199,165736483,spot,depth5,0,0,632,BTCUSDT,"{""asks"":[[""82116.48000000"",""3.71551000""],[""82116.49000000"",""0.00849000""],[""82116.50000000"",""0.00013000""],[""82116.67000000"",""0.00758000""],[""82116.98000000"",""0.00014000""]],""bids"":[[""82116.47000000"",""5.41896000""],[""82116.46000000"",""0.00062000""],[""82116.45000000"",""0.00035000""],[""82116.44000000"",""0.00120000""],[""82116.05000000"",""0.00008000""]],""lastUpdateId"":101228062422}"
1791514199,167232283,spot,depth_diff,0,0,633,BTCUSDT,"{""E"":1791514199114,""U"":101228062420,""a"":[],""b"":[[""80884.73000000"",""0.00072000""],[""73904.83000000"",""0.00371000""]],""e"":""depthUpdate"",""s"":""BTCUSDT"",""u"":101228062422}"
1791514199,231048481,spot,trade,0,0,634,BTCUSDT,"{""E"":1791514199178,""M"":true,""T"":1791514199178,""e"":""trade"",""m"":false,""p"":""82116.48000000"",""q"":""0.00039000"",""s"":""BTCUSDT"",""t"":6750015781}"
1791514199,272853279,spot,depth5,0,0,635,BTCUSDT,"{""asks"":[[""82116.48000000"",""3.71512000""],[""82116.49000000"",""0.00041000""],[""82116.50000000"",""0.00013000""],[""82116.67000000"",""0.00758000""],[""82116.98000000"",""0.00014000""]],""bids"":[[""82116.47000000"",""5.41896000""],[""82116.46000000"",""0.00062000""],[""82116.45000000"",""0.00035000""],[""82116.44000000"",""0.00120000""],[""82116.05000000"",""0.00008000""]],""lastUpdateId"":101228062433}"
1791514199,274217279,spot,depth_diff,0,0,636,BTCUSDT,"{""E"":1791514199214,""U"":101228062423,""a"":[[""82116.48000000"",""3.71512000""],[""82116.49000000"",""0.00041000""],[""82119.29000000"",""0.00014000""],[""82123.80000000"",""0.00007000""]],""b"":[[""82059.31000000"",""0.00000000""],[""82021.99000000"",""0.00808000""],[""81870.51000000"",""0.00020000""],[""73904.82000000"",""0.00000000""],[""65693.18000000"",""0.00300000""]],""e"":""depthUpdate"",""s"":""BTCUSDT"",""u"":101228062433}"
1791514199,369230075,spot,depth5,0,0,637,BTCUSDT,"{""asks"":[[""82116.48000000"",""3.71505000""],[""82116.49000000"",""0.00898000""],[""82116.50000000"",""0.00013000""],[""82116.67000000"",""0.00758000""],[""82116.98000000"",""0.00014000""]],""bids"":[[""82116.47000000"",""5.41896000""],[""82116.46000000"",""0.00062000""],[""82116.45000000"",""0.00035000""],[""82116.44000000"",""0.00120000""],[""82116.05000000"",""0.00008000""]],""lastUpdateId"":101228062448}"
1791514199,371430775,spot,depth_diff,0,0,638,BTCUSDT,"{""E"":1791514199317,""U"":101228062434,""a"":[[""82116.48000000"",""3.71505000""],[""82116.49000000"",""0.00898000""],[""82119.29000000"",""0.00000000""],[""82123.80000000"",""0.00014000""]],""b"":[[""81937.41000000"",""0.00000000""],[""80884.73000000"",""0.00064000""],[""75547.16000000"",""0.00014000""],[""73904.83000000"",""0.00371000""]],""e"":""depthUpdate"",""s"":""BTCUSDT"",""u"":101228062448}"
1791514199,468318872,spot,trade,0,0,639,BTCUSDT,"{""E"":1791514199407,""M"":true,""T"":1791514199407,""e"":""trade"",""m"":false,""p"":""82116.48000000"",""q"":""0.00014000"",""s"":""BTCUSDT"",""t"":6750015782}"
1791514199,469045772,spot,depth5,0,0,640,BTCUSDT,"{""asks"":[[""82116.48000000"",""3.71491000""],[""82116.49000000"",""0.00898000""],[""82116.50000000"",""0.00013000""],[""82116.67000000"",""0.00758000""],[""82116.98000000"",""0.00014000""]],""bids"":[[""82116.47000000"",""5.41896000""],[""82116.46000000"",""0.00062000""],[""82116.45000000"",""0.00035000""],[""82116.44000000"",""0.00120000""],[""82116.05000000"",""0.00008000""]],""lastUpdateId"":101228062453}"
1791514199,469662872,spot,depth_diff,0,0,641,BTCUSDT,"{""E"":1791514199414,""U"":101228062449,""a"":[[""82116.48000000"",""3.71491000""]],""b"":[[""80884.73000000"",""0.00072000""],[""73904.00000000"",""0.00000000""],[""65693.18000000"",""0.00270000""]],""e"":""depthUpdate"",""s"":""BTCUSDT"",""u"":101228062453}"
1791514199,565164468,spot,depth5,0,0,642,BTCUSDT,"{""asks"":[[""82116.48000000"",""3.71484000""],[""82116.49000000"",""0.00891000""],[""82116.50000000"",""0.00013000""],[""82116.67000000"",""0.00758000""],[""82116.98000000"",""0.00014000""]],""bids"":[[""82116.47000000"",""5.41896000""],[""82116.46000000"",""0.00062000""],[""82116.45000000"",""0.00035000""],[""82116.44000000"",""0.00120000""],[""82116.05000000"",""0.00008000""]],""lastUpdateId"":101228062456}"
1791514199,565904968,spot,depth_diff,0,0,643,BTCUSDT,"{""E"":1791514199514,""U"":101228062454,""a"":[[""82116.48000000"",""3.71484000""],[""82116.49000000"",""0.00891000""]],""b"":[[""82038.49000000"",""0.02000000""]],""e"":""depthUpdate"",""s"":""BTCUSDT"",""u"":101228062456}"
1791514199,594213867,spot,trade,0,0,644,BTCUSDT,"{""E"":1791514199541,""M"":true,""T"":1791514199540,""e"":""trade"",""m"":false,""p"":""82116.48000000"",""q"":""0.01948000"",""s"":""BTCUSDT"",""t"":6750015783}"
1791514199,665682264,spot,depth5,0,0,645,BTCUSDT,"{""asks"":[[""82116.48000000"",""3.69543000""],[""82116.49000000"",""0.00898000""],[""82116.50000000"",""0.00013000""],[""82116.67000000"",""0.00758000""],[""82116.98000000"",""0.00014000""]],""bids"":[[""82116.47000000"",""5.41896000""],[""82116.46000000"",""0.00062000""],[""82116.45000000"",""0.00035000""],[""82116.44000000"",""0.00120000""],[""82116.05000000"",""0.00008000""]],""lastUpdateId"":101228062468}"
1791514199,666501064,spot,depth_diff,0,0,646,BTCUSDT,"{""E"":1791514199615,""U"":101228062457,""a"":[[""82116.48000000"",""3.69543000""],[""82116.49000000"",""0.00898000""],[""82129.20000000"",""0.00007000""]],""b"":[[""82096.34000000"",""0.00007000""],[""80884.73000000"",""0.00072000""],[""73904.83000000"",""0.00379000""],[""65693.18000000"",""0.00240000""]],""e"":""depthUpdate"",""s"":""BTCUSDT"",""u"":101228062468}"
1791514199,767626360,spot,depth5,0,0,647,BTCUSDT,"{""asks"":[[""82116.48000000"",""3.69543000""],[""82116.49000000"",""0.00898000""],[""82116.50000000"",""0.00013000""],[""82116.67000000"",""0.00758000""],[""82116.98000000"",""0.00014000""]],""bids"":[[""82116.47000000"",""5.41896000""],[""82116.46000000"",""0.00062000""],[""82116.45000000"",""0.00035000""],[""82116.44000000"",""0.00120000""],[""82116.05000000"",""0.00008000""]],""lastUpdateId"":101228062478}"
1791514199,768953960,spot,depth_diff,0,0,648,BTCUSDT,"{""E"":1791514199714,""U"":101228062469,""a"":[[""82116.48000000"",""3.69543000""],[""82116.49000000"",""0.00898000""]],""b"":[[""65693.00000000"",""0.00400000""]],""e"":""depthUpdate"",""s"":""BTCUSDT"",""u"":101228062478}"
1791514199,865235157,spot,depth5,0,0,649,BTCUSDT,"{""asks"":[[""82116.48000000"",""3.69599000""],[""82116.49000000"",""0.00926000""],[""82116.50000000"",""0.00013000""],[""82116.67000000"",""0.00758000""],[""82116.98000000"",""0.00014000""]],""bids"":[[""82116.47000000"",""5.41889000""],[""82116.46000000"",""0.00062000""],[""82116.45000000"",""0.00035000""],[""82116.44000000"",""0.00120000""],[""82116.05000000"",""0.00008000""]],""lastUpdateId"":101228062498}"
1791514199,869683856,spot,depth_diff,0,0,650,BTCUSDT,"{""E"":1791514199814,""U"":101228062479,""a"":[[""82116.48000000"",""3.69599000""],[""82116.49000000"",""0.00926000""]],""b"":[[""82116.47000000"",""5.41889000""],[""80320.00000000"",""0.06661000""],[""75547.16000000"",""0.00000000""],[""73904.83000000"",""0.00379000""],[""65693.18000000"",""0.00210000""],[""65693.00000000"",""0.00400000""]],""e"":""depthUpdate"",""s"":""BTCUSDT"",""u"":101228062498}"
1791514199,967206353,spot,depth5,0,0,651,BTCUSDT,"{""asks"":[[""82116.48000000"",""3.69592000""],[""82116.49000000"",""0.00926000""],[""82116.50000000"",""0.00013000""],[""82116.67000000"",""0.00758000""],[""82116.98000000"",""0.00014000""]],""bids"":[[""82116.47000000"",""5.41889000""],[""82116.46000000"",""0.00062000""],[""82116.45000000"",""0.00035000""],[""82116.44000000"",""0.00120000""],[""82116.05000000"",""0.00008000""]],""lastUpdateId"":101228062506}"
1791514199,968072253,spot,depth_diff,0,0,652,BTCUSDT,"{""E"":1791514199914,""U"":101228062499,""a"":[[""82116.48000000"",""3.69592000""],[""83348.23000000"",""0.00046000""]],""b"":[[""80884.73000000"",""0.00072000""],[""80884.72000000"",""0.00565000""],[""65693.00000000"",""0.00600000""]],""e"":""depthUpdate"",""s"":""BTCUSDT"",""u"":101228062506}"
1791514200,65429049,spot,depth5,0,0,653,BTCUSDT,"{""asks"":[[""82116.48000000"",""3.69592000""],[""82116.49000000"",""0.00926000""],[""82116.50000000"",""0.00013000""],[""82116.67000000"",""0.00758000""],[""82116.98000000"",""0.00014000""]],""bids"":[[""82116.47000000"",""5.41889000""],[""82116.46000000"",""0.00062000""],[""82116.45000000"",""0.00035000""],[""82116.44000000"",""0.00120000""],[""82116.05000000"",""0.00008000""]],""lastUpdateId"":101228062526}"
1791514200,70875749,spot,depth_diff,0,0,654,BTCUSDT,"{""E"":1791514200014,""U"":101228062507,""a"":[[""82128.79000000"",""0.09953000""],[""82128.89000000"",""0.00000000""],[""82137.99000000"",""0.30468000""],[""82140.22000000"",""0.00000000""],[""82142.09000000"",""0.30468000""],[""82145.95000000"",""0.00000000""],[""82146.20000000"",""0.30468000""],[""82149.99000000"",""0.00000000""],[""82150.33000000"",""0.30468000""],[""82151.48000000"",""0.38851000""],[""82154.09000000"",""0.00000000""],[""82157.55000000"",""0.00000000""],[""92084.11000000"",""0.00000000""]],""b"":[[""82113.30000000"",""0.00486000""],[""82111.11000000"",""0.00000000""],[""82110.37000000"",""0.00000000""],[""82098.44000000"",""0.30468000""],[""82096.79000000"",""0.00000000""],[""82094.05000000"",""0.30468000""],[""82092.61000000"",""0.00000000""],[""82090.31000000"",""0.30468000""],[""82088.59000000"",""0.00000000""],[""82086.16000000"",""0.30468000""],[""82084.01000000"",""0.00000000""],[""82034.13000000"",""0.00000000""],[""82034.01000000"",""0.00202000""],[""65693.18000000"",""0.00300000""],[""65693.00000000"",""0.00400000""]],""e"":""depthUpdate"",""s"":""BTCUSDT"",""u"":101228062526}"
1791514200,166473046,spot,depth5,0,0,655,BTCUSDT,"{""asks"":[[""82116.48000000"",""3.69592000""],[""82116.49000000"",""0.00926000""],[""82116.50000000"",""0.00013000""],[""82116.67000000"",""0.00758000""],[""82116.98000000"",""0.00014000""]],""bids"":[[""82116.47000000"",""5.41896000""],[""82116.46000000"",""0.00062000""],[""82116.45000000"",""0.00035000""],[""82116.44000000"",""0.00120000""],[""82116.05000000"",""0.00008000""]],""lastUpdateId"":101228062534}"
1791514200,168670846,spot,depth_diff,0,0,656,BTCUSDT,"{""E"":1791514200114,""U"":101228062527,""a"":[[""92084.11000000"",""0.03937000""]],""b"":[[""82116.47000000"",""5.41896000""],[""82109.41000000"",""1.24267000""],[""82088.10000000"",""0.66053000""],[""82087.80000000"",""0.00000000""],[""73904.83000000"",""0.00379000""]],""e"":""depthUpdate"",""s"":""BTCUSDT"",""u"":101228062534}"
1791514200,265633542,spot,depth5,0,0,657,BTCUSDT,"{""asks"":[[""82116.48000000"",""2.73653000""],[""82116.49000000"",""0.00926000""],[""82116.50000000"",""0.00013000""],[""82116.67000000"",""0.00758000""],[""82116.98000000"",""0.00014000""]],""bids"":[[""82116.47000000"",""5.41854000""],[""82116.46000000"",""0.00041000""],[""82116.45000000"",""0.00035000""],[""82116.44000000"",""0.00120000""],[""82116.05000000"",""0.00008000""]],""lastUpdateId"":101228062577}"
1791514200,273699642,spot,depth_diff,0,0,658,BTCUSDT,"{""E"":1791514200214,""U"":101228062535,""a"":[[""82116.48000000"",""2.73653000""],[""82125.28000000"",""0.00000000""],[""82125.40000000"",""0.00000000""],[""82126.30000000"",""0.00609000""],[""82126.42000000"",""0.00200000""],[""82137.99000000"",""0.00000000""],[""82138.77000000"",""0.30468000""],[""82145.14000000"",""0.00000000""],[""82146.20000000"",""0.00000000""],[""82146.28000000"",""0.00200000""],[""82146.86000000"",""0.30468000""],[""82169.26000000"",""0.00304000""],[""82253.36000000"",""0.00121000""]],""b"":[[""82116.47000000"",""5.41854000""],[""82116.46000000"",""0.00041000""],[""82114.01000000"",""0.00243000""],[""82113.63000000"",""0.00243000""],[""82113.30000000"",""0.00000000""],[""82113.07000000"",""0.00014000""],[""82113.06000000"",""0.04570000""],[""82111.99000000"",""0.00609000""],[""82109.41000000"",""1.24260000""],[""82108.27000000"",""0.00000000""],[""82099.18000000"",""0.30468000""],[""82098.44000000"",""0.00000000""],[""82047.62000000"",""0.78970000""],[""82047.61000000"",""2.10406000""],[""82044.92000000"",""0.00000000""],[""82044.91000000"",""0.00000000""],[""80884.73000000"",""0.00072000""],[""65693.18000000"",""0.00270000""]],""e"":""depthUpdate"",""s"":""BTCUSDT"",""u"":101228062577}"
1791514200,367000264,spot,depth5,0,0,659,BTCUSDT,"{""asks"":[[""82116.48000000"",""3.68991000""],[""82116.49000000"",""0.00926000""],[""82116.50000000"",""0.00013000""],[""82116.67000000"",""0.00758000""],[""82116.98000000"",""0.00014000""]],""bids"":[[""82116.47000000"",""5.41854000""],[""82116.46000000"",""0.00041000""],[""82116.45000000"",""0.00035000""],[""82116.44000000"",""0.00120000""],[""82116.05000000"",""0.00008000""]],""lastUpdateId"":101228062600}"
1791514200,368399762,spot,depth_diff,0,0,660,BTCUSDT,"{""E"":1791514200314,""U"":101228062578,""a"":[[""82116.48000000"",""3.68991000""]],""b"":[[""82116.47000000"",""5.41854000""],[""82116.46000000"",""0.00041000""],[""82081.91000000"",""0.00000000""],[""82051.61000000"",""0.00000000""],[""73904.83000000"",""0.00364000""]],""e"":""depthUpdate"",""s"":""BTCUSDT"",""u"":101228062600}"
1791514200,471359285,spot,depth5,0,0,661,BTCUSDT,"{""asks"":[[""82116.48000000"",""3.68984000""],[""82116.49000000"",""0.00926000""],[""82116.50000000"",""0.00013000""],[""82116.67000000"",""0.00758000""],[""82116.98000000"",""0.00014000""]],""bids"":[[""82116.47000000"",""5.41868000""],[""82116.46000000"",""0.00048000""],[""82116.45000000"",""0.00035000""],[""82116.44000000"",""0.00120000""],[""82116.05000000"",""0.00008000""]],""lastUpdateId"":101228062624}"
1791514200,472686783,spot,depth_diff,0,0,662,BTCUSDT,"{""E"":1791514200414,""U"":101228062601,""a"":[[""82116.48000000"",""3.68984000""],[""82120.61000000"",""0.00010000""]],""b"":[[""82116.47000000"",""5.41868000""],[""82116.46000000"",""0.00048000""],[""82110.63000000"",""0.00000000""],[""82109.41000000"",""1.24267000""],[""82106.40000000"",""0.00400000""],[""82106.14000000"",""0.00600000""],[""80884.73000000"",""0.00064000""],[""73904.83000000"",""0.00379000""],[""65693.18000000"",""0.00240000""]],""e"":""depthUpdate"",""s"":""BTCUSDT"",""u"":101228062624}"
1791514200,484426462,spot,trade,0,0,663,BTCUSDT,"{""E"":1791514200432,""M"":true,""T"":1791514200432,""e"":""trade"",""m"":true,""p"":""82116.47000000"",""q"":""0.00081000"",""s"":""BTCUSDT"",""t"":6750015784}"
1791514200,565713923,spot,depth5,0,0,664,BTCUSDT,"{""asks"":[[""82116.48000000"",""3.69578000""],[""82116.49000000"",""0.00926000""],[""82116.50000000"",""0.00013000""],[""82116.67000000"",""0.00758000""],[""82116.98000000"",""0.00014000""]],""bids"":[[""82116.47000000"",""5.41808000""],[""82116.46000000"",""0.00048000""],[""82116.45000000"",""0.00035000""],[""82116.44000000"",""0.00120000""],[""82116.05000000"",""0.00008000""]],""lastUpdateId"":101228062639}"
1791514200,569093617,spot,depth_diff,0,0,665,BTCUSDT,"{""E"":1791514200514,""U"":101228062625,""a"":[[""82116.48000000"",""3.69578000""]],""b"":[[""82116.47000000"",""5.41808000""],[""82111.99000000"",""0.00000000""],[""82110.59000000"",""0.00609000""],[""80884.73000000"",""0.00072000""],[""73904.83000000"",""0.00371000""],[""73904.82000000"",""0.00008000""],[""73904.00000000"",""0.00000000""]],""e"":""depthUpdate"",""s"":""BTCUSDT"",""u"":101228062639}"
1791514200,613750640,spot,trade,0,0,666,BTCUSDT,"{""E"":1791514200559,""M"":true,""T"":1791514200559,""e"":""trade"",""m"":false,""p"":""82116.48000000"",""q"":""0.00062000"",""s"":""BTCUSDT"",""t"":6750015785}"
1791514200,665630851,spot,depth5,0,0,667,BTCUSDT,"{""asks"":[[""82116.48000000"",""3.84716000""],[""82116.49000000"",""0.00926000""],[""82116.50000000"",""0.00013000""],[""82116.67000000"",""0.00758000""],[""82116.98000000"",""0.00014000""]],""bids"":[[""82116.47000000"",""5.41787000""],[""82116.46000000"",""0.00048000""],[""82116.45000000"",""0.00035000""],[""82116.44000000"",""0.00120000""],[""82116.05000000"",""0.00008000""]],""lastUpdateId"":101228062701}"
1791514200,683871220,spot,depth_diff,0,0,668,BTCUSDT,"{""E"":1791514200614,""U"":101228062640,""a"":[[""82116.48000000"",""3.84716000""],[""82116.49000000"",""0.00926000""],[""82119.84000000"",""0.00000000""],[""82125.05000000"",""0.00930000""],[""82126.42000000"",""0.00000000""],[""82128.78000000"",""0.00200000""],[""82128.86000000"",""0.00000000""],[""82128.87000000"",""0.34961000""],[""82129.20000000"",""0.00007000""],[""82156.92000000"",""0.00400000""]],""b"":[[""82116.47000000"",""5.41787000""],[""82113.66000000"",""0.00400000""],[""82113.63000000"",""0.00000000""],[""82112.87000000"",""0.00243000""],[""82111.44000000"",""0.00000000""],[""82109.41000000"",""1.24260000""],[""82107.26000000"",""0.00154000""],[""82106.14000000"",""0.00200000""],[""82099.00000000"",""0.00000000""],[""82096.34000000"",""0.00007000""],[""82080.70000000"",""0.00000000""],[""81852.01000000"",""0.00756000""],[""81850.87000000"",""0.00000000""],[""73904.83000000"",""0.00371000""],[""65693.18000000"",""0.00210000""],[""65693.00000000"",""0.00400000""]],""e"":""depthUpdate"",""s"":""BTCUSDT"",""u"":101228062701}"
1791514200,708537677,spot,trade,0,0,669,BTCUSDT,"{""E"":1791514200657,""M"":true,""T"":1791514200656,""e"":""trade"",""m"":false,""p"":""82116.48000000"",""q"":""0.00007000"",""s"":""BTCUSDT"",""t"":6750015786}"
1791514200,750232706,spot,trade,0,0,670,BTCUSDT,"{""E"":1791514200697,""M"":true,""T"":1791514200697,""e"":""trade"",""m"":true,""p"":""82116.47000000"",""q"":""0.10000000"",""s"":""BTCUSDT"",""t"":6750015787}"
1791514200,768946374,spot,depth5,0,0,671,BTCUSDT,"{""asks"":[[""82116.48000000"",""3.84702000""],[""82116.49000000"",""0.00926000""],[""82116.50000000"",""0.00013000""],[""82116.67000000"",""0.00758000""],[""82116.98000000"",""0.00014000""]],""bids"":[[""82116.47000000"",""5.67780000""],[""82116.46000000"",""0.00048000""],[""82116.45000000"",""0.00035000""],[""82116.44000000"",""0.00120000""],[""82116.05000000"",""0.00008000""]],""lastUpdateId"":101228062711}"
1791514200,777415659,spot,depth_diff,0,0,672,BTCUSDT,"{""E"":1791514200714,""U"":101228062702,""a"":[[""82116.48000000"",""3.84702000""],[""82120.61000000"",""0.00000000""]],""b"":[[""82116.47000000"",""5.67780000""],[""80884.73000000"",""0.00064000""],[""73904.82000000"",""0.00000000""],[""65693.00000000"",""0.00400000""]],""e"":""depthUpdate"",""s"":""BTCUSDT"",""u"":101228062711}"
1791514200,866263906,spot,depth5,0,0,673,BTCUSDT,"{""asks"":[[""82116.48000000"",""3.84695000""],[""82116.49000000"",""0.00926000""],[""82116.50000000"",""0.00013000""],[""82116.67000000"",""0.00758000""],[""82116.98000000"",""0.00014000""]],""bids"":[[""82116.47000000"",""5.67808000""],[""82116.46000000"",""0.00048000""],[""82116.45000000"",""0.00035000""],[""82116.44000000"",""0.00120000""],[""82116.05000000"",""0.00008000""]],""lastUpdateId"":101228062724}"
1791514200,885331474,spot,depth_diff,0,0,674,BTCUSDT,"{""E"":1791514200814,""U"":101228062712,""a"":[[""82116.48000000"",""3.84695000""],[""82120.61000000"",""0.00010000""],[""82154.86000000"",""0.00400000""],[""82156.92000000"",""0.00000000""]],""b"":[[""82116.47000000"",""5.67808000""],[""82106.14000000"",""0.00600000""],[""80884.73000000"",""0.00072000""],[""73904.83000000"",""0.00356000""],[""65693.18000000"",""0.00180000""]],""e"":""depthUpdate"",""s"":""BTCUSDT"",""u"":101228062724}"
1791514200,974369721,spot,depth5,0,0,675,BTCUSDT,"{""asks"":[[""82116.48000000"",""3.84702000""],[""82116.49000000"",""0.00926000""],[""82116.50000000"",""0.00013000""],[""82116.67000000"",""0.00758000""],[""82116.98000000"",""0.00014000""]],""bids"":[[""82116.47000000"",""5.67794000""],[""82116.46000000"",""0.00048000""],[""82116.45000000"",""0.00035000""],[""82116.44000000"",""0.00120000""],[""82116.05000000"",""0.00008000""]],""lastUpdateId"":101228062735}"
1791514201,87534526,spot,depth_diff,0,0,676,BTCUSDT,"{""E"":1791514200914,""U"":101228062725,""a"":[[""82116.48000000"",""3.84702000""],[""83348.23000000"",""0.00046000""]],""b"":[[""82116.47000000"",""5.67794000""],[""82051.61000000"",""0.00824000""],[""80884.72000000"",""0.00565000""],[""73904.83000000"",""0.00371000""]],""e"":""depthUpdate"",""s"":""BTCUSDT"",""u"":101228062735}"
1791514201,233620976,spot,depth5,0,0,677,BTCUSDT,"{""asks"":[[""82116.48000000"",""3.84695000""],[""82116.49000000"",""0.00926000""],[""82116.50000000"",""0.00013000""],[""82116.67000000"",""0.00758000""],[""82116.98000000"",""0.00014000""]],""bids"":[[""82116.47000000"",""5.67815000""],[""82116.46000000"",""0.00048000""],[""82116.45000000"",""0.00035000""],[""82116.44000000"",""0.00120000""],[""82116.05000000"",""0.00008000""]],""lastUpdateId"":101228062754}"
1791514201,315628835,spot,depth_diff,0,0,678,BTCUSDT,"{""E"":1791514201014,""U"":101228062736,""a"":[[""82116.48000000"",""3.84695000""],[""82120.61000000"",""0.00010000""],[""82137.91000000"",""0.30468000""],[""82138.77000000"",""0.00000000""]],""b"":[[""82116.47000000"",""5.67815000""],[""82114.01000000"",""0.00000000""],[""82113.08000000"",""0.00486000""],[""82112.87000000"",""0.00000000""],[""82110.77000000"",""0.00200000""],[""82099.18000000"",""0.00000000""],[""82098.44000000"",""0.30468000""],[""80884.73000000"",""0.00072000""],[""69798.99000000"",""0.00000000""],[""65693.18000000"",""0.00270000""]],""e"":""depthUpdate"",""s"":""BTCUSDT"",""u"":101228062754}"
1791514201,371319740,spot,depth5,0,0,679,BTCUSDT,"{""asks"":[[""82116.48000000"",""3.84695000""],[""82116.49000000"",""0.00926000""],[""82116.50000000"",""0.00013000""],[""82116.67000000"",""0.00758000""],[""82116.98000000"",""0.00014000""]],""bids"":[[""82116.47000000"",""5.67815000""],[""82116.46000000"",""0.00048000""],[""82116.45000000"",""0.00035000""],[""82116.44000000"",""0.00120000""],[""82116.05000000"",""0.00008000""]],""lastUpdateId"":101228062762}"
1791514201,420051656,spot,depth_diff,0,0,680,BTCUSDT,"{""E"":1791514201114,""U"":101228062755,""a"":[],""b"":[[""82116.47000000"",""5.67815000""],[""73904.83000000"",""0.00371000""]],""e"":""depthUpdate"",""s"":""BTCUSDT"",""u"":101228062762}"
1791514201,434935131,spot,depth5,0,0,681,BTCUSDT,"{""asks"":[[""82116.48000000"",""3.84702000""],[""82116.49000000"",""0.00926000""],[""82116.50000000"",""0.00013000""],[""82116.67000000"",""0.00758000""],[""82116.98000000"",""0.00014000""]],""bids"":[[""82116.47000000"",""5.67787000""],[""82116.46000000"",""0.00048000""],[""82116.45000000"",""0.00035000""],[""82116.44000000"",""0.00120000""],[""82116.05000000"",""0.00008000""]],""lastUpdateId"":101228062779}"
1791514201,439401023,spot,depth_diff,0,0,682,BTCUSDT,"{""E"":1791514201214,""U"":101228062763,""a"":[[""82116.48000000"",""3.84702000""],[""82120.61000000"",""0.00000000""],[""82128.78000000"",""0.00600000""]],""b"":[[""82116.47000000"",""5.67787000""],[""82116.46000000"",""0.00048000""],[""65693.18000000"",""0.00240000""]],""e"":""depthUpdate"",""s"":""BTCUSDT"",""u"":101228062779}"
1791514201,443781115,spot,depth5,0,0,683,BTCUSDT,"{""asks"":[[""82116.48000000"",""3.84695000""],[""82116.49000000"",""0.00926000""],[""82116.50000000"",""0.00013000""],[""82116.67000000"",""0.00758000""],[""82116.98000000"",""0.00014000""]],""bids"":[[""82116.47000000"",""5.67787000""],[""82116.46000000"",""0.00048000""],[""82116.45000000"",""0.00035000""],[""82116.44000000"",""0.00120000""],[""82116.05000000"",""0.00008000""]],""lastUpdateId"":101228062782}"
1791514201,445479712,spot,depth_diff,0,0,684,BTCUSDT,"{""E"":1791514201314,""U"":101228062780,""a"":[[""82116.48000000"",""3.84695000""]],""b"":[[""80884.73000000"",""0.00064000""],[""79895.69000000"",""0.00000000""]],""e"":""depthUpdate"",""s"":""BTCUSDT"",""u"":101228062782}"
1791514201,467452875,spot,depth5,0,0,685,BTCUSDT,"{""asks"":[[""82116.48000000"",""3.84695000""],[""82116.49000000"",""0.00926000""],[""82116.50000000"",""0.00013000""],[""82116.67000000"",""0.00758000""],[""82116.98000000"",""0.00014000""]],""bids"":[[""82116.47000000"",""5.67780000""],[""82116.46000000"",""0.00048000""],[""82116.45000000"",""0.00035000""],[""82116.44000000"",""0.00120000""],[""82116.05000000"",""0.00008000""]],""lastUpdateId"":101228062812}"
1791514201,474954062,spot,depth_diff,0,0,686,BTCUSDT,"{""E"":1791514201414,""U"":101228062783,""a"":[[""82116.48000000"",""3.84695000""],[""82120.61000000"",""0.00010000""],[""82125.70000000"",""0.00200000""],[""82126.30000000"",""0.00000000""],[""82149.33000000"",""0.00132000""]],""b"":[[""82116.47000000"",""5.67780000""],[""82116.46000000"",""0.00048000""],[""73904.83000000"",""0.00371000""],[""65693.18000000"",""0.00210000""]],""e"":""depthUpdate"",""s"":""BTCUSDT"",""u"":101228062812}"
1791514201,565738006,spot,depth5,0,0,687,BTCUSDT,"{""asks"":[[""82116.48000000"",""3.84695000""],[""82116.49000000"",""0.00926000""],[""82116.50000000"",""0.00013000""],[""82116.67000000"",""0.00758000""],[""82116.98000000"",""0.00014000""]],""bids"":[[""82116.47000000"",""5.69874000""],[""82116.46000000"",""0.00048000""],[""82116.45000000"",""0.00035000""],[""82116.44000000"",""0.00120000""],[""82116.05000000"",""0.00008000""]],""lastUpdateId"":101228062842}"
1791514201,567415803,spot,depth_diff,0,0,688,BTCUSDT,"{""E"":1791514201514,""U"":101228062813,""a"":[[""82116.48000000"",""3.84695000""],[""82120.61000000"",""0.00000000""],[""82125.70000000"",""0.00000000""],[""82126.00000000"",""0.00609000""]],""b"":[[""82116.47000000"",""5.69874000""],[""82116.46000000"",""0.00048000""],[""82047.61000000"",""0.00000000""],[""82044.91000000"",""2.10406000""],[""73904.00000000"",""0.00000000""],[""65693.18000000"",""0.00330000""],[""65693.00000000"",""0.00400000""]],""e"":""depthUpdate"",""s"":""BTCUSDT"",""u"":101228062842}"
1791514201,665422435,spot,depth5,0,0,689,BTCUSDT,"{""asks"":[[""82116.48000000"",""3.84688000""],[""82116.49000000"",""0.00926000""],[""82116.50000000"",""0.00013000""],[""82116.67000000"",""0.00758000""],[""82116.98000000"",""0.00014000""]],""bids"":[[""82116.47000000"",""5.69874000""],[""82116.46000000"",""0.00048000""],[""82116.45000000"",""0.00035000""],[""82116.44000000"",""0.00120000""],[""82116.05000000"",""0.00008000""]],""lastUpdateId"":101228062852}"
1791514201,667355632,spot,depth_diff,0,0,690,BTCUSDT,"{""E"":1791514201614,""U"":101228062843,""a"":[[""82116.48000000"",""3.84688000""],[""82120.61000000"",""0.00000000""],[""82129.20000000"",""0.00000000""]],""b"":[[""82115.76000000"",""0.00007000""],[""82096.34000000"",""0.00000000""],[""80884.73000000"",""0.00064000""],[""80522.91000000"",""0.00031000""],[""73904.83000000"",""0.00356000""],[""65693.18000000"",""0.00300000""]],""e"":""depthUpdate"",""s"":""BTCUSDT"",""u"":101228062852}"
1791514201,777813342,spot,depth5,0,0,691,BTCUSDT,"{""asks"":[[""82116.48000000"",""3.84632000""],[""82116.49000000"",""0.00891000""],[""82116.50000000"",""0.00013000""],[""82116.67000000"",""0.00758000""],[""82116.98000000"",""0.00014000""]],""bids"":[[""82116.47000000"",""5.69874000""],[""82116.46000000"",""0.00048000""],[""82116.45000000"",""0.00035000""],[""82116.44000000"",""0.00120000""],[""82116.05000000"",""0.00008000""]],""lastUpdateId"":101228062877}"
1791514201,811012486,spot,depth_diff,0,0,692,BTCUSDT,"{""E"":1791514201714,""U"":101228062853,""a"":[[""82116.48000000"",""3.84632000""],[""82116.49000000"",""0.00891000""],[""82120.01000000"",""0.00260000""],[""82129.20000000"",""0.00007000""],[""82150.74000000"",""0.00407000""],[""82154.86000000"",""0.00000000""]],""b"":[[""82113.08000000"",""0.00000000""],[""82112.46000000"",""0.00486000""],[""82110.77000000"",""0.00000000""],[""82098.44000000"",""0.00000000""],[""82097.77000000"",""0.30468000""],[""82096.34000000"",""0.00007000""],[""82086.16000000"",""0.00000000""],[""82085.53000000"",""0.30468000""],[""81000.00000000"",""47.71472000""],[""73904.83000000"",""0.00371000""]],""e"":""depthUpdate"",""s"":""BTCUSDT"",""u"":101228062877}"
1791514201,864956393,spot,depth5,0,0,693,BTCUSDT,"{""asks"":[[""82116.48000000"",""3.84632000""],[""82116.49000000"",""0.00891000""],[""82116.50000000"",""0.00013000""],[""82116.67000000"",""0.00758000""],[""82116.98000000"",""0.00014000""]],""bids"":[[""82116.47000000"",""5.33887000""],[""82116.46000000"",""0.00048000""],[""82116.45000000"",""0.00035000""],[""82116.44000000"",""0.00120000""],[""82116.05000000"",""0.00008000""]],""lastUpdateId"":101228062884}"
1791514201,889700151,spot,depth_diff,0,0,694,BTCUSDT,"{""E"":1791514201814,""U"":101228062878,""a"":[],""b"":[[""82116.47000000"",""5.33887000""],[""81852.01000000"",""0.00000000""],[""81850.87000000"",""0.00756000""],[""80884.73000000"",""0.00056000""],[""65693.18000000"",""0.00270000""]],""e"":""depthUpdate"",""s"":""BTCUSDT"",""u"":101228062884}"
1791514201,991869875,spot,depth5,0,0,695,BTCUSDT,"{""asks"":[[""82116.48000000"",""3.84632000""],[""82116.49000000"",""0.00891000""],[""82116.50000000"",""0.00013000""],[""82116.67000000"",""0.00758000""],[""82116.98000000"",""0.00014000""]],""bids"":[[""82116.47000000"",""5.33765000""],[""82116.46000000"",""0.00048000""],[""82116.45000000"",""0.00035000""],[""82116.44000000"",""0.00120000""],[""82116.05000000"",""0.00008000""]],""lastUpdateId"":101228062894}"
1791514202,22540823,spot,depth_diff,0,0,696,BTCUSDT,"{""E"":1791514201914,""U"":101228062885,""a"":[[""83348.23000000"",""0.00046000""]],""b"":[[""82116.47000000"",""5.33765000""],[""82110.29000000"",""0.00200000""],[""82077.74000000"",""0.00848000""],[""80884.73000000"",""0.00064000""],[""80884.72000000"",""0.00565000""],[""73904.83000000"",""0.00371000""]],""e"":""depthUpdate"",""s"":""BTCUSDT"",""u"":101228062894}"
1791514202,66622247,spot,depth5,0,0,697,BTCUSDT,"{""asks"":[[""82116.48000000"",""3.84632000""],[""82116.49000000"",""0.00891000""],[""82116.50000000"",""0.00013000""],[""82116.67000000"",""0.00758000""],[""82116.98000000"",""0.00014000""]],""bids"":[[""82116.47000000"",""5.33906000""],[""82116.46000000"",""0.00048000""],[""82116.45000000"",""0.00035000""],[""82116.44000000"",""0.00120000""],[""82116.05000000"",""0.00008000""]],""lastUpdateId"":101228062902}"
1791514202,72840237,spot,depth_diff,0,0,698,BTCUSDT,"{""E"":1791514202014,""U"":101228062895,""a"":[[""82123.80000000"",""0.00007000""]],""b"":[[""82116.47000000"",""5.33906000""],[""82112.72000000"",""0.00486000""],[""82112.46000000"",""0.00000000""],[""82090.31000000"",""0.00000000""],[""82089.61000000"",""0.30468000""],[""81396.34000000"",""0.00250000""],[""81394.79000000"",""0.00000000""],[""65693.18000000"",""0.00240000""]],""e"":""depthUpdate"",""s"":""BTCUSDT"",""u"":101228062902}"
1791514202,168543873,spot,depth5,0,0,699,BTCUSDT,"{""asks"":[[""82116.48000000"",""3.84632000""],[""82116.49000000"",""0.00891000""],[""82116.50000000"",""0.00013000""],[""82116.67000000"",""0.00758000""],[""82116.98000000"",""0.00014000""]],""bids"":[[""82116.47000000"",""5.33913000""],[""82116.46000000"",""0.00048000""],[""82116.45000000"",""0.00035000""],[""82116.44000000"",""0.00120000""],[""82116.05000000"",""0.00008000""]],""lastUpdateId"":101228062907}"
1791514202,212606697,spot,depth_diff,0,0,700,BTCUSDT,"{""E"":1791514202114,""U"":101228062903,""a"":[[""82123.80000000"",""0.00014000""]],""b"":[[""82116.47000000"",""5.33913000""],[""80884.73000000"",""0.00064000""],[""73904.83000000"",""0.00356000""]],""e"":""depthUpdate"",""s"":""BTCUSDT"",""u"":101228062907}"
1791514202,335824686,spot,depth5,0,0,701,BTCUSDT,"{""asks"":[[""82116.48000000"",""3.84632000""],[""82116.49000000"",""0.00891000""],[""82116.50000000"",""0.00013000""],[""82116.67000000"",""0.00758000""],[""82116.98000000"",""0.00014000""]],""bids"":[[""82116.47000000"",""5.33913000""],[""82116.46000000"",""0.00048000""],[""82116.45000000"",""0.00035000""],[""82116.44000000"",""0.00120000""],[""82116.05000000"",""0.00008000""]],""lastUpdateId"":101228062911}"
1791514202,509774289,spot,depth_diff,0,0,702,BTCUSDT,"{""E"":1791514202214,""U"":101228062908,""a"":[],""b"":[[""73904.83000000"",""0.00371000""],[""65693.18000000"",""0.00210000""],[""65693.00000000"",""0.00400000""]],""e"":""depthUpdate"",""s"":""BTCUSDT"",""u"":101228062911}"
1791514202,555132611,spot,depth5,0,0,703,BTCUSDT,"{""asks"":[[""82116.48000000"",""3.84632000""],[""82116.49000000"",""0.00891000""],[""82116.50000000"",""0.00013000""],[""82116.67000000"",""0.00758000""],[""82116.98000000"",""0.00014000""]],""bids"":[[""82116.47000000"",""5.33913000""],[""82116.46000000"",""0.00048000""],[""82116.45000000"",""0.00035000""],[""82116.44000000"",""0.00120000""],[""82116.05000000"",""0.00008000""]],""lastUpdateId"":101228062916}"
1791514202,595453742,spot,depth_diff,0,0,704,BTCUSDT,"{""E"":1791514202314,""U"":101228062912,""a"":[[""82123.80000000"",""0.00007000""],[""82124.88000000"",""0.00200000""]],""b"":[[""82094.05000000"",""0.00000000""],[""82093.25000000"",""0.30468000""],[""82089.81000000"",""0.00000000""],[""82088.91000000"",""0.00200000""]],""e"":""depthUpdate"",""s"":""BTCUSDT"",""u"":101228062916}"
1791514202,614091610,spot,depth5,0,0,705,BTCUSDT,"{""asks"":[[""82116.48000000"",""3.84632000""],[""82116.49000000"",""0.00891000""],[""82116.50000000"",""0.00013000""],[""82116.67000000"",""0.00758000""],[""82116.98000000"",""0.00014000""]],""bids"":[[""82116.47000000"",""5.33913000""],[""82116.46000000"",""0.00048000""],[""82116.45000000"",""0.00035000""],[""82116.44000000"",""0.00120000""],[""82116.05000000"",""0.00008000""]],""lastUpdateId"":101228062926}"
1791514202,619427601,spot,depth_diff,0,0,706,BTCUSDT,"{""E"":1791514202414,""U"":101228062917,""a"":[[""82123.80000000"",""0.00014000""],[""82124.88000000"",""0.00000000""],[""82128.78000000"",""0.00000000""]],""b"":[[""80884.73000000"",""0.00064000""],[""73904.83000000"",""0.00371000""],[""65693.18000000"",""0.00180000""]],""e"":""depthUpdate"",""s"":""BTCUSDT"",""u"":101228062926}"
1791514202,645499056,spot,depth5,0,0,707,BTCUSDT,"{""asks"":[[""82116.48000000"",""3.84632000""],[""82116.49000000"",""0.00891000""],[""82116.50000000"",""0.00013000""],[""82116.67000000"",""0.00758000""],[""82116.98000000"",""0.00014000""]],""bids"":[[""82116.47000000"",""5.33913000""],[""82116.46000000"",""0.00048000""],[""82116.45000000"",""0.00035000""],[""82116.44000000"",""0.00120000""],[""82116.05000000"",""0.00008000""]],""lastUpdateId"":101228062939}"
1791514202,667057519,spot,depth_diff,0,0,708,BTCUSDT,"{""E"":1791514202514,""U"":101228062927,""a"":[[""82120.01000000"",""0.00250000""],[""82120.61000000"",""0.00010000""],[""82123.80000000"",""0.00007000""],[""82128.60000000"",""0.09614000""],[""82128.78000000"",""0.00600000""]],""b"":[[""65693.18000000"",""0.00300000""],[""65693.00000000"",""0.00400000""]],""e"":""depthUpdate"",""s"":""BTCUSDT"",""u"":101228062939}"
1791514202,675222705,spot,depth5,0,0,709,BTCUSDT,"{""asks"":[[""82116.48000000"",""3.86466000""],[""82116.49000000"",""0.00891000""],[""82116.50000000"",""0.00013000""],[""82116.67000000"",""0.00758000""],[""82116.98000000"",""0.00014000""]],""bids"":[[""82116.47000000"",""3.15465000""],[""82116.46000000"",""0.00048000""],[""82116.45000000"",""0.00035000""],[""82116.44000000"",""0.00120000""],[""82116.05000000"",""0.00008000""]],""lastUpdateId"":101228062981}"
1791514202,685676687,spot,depth_diff,0,0,710,BTCUSDT,"{""E"":1791514202614,""U"":101228062940,""a"":[[""82116.48000000"",""3.86466000""],[""82122.15000000"",""0.09614000""],[""82122.17000000"",""0.00000000""],[""82122.19000000"",""0.00000000""],[""82123.42000000"",""0.00200000""],[""82125.28000000"",""0.00609000""],[""82127.59000000"",""0.09614000""],[""82127.72000000"",""0.00000000""],[""82128.77000000"",""0.09614000""],[""82128.79000000"",""0.09344000""],[""82128.98000000"",""0.00014000""],[""82130.40000000"",""0.00007000""],[""82145.21000000"",""0.30468000""],[""82146.86000000"",""0.00000000""]],""b"":[[""82116.47000000"",""3.15465000""],[""82115.76000000"",""0.00000000""],[""82112.72000000"",""0.00000000""],[""82112.26000000"",""0.00486000""],[""82110.59000000"",""0.00000000""],[""82110.29000000"",""0.00000000""],[""82109.54000000"",""0.00400000""],[""82109.42000000"",""0.00000000""],[""82109.41000000"",""1.24267000""],[""82109.06000000"",""0.00609000""],[""82108.45000000"",""0.00609000""],[""82107.88000000"",""0.00000000""],[""82107.84000000"",""0.00200000""],[""82106.15000000"",""0.00047000""],[""82097.77000000"",""0.00000000""],[""82096.79000000"",""0.30468000""],[""82088.91000000"",""0.00000000""],[""82085.53000000"",""0.00000000""],[""82084.01000000"",""0.30468000""],[""82077.74000000"",""0.00000000""],[""82051.61000000"",""0.00000000""],[""73904.00000000"",""0.00000000""],[""65693.18000000"",""0.00270000""]],""e"":""depthUpdate"",""s"":""BTCUSDT"",""u"":101228062981}"
1791514202,766731349,spot,depth5,0,0,711,BTCUSDT,"{""asks"":[[""82116.48000000"",""3.86473000""],[""82116.49000000"",""0.00891000""],[""82116.50000000"",""0.00013000""],[""82116.67000000"",""0.00758000""],[""82116.98000000"",""0.00014000""]],""bids"":[[""82116.47000000"",""2.51502000""],[""82116.46000000"",""0.00048000""],[""82116.45000000"",""0.00035000""],[""82116.44000000"",""0.00120000""],[""82116.05000000"",""0.00008000""]],""lastUpdateId"":101228063021}"
1791514202,767551947,spot,depth_diff,0,0,712,BTCUSDT,"{""E"":1791514202714,""U"":101228062982,""a"":[[""82116.48000000"",""3.86473000""],[""82116.99000000"",""0.04881000""],[""82121.53000000"",""0.09614000""],[""82122.20000000"",""0.24123000""],[""82122.94000000"",""0.00609000""],[""82126.00000000"",""0.00000000""],[""82126.58000000"",""0.09614000""],[""82128.78000000"",""0.00200000""],[""82129.20000000"",""0.00007000""],[""82146.28000000"",""0.00000000""]],""b"":[[""82116.47000000"",""2.51502000""],[""82115.85000000"",""0.04314000""],[""82115.66000000"",""0.00000000""],[""82115.65000000"",""0.00000000""],[""82113.06000000"",""0.22644000""],[""82112.87000000"",""0.00007000""],[""82112.86000000"",""0.03667000""],[""82112.69000000"",""0.60892000""],[""82112.26000000"",""0.00000000""],[""82110.59000000"",""0.00486000""],[""82108.04000000"",""0.00200000""],[""82106.14000000"",""0.00200000""],[""82096.34000000"",""0.00007000""],[""82089.61000000"",""0.00000000""],[""82087.90000000"",""0.00000000""],[""82087.74000000"",""0.30469000""],[""80884.73000000"",""0.00064000""],[""73904.83000000"",""0.00371000""]],""e"":""depthUpdate"",""s"":""BTCUSDT"",""u"":101228063021}"
1791514202,867720876,spot,depth5,0,0,713,BTCUSDT,"{""asks"":[[""82116.48000000"",""3.85871000""],[""82116.49000000"",""0.00891000""],[""82116.50000000"",""0.00013000""],[""82116.67000000"",""0.00758000""],[""82116.98000000"",""0.00014000""]],""bids"":[[""82116.47000000"",""2.51502000""],[""82116.46000000"",""0.00048000""],[""82116.45000000"",""0.00035000""],[""82116.44000000"",""0.00120000""],[""82116.05000000"",""0.00008000""]],""lastUpdateId"":101228063024}"
1791514202,893906231,spot,depth_diff,0,0,714,BTCUSDT,"{""E"":1791514202814,""U"":101228063022,""a"":[[""82116.48000000"",""3.85871000""]],""b"":[[""65693.18000000"",""0.00240000""]],""e"":""depthUpdate"",""s"":""BTCUSDT"",""u"":101228063024}"
1791514203,12716928,spot,trade,0,0,715,BTCUSDT,"{""E"":1791514202883,""M"":true,""T"":1791514202883,""e"":""trade"",""m"":true,""p"":""82116.47000000"",""q"":""0.00068000"",""s"":""BTCUSDT"",""t"":6750015788}"
1791514203,36533887,spot,depth5,0,0,716,BTCUSDT,"{""asks"":[[""82116.48000000"",""4.44305000""],[""82116.49000000"",""0.00891000""],[""82116.50000000"",""0.00013000""],[""82116.67000000"",""0.00758000""],[""82116.98000000"",""0.00014000""]],""bids"":[[""82116.47000000"",""2.51427000""],[""82116.46000000"",""0.00048000""],[""82116.45000000"",""0.00035000""],[""82116.44000000"",""0.00120000""],[""82116.05000000"",""0.00008000""]],""lastUpdateId"":101228063048}"
1791514203,57673551,spot,depth_diff,0,0,717,BTCUSDT,"{""E"":1791514202914,""U"":101228063025,""a"":[[""82116.48000000"",""4.44305000""],[""82116.99000000"",""0.01976000""],[""82121.53000000"",""0.00000000""],[""82122.15000000"",""0.00000000""],[""82126.58000000"",""0.00000000""],[""82128.00000000"",""0.00026000""],[""82128.77000000"",""0.00000000""],[""82128.98000000"",""0.00000000""],[""83348.23000000"",""0.00046000""]],""b"":[[""82116.47000000"",""2.51427000""],[""82116.46000000"",""0.00048000""],[""82106.14000000"",""0.00600000""],[""82051.61000000"",""0.00848000""],[""80884.73000000"",""0.00056000""],[""80884.72000000"",""0.00565000""],[""73904.83000000"",""0.00356000""],[""73904.82000000"",""0.00008000""]],""e"":""depthUpdate"",""s"":""BTCUSDT"",""u"":101228063048}"
1791514203,95540986,spot,depth5,0,0,718,BTCUSDT,"{""asks"":[[""82116.48000000"",""4.44318000""],[""82116.49000000"",""0.00891000""],[""82116.50000000"",""0.00013000""],[""82116.67000000"",""0.00758000""],[""82116.98000000"",""0.00014000""]],""bids"":[[""82116.47000000"",""1.55527000""],[""82116.46000000"",""0.00048000""],[""82116.45000000"",""0.00035000""],[""82116.44000000"",""0.00120000""],[""82116.05000000"",""0.00008000""]],""lastUpdateId"":101228063138}"
1791514203,122534940,spot,depth_diff,0,0,719,BTCUSDT,"{""E"":1791514203014,""U"":101228063049,""a"":[[""82116.48000000"",""4.44318000""],[""82119.84000000"",""0.00400000""],[""82120.02000000"",""0.00000000""],[""82121.53000000"",""0.00000000""],[""82122.15000000"",""0.00000000""],[""82122.16000000"",""0.00007000""],[""82122.18000000"",""0.00000000""],[""82122.23000000"",""0.00000000""],[""82122.94000000"",""0.00000000""],[""82124.28000000"",""0.00000000""],[""82124.53000000"",""0.00007000""],[""82125.28000000"",""0.00000000""],[""82126.58000000"",""0.00000000""],[""82126.76000000"",""0.00200000""],[""82127.31000000"",""0.00200000""],[""82128.38000000"",""0.00000000""],[""82128.54000000"",""0.00000000""],[""82128.78000000"",""0.09814000""],[""82128.79000000"",""0.00000000""],[""82128.87000000"",""0.34761000""],[""82131.92000000"",""0.00000000""],[""82132.46000000"",""0.00000000""],[""82135.19000000"",""0.30469000""],[""82137.91000000"",""0.00000000""],[""82139.47000000"",""0.30469000""],[""82142.09000000"",""0.00000000""],[""82142.63000000"",""0.30469000""],[""82145.21000000"",""0.00000000""],[""82147.53000000"",""0.30469000""],[""82150.33000000"",""0.00000000""],[""82152.80000000"",""0.00000000""]],""b"":[[""82116.47000000"",""1.55527000""],[""82115.51000000"",""0.00000000""],[""82115.40000000"",""0.00122000""],[""82113.66000000"",""0.00000000""],[""82112.69000000"",""0.00000000""],[""82111.50000000"",""0.00000000""],[""82110.59000000"",""0.00000000""],[""82110.02000000"",""0.00000000""],[""82110.01000000"",""0.00000000""],[""82108.46000000"",""0.01095000""],[""82108.45000000"",""0.00000000""],[""82108.04000000"",""0.00000000""],[""82107.84000000"",""0.00000000""],[""82106.40000000"",""0.00000000""],[""82106.28000000"",""0.00000000""],[""82106.15000000"",""0.00000000""],[""82106.14000000"",""0.00200000""],[""82105.81000000"",""0.00609000""],[""82103.29000000"",""0.00200000""],[""82103.28000000"",""0.00047000""],[""82102.01000000"",""0.00200000""],[""82096.79000000"",""0.00000000""],[""82095.57000000"",""0.00000000""],[""82094.70000000"",""0.30469000""],[""82093.25000000"",""0.00000000""],[""82091.05000000"",""0.30469000""],[""82087.74000000"",""0.00000000""],[""82086.76000000"",""0.30469000""],[""82084.01000000"",""0.00000000""],[""82083.07000000"",""0.30469000""],[""82074.52000000"",""0.62790000""],[""82073.16000000"",""0.00007000""],[""80884.73000000"",""0.00064000""],[""73904.83000000"",""0.00371000""],[""65693.18000000"",""0.00330000""]],""e"":""depthUpdate"",""s"":""BTCUSDT"",""u"":101228063138}"
1791514203,181964738,spot,depth5,0,0,720,BTCUSDT,"{""asks"":[[""82116.48000000"",""4.79963000""],[""82116.49000000"",""0.00891000""],[""82116.50000000"",""0.00013000""],[""82116.67000000"",""0.00758000""],[""82116.98000000"",""0.00014000""]],""bids"":[[""82116.47000000"",""0.70445000""],[""82116.46000000"",""0.00048000""],[""82116.45000000"",""0.00035000""],[""82116.44000000"",""0.00120000""],[""82116.05000000"",""0.00008000""]],""lastUpdateId"":101228063219}"
1791514203,201571405,spot,depth_diff,0,0,721,BTCUSDT,"{""E"":1791514203114,""U"":101228063139,""a"":[[""82116.48000000"",""4.79963000""],[""82119.39000000"",""0.10682000""],[""82119.79000000"",""0.00196000""],[""82120.02000000"",""0.00007000""],[""82120.61000000"",""0.00000000""],[""82121.60000000"",""0.00609000""],[""82122.16000000"",""0.00000000""],[""82122.77000000"",""0.00942000""],[""82124.28000000"",""0.00616000""],[""82124.70000000"",""0.36000000""],[""82125.28000000"",""0.00200000""],[""82126.38000000"",""0.00200000""],[""82127.31000000"",""0.00000000""],[""82127.62000000"",""0.00013000""],[""82128.53000000"",""0.00000000""],[""82128.54000000"",""0.00007000""],[""82128.76000000"",""0.09614000""],[""82128.77000000"",""0.09344000""],[""82128.78000000"",""0.00000000""],[""82129.01000000"",""0.00243000""],[""82132.46000000"",""0.10878000""],[""85010.45000000"",""0.00000000""]],""b"":[[""82116.47000000"",""0.70445000""],[""82116.46000000"",""0.00048000""],[""82113.06000000"",""0.06996000""],[""82112.86000000"",""0.03660000""],[""82111.50000000"",""0.00007000""],[""82111.42000000"",""0.09614000""],[""82110.94000000"",""0.03075000""],[""82110.41000000"",""0.09614000""],[""82109.55000000"",""0.60895000""],[""82109.42000000"",""0.07810000""],[""82109.05000000"",""0.08007000""],[""82106.14000000"",""0.00000000""],[""82102.01000000"",""0.00000000""],[""82094.70000000"",""0.00000000""],[""82093.26000000"",""0.30469000""],[""82086.76000000"",""0.00000000""],[""82085.66000000"",""0.00000000""],[""82085.05000000"",""0.30469000""],[""81702.54000000"",""0.00007000""],[""78767.41000000"",""0.00000000""]],""e"":""depthUpdate"",""s"":""BTCUSDT"",""u"":101228063219}"
1791514203,273801881,spot,depth5,0,0,722,BTCUSDT,"{""asks"":[[""82116.48000000"",""4.79970000""],[""82116.49000000"",""0.00891000""],[""82116.50000000"",""0.00013000""],[""82116.67000000"",""0.00758000""],[""82116.98000000"",""0.00014000""]],""bids"":[[""82116.47000000"",""0.70445000""],[""82116.46000000"",""0.00048000""],[""82116.45000000"",""0.00035000""],[""82116.44000000"",""0.00120000""],[""82116.05000000"",""0.00008000""]],""lastUpdateId"":101228063242}"
1791514203,321395500,spot,depth_diff,0,0,723,BTCUSDT,"{""E"":1791514203214,""U"":101228063220,""a"":[[""82116.48000000"",""4.79970000""],[""82116.99000000"",""0.05556000""],[""82119.38000000"",""0.00014000""],[""82122.83000000"",""0.01522000""],[""82123.18000000"",""0.00000000""],[""82127.59000000"",""0.00000000""],[""82128.76000000"",""0.00000000""]],""b"":[[""82112.86000000"",""0.03667000""],[""82110.94000000"",""0.03082000""],[""82109.06000000"",""0.00000000""],[""82109.05000000"",""0.08000000""],[""82108.46000000"",""0.00609000""],[""82107.86000000"",""0.00486000""],[""82107.51000000"",""0.00609000""],[""82105.81000000"",""0.00609000""],[""82076.58000000"",""0.00400000""],[""82074.52000000"",""0.62390000""],[""82067.39000000"",""0.00000000""],[""80884.73000000"",""0.00056000""],[""73904.83000000"",""0.00371000""],[""65693.18000000"",""0.00300000""]],""e"":""depthUpdate"",""s"":""BTCUSDT"",""u"":101228063242}"
1791514203,379006502,spot,trade,0,0,724,BTCUSDT,"{""E"":1791514203262,""M"":true,""T"":1791514203262,""e"":""trade"",""m"":false,""p"":""82116.48000000"",""q"":""0.03584000"",""s"":""BTCUSDT"",""t"":6750015789}"
1791514203,410964047,spot,trade,0,0,725,BTCUSDT,"{""E"":1791514203262,""M"":true,""T"":1791514203262,""e"":""trade"",""m"":false,""p"":""82116.48000000"",""q"":""0.00007000"",""s"":""BTCUSDT"",""t"":6750015790}"
1791514203,420050331,spot,trade,0,0,726,BTCUSDT,"{""E"":1791514203262,""M"":true,""T"":1791514203262,""e"":""trade"",""m"":false,""p"":""82116.48000000"",""q"":""0.00013000"",""s"":""BTCUSDT"",""t"":6750015791}"
1791514203,437918801,spot,trade,0,0,727,BTCUSDT,"{""E"":1791514203262,""M"":true,""T"":1791514203262,""e"":""trade"",""m"":false,""p"":""82116.48000000"",""q"":""0.00007000"",""s"":""BTCUSDT"",""t"":6750015792}"
1791514203,457170468,spot,trade,0,0,728,BTCUSDT,"{""E"":1791514203262,""M"":true,""T"":1791514203262,""e"":""trade"",""m"":false,""p"":""82116.48000000"",""q"":""0.00061000"",""s"":""BTCUSDT"",""t"":6750015793}"
1791514203,480104429,spot,trade,0,0,729,BTCUSDT,"{""E"":1791514203262,""M"":true,""T"":1791514203262,""e"":""trade"",""m"":false,""p"":""82116.48000000"",""q"":""0.01218000"",""s"":""BTCUSDT"",""t"":6750015794}"
1791514203,481867226,spot,trade,0,0,730,BTCUSDT,"{""E"":1791514203262,""M"":true,""T"":1791514203262,""e"":""trade"",""m"":false,""p"":""82116.48000000"",""q"":""0.00489000"",""s"":""BTCUSDT"",""t"":6750015795}"
1791514203,484036322,spot,trade,0,0,731,BTCUSDT,"{""E"":1791514203262,""M"":true,""T"":1791514203262,""e"":""trade"",""m"":false,""p"":""82116.48000000"",""q"":""0.00489000"",""s"":""BTCUSDT"",""t"":6750015796}"
1791514203,499347396,spot,trade,0,0,732,BTCUSDT,"{""E"":1791514203262,""M"":true,""T"":1791514203262,""e"":""trade"",""m"":false,""p"":""82116.48000000"",""q"":""0.00061000"",""s"":""BTCUSDT"",""t"":6750015797}"
1791514203,506342584,spot,trade,0,0,733,BTCUSDT,"{""E"":1791514203262,""M"":true,""T"":1791514203262,""e"":""trade"",""m"":false,""p"":""82116.48000000"",""q"":""0.07854000"",""s"":""BTCUSDT"",""t"":6750015798}"
1791514203,516173567,spot,trade,0,0,734,BTCUSDT,"{""E"":1791514203262,""M"":true,""T"":1791514203262,""e"":""trade"",""m"":false,""p"":""82116.48000000"",""q"":""0.00069000"",""s"":""BTCUSDT"",""t"":6750015799}"
1791514203,529596944,spot,trade,0,0,735,BTCUSDT,"{""E"":1791514203262,""M"":true,""T"":1791514203262,""e"":""trade"",""m"":false,""p"":""82116.48000000"",""q"":""0.00047000"",""s"":""BTCUSDT"",""t"":6750015800}"
1791514203,554856301,spot,trade,0,0,736,BTCUSDT,"{""E"":1791514203262,""M"":true,""T"":1791514203262,""e"":""trade"",""m"":false,""p"":""82116.48000000"",""q"":""0.30468000"",""s"":""BTCUSDT"",""t"":6750015801}"
1791514203,566542181,spot,trade,0,0,737,BTCUSDT,"{""E"":1791514203262,""M"":true,""T"":1791514203262,""e"":""trade"",""m"":false,""p"":""82116.48000000"",""q"":""0.00008000"",""s"":""BTCUSDT"",""t"":6750015802}"
1791514203,588971443,spot,trade,0,0,738,BTCUSDT,"{""E"":1791514203262,""M"":true,""T"":1791514203262,""e"":""trade"",""m"":false,""p"":""82116.48000000"",""q"":""0.18400000"",""s"":""BTCUSDT"",""t"":6750015803}"
1791514203,609019009,spot,trade,0,0,739,BTCUSDT,"{""E"":1791514203262,""M"":true,""T"":1791514203262,""e"":""trade"",""m"":false,""p"":""82116.48000000"",""q"":""0.00122000"",""s"":""BTCUSDT"",""t"":6750015804}"
1791514203,624359682,spot,trade,0,0,740,BTCUSDT,"{""E"":1791514203262,""M"":true,""T"":1791514203262,""e"":""trade"",""m"":false,""p"":""82116.48000000"",""q"":""0.27200000"",""s"":""BTCUSDT"",""t"":6750015805}"
1791514203,643917549,spot,trade,0,0,741,BTCUSDT,"{""E"":1791514203262,""M"":true,""T"":1791514203262,""e"":""trade"",""m"":false,""p"":""82116.48000000"",""q"":""0.03653000"",""s"":""BTCUSDT"",""t"":6750015806}"
1791514203,668712207,spot,trade,0,0,742,BTCUSDT,"{""E"":1791514203262,""M"":true,""T"":1791514203262,""e"":""trade"",""m"":false,""p"":""82116.48000000"",""q"":""0.00355000"",""s"":""BTCUSDT"",""t"":6750015807}"
1791514203,725722309,spot,trade,0,0,743,BTCUSDT,"{""E"":1791514203262,""M"":true,""T"":1791514203262,""e"":""trade"",""m"":false,""p"":""82116.48000000"",""q"":""0.00007000"",""s"":""BTCUSDT"",""t"":6750015808}"
1791514203,753888261,spot,trade,0,0,744,BTCUSDT,"{""E"":1791514203262,""M"":true,""T"":1791514203262,""e"":""trade"",""m"":false,""p"":""82116.48000000"",""q"":""0.00007000"",""s"":""BTCUSDT"",""t"":6750015809}"
1791514203,817839752,spot,trade,0,0,745,BTCUSDT,"{""E"":1791514203262,""M"":true,""T"":1791514203262,""e"":""trade"",""m"":false,""p"":""82116.48000000"",""q"":""0.00172000"",""s"":""BTCUSDT"",""t"":6750015810}"
1791514203,891315126,spot,trade,0,0,746,BTCUSDT,"{""E"":1791514203262,""M"":true,""T"":1791514203262,""e"":""trade"",""m"":false,""p"":""82116.48000000"",""q"":""0.17963000"",""s"":""BTCUSDT"",""t"":6750015811}"
1791514203,914728486,spot,trade,0,0,747,BTCUSDT,"{""E"":1791514203262,""M"":true,""T"":1791514203262,""e"":""trade"",""m"":false,""p"":""82116.48000000"",""q"":""0.00150000"",""s"":""BTCUSDT"",""t"":6750015812}"
1791514203,931170258,spot,trade,0,0,748,BTCUSDT,"{""E"":1791514203262,""M"":true,""T"":1791514203262,""e"":""trade"",""m"":false,""p"":""82116.48000000"",""q"":""0.17847000"",""s"":""BTCUSDT"",""t"":6750015813}"
1791514203,956654540,spot,trade,0,0,749,BTCUSDT,"{""E"":1791514203262,""M"":true,""T"":1791514203262,""e"":""trade"",""m"":false,""p"":""82116.48000000"",""q"":""1.06468000"",""s"":""BTCUSDT"",""t"":6750015814}"
1791514204,3148831,spot,trade,0,0,750,BTCUSDT,"{""E"":1791514203262,""M"":true,""T"":1791514203262,""e"":""trade"",""m"":false,""p"":""82116.48000000"",""q"":""0.03876000"",""s"":""BTCUSDT"",""t"":6750015815}"
1791514204,34488426,spot,depth5,0,0,751,BTCUSDT,"{""asks"":[[""82116.48000000"",""4.68688000""],[""82116.49000000"",""0.00891000""],[""82116.50000000"",""0.00013000""],[""82116.67000000"",""0.00758000""],[""82116.98000000"",""0.00014000""]],""bids"":[[""82116.47000000"",""5.85367000""],[""82116.46000000"",""0.00048000""],[""82116.45000000"",""0.00035000""],[""82116.44000000"",""0.00120000""],[""82116.05000000"",""0.00008000""]],""lastUpdateId"":101228063393}"
1791514204,150817205,spot,depth_diff,0,0,752,BTCUSDT,"{""E"":1791514203314,""U"":101228063243,""a"":[[""82116.48000000"",""4.68688000""],[""82116.49000000"",""0.00891000""],[""82116.99000000"",""0.01983000""],[""82119.38000000"",""0.00000000""],[""82119.39000000"",""0.00000000""],[""82119.79000000"",""0.00000000""],[""82121.52000000"",""0.00000000""],[""82121.53000000"",""0.00000000""],[""82121.60000000"",""0.00000000""],[""82122.18000000"",""0.00014000""],[""82122.19000000"",""0.35625000""],[""82123.55000000"",""0.00000000""],[""82123.79000000"",""0.00609000""],[""82123.80000000"",""0.00021000""],[""82124.69000000"",""0.00025000""],[""82125.28000000"",""0.00000000""],[""82126.38000000"",""0.00000000""],[""82126.58000000"",""0.00000000""],[""82126.76000000"",""0.00000000""],[""82127.59000000"",""0.00000000""],[""82128.00000000"",""0.00012000""],[""82128.59000000"",""0.00200000""],[""82128.60000000"",""0.00000000""],[""82128.76000000"",""0.00400000""],[""82128.99000000"",""12.64603000""]],""b"":[[""82116.47000000"",""5.85367000""],[""82115.40000000"",""0.00000000""],[""82114.46000000"",""0.00000000""],[""82114.45000000"",""0.00000000""],[""82113.45000000"",""0.00000000""],[""82113.44000000"",""0.00000000""],[""82113.06000000"",""0.04726000""],[""82112.87000000"",""0.00007000""],[""82112.86000000"",""0.03660000""],[""82112.43000000"",""0.00000000""],[""82111.42000000"",""0.00000000""],[""82111.35000000"",""0.00243000""],[""82110.94000000"",""0.03075000""],[""82110.59000000"",""0.00243000""],[""82110.41000000"",""0.00000000""],[""82109.56000000"",""0.35151000""],[""82109.55000000"",""0.00000000""],[""82109.42000000"",""0.00600000""],[""82109.21000000"",""0.00200000""],[""82107.86000000"",""0.00000000""],[""82107.52000000"",""0.00047000""],[""82103.29000000"",""0.00000000""],[""82103.28000000"",""0.00000000""],[""80884.73000000"",""0.00064000""],[""73904.82000000"",""0.00000000""],[""73904.81000000"",""0.00008000""]],""e"":""depthUpdate"",""s"":""BTCUSDT"",""u"":101228063393}"
1791514204,386753863,spot,trade,0,0,753,BTCUSDT,"{""E"":1791514203381,""M"":true,""T"":1791514203381,""e"":""trade"",""m"":false,""p"":""82116.48000000"",""q"":""0.00006000"",""s"":""BTCUSDT"",""t"":6750015816}"
1791514204,407319959,spot,depth5,0,0,754,BTCUSDT,"{""asks"":[[""82116.48000000"",""4.36561000""],[""82116.49000000"",""0.00891000""],[""82116.50000000"",""0.00013000""],[""82116.67000000"",""0.00758000""],[""82116.98000000"",""0.00014000""]],""bids"":[[""82116.47000000"",""4.40057000""],[""82116.46000000"",""0.00048000""],[""82116.45000000"",""0.00035000""],[""82116.44000000"",""0.00120000""],[""82116.05000000"",""0.00008000""]],""lastUpdateId"":101228063428}"
1791514204,507057041,spot,depth_diff,0,0,755,BTCUSDT,"{""E"":1791514203414,""U"":101228063394,""a"":[[""82116.48000000"",""4.36561000""],[""82124.69000000"",""0.00025000""],[""82125.53000000"",""0.00048000""],[""82129.01000000"",""0.00000000""],[""82169.26000000"",""0.00000000""],[""82253.36000000"",""0.00000000""]],""b"":[[""82116.47000000"",""4.40057000""],[""82110.94000000"",""0.03068000""],[""82109.56000000"",""0.34751000""],[""82109.42000000"",""0.00000000""],[""82109.05000000"",""0.08007000""],[""82106.14000000"",""0.00600000""],[""81702.54000000"",""0.00000000""],[""81348.30000000"",""0.00394000""],[""73904.83000000"",""0.00356000""],[""65693.18000000"",""0.00270000""]],""e"":""depthUpdate"",""s"":""BTCUSDT"",""u"":101228063428}"
1791514204,750400998,spot,depth5,0,0,756,BTCUSDT,"{""asks"":[[""82116.48000000"",""4.36561000""],[""82116.49000000"",""0.00891000""],[""82116.50000000"",""0.00013000""],[""82116.67000000"",""0.00758000""],[""82116.98000000"",""0.00014000""]],""bids"":[[""82116.47000000"",""4.40057000""],[""82116.46000000"",""0.00048000""],[""82116.45000000"",""0.00035000""],[""82116.44000000"",""0.00120000""],[""82116.05000000"",""0.00008000""]],""lastUpdateId"":101228063438}"
1791514204,837374882,spot,depth_diff,0,0,757,BTCUSDT,"{""E"":1791514203514,""U"":101228063429,""a"":[[""82122.77000000"",""0.00000000""],[""82128.76000000"",""0.00600000""],[""82169.26000000"",""0.00304000""],[""82253.36000000"",""0.00121000""]],""b"":[[""82088.03000000"",""0.00200000""],[""81850.87000000"",""0.00000000""],[""81850.01000000"",""0.00756000""],[""81348.30000000"",""0.00000000""],[""80884.73000000"",""0.00064000""],[""73904.83000000"",""0.00371000""]],""e"":""depthUpdate"",""s"":""BTCUSDT"",""u"":101228063438}"
1791514204,925903066,spot,depth5,0,0,758,BTCUSDT,"{""asks"":[[""82116.48000000"",""4.36561000""],[""82116.49000000"",""0.00891000""],[""82116.50000000"",""0.00013000""],[""82116.67000000"",""0.00758000""],[""82116.98000000"",""0.00014000""]],""bids"":[[""82116.47000000"",""4.40057000""],[""82116.46000000"",""0.00048000""],[""82116.45000000"",""0.00035000""],[""82116.44000000"",""0.00120000""],[""82116.05000000"",""0.00008000""]],""lastUpdateId"":101228063444}"
1791514205,139165028,spot,depth_diff,0,0,759,BTCUSDT,"{""E"":1791514203614,""U"":101228063439,""a"":[],""b"":[[""82108.92000000"",""0.00200000""],[""65693.18000000"",""0.00240000""],[""65693.00000000"",""0.00400000""]],""e"":""depthUpdate"",""s"":""BTCUSDT"",""u"":101228063444}"
1791514205,229363513,spot,depth5,0,0,760,BTCUSDT,"{""asks"":[[""82116.48000000"",""4.36561000""],[""82116.49000000"",""0.00891000""],[""82116.50000000"",""0.00013000""],[""82116.67000000"",""0.00758000""],[""82116.98000000"",""0.00014000""]],""bids"":[[""82116.47000000"",""4.40057000""],[""82116.46000000"",""0.00048000""],[""82116.45000000"",""0.00035000""],[""82116.44000000"",""0.00120000""],[""82116.05000000"",""0.00008000""]],""lastUpdateId"":101228063458}"
1791514205,278306804,spot,depth_diff,0,0,761,BTCUSDT,"{""E"":1791514203714,""U"":101228063445,""a"":[[""82120.38000000"",""0.00196000""],[""82120.39000000"",""0.10682000""],[""82129.20000000"",""0.00007000""]],""b"":[[""82106.14000000"",""0.01000000""],[""82096.34000000"",""0.00007000""],[""79699.00000000"",""0.00077000""],[""73904.83000000"",""0.00356000""],[""73904.00000000"",""0.00000000""],[""65693.00000000"",""0.00400000""]],""e"":""depthUpdate"",""s"":""BTCUSDT"",""u"":101228063458}"
1791514205,334395194,spot,depth5,0,0,762,BTCUSDT,"{""asks"":[[""82116.48000000"",""4.40214000""],[""82116.49000000"",""0.00891000""],[""82116.50000000"",""0.00013000""],[""82116.67000000"",""0.00758000""],[""82116.98000000"",""0.00014000""]],""bids"":[[""82116.47000000"",""4.76050000""],[""82116.46000000"",""0.00048000""],[""82116.45000000"",""0.00035000""],[""82116.44000000"",""0.00120000""],[""82116.05000000"",""0.00008000""]],""lastUpdateId"":101228063476}"
1791514205,359960390,spot,depth_diff,0,0,763,BTCUSDT,"{""E"":1791514203814,""U"":101228063459,""a"":[[""82116.48000000"",""4.40214000""],[""82116.99000000"",""0.05388000""],[""82120.38000000"",""0.00014000""],[""82120.39000000"",""0.00000000""],[""82123.42000000"",""0.00000000""],[""82124.69000000"",""0.00018000""],[""82128.76000000"",""0.00400000""],[""82128.77000000"",""0.00000000""]],""b"":[[""82116.47000000"",""4.76050000""],[""82109.05000000"",""0.08000000""],[""82077.75000000"",""0.00840000""],[""80884.73000000"",""0.00072000""],[""65693.18000000"",""0.00210000""]],""e"":""depthUpdate"",""s"":""BTCUSDT"",""u"":101228063476}"
1791514205,395807983,spot,depth5,0,0,764,BTCUSDT,"{""asks"":[[""82116.48000000"",""4.40228000""],[""82116.49000000"",""0.00891000""],[""82116.50000000"",""0.00013000""],[""82116.67000000"",""0.00758000""],[""82116.98000000"",""0.00014000""]],""bids"":[[""82116.47000000"",""4.40057000""],[""82116.46000000"",""0.00048000""],[""82116.45000000"",""0.00035000""],[""82116.44000000"",""0.00120000""],[""82116.05000000"",""0.00008000""]],""lastUpdateId"":101228063499}"
1791514205,402230682,spot,depth_diff,0,0,765,BTCUSDT,"{""E"":1791514203914,""U"":101228063477,""a"":[[""82116.48000000"",""4.40228000""],[""82116.99000000"",""0.01983000""],[""82120.38000000"",""0.00000000""],[""82123.44000000"",""0.00200000""],[""82124.69000000"",""0.00015000""],[""82125.29000000"",""0.00019000""],[""82128.86000000"",""0.09344000""],[""82142.63000000"",""0.00000000""],[""82144.93000000"",""0.30469000""],[""83348.23000000"",""0.00046000""]],""b"":[[""82116.47000000"",""4.40057000""],[""82073.16000000"",""0.00000000""],[""80884.72000000"",""0.00565000""],[""65693.00000000"",""0.00400000""]],""e"":""depthUpdate"",""s"":""BTCUSDT"",""u"":101228063499}"
1791514205,418801679,spot,trade,0,0,766,BTCUSDT,"{""E"":1791514203985,""M"":true,""T"":1791514203984,""e"":""trade"",""m"":false,""p"":""82116.48000000"",""q"":""0.00024000"",""s"":""BTCUSDT"",""t"":6750015817}"
1791514205,420299379,spot,depth5,0,0,767,BTCUSDT,"{""asks"":[[""82116.48000000"",""4.40813000""],[""82116.49000000"",""0.00891000""],[""82116.50000000"",""0.00013000""],[""82116.67000000"",""0.00758000""],[""82116.98000000"",""0.00014000""]],""bids"":[[""82116.47000000"",""4.40050000""],[""82116.46000000"",""0.00048000""],[""82116.45000000"",""0.00035000""],[""82116.44000000"",""0.00120000""],[""82116.05000000"",""0.00008000""]],""lastUpdateId"":101228063528}"
1791514205,430115877,spot,depth_diff,0,0,768,BTCUSDT,"{""E"":1791514204014,""U"":101228063500,""a"":[[""82116.48000000"",""4.40813000""],[""82124.28000000"",""0.00816000""],[""82125.05000000"",""0.00000000""],[""82128.79000000"",""0.00200000""],[""82135.19000000"",""0.00000000""],[""82136.69000000"",""0.30469000""],[""82139.47000000"",""0.00000000""],[""82139.50000000"",""0.00000000""],[""82139.55000000"",""0.05914000""],[""82140.94000000"",""0.30469000""],[""82144.40000000"",""0.00200000""],[""82147.53000000"",""0.00000000""],[""82149.06000000"",""0.30469000""]],""b"":[[""82116.47000000"",""4.40050000""],[""82111.61000000"",""0.00243000""],[""82110.59000000"",""0.00000000""],[""82096.79000000"",""0.30469000""],[""82093.26000000"",""0.00000000""],[""82088.96000000"",""0.30469000""],[""82085.05000000"",""0.00000000""],[""82078.64000000"",""0.00400000""],[""82076.58000000"",""0.00000000""],[""73904.83000000"",""0.00356000""],[""73904.81000000"",""0.00000000""],[""65693.18000000"",""0.00300000""]],""e"":""depthUpdate"",""s"":""BTCUSDT"",""u"":101228063528}"
1791514205,434816076,spot,depth5,0,0,769,BTCUSDT,"{""asks"":[[""82116.48000000"",""4.40813000""],[""82116.49000000"",""0.00891000""],[""82116.50000000"",""0.00013000""],[""82116.67000000"",""0.00758000""],[""82116.98000000"",""0.00014000""]],""bids"":[[""82116.47000000"",""4.40050000""],[""82116.46000000"",""0.00048000""],[""82116.45000000"",""0.00035000""],[""82116.44000000"",""0.00120000""],[""82116.05000000"",""0.00008000""]],""lastUpdateId"":101228063535}"
1791514205,438052176,spot,depth_diff,0,0,770,BTCUSDT,"{""E"":1791514204114,""U"":101228063529,""a"":[[""82128.79000000"",""0.00600000""]],""b"":[[""82114.91000000"",""0.00243000""],[""81350.66000000"",""0.00115000""],[""80884.73000000"",""0.00072000""],[""78767.41000000"",""0.00010000""]],""e"":""depthUpdate"",""s"":""BTCUSDT"",""u"":101228063535}"
1791514205,440559375,spot,depth5,0,0,771,BTCUSDT,"{""asks"":[[""82116.48000000"",""4.40813000""],[""82116.49000000"",""0.00891000""],[""82116.50000000"",""0.00013000""],[""82116.67000000"",""0.00758000""],[""82116.98000000"",""0.00014000""]],""bids"":[[""82116.47000000"",""4.40057000""],[""82116.46000000"",""0.00055000""],[""82116.45000000"",""0.00035000""],[""82116.44000000"",""0.00120000""],[""82116.05000000"",""0.00008000""]],""lastUpdateId"":101228063542}"
1791514205,443125875,spot,depth_diff,0,0,772,BTCUSDT,"{""E"":1791514204214,""U"":101228063536,""a"":[[""82125.08000000"",""0.00971000""]],""b"":[[""82116.47000000"",""4.40057000""],[""82116.46000000"",""0.00055000""],[""81350.66000000"",""0.00509000""],[""73904.83000000"",""0.00356000""],[""65693.18000000"",""0.00270000""]],""e"":""depthUpdate"",""s"":""BTCUSDT"",""u"":101228063542}"
1791514205,447105374,spot,depth5,0,0,773,BTCUSDT,"{""asks"":[[""82116.48000000"",""4.71268000""],[""82116.49000000"",""0.00027000""],[""82116.50000000"",""0.00013000""],[""82116.67000000"",""0.00758000""],[""82116.98000000"",""0.00014000""]],""bids"":[[""82116.47000000"",""4.40057000""],[""82116.46000000"",""0.00055000""],[""82116.45000000"",""0.00035000""],[""82116.44000000"",""0.00120000""],[""82116.05000000"",""0.00008000""]],""lastUpdateId"":101228063550}"
1791514205,455943573,spot,depth_diff,0,0,774,BTCUSDT,"{""E"":1791514204314,""U"":101228063543,""a"":[[""82116.48000000"",""4.71268000""],[""82116.49000000"",""0.00027000""],[""82212.29000000"",""0.72684000""],[""82214.99000000"",""0.00000000""],[""85010.45000000"",""0.00010000""]],""b"":[[""82077.75000000"",""0.00000000""],[""80884.73000000"",""0.00064000""]],""e"":""depthUpdate"",""s"":""BTCUSDT"",""u"":101228063550}"
1791514205,459467072,spot,depth5,0,0,775,BTCUSDT,"{""asks"":[[""82116.48000000"",""4.71268000""],[""82116.49000000"",""0.00027000""],[""82116.50000000"",""0.00013000""],[""82116.67000000"",""0.00758000""],[""82116.98000000"",""0.00014000""]],""bids"":[[""82116.47000000"",""4.40057000""],[""82116.46000000"",""0.00055000""],[""82116.45000000"",""0.00035000""],[""82116.44000000"",""0.00120000""],[""82116.05000000"",""0.00008000""]],""lastUpdateId"":101228063553}"
1791514205,463000171,spot,depth_diff,0,0,776,BTCUSDT,"{""E"":1791514204414,""U"":101228063551,""a"":[],""b"":[[""82107.50000000"",""0.00000000""],[""80884.73000000"",""0.00072000""],[""65693.18000000"",""0.00240000""]],""e"":""depthUpdate"",""s"":""BTCUSDT"",""u"":101228063553}"
1791514205,466838471,spot,depth5,0,0,777,BTCUSDT,"{""asks"":[[""82116.48000000"",""4.71261000""],[""82116.49000000"",""0.00020000""],[""82116.50000000"",""0.00013000""],[""82116.67000000"",""0.00758000""],[""82116.98000000"",""0.00014000""]],""bids"":[[""82116.47000000"",""4.40057000""],[""82116.46000000"",""0.00055000""],[""82116.45000000"",""0.00035000""],[""82116.44000000"",""0.00120000""],[""82116.05000000"",""0.00008000""]],""lastUpdateId"":101228063567}"
1791514205,480544968,spot,depth_diff,0,0,778,BTCUSDT,"{""E"":1791514204514,""U"":101228063554,""a"":[[""82116.48000000"",""4.71261000""],[""82116.49000000"",""0.00020000""],[""82123.50000000"",""0.00200000""],[""82124.28000000"",""0.00616000""],[""82130.51000000"",""0.00274000""],[""82222.89000000"",""0.00000000""],[""86495.42000000"",""0.01179000""]],""b"":[[""82111.61000000"",""0.00000000""],[""82111.35000000"",""0.00000000""],[""82111.00000000"",""0.00486000""],[""73904.83000000"",""0.00356000""],[""65693.00000000"",""0.00400000""]],""e"":""depthUpdate"",""s"":""BTCUSDT"",""u"":101228063567}"
1791514205,483633068,spot,depth5,0,0,779,BTCUSDT,"{""asks"":[[""82116.48000000"",""4.71261000""],[""82116.49000000"",""0.00020000""],[""82116.50000000"",""0.00013000""],[""82116.67000000"",""0.00758000""],[""82116.98000000"",""0.00014000""]],""bids"":[[""82116.47000000"",""4.40057000""],[""82116.46000000"",""0.00055000""],[""82116.45000000"",""0.00035000""],[""82116.44000000"",""0.00120000""],[""82116.05000000"",""0.00008000""]],""lastUpdateId"":101228063570}"
1791514205,488852767,spot,depth_diff,0,0,780,BTCUSDT,"{""E"":1791514204614,""U"":101228063568,""a"":[],""b"":[[""80884.73000000"",""0.00072000""],[""65693.18000000"",""0.00210000""]],""e"":""depthUpdate"",""s"":""BTCUSDT"",""u"":101228063570}"
1791514205,493695566,spot,depth5,0,0,781,BTCUSDT,"{""asks"":[[""82116.48000000"",""4.71261000""],[""82116.49000000"",""0.00020000""],[""82116.50000000"",""0.00013000""],[""82116.67000000"",""0.00758000""],[""82116.98000000"",""0.00014000""]],""bids"":[[""82116.47000000"",""4.40057000""],[""82116.46000000"",""0.00055000""],[""82116.45000000"",""0.00035000""],[""82116.44000000"",""0.00120000""],[""82116.05000000"",""0.00008000""]],""lastUpdateId"":101228063576}"
1791514205,500312965,spot,depth_diff,0,0,782,BTCUSDT,"{""E"":1791514204714,""U"":101228063571,""a"":[[""82129.20000000"",""0.00007000""]],""b"":[[""82108.92000000"",""0.00000000""],[""82096.34000000"",""0.00007000""],[""81850.87000000"",""0.00756000""],[""81850.01000000"",""0.00000000""],[""73904.83000000"",""0.00341000""]],""e"":""depthUpdate"",""s"":""BTCUSDT"",""u"":101228063576}"
1791514205,508524463,spot,trade,0,0,783,BTCUSDT,"{""E"":1791514204739,""M"":true,""T"":1791514204738,""e"":""trade"",""m"":true,""p"":""82116.47000000"",""q"":""0.00009000"",""s"":""BTCUSDT"",""t"":6750015818}"
1791514205,509680863,spot,depth5,0,0,784,BTCUSDT,"{""asks"":[[""82116.48000000"",""4.71261000""],[""82116.49000000"",""0.00020000""],[""82116.50000000"",""0.00013000""],[""82116.67000000"",""0.00758000""],[""82116.98000000"",""0.00014000""]],""bids"":[[""82116.47000000"",""4.40048000""],[""82116.46000000"",""0.00055000""],[""82116.45000000"",""0.00035000""],[""82116.44000000"",""0.00120000""],[""82116.05000000"",""0.00008000""]],""lastUpdateId"":101228063584}"
1791514205,512945463,spot,depth_diff,0,0,785,BTCUSDT,"{""E"":1791514204814,""U"":101228063577,""a"":[[""82203.90000000"",""0.02098000""]],""b"":[[""82116.47000000"",""4.40048000""],[""82106.28000000"",""0.63795000""],[""73904.83000000"",""0.00356000""],[""73904.82000000"",""0.00008000""],[""73904.00000000"",""0.00000000""],[""65693.18000000"",""0.00180000""]],""e"":""depthUpdate"",""s"":""BTCUSDT"",""u"":101228063584}"
1791514205,515340262,spot,depth5,0,0,786,BTCUSDT,"{""asks"":[[""82116.48000000"",""4.71274000""],[""82116.49000000"",""0.00020000""],[""82116.50000000"",""0.00013000""],[""82116.67000000"",""0.00758000""],[""82116.98000000"",""0.00014000""]],""bids"":[[""82116.47000000"",""4.40048000""],[""82116.46000000"",""0.00055000""],[""82116.45000000"",""0.00035000""],[""82116.44000000"",""0.00120000""],[""82116.05000000"",""0.00008000""]],""lastUpdateId"":101228063618}"
1791514205,518585862,spot,depth_diff,0,0,787,BTCUSDT,"{""E"":1791514204914,""U"":101228063585,""a"":[[""82116.48000000"",""4.71274000""],[""82116.49000000"",""0.00020000""],[""82123.50000000"",""0.00000000""],[""82169.26000000"",""0.00000000""],[""82253.36000000"",""0.00000000""],[""83348.23000000"",""0.00046000""]],""b"":[[""82078.43000000"",""0.00792000""],[""80884.73000000"",""0.00072000""],[""80884.72000000"",""0.00565000""],[""75547.16000000"",""0.00014000""],[""65693.00000000"",""0.00400000""]],""e"":""depthUpdate"",""s"":""BTCUSDT"",""u"":101228063618}"
1791514205,529212560,spot,depth5,0,0,788,BTCUSDT,"{""asks"":[[""82116.48000000"",""4.69447000""],[""82116.49000000"",""0.00020000""],[""82116.50000000"",""0.00013000""],[""82116.67000000"",""0.00758000""],[""82116.98000000"",""0.00014000""]],""bids"":[[""82116.47000000"",""4.40048000""],[""82116.46000000"",""0.00055000""],[""82116.45000000"",""0.00035000""],[""82116.44000000"",""0.00120000""],[""82116.05000000"",""0.00008000""]],""lastUpdateId"":101228063630}"
1791514205,532398259,spot,depth_diff,0,0,789,BTCUSDT,"{""E"":1791514205014,""U"":101228063619,""a"":[[""82116.48000000"",""4.69447000""],[""82169.26000000"",""0.00304000""],[""82253.36000000"",""0.00121000""]],""b"":[[""82109.28000000"",""0.00000000""],[""73904.83000000"",""0.00356000""],[""65693.18000000"",""0.00270000""]],""e"":""depthUpdate"",""s"":""BTCUSDT"",""u"":101228063630}"
1791514205,536378959,spot,depth5,0,0,790,BTCUSDT,"{""asks"":[[""82116.48000000"",""4.69447000""],[""82116.49000000"",""0.00020000""],[""82116.50000000"",""0.00013000""],[""82116.67000000"",""0.00758000""],[""82116.98000000"",""0.00014000""]],""bids"":[[""82116.47000000"",""3.03323000""],[""82116.46000000"",""0.00055000""],[""82116.45000000"",""0.00035000""],[""82116.44000000"",""0.00120000""],[""82116.05000000"",""0.00008000""]],""lastUpdateId"":101228063663}"
1791514205,538548358,spot,depth_diff,0,0,791,BTCUSDT,"{""E"":1791514205214,""U"":101228063631,""a"":[[""82116.48000000"",""4.69447000""],[""82116.49000000"",""0.00020000""],[""82121.90000000"",""0.00410000""],[""82123.80000000"",""0.00007000""],[""82124.69000000"",""0.00008000""],[""82127.31000000"",""0.00400000""],[""82128.79000000"",""0.00200000""]],""b"":[[""82116.47000000"",""3.03323000""],[""82111.00000000"",""0.00000000""],[""82110.94000000"",""0.03061000""],[""82110.01000000"",""0.00486000""],[""82109.56000000"",""0.00000000""],[""82109.21000000"",""0.00000000""],[""82107.52000000"",""0.00000000""],[""82106.85000000"",""0.00200000""],[""82106.38000000"",""0.00047000""],[""82096.79000000"",""0.00000000""],[""82095.57000000"",""0.30469000""],[""82088.96000000"",""0.00000000""],[""82088.03000000"",""0.00000000""],[""82086.76000000"",""0.30469000""],[""82086.56000000"",""0.00200000""],[""81870.51000000"",""0.00000000""],[""81870.49000000"",""0.00020000""],[""80884.73000000"",""0.00072000""],[""65693.18000000"",""0.00240000""]],""e"":""depthUpdate"",""s"":""BTCUSDT"",""u"":101228063663}"
1791514205,556102755,spot,depth5,0,0,792,BTCUSDT,"{""asks"":[[""82116.48000000"",""4.69495000""],[""82116.49000000"",""0.00020000""],[""82116.50000000"",""0.00013000""],[""82116.67000000"",""0.00758000""],[""82116.98000000"",""0.00014000""]],""bids"":[[""82116.47000000"",""3.03323000""],[""82116.46000000"",""0.00055000""],[""82116.45000000"",""0.00035000""],[""82116.44000000"",""0.00120000""],[""82116.05000000"",""0.00008000""]],""lastUpdateId"":101228063673}"
1791514205,557608755,spot,depth_diff,0,0,793,BTCUSDT,"{""E"":1791514205314,""U"":101228063664,""a"":[[""82116.48000000"",""4.69495000""],[""82125.53000000"",""0.00000000""],[""82127.31000000"",""0.00000000""]],""b"":[[""82114.91000000"",""0.00000000""],[""82114.77000000"",""0.00243000""],[""82109.05000000"",""0.08007000""],[""82073.16000000"",""0.00007000""],[""73904.83000000"",""0.00356000""]],""e"":""depthUpdate"",""s"":""BTCUSDT"",""u"":101228063673}"
1791514205,562783954,spot,depth5,0,0,794,BTCUSDT,"{""asks"":[[""82116.48000000"",""4.69495000""],[""82116.49000000"",""0.00020000""],[""82116.50000000"",""0.00013000""],[""82116.67000000"",""0.00758000""],[""82116.98000000"",""0.00014000""]],""bids"":[[""82116.47000000"",""3.03316000""],[""82116.46000000"",""0.00048000""],[""82116.45000000"",""0.00035000""],[""82116.44000000"",""0.00120000""],[""82116.05000000"",""0.00008000""]],""lastUpdateId"":101228063691}"
1791514205,564352554,spot,depth_diff,0,0,795,BTCUSDT,"{""E"":1791514205414,""U"":101228063674,""a"":[[""82122.22000000"",""0.00200000""],[""82123.44000000"",""0.00000000""],[""82123.80000000"",""0.00021000""],[""82124.69000000"",""0.00015000""],[""82127.99000000"",""0.00200000""],[""82128.79000000"",""0.00000000""],[""82128.86000000"",""0.09344000""]],""b"":[[""82116.47000000"",""3.03316000""],[""82116.46000000"",""0.00048000""],[""82108.63000000"",""0.00000000""],[""80884.73000000"",""0.00064000""],[""75547.16000000"",""0.00000000""],[""65693.18000000"",""0.00210000""]],""e"":""depthUpdate"",""s"":""BTCUSDT"",""u"":101228063691}"
1791514205,568511353,spot,trade,0,0,796,BTCUSDT,"{""E"":1791514205506,""M"":true,""T"":1791514205506,""e"":""trade"",""m"":true,""p"":""82116.47000000"",""q"":""0.07075000"",""s"":""BTCUSDT"",""t"":6750015819}"
1791514205,585002050,spot,trade,0,0,797,BTCUSDT,"{""E"":1791514205506,""M"":true,""T"":1791514205506,""e"":""trade"",""m"":true,""p"":""82116.47000000"",""q"":""0.00047000"",""s"":""BTCUSDT"",""t"":6750015820}"
1791514205,588443149,spot,trade,0,0,798,BTCUSDT,"{""E"":1791514205506,""M"":true,""T"":1791514205506,""e"":""trade"",""m"":true,""p"":""82116.47000000"",""q"":""0.00008000"",""s"":""BTCUSDT"",""t"":6750015821}"
1791514205,590022749,spot,trade,0,0,799,BTCUSDT,"{""E"":1791514205506,""M"":true,""T"":1791514205506,""e"":""trade"",""m"":true,""p"":""82116.47000000"",""q"":""0.00013000"",""s"":""BTCUSDT"",""t"":6750015822}"
1791514205,591006849,spot,trade,0,0,800,BTCUSDT,"{""E"":1791514205506,""M"":true,""T"":1791514205506,""e"":""trade"",""m"":true,""p"":""82116.47000000"",""q"":""0.01549000"",""s"":""BTCUSDT"",""t"":6750015823}"
1791514205,591895149,spot,trade,0,0,801,BTCUSDT,"{""E"":1791514205506,""M"":true,""T"":1791514205506,""e"":""trade"",""m"":true,""p"":""82116.47000000"",""q"":""0.00007000"",""s"":""BTCUSDT"",""t"":6750015824}"
1791514205,592938349,spot,trade,0,0,802,BTCUSDT,"{""E"":1791514205506,""M"":true,""T"":1791514205506,""e"":""trade"",""m"":true,""p"":""82116.47000000"",""q"":""0.01301000"",""s"":""BTCUSDT"",""t"":6750015825}"
1791514205,593838148,spot,depth5,0,0,803,BTCUSDT,"{""asks"":[[""82116.48000000"",""4.71322000""],[""82116.49000000"",""0.00020000""],[""82116.50000000"",""0.00013000""],[""82116.67000000"",""0.00758000""],[""82116.98000000"",""0.00014000""]],""bids"":[[""82116.47000000"",""4.34168000""],[""82116.46000000"",""0.00048000""],[""82116.45000000"",""0.00035000""],[""82116.44000000"",""0.00120000""],[""82116.05000000"",""0.00008000""]],""lastUpdateId"":101228063734}"
1791514205,610527145,spot,depth_diff,0,0,804,BTCUSDT,"{""E"":1791514205514,""U"":101228063692,""a"":[[""82116.48000000"",""4.71322000""],[""82121.90000000"",""0.00400000""],[""82122.22000000"",""0.00000000""],[""82122.97000000"",""0.00200000""],[""82124.28000000"",""0.00007000""],[""82125.29000000"",""0.00009000""],[""82125.70000000"",""0.00609000""],[""82127.99000000"",""0.00200000""],[""82128.86000000"",""0.00000000""],[""82212.29000000"",""0.00000000""],[""82214.99000000"",""0.72684000""]],""b"":[[""82116.47000000"",""4.34168000""],[""82115.85000000"",""0.04321000""],[""82113.08000000"",""0.34896000""],[""82113.07000000"",""1.00570000""],[""82113.06000000"",""0.00000000""],[""82112.87000000"",""0.00000000""],[""82109.42000000"",""0.00007000""],[""82051.61000000"",""0.00000000""],[""82021.99000000"",""0.00000000""],[""81987.81000000"",""0.00000000""],[""80884.73000000"",""0.00072000""],[""73904.83000000"",""0.00356000""],[""73904.82000000"",""0.00000000""],[""73904.81000000"",""0.00008000""],[""65693.18000000"",""0.00330000""]],""e"":""depthUpdate"",""s"":""BTCUSDT"",""u"":101228063734}"
1791514205,674854134,spot,depth5,0,0,805,BTCUSDT,"{""asks"":[[""82116.48000000"",""4.70665000""],[""82116.49000000"",""0.00020000""],[""82116.50000000"",""0.00013000""],[""82116.67000000"",""0.00758000""],[""82116.98000000"",""0.00014000""]],""bids"":[[""82116.47000000"",""4.34223000""],[""82116.46000000"",""0.00048000""],[""82116.45000000"",""0.00035000""],[""82116.44000000"",""0.00120000""],[""82116.05000000"",""0.00008000""]],""lastUpdateId"":101228063753}"
1791514205,700091430,spot,depth_diff,0,0,806,BTCUSDT,"{""E"":1791514205614,""U"":101228063735,""a"":[[""82116.48000000"",""4.70665000""],[""82125.64000000"",""0.00048000""],[""82128.75000000"",""0.00400000""],[""82128.86000000"",""0.09344000""]],""b"":[[""82116.47000000"",""4.34223000""],[""82115.85000000"",""0.04321000""],[""82113.09000000"",""0.00014000""],[""82113.07000000"",""1.00556000""],[""82073.16000000"",""0.00000000""],[""67520.00000000"",""0.02897000""],[""65693.18000000"",""0.00300000""]],""e"":""depthUpdate"",""s"":""BTCUSDT"",""u"":101228063753}"
1791514205,737692623,spot,trade,0,0,807,BTCUSDT,"{""E"":1791514205636,""M"":true,""T"":1791514205636,""e"":""trade"",""m"":false,""p"":""82116.48000000"",""q"":""0.00007000"",""s"":""BTCUSDT"",""t"":6750015826}"
1791514205,769682717,spot,depth5,0,0,808,BTCUSDT,"{""asks"":[[""82116.48000000"",""4.70658000""],[""82116.49000000"",""0.00020000""],[""82116.50000000"",""0.00013000""],[""82116.67000000"",""0.00758000""],[""82116.98000000"",""0.00014000""]],""bids"":[[""82116.47000000"",""4.34230000""],[""82116.46000000"",""0.00041000""],[""82116.45000000"",""0.00035000""],[""82116.44000000"",""0.00120000""],[""82116.05000000"",""0.00008000""]],""lastUpdateId"":101228063765}"
1791514205,780293916,spot,depth_diff,0,0,809,BTCUSDT,"{""E"":1791514205714,""U"":101228063754,""a"":[[""82116.48000000"",""4.70658000""]],""b"":[[""82116.47000000"",""4.34230000""],[""82116.46000000"",""0.00041000""],[""80884.73000000"",""0.00064000""],[""65693.00000000"",""0.00400000""]],""e"":""depthUpdate"",""s"":""BTCUSDT"",""u"":101228063765}"
1791514205,868003100,spot,depth5,0,0,810,BTCUSDT,"{""asks"":[[""82116.48000000"",""4.70658000""],[""82116.49000000"",""0.00020000""],[""82116.50000000"",""0.00013000""],[""82116.67000000"",""0.00758000""],[""82116.98000000"",""0.00014000""]],""bids"":[[""82116.47000000"",""4.34230000""],[""82116.46000000"",""0.00041000""],[""82116.45000000"",""0.00035000""],[""82116.44000000"",""0.00120000""],[""82116.05000000"",""0.00008000""]],""lastUpdateId"":101228063775}"
1791514205,992574278,spot,depth_diff,0,0,811,BTCUSDT,"{""E"":1791514205814,""U"":101228063766,""a"":[[""82129.20000000"",""0.00007000""]],""b"":[[""82109.20000000"",""0.00200000""],[""82096.34000000"",""0.00007000""],[""80884.73000000"",""0.00072000""],[""73904.83000000"",""0.00356000""],[""65693.18000000"",""0.00270000""],[""65693.00000000"",""0.00400000""]],""e"":""depthUpdate"",""s"":""BTCUSDT"",""u"":101228063775}"
1791514206,29989672,spot,depth5,0,0,812,BTCUSDT,"{""asks"":[[""82116.48000000"",""4.70658000""],[""82116.49000000"",""0.00020000""],[""82116.50000000"",""0.00013000""],[""82116.67000000"",""0.00758000""],[""82116.98000000"",""0.00014000""]],""bids"":[[""82116.47000000"",""4.34230000""],[""82116.46000000"",""0.00041000""],[""82116.45000000"",""0.00035000""],[""82116.44000000"",""0.00120000""],[""82116.05000000"",""0.00008000""]],""lastUpdateId"":101228063785}"
1791514206,33974271,spot,depth_diff,0,0,813,BTCUSDT,"{""E"":1791514205914,""U"":101228063776,""a"":[[""83348.23000000"",""0.00046000""]],""b"":[[""82051.61000000"",""0.00864000""],[""81035.69000000"",""0.00000000""],[""80884.72000000"",""0.00565000""],[""80819.77000000"",""0.00000000""],[""73904.00000000"",""0.00000000""],[""65693.00000000"",""0.00600000""]],""e"":""depthUpdate"",""s"":""BTCUSDT"",""u"":101228063785}"
1791514206,65503066,spot,depth5,0,0,814,BTCUSDT,"{""asks"":[[""82116.48000000"",""4.70679000""],[""82116.49000000"",""0.00034000""],[""82116.50000000"",""0.00013000""],[""82116.67000000"",""0.00758000""],[""82116.98000000"",""0.00014000""]],""bids"":[[""82116.47000000"",""4.34230000""],[""82116.46000000"",""0.00041000""],[""82116.45000000"",""0.00035000""],[""82116.44000000"",""0.00120000""],[""82116.05000000"",""0.00008000""]],""lastUpdateId"":101228063800}"
1791514206,70174265,spot,depth_diff,0,0,815,BTCUSDT,"{""E"":1791514206014,""U"":101228063786,""a"":[[""82116.48000000"",""4.70679000""],[""82116.49000000"",""0.00034000""],[""82212.29000000"",""0.72684000""],[""82214.99000000"",""0.00000000""],[""83110.46000000"",""0.00000000""]],""b"":[[""82111.61000000"",""0.00486000""],[""82110.01000000"",""0.00000000""],[""80884.73000000"",""0.00072000""],[""73904.83000000"",""0.00341000""],[""65693.18000000"",""0.00240000""],[""65693.00000000"",""0.00400000""]],""e"":""depthUpdate"",""s"":""BTCUSDT"",""u"":101228063800}"
1791514206,177322546,spot,depth5,0,0,816,BTCUSDT,"{""asks"":[[""82116.48000000"",""4.68873000""],[""82116.49000000"",""0.00055000""],[""82116.50000000"",""0.00013000""],[""82116.67000000"",""0.00758000""],[""82116.98000000"",""0.00014000""]],""bids"":[[""82116.47000000"",""4.34230000""],[""82116.46000000"",""0.00041000""],[""82116.45000000"",""0.00035000""],[""82116.44000000"",""0.00120000""],[""82116.05000000"",""0.00008000""]],""lastUpdateId"":101228063810}"
1791514206,183803745,spot,depth_diff,0,0,817,BTCUSDT,"{""E"":1791514206114,""U"":101228063801,""a"":[[""82116.48000000"",""4.68873000""],[""82116.49000000"",""0.00055000""]],""b"":[[""82067.34000000"",""0.00000000""],[""80589.33000000"",""0.00000000""],[""73904.83000000"",""0.00356000""]],""e"":""depthUpdate"",""s"":""BTCUSDT"",""u"":101228063810}"
1791514206,270272830,spot,depth5,0,0,818,BTCUSDT,"{""asks"":[[""82116.48000000"",""4.68852000""],[""82116.49000000"",""0.00034000""],[""82116.50000000"",""0.00013000""],[""82116.67000000"",""0.00758000""],[""82116.98000000"",""0.00014000""]],""bids"":[[""82116.47000000"",""3.75762000""],[""82116.46000000"",""0.00041000""],[""82116.45000000"",""0.00035000""],[""82116.44000000"",""0.00120000""],[""82116.05000000"",""0.00008000""]],""lastUpdateId"":101228063849}"
1791514206,283705628,spot,depth_diff,0,0,819,BTCUSDT,"{""E"":1791514206214,""U"":101228063811,""a"":[[""82116.48000000"",""4.68852000""],[""82116.49000000"",""0.00034000""],[""82116.99000000"",""0.05381000""],[""82121.32000000"",""0.00014000""],[""82121.33000000"",""0.10878000""],[""82124.69000000"",""0.00008000""],[""83471.25000000"",""0.00000000""]],""b"":[[""82116.47000000"",""3.75762000""],[""82115.85000000"",""0.04314000""],[""82113.08000000"",""0.04855000""],[""82113.07000000"",""0.00000000""],[""82113.06000000"",""0.00014000""],[""82112.87000000"",""0.00007000""],[""82109.42000000"",""0.00000000""],[""82109.20000000"",""0.00000000""],[""82108.72000000"",""0.00200000""],[""65693.18000000"",""0.00210000""]],""e"":""depthUpdate"",""s"":""BTCUSDT"",""u"":101228063849}"
1791514206,395860909,spot,depth5,0,0,820,BTCUSDT,"{""asks"":[[""82116.48000000"",""4.70679000""],[""82116.49000000"",""0.00034000""],[""82116.50000000"",""0.00013000""],[""82116.67000000"",""0.00758000""],[""82116.98000000"",""0.00014000""]],""bids"":[[""82116.47000000"",""3.75762000""],[""82116.46000000"",""0.00041000""],[""82116.45000000"",""0.00035000""],[""82116.44000000"",""0.00120000""],[""82116.05000000"",""0.00008000""]],""lastUpdateId"":101228063860}"
1791514206,407544207,spot,depth_diff,0,0,821,BTCUSDT,"{""E"":1791514206314,""U"":101228063850,""a"":[[""82116.48000000"",""4.70679000""],[""82116.99000000"",""0.05388000""],[""82123.80000000"",""0.00014000""],[""84357.96000000"",""0.00000000""]],""b"":[[""82078.43000000"",""0.00000000""],[""80884.73000000"",""0.00064000""],[""80319.41000000"",""0.00000000""],[""73904.83000000"",""0.00356000""]],""e"":""depthUpdate"",""s"":""BTCUSDT"",""u"":101228063860}"
1791514206,465879196,spot,depth5,0,0,822,BTCUSDT,"{""asks"":[[""82116.48000000"",""4.70679000""],[""82116.49000000"",""0.00034000""],[""82116.50000000"",""0.00013000""],[""82116.67000000"",""0.00758000""],[""82116.98000000"",""0.00014000""]],""bids"":[[""82116.47000000"",""3.75762000""],[""82116.46000000"",""0.00041000""],[""82116.45000000"",""0.00035000""],[""82116.44000000"",""0.00120000""],[""82116.05000000"",""0.00008000""]],""lastUpdateId"":101228063862}"
1791514206,531132385,spot,depth_diff,0,0,823,BTCUSDT,"{""E"":1791514206414,""U"":101228063861,""a"":[],""b"":[[""79702.31000000"",""0.00000000""],[""65693.18000000"",""0.00180000""]],""e"":""depthUpdate"",""s"":""BTCUSDT"",""u"":101228063862}"
1791514206,584807776,spot,depth5,0,0,824,BTCUSDT,"{""asks"":[[""82116.48000000"",""4.70679000""],[""82116.49000000"",""0.00034000""],[""82116.50000000"",""0.00013000""],[""82116.67000000"",""0.00758000""],[""82116.98000000"",""0.00014000""]],""bids"":[[""82116.47000000"",""3.75762000""],[""82116.46000000"",""0.00041000""],[""82116.45000000"",""0.00035000""],[""82116.44000000"",""0.00120000""],[""82116.05000000"",""0.00008000""]],""lastUpdateId"":101228063867}"
1791514206,629343668,spot,depth_diff,0,0,825,BTCUSDT,"{""E"":1791514206514,""U"":101228063863,""a"":[],""b"":[[""73904.83000000"",""0.00341000""],[""65693.18000000"",""0.00300000""]],""e"":""depthUpdate"",""s"":""BTCUSDT"",""u"":101228063867}"
1791514206,678626660,spot,depth5,0,0,826,BTCUSDT,"{""asks"":[[""82116.48000000"",""4.70679000""],[""82116.49000000"",""0.00034000""],[""82116.50000000"",""0.00013000""],[""82116.67000000"",""0.00758000""],[""82116.98000000"",""0.00014000""]],""bids"":[[""82116.47000000"",""3.75762000""],[""82116.46000000"",""0.00041000""],[""82116.45000000"",""0.00035000""],[""82116.44000000"",""0.00120000""],[""82116.05000000"",""0.00008000""]],""lastUpdateId"":101228063879}"
1791514206,731861950,spot,depth_diff,0,0,827,BTCUSDT,"{""E"":1791514206614,""U"":101228063868,""a"":[],""b"":[[""80884.73000000"",""0.00064000""],[""73904.83000000"",""0.00356000""],[""65693.18000000"",""0.00270000""],[""65693.00000000"",""0.00400000""]],""e"":""depthUpdate"",""s"":""BTCUSDT"",""u"":101228063879}"
1791514206,751500747,spot,trade,0,0,828,BTCUSDT,"{""E"":1791514206634,""M"":true,""T"":1791514206633,""e"":""trade"",""m"":false,""p"":""82116.48000000"",""q"":""0.00608000"",""s"":""BTCUSDT"",""t"":6750015827}"
1791514206,770945844,spot,depth5,0,0,829,BTCUSDT,"{""asks"":[[""82116.48000000"",""4.70071000""],[""82116.49000000"",""0.00034000""],[""82116.50000000"",""0.00013000""],[""82116.67000000"",""0.00758000""],[""82116.98000000"",""0.00014000""]],""bids"":[[""82116.47000000"",""3.75762000""],[""82116.46000000"",""0.00041000""],[""82116.45000000"",""0.00035000""],[""82116.44000000"",""0.00120000""],[""82116.05000000"",""0.00008000""]],""lastUpdateId"":101228063884}"
1791514206,780705542,spot,depth_diff,0,0,830,BTCUSDT,"{""E"":1791514206715,""U"":101228063880,""a"":[[""82116.48000000"",""4.70071000""],[""82123.71000000"",""0.00200000""],[""82124.01000000"",""0.00064000""]],""b"":[[""82051.49000000"",""0.00050000""],[""73904.81000000"",""0.00000000""]],""e"":""depthUpdate"",""s"":""BTCUSDT"",""u"":101228063884}"
1791514206,870032427,spot,depth5,0,0,831,BTCUSDT,"{""asks"":[[""82116.48000000"",""4.70092000""],[""82116.49000000"",""0.00055000""],[""82116.50000000"",""0.00013000""],[""82116.67000000"",""0.00758000""],[""82116.98000000"",""0.00014000""]],""bids"":[[""82116.47000000"",""3.75762000""],[""82116.46000000"",""0.00041000""],[""82116.45000000"",""0.00035000""],[""82116.44000000"",""0.00120000""],[""82116.05000000"",""0.00008000""]],""lastUpdateId"":101228063897}"
1791514206,886354724,spot,depth_diff,0,0,832,BTCUSDT,"{""E"":1791514206814,""U"":101228063885,""a"":[[""82116.48000000"",""4.70092000""],[""82116.49000000"",""0.00055000""],[""82129.20000000"",""0.00007000""]],""b"":[[""82096.34000000"",""0.00007000""],[""80884.73000000"",""0.00056000""],[""73904.83000000"",""0.00356000""],[""65693.18000000"",""0.00240000""]],""e"":""depthUpdate"",""s"":""BTCUSDT"",""u"":101228063897}"
1791514206,971703509,spot,depth5,0,0,833,BTCUSDT,"{""asks"":[[""82116.48000000"",""4.70092000""],[""82116.49000000"",""0.00055000""],[""82116.50000000"",""0.00013000""],[""82116.67000000"",""0.00758000""],[""82116.98000000"",""0.00014000""]],""bids"":[[""82116.47000000"",""3.75762000""],[""82116.46000000"",""0.00041000""],[""82116.45000000"",""0.00035000""],[""82116.44000000"",""0.00120000""],[""82116.05000000"",""0.00008000""]],""lastUpdateId"":101228063900}"
1791514207,60114094,spot,depth_diff,0,0,834,BTCUSDT,"{""E"":1791514206914,""U"":101228063898,""a"":[],""b"":[[""82021.99000000"",""0.00832000""],[""80884.73000000"",""0.00064000""],[""73904.00000000"",""0.00020000""]],""e"":""depthUpdate"",""s"":""BTCUSDT"",""u"":101228063900}"
1791514207,148616679,spot,depth5,0,0,835,BTCUSDT,"{""asks"":[[""82116.48000000"",""4.85251000""],[""82116.49000000"",""0.00055000""],[""82116.50000000"",""0.00013000""],[""82116.67000000"",""0.00758000""],[""82116.98000000"",""0.00014000""]],""bids"":[[""82116.47000000"",""3.75762000""],[""82116.46000000"",""0.00041000""],[""82116.45000000"",""0.00035000""],[""82116.44000000"",""0.00120000""],[""82116.05000000"",""0.00008000""]],""lastUpdateId"":101228063925}"
1791514207,184631573,spot,depth_diff,0,0,836,BTCUSDT,"{""E"":1791514207014,""U"":101228063901,""a"":[[""82116.48000000"",""4.85251000""],[""82116.49000000"",""0.00055000""],[""83348.23000000"",""0.00046000""]],""b"":[[""82111.61000000"",""0.00000000""],[""82111.11000000"",""0.00486000""],[""82094.74000000"",""0.05685000""],[""82086.15000000"",""0.00000000""],[""81256.25000000"",""0.00012000""],[""80884.72000000"",""0.00565000""],[""73904.00000000"",""0.00000000""],[""65693.18000000"",""0.00330000""]],""e"":""depthUpdate"",""s"":""BTCUSDT"",""u"":101228063925}"
1791514207,223365466,spot,depth5,0,0,837,BTCUSDT,"{""asks"":[[""82116.48000000"",""4.85251000""],[""82116.49000000"",""0.00055000""],[""82116.50000000"",""0.00013000""],[""82116.67000000"",""0.00758000""],[""82116.98000000"",""0.00014000""]],""bids"":[[""82116.47000000"",""3.75762000""],[""82116.46000000"",""0.00041000""],[""82116.45000000"",""0.00035000""],[""82116.44000000"",""0.00120000""],[""82116.05000000"",""0.00008000""]],""lastUpdateId"":101228063929}"
1791514207,233590764,spot,depth_diff,0,0,838,BTCUSDT,"{""E"":1791514207114,""U"":101228063926,""a"":[],""b"":[[""80884.73000000"",""0.00064000""],[""73904.83000000"",""0.00356000""]],""e"":""depthUpdate"",""s"":""BTCUSDT"",""u"":101228063929}"
1791514207,276545357,spot,depth5,0,0,839,BTCUSDT,"{""asks"":[[""82116.48000000"",""4.85251000""],[""82116.49000000"",""0.00055000""],[""82116.50000000"",""0.00013000""],[""82116.67000000"",""0.00758000""],[""82116.98000000"",""0.00014000""]],""bids"":[[""82116.47000000"",""3.75749000""],[""82116.46000000"",""0.00041000""],[""82116.45000000"",""0.00035000""],[""82116.44000000"",""0.00120000""],[""82116.05000000"",""0.00008000""]],""lastUpdateId"":101228063932}"
1791514207,296109754,spot,depth_diff,0,0,840,BTCUSDT,"{""E"":1791514207214,""U"":101228063930,""a"":[],""b"":[[""82116.47000000"",""3.75749000""],[""81065.01000000"",""0.00012000""],[""65693.18000000"",""0.00300000""]],""e"":""depthUpdate"",""s"":""BTCUSDT"",""u"":101228063932}"
1791514207,365853342,spot,depth5,0,0,841,BTCUSDT,"{""asks"":[[""82116.48000000"",""4.85243000""],[""82116.49000000"",""0.00034000""],[""82116.50000000"",""0.00013000""],[""82116.67000000"",""0.00758000""],[""82116.98000000"",""0.00014000""]],""bids"":[[""82116.47000000"",""3.11779000""],[""82116.46000000"",""0.00041000""],[""82116.45000000"",""0.00035000""],[""82116.44000000"",""0.00120000""],[""82116.05000000"",""0.00008000""]],""lastUpdateId"":101228063975}"
1791514207,377219840,spot,depth_diff,0,0,842,BTCUSDT,"{""E"":1791514207314,""U"":101228063933,""a"":[[""82116.48000000"",""4.85243000""],[""82116.49000000"",""0.00034000""],[""82123.71000000"",""0.00000000""],[""82123.80000000"",""0.00007000""],[""82124.69000000"",""0.00018000""],[""82127.31000000"",""0.00000000""],[""82128.75000000"",""0.00000000""],[""82128.76000000"",""0.00200000""]],""b"":[[""82116.47000000"",""3.11779000""],[""82111.11000000"",""0.00000000""],[""82110.01000000"",""0.00486000""],[""82108.72000000"",""0.00000000""],[""82107.68000000"",""0.00200000""],[""73904.83000000"",""0.00341000""]],""e"":""depthUpdate"",""s"":""BTCUSDT"",""u"":101228063975}"
1791514207,464103425,spot,depth5,0,0,843,BTCUSDT,"{""asks"":[[""82116.48000000"",""4.85243000""],[""82116.49000000"",""0.00034000""],[""82116.50000000"",""0.00013000""],[""82116.67000000"",""0.00758000""],[""82116.98000000"",""0.00014000""]],""bids"":[[""82116.47000000"",""3.11779000""],[""82116.46000000"",""0.00041000""],[""82116.45000000"",""0.00035000""],[""82116.44000000"",""0.00120000""],[""82116.05000000"",""0.00008000""]],""lastUpdateId"":101228063982}"
1791514207,465898625,spot,depth_diff,0,0,844,BTCUSDT,"{""E"":1791514207414,""U"":101228063976,""a"":[[""82125.64000000"",""0.00000000""],[""82300.00000000"",""2.37240000""]],""b"":[[""80884.73000000"",""0.00064000""],[""80840.59000000"",""0.00012000""],[""73904.83000000"",""0.00356000""],[""65693.18000000"",""0.00270000""]],""e"":""depthUpdate"",""s"":""BTCUSDT"",""u"":101228063982}"
1791514207,566591408,spot,depth5,0,0,845,BTCUSDT,"{""asks"":[[""82116.48000000"",""4.85291000""],[""82116.49000000"",""0.00034000""],[""82116.50000000"",""0.00013000""],[""82116.67000000"",""0.00758000""],[""82116.98000000"",""0.00014000""]],""bids"":[[""82116.47000000"",""3.11760000""],[""82116.46000000"",""0.00041000""],[""82116.45000000"",""0.00035000""],[""82116.44000000"",""0.00120000""],[""82116.05000000"",""0.00008000""]],""lastUpdateId"":101228063988}"
1791514207,569493107,spot,depth_diff,0,0,846,BTCUSDT,"{""E"":1791514207514,""U"":101228063983,""a"":[[""82116.48000000"",""4.85291000""],[""83110.46000000"",""0.00012000""]],""b"":[[""82116.47000000"",""3.11760000""],[""80200.00000000"",""8.23514000""],[""65693.00000000"",""0.00400000""]],""e"":""depthUpdate"",""s"":""BTCUSDT"",""u"":101228063988}"
1791514207,666350991,spot,depth5,0,0,847,BTCUSDT,"{""asks"":[[""82116.48000000"",""4.85291000""],[""82116.49000000"",""0.00034000""],[""82116.50000000"",""0.00013000""],[""82116.67000000"",""0.00758000""],[""82116.98000000"",""0.00014000""]],""bids"":[[""82116.47000000"",""3.11760000""],[""82116.46000000"",""0.00041000""],[""82116.45000000"",""0.00035000""],[""82116.44000000"",""0.00120000""],[""82116.05000000"",""0.00008000""]],""lastUpdateId"":101228063991}"
1791514207,667607291,spot,depth_diff,0,0,848,BTCUSDT,"{""E"":1791514207614,""U"":101228063989,""a"":[],""b"":[[""73904.83000000"",""0.00356000""],[""65693.18000000"",""0.00240000""]],""e"":""depthUpdate"",""s"":""BTCUSDT"",""u"":101228063991}"
1791514207,772735373,spot,depth5,0,0,849,BTCUSDT,"{""asks"":[[""82116.48000000"",""4.85900000""],[""82116.49000000"",""0.00034000""],[""82116.50000000"",""0.00013000""],[""82116.67000000"",""0.00758000""],[""82116.98000000"",""0.00014000""]],""bids"":[[""82116.47000000"",""3.11760000""],[""82116.46000000"",""0.00041000""],[""82116.45000000"",""0.00035000""],[""82116.44000000"",""0.00120000""],[""82116.05000000"",""0.00008000""]],""lastUpdateId"":101228064001}"
1791514207,775402773,spot,depth_diff,0,0,850,BTCUSDT,"{""E"":1791514207714,""U"":101228063992,""a"":[[""82116.48000000"",""4.85900000""],[""82122.99000000"",""0.00200000""],[""82127.81000000"",""0.00600000""],[""82251.83000000"",""0.01907000""],[""82311.92000000"",""0.00000000""]],""b"":[[""80884.73000000"",""0.00064000""],[""80610.78000000"",""0.00012000""]],""e"":""depthUpdate"",""s"":""BTCUSDT"",""u"":101228064001}"
1791514207,865717157,spot,depth5,0,0,851,BTCUSDT,"{""asks"":[[""82116.48000000"",""4.85900000""],[""82116.49000000"",""0.00034000""],[""82116.50000000"",""0.00013000""],[""82116.67000000"",""0.00758000""],[""82116.98000000"",""0.00014000""]],""bids"":[[""82116.47000000"",""3.11760000""],[""82116.46000000"",""0.00041000""],[""82116.45000000"",""0.00035000""],[""82116.44000000"",""0.00120000""],[""82116.05000000"",""0.00008000""]],""lastUpdateId"":101228064007}"
1791514207,867262257,spot,depth_diff,0,0,852,BTCUSDT,"{""E"":1791514207814,""U"":101228064002,""a"":[[""82129.20000000"",""0.00007000""],[""83471.25000000"",""0.00012000""]],""b"":[[""82096.34000000"",""0.00007000""],[""73904.83000000"",""0.00341000""],[""65693.18000000"",""0.00210000""]],""e"":""depthUpdate"",""s"":""BTCUSDT"",""u"":101228064007}"
1791514207,967422340,spot,depth5,0,0,853,BTCUSDT,"{""asks"":[[""82116.48000000"",""4.85900000""],[""82116.49000000"",""0.00034000""],[""82116.50000000"",""0.00013000""],[""82116.67000000"",""0.00758000""],[""82116.98000000"",""0.00014000""]],""bids"":[[""82116.47000000"",""3.11760000""],[""82116.46000000"",""0.00048000""],[""82116.45000000"",""0.00035000""],[""82116.44000000"",""0.00120000""],[""82116.05000000"",""0.00008000""]],""lastUpdateId"":101228064014}"
1791514207,968746540,spot,depth_diff,0,0,854,BTCUSDT,"{""E"":1791514207914,""U"":101228064008,""a"":[[""82123.80000000"",""0.00014000""]],""b"":[[""82116.46000000"",""0.00048000""],[""82114.77000000"",""0.00000000""],[""82114.73000000"",""0.00243000""],[""82073.16000000"",""0.00007000""],[""80884.73000000"",""0.00056000""],[""73904.83000000"",""0.00356000""]],""e"":""depthUpdate"",""s"":""BTCUSDT"",""u"":101228064014}"
1791514208,68559023,spot,depth5,0,0,855,BTCUSDT,"{""asks"":[[""82116.48000000"",""4.85900000""],[""82116.49000000"",""0.00034000""],[""82116.50000000"",""0.00013000""],[""82116.67000000"",""0.00758000""],[""82116.98000000"",""0.00014000""]],""bids"":[[""82116.47000000"",""3.11767000""],[""82116.46000000"",""0.00055000""],[""82116.45000000"",""0.00035000""],[""82116.44000000"",""0.00120000""],[""82116.05000000"",""0.00008000""]],""lastUpdateId"":101228064031}"
1791514208,69398323,spot,depth_diff,0,0,856,BTCUSDT,"{""E"":1791514208014,""U"":101228064015,""a"":[[""82122.20000000"",""0.24116000""],[""82123.28000000"",""0.00000000""],[""83348.23000000"",""0.00046000""]],""b"":[[""82116.47000000"",""3.11767000""],[""82116.46000000"",""0.00055000""],[""82114.73000000"",""0.00000000""],[""82078.49000000"",""0.00824000""],[""80884.73000000"",""0.00064000""],[""80884.72000000"",""0.00565000""],[""80339.58000000"",""0.00012000""],[""65693.18000000"",""0.00300000""]],""e"":""depthUpdate"",""s"":""BTCUSDT"",""u"":101228064031}"
1791514208,175235105,spot,depth5,0,0,857,BTCUSDT,"{""asks"":[[""82116.48000000"",""4.85852000""],[""82116.49000000"",""0.00034000""],[""82116.50000000"",""0.00013000""],[""82116.67000000"",""0.00758000""],[""82116.98000000"",""0.00014000""]],""bids"":[[""82116.47000000"",""3.75730000""],[""82116.46000000"",""0.00055000""],[""82116.45000000"",""0.00035000""],[""82116.44000000"",""0.00120000""],[""82116.05000000"",""0.00008000""]],""lastUpdateId"":101228064052}"
1791514208,205976100,spot,depth_diff,0,0,858,BTCUSDT,"{""E"":1791514208114,""U"":101228064032,""a"":[[""82116.48000000"",""4.85852000""],[""82122.99000000"",""0.00000000""],[""82123.50000000"",""0.00200000""],[""82127.81000000"",""0.00200000""],[""82128.38000000"",""0.00400000""]],""b"":[[""82116.47000000"",""3.75730000""],[""82114.72000000"",""0.00000000""],[""82114.71000000"",""0.00243000""],[""82111.01000000"",""0.00243000""],[""82111.00000000"",""0.00243000""],[""82110.01000000"",""0.00000000""],[""82078.49000000"",""0.00000000""],[""82051.61000000"",""0.00000000""],[""82021.99000000"",""0.00000000""],[""81850.87000000"",""0.00000000""],[""81850.01000000"",""0.00756000""],[""73904.83000000"",""0.00356000""],[""73904.00000000"",""0.00020000""]],""e"":""depthUpdate"",""s"":""BTCUSDT"",""u"":101228064052}"
1791514208,277697388,spot,depth5,0,0,859,BTCUSDT,"{""asks"":[[""82116.48000000"",""4.85852000""],[""82116.49000000"",""0.00034000""],[""82116.50000000"",""0.00013000""],[""82116.67000000"",""0.00758000""],[""82116.98000000"",""0.00014000""]],""bids"":[[""82116.47000000"",""3.75723000""],[""82116.46000000"",""0.00048000""],[""82116.45000000"",""0.00035000""],[""82116.44000000"",""0.00120000""],[""82116.05000000"",""0.00008000""]],""lastUpdateId"":101228064060}"
1791514208,283297487,spot,depth_diff,0,0,860,BTCUSDT,"{""E"":1791514208214,""U"":101228064053,""a"":[[""82125.47000000"",""0.00047000""],[""84357.96000000"",""0.00012000""]],""b"":[[""82116.47000000"",""3.75723000""],[""82116.46000000"",""0.00048000""],[""82114.71000000"",""0.00000000""],[""80884.73000000"",""0.00056000""],[""73904.00000000"",""0.00000000""],[""65693.18000000"",""0.00270000""]],""e"":""depthUpdate"",""s"":""BTCUSDT"",""u"":101228064060}"
1791514208,366820696,spot,depth5,0,0,861,BTCUSDT,"{""asks"":[[""82116.48000000"",""4.85852000""],[""82116.49000000"",""0.00034000""],[""82116.50000000"",""0.00013000""],[""82116.67000000"",""0.00758000""],[""82116.98000000"",""0.00014000""]],""bids"":[[""82116.47000000"",""3.75723000""],[""82116.46000000"",""0.00048000""],[""82116.45000000"",""0.00035000""],[""82116.44000000"",""0.00120000""],[""82116.05000000"",""0.00008000""]],""lastUpdateId"":101228064065}"
1791514208,444351401,spot,depth_diff,0,0,862,BTCUSDT,"{""E"":1791514208314,""U"":101228064061,""a"":[],""b"":[[""82114.70000000"",""0.00000000""],[""82114.69000000"",""0.00243000""],[""80884.73000000"",""0.00064000""],[""79702.31000000"",""0.00013000""]],""e"":""depthUpdate"",""s"":""BTCUSDT"",""u"":101228064065}"
1791514208,471328837,spot,depth5,0,0,863,BTCUSDT,"{""asks"":[[""82116.48000000"",""4.85852000""],[""82116.49000000"",""0.00034000""],[""82116.50000000"",""0.00013000""],[""82116.67000000"",""0.00758000""],[""82116.98000000"",""0.00014000""]],""bids"":[[""82116.47000000"",""3.75750000""],[""82116.46000000"",""0.00055000""],[""82116.45000000"",""0.00035000""],[""82116.44000000"",""0.00120000""],[""82116.05000000"",""0.00008000""]],""lastUpdateId"":101228064075}"
1791514208,507368886,spot,depth_diff,0,0,864,BTCUSDT,"{""E"":1791514208414,""U"":101228064066,""a"":[],""b"":[[""82116.47000000"",""3.75750000""],[""82116.46000000"",""0.00055000""],[""82114.69000000"",""0.00000000""],[""82114.68000000"",""0.00243000""],[""82063.48000000"",""0.00000000""],[""73904.83000000"",""0.00356000""],[""65693.18000000"",""0.00240000""]],""e"":""depthUpdate"",""s"":""BTCUSDT"",""u"":101228064075}"
1791514208,576825580,spot,depth5,0,0,865,BTCUSDT,"{""asks"":[[""82116.48000000"",""4.85852000""],[""82116.49000000"",""0.00034000""],[""82116.50000000"",""0.00013000""],[""82116.67000000"",""0.00758000""],[""82116.98000000"",""0.00014000""]],""bids"":[[""82116.47000000"",""3.75743000""],[""82116.46000000"",""0.00048000""],[""82116.45000000"",""0.00035000""],[""82116.44000000"",""0.00120000""],[""82116.05000000"",""0.00008000""]],""lastUpdateId"":101228064081}"
1791514208,608335122,spot,depth_diff,0,0,866,BTCUSDT,"{""E"":1791514208514,""U"":101228064076,""a"":[],""b"":[[""82116.47000000"",""3.75743000""],[""82116.46000000"",""0.00048000""],[""80884.73000000"",""0.00064000""],[""65693.00000000"",""0.00400000""]],""e"":""depthUpdate"",""s"":""BTCUSDT"",""u"":101228064081}"
1791514208,667439802,spot,depth5,0,0,867,BTCUSDT,"{""asks"":[[""82116.48000000"",""4.85852000""],[""82116.49000000"",""0.00034000""],[""82116.50000000"",""0.00013000""],[""82116.67000000"",""0.00758000""],[""82116.98000000"",""0.00014000""]],""bids"":[[""82116.47000000"",""3.75743000""],[""82116.46000000"",""0.00048000""],[""82116.45000000"",""0.00035000""],[""82116.44000000"",""0.00120000""],[""82116.05000000"",""0.00008000""]],""lastUpdateId"":101228064087}"
1791514208,676087114,spot,depth_diff,0,0,868,BTCUSDT,"{""E"":1791514208615,""U"":101228064082,""a"":[],""b"":[[""82114.68000000"",""0.00000000""],[""82114.67000000"",""0.00000000""],[""82114.66000000"",""0.00243000""],[""73904.83000000"",""0.00341000""],[""65693.18000000"",""0.00210000""]],""e"":""depthUpdate"",""s"":""BTCUSDT"",""u"":101228064087}"
1791514208,766971937,spot,depth5,0,0,869,BTCUSDT,"{""asks"":[[""82116.48000000"",""4.85852000""],[""82116.49000000"",""0.00034000""],[""82116.50000000"",""0.00013000""],[""82116.67000000"",""0.00758000""],[""82116.98000000"",""0.00014000""]],""bids"":[[""82116.47000000"",""3.75762000""],[""82116.46000000"",""0.00048000""],[""82116.45000000"",""0.00035000""],[""82116.44000000"",""0.00120000""],[""82116.05000000"",""0.00008000""]],""lastUpdateId"":101228064092}"
1791514208,844439941,spot,depth_diff,0,0,870,BTCUSDT,"{""E"":1791514208714,""U"":101228064088,""a"":[[""82527.05000000"",""0.00000000""]],""b"":[[""82116.47000000"",""3.75762000""],[""82114.66000000"",""0.00000000""],[""82114.65000000"",""0.00243000""],[""73904.83000000"",""0.00356000""]],""e"":""depthUpdate"",""s"":""BTCUSDT"",""u"":101228064092}"
1791514208,866772672,spot,depth5,0,0,871,BTCUSDT,"{""asks"":[[""82116.48000000"",""4.85852000""],[""82116.49000000"",""0.00034000""],[""82116.50000000"",""0.00013000""],[""82116.67000000"",""0.00758000""],[""82116.98000000"",""0.00014000""]],""bids"":[[""82116.47000000"",""3.75769000""],[""82116.46000000"",""0.00055000""],[""82116.45000000"",""0.00035000""],[""82116.44000000"",""0.00120000""],[""82116.05000000"",""0.00008000""]],""lastUpdateId"":101228064097}"
1791514208,883602494,spot,depth_diff,0,0,872,BTCUSDT,"{""E"":1791514208814,""U"":101228064093,""a"":[[""82129.20000000"",""0.00000000""]],""b"":[[""82116.47000000"",""3.75769000""],[""82116.46000000"",""0.00055000""],[""82096.34000000"",""0.00000000""],[""80884.73000000"",""0.00072000""],[""65693.18000000"",""0.00180000""]],""e"":""depthUpdate"",""s"":""BTCUSDT"",""u"":101228064097}"
1791514208,965141805,spot,depth5,0,0,873,BTCUSDT,"{""asks"":[[""82116.48000000"",""4.85852000""],[""82116.49000000"",""0.00034000""],[""82116.50000000"",""0.00013000""],[""82116.67000000"",""0.00758000""],[""82116.98000000"",""0.00014000""]],""bids"":[[""82116.47000000"",""3.75769000""],[""82116.46000000"",""0.00055000""],[""82116.45000000"",""0.00035000""],[""82116.44000000"",""0.00120000""],[""82116.05000000"",""0.00008000""]],""lastUpdateId"":101228064109}"
1791514208,966371906,spot,depth_diff,0,0,874,BTCUSDT,"{""E"":1791514208914,""U"":101228064098,""a"":[[""82125.47000000"",""0.00000000""],[""82127.81000000"",""0.00000000""],[""82128.53000000"",""0.00200000""],[""82129.20000000"",""0.00007000""]],""b"":[[""82114.65000000"",""0.00000000""],[""82114.64000000"",""0.00243000""],[""82109.20000000"",""0.00200000""],[""82107.68000000"",""0.00000000""],[""82096.34000000"",""0.00007000""],[""82051.48000000"",""0.00816000""],[""73904.83000000"",""0.00356000""]],""e"":""depthUpdate"",""s"":""BTCUSDT"",""u"":101228064109}"
1791514209,73731052,spot,depth5,0,0,875,BTCUSDT,"{""asks"":[[""82116.48000000"",""4.85899000""],[""82116.49000000"",""0.00034000""],[""82116.50000000"",""0.00013000""],[""82116.67000000"",""0.00758000""],[""82116.98000000"",""0.00014000""]],""bids"":[[""82116.47000000"",""3.75769000""],[""82116.46000000"",""0.00055000""],[""82116.45000000"",""0.00035000""],[""82116.44000000"",""0.00120000""],[""82116.05000000"",""0.00008000""]],""lastUpdateId"":101228064120}"
1791514209,75325854,spot,depth_diff,0,0,876,BTCUSDT,"{""E"":1791514209014,""U"":101228064110,""a"":[[""82116.48000000"",""4.85899000""],[""83348.23000000"",""0.00046000""]],""b"":[[""82109.05000000"",""0.08000000""],[""80884.72000000"",""0.00565000""],[""65693.18000000"",""0.00270000""]],""e"":""depthUpdate"",""s"":""BTCUSDT"",""u"":101228064120}"
1791514209,170747883,spot,depth5,0,0,877,BTCUSDT,"{""asks"":[[""82116.48000000"",""4.85899000""],[""82116.49000000"",""0.00034000""],[""82116.50000000"",""0.00013000""],[""82116.67000000"",""0.00758000""],[""82116.98000000"",""0.00014000""]],""bids"":[[""82116.47000000"",""3.80146000""],[""82116.46000000"",""0.00048000""],[""82116.45000000"",""0.00035000""],[""82116.44000000"",""0.00120000""],[""82116.05000000"",""0.00008000""]],""lastUpdateId"":101228064135}"
1791514209,171766584,spot,depth_diff,0,0,878,BTCUSDT,"{""E"":1791514209114,""U"":101228064121,""a"":[],""b"":[[""82116.47000000"",""3.80146000""],[""82116.46000000"",""0.00048000""],[""82114.64000000"",""0.00000000""],[""82114.63000000"",""0.00000000""],[""82114.62000000"",""0.00243000""],[""82109.05000000"",""0.08007000""],[""80884.73000000"",""0.00072000""],[""73904.83000000"",""0.00341000""]],""e"":""depthUpdate"",""s"":""BTCUSDT"",""u"":101228064135}"
1791514209,265160111,spot,depth5,0,0,879,BTCUSDT,"{""asks"":[[""82116.48000000"",""4.85899000""],[""82116.49000000"",""0.00034000""],[""82116.50000000"",""0.00013000""],[""82116.67000000"",""0.00758000""],[""82116.98000000"",""0.00014000""]],""bids"":[[""82116.47000000"",""3.80146000""],[""82116.46000000"",""0.00048000""],[""82116.45000000"",""0.00035000""],[""82116.44000000"",""0.00120000""],[""82116.05000000"",""0.00008000""]],""lastUpdateId"":101228064146}"
1791514209,267383914,spot,depth_diff,0,0,880,BTCUSDT,"{""E"":1791514209214,""U"":101228064136,""a"":[],""b"":[[""82114.62000000"",""0.00000000""],[""82109.20000000"",""0.00000000""],[""82109.05000000"",""0.08000000""],[""82106.29000000"",""0.00600000""],[""82106.14000000"",""0.00400000""],[""73904.83000000"",""0.00356000""],[""65693.18000000"",""0.00240000""]],""e"":""depthUpdate"",""s"":""BTCUSDT"",""u"":101228064146}"
1791514209,292995349,spot,trade,0,0,881,BTCUSDT,"{""E"":1791514209240,""M"":true,""T"":1791514209240,""e"":""trade"",""m"":true,""p"":""82116.47000000"",""q"":""0.00120000"",""s"":""BTCUSDT"",""t"":6750015828}"
1791514209,293751850,spot,trade,0,0,882,BTCUSDT,"{""E"":1791514209241,""M"":true,""T"":1791514209241,""e"":""trade"",""m"":true,""p"":""82116.47000000"",""q"":""0.00120000"",""s"":""BTCUSDT"",""t"":6750015829}"
1791514209,294489251,spot,trade,0,0,883,BTCUSDT,"{""E"":1791514209242,""M"":true,""T"":1791514209242,""e"":""trade"",""m"":true,""p"":""82116.47000000"",""q"":""0.00667000"",""s"":""BTCUSDT"",""t"":6750015830}"
1791514209,367786150,spot,depth5,0,0,884,BTCUSDT,"{""asks"":[[""82116.48000000"",""4.07723000""],[""82116.49000000"",""0.00062000""],[""82116.50000000"",""0.00013000""],[""82116.67000000"",""0.00758000""],[""82116.99000000"",""0.00014000""]],""bids"":[[""82116.47000000"",""4.62762000""],[""82116.46000000"",""0.00034000""],[""82116.45000000"",""0.00035000""],[""82116.44000000"",""0.00120000""],[""82116.31000000"",""0.00014000""]],""lastUpdateId"":101228064294}"
1791514209,368667651,spot,depth_diff,0,0,885,BTCUSDT,"{""E"":1791514209314,""U"":101228064147,""a"":[[""82116.48000000"",""4.07723000""],[""82116.49000000"",""0.00062000""],[""82116.98000000"",""0.00000000""],[""82116.99000000"",""0.00014000""],[""82117.78000000"",""0.00000000""],[""82117.97000000"",""0.00014000""],[""82117.98000000"",""0.05599000""],[""82122.97000000"",""0.00000000""],[""82123.50000000"",""0.00000000""],[""82123.53000000"",""0.00000000""],[""82123.79000000"",""0.00000000""],[""82125.08000000"",""0.00000000""],[""82125.28000000"",""0.00609000""],[""82125.30000000"",""0.00000000""],[""82125.70000000"",""0.00000000""],[""82126.19000000"",""0.00047000""],[""82127.21000000"",""0.00609000""],[""82127.99000000"",""0.00000000""],[""82128.18000000"",""0.00200000""],[""82128.79000000"",""0.00200000""],[""82128.99000000"",""12.64589000""],[""82130.26000000"",""0.00021000""],[""82136.69000000"",""0.00000000""],[""82138.77000000"",""0.30469000""],[""82140.94000000"",""0.00000000""],[""82142.83000000"",""0.30469000""],[""82143.04000000"",""0.00000000""],[""82144.93000000"",""0.00000000""],[""82146.95000000"",""0.30469000""],[""82149.06000000"",""0.00000000""],[""82149.91000000"",""0.79123000""],[""82151.01000000"",""0.30469000""]],""b"":[[""82116.47000000"",""4.62762000""],[""82116.46000000"",""0.00034000""],[""82116.31000000"",""0.00014000""],[""82116.30000000"",""0.03305000""],[""82116.29000000"",""0.03061000""],[""82115.87000000"",""0.00000000""],[""82115.86000000"",""0.00014000""],[""82115.85000000"",""0.04321000""],[""82114.64000000"",""0.00243000""],[""82114.03000000"",""0.00000000""],[""82113.30000000"",""0.00486000""],[""82113.11000000"",""0.00014000""],[""82113.10000000"",""0.35117000""],[""82113.09000000"",""1.00996000""],[""82113.08000000"",""0.00000000""],[""82113.06000000"",""0.00000000""],[""82112.87000000"",""0.00000000""],[""82112.46000000"",""0.00000000""],[""82112.26000000"",""0.00000000""],[""82111.01000000"",""0.00000000""],[""82111.00000000"",""0.00000000""],[""82110.30000000"",""0.00200000""],[""82110.01000000"",""0.00609000""],[""82109.05000000"",""0.08000000""],[""82106.92000000"",""0.00200000""],[""82106.29000000"",""0.00200000""],[""82106.14000000"",""0.00200000""],[""82105.81000000"",""0.00000000""],[""82099.18000000"",""0.30469000""],[""82095.57000000"",""0.00000000""],[""82095.06000000"",""0.30469000""],[""82091.05000000"",""0.00000000""],[""82090.62000000"",""0.00200000""],[""82086.56000000"",""0.00000000""],[""82073.16000000"",""0.00000000""],[""81850.87000000"",""0.00756000""],[""81850.01000000"",""0.00000000""],[""80884.73000000"",""0.00064000""],[""80000.00000000"",""227.83570000""],[""73904.82000000"",""0.00008000""],[""73904.00000000"",""0.00000000""]],""e"":""depthUpdate"",""s"":""BTCUSDT"",""u"":101228064294}"
1791514209,471271690,spot,depth5,0,0,886,BTCUSDT,"{""asks"":[[""82116.48000000"",""3.11154000""],[""82116.49000000"",""0.00062000""],[""82116.50000000"",""0.00013000""],[""82116.67000000"",""0.00758000""],[""82116.99000000"",""0.00014000""]],""bids"":[[""82116.47000000"",""4.98748000""],[""82116.46000000"",""0.00027000""],[""82116.45000000"",""0.00035000""],[""82116.44000000"",""0.00120000""],[""82116.31000000"",""0.00014000""]],""lastUpdateId"":101228064319}"
1791514209,472508092,spot,depth_diff,0,0,887,BTCUSDT,"{""E"":1791514209414,""U"":101228064295,""a"":[[""82116.48000000"",""3.11154000""],[""82116.49000000"",""0.00062000""],[""82125.28000000"",""0.00000000""],[""82127.20000000"",""0.00609000""],[""82144.40000000"",""0.00000000""]],""b"":[[""82116.47000000"",""4.98748000""],[""82116.46000000"",""0.00027000""],[""82110.30000000"",""0.00000000""],[""80884.73000000"",""0.00072000""],[""73904.83000000"",""0.00356000""],[""65693.18000000"",""0.00210000""]],""e"":""depthUpdate"",""s"":""BTCUSDT"",""u"":101228064319}"
1791514209,565281317,spot,depth5,0,0,888,BTCUSDT,"{""asks"":[[""82116.48000000"",""3.08469000""],[""82116.49000000"",""0.00062000""],[""82116.50000000"",""0.00013000""],[""82116.67000000"",""0.00758000""],[""82116.99000000"",""0.00014000""]],""bids"":[[""82116.47000000"",""5.02387000""],[""82116.46000000"",""0.00013000""],[""82116.45000000"",""0.00035000""],[""82116.44000000"",""0.00120000""],[""82116.31000000"",""0.00014000""]],""lastUpdateId"":101228064421}"
1791514209,566029618,spot,depth_diff,0,0,889,BTCUSDT,"{""E"":1791514209514,""U"":101228064320,""a"":[[""82116.48000000"",""3.08469000""],[""82122.29000000"",""0.00000000""],[""82126.31000000"",""0.00000000""],[""82126.39000000"",""0.00000000""],[""82127.21000000"",""0.00000000""],[""82128.38000000"",""0.00000000""],[""82128.79000000"",""0.00200000""],[""82128.85000000"",""0.34751000""],[""82128.87000000"",""0.00010000""],[""82128.92000000"",""0.01218000""],[""82130.26000000"",""0.00007000""],[""82130.40000000"",""0.03007000""],[""82130.51000000"",""0.00031000""],[""82132.72000000"",""0.00243000""],[""82135.36000000"",""0.00000000""],[""82151.48000000"",""0.00000000""],[""82156.17000000"",""0.38851000""],[""82169.26000000"",""0.00000000""],[""82212.29000000"",""0.00000000""],[""82214.99000000"",""0.72684000""],[""82253.36000000"",""0.00000000""],[""82346.06000000"",""0.03061000""],[""85010.45000000"",""0.00000000""]],""b"":[[""82116.47000000"",""5.02387000""],[""82116.46000000"",""0.00013000""],[""82116.30000000"",""0.03548000""],[""82115.85000000"",""0.04321000""],[""82115.76000000"",""0.00007000""],[""82114.64000000"",""0.00000000""],[""82114.09000000"",""0.01218000""],[""82113.13000000"",""0.00014000""],[""82113.12000000"",""0.80317000""],[""82113.11000000"",""1.51636000""],[""82113.10000000"",""0.00000000""],[""82109.42000000"",""0.00000000""],[""82108.46000000"",""0.00000000""],[""82107.51000000"",""0.00000000""],[""82106.92000000"",""0.00000000""],[""82106.86000000"",""0.00400000""],[""82106.29000000"",""0.34751000""],[""82104.69000000"",""0.02348000""],[""82104.17000000"",""0.41798000""],[""82102.90000000"",""0.00000000""],[""82102.06000000"",""0.00000000""],[""82101.28000000"",""0.00000000""],[""82097.74000000"",""0.34751000""],[""82095.56000000"",""0.00000000""],[""82092.97000000"",""0.00000000""],[""82091.91000000"",""0.30468000""],[""82086.76000000"",""0.00000000""],[""82080.70000000"",""0.00400000""],[""82078.64000000"",""0.00000000""],[""78767.41000000"",""0.00000000""],[""65693.18000000"",""0.00330000""]],""e"":""depthUpdate"",""s"":""BTCUSDT"",""u"":101228064421}"
1791514209,666646655,spot,depth5,0,0,890,BTCUSDT,"{""asks"":[[""82116.48000000"",""3.08440000""],[""82116.49000000"",""0.00062000""],[""82116.50000000"",""0.00013000""],[""82116.67000000"",""0.00758000""],[""82116.99000000"",""0.00014000""]],""bids"":[[""82116.47000000"",""5.02457000""],[""82116.46000000"",""0.00041000""],[""82116.45000000"",""0.00035000""],[""82116.44000000"",""0.00120000""],[""82116.31000000"",""0.00014000""]],""lastUpdateId"":101228064470}"
1791514209,667457656,spot,depth_diff,0,0,891,BTCUSDT,"{""E"":1791514209616,""U"":101228064422,""a"":[[""82116.48000000"",""3.08440000""],[""82116.49000000"",""0.00062000""],[""82119.84000000"",""0.00000000""],[""82122.21000000"",""0.00024000""],[""82125.42000000"",""0.00000000""],[""82154.86000000"",""0.00400000""],[""82156.92000000"",""0.00000000""],[""82169.26000000"",""0.00304000""],[""82251.82000000"",""0.00121000""]],""b"":[[""82116.47000000"",""5.02457000""],[""82116.46000000"",""0.00041000""],[""82115.85000000"",""0.04328000""],[""82114.09000000"",""0.00609000""],[""82113.66000000"",""0.00400000""],[""82111.99000000"",""0.00609000""],[""82109.41000000"",""1.24260000""],[""82106.30000000"",""0.00400000""],[""82104.17000000"",""0.00000000""],[""82101.28000000"",""0.41799000""],[""82080.70000000"",""0.00000000""],[""80884.73000000"",""0.00072000""],[""65693.18000000"",""0.00300000""],[""65693.00000000"",""0.00400000""]],""e"":""depthUpdate"",""s"":""BTCUSDT"",""u"":101228064470}"
1791514209,764695588,spot,depth5,0,0,892,BTCUSDT,"{""asks"":[[""82116.48000000"",""4.04380000""],[""82116.49000000"",""0.00055000""],[""82116.50000000"",""0.00013000""],[""82116.67000000"",""0.00758000""],[""82116.99000000"",""0.00014000""]],""bids"":[[""82116.47000000"",""5.02457000""],[""82116.46000000"",""0.00041000""],[""82116.45000000"",""0.00035000""],[""82116.44000000"",""0.00120000""],[""82116.31000000"",""0.00014000""]],""lastUpdateId"":101228064483}"
1791514209,765532889,spot,depth_diff,0,0,893,BTCUSDT,"{""E"":1791514209714,""U"":101228064471,""a"":[[""82116.48000000"",""4.04380000""],[""82116.49000000"",""0.00055000""]],""b"":[[""82110.46000000"",""0.00200000""],[""82106.28000000"",""0.00000000""],[""82090.62000000"",""0.00000000""],[""82089.33000000"",""0.00200000""],[""82088.10000000"",""0.40586000""],[""82088.09000000"",""0.00000000""],[""73904.83000000"",""0.00356000""]],""e"":""depthUpdate"",""s"":""BTCUSDT"",""u"":101228064483}"
1791514209,868174428,spot,depth5,0,0,894,BTCUSDT,"{""asks"":[[""82116.48000000"",""4.62854000""],[""82116.49000000"",""0.00055000""],[""82116.50000000"",""0.00013000""],[""82116.67000000"",""0.00758000""],[""82116.99000000"",""0.00014000""]],""bids"":[[""82116.47000000"",""4.66450000""],[""82116.46000000"",""0.00041000""],[""82116.45000000"",""0.00035000""],[""82116.44000000"",""0.00120000""],[""82116.31000000"",""0.00014000""]],""lastUpdateId"":101228064516}"
1791514209,868971829,spot,depth_diff,0,0,895,BTCUSDT,"{""E"":1791514209814,""U"":101228064484,""a"":[[""82116.48000000"",""4.62854000""],[""82130.26000000"",""0.00021000""]],""b"":[[""82116.47000000"",""4.66450000""],[""82115.85000000"",""0.04314000""],[""82114.09000000"",""0.00000000""],[""82113.30000000"",""0.00000000""],[""82113.12000000"",""0.05401000""],[""82113.11000000"",""0.00000000""],[""82113.09000000"",""0.00000000""],[""82112.26000000"",""0.00609000""],[""82112.00000000"",""0.00486000""],[""82111.99000000"",""0.00000000""],[""82110.46000000"",""0.00000000""],[""82110.02000000"",""0.00609000""],[""82109.42000000"",""0.00007000""],[""82109.41000000"",""1.24267000""],[""82101.28000000"",""0.00000000""],[""82099.18000000"",""0.00000000""],[""82098.44000000"",""0.41801000""],[""82096.79000000"",""0.30468000""],[""82095.06000000"",""0.00000000""],[""82093.38000000"",""0.49187000""],[""82093.18000000"",""0.30468000""],[""82091.91000000"",""0.00000000""],[""82089.61000000"",""0.30468000""],[""81982.76000000"",""0.00000000""],[""65693.18000000"",""0.00270000""]],""e"":""depthUpdate"",""s"":""BTCUSDT"",""u"":101228064516}"
1791514209,912821088,spot,trade,0,0,896,BTCUSDT,"{""E"":1791514209862,""M"":true,""T"":1791514209861,""e"":""trade"",""m"":true,""p"":""82116.47000000"",""q"":""0.05040000"",""s"":""BTCUSDT"",""t"":6750015831}"
1791514209,965854460,spot,depth5,0,0,897,BTCUSDT,"{""asks"":[[""82116.48000000"",""4.90041000""],[""82116.49000000"",""0.00055000""],[""82116.50000000"",""0.00013000""],[""82116.67000000"",""0.00758000""],[""82116.99000000"",""0.00014000""]],""bids"":[[""82116.47000000"",""4.61410000""],[""82116.46000000"",""0.00041000""],[""82116.45000000"",""0.00035000""],[""82116.44000000"",""0.00120000""],[""82116.31000000"",""0.00014000""]],""lastUpdateId"":101228064545}"
1791514209,966602961,spot,depth_diff,0,0,898,BTCUSDT,"{""E"":1791514209914,""U"":101228064517,""a"":[[""82116.48000000"",""4.90041000""],[""82121.32000000"",""0.00024000""],[""82129.20000000"",""0.00007000""],[""82130.92000000"",""0.00243000""],[""82131.85000000"",""0.00000000""],[""82132.72000000"",""0.00000000""]],""b"":[[""82116.47000000"",""4.61410000""],[""82116.46000000"",""0.00041000""],[""82116.30000000"",""0.03305000""],[""82115.76000000"",""0.00000000""],[""82115.44000000"",""0.00000000""],[""82114.50000000"",""0.00243000""],[""82113.06000000"",""0.00007000""],[""82109.41000000"",""1.24260000""],[""82102.90000000"",""0.10682000""],[""82096.34000000"",""0.00007000""],[""82021.99000000"",""0.00848000""],[""80884.73000000"",""0.00072000""],[""73904.83000000"",""0.00371000""],[""73904.82000000"",""0.00000000""],[""73904.81000000"",""0.00008000""],[""65693.00000000"",""0.00600000""]],""e"":""depthUpdate"",""s"":""BTCUSDT"",""u"":101228064545}"
1791514210,81757217,spot,depth5,0,0,899,BTCUSDT,"{""asks"":[[""82116.48000000"",""4.90041000""],[""82116.49000000"",""0.00055000""],[""82116.50000000"",""0.00013000""],[""82116.67000000"",""0.00758000""],[""82116.99000000"",""0.00014000""]],""bids"":[[""82116.47000000"",""4.61410000""],[""82116.46000000"",""0.00041000""],[""82116.45000000"",""0.00035000""],[""82116.44000000"",""0.00120000""],[""82116.31000000"",""0.00014000""]],""lastUpdateId"":101228064556}"
1791514210,83297719,spot,depth_diff,0,0,900,BTCUSDT,"{""E"":1791514210014,""U"":101228064546,""a"":[[""83348.23000000"",""0.00046000""],[""83578.16000000"",""0.00000000""],[""84530.78000000"",""0.00000000""],[""86112.14000000"",""0.00000000""]],""b"":[[""82102.90000000"",""0.10878000""],[""80884.72000000"",""0.00565000""],[""65693.18000000"",""0.00240000""],[""65693.00000000"",""0.00400000""]],""e"":""depthUpdate"",""s"":""BTCUSDT"",""u"":101228064556}"
1791514210,112515759,spot,trade,0,0,901,BTCUSDT,"{""E"":1791514210059,""M"":true,""T"":1791514210059,""e"":""trade"",""m"":true,""p"":""82116.47000000"",""q"":""0.02339000"",""s"":""BTCUSDT"",""t"":6750015832}"
1791514210,113148360,spot,trade,0,0,902,BTCUSDT,"{""E"":1791514210059,""M"":true,""T"":1791514210059,""e"":""trade"",""m"":true,""p"":""82116.47000000"",""q"":""0.00089000"",""s"":""BTCUSDT"",""t"":6750015833}"
1791514210,113852261,spot,trade,0,0,903,BTCUSDT,"{""E"":1791514210059,""M"":true,""T"":1791514210059,""e"":""trade"",""m"":true,""p"":""82116.47000000"",""q"":""0.00007000"",""s"":""BTCUSDT"",""t"":6750015834}"
1791514210,114481362,spot,trade,0,0,904,BTCUSDT,"{""E"":1791514210059,""M"":true,""T"":1791514210059,""e"":""trade"",""m"":true,""p"":""82116.47000000"",""q"":""0.00070000"",""s"":""BTCUSDT"",""t"":6750015835}"
1791514210,115078962,spot,trade,0,0,905,BTCUSDT,"{""E"":1791514210059,""M"":true,""T"":1791514210059,""e"":""trade"",""m"":true,""p"":""82116.47000000"",""q"":""0.00191000"",""s"":""BTCUSDT"",""t"":6750015836}"
1791514210,115672063,spot,trade,0,0,906,BTCUSDT,"{""E"":1791514210059,""M"":true,""T"":1791514210059,""e"":""trade"",""m"":true,""p"":""82116.47000000"",""q"":""0.00048000"",""s"":""BTCUSDT"",""t"":6750015837}"
1791514210,116333464,spot,trade,0,0,907,BTCUSDT,"{""E"":1791514210059,""M"":true,""T"":1791514210059,""e"":""trade"",""m"":true,""p"":""82116.47000000"",""q"":""0.00048000"",""s"":""BTCUSDT"",""t"":6750015838}"
1791514210,116806365,spot,trade,0,0,908,BTCUSDT,"{""E"":1791514210059,""M"":true,""T"":1791514210059,""e"":""trade"",""m"":true,""p"":""82116.47000000"",""q"":""0.00122000"",""s"":""BTCUSDT"",""t"":6750015839}"
1791514210,117281365,spot,trade,0,0,909,BTCUSDT,"{""E"":1791514210059,""M"":true,""T"":1791514210059,""e"":""trade"",""m"":true,""p"":""82116.47000000"",""q"":""0.00007000"",""s"":""BTCUSDT"",""t"":6750015840}"
1791514210,117743766,spot,trade,0,0,910,BTCUSDT,"{""E"":1791514210059,""M"":true,""T"":1791514210059,""e"":""trade"",""m"":true,""p"":""82116.47000000"",""q"":""0.00061000"",""s"":""BTCUSDT"",""t"":6750015841}"
1791514210,118188567,spot,trade,0,0,911,BTCUSDT,"{""E"":1791514210059,""M"":true,""T"":1791514210059,""e"":""trade"",""m"":true,""p"":""82116.47000000"",""q"":""0.00061000"",""s"":""BTCUSDT"",""t"":6750015842}"
1791514210,118767567,spot,trade,0,0,912,BTCUSDT,"{""E"":1791514210059,""M"":true,""T"":1791514210059,""e"":""trade"",""m"":true,""p"":""82116.47000000"",""q"":""0.00719000"",""s"":""BTCUSDT"",""t"":6750015843}"
1791514210,121309771,spot,trade,0,0,913,BTCUSDT,"{""E"":1791514210059,""M"":true,""T"":1791514210059,""e"":""trade"",""m"":true,""p"":""82116.47000000"",""q"":""0.00048000"",""s"":""BTCUSDT"",""t"":6750015844}"
1791514210,122653073,spot,trade,0,0,914,BTCUSDT,"{""E"":1791514210059,""M"":true,""T"":1791514210059,""e"":""trade"",""m"":true,""p"":""82116.47000000"",""q"":""0.00007000"",""s"":""BTCUSDT"",""t"":6750015845}"
1791514210,123278274,spot,trade,0,0,915,BTCUSDT,"{""E"":1791514210059,""M"":true,""T"":1791514210059,""e"":""trade"",""m"":true,""p"":""82116.47000000"",""q"":""0.00008000"",""s"":""BTCUSDT"",""t"":6750015846}"
1791514210,123854574,spot,trade,0,0,916,BTCUSDT,"{""E"":1791514210059,""M"":true,""T"":1791514210059,""e"":""trade"",""m"":true,""p"":""82116.47000000"",""q"":""0.00013000"",""s"":""BTCUSDT"",""t"":6750015847}"
1791514210,124421775,spot,trade,0,0,917,BTCUSDT,"{""E"":1791514210059,""M"":true,""T"":1791514210059,""e"":""trade"",""m"":true,""p"":""82116.47000000"",""q"":""0.00048000"",""s"":""BTCUSDT"",""t"":6750015848}"
1791514210,124904776,spot,trade,0,0,918,BTCUSDT,"{""E"":1791514210059,""M"":true,""T"":1791514210059,""e"":""trade"",""m"":true,""p"":""82116.47000000"",""q"":""0.00013000"",""s"":""BTCUSDT"",""t"":6750015849}"
1791514210,125367876,spot,trade,0,0,919,BTCUSDT,"{""E"":1791514210059,""M"":true,""T"":1791514210059,""e"":""trade"",""m"":true,""p"":""82116.47000000"",""q"":""0.00019000"",""s"":""BTCUSDT"",""t"":6750015850}"
1791514210,125851477,spot,trade,0,0,920,BTCUSDT,"{""E"":1791514210059,""M"":true,""T"":1791514210059,""e"":""trade"",""m"":true,""p"":""82116.47000000"",""q"":""0.06443000"",""s"":""BTCUSDT"",""t"":6750015851}"
1791514210,126312378,spot,trade,0,0,921,BTCUSDT,"{""E"":1791514210059,""M"":true,""T"":1791514210059,""e"":""trade"",""m"":true,""p"":""82116.47000000"",""q"":""0.00007000"",""s"":""BTCUSDT"",""t"":6750015852}"
1791514210,127149179,spot,trade,0,0,922,BTCUSDT,"{""E"":1791514210059,""M"":true,""T"":1791514210059,""e"":""trade"",""m"":true,""p"":""82116.47000000"",""q"":""0.01764000"",""s"":""BTCUSDT"",""t"":6750015853}"
1791514210,128931081,spot,trade,0,0,923,BTCUSDT,"{""E"":1791514210062,""M"":true,""T"":1791514210061,""e"":""trade"",""m"":true,""p"":""82116.47000000"",""q"":""0.00007000"",""s"":""BTCUSDT"",""t"":6750015854}"
1791514210,130818284,spot,trade,0,0,924,BTCUSDT,"{""E"":1791514210062,""M"":true,""T"":1791514210061,""e"":""trade"",""m"":true,""p"":""82116.47000000"",""q"":""0.00007000"",""s"":""BTCUSDT"",""t"":6750015855}"
1791514210,131627985,spot,trade,0,0,925,BTCUSDT,"{""E"":1791514210062,""M"":true,""T"":1791514210061,""e"":""trade"",""m"":true,""p"":""82116.47000000"",""q"":""0.00007000"",""s"":""BTCUSDT"",""t"":6750015856}"
1791514210,132242586,spot,trade,0,0,926,BTCUSDT,"{""E"":1791514210062,""M"":true,""T"":1791514210061,""e"":""trade"",""m"":true,""p"":""82116.47000000"",""q"":""0.00007000"",""s"":""BTCUSDT"",""t"":6750015857}"
1791514210,132797887,spot,trade,0,0,927,BTCUSDT,"{""E"":1791514210062,""M"":true,""T"":1791514210061,""e"":""trade"",""m"":true,""p"":""82116.47000000"",""q"":""0.00007000"",""s"":""BTCUSDT"",""t"":6750015858}"
1791514210,133306287,spot,trade,0,0,928,BTCUSDT,"{""E"":1791514210062,""M"":true,""T"":1791514210061,""e"":""trade"",""m"":true,""p"":""82116.47000000"",""q"":""0.00007000"",""s"":""BTCUSDT"",""t"":6750015859}"
1791514210,133793788,spot,trade,0,0,929,BTCUSDT,"{""E"":1791514210062,""M"":true,""T"":1791514210061,""e"":""trade"",""m"":true,""p"":""82116.47000000"",""q"":""0.00007000"",""s"":""BTCUSDT"",""t"":6750015860}"
1791514210,134369989,spot,trade,0,0,930,BTCUSDT,"{""E"":1791514210062,""M"":true,""T"":1791514210061,""e"":""trade"",""m"":true,""p"":""82116.47000000"",""q"":""0.00007000"",""s"":""BTCUSDT"",""t"":6750015861}"
1791514210,134887489,spot,trade,0,0,931,BTCUSDT,"{""E"":1791514210062,""M"":true,""T"":1791514210061,""e"":""trade"",""m"":true,""p"":""82116.47000000"",""q"":""0.00007000"",""s"":""BTCUSDT"",""t"":6750015862}"
1791514210,135659190,spot,trade,0,0,932,BTCUSDT,"{""E"":1791514210062,""M"":true,""T"":1791514210061,""e"":""trade"",""m"":true,""p"":""82116.47000000"",""q"":""0.00007000"",""s"":""BTCUSDT"",""t"":6750015863}"
1791514210,136319291,spot,trade,0,0,933,BTCUSDT,"{""E"":1791514210062,""M"":true,""T"":1791514210061,""e"":""trade"",""m"":true,""p"":""82116.47000000"",""q"":""0.00007000"",""s"":""BTCUSDT"",""t"":6750015864}"
1791514210,136805492,spot,trade,0,0,934,BTCUSDT,"{""E"":1791514210062,""M"":true,""T"":1791514210061,""e"":""trade"",""m"":true,""p"":""82116.47000000"",""q"":""0.00007000"",""s"":""BTCUSDT"",""t"":6750015865}"
1791514210,137401093,spot,trade,0,0,935,BTCUSDT,"{""E"":1791514210062,""M"":true,""T"":1791514210061,""e"":""trade"",""m"":true,""p"":""82116.47000000"",""q"":""0.00007000"",""s"":""BTCUSDT"",""t"":6750015866}"
1791514210,137867993,spot,trade,0,0,936,BTCUSDT,"{""E"":1791514210062,""M"":true,""T"":1791514210061,""e"":""trade"",""m"":true,""p"":""82116.47000000"",""q"":""0.00007000"",""s"":""BTCUSDT"",""t"":6750015867}"
1791514210,138373594,spot,trade,0,0,937,BTCUSDT,"{""E"":1791514210062,""M"":true,""T"":1791514210061,""e"":""trade"",""m"":true,""p"":""82116.47000000"",""q"":""0.00007000"",""s"":""BTCUSDT"",""t"":6750015868}"
1791514210,138931695,spot,trade,0,0,938,BTCUSDT,"{""E"":1791514210062,""M"":true,""T"":1791514210061,""e"":""trade"",""m"":true,""p"":""82116.47000000"",""q"":""0.00008000"",""s"":""BTCUSDT"",""t"":6750015869}"
1791514210,139466496,spot,trade,0,0,939,BTCUSDT,"{""E"":1791514210062,""M"":true,""T"":1791514210061,""e"":""trade"",""m"":true,""p"":""82116.47000000"",""q"":""0.00007000"",""s"":""BTCUSDT"",""t"":6750015870}"
1791514210,140111196,spot,trade,0,0,940,BTCUSDT,"{""E"":1791514210062,""M"":true,""T"":1791514210061,""e"":""trade"",""m"":true,""p"":""82116.47000000"",""q"":""0.00007000"",""s"":""BTCUSDT"",""t"":6750015871}"
1791514210,140775297,spot,trade,0,0,941,BTCUSDT,"{""E"":1791514210062,""M"":true,""T"":1791514210061,""e"":""trade"",""m"":true,""p"":""82116.47000000"",""q"":""0.00007000"",""s"":""BTCUSDT"",""t"":6750015872}"
1791514210,141296798,spot,trade,0,0,942,BTCUSDT,"{""E"":1791514210062,""M"":true,""T"":1791514210061,""e"":""trade"",""m"":true,""p"":""82116.47000000"",""q"":""0.00007000"",""s"":""BTCUSDT"",""t"":6750015873}"
1791514210,141858899,spot,trade,0,0,943,BTCUSDT,"{""E"":1791514210062,""M"":true,""T"":1791514210061,""e"":""trade"",""m"":true,""p"":""82116.47000000"",""q"":""0.00007000"",""s"":""BTCUSDT"",""t"":6750015874}"
1791514210,142309499,spot,trade,0,0,944,BTCUSDT,"{""E"":1791514210062,""M"":true,""T"":1791514210061,""e"":""trade"",""m"":true,""p"":""82116.47000000"",""q"":""0.00007000"",""s"":""BTCUSDT"",""t"":6750015875}"
1791514210,142765300,spot,trade,0,0,945,BTCUSDT,"{""E"":1791514210062,""M"":true,""T"":1791514210061,""e"":""trade"",""m"":true,""p"":""82116.47000000"",""q"":""0.00007000"",""s"":""BTCUSDT"",""t"":6750015876}"
1791514210,143257601,spot,trade,0,0,946,BTCUSDT,"{""E"":1791514210062,""M"":true,""T"":1791514210061,""e"":""trade"",""m"":true,""p"":""82116.47000000"",""q"":""0.00007000"",""s"":""BTCUSDT"",""t"":6750015877}"
1791514210,143719001,spot,trade,0,0,947,BTCUSDT,"{""E"":1791514210062,""M"":true,""T"":1791514210061,""e"":""trade"",""m"":true,""p"":""82116.47000000"",""q"":""0.00007000"",""s"":""BTCUSDT"",""t"":6750015878}"
1791514210,144320902,spot,trade,0,0,948,BTCUSDT,"{""E"":1791514210062,""M"":true,""T"":1791514210061,""e"":""trade"",""m"":true,""p"":""82116.47000000"",""q"":""0.00007000"",""s"":""BTCUSDT"",""t"":6750015879}"
1791514210,144986503,spot,trade,0,0,949,BTCUSDT,"{""E"":1791514210062,""M"":true,""T"":1791514210061,""e"":""trade"",""m"":true,""p"":""82116.47000000"",""q"":""0.00007000"",""s"":""BTCUSDT"",""t"":6750015880}"
1791514210,145487604,spot,trade,0,0,950,BTCUSDT,"{""E"":1791514210062,""M"":true,""T"":1791514210061,""e"":""trade"",""m"":true,""p"":""82116.46000000"",""q"":""0.00013000"",""s"":""BTCUSDT"",""t"":6750015881}"
1791514210,146002504,spot,trade,0,0,951,BTCUSDT,"{""E"":1791514210062,""M"":true,""T"":1791514210061,""e"":""trade"",""m"":true,""p"":""82116.46000000"",""q"":""0.00007000"",""s"":""BTCUSDT"",""t"":6750015882}"
1791514210,146491305,spot,trade,0,0,952,BTCUSDT,"{""E"":1791514210063,""M"":true,""T"":1791514210062,""e"":""trade"",""m"":true,""p"":""82116.46000000"",""q"":""0.00007000"",""s"":""BTCUSDT"",""t"":6750015883}"
1791514210,146929406,spot,trade,0,0,953,BTCUSDT,"{""E"":1791514210063,""M"":true,""T"":1791514210062,""e"":""trade"",""m"":true,""p"":""82116.46000000"",""q"":""0.00007000"",""s"":""BTCUSDT"",""t"":6750015884}"
1791514210,147365006,spot,trade,0,0,954,BTCUSDT,"{""E"":1791514210063,""M"":true,""T"":1791514210062,""e"":""trade"",""m"":true,""p"":""82116.46000000"",""q"":""0.00007000"",""s"":""BTCUSDT"",""t"":6750015885}"
1791514210,147771507,spot,trade,0,0,955,BTCUSDT,"{""E"":1791514210063,""M"":true,""T"":1791514210062,""e"":""trade"",""m"":true,""p"":""82116.45000000"",""q"":""0.00013000"",""s"":""BTCUSDT"",""t"":6750015886}"
1791514210,148277008,spot,trade,0,0,956,BTCUSDT,"{""E"":1791514210063,""M"":true,""T"":1791514210062,""e"":""trade"",""m"":true,""p"":""82116.45000000"",""q"":""0.00012000"",""s"":""BTCUSDT"",""t"":6750015887}"
1791514210,148692108,spot,trade,0,0,957,BTCUSDT,"{""E"":1791514210063,""M"":true,""T"":1791514210062,""e"":""trade"",""m"":true,""p"":""82116.45000000"",""q"":""0.00010000"",""s"":""BTCUSDT"",""t"":6750015888}"
1791514210,149100209,spot,trade,0,0,958,BTCUSDT,"{""E"":1791514210063,""M"":true,""T"":1791514210062,""e"":""trade"",""m"":true,""p"":""82116.44000000"",""q"":""0.00060000"",""s"":""BTCUSDT"",""t"":6750015889}"
1791514210,149760510,spot,trade,0,0,959,BTCUSDT,"{""E"":1791514210063,""M"":true,""T"":1791514210062,""e"":""trade"",""m"":true,""p"":""82116.44000000"",""q"":""0.00060000"",""s"":""BTCUSDT"",""t"":6750015890}"
1791514210,245510840,spot,trade,0,0,960,BTCUSDT,"{""E"":1791514210072,""M"":true,""T"":1791514210071,""e"":""trade"",""m"":true,""p"":""82116.31000000"",""q"":""0.00007000"",""s"":""BTCUSDT"",""t"":6750015891}"
1791514210,246498341,spot,trade,0,0,961,BTCUSDT,"{""E"":1791514210072,""M"":true,""T"":1791514210071,""e"":""trade"",""m"":true,""p"":""82116.31000000"",""q"":""0.00007000"",""s"":""BTCUSDT"",""t"":6750015892}"
1791514210,247069442,spot,trade,0,0,962,BTCUSDT,"{""E"":1791514210072,""M"":true,""T"":1791514210071,""e"":""trade"",""m"":true,""p"":""82116.31000000"",""q"":""0.00007000"",""s"":""BTCUSDT"",""t"":6750015893}"
1791514210,247540542,spot,trade,0,0,963,BTCUSDT,"{""E"":1791514210072,""M"":true,""T"":1791514210071,""e"":""trade"",""m"":true,""p"":""82116.31000000"",""q"":""0.00015000"",""s"":""BTCUSDT"",""t"":6750015894}"
1791514210,247978843,spot,trade,0,0,964,BTCUSDT,"{""E"":1791514210072,""M"":true,""T"":1791514210071,""e"":""trade"",""m"":true,""p"":""82116.31000000"",""q"":""0.00007000"",""s"":""BTCUSDT"",""t"":6750015895}"
1791514210,248488744,spot,trade,0,0,965,BTCUSDT,"{""E"":1791514210072,""M"":true,""T"":1791514210071,""e"":""trade"",""m"":true,""p"":""82116.31000000"",""q"":""0.00007000"",""s"":""BTCUSDT"",""t"":6750015896}"
1791514210,249143144,spot,trade,0,0,966,BTCUSDT,"{""E"":1791514210072,""M"":true,""T"":1791514210071,""e"":""trade"",""m"":true,""p"":""82116.31000000"",""q"":""0.00007000"",""s"":""BTCUSDT"",""t"":6750015897}"
1791514210,249874845,spot,trade,0,0,967,BTCUSDT,"{""E"":1791514210072,""M"":true,""T"":1791514210071,""e"":""trade"",""m"":true,""p"":""82116.31000000"",""q"":""0.00007000"",""s"":""BTCUSDT"",""t"":6750015898}"
1791514210,250570446,spot,trade,0,0,968,BTCUSDT,"{""E"":1791514210072,""M"":true,""T"":1791514210071,""e"":""trade"",""m"":true,""p"":""82116.31000000"",""q"":""0.00007000"",""s"":""BTCUSDT"",""t"":6750015899}"
1791514210,251242447,spot,trade,0,0,969,BTCUSDT,"{""E"":1791514210072,""M"":true,""T"":1791514210071,""e"":""trade"",""m"":true,""p"":""82116.31000000"",""q"":""0.00007000"",""s"":""BTCUSDT"",""t"":6750015900}"
1791514210,251916748,spot,trade,0,0,970,BTCUSDT,"{""E"":1791514210072,""M"":true,""T"":1791514210071,""e"":""trade"",""m"":true,""p"":""82116.31000000"",""q"":""0.00007000"",""s"":""BTCUSDT"",""t"":6750015901}"
1791514210,252607049,spot,trade,0,0,971,BTCUSDT,"{""E"":1791514210072,""M"":true,""T"":1791514210071,""e"":""trade"",""m"":true,""p"":""82116.31000000"",""q"":""0.00007000"",""s"":""BTCUSDT"",""t"":6750015902}"
1791514210,253255850,spot,trade,0,0,972,BTCUSDT,"{""E"":1791514210072,""M"":true,""T"":1791514210071,""e"":""trade"",""m"":true,""p"":""82116.31000000"",""q"":""0.00007000"",""s"":""BTCUSDT"",""t"":6750015903}"
1791514210,253773551,spot,trade,0,0,973,BTCUSDT,"{""E"":1791514210072,""M"":true,""T"":1791514210071,""e"":""trade"",""m"":true,""p"":""82116.31000000"",""q"":""0.00007000"",""s"":""BTCUSDT"",""t"":6750015904}"
1791514210,254278251,spot,trade,0,0,974,BTCUSDT,"{""E"":1791514210072,""M"":true,""T"":1791514210071,""e"":""trade"",""m"":true,""p"":""82116.31000000"",""q"":""0.00007000"",""s"":""BTCUSDT"",""t"":6750015905}"
1791514210,254770552,spot,trade,0,0,975,BTCUSDT,"{""E"":1791514210072,""M"":true,""T"":1791514210071,""e"":""trade"",""m"":true,""p"":""82116.31000000"",""q"":""0.00007000"",""s"":""BTCUSDT"",""t"":6750015906}"
1791514210,255282453,spot,trade,0,0,976,BTCUSDT,"{""E"":1791514210072,""M"":true,""T"":1791514210071,""e"":""trade"",""m"":true,""p"":""82116.30000000"",""q"":""0.00007000"",""s"":""BTCUSDT"",""t"":6750015907}"
1791514210,255806854,spot,trade,0,0,977,BTCUSDT,"{""E"":1791514210072,""M"":true,""T"":1791514210071,""e"":""trade"",""m"":true,""p"":""82116.30000000"",""q"":""0.00007000"",""s"":""BTCUSDT"",""t"":6750015908}"
1791514210,256297054,spot,trade,0,0,978,BTCUSDT,"{""E"":1791514210072,""M"":true,""T"":1791514210071,""e"":""trade"",""m"":true,""p"":""82116.30000000"",""q"":""0.00007000"",""s"":""BTCUSDT"",""t"":6750015909}"
1791514210,256990155,spot,trade,0,0,979,BTCUSDT,"{""E"":1791514210072,""M"":true,""T"":1791514210071,""e"":""trade"",""m"":true,""p"":""82116.30000000"",""q"":""0.00007000"",""s"":""BTCUSDT"",""t"":6750015910}"
1791514210,257563356,spot,trade,0,0,980,BTCUSDT,"{""E"":1791514210072,""M"":true,""T"":1791514210071,""e"":""trade"",""m"":true,""p"":""82116.30000000"",""q"":""0.00007000"",""s"":""BTCUSDT"",""t"":6750015911}"
1791514210,258271857,spot,trade,0,0,981,BTCUSDT,"{""E"":1791514210072,""M"":true,""T"":1791514210071,""e"":""trade"",""m"":true,""p"":""82116.30000000"",""q"":""0.00007000"",""s"":""BTCUSDT"",""t"":6750015912}"
1791514210,258739758,spot,trade,0,0,982,BTCUSDT,"{""E"":1791514210072,""M"":true,""T"":1791514210071,""e"":""trade"",""m"":true,""p"":""82116.30000000"",""q"":""0.00007000"",""s"":""BTCUSDT"",""t"":6750015913}"
1791514210,259183058,spot,trade,0,0,983,BTCUSDT,"{""E"":1791514210072,""M"":true,""T"":1791514210071,""e"":""trade"",""m"":true,""p"":""82116.30000000"",""q"":""0.00007000"",""s"":""BTCUSDT"",""t"":6750015914}"
1791514210,259627059,spot,trade,0,0,984,BTCUSDT,"{""E"":1791514210072,""M"":true,""T"":1791514210071,""e"":""trade"",""m"":true,""p"":""82116.30000000"",""q"":""0.00007000"",""s"":""BTCUSDT"",""t"":6750015915}"
1791514210,260292560,spot,trade,0,0,985,BTCUSDT,"{""E"":1791514210072,""M"":true,""T"":1791514210071,""e"":""trade"",""m"":true,""p"":""82116.30000000"",""q"":""0.00007000"",""s"":""BTCUSDT"",""t"":6750015916}"
1791514210,260771460,spot,trade,0,0,986,BTCUSDT,"{""E"":1791514210073,""M"":true,""T"":1791514210073,""e"":""trade"",""m"":true,""p"":""82116.10000000"",""q"":""0.00122000"",""s"":""BTCUSDT"",""t"":6750015917}"
1791514210,261225661,spot,trade,0,0,987,BTCUSDT,"{""E"":1791514210073,""M"":true,""T"":1791514210073,""e"":""trade"",""m"":true,""p"":""82116.05000000"",""q"":""0.00008000"",""s"":""BTCUSDT"",""t"":6750015918}"
1791514210,261987562,spot,trade,0,0,988,BTCUSDT,"{""E"":1791514210073,""M"":true,""T"":1791514210073,""e"":""trade"",""m"":true,""p"":""82115.86000000"",""q"":""0.00007000"",""s"":""BTCUSDT"",""t"":6750015919}"
1791514210,262540163,spot,trade,0,0,989,BTCUSDT,"{""E"":1791514210073,""M"":true,""T"":1791514210073,""e"":""trade"",""m"":true,""p"":""82115.86000000"",""q"":""0.00007000"",""s"":""BTCUSDT"",""t"":6750015920}"
1791514210,263209064,spot,trade,0,0,990,BTCUSDT,"{""E"":1791514210073,""M"":true,""T"":1791514210073,""e"":""trade"",""m"":true,""p"":""82115.86000000"",""q"":""0.00007000"",""s"":""BTCUSDT"",""t"":6750015921}"
1791514210,264010765,spot,trade,0,0,991,BTCUSDT,"{""E"":1791514210095,""M"":true,""T"":1791514210095,""e"":""trade"",""m"":true,""p"":""82115.85000000"",""q"":""0.00007000"",""s"":""BTCUSDT"",""t"":6750015922}"
1791514210,264697366,spot,trade,0,0,992,BTCUSDT,"{""E"":1791514210095,""M"":true,""T"":1791514210095,""e"":""trade"",""m"":true,""p"":""82115.85000000"",""q"":""0.00007000"",""s"":""BTCUSDT"",""t"":6750015923}"
1791514210,265283066,spot,trade,0,0,993,BTCUSDT,"{""E"":1791514210095,""M"":true,""T"":1791514210095,""e"":""trade"",""m"":true,""p"":""82115.85000000"",""q"":""0.00007000"",""s"":""BTCUSDT"",""t"":6750015924}"
1791514210,266120868,spot,trade,0,0,994,BTCUSDT,"{""E"":1791514210095,""M"":true,""T"":1791514210095,""e"":""trade"",""m"":true,""p"":""82115.85000000"",""q"":""0.00007000"",""s"":""BTCUSDT"",""t"":6750015925}"
1791514210,266699168,spot,trade,0,0,995,BTCUSDT,"{""E"":1791514210095,""M"":true,""T"":1791514210095,""e"":""trade"",""m"":true,""p"":""82115.85000000"",""q"":""0.00007000"",""s"":""BTCUSDT"",""t"":6750015926}"
1791514210,267492369,spot,trade,0,0,996,BTCUSDT,"{""E"":1791514210095,""M"":true,""T"":1791514210095,""e"":""trade"",""m"":true,""p"":""82115.85000000"",""q"":""0.00043000"",""s"":""BTCUSDT"",""t"":6750015927}"
1791514210,268041770,spot,trade,0,0,997,BTCUSDT,"{""E"":1791514210095,""M"":true,""T"":1791514210095,""e"":""trade"",""m"":true,""p"":""82115.85000000"",""q"":""0.00007000"",""s"":""BTCUSDT"",""t"":6750015928}"
1791514210,268536871,spot,trade,0,0,998,BTCUSDT,"{""E"":1791514210095,""M"":true,""T"":1791514210095,""e"":""trade"",""m"":true,""p"":""82115.85000000"",""q"":""0.00007000"",""s"":""BTCUSDT"",""t"":6750015929}"
1791514210,269050472,spot,trade,0,0,999,BTCUSDT,"{""E"":1791514210095,""M"":true,""T"":1791514210095,""e"":""trade"",""m"":true,""p"":""82115.85000000"",""q"":""0.00007000"",""s"":""BTCUSDT"",""t"":6750015930}"
1791514210,269574972,spot,trade,0,0,1000,BTCUSDT,"{""E"":1791514210095,""M"":true,""T"":1791514210095,""e"":""trade"",""m"":true,""p"":""82115.85000000"",""q"":""0.00007000"",""s"":""BTCUSDT"",""t"":6750015931}"
1791514210,270063073,spot,trade,0,0,1001,BTCUSDT,"{""E"":1791514210095,""M"":true,""T"":1791514210095,""e"":""trade"",""m"":true,""p"":""82115.85000000"",""q"":""0.00007000"",""s"":""BTCUSDT"",""t"":6750015932}"
1791514210,270692574,spot,trade,0,0,1002,BTCUSDT,"{""E"":1791514210095,""M"":true,""T"":1791514210095,""e"":""trade"",""m"":true,""p"":""82115.85000000"",""q"":""0.00007000"",""s"":""BTCUSDT"",""t"":6750015933}"
1791514210,271189374,spot,trade,0,0,1003,BTCUSDT,"{""E"":1791514210095,""M"":true,""T"":1791514210095,""e"":""trade"",""m"":true,""p"":""82115.85000000"",""q"":""0.00008000"",""s"":""BTCUSDT"",""t"":6750015934}"
1791514210,271739475,spot,trade,0,0,1004,BTCUSDT,"{""E"":1791514210095,""M"":true,""T"":1791514210095,""e"":""trade"",""m"":true,""p"":""82115.85000000"",""q"":""0.00007000"",""s"":""BTCUSDT"",""t"":6750015935}"
1791514210,272276776,spot,trade,0,0,1005,BTCUSDT,"{""E"":1791514210095,""M"":true,""T"":1791514210095,""e"":""trade"",""m"":true,""p"":""82115.85000000"",""q"":""0.00007000"",""s"":""BTCUSDT"",""t"":6750015936}"
1791514210,272785777,spot,trade,0,0,1006,BTCUSDT,"{""E"":1791514210095,""M"":true,""T"":1791514210095,""e"":""trade"",""m"":true,""p"":""82115.85000000"",""q"":""0.00007000"",""s"":""BTCUSDT"",""t"":6750015937}"
1791514210,273225577,spot,trade,0,0,1007,BTCUSDT,"{""E"":1791514210095,""M"":true,""T"":1791514210095,""e"":""trade"",""m"":true,""p"":""82115.85000000"",""q"":""0.00007000"",""s"":""BTCUSDT"",""t"":6750015938}"
1791514210,273925578,spot,trade,0,0,1008,BTCUSDT,"{""E"":1791514210095,""M"":true,""T"":1791514210095,""e"":""trade"",""m"":true,""p"":""82115.85000000"",""q"":""0.00007000"",""s"":""BTCUSDT"",""t"":6750015939}"
1791514210,274418679,spot,trade,0,0,1009,BTCUSDT,"{""E"":1791514210095,""M"":true,""T"":1791514210095,""e"":""trade"",""m"":true,""p"":""82115.85000000"",""q"":""0.00007000"",""s"":""BTCUSDT"",""t"":6750015940}"
1791514210,275114480,spot,trade,0,0,1010,BTCUSDT,"{""E"":1791514210095,""M"":true,""T"":1791514210095,""e"":""trade"",""m"":true,""p"":""82115.84000000"",""q"":""0.00007000"",""s"":""BTCUSDT"",""t"":6750015941}"
1791514210,275614880,spot,trade,0,0,1011,BTCUSDT,"{""E"":1791514210095,""M"":true,""T"":1791514210095,""e"":""trade"",""m"":true,""p"":""82115.84000000"",""q"":""0.00007000"",""s"":""BTCUSDT"",""t"":6750015942}"
1791514210,276154281,spot,trade,0,0,1012,BTCUSDT,"{""E"":1791514210095,""M"":true,""T"":1791514210095,""e"":""trade"",""m"":true,""p"":""82115.84000000"",""q"":""0.00007000"",""s"":""BTCUSDT"",""t"":6750015943}"
1791514210,277096282,spot,trade,0,0,1013,BTCUSDT,"{""E"":1791514210095,""M"":true,""T"":1791514210095,""e"":""trade"",""m"":true,""p"":""82115.84000000"",""q"":""0.00007000"",""s"":""BTCUSDT"",""t"":6750015944}"
1791514210,277762283,spot,trade,0,0,1014,BTCUSDT,"{""E"":1791514210095,""M"":true,""T"":1791514210095,""e"":""trade"",""m"":true,""p"":""82115.84000000"",""q"":""0.00007000"",""s"":""BTCUSDT"",""t"":6750015945}"
1791514210,278552784,spot,trade,0,0,1015,BTCUSDT,"{""E"":1791514210095,""M"":true,""T"":1791514210095,""e"":""trade"",""m"":true,""p"":""82115.84000000"",""q"":""0.00007000"",""s"":""BTCUSDT"",""t"":6750015946}"
1791514210,279086785,spot,depth5,0,0,1016,BTCUSDT,"{""asks"":[[""82115.34000000"",""12.27507000""],[""82115.35000000"",""0.00013000""],[""82115.36000000"",""0.00013000""],[""82115.72000000"",""0.00400000""],[""82115.86000000"",""4.10949000""]],""bids"":[[""82115.33000000"",""0.00850000""],[""82115.32000000"",""0.00042000""],[""82115.05000000"",""0.00007000""],[""82114.08000000"",""0.00007000""],[""82114.02000000"",""0.01171000""]],""lastUpdateId"":101228065676}"
1791514210,279786286,spot,depth_diff,0,0,1017,BTCUSDT,"{""E"":1791514210114,""U"":101228064557,""a"":[[""82115.34000000"",""12.27507000""],[""82115.35000000"",""0.00013000""],[""82115.36000000"",""0.00013000""],[""82115.72000000"",""0.00400000""],[""82115.76000000"",""0.00000000""],[""82115.85000000"",""0.00000000""],[""82115.86000000"",""4.10949000""],[""82115.87000000"",""0.00000000""],[""82115.88000000"",""0.00000000""],[""82116.06000000"",""0.00000000""],[""82116.10000000"",""0.00000000""],[""82116.11000000"",""0.00014000""],[""82116.29000000"",""0.00609000""],[""82116.30000000"",""0.00000000""],[""82116.31000000"",""0.36007000""],[""82116.32000000"",""0.04008000""],[""82116.42000000"",""0.00000000""],[""82116.43000000"",""0.00014000""],[""82116.44000000"",""0.00000000""],[""82116.45000000"",""0.36014000""],[""82116.46000000"",""0.00000000""],[""82116.47000000"",""0.36019000""],[""82116.48000000"",""0.66642000""],[""82116.49000000"",""0.00000000""],[""82116.50000000"",""0.00000000""],[""82116.68000000"",""0.00000000""],[""82116.95000000"",""0.00000000""],[""82116.99000000"",""0.00000000""],[""82117.09000000"",""0.00000000""],[""82117.58000000"",""0.00000000""],[""82117.66000000"",""0.00000000""],[""82117.67000000"",""0.00000000""],[""82117.78000000"",""0.00400000""],[""82117.82000000"",""0.00000000""],[""82117.97000000"",""0.00620000""],[""82117.98000000"",""0.00000000""],[""82117.99000000"",""0.04346000""],[""82118.24000000"",""0.00000000""],[""82118.50000000"",""0.00000000""],[""82119.51000000"",""0.00000000""],[""82119.84000000"",""0.00400000""],[""82119.95000000"",""0.00967000""],[""82120.00000000"",""0.00000000""],[""82120.01000000"",""0.00650000""],[""82120.02000000"",""0.00007000""],[""82120.17000000"",""0.01522000""],[""82120.24000000"",""0.00000000""],[""82120.47000000"",""0.00013000""],[""82120.52000000"",""0.00000000""],[""82120.74000000"",""0.00008000""],[""82121.32000000"",""0.00010000""],[""82121.33000000"",""0.00000000""],[""82121.45000000"",""0.00000000""],[""82121.67000000"",""0.04000000""],[""82121.99000000"",""0.00000000""],[""82122.18000000"",""0.00000000""],[""82122.19000000"",""0.00000000""],[""82122.20000000"",""0.74875000""],[""82122.39000000"",""0.00932000""],[""82122.95000000"",""0.00000000""],[""82123.48000000"",""0.00528000""],[""82123.54000000"",""0.00000000""],[""82123.55000000"",""0.00000000""],[""82123.80000000"",""0.00007000""],[""82123.81000000"",""0.35325000""],[""82123.98000000"",""0.03061000""],[""82124.69000000"",""1.72474000""],[""82124.99000000"",""0.00000000""],[""82125.71000000"",""0.00000000""],[""82126.01000000"",""0.00000000""],[""82126.10000000"",""0.03653000""],[""82126.19000000"",""0.00000000""],[""82126.55000000"",""0.00200000""],[""82126.57000000"",""1.14669000""],[""82126.58000000"",""0.00000000""],[""82127.20000000"",""0.00000000""],[""82127.59000000"",""0.00000000""],[""82127.81000000"",""0.00014000""],[""82128.17000000"",""0.30469000""],[""82128.18000000"",""0.00000000""],[""82128.39000000"",""0.00000000""],[""82128.49000000"",""0.00000000""],[""82128.53000000"",""0.00000000""],[""82128.59000000"",""0.00000000""],[""82128.60000000"",""0.00000000""],[""82128.65000000"",""0.00000000""],[""82128.76000000"",""0.00000000""],[""82128.78000000"",""0.00000000""],[""82128.79000000"",""0.00000000""],[""82128.83000000"",""0.00007000""],[""82128.86000000"",""0.00000000""],[""82128.87000000"",""0.00000000""],[""82128.92000000"",""0.00000000""],[""82129.17000000"",""0.32901000""],[""82129.35000000"",""0.00000000""],[""82129.45000000"",""0.00000000""],[""82129.80000000"",""0.00000000""],[""82129.81000000"",""0.00000000""],[""82129.92000000"",""0.00000000""],[""82129.94000000"",""0.32900000""],[""82129.96000000"",""0.00000000""],[""82129.97000000"",""0.00000000""],[""82130.26000000"",""0.00007000""],[""82130.78000000"",""0.36556000""],[""82130.92000000"",""0.00000000""],[""82132.46000000"",""0.00000000""],[""82133.38000000"",""0.07558000""],[""82134.47000000"",""0.00000000""],[""82135.12000000"",""0.03061000""],[""82136.69000000"",""0.30469000""],[""82138.21000000"",""0.30469000""],[""82138.77000000"",""0.00000000""],[""82142.40000000"",""0.00000000""],[""82142.69000000"",""0.38851000""],[""82142.83000000"",""0.00000000""],[""82146.95000000"",""0.00000000""],[""82148.68000000"",""0.00000000""],[""82149.70000000"",""0.00000000""],[""82150.62000000"",""0.00000000""],[""82150.74000000"",""0.00007000""],[""82152.80000000"",""0.00000000""],[""82154.86000000"",""0.00000000""],[""82156.17000000"",""0.00000000""],[""82159.60000000"",""0.00000000""],[""82161.62000000"",""0.00000000""],[""82165.74000000"",""0.60124000""],[""82167.04000000"",""0.00000000""],[""82167.41000000"",""0.00000000""],[""82169.71000000"",""0.00000000""],[""82170.47000000"",""0.00000000""],[""82185.54000000"",""0.28072000""],[""82185.77000000"",""0.00000000""],[""82259.54000000"",""0.00000000""],[""82269.08000000"",""0.00000000""],[""82321.35000000"",""0.03061000""],[""82333.70000000"",""0.00000000""],[""82346.06000000"",""0.00000000""],[""83348.23000000"",""0.00016000""]],""b"":[[""82116.47000000"",""0.00000000""],[""82116.46000000"",""0.00000000""],[""82116.45000000"",""0.00000000""],[""82116.44000000"",""0.00000000""],[""82116.31000000"",""0.00000000""],[""82116.30000000"",""0.00000000""],[""82116.29000000"",""0.00000000""],[""82116.10000000"",""0.00000000""],[""82116.05000000"",""0.00000000""],[""82115.86000000"",""0.00000000""],[""82115.85000000"",""0.00000000""],[""82115.84000000"",""0.00000000""],[""82115.33000000"",""0.00850000""],[""82115.32000000"",""0.00042000""],[""82114.50000000"",""0.00000000""],[""82114.49000000"",""0.00000000""],[""82114.24000000"",""0.00000000""],[""82113.66000000"",""0.00000000""],[""82113.62000000"",""0.00000000""],[""82113.49000000"",""0.00000000""],[""82113.42000000"",""0.00007000""],[""82113.13000000"",""0.00000000""],[""82113.12000000"",""0.00000000""],[""82113.10000000"",""0.00531000""],[""82113.06000000"",""0.00014000""],[""82113.05000000"",""0.04007000""],[""82112.87000000"",""0.00014000""],[""82112.86000000"",""0.03660000""],[""82112.79000000"",""0.00008000""],[""82112.65000000"",""0.00000000""],[""82112.64000000"",""0.00000000""],[""82112.26000000"",""0.00000000""],[""82112.08000000"",""0.00000000""],[""82112.00000000"",""0.00000000""],[""82111.98000000"",""0.00000000""],[""82111.60000000"",""0.00000000""],[""82111.50000000"",""0.00000000""],[""82111.46000000"",""0.00946000""],[""82111.34000000"",""0.00000000""],[""82111.00000000"",""0.00000000""],[""82110.95000000"",""0.00000000""],[""82110.94000000"",""0.00000000""],[""82110.42000000"",""0.00000000""],[""82110.04000000"",""0.00000000""],[""82110.03000000"",""0.00000000""],[""82110.02000000"",""0.00000000""],[""82110.01000000"",""0.00000000""],[""82109.98000000"",""0.00014000""],[""82109.97000000"",""0.04287000""],[""82109.55000000"",""0.00000000""],[""82109.54000000"",""0.00000000""],[""82109.42000000"",""0.00000000""],[""82109.41000000"",""0.00007000""],[""82109.06000000"",""0.00014000""],[""82109.05000000"",""0.08007000""],[""82108.87000000"",""0.00000000""],[""82108.77000000"",""0.00000000""],[""82108.27000000"",""0.00000000""],[""82108.25000000"",""0.00000000""],[""82108.14000000"",""0.00000000""],[""82108.13000000"",""0.00000000""],[""82107.86000000"",""0.00000000""],[""82107.85000000"",""0.00000000""],[""82107.82000000"",""0.00000000""],[""82107.78000000"",""0.00000000""],[""82107.73000000"",""0.00000000""],[""82107.26000000"",""0.00000000""],[""82107.24000000"",""0.00013000""],[""82107.00000000"",""0.00000000""],[""82106.99000000"",""0.00000000""],[""82106.91000000"",""0.00000000""],[""82106.86000000"",""0.00000000""],[""82106.85000000"",""0.00000000""],[""82106.50000000"",""0.00048000""],[""82106.39000000"",""0.00000000""],[""82106.38000000"",""0.00000000""],[""82106.30000000"",""0.00000000""],[""82106.29000000"",""0.00000000""],[""82106.14000000"",""0.00000000""],[""82106.13000000"",""0.00000000""],[""82105.80000000"",""0.00007000""],[""82105.75000000"",""0.09621000""],[""82105.48000000"",""0.00000000""],[""82105.47000000"",""0.00007000""],[""82105.46000000"",""0.07877000""],[""82105.40000000"",""0.00524000""],[""82105.27000000"",""0.00000000""],[""82104.95000000"",""0.00000000""],[""82104.74000000"",""0.09614000""],[""82104.70000000"",""0.00000000""],[""82104.69000000"",""0.00000000""],[""82104.45000000"",""0.00000000""],[""82104.43000000"",""0.00000000""],[""82104.01000000"",""0.00000000""],[""82103.73000000"",""0.09614000""],[""82103.66000000"",""0.00243000""],[""82103.64000000"",""0.00000000""],[""82103.55000000"",""0.00243000""],[""82103.28000000"",""0.00000000""],[""82103.27000000"",""0.00998000""],[""82103.22000000"",""0.00000000""],[""82103.07000000"",""0.03000000""],[""82102.98000000"",""0.00000000""],[""82102.91000000"",""0.09614000""],[""82102.87000000"",""0.00000000""],[""82102.82000000"",""0.00000000""],[""82102.81000000"",""0.00000000""],[""82102.74000000"",""0.00000000""],[""82102.22000000"",""0.00000000""],[""82102.00000000"",""0.00000000""],[""82101.71000000"",""0.09614000""],[""82101.51000000"",""0.00609000""],[""82101.27000000"",""0.00000000""],[""82101.19000000"",""0.00609000""],[""82101.05000000"",""0.09614000""],[""82100.62000000"",""0.00609000""],[""82100.61000000"",""0.02007000""],[""82100.34000000"",""0.09614000""],[""82099.94000000"",""0.00013000""],[""82099.17000000"",""0.00000000""],[""82098.72000000"",""0.00007000""],[""82098.45000000"",""2.52632000""],[""82098.44000000"",""0.00000000""],[""82098.38000000"",""0.00000000""],[""82097.75000000"",""0.00400000""],[""82097.74000000"",""0.00000000""],[""82097.73000000"",""0.00000000""],[""82097.21000000"",""0.00000000""],[""82097.14000000"",""0.00165000""],[""82096.89000000"",""0.00000000""],[""82096.79000000"",""0.00000000""],[""82096.78000000"",""0.89773000""],[""82096.75000000"",""0.00000000""],[""82096.33000000"",""0.00000000""],[""82095.04000000"",""0.00000000""],[""82094.74000000"",""0.00000000""],[""82094.58000000"",""0.02000000""],[""82093.70000000"",""1.35947000""],[""82093.18000000"",""0.00000000""],[""82092.96000000"",""0.00000000""],[""82092.51000000"",""0.00000000""],[""82092.38000000"",""0.00000000""],[""82091.05000000"",""0.00000000""],[""82090.77000000"",""0.41805000""],[""82090.31000000"",""0.00000000""],[""82089.61000000"",""0.00000000""],[""82089.33000000"",""0.00000000""],[""82088.96000000"",""0.30469000""],[""82088.26000000"",""0.30470000""],[""82086.78000000"",""0.05907000""],[""82086.76000000"",""0.00000000""],[""82083.07000000"",""0.00000000""],[""82082.75000000"",""0.32919000""],[""82082.29000000"",""0.30469000""],[""82080.70000000"",""0.00400000""],[""82080.53000000"",""0.30469000""],[""82080.52000000"",""0.52565000""],[""82079.52000000"",""0.00008000""],[""82079.44000000"",""0.00200000""],[""82078.64000000"",""0.00400000""],[""82078.32000000"",""0.00000000""],[""82076.58000000"",""0.00400000""],[""82076.51000000"",""0.32922000""],[""82075.00000000"",""0.00000000""],[""82074.95000000"",""0.00000000""],[""82074.00000000"",""0.02921000""],[""82073.16000000"",""0.00007000""],[""82072.46000000"",""0.00400000""],[""82068.90000000"",""0.00007000""],[""82068.34000000"",""0.00400000""],[""82067.20000000"",""0.00000000""],[""82066.60000000"",""1.20729000""],[""82064.64000000"",""0.00007000""],[""82047.62000000"",""0.52212000""],[""82044.91000000"",""0.00000000""],[""82044.03000000"",""1.20763000""],[""82044.01000000"",""0.00000000""],[""82043.56000000"",""0.00304000""],[""82041.68000000"",""0.00000000""],[""82034.23000000"",""0.00000000""],[""82034.01000000"",""0.00000000""],[""82033.21000000"",""0.00008000""],[""82032.23000000"",""0.00201000""],[""82007.19000000"",""0.77524000""],[""81987.81000000"",""1.00996000""],[""81982.76000000"",""1.09505000""],[""81959.55000000"",""0.00000000""],[""81952.36000000"",""0.36000000""],[""81952.04000000"",""0.00000000""],[""81951.10000000"",""0.00008000""],[""81950.69000000"",""0.00081000""],[""81877.43000000"",""0.00000000""],[""81868.98000000"",""0.00008000""],[""81795.30000000"",""0.00000000""],[""81786.87000000"",""0.00008000""],[""81713.18000000"",""0.00000000""],[""81704.75000000"",""0.00061000""],[""81702.54000000"",""0.00007000""],[""81631.06000000"",""0.00000000""],[""81622.64000000"",""0.00008000""],[""81548.93000000"",""0.00000000""],[""81540.52000000"",""0.00008000""],[""81466.81000000"",""0.00000000""],[""81458.41000000"",""0.00008000""],[""80884.73000000"",""0.00000000""],[""80884.72000000"",""0.00535000""],[""73904.83000000"",""0.00011000""]],""e"":""depthUpdate"",""s"":""BTCUSDT"",""u"":101228065676}"
1791514210,284967593,spot,trade,0,0,1018,BTCUSDT,"{""E"":1791514210128,""M"":true,""T"":1791514210127,""e"":""trade"",""m"":true,""p"":""82115.33000000"",""q"":""0.00009000"",""s"":""BTCUSDT"",""t"":6750015947}"
1791514210,346361677,spot,trade,0,0,1019,BTCUSDT,"{""E"":1791514210129,""M"":true,""T"":1791514210129,""e"":""trade"",""m"":true,""p"":""82115.33000000"",""q"":""0.00693000"",""s"":""BTCUSDT"",""t"":6750015948}"
1791514210,347043177,spot,trade,0,0,1020,BTCUSDT,"{""E"":1791514210129,""M"":true,""T"":1791514210129,""e"":""trade"",""m"":true,""p"":""82115.33000000"",""q"":""0.00007000"",""s"":""BTCUSDT"",""t"":6750015949}"
1791514210,347671878,spot,trade,0,0,1021,BTCUSDT,"{""E"":1791514210129,""M"":true,""T"":1791514210129,""e"":""trade"",""m"":true,""p"":""82115.33000000"",""q"":""0.00007000"",""s"":""BTCUSDT"",""t"":6750015950}"
1791514210,348376779,spot,trade,0,0,1022,BTCUSDT,"{""E"":1791514210129,""M"":true,""T"":1791514210129,""e"":""trade"",""m"":true,""p"":""82115.33000000"",""q"":""0.00007000"",""s"":""BTCUSDT"",""t"":6750015951}"
1791514210,349025380,spot,trade,0,0,1023,BTCUSDT,"{""E"":1791514210129,""M"":true,""T"":1791514210129,""e"":""trade"",""m"":true,""p"":""82115.33000000"",""q"":""0.00007000"",""s"":""BTCUSDT"",""t"":6750015952}"
1791514210,349620881,spot,trade,0,0,1024,BTCUSDT,"{""E"":1791514210129,""M"":true,""T"":1791514210129,""e"":""trade"",""m"":true,""p"":""82115.33000000"",""q"":""0.00049000"",""s"":""BTCUSDT"",""t"":6750015953}"
1791514210,350150782,spot,trade,0,0,1025,BTCUSDT,"{""E"":1791514210129,""M"":true,""T"":1791514210129,""e"":""trade"",""m"":true,""p"":""82115.33000000"",""q"":""0.00007000"",""s"":""BTCUSDT"",""t"":6750015954}"
1791514210,350637182,spot,trade,0,0,1026,BTCUSDT,"{""E"":1791514210129,""M"":true,""T"":1791514210129,""e"":""trade"",""m"":true,""p"":""82115.33000000"",""q"":""0.00007000"",""s"":""BTCUSDT"",""t"":6750015955}"
1791514210,351276783,spot,trade,0,0,1027,BTCUSDT,"{""E"":1791514210129,""M"":true,""T"":1791514210129,""e"":""trade"",""m"":true,""p"":""82115.33000000"",""q"":""0.00007000"",""s"":""BTCUSDT"",""t"":6750015956}"
1791514210,351817384,spot,trade,0,0,1028,BTCUSDT,"{""E"":1791514210129,""M"":true,""T"":1791514210129,""e"":""trade"",""m"":true,""p"":""82115.33000000"",""q"":""0.00007000"",""s"":""BTCUSDT"",""t"":6750015957}"
1791514210,352747385,spot,trade,0,0,1029,BTCUSDT,"{""E"":1791514210129,""M"":true,""T"":1791514210129,""e"":""trade"",""m"":true,""p"":""82115.33000000"",""q"":""0.00007000"",""s"":""BTCUSDT"",""t"":6750015958}"
1791514210,353345086,spot,trade,0,0,1030,BTCUSDT,"{""E"":1791514210129,""M"":true,""T"":1791514210129,""e"":""trade"",""m"":true,""p"":""82115.33000000"",""q"":""0.00007000"",""s"":""BTCUSDT"",""t"":6750015959}"
1791514210,353918587,spot,trade,0,0,1031,BTCUSDT,"{""E"":1791514210129,""M"":true,""T"":1791514210129,""e"":""trade"",""m"":true,""p"":""82115.33000000"",""q"":""0.00007000"",""s"":""BTCUSDT"",""t"":6750015960}"
1791514210,354438787,spot,trade,0,0,1032,BTCUSDT,"{""E"":1791514210129,""M"":true,""T"":1791514210129,""e"":""trade"",""m"":true,""p"":""82115.33000000"",""q"":""0.00008000"",""s"":""BTCUSDT"",""t"":6750015961}"
1791514210,355019988,spot,trade,0,0,1033,BTCUSDT,"{""E"":1791514210129,""M"":true,""T"":1791514210129,""e"":""trade"",""m"":true,""p"":""82115.33000000"",""q"":""0.00007000"",""s"":""BTCUSDT"",""t"":6750015962}"
1791514210,355558689,spot,trade,0,0,1034,BTCUSDT,"{""E"":1791514210129,""M"":true,""T"":1791514210129,""e"":""trade"",""m"":true,""p"":""82115.33000000"",""q"":""0.00013000"",""s"":""BTCUSDT"",""t"":6750015963}"
1791514210,356026190,spot,trade,0,0,1035,BTCUSDT,"{""E"":1791514210129,""M"":true,""T"":1791514210129,""e"":""trade"",""m"":true,""p"":""82115.32000000"",""q"":""0.00007000"",""s"":""BTCUSDT"",""t"":6750015964}"
1791514210,356667490,spot,trade,0,0,1036,BTCUSDT,"{""E"":1791514210129,""M"":true,""T"":1791514210129,""e"":""trade"",""m"":true,""p"":""82115.32000000"",""q"":""0.00007000"",""s"":""BTCUSDT"",""t"":6750015965}"
1791514210,357209591,spot,trade,0,0,1037,BTCUSDT,"{""E"":1791514210129,""M"":true,""T"":1791514210129,""e"":""trade"",""m"":true,""p"":""82115.32000000"",""q"":""0.00007000"",""s"":""BTCUSDT"",""t"":6750015966}"
1791514210,357826192,spot,trade,0,0,1038,BTCUSDT,"{""E"":1791514210129,""M"":true,""T"":1791514210129,""e"":""trade"",""m"":true,""p"":""82115.32000000"",""q"":""0.00007000"",""s"":""BTCUSDT"",""t"":6750015967}"
1791514210,358355093,spot,trade,0,0,1039,BTCUSDT,"{""E"":1791514210129,""M"":true,""T"":1791514210129,""e"":""trade"",""m"":true,""p"":""82115.32000000"",""q"":""0.00007000"",""s"":""BTCUSDT"",""t"":6750015968}"
1791514210,358875493,spot,trade,0,0,1040,BTCUSDT,"{""E"":1791514210129,""M"":true,""T"":1791514210129,""e"":""trade"",""m"":true,""p"":""82115.32000000"",""q"":""0.00007000"",""s"":""BTCUSDT"",""t"":6750015969}"
1791514210,359473994,spot,trade,0,0,1041,BTCUSDT,"{""E"":1791514210131,""M"":true,""T"":1791514210130,""e"":""trade"",""m"":true,""p"":""82114.08000000"",""q"":""0.00007000"",""s"":""BTCUSDT"",""t"":6750015970}"
1791514210,360118095,spot,trade,0,0,1042,BTCUSDT,"{""E"":1791514210131,""M"":true,""T"":1791514210130,""e"":""trade"",""m"":true,""p"":""82114.02000000"",""q"":""0.01171000"",""s"":""BTCUSDT"",""t"":6750015971}"
1791514210,360916096,spot,trade,0,0,1043,BTCUSDT,"{""E"":1791514210131,""M"":true,""T"":1791514210130,""e"":""trade"",""m"":true,""p"":""82114.00000000"",""q"":""0.00023000"",""s"":""BTCUSDT"",""t"":6750015972}"
1791514210,361455697,spot,trade,0,0,1044,BTCUSDT,"{""E"":1791514210131,""M"":true,""T"":1791514210130,""e"":""trade"",""m"":true,""p"":""82113.42000000"",""q"":""0.00007000"",""s"":""BTCUSDT"",""t"":6750015973}"
1791514210,361983998,spot,trade,0,0,1045,BTCUSDT,"{""E"":1791514210131,""M"":true,""T"":1791514210130,""e"":""trade"",""m"":true,""p"":""82113.29000000"",""q"":""0.00007000"",""s"":""BTCUSDT"",""t"":6750015974}"
1791514210,362492598,spot,trade,0,0,1046,BTCUSDT,"{""E"":1791514210131,""M"":true,""T"":1791514210130,""e"":""trade"",""m"":true,""p"":""82113.29000000"",""q"":""0.00007000"",""s"":""BTCUSDT"",""t"":6750015975}"
1791514210,362954299,spot,trade,0,0,1047,BTCUSDT,"{""E"":1791514210131,""M"":true,""T"":1791514210130,""e"":""trade"",""m"":true,""p"":""82113.29000000"",""q"":""0.00007000"",""s"":""BTCUSDT"",""t"":6750015976}"
1791514210,363517600,spot,trade,0,0,1048,BTCUSDT,"{""E"":1791514210131,""M"":true,""T"":1791514210130,""e"":""trade"",""m"":true,""p"":""82113.29000000"",""q"":""0.00007000"",""s"":""BTCUSDT"",""t"":6750015977}"
1791514210,364071601,spot,trade,0,0,1049,BTCUSDT,"{""E"":1791514210131,""M"":true,""T"":1791514210130,""e"":""trade"",""m"":true,""p"":""82113.29000000"",""q"":""0.00007000"",""s"":""BTCUSDT"",""t"":6750015978}"
1791514210,364568701,spot,trade,0,0,1050,BTCUSDT,"{""E"":1791514210131,""M"":true,""T"":1791514210130,""e"":""trade"",""m"":true,""p"":""82113.10000000"",""q"":""0.00084000"",""s"":""BTCUSDT"",""t"":6750015979}"
1791514210,365149802,spot,trade,0,0,1051,BTCUSDT,"{""E"":1791514210134,""M"":true,""T"":1791514210133,""e"":""trade"",""m"":false,""p"":""82113.11000000"",""q"":""0.03889000"",""s"":""BTCUSDT"",""t"":6750015980}"
1791514210,395434643,spot,trade,0,0,1052,BTCUSDT,"{""E"":1791514210143,""M"":true,""T"":1791514210143,""e"":""trade"",""m"":true,""p"":""82113.10000000"",""q"":""0.00447000"",""s"":""BTCUSDT"",""t"":6750015981}"
1791514210,396132844,spot,trade,0,0,1053,BTCUSDT,"{""E"":1791514210143,""M"":true,""T"":1791514210143,""e"":""trade"",""m"":true,""p"":""82113.10000000"",""q"":""0.00007000"",""s"":""BTCUSDT"",""t"":6750015982}"
1791514210,396854845,spot,trade,0,0,1054,BTCUSDT,"{""E"":1791514210143,""M"":true,""T"":1791514210143,""e"":""trade"",""m"":true,""p"":""82113.10000000"",""q"":""0.00007000"",""s"":""BTCUSDT"",""t"":6750015983}"
1791514210,397740446,spot,trade,0,0,1055,BTCUSDT,"{""E"":1791514210143,""M"":true,""T"":1791514210143,""e"":""trade"",""m"":true,""p"":""82113.10000000"",""q"":""0.00007000"",""s"":""BTCUSDT"",""t"":6750015984}"
1791514210,398289147,spot,trade,0,0,1056,BTCUSDT,"{""E"":1791514210143,""M"":true,""T"":1791514210143,""e"":""trade"",""m"":true,""p"":""82113.10000000"",""q"":""0.00007000"",""s"":""BTCUSDT"",""t"":6750015985}"
1791514210,399078248,spot,trade,0,0,1057,BTCUSDT,"{""E"":1791514210143,""M"":true,""T"":1791514210143,""e"":""trade"",""m"":true,""p"":""82113.10000000"",""q"":""0.00007000"",""s"":""BTCUSDT"",""t"":6750015986}"
1791514210,399691349,spot,trade,0,0,1058,BTCUSDT,"{""E"":1791514210143,""M"":true,""T"":1791514210143,""e"":""trade"",""m"":true,""p"":""82113.10000000"",""q"":""0.00007000"",""s"":""BTCUSDT"",""t"":6750015987}"
1791514210,400386950,spot,trade,0,0,1059,BTCUSDT,"{""E"":1791514210143,""M"":true,""T"":1791514210143,""e"":""trade"",""m"":true,""p"":""82113.10000000"",""q"":""0.00007000"",""s"":""BTCUSDT"",""t"":6750015988}"
1791514210,401004151,spot,trade,0,0,1060,BTCUSDT,"{""E"":1791514210143,""M"":true,""T"":1791514210143,""e"":""trade"",""m"":true,""p"":""82113.10000000"",""q"":""0.00007000"",""s"":""BTCUSDT"",""t"":6750015989}"
1791514210,401652952,spot,trade,0,0,1061,BTCUSDT,"{""E"":1791514210143,""M"":true,""T"":1791514210143,""e"":""trade"",""m"":true,""p"":""82113.10000000"",""q"":""0.00007000"",""s"":""BTCUSDT"",""t"":6750015990}"
1791514210,402263552,spot,trade,0,0,1062,BTCUSDT,"{""E"":1791514210143,""M"":true,""T"":1791514210143,""e"":""trade"",""m"":true,""p"":""82113.10000000"",""q"":""0.00007000"",""s"":""BTCUSDT"",""t"":6750015991}"
1791514210,402757753,spot,trade,0,0,1063,BTCUSDT,"{""E"":1791514210143,""M"":true,""T"":1791514210143,""e"":""trade"",""m"":true,""p"":""82113.10000000"",""q"":""0.00007000"",""s"":""BTCUSDT"",""t"":6750015992}"
1791514210,403247854,spot,trade,0,0,1064,BTCUSDT,"{""E"":1791514210143,""M"":true,""T"":1791514210143,""e"":""trade"",""m"":true,""p"":""82113.10000000"",""q"":""0.00231000"",""s"":""BTCUSDT"",""t"":6750015993}"
1791514210,403732454,spot,trade,0,0,1065,BTCUSDT,"{""E"":1791514210143,""M"":true,""T"":1791514210143,""e"":""trade"",""m"":true,""p"":""82113.10000000"",""q"":""0.00007000"",""s"":""BTCUSDT"",""t"":6750015994}"
1791514210,404380755,spot,trade,0,0,1066,BTCUSDT,"{""E"":1791514210143,""M"":true,""T"":1791514210143,""e"":""trade"",""m"":true,""p"":""82113.10000000"",""q"":""0.00007000"",""s"":""BTCUSDT"",""t"":6750015995}"
1791514210,405024356,spot,trade,0,0,1067,BTCUSDT,"{""E"":1791514210143,""M"":true,""T"":1791514210143,""e"":""trade"",""m"":true,""p"":""82113.10000000"",""q"":""0.00007000"",""s"":""BTCUSDT"",""t"":6750015996}"
1791514210,405846057,spot,trade,0,0,1068,BTCUSDT,"{""E"":1791514210143,""M"":true,""T"":1791514210143,""e"":""trade"",""m"":true,""p"":""82113.10000000"",""q"":""0.00007000"",""s"":""BTCUSDT"",""t"":6750015997}"
1791514210,406396858,spot,trade,0,0,1069,BTCUSDT,"{""E"":1791514210143,""M"":true,""T"":1791514210143,""e"":""trade"",""m"":true,""p"":""82113.10000000"",""q"":""0.00007000"",""s"":""BTCUSDT"",""t"":6750015998}"
1791514210,407062659,spot,trade,0,0,1070,BTCUSDT,"{""E"":1791514210143,""M"":true,""T"":1791514210143,""e"":""trade"",""m"":true,""p"":""82113.10000000"",""q"":""0.00007000"",""s"":""BTCUSDT"",""t"":6750015999}"
1791514210,407570360,spot,trade,0,0,1071,BTCUSDT,"{""E"":1791514210143,""M"":true,""T"":1791514210143,""e"":""trade"",""m"":true,""p"":""82113.10000000"",""q"":""0.00007000"",""s"":""BTCUSDT"",""t"":6750016000}"
1791514210,408150660,spot,trade,0,0,1072,BTCUSDT,"{""E"":1791514210143,""M"":true,""T"":1791514210143,""e"":""trade"",""m"":true,""p"":""82113.10000000"",""q"":""0.00007000"",""s"":""BTCUSDT"",""t"":6750016001}"
1791514210,408823661,spot,trade,0,0,1073,BTCUSDT,"{""E"":1791514210143,""M"":true,""T"":1791514210143,""e"":""trade"",""m"":true,""p"":""82113.10000000"",""q"":""0.00007000"",""s"":""BTCUSDT"",""t"":6750016002}"
1791514210,409410762,spot,trade,0,0,1074,BTCUSDT,"{""E"":1791514210143,""M"":true,""T"":1791514210143,""e"":""trade"",""m"":true,""p"":""82113.10000000"",""q"":""0.00007000"",""s"":""BTCUSDT"",""t"":6750016003}"
1791514210,409976363,spot,trade,0,0,1075,BTCUSDT,"{""E"":1791514210143,""M"":true,""T"":1791514210143,""e"":""trade"",""m"":true,""p"":""82113.10000000"",""q"":""0.00007000"",""s"":""BTCUSDT"",""t"":6750016004}"
1791514210,410447664,spot,trade,0,0,1076,BTCUSDT,"{""E"":1791514210143,""M"":true,""T"":1791514210143,""e"":""trade"",""m"":true,""p"":""82113.10000000"",""q"":""0.00007000"",""s"":""BTCUSDT"",""t"":6750016005}"
1791514210,411024764,spot,trade,0,0,1077,BTCUSDT,"{""E"":1791514210143,""M"":true,""T"":1791514210143,""e"":""trade"",""m"":true,""p"":""82113.09000000"",""q"":""0.00007000"",""s"":""BTCUSDT"",""t"":6750016006}"
1791514210,411605365,spot,trade,0,0,1078,BTCUSDT,"{""E"":1791514210143,""M"":true,""T"":1791514210143,""e"":""trade"",""m"":true,""p"":""82113.09000000"",""q"":""0.00007000"",""s"":""BTCUSDT"",""t"":6750016007}"
1791514210,412091066,spot,trade,0,0,1079,BTCUSDT,"{""E"":1791514210143,""M"":true,""T"":1791514210143,""e"":""trade"",""m"":true,""p"":""82113.09000000"",""q"":""0.00007000"",""s"":""BTCUSDT"",""t"":6750016008}"
1791514210,412642366,spot,trade,0,0,1080,BTCUSDT,"{""E"":1791514210143,""M"":true,""T"":1791514210143,""e"":""trade"",""m"":true,""p"":""82113.09000000"",""q"":""0.00007000"",""s"":""BTCUSDT"",""t"":6750016009}"
1791514210,413412968,spot,trade,0,0,1081,BTCUSDT,"{""E"":1791514210143,""M"":true,""T"":1791514210143,""e"":""trade"",""m"":true,""p"":""82113.09000000"",""q"":""0.00007000"",""s"":""BTCUSDT"",""t"":6750016010}"
1791514210,413962568,spot,trade,0,0,1082,BTCUSDT,"{""E"":1791514210143,""M"":true,""T"":1791514210143,""e"":""trade"",""m"":true,""p"":""82113.09000000"",""q"":""0.00007000"",""s"":""BTCUSDT"",""t"":6750016011}"
1791514210,414533469,spot,trade,0,0,1083,BTCUSDT,"{""E"":1791514210143,""M"":true,""T"":1791514210143,""e"":""trade"",""m"":true,""p"":""82113.07000000"",""q"":""0.00007000"",""s"":""BTCUSDT"",""t"":6750016012}"
1791514210,415049870,spot,trade,0,0,1084,BTCUSDT,"{""E"":1791514210143,""M"":true,""T"":1791514210143,""e"":""trade"",""m"":true,""p"":""82113.07000000"",""q"":""0.00007000"",""s"":""BTCUSDT"",""t"":6750016013}"
1791514210,415520670,spot,trade,0,0,1085,BTCUSDT,"{""E"":1791514210143,""M"":true,""T"":1791514210143,""e"":""trade"",""m"":true,""p"":""82113.07000000"",""q"":""0.00007000"",""s"":""BTCUSDT"",""t"":6750016014}"
1791514210,416165771,spot,trade,0,0,1086,BTCUSDT,"{""E"":1791514210143,""M"":true,""T"":1791514210143,""e"":""trade"",""m"":true,""p"":""82113.06000000"",""q"":""0.00007000"",""s"":""BTCUSDT"",""t"":6750016015}"
1791514210,416884572,spot,trade,0,0,1087,BTCUSDT,"{""E"":1791514210143,""M"":true,""T"":1791514210143,""e"":""trade"",""m"":true,""p"":""82113.06000000"",""q"":""0.00007000"",""s"":""BTCUSDT"",""t"":6750016016}"
1791514210,417355073,spot,trade,0,0,1088,BTCUSDT,"{""E"":1791514210143,""M"":true,""T"":1791514210143,""e"":""trade"",""m"":true,""p"":""82113.06000000"",""q"":""0.00007000"",""s"":""BTCUSDT"",""t"":6750016017}"
1791514210,417879374,spot,trade,0,0,1089,BTCUSDT,"{""E"":1791514210143,""M"":true,""T"":1791514210143,""e"":""trade"",""m"":true,""p"":""82113.05000000"",""q"":""0.04000000"",""s"":""BTCUSDT"",""t"":6750016018}"
1791514210,418392474,spot,trade,0,0,1090,BTCUSDT,"{""E"":1791514210143,""M"":true,""T"":1791514210143,""e"":""trade"",""m"":true,""p"":""82112.86000000"",""q"":""0.00007000"",""s"":""BTCUSDT"",""t"":6750016019}"
1791514210,418912275,spot,trade,0,0,1091,BTCUSDT,"{""E"":1791514210143,""M"":true,""T"":1791514210143,""e"":""trade"",""m"":true,""p"":""82112.86000000"",""q"":""0.00007000"",""s"":""BTCUSDT"",""t"":6750016020}"
1791514210,419392676,spot,trade,0,0,1092,BTCUSDT,"{""E"":1791514210143,""M"":true,""T"":1791514210143,""e"":""trade"",""m"":true,""p"":""82112.86000000"",""q"":""0.00007000"",""s"":""BTCUSDT"",""t"":6750016021}"
1791514210,419833576,spot,trade,0,0,1093,BTCUSDT,"{""E"":1791514210143,""M"":true,""T"":1791514210143,""e"":""trade"",""m"":true,""p"":""82112.86000000"",""q"":""0.00007000"",""s"":""BTCUSDT"",""t"":6750016022}"
1791514210,420303677,spot,trade,0,0,1094,BTCUSDT,"{""E"":1791514210143,""M"":true,""T"":1791514210143,""e"":""trade"",""m"":true,""p"":""82112.86000000"",""q"":""0.00007000"",""s"":""BTCUSDT"",""t"":6750016023}"
1791514210,421015678,spot,trade,0,0,1095,BTCUSDT,"{""E"":1791514210143,""M"":true,""T"":1791514210143,""e"":""trade"",""m"":true,""p"":""82112.79000000"",""q"":""0.00008000"",""s"":""BTCUSDT"",""t"":6750016024}"
1791514210,421583879,spot,trade,0,0,1096,BTCUSDT,"{""E"":1791514210143,""M"":true,""T"":1791514210143,""e"":""trade"",""m"":true,""p"":""82112.71000000"",""q"":""0.01405000"",""s"":""BTCUSDT"",""t"":6750016025}"
1791514210,422142579,spot,depth5,0,0,1097,BTCUSDT,"{""asks"":[[""82112.26000000"",""11.91878000""],[""82112.27000000"",""0.00013000""],[""82112.28000000"",""0.00013000""],[""82112.45000000"",""0.00007000""],[""82112.72000000"",""1.28658000""]],""bids"":[[""82112.25000000"",""0.00851000""],[""82112.24000000"",""0.00049000""],[""82111.46000000"",""0.00946000""],[""82111.10000000"",""0.00060000""],[""82110.99000000"",""0.00007000""]],""lastUpdateId"":101228066714}"
1791514210,422899980,spot,depth_diff,0,0,1098,BTCUSDT,"{""E"":1791514210214,""U"":101228065677,""a"":[[""82112.26000000"",""11.91878000""],[""82112.27000000"",""0.00013000""],[""82112.28000000"",""0.00013000""],[""82112.44000000"",""0.00000000""],[""82112.45000000"",""0.00007000""],[""82112.66000000"",""0.00000000""],[""82112.70000000"",""0.00000000""],[""82112.72000000"",""1.28658000""],[""82112.80000000"",""0.00000000""],[""82112.87000000"",""0.00000000""],[""82113.06000000"",""0.64351000""],[""82113.07000000"",""0.00000000""],[""82113.10000000"",""1.09814000""],[""82113.11000000"",""1.69827000""],[""82113.12000000"",""0.00000000""],[""82113.13000000"",""0.00000000""],[""82113.30000000"",""0.00000000""],[""82113.43000000"",""0.00000000""],[""82113.66000000"",""0.00400000""],[""82114.00000000"",""0.00007000""],[""82114.01000000"",""0.36000000""],[""82114.02000000"",""0.00000000""],[""82114.03000000"",""0.00007000""],[""82114.08000000"",""0.00007000""],[""82114.09000000"",""0.36021000""],[""82114.81000000"",""0.34758000""],[""82115.01000000"",""0.04000000""],[""82115.02000000"",""0.36021000""],[""82115.06000000"",""0.00000000""],[""82115.33000000"",""0.07500000""],[""82115.34000000"",""1.25298000""],[""82115.35000000"",""0.00010000""],[""82115.36000000"",""0.00000000""],[""82115.76000000"",""0.00007000""],[""82115.85000000"",""0.00400000""],[""82115.86000000"",""1.33950000""],[""82116.11000000"",""0.00007000""],[""82116.23000000"",""0.00000000""],[""82116.29000000"",""0.00000000""],[""82116.30000000"",""0.00000000""],[""82116.32000000"",""0.04000000""],[""82116.48000000"",""0.66605000""],[""82116.67000000"",""0.00000000""],[""82117.00000000"",""0.00000000""],[""82117.25000000"",""0.00531000""],[""82117.68000000"",""0.10878000""],[""82117.77000000"",""0.00000000""],[""82117.92000000"",""0.00243000""],[""82117.99000000"",""0.07659000""],[""82118.95000000"",""0.00007000""],[""82119.30000000"",""0.00000000""],[""82119.94000000"",""0.00200000""],[""82119.99000000"",""0.15000000""],[""82120.01000000"",""0.00250000""],[""82120.07000000"",""0.00012000""],[""82120.27000000"",""0.00000000""],[""82120.62000000"",""0.00000000""],[""82120.92000000"",""0.00000000""],[""82121.31000000"",""0.00609000""],[""82121.99000000"",""0.00609000""],[""82122.00000000"",""0.00022000""],[""82122.30000000"",""0.00008000""],[""82122.89000000"",""0.32903000""],[""82123.04000000"",""0.00000000""],[""82123.15000000"",""0.00000000""],[""82123.49000000"",""0.00007000""],[""82123.59000000"",""0.03653000""],[""82123.65000000"",""0.00000000""],[""82123.66000000"",""0.00000000""],[""82123.80000000"",""0.00000000""],[""82123.81000000"",""0.35305000""],[""82124.29000000"",""0.00000000""],[""82124.69000000"",""1.72266000""],[""82125.38000000"",""0.00013000""],[""82126.10000000"",""0.00000000""],[""82126.55000000"",""0.00000000""],[""82126.56000000"",""0.09351000""],[""82126.60000000"",""0.00000000""],[""82127.51000000"",""0.00000000""],[""82127.52000000"",""0.00000000""],[""82127.58000000"",""0.00000000""],[""82127.62000000"",""0.00000000""],[""82128.16000000"",""0.00012000""],[""82128.51000000"",""0.00000000""],[""82128.64000000"",""0.15293000""],[""82128.68000000"",""0.00008000""],[""82128.83000000"",""0.00000000""],[""82128.94000000"",""1.44902000""],[""82129.01000000"",""0.00000000""],[""82130.40000000"",""0.00007000""],[""82130.99000000"",""0.00000000""],[""82131.24000000"",""0.00000000""],[""82132.38000000"",""0.00000000""],[""82132.46000000"",""0.00000000""],[""82132.79000000"",""0.00008000""],[""82132.90000000"",""0.00000000""],[""82133.33000000"",""0.00163000""],[""82134.25000000"",""0.00000000""],[""82136.10000000"",""0.00023000""],[""82136.25000000"",""0.00012000""],[""82136.55000000"",""0.00000000""],[""82136.89000000"",""0.00008000""],[""82137.01000000"",""0.00000000""],[""82137.10000000"",""0.00000000""],[""82138.10000000"",""0.00000000""],[""82138.50000000"",""0.00400000""],[""82139.33000000"",""0.00000000""],[""82140.30000000"",""0.31877000""],[""82140.47000000"",""0.00000000""],[""82141.00000000"",""0.00008000""],[""82141.11000000"",""0.00000000""],[""82142.39000000"",""0.00000000""],[""82144.34000000"",""0.00012000""],[""82145.10000000"",""0.00008000""],[""82145.19000000"",""0.00000000""],[""82145.22000000"",""0.00000000""],[""82146.51000000"",""0.00010000""],[""82147.42000000"",""0.00000000""],[""82148.56000000"",""0.00000000""],[""82149.21000000"",""0.00008000""],[""82149.33000000"",""0.00124000""],[""82150.06000000"",""0.00045000""],[""82152.43000000"",""0.00012000""],[""82153.28000000"",""0.00000000""],[""82153.32000000"",""0.00008000""],[""82153.43000000"",""0.00000000""],[""82154.10000000"",""0.00007000""],[""82154.26000000"",""0.00000000""],[""82154.88000000"",""0.00000000""],[""82155.51000000"",""0.00000000""],[""82156.65000000"",""0.00000000""],[""82156.89000000"",""0.00621000""],[""82157.00000000"",""0.04113000""],[""82157.54000000"",""0.00000000""],[""82157.61000000"",""0.00434000""],[""82158.00000000"",""0.00012000""],[""82158.98000000"",""0.00000000""],[""82159.98000000"",""0.00428000""],[""82162.16000000"",""0.00016000""],[""82162.38000000"",""0.00067000""],[""82162.50000000"",""0.00060000""],[""82163.64000000"",""0.00000000""],[""82164.52000000"",""0.00000000""],[""82165.00000000"",""0.00304000""],[""82165.66000000"",""0.00000000""],[""82167.69000000"",""0.00000000""],[""82168.57000000"",""0.00000000""],[""82169.26000000"",""0.00000000""],[""82170.61000000"",""0.00000000""],[""82171.73000000"",""0.36503000""],[""82199.95000000"",""0.00000000""],[""82202.48000000"",""0.00000000""],[""82489.65000000"",""0.00000000""],[""82497.86000000"",""0.00000000""],[""82506.08000000"",""0.00000000""]],""b"":[[""82115.33000000"",""0.00000000""],[""82115.32000000"",""0.00000000""],[""82115.05000000"",""0.00000000""],[""82114.08000000"",""0.00000000""],[""82114.02000000"",""0.00000000""],[""82114.00000000"",""0.00000000""],[""82113.42000000"",""0.00000000""],[""82113.29000000"",""0.00000000""],[""82113.10000000"",""0.00000000""],[""82113.09000000"",""0.00000000""],[""82113.07000000"",""0.00000000""],[""82113.06000000"",""0.00000000""],[""82113.05000000"",""0.00000000""],[""82112.87000000"",""0.00000000""],[""82112.86000000"",""0.00000000""],[""82112.79000000"",""0.00000000""],[""82112.71000000"",""0.00000000""],[""82112.45000000"",""0.00000000""],[""82112.25000000"",""0.00851000""],[""82112.24000000"",""0.00049000""],[""82111.39000000"",""0.00000000""],[""82110.01000000"",""0.00014000""],[""82110.00000000"",""0.12007000""],[""82109.98000000"",""0.00000000""],[""82109.97000000"",""0.00000000""],[""82109.71000000"",""0.00008000""],[""82109.41000000"",""0.00000000""],[""82109.29000000"",""0.00000000""],[""82109.06000000"",""0.00000000""],[""82109.05000000"",""0.00014000""],[""82109.03000000"",""0.00000000""],[""82108.81000000"",""0.02024000""],[""82108.80000000"",""0.03653000""],[""82108.26000000"",""0.00000000""],[""82108.08000000"",""0.00000000""],[""82106.94000000"",""0.00000000""],[""82106.37000000"",""0.00000000""],[""82105.87000000"",""0.00008000""],[""82105.76000000"",""0.00000000""],[""82105.75000000"",""0.00007000""],[""82105.47000000"",""0.00014000""],[""82105.46000000"",""0.11441000""],[""82104.74000000"",""0.00000000""],[""82104.71000000"",""0.00000000""],[""82104.18000000"",""0.00014000""],[""82104.17000000"",""0.07210000""],[""82103.86000000"",""0.00012000""],[""82103.73000000"",""0.00000000""],[""82103.66000000"",""0.00000000""],[""82103.65000000"",""0.00000000""],[""82103.55000000"",""0.00000000""],[""82103.54000000"",""0.00000000""],[""82103.21000000"",""0.00000000""],[""82103.17000000"",""0.00014000""],[""82103.16000000"",""0.09614000""],[""82103.08000000"",""0.00000000""],[""82103.07000000"",""0.03007000""],[""82102.98000000"",""0.00000000""],[""82102.91000000"",""0.00000000""],[""82102.90000000"",""0.00000000""],[""82102.48000000"",""0.00000000""],[""82102.35000000"",""0.00000000""],[""82102.34000000"",""0.09621000""],[""82101.51000000"",""0.00000000""],[""82101.20000000"",""0.00243000""],[""82101.08000000"",""0.00000000""],[""82101.04000000"",""0.00000000""],[""82100.66000000"",""0.00000000""],[""82100.63000000"",""0.00243000""],[""82100.62000000"",""0.00000000""],[""82100.35000000"",""0.10414000""],[""82100.34000000"",""0.00000000""],[""82100.05000000"",""0.00000000""],[""82100.00000000"",""0.23031000""],[""82099.99000000"",""0.00525000""],[""82099.20000000"",""0.00609000""],[""82099.19000000"",""0.00007000""],[""82098.85000000"",""0.00000000""],[""82098.72000000"",""0.00000000""],[""82098.43000000"",""0.00000000""],[""82098.17000000"",""0.00013000""],[""82097.75000000"",""0.00000000""],[""82097.29000000"",""0.00000000""],[""82097.14000000"",""0.00000000""],[""82096.87000000"",""0.12903000""],[""82096.62000000"",""0.00007000""],[""82095.94000000"",""0.00000000""],[""82095.83000000"",""0.00008000""],[""82095.77000000"",""0.00012000""],[""82094.79000000"",""0.00200000""],[""82094.46000000"",""0.00000000""],[""82093.71000000"",""0.02400000""],[""82093.70000000"",""1.35747000""],[""82093.20000000"",""0.00165000""],[""82093.17000000"",""0.00000000""],[""82091.90000000"",""0.00000000""],[""82091.84000000"",""0.00000000""],[""82091.72000000"",""0.00008000""],[""82090.76000000"",""0.00400000""],[""82090.51000000"",""0.00000000""],[""82090.20000000"",""0.00000000""],[""82089.94000000"",""0.01522000""],[""82088.96000000"",""0.00000000""],[""82088.95000000"",""0.00000000""],[""82088.53000000"",""0.00000000""],[""82088.26000000"",""0.00000000""],[""82087.73000000"",""0.00000000""],[""82087.68000000"",""0.00012000""],[""82087.62000000"",""0.00008000""],[""82085.94000000"",""0.00000000""],[""82085.53000000"",""0.30473000""],[""82083.81000000"",""0.00000000""],[""82083.62000000"",""0.00000000""],[""82083.51000000"",""0.00008000""],[""82082.67000000"",""0.00007000""],[""82082.42000000"",""0.00000000""],[""82082.29000000"",""0.00000000""],[""82082.28000000"",""0.00000000""],[""82081.68000000"",""0.00000000""],[""82081.51000000"",""0.30473000""],[""82080.53000000"",""0.00000000""],[""82080.44000000"",""0.00000000""],[""82079.59000000"",""0.00012000""],[""82079.53000000"",""0.00000000""],[""82079.52000000"",""0.00000000""],[""82079.44000000"",""0.00000000""],[""82079.41000000"",""0.00008000""],[""82077.42000000"",""0.00000000""],[""82077.37000000"",""0.30473000""],[""82075.72000000"",""0.00000000""],[""82075.41000000"",""0.00000000""],[""82075.32000000"",""0.08210000""],[""82075.30000000"",""0.00008000""],[""82074.58000000"",""0.00000000""],[""82074.52000000"",""0.62790000""],[""82074.00000000"",""0.02812000""],[""82073.38000000"",""0.00000000""],[""82073.29000000"",""0.30473000""],[""82073.28000000"",""0.00007000""],[""82073.16000000"",""0.00000000""],[""82073.00000000"",""0.00000000""],[""82072.76000000"",""0.00000000""],[""82072.35000000"",""0.00000000""],[""82072.00000000"",""0.02800000""],[""82071.50000000"",""0.00012000""],[""82071.19000000"",""0.00008000""],[""82071.00000000"",""0.00117000""],[""82070.40000000"",""0.00400000""],[""82069.16000000"",""0.00060000""],[""82068.46000000"",""0.00000000""],[""82068.44000000"",""0.00000000""],[""82068.34000000"",""0.00000000""],[""82057.78000000"",""0.12186000""],[""82054.91000000"",""0.00184000""],[""82043.56000000"",""0.00000000""],[""82042.16000000"",""0.00304000""],[""82035.06000000"",""0.02400000""],[""82029.66000000"",""0.00007000""],[""81962.01000000"",""0.00000000""],[""81960.01000000"",""0.00121000""],[""81792.97000000"",""0.00000000""],[""81782.31000000"",""0.00026000""],[""80880.57000000"",""0.00008000""],[""73904.81000000"",""0.00000000""],[""73901.03000000"",""0.00015000""],[""65693.18000000"",""0.00210000""]],""e"":""depthUpdate"",""s"":""BTCUSDT"",""u"":101228066714}"
1791514210,426381685,spot,trade,0,0,1099,BTCUSDT,"{""E"":1791514210273,""M"":true,""T"":1791514210273,""e"":""trade"",""m"":false,""p"":""82112.26000000"",""q"":""0.01353000"",""s"":""BTCUSDT"",""t"":6750016026}"
1791514210,426911986,spot,depth5,0,0,1100,BTCUSDT,"{""asks"":[[""82112.26000000"",""11.92414000""],[""82112.27000000"",""0.00013000""],[""82112.28000000"",""0.00013000""],[""82112.45000000"",""0.00007000""],[""82112.71000000"",""0.00600000""]],""bids"":[[""82112.25000000"",""0.29621000""],[""82112.24000000"",""0.00049000""],[""82111.46000000"",""0.00946000""],[""82111.22000000"",""0.00008000""],[""82111.10000000"",""0.00060000""]],""lastUpdateId"":101228066836}"
1791514210,427345686,spot,depth_diff,0,0,1101,BTCUSDT,"{""E"":1791514210314,""U"":101228066715,""a"":[[""82112.26000000"",""11.92414000""],[""82112.71000000"",""0.00600000""],[""82112.72000000"",""0.93996000""],[""82113.10000000"",""1.32784000""],[""82113.11000000"",""1.33806000""],[""82113.58000000"",""0.01482000""],[""82114.00000000"",""0.00000000""],[""82114.01000000"",""0.00000000""],[""82114.03000000"",""0.00000000""],[""82114.09000000"",""0.00014000""],[""82114.89000000"",""0.01779000""],[""82115.02000000"",""0.00021000""],[""82115.33000000"",""0.00000000""],[""82115.34000000"",""1.24298000""],[""82115.85000000"",""0.00000000""],[""82115.86000000"",""1.33936000""],[""82116.11000000"",""0.00000000""],[""82116.21000000"",""0.01779000""],[""82116.31000000"",""0.00007000""],[""82116.43000000"",""0.00000000""],[""82116.45000000"",""0.00007000""],[""82116.47000000"",""0.00019000""],[""82116.48000000"",""0.51433000""],[""82116.51000000"",""0.00120000""],[""82119.94000000"",""0.00000000""],[""82121.90000000"",""0.00414000""],[""82124.39000000"",""0.30479000""],[""82127.81000000"",""0.00000000""],[""82144.44000000"",""0.00000000""],[""82149.33000000"",""0.00000000""],[""82150.14000000"",""0.02394000""],[""82152.51000000"",""0.00431000""],[""82154.00000000"",""0.01000000""],[""82155.37000000"",""0.00060000""],[""82155.69000000"",""0.00000000""],[""82155.73000000"",""1.53368000""],[""82157.00000000"",""0.03113000""],[""82157.40000000"",""0.00060000""],[""82159.42000000"",""0.00060000""],[""82161.44000000"",""0.00060000""],[""82162.50000000"",""0.00000000""],[""82163.46000000"",""0.00060000""],[""82165.49000000"",""0.00060000""],[""82167.51000000"",""0.00060000""],[""82194.57000000"",""0.00000000""],[""82423.99000000"",""0.36000000""],[""82489.68000000"",""0.36000000""]],""b"":[[""82112.25000000"",""0.29621000""],[""82112.24000000"",""0.00049000""],[""82111.22000000"",""0.00008000""],[""82110.00000000"",""0.12014000""],[""82109.71000000"",""0.00000000""],[""82108.91000000"",""0.00571000""],[""82108.82000000"",""0.00074000""],[""82108.81000000"",""0.02024000""],[""82108.80000000"",""0.03660000""],[""82108.52000000"",""0.00007000""],[""82108.44000000"",""0.00000000""],[""82107.59000000"",""0.00952000""],[""82106.28000000"",""0.01143000""],[""82106.08000000"",""0.00014000""],[""82106.07000000"",""0.07337000""],[""82105.46000000"",""0.11448000""],[""82105.05000000"",""0.00000000""],[""82105.04000000"",""0.09783000""],[""82104.96000000"",""0.01143000""],[""82104.18000000"",""0.00000000""],[""82103.17000000"",""0.00000000""],[""82101.01000000"",""0.00389000""],[""82098.72000000"",""0.00007000""],[""82094.46000000"",""0.00007000""],[""82090.32000000"",""0.02400000""],[""82090.20000000"",""0.00007000""],[""82085.94000000"",""0.00007000""],[""82081.68000000"",""0.00007000""],[""82079.61000000"",""0.00482000""],[""82077.42000000"",""0.00007000""],[""82073.16000000"",""0.00007000""],[""82067.38000000"",""0.00000000""],[""82067.03000000"",""1.53534000""],[""82059.95000000"",""0.00389000""],[""82034.54000000"",""0.00000000""],[""82027.11000000"",""0.00389000""],[""82010.06000000"",""0.02400000""]],""e"":""depthUpdate"",""s"":""BTCUSDT"",""u"":101228066836}"
1791514210,464274437,spot,depth5,0,0,1102,BTCUSDT,"{""asks"":[[""82112.26000000"",""11.92414000""],[""82112.27000000"",""0.00013000""],[""82112.28000000"",""0.00013000""],[""82112.45000000"",""0.00007000""],[""82112.72000000"",""0.93996000""]],""bids"":[[""82112.25000000"",""0.47908000""],[""82112.24000000"",""0.00063000""],[""82111.46000000"",""0.00946000""],[""82111.22000000"",""0.00008000""],[""82111.10000000"",""0.00060000""]],""lastUpdateId"":101228066895}"
1791514210,464956238,spot,depth_diff,0,0,1103,BTCUSDT,"{""E"":1791514210414,""U"":101228066837,""a"":[[""82112.26000000"",""11.92414000""],[""82112.71000000"",""0.00000000""],[""82113.11000000"",""1.33806000""],[""82113.58000000"",""0.02094000""],[""82115.02000000"",""0.00014000""],[""82117.97000000"",""0.00000000""],[""82118.94000000"",""0.00600000""],[""82171.07000000"",""0.00000000""],[""82180.56000000"",""0.00112000""]],""b"":[[""82112.25000000"",""0.47908000""],[""82112.24000000"",""0.00063000""],[""82108.80000000"",""0.03653000""],[""82106.08000000"",""0.00000000""],[""82106.07000000"",""0.00000000""],[""82105.05000000"",""0.00007000""],[""82102.34000000"",""0.09614000""],[""82100.36000000"",""0.00400000""],[""82100.35000000"",""0.10014000""],[""82090.24000000"",""0.02000000""],[""82081.43000000"",""0.60963000""],[""82081.04000000"",""0.00184000""],[""82070.58000000"",""0.00000000""],[""82068.36000000"",""0.00000000""],[""82054.91000000"",""0.00000000""],[""82050.00000000"",""0.03187000""],[""82009.16000000"",""0.64061000""],[""82008.90000000"",""0.02000000""],[""73901.00000000"",""0.00000000""],[""65693.18000000"",""0.00180000""]],""e"":""depthUpdate"",""s"":""BTCUSDT"",""u"":101228066895}"
1791514210,566113175,spot,trade,0,0,1104,BTCUSDT,"{""E"":1791514210510,""M"":true,""T"":1791514210510,""e"":""trade"",""m"":true,""p"":""82112.25000000"",""q"":""0.00085000"",""s"":""BTCUSDT"",""t"":6750016027}"
1791514210,566930276,spot,depth5,0,0,1105,BTCUSDT,"{""asks"":[[""82112.26000000"",""11.92414000""],[""82112.27000000"",""0.00013000""],[""82112.28000000"",""0.00013000""],[""82112.45000000"",""0.00007000""],[""82112.72000000"",""1.40578000""]],""bids"":[[""82112.25000000"",""0.47823000""],[""82112.24000000"",""0.00063000""],[""82111.46000000"",""0.00946000""],[""82111.22000000"",""0.00008000""],[""82111.10000000"",""0.00060000""]],""lastUpdateId"":101228066926}"
1791514210,567671477,spot,depth_diff,0,0,1106,BTCUSDT,"{""E"":1791514210514,""U"":101228066896,""a"":[[""82112.72000000"",""1.40578000""],[""82118.94000000"",""0.00800000""],[""82122.89000000"",""0.00000000""],[""82143.51000000"",""0.32895000""],[""82166.84000000"",""0.00012000""]],""b"":[[""82112.25000000"",""0.47823000""],[""82100.51000000"",""0.60901000""],[""82100.36000000"",""0.00800000""],[""82095.16000000"",""0.02000000""],[""82093.38000000"",""0.00000000""],[""82090.24000000"",""0.04000000""],[""82072.94000000"",""0.32923000""],[""82066.36000000"",""0.00012000""],[""82026.45000000"",""0.02000000""],[""82010.06000000"",""0.00000000""],[""82010.04000000"",""0.02000000""],[""81850.87000000"",""0.00000000""],[""81842.39000000"",""0.00756000""],[""80880.57000000"",""0.00016000""],[""78767.41000000"",""0.00010000""],[""75547.16000000"",""0.00014000""],[""73901.03000000"",""0.00030000""],[""73901.02000000"",""0.00008000""],[""65690.00000000"",""0.00000000""],[""65689.80000000"",""0.00120000""]],""e"":""depthUpdate"",""s"":""BTCUSDT"",""u"":101228066926}"
1791514210,674975223,spot,depth5,0,0,1107,BTCUSDT,"{""asks"":[[""82112.26000000"",""11.92414000""],[""82112.27000000"",""0.00013000""],[""82112.28000000"",""0.00013000""],[""82112.45000000"",""0.00007000""],[""82112.72000000"",""1.40578000""]],""bids"":[[""82112.25000000"",""0.82823000""],[""82112.24000000"",""0.00063000""],[""82111.46000000"",""0.00946000""],[""82111.22000000"",""0.00008000""],[""82111.10000000"",""0.00060000""]],""lastUpdateId"":101228066955}"
1791514210,675744624,spot,depth_diff,0,0,1108,BTCUSDT,"{""E"":1791514210614,""U"":101228066927,""a"":[[""82112.71000000"",""0.00000000""],[""82118.94000000"",""0.00600000""],[""82131.51000000"",""0.00000000""]],""b"":[[""82112.25000000"",""0.82823000""],[""82103.27000000"",""0.01120000""],[""82100.52000000"",""0.09785000""],[""82100.35000000"",""0.00400000""],[""82099.22000000"",""0.00200000""],[""82094.43000000"",""0.02000000""],[""82090.66000000"",""0.02000000""],[""82088.89000000"",""0.06090000""],[""82078.11000000"",""0.00200000""],[""82026.45000000"",""0.00000000""],[""82021.97000000"",""0.02000000""],[""82014.20000000"",""0.02000000""],[""81887.81000000"",""0.00000000""],[""81877.77000000"",""0.01908000""],[""65693.18000000"",""0.00150000""]],""e"":""depthUpdate"",""s"":""BTCUSDT"",""u"":101228066955}"
1791514210,770273952,spot,depth5,0,0,1109,BTCUSDT,"{""asks"":[[""82112.26000000"",""11.92427000""],[""82112.27000000"",""0.00013000""],[""82112.28000000"",""0.00013000""],[""82112.45000000"",""0.00007000""],[""82112.72000000"",""1.40578000""]],""bids"":[[""82112.25000000"",""0.83352000""],[""82112.24000000"",""0.00063000""],[""82111.46000000"",""0.00946000""],[""82111.22000000"",""0.00008000""],[""82111.10000000"",""0.00060000""]],""lastUpdateId"":101228066982}"
1791514210,771123753,spot,depth_diff,0,0,1110,BTCUSDT,"{""E"":1791514210714,""U"":101228066956,""a"":[[""82112.26000000"",""11.92427000""],[""82118.31000000"",""0.00000000""],[""82118.94000000"",""0.00400000""],[""82119.99000000"",""0.15007000""],[""85010.45000000"",""0.00010000""]],""b"":[[""82112.25000000"",""0.83352000""],[""82110.97000000"",""0.00067000""],[""82105.26000000"",""0.00000000""],[""82101.01000000"",""0.00000000""],[""82093.02000000"",""0.00007000""],[""82092.76000000"",""0.00389000""],[""82059.95000000"",""0.00000000""],[""82051.71000000"",""0.00389000""],[""82028.71000000"",""2.10406000""],[""82027.11000000"",""0.00000000""],[""82021.97000000"",""0.00000000""],[""82018.87000000"",""0.00389000""],[""82008.90000000"",""0.00000000""],[""73901.03000000"",""0.00045000""]],""e"":""depthUpdate"",""s"":""BTCUSDT"",""u"":101228066982}"
1791514210,865591481,spot,depth5,0,0,1111,BTCUSDT,"{""asks"":[[""82112.26000000"",""11.92427000""],[""82112.27000000"",""0.00013000""],[""82112.28000000"",""0.00013000""],[""82112.45000000"",""0.00007000""],[""82112.72000000"",""1.40578000""]],""bids"":[[""82112.25000000"",""2.10543000""],[""82112.24000000"",""0.00063000""],[""82112.23000000"",""0.00007000""],[""82111.46000000"",""0.00946000""],[""82111.22000000"",""0.00008000""]],""lastUpdateId"":101228067006}"
1791514210,875973196,spot,depth_diff,0,0,1112,BTCUSDT,"{""E"":1791514210814,""U"":101228066983,""a"":[[""82118.94000000"",""0.00400000""],[""82302.12000000"",""0.00000000""],[""82327.32000000"",""0.01908000""]],""b"":[[""82112.25000000"",""2.10543000""],[""82112.23000000"",""0.00007000""],[""82105.04000000"",""0.00000000""],[""82104.17000000"",""0.00000000""],[""82103.16000000"",""0.00000000""],[""82102.34000000"",""0.00000000""],[""82101.01000000"",""0.03061000""],[""82100.51000000"",""0.00000000""],[""82099.22000000"",""0.00000000""],[""82090.31000000"",""0.88280000""],[""82064.13000000"",""0.00018000""],[""82010.04000000"",""0.00000000""],[""80880.57000000"",""0.00024000""],[""65693.18000000"",""0.00120000""]],""e"":""depthUpdate"",""s"":""BTCUSDT"",""u"":101228067006}"
1791514210,974116829,spot,depth5,0,0,1113,BTCUSDT,"{""asks"":[[""82112.26000000"",""11.92427000""],[""82112.27000000"",""0.00013000""],[""82112.28000000"",""0.00013000""],[""82112.45000000"",""0.00007000""],[""82112.72000000"",""1.40578000""]],""bids"":[[""82112.25000000"",""2.10557000""],[""82112.24000000"",""0.00063000""],[""82112.23000000"",""0.00007000""],[""82111.46000000"",""0.00946000""],[""82111.22000000"",""0.00008000""]],""lastUpdateId"":101228067047}"
1791514210,975441531,spot,depth_diff,0,0,1114,BTCUSDT,"{""E"":1791514210914,""U"":101228067007,""a"":[[""82114.01000000"",""0.00977000""],[""82115.04000000"",""0.00007000""],[""82116.47000000"",""0.00007000""],[""82117.92000000"",""0.00000000""],[""82119.50000000"",""0.00243000""],[""82119.83000000"",""0.00200000""],[""82119.94000000"",""0.00400000""],[""82119.98000000"",""0.00200000""],[""82119.99000000"",""0.15000000""],[""82124.98000000"",""0.00007000""],[""82129.20000000"",""0.00000000""],[""82164.48000000"",""0.00000000""]],""b"":[[""82112.25000000"",""2.10557000""],[""82105.46000000"",""0.22635000""],[""82105.05000000"",""0.00000000""],[""82103.08000000"",""0.00007000""],[""82103.07000000"",""0.03007000""],[""82102.98000000"",""0.00007000""],[""82101.92000000"",""0.60900000""],[""82101.71000000"",""0.00000000""],[""82101.05000000"",""0.00000000""],[""82100.52000000"",""0.00000000""],[""82096.34000000"",""0.00000000""],[""82095.25000000"",""0.02000000""],[""82094.35000000"",""0.02000000""],[""82092.12000000"",""0.00007000""],[""82090.32000000"",""0.04400000""],[""82079.03000000"",""0.50604000""],[""82075.27000000"",""0.00864000""],[""82021.60000000"",""0.00000000""],[""82015.04000000"",""0.02000000""],[""82014.12000000"",""0.02000000""],[""65690.00000000"",""0.00000000""]],""e"":""depthUpdate"",""s"":""BTCUSDT"",""u"":101228067047}"
1791514211,64862752,spot,depth5,0,0,1115,BTCUSDT,"{""asks"":[[""82112.26000000"",""11.92827000""],[""82112.27000000"",""0.00013000""],[""82112.28000000"",""0.00013000""],[""82112.45000000"",""0.00007000""],[""82112.72000000"",""1.40578000""]],""bids"":[[""82112.25000000"",""2.10557000""],[""82112.24000000"",""0.00063000""],[""82112.23000000"",""0.00007000""],[""82111.46000000"",""0.00946000""],[""82111.22000000"",""0.00008000""]],""lastUpdateId"":101228067068}"
1791514211,65754953,spot,depth_diff,0,0,1116,BTCUSDT,"{""E"":1791514211014,""U"":101228067048,""a"":[[""82112.26000000"",""11.92827000""],[""82116.48000000"",""0.24233000""],[""82135.07000000"",""0.00200000""],[""82139.78000000"",""0.30472000""],[""82151.01000000"",""0.00000000""],[""82327.32000000"",""0.00000000""],[""83343.95000000"",""0.00030000""]],""b"":[[""82102.48000000"",""0.00243000""],[""82100.63000000"",""0.00000000""],[""82100.35000000"",""0.00600000""],[""82100.13000000"",""0.00609000""],[""82090.77000000"",""0.00000000""],[""82086.79000000"",""0.41806000""],[""82075.27000000"",""0.00000000""],[""82051.48000000"",""0.00000000""],[""80880.57000000"",""0.00032000""],[""80880.56000000"",""0.00030000""],[""75547.16000000"",""0.00000000""],[""73901.03000000"",""0.00060000""],[""65693.18000000"",""0.00090000""],[""65689.80000000"",""0.00240000""]],""e"":""depthUpdate"",""s"":""BTCUSDT"",""u"":101228067068}"
1791514211,116886223,spot,trade,0,0,1117,BTCUSDT,"{""E"":1791514211064,""M"":true,""T"":1791514211064,""e"":""trade"",""m"":false,""p"":""82112.26000000"",""q"":""0.00060000"",""s"":""BTCUSDT"",""t"":6750016028}"
1791514211,178988907,spot,depth5,0,0,1118,BTCUSDT,"{""asks"":[[""82112.26000000"",""12.20713000""],[""82112.27000000"",""0.00013000""],[""82112.28000000"",""0.00013000""],[""82112.45000000"",""0.00007000""],[""82112.71000000"",""0.00400000""]],""bids"":[[""82112.25000000"",""0.31416000""],[""82112.24000000"",""0.00069000""],[""82112.23000000"",""0.00020000""],[""82111.46000000"",""0.00946000""],[""82111.22000000"",""0.00008000""]],""lastUpdateId"":101228067134}"
1791514211,179884509,spot,depth_diff,0,0,1119,BTCUSDT,"{""E"":1791514211114,""U"":101228067069,""a"":[[""82112.26000000"",""12.20713000""],[""82112.71000000"",""0.00400000""],[""82113.11000000"",""1.33656000""],[""82113.58000000"",""0.01482000""],[""82116.48000000"",""0.20580000""],[""82118.94000000"",""0.00200000""],[""82119.83000000"",""0.00000000""],[""82119.94000000"",""0.00000000""],[""82119.98000000"",""0.00000000""],[""82121.31000000"",""0.00000000""],[""82123.55000000"",""0.00013000""],[""82127.65000000"",""0.00013000""],[""82354.06000000"",""0.00000000""]],""b"":[[""82112.25000000"",""0.31416000""],[""82112.24000000"",""0.00069000""],[""82112.23000000"",""0.00020000""],[""82110.00000000"",""0.12007000""],[""82108.82000000"",""0.00060000""],[""82108.81000000"",""0.00014000""],[""82104.01000000"",""0.09785000""],[""82103.95000000"",""0.00243000""],[""82103.08000000"",""0.00014000""],[""82103.07000000"",""0.03014000""],[""82102.99000000"",""0.00007000""],[""82102.98000000"",""0.07345000""],[""82102.90000000"",""0.00196000""],[""82102.48000000"",""0.00000000""],[""82101.95000000"",""0.09785000""],[""82101.93000000"",""0.07338000""],[""82101.51000000"",""0.00243000""],[""82101.19000000"",""0.00000000""],[""82100.35000000"",""0.00200000""],[""82100.13000000"",""0.00000000""],[""82098.46000000"",""0.00609000""],[""82097.46000000"",""0.00609000""],[""82096.86000000"",""0.00013000""],[""82094.01000000"",""0.00200000""],[""82071.00000000"",""0.00120000""],[""82034.24000000"",""0.02000000""],[""82015.04000000"",""0.00000000""],[""82014.20000000"",""0.00000000""],[""73901.02000000"",""0.00000000""],[""73901.01000000"",""0.00008000""]],""e"":""depthUpdate"",""s"":""BTCUSDT"",""u"":101228067134}"
1791514211,272066034,spot,depth5,0,0,1120,BTCUSDT,"{""asks"":[[""82112.26000000"",""12.20726000""],[""82112.27000000"",""0.00013000""],[""82112.28000000"",""0.00013000""],[""82112.45000000"",""0.00007000""],[""82112.72000000"",""1.40578000""]],""bids"":[[""82112.25000000"",""0.12197000""],[""82112.24000000"",""0.00069000""],[""82112.23000000"",""0.00020000""],[""82111.46000000"",""0.00946000""],[""82111.22000000"",""0.00008000""]],""lastUpdateId"":101228067175}"
1791514211,276780941,spot,depth_diff,0,0,1121,BTCUSDT,"{""E"":1791514211214,""U"":101228067135,""a"":[[""82112.26000000"",""12.20726000""],[""82112.71000000"",""0.00000000""],[""82116.15000000"",""0.00007000""],[""82118.15000000"",""0.00400000""],[""82121.67000000"",""0.00000000""],[""82123.61000000"",""0.00007000""],[""82137.08000000"",""0.00000000""],[""82167.99000000"",""0.00304000""],[""82172.19000000"",""0.00000000""],[""82178.04000000"",""0.00304000""],[""82182.39000000"",""0.00000000""],[""82195.49000000"",""0.00007000""],[""82251.81000000"",""0.00191000""],[""82255.37000000"",""0.00000000""],[""82344.47000000"",""0.01908000""]],""b"":[[""82112.25000000"",""0.12197000""],[""82105.47000000"",""0.09799000""],[""82105.46000000"",""0.22642000""],[""82104.02000000"",""0.00014000""],[""82103.07000000"",""0.03007000""],[""82102.99000000"",""0.00000000""],[""82101.96000000"",""0.00600000""],[""82100.36000000"",""0.00200000""],[""82100.35000000"",""0.00000000""],[""82100.34000000"",""0.09785000""],[""82094.01000000"",""0.00000000""],[""82092.35000000"",""0.15299000""],[""82042.16000000"",""0.00000000""],[""82039.88000000"",""0.00304000""],[""82034.23000000"",""0.02000000""],[""82032.23000000"",""0.00000000""],[""82029.91000000"",""0.00202000""],[""82014.12000000"",""0.00000000""],[""81960.01000000"",""0.00000000""],[""81956.01000000"",""0.00121000""],[""81950.69000000"",""0.00000000""],[""81946.04000000"",""0.00087000""],[""73901.03000000"",""0.00075000""],[""65693.18000000"",""0.00060000""]],""e"":""depthUpdate"",""s"":""BTCUSDT"",""u"":101228067175}"
1791514211,364425160,spot,depth5,0,0,1122,BTCUSDT,"{""asks"":[[""82112.26000000"",""12.24379000""],[""82112.27000000"",""0.00013000""],[""82112.28000000"",""0.00013000""],[""82112.45000000"",""0.00007000""],[""82112.72000000"",""1.40578000""]],""bids"":[[""82112.25000000"",""0.12204000""],[""82112.24000000"",""0.00069000""],[""82112.23000000"",""0.00020000""],[""82111.79000000"",""0.00007000""],[""82111.46000000"",""0.00946000""]],""lastUpdateId"":101228067193}"
1791514211,367829264,spot,depth_diff,0,0,1123,BTCUSDT,"{""E"":1791514211314,""U"":101228067176,""a"":[[""82112.26000000"",""12.24379000""],[""82118.15000000"",""0.00400000""],[""82124.58000000"",""0.06088000""],[""82143.82000000"",""0.49977000""]],""b"":[[""82112.25000000"",""0.12204000""],[""82111.79000000"",""0.00007000""],[""82108.80000000"",""0.03660000""],[""82106.07000000"",""0.07338000""],[""82105.48000000"",""0.00014000""],[""82103.08000000"",""0.00000000""],[""82101.97000000"",""0.00400000""],[""82070.48000000"",""0.32924000""],[""82054.48000000"",""1.74731000""],[""82001.51000000"",""0.00000000""]],""e"":""depthUpdate"",""s"":""BTCUSDT"",""u"":101228067193}"
1791514211,468279001,spot,depth5,0,0,1124,BTCUSDT,"{""asks"":[[""82112.26000000"",""12.24379000""],[""82112.27000000"",""0.00013000""],[""82112.28000000"",""0.00013000""],[""82112.45000000"",""0.00007000""],[""82112.72000000"",""1.40578000""]],""bids"":[[""82112.25000000"",""0.12204000""],[""82112.24000000"",""0.00069000""],[""82112.23000000"",""0.00020000""],[""82111.79000000"",""0.00007000""],[""82111.46000000"",""0.00946000""]],""lastUpdateId"":101228067205}"
1791514211,469797703,spot,depth_diff,0,0,1125,BTCUSDT,"{""E"":1791514211414,""U"":101228067194,""a"":[[""82118.15000000"",""0.00600000""],[""82231.43000000"",""0.00000000""]],""b"":[[""82109.87000000"",""0.00060000""],[""82108.80000000"",""0.03667000""],[""82106.08000000"",""0.00014000""],[""82104.02000000"",""0.00000000""],[""82103.07000000"",""0.03000000""],[""82098.87000000"",""0.00200000""],[""65693.18000000"",""0.00030000""],[""43219.20000000"",""0.00035000""]],""e"":""depthUpdate"",""s"":""BTCUSDT"",""u"":101228067205}"
1791514211,571246341,spot,depth5,0,0,1126,BTCUSDT,"{""asks"":[[""82112.26000000"",""12.24392000""],[""82112.27000000"",""0.00013000""],[""82112.28000000"",""0.00013000""],[""82112.45000000"",""0.00007000""],[""82112.72000000"",""1.40578000""]],""bids"":[[""82112.25000000"",""0.12204000""],[""82112.24000000"",""0.00069000""],[""82112.23000000"",""0.00020000""],[""82111.79000000"",""0.00007000""],[""82111.46000000"",""0.00946000""]],""lastUpdateId"":101228067209}"
1791514211,572793743,spot,depth_diff,0,0,1127,BTCUSDT,"{""E"":1791514211514,""U"":101228067206,""a"":[[""82112.26000000"",""12.24392000""]],""b"":[[""73901.03000000"",""0.00090000""],[""73901.00000000"",""0.00000000""]],""e"":""depthUpdate"",""s"":""BTCUSDT"",""u"":101228067209}"
1791514211,667365872,spot,depth5,0,0,1128,BTCUSDT,"{""asks"":[[""82112.26000000"",""12.24392000""],[""82112.27000000"",""0.00013000""],[""82112.28000000"",""0.00013000""],[""82112.45000000"",""0.00007000""],[""82112.72000000"",""1.40578000""]],""bids"":[[""82112.25000000"",""0.30597000""],[""82112.24000000"",""0.00069000""],[""82112.23000000"",""0.00020000""],[""82111.79000000"",""0.00007000""],[""82111.46000000"",""0.00946000""]],""lastUpdateId"":101228067213}"
1791514211,715760238,spot,depth_diff,0,0,1129,BTCUSDT,"{""E"":1791514211614,""U"":101228067210,""a"":[],""b"":[[""82112.25000000"",""0.30597000""],[""80880.57000000"",""0.00040000""],[""65693.18000000"",""0.00000000""]],""e"":""depthUpdate"",""s"":""BTCUSDT"",""u"":101228067213}"
1791514211,765839606,spot,depth5,0,0,1130,BTCUSDT,"{""asks"":[[""82112.26000000"",""12.24392000""],[""82112.27000000"",""0.00013000""],[""82112.28000000"",""0.00013000""],[""82112.45000000"",""0.00007000""],[""82112.72000000"",""1.40578000""]],""bids"":[[""82112.25000000"",""0.30597000""],[""82112.24000000"",""0.00069000""],[""82112.23000000"",""0.00020000""],[""82111.79000000"",""0.00007000""],[""82111.46000000"",""0.00946000""]],""lastUpdateId"":101228067222}"
1791514211,768334409,spot,depth_diff,0,0,1131,BTCUSDT,"{""E"":1791514211714,""U"":101228067214,""a"":[[""82118.15000000"",""0.01000000""]],""b"":[[""82100.84000000"",""0.04081000""],[""65690.00000000"",""0.00000000""]],""e"":""depthUpdate"",""s"":""BTCUSDT"",""u"":101228067222}"
1791514211,864762041,spot,depth5,0,0,1132,BTCUSDT,"{""asks"":[[""82112.26000000"",""11.31342000""],[""82112.27000000"",""0.00013000""],[""82112.28000000"",""0.00013000""],[""82112.45000000"",""0.00007000""],[""82112.71000000"",""0.00014000""]],""bids"":[[""82112.25000000"",""0.68079000""],[""82112.24000000"",""0.00069000""],[""82112.23000000"",""0.00020000""],[""82111.46000000"",""0.00946000""],[""82111.22000000"",""0.00008000""]],""lastUpdateId"":101228067271}"
1791514211,865522442,spot,depth_diff,0,0,1133,BTCUSDT,"{""E"":1791514211814,""U"":101228067223,""a"":[[""82112.26000000"",""11.31342000""],[""82112.71000000"",""0.00014000""],[""82113.05000000"",""0.00014000""],[""82113.09000000"",""0.00014000""],[""82113.10000000"",""1.32798000""],[""82113.11000000"",""1.22778000""],[""82113.58000000"",""0.02092000""],[""82114.80000000"",""0.00007000""],[""82116.48000000"",""0.20573000""],[""82117.68000000"",""0.00000000""],[""82118.15000000"",""0.00200000""],[""82118.94000000"",""0.00600000""],[""86116.54000000"",""0.00000000""]],""b"":[[""82112.25000000"",""0.68079000""],[""82111.79000000"",""0.00000000""],[""82108.80000000"",""0.03674000""],[""82107.11000000"",""0.08913000""],[""82107.10000000"",""0.09785000""],[""82105.47000000"",""0.09785000""],[""82103.07000000"",""0.03000000""],[""82098.87000000"",""0.00000000""],[""73901.03000000"",""0.00105000""],[""65690.00000000"",""0.00000000""],[""65689.80000000"",""0.00210000""]],""e"":""depthUpdate"",""s"":""BTCUSDT"",""u"":101228067271}"
1791514211,967475880,spot,depth5,0,0,1134,BTCUSDT,"{""asks"":[[""82112.26000000"",""11.31342000""],[""82112.27000000"",""0.00013000""],[""82112.28000000"",""0.00013000""],[""82112.45000000"",""0.00007000""],[""82112.71000000"",""0.00014000""]],""bids"":[[""82112.25000000"",""0.65749000""],[""82112.24000000"",""0.00069000""],[""82112.23000000"",""0.00020000""],[""82111.46000000"",""0.00946000""],[""82111.22000000"",""0.00008000""]],""lastUpdateId"":101228067294}"
1791514211,968518082,spot,depth_diff,0,0,1135,BTCUSDT,"{""E"":1791514211914,""U"":101228067272,""a"":[[""82124.98000000"",""0.00000000""]],""b"":[[""82112.25000000"",""0.65749000""],[""82108.80000000"",""0.03681000""],[""82107.12000000"",""0.00014000""],[""82105.48000000"",""0.00000000""],[""82105.46000000"",""0.22635000""],[""82101.97000000"",""0.00000000""],[""82101.96000000"",""0.00200000""],[""82100.35000000"",""0.00400000""],[""82099.51000000"",""0.00200000""],[""82092.12000000"",""0.00000000""],[""82088.10000000"",""0.58739000""],[""82051.48000000"",""0.00872000""],[""82035.07000000"",""0.04893000""],[""82034.76000000"",""0.00000000""],[""81987.82000000"",""0.44539000""],[""81987.79000000"",""0.00000000""],[""80880.57000000"",""0.00048000""],[""65690.00000000"",""0.00200000""]],""e"":""depthUpdate"",""s"":""BTCUSDT"",""u"":101228067294}"
1791514212,64462013,spot,depth5,0,0,1136,BTCUSDT,"{""asks"":[[""82112.26000000"",""11.31342000""],[""82112.27000000"",""0.00013000""],[""82112.28000000"",""0.00013000""],[""82112.45000000"",""0.00007000""],[""82112.71000000"",""0.00014000""]],""bids"":[[""82112.25000000"",""0.65749000""],[""82112.24000000"",""0.00069000""],[""82112.23000000"",""0.00020000""],[""82111.46000000"",""0.00946000""],[""82111.22000000"",""0.00008000""]],""lastUpdateId"":101228067305}"
1791514212,65854215,spot,depth_diff,0,0,1137,BTCUSDT,"{""E"":1791514212014,""U"":101228067295,""a"":[[""82124.98000000"",""0.00007000""],[""83343.95000000"",""0.00000000""]],""b"":[[""82092.12000000"",""0.00007000""],[""80880.56000000"",""0.00000000""],[""73901.03000000"",""0.00120000""],[""65690.00000000"",""0.00000000""],[""65689.80000000"",""0.00300000""]],""e"":""depthUpdate"",""s"":""BTCUSDT"",""u"":101228067305}"
1791514212,164564749,spot,depth5,0,0,1138,BTCUSDT,"{""asks"":[[""82112.26000000"",""11.42024000""],[""82112.27000000"",""0.00013000""],[""82112.28000000"",""0.00013000""],[""82112.45000000"",""0.00007000""],[""82112.71000000"",""0.00014000""]],""bids"":[[""82112.25000000"",""0.76553000""],[""82112.24000000"",""0.00069000""],[""82112.23000000"",""0.00020000""],[""82111.46000000"",""0.00946000""],[""82111.22000000"",""0.00008000""]],""lastUpdateId"":101228067324}"
1791514212,165398850,spot,depth_diff,0,0,1139,BTCUSDT,"{""E"":1791514212114,""U"":101228067306,""a"":[[""82112.26000000"",""11.42024000""],[""82113.09000000"",""0.00596000""],[""82113.58000000"",""0.01482000""],[""82119.50000000"",""0.00000000""],[""82119.76000000"",""0.00243000""],[""82132.46000000"",""0.10682000""],[""83343.95000000"",""0.00030000""]],""b"":[[""82112.25000000"",""0.76553000""],[""82102.90000000"",""0.10878000""],[""80880.57000000"",""0.00056000""],[""80880.56000000"",""0.00030000""],[""79189.00000000"",""0.00079000""]],""e"":""depthUpdate"",""s"":""BTCUSDT"",""u"":101228067324}"
1791514212,264861586,spot,depth5,0,0,1140,BTCUSDT,"{""asks"":[[""82112.26000000"",""11.42024000""],[""82112.27000000"",""0.00013000""],[""82112.28000000"",""0.00013000""],[""82112.45000000"",""0.00007000""],[""82112.71000000"",""0.00014000""]],""bids"":[[""82112.25000000"",""0.76553000""],[""82112.24000000"",""0.00069000""],[""82112.23000000"",""0.00020000""],[""82111.46000000"",""0.00946000""],[""82111.22000000"",""0.00008000""]],""lastUpdateId"":101228067328}"
1791514212,266372188,spot,depth_diff,0,0,1141,BTCUSDT,"{""E"":1791514212214,""U"":101228067325,""a"":[[""82119.76000000"",""0.00000000""]],""b"":[[""82100.35000000"",""0.00800000""],[""65689.80000000"",""0.00270000""]],""e"":""depthUpdate"",""s"":""BTCUSDT"",""u"":101228067328}"
1791514212,364286122,spot,depth5,0,0,1142,BTCUSDT,"{""asks"":[[""82112.26000000"",""11.42220000""],[""82112.27000000"",""0.00013000""],[""82112.28000000"",""0.00013000""],[""82112.45000000"",""0.00007000""],[""82112.71000000"",""0.00014000""]],""bids"":[[""82112.25000000"",""0.76553000""],[""82112.24000000"",""0.00069000""],[""82112.23000000"",""0.00020000""],[""82111.46000000"",""0.00946000""],[""82111.22000000"",""0.00008000""]],""lastUpdateId"":101228067339}"
1791514212,364993622,spot,depth_diff,0,0,1143,BTCUSDT,"{""E"":1791514212314,""U"":101228067329,""a"":[[""82112.26000000"",""11.42220000""],[""82114.24000000"",""0.00200000""],[""82117.39000000"",""0.00013000""],[""82117.68000000"",""0.00196000""],[""82119.78000000"",""0.00243000""]],""b"":[[""82071.93000000"",""0.05652000""],[""81997.29000000"",""0.00030000""],[""73901.03000000"",""0.00135000""],[""43219.20000000"",""0.00000000""]],""e"":""depthUpdate"",""s"":""BTCUSDT"",""u"":101228067339}"
1791514212,465043359,spot,depth5,0,0,1144,BTCUSDT,"{""asks"":[[""82112.26000000"",""11.42220000""],[""82112.27000000"",""0.00013000""],[""82112.28000000"",""0.00013000""],[""82112.45000000"",""0.00007000""],[""82112.71000000"",""0.00014000""]],""bids"":[[""82112.25000000"",""0.59541000""],[""82112.24000000"",""0.00069000""],[""82112.23000000"",""0.00020000""],[""82111.46000000"",""0.00946000""],[""82111.22000000"",""0.00008000""]],""lastUpdateId"":101228067360}"
1791514212,465769660,spot,depth_diff,0,0,1145,BTCUSDT,"{""E"":1791514212414,""U"":101228067340,""a"":[[""82114.80000000"",""0.00000000""],[""82227.21000000"",""0.00030000""]],""b"":[[""82112.25000000"",""0.59541000""],[""82108.80000000"",""0.03674000""],[""82107.11000000"",""0.05970000""],[""82107.10000000"",""0.00000000""],[""82105.48000000"",""0.00007000""],[""82104.01000000"",""0.09785000""],[""82100.34000000"",""0.00000000""],[""82099.51000000"",""0.00000000""],[""80880.57000000"",""0.00064000""],[""65689.80000000"",""0.00240000""]],""e"":""depthUpdate"",""s"":""BTCUSDT"",""u"":101228067360}"
1791514212,564435995,spot,depth5,0,0,1146,BTCUSDT,"{""asks"":[[""82112.26000000"",""11.42220000""],[""82112.27000000"",""0.00013000""],[""82112.28000000"",""0.00013000""],[""82112.45000000"",""0.00007000""],[""82112.71000000"",""0.00014000""]],""bids"":[[""82112.25000000"",""0.59541000""],[""82112.24000000"",""0.00069000""],[""82112.23000000"",""0.00020000""],[""82111.46000000"",""0.00946000""],[""82111.22000000"",""0.00008000""]],""lastUpdateId"":101228067367}"
1791514212,565505196,spot,depth_diff,0,0,1147,BTCUSDT,"{""E"":1791514212514,""U"":101228067361,""a"":[[""82204.19000000"",""0.72684000""],[""82214.99000000"",""0.00000000""]],""b"":[[""82101.96000000"",""0.00400000""],[""82100.35000000"",""0.00200000""],[""73901.03000000"",""0.00150000""]],""e"":""depthUpdate"",""s"":""BTCUSDT"",""u"":101228067367}"
1791514212,667997936,spot,depth5,0,0,1148,BTCUSDT,"{""asks"":[[""82112.26000000"",""11.42220000""],[""82112.27000000"",""0.00013000""],[""82112.28000000"",""0.00013000""],[""82112.45000000"",""0.00007000""],[""82112.71000000"",""0.00014000""]],""bids"":[[""82112.25000000"",""0.42626000""],[""82112.24000000"",""0.00069000""],[""82112.23000000"",""0.00020000""],[""82111.46000000"",""0.00946000""],[""82111.22000000"",""0.00008000""]],""lastUpdateId"":101228067384}"
1791514212,672922042,spot,depth_diff,0,0,1149,BTCUSDT,"{""E"":1791514212614,""U"":101228067368,""a"":[[""82233.35000000"",""0.00025000""],[""82243.78000000"",""0.00009000""],[""83500.00000000"",""7.24703000""]],""b"":[[""82112.25000000"",""0.42626000""],[""82106.07000000"",""0.00000000""],[""82101.96000000"",""0.00800000""],[""65690.00000000"",""0.00000000""],[""65689.80000000"",""0.00210000""]],""e"":""depthUpdate"",""s"":""BTCUSDT"",""u"":101228067384}"
1791514212,688346464,spot,trade,0,0,1150,BTCUSDT,"{""E"":1791514212638,""M"":true,""T"":1791514212637,""e"":""trade"",""m"":false,""p"":""82112.26000000"",""q"":""0.00060000"",""s"":""BTCUSDT"",""t"":6750016029}"
1791514212,764386367,spot,depth5,0,0,1151,BTCUSDT,"{""asks"":[[""82112.26000000"",""11.42160000""],[""82112.27000000"",""0.00013000""],[""82112.28000000"",""0.00013000""],[""82112.45000000"",""0.00007000""],[""82112.71000000"",""0.00014000""]],""bids"":[[""82112.25000000"",""0.42626000""],[""82112.24000000"",""0.00069000""],[""82112.23000000"",""0.00020000""],[""82111.46000000"",""0.00946000""],[""82111.22000000"",""0.00008000""]],""lastUpdateId"":101228067406}"
1791514212,765154668,spot,depth_diff,0,0,1152,BTCUSDT,"{""E"":1791514212714,""U"":101228067385,""a"":[[""82112.26000000"",""11.42160000""],[""82126.55000000"",""0.12186000""],[""82155.03000000"",""0.00000000""]],""b"":[[""82108.80000000"",""0.03667000""],[""82107.11000000"",""0.03781000""],[""82106.08000000"",""0.00000000""],[""82105.48000000"",""0.00014000""],[""82105.47000000"",""0.09792000""],[""82105.46000000"",""0.31241000""],[""82104.01000000"",""0.09792000""],[""82103.07000000"",""0.03007000""],[""82101.97000000"",""0.00200000""],[""82100.35000000"",""0.00000000""],[""82098.79000000"",""0.00200000""],[""80880.57000000"",""0.00064000""],[""73901.01000000"",""0.00000000""],[""73901.00000000"",""0.00000000""]],""e"":""depthUpdate"",""s"":""BTCUSDT"",""u"":101228067406}"
1791514212,864323704,spot,depth5,0,0,1153,BTCUSDT,"{""asks"":[[""82112.26000000"",""11.42160000""],[""82112.27000000"",""0.00013000""],[""82112.28000000"",""0.00013000""],[""82112.45000000"",""0.00007000""],[""82112.71000000"",""0.00014000""]],""bids"":[[""82112.25000000"",""0.42626000""],[""82112.24000000"",""0.00069000""],[""82112.23000000"",""0.00020000""],[""82111.46000000"",""0.00946000""],[""82111.22000000"",""0.00008000""]],""lastUpdateId"":101228067410}"
1791514212,865404805,spot,depth_diff,0,0,1154,BTCUSDT,"{""E"":1791514212814,""U"":101228067407,""a"":[],""b"":[[""81932.27000000"",""0.00636000""],[""81918.25000000"",""0.00000000""],[""73901.03000000"",""0.00165000""],[""65689.80000000"",""0.00180000""]],""e"":""depthUpdate"",""s"":""BTCUSDT"",""u"":101228067410}"
1791514212,970876549,spot,depth5,0,0,1155,BTCUSDT,"{""asks"":[[""82112.26000000"",""12.37571000""],[""82112.27000000"",""0.00013000""],[""82112.28000000"",""0.00013000""],[""82112.45000000"",""0.00007000""],[""82112.71000000"",""0.00200000""]],""bids"":[[""82112.25000000"",""0.22872000""],[""82112.24000000"",""0.00062000""],[""82112.23000000"",""0.00020000""],[""82111.79000000"",""0.00007000""],[""82111.46000000"",""0.00946000""]],""lastUpdateId"":101228067568}"
1791514212,972057550,spot,depth_diff,0,0,1156,BTCUSDT,"{""E"":1791514212914,""U"":101228067411,""a"":[[""82112.26000000"",""12.37571000""],[""82112.71000000"",""0.00200000""],[""82113.05000000"",""0.00000000""],[""82113.09000000"",""0.00000000""],[""82113.10000000"",""1.32784000""],[""82113.11000000"",""0.18014000""],[""82113.57000000"",""0.01218000""],[""82113.58000000"",""0.02137000""],[""82113.98000000"",""0.00000000""],[""82114.09000000"",""0.00007000""],[""82114.24000000"",""0.00000000""],[""82114.81000000"",""0.00007000""],[""82115.34000000"",""0.09020000""],[""82115.35000000"",""0.00000000""],[""82115.72000000"",""0.00410000""],[""82115.76000000"",""0.00000000""],[""82117.68000000"",""0.00000000""],[""82117.99000000"",""0.36755000""],[""82118.15000000"",""0.00200000""],[""82118.94000000"",""0.00200000""],[""82119.78000000"",""0.00000000""],[""82119.99000000"",""0.15007000""],[""82120.47000000"",""0.34764000""],[""82120.74000000"",""0.00022000""],[""82121.47000000"",""1.06288000""],[""82121.58000000"",""0.03653000""],[""82121.90000000"",""0.00400000""],[""82121.99000000"",""0.00000000""],[""82123.12000000"",""0.36559000""],[""82123.59000000"",""0.00000000""],[""82123.80000000"",""0.09344000""],[""82126.56000000"",""0.00007000""],[""82132.46000000"",""0.00000000""],[""82178.05000000"",""0.89958000""],[""82179.41000000"",""0.00000000""]],""b"":[[""82112.25000000"",""0.22872000""],[""82112.24000000"",""0.00062000""],[""82111.79000000"",""0.00007000""],[""82109.05000000"",""0.00007000""],[""82108.81000000"",""0.00000000""],[""82108.80000000"",""0.00000000""],[""82107.12000000"",""0.00000000""],[""82107.11000000"",""0.00000000""],[""82106.79000000"",""0.03653000""],[""82106.50000000"",""0.00000000""],[""82105.48000000"",""0.00000000""],[""82105.47000000"",""0.00014000""],[""82105.46000000"",""0.12595000""],[""82104.02000000"",""0.00014000""],[""82104.01000000"",""0.09792000""],[""82103.95000000"",""0.00000000""],[""82103.07000000"",""0.00000000""],[""82102.99000000"",""0.00014000""],[""82102.98000000"",""0.09792000""],[""82102.91000000"",""0.00014000""],[""82102.90000000"",""0.10885000""],[""82102.89000000"",""0.00243000""],[""82101.98000000"",""0.00000000""],[""82101.97000000"",""0.09985000""],[""82101.95000000"",""0.00000000""],[""82101.93000000"",""0.00000000""],[""82101.92000000"",""0.00000000""],[""82101.50000000"",""0.00000000""],[""82100.92000000"",""0.09785000""],[""82100.34000000"",""0.09785000""],[""82100.32000000"",""0.00000000""],[""82098.79000000"",""0.00000000""],[""82098.52000000"",""0.60903000""],[""82098.16000000"",""0.15000000""],[""82097.70000000"",""0.00047000""],[""82093.72000000"",""0.34751000""],[""82093.70000000"",""1.00996000""],[""82078.11000000"",""0.00000000""],[""82077.14000000"",""0.00200000""],[""82064.22000000"",""0.03461000""],[""82062.79000000"",""0.00000000""],[""82059.93000000"",""0.00752000""],[""82051.59000000"",""0.00432000""],[""80880.57000000"",""0.00056000""],[""74990.00000000"",""0.00371000""],[""43219.20000000"",""0.00035000""]],""e"":""depthUpdate"",""s"":""BTCUSDT"",""u"":101228067568}"
1791514213,64878977,spot,depth5,0,0,1157,BTCUSDT,"{""asks"":[[""82112.26000000"",""12.37584000""],[""82112.27000000"",""0.00013000""],[""82112.28000000"",""0.00013000""],[""82112.45000000"",""0.00007000""],[""82112.72000000"",""1.40578000""]],""bids"":[[""82112.25000000"",""0.41272000""],[""82112.24000000"",""0.00062000""],[""82112.23000000"",""0.00020000""],[""82111.79000000"",""0.00007000""],[""82111.46000000"",""0.00946000""]],""lastUpdateId"":101228067610}"
1791514213,66570580,spot,depth_diff,0,0,1158,BTCUSDT,"{""E"":1791514213014,""U"":101228067569,""a"":[[""82112.26000000"",""12.37584000""],[""82112.71000000"",""0.00000000""],[""82115.76000000"",""0.00007000""],[""82117.98000000"",""0.00200000""],[""82118.50000000"",""0.00243000""],[""82124.98000000"",""0.00007000""],[""82176.42000000"",""0.01691000""],[""82190.61000000"",""0.00000000""]],""b"":[[""82112.25000000"",""0.41272000""],[""82110.00000000"",""0.12014000""],[""82106.80000000"",""0.00014000""],[""82105.46000000"",""0.12602000""],[""82105.05000000"",""0.00014000""],[""82105.04000000"",""0.07338000""],[""82102.99000000"",""0.00000000""],[""82102.91000000"",""0.00000000""],[""82102.90000000"",""0.10878000""],[""82101.97000000"",""0.09785000""],[""82101.96000000"",""0.00200000""],[""82100.35000000"",""0.00800000""],[""82092.12000000"",""0.00007000""],[""82066.28000000"",""0.00400000""],[""82064.22000000"",""0.03061000""],[""82059.93000000"",""0.00000000""],[""80880.57000000"",""0.00064000""],[""65689.80000000"",""0.00270000""]],""e"":""depthUpdate"",""s"":""BTCUSDT"",""u"":101228067610}"
1791514213,88347909,spot,trade,0,0,1159,BTCUSDT,"{""E"":1791514213038,""M"":true,""T"":1791514213037,""e"":""trade"",""m"":false,""p"":""82112.26000000"",""q"":""0.00100000"",""s"":""BTCUSDT"",""t"":6750016030}"
1791514213,164258413,spot,depth5,0,0,1160,BTCUSDT,"{""asks"":[[""82112.26000000"",""12.37484000""],[""82112.27000000"",""0.00013000""],[""82112.28000000"",""0.00013000""],[""82112.45000000"",""0.00007000""],[""82112.72000000"",""1.40578000""]],""bids"":[[""82112.25000000"",""0.58134000""],[""82112.24000000"",""0.00062000""],[""82112.23000000"",""0.00020000""],[""82111.79000000"",""0.00007000""],[""82111.46000000"",""0.00946000""]],""lastUpdateId"":101228067625}"
1791514213,164915814,spot,depth_diff,0,0,1161,BTCUSDT,"{""E"":1791514213114,""U"":101228067611,""a"":[[""82112.26000000"",""12.37484000""],[""82115.72000000"",""0.00400000""],[""82118.50000000"",""0.00000000""],[""82118.53000000"",""0.00243000""],[""83343.95000000"",""0.00030000""]],""b"":[[""82112.25000000"",""0.58134000""],[""82100.70000000"",""0.60901000""],[""82099.40000000"",""0.00200000""],[""82098.52000000"",""0.00000000""],[""80880.56000000"",""0.00030000""],[""73901.03000000"",""0.00188000""]],""e"":""depthUpdate"",""s"":""BTCUSDT"",""u"":101228067625}"
1791514213,187310145,spot,trade,0,0,1162,BTCUSDT,"{""E"":1791514213136,""M"":true,""T"":1791514213136,""e"":""trade"",""m"":true,""p"":""82112.25000000"",""q"":""0.00031000"",""s"":""BTCUSDT"",""t"":6750016031}"
1791514213,266958653,spot,depth5,0,0,1163,BTCUSDT,"{""asks"":[[""82112.26000000"",""12.36875000""],[""82112.27000000"",""0.00013000""],[""82112.28000000"",""0.00013000""],[""82112.45000000"",""0.00007000""],[""82112.72000000"",""1.40578000""]],""bids"":[[""82112.25000000"",""0.41241000""],[""82112.24000000"",""0.00062000""],[""82112.23000000"",""0.00020000""],[""82111.79000000"",""0.00007000""],[""82111.46000000"",""0.00946000""]],""lastUpdateId"":101228067638}"
1791514213,267848955,spot,depth_diff,0,0,1164,BTCUSDT,"{""E"":1791514213214,""U"":101228067626,""a"":[[""82112.26000000"",""12.36875000""],[""82113.58000000"",""0.01482000""]],""b"":[[""82112.25000000"",""0.41241000""],[""82100.84000000"",""0.00000000""],[""82100.71000000"",""0.09785000""],[""82100.35000000"",""0.00400000""],[""82100.34000000"",""0.00000000""],[""82099.40000000"",""0.00000000""],[""80880.57000000"",""0.00056000""],[""65689.80000000"",""0.00240000""]],""e"":""depthUpdate"",""s"":""BTCUSDT"",""u"":101228067638}"
1791514213,364370587,spot,depth5,0,0,1165,BTCUSDT,"{""asks"":[[""82112.26000000"",""12.36875000""],[""82112.27000000"",""0.00013000""],[""82112.28000000"",""0.00013000""],[""82112.45000000"",""0.00007000""],[""82112.72000000"",""1.40578000""]],""bids"":[[""82112.25000000"",""0.61369000""],[""82112.24000000"",""0.00062000""],[""82112.23000000"",""0.00020000""],[""82111.79000000"",""0.00007000""],[""82111.46000000"",""0.00946000""]],""lastUpdateId"":101228067647}"
1791514213,365248588,spot,depth_diff,0,0,1166,BTCUSDT,"{""E"":1791514213314,""U"":101228067639,""a"":[[""82118.52000000"",""0.00200000""],[""82118.53000000"",""0.00000000""],[""82118.54000000"",""0.00243000""],[""82144.61000000"",""0.00000000""]],""b"":[[""82112.25000000"",""0.61369000""],[""81500.00000000"",""5.65981000""],[""80880.57000000"",""0.00064000""],[""73901.03000000"",""0.00203000""]],""e"":""depthUpdate"",""s"":""BTCUSDT"",""u"":101228067647}"
1791514213,438985289,spot,trade,0,0,1167,BTCUSDT,"{""E"":1791514213385,""M"":true,""T"":1791514213384,""e"":""trade"",""m"":true,""p"":""82112.25000000"",""q"":""0.00020000"",""s"":""BTCUSDT"",""t"":6750016032}"
1791514213,464375523,spot,depth5,0,0,1168,BTCUSDT,"{""asks"":[[""82112.26000000"",""12.36875000""],[""82112.27000000"",""0.00013000""],[""82112.28000000"",""0.00013000""],[""82112.45000000"",""0.00007000""],[""82112.72000000"",""1.40578000""]],""bids"":[[""82112.25000000"",""0.41221000""],[""82112.24000000"",""0.00062000""],[""82112.23000000"",""0.00020000""],[""82111.79000000"",""0.00007000""],[""82111.46000000"",""0.00946000""]],""lastUpdateId"":101228067662}"
1791514213,465168024,spot,depth_diff,0,0,1169,BTCUSDT,"{""E"":1791514213414,""U"":101228067648,""a"":[[""82112.26000000"",""12.36875000""],[""82118.54000000"",""0.00000000""],[""82118.56000000"",""0.00243000""],[""82119.99000000"",""0.15007000""]],""b"":[[""82112.25000000"",""0.41221000""],[""82100.72000000"",""0.00400000""],[""82039.93000000"",""0.00635000""],[""82019.44000000"",""0.00000000""],[""73901.03000000"",""0.00195000""],[""73901.02000000"",""0.00008000""],[""65689.80000000"",""0.00210000""]],""e"":""depthUpdate"",""s"":""BTCUSDT"",""u"":101228067662}"
1791514213,574654956,spot,depth5,0,0,1170,BTCUSDT,"{""asks"":[[""82112.26000000"",""12.36868000""],[""82112.27000000"",""0.00013000""],[""82112.28000000"",""0.00013000""],[""82112.45000000"",""0.00007000""],[""82112.72000000"",""1.40578000""]],""bids"":[[""82112.25000000"",""0.41221000""],[""82112.24000000"",""0.00062000""],[""82112.23000000"",""0.00020000""],[""82111.46000000"",""0.00946000""],[""82111.22000000"",""0.00008000""]],""lastUpdateId"":101228067674}"
1791514213,577291356,spot,depth_diff,0,0,1171,BTCUSDT,"{""E"":1791514213514,""U"":101228067663,""a"":[[""82112.26000000"",""12.36868000""],[""82119.99000000"",""0.15000000""],[""82123.28000000"",""0.02284000""]],""b"":[[""82111.79000000"",""0.00000000""],[""80880.57000000"",""0.00064000""],[""65690.00000000"",""0.00000000""],[""65689.80000000"",""0.00330000""]],""e"":""depthUpdate"",""s"":""BTCUSDT"",""u"":101228067674}"
1791514213,664044351,spot,depth5,0,0,1172,BTCUSDT,"{""asks"":[[""82112.26000000"",""12.37477000""],[""82112.27000000"",""0.00013000""],[""82112.28000000"",""0.00013000""],[""82112.45000000"",""0.00007000""],[""82112.72000000"",""1.40578000""]],""bids"":[[""82112.25000000"",""0.22821000""],[""82112.24000000"",""0.00062000""],[""82112.23000000"",""0.00020000""],[""82111.46000000"",""0.00946000""],[""82111.22000000"",""0.00008000""]],""lastUpdateId"":101228067685}"
1791514213,664742651,spot,depth_diff,0,0,1173,BTCUSDT,"{""E"":1791514213614,""U"":101228067675,""a"":[[""82112.26000000"",""12.37477000""],[""82113.57000000"",""0.00609000""],[""82118.56000000"",""0.00000000""],[""82118.61000000"",""0.00243000""],[""82139.74000000"",""0.40024000""],[""82153.50000000"",""0.00000000""]],""b"":[[""82112.25000000"",""0.22821000""],[""82099.17000000"",""0.00000000""],[""82098.46000000"",""0.00000000""],[""82095.39000000"",""0.00609000""],[""73901.03000000"",""0.00210000""],[""65689.80000000"",""0.00300000""]],""e"":""depthUpdate"",""s"":""BTCUSDT"",""u"":101228067685}"
1791514213,765873046,spot,depth5,0,0,1174,BTCUSDT,"{""asks"":[[""82112.26000000"",""12.38086000""],[""82112.27000000"",""0.00013000""],[""82112.28000000"",""0.00013000""],[""82112.45000000"",""0.00007000""],[""82112.72000000"",""1.40578000""]],""bids"":[[""82112.25000000"",""0.22821000""],[""82112.24000000"",""0.00062000""],[""82112.23000000"",""0.00020000""],[""82111.46000000"",""0.00946000""],[""82111.22000000"",""0.00008000""]],""lastUpdateId"":101228067688}"
1791514213,766608546,spot,depth_diff,0,0,1175,BTCUSDT,"{""E"":1791514213715,""U"":101228067686,""a"":[[""82112.26000000"",""12.38086000""],[""82118.61000000"",""0.00000000""],[""82118.62000000"",""0.00243000""]],""b"":[],""e"":""depthUpdate"",""s"":""BTCUSDT"",""u"":101228067688}"
1791514213,865157740,spot,depth5,0,0,1176,BTCUSDT,"{""asks"":[[""82112.26000000"",""12.38086000""],[""82112.27000000"",""0.00013000""],[""82112.28000000"",""0.00013000""],[""82112.32000000"",""0.00514000""],[""82112.45000000"",""0.00007000""]],""bids"":[[""82112.25000000"",""0.41214000""],[""82112.24000000"",""0.00062000""],[""82112.23000000"",""0.00020000""],[""82111.46000000"",""0.00946000""],[""82111.22000000"",""0.00008000""]],""lastUpdateId"":101228067700}"
1791514213,865906140,spot,depth_diff,0,0,1177,BTCUSDT,"{""E"":1791514213814,""U"":101228067689,""a"":[[""82112.32000000"",""0.00514000""],[""82118.51000000"",""0.00400000""],[""82118.62000000"",""0.00000000""],[""82118.63000000"",""0.00243000""]],""b"":[[""82112.25000000"",""0.41214000""],[""80880.57000000"",""0.00072000""],[""73901.03000000"",""0.00225000""],[""73901.00000000"",""0.00020000""],[""65689.80000000"",""0.00270000""],[""43219.20000000"",""0.00000000""]],""e"":""depthUpdate"",""s"":""BTCUSDT"",""u"":101228067700}"
1791514213,964497435,spot,depth5,0,0,1178,BTCUSDT,"{""asks"":[[""82112.26000000"",""12.38086000""],[""82112.27000000"",""0.00013000""],[""82112.28000000"",""0.00013000""],[""82112.32000000"",""0.00514000""],[""82112.45000000"",""0.00007000""]],""bids"":[[""82112.25000000"",""0.41214000""],[""82112.24000000"",""0.00062000""],[""82112.23000000"",""0.00020000""],[""82111.46000000"",""0.00946000""],[""82111.22000000"",""0.00008000""]],""lastUpdateId"":101228067707}"
1791514213,965711534,spot,depth_diff,0,0,1179,BTCUSDT,"{""E"":1791514213914,""U"":101228067701,""a"":[[""82118.63000000"",""0.00000000""],[""82118.64000000"",""0.00243000""],[""82201.49000000"",""0.72684000""],[""82204.19000000"",""0.00000000""]],""b"":[[""82096.77000000"",""0.38776000""],[""81002.47000000"",""0.00300000""],[""73901.00000000"",""0.00000000""]],""e"":""depthUpdate"",""s"":""BTCUSDT"",""u"":101228067707}"
1791514214,63540829,spot,depth5,0,0,1180,BTCUSDT,"{""asks"":[[""82112.26000000"",""12.48964000""],[""82112.27000000"",""0.00013000""],[""82112.28000000"",""0.00013000""],[""82112.32000000"",""0.00514000""],[""82112.45000000"",""0.00007000""]],""bids"":[[""82112.25000000"",""0.41221000""],[""82112.24000000"",""0.00062000""],[""82112.23000000"",""0.00020000""],[""82111.46000000"",""0.00946000""],[""82111.22000000"",""0.00008000""]],""lastUpdateId"":101228067725}"
1791514214,71124729,spot,depth_diff,0,0,1181,BTCUSDT,"{""E"":1791514214014,""U"":101228067708,""a"":[[""82112.26000000"",""12.48964000""],[""82117.68000000"",""0.10878000""],[""82118.64000000"",""0.00000000""],[""82118.65000000"",""0.00000000""],[""82118.73000000"",""0.00243000""],[""82124.98000000"",""0.00007000""]],""b"":[[""82112.25000000"",""0.41221000""],[""82098.99000000"",""0.00200000""],[""82092.12000000"",""0.00007000""],[""82031.24000000"",""0.00636000""],[""82008.22000000"",""0.00000000""],[""65689.80000000"",""0.00240000""]],""e"":""depthUpdate"",""s"":""BTCUSDT"",""u"":101228067725}"
1791514214,169888724,spot,depth5,0,0,1182,BTCUSDT,"{""asks"":[[""82112.26000000"",""12.48964000""],[""82112.27000000"",""0.00013000""],[""82112.28000000"",""0.00013000""],[""82112.32000000"",""0.00514000""],[""82112.45000000"",""0.00007000""]],""bids"":[[""82112.25000000"",""0.61555000""],[""82112.24000000"",""0.00062000""],[""82112.23000000"",""0.00020000""],[""82111.46000000"",""0.00946000""],[""82111.22000000"",""0.00008000""]],""lastUpdateId"":101228067745}"
1791514214,176139223,spot,depth_diff,0,0,1183,BTCUSDT,"{""E"":1791514214114,""U"":101228067726,""a"":[[""82116.48000000"",""0.20580000""],[""82117.98000000"",""0.00000000""],[""82118.51000000"",""0.00000000""],[""82118.73000000"",""0.00000000""],[""82118.74000000"",""0.00243000""],[""82118.94000000"",""0.00400000""],[""83343.95000000"",""0.00030000""]],""b"":[[""82112.25000000"",""0.61555000""],[""82103.36000000"",""0.00400000""],[""82101.30000000"",""0.00400000""],[""82070.40000000"",""0.00000000""],[""82066.28000000"",""0.00000000""],[""80880.57000000"",""0.00072000""],[""80880.56000000"",""0.00030000""],[""73901.03000000"",""0.00240000""]],""e"":""depthUpdate"",""s"":""BTCUSDT"",""u"":101228067745}"
1791514214,264333519,spot,depth5,0,0,1184,BTCUSDT,"{""asks"":[[""82112.26000000"",""12.48964000""],[""82112.27000000"",""0.00013000""],[""82112.28000000"",""0.00013000""],[""82112.32000000"",""0.00514000""],[""82112.45000000"",""0.00007000""]],""bids"":[[""82112.25000000"",""0.42561000""],[""82112.24000000"",""0.00062000""],[""82112.23000000"",""0.00020000""],[""82111.46000000"",""0.00946000""],[""82111.22000000"",""0.00008000""]],""lastUpdateId"":101228067761}"
1791514214,269767718,spot,depth_diff,0,0,1185,BTCUSDT,"{""E"":1791514214214,""U"":101228067746,""a"":[[""82118.73000000"",""0.00400000""],[""82118.74000000"",""0.00000000""],[""82118.75000000"",""0.00243000""]],""b"":[[""82112.25000000"",""0.42561000""],[""82106.79000000"",""0.03660000""],[""82106.08000000"",""0.00014000""],[""82106.07000000"",""0.09785000""],[""82104.02000000"",""0.00000000""],[""65689.80000000"",""0.00210000""]],""e"":""depthUpdate"",""s"":""BTCUSDT"",""u"":101228067761}"
1791514214,380513512,spot,depth5,0,0,1186,BTCUSDT,"{""asks"":[[""82112.26000000"",""12.48355000""],[""82112.27000000"",""0.00013000""],[""82112.28000000"",""0.00013000""],[""82112.32000000"",""0.00514000""],[""82112.45000000"",""0.00007000""]],""bids"":[[""82112.25000000"",""0.42561000""],[""82112.24000000"",""0.00062000""],[""82112.23000000"",""0.00020000""],[""82111.46000000"",""0.00946000""],[""82111.22000000"",""0.00008000""]],""lastUpdateId"":101228067775}"
1791514214,479270707,spot,depth_diff,0,0,1187,BTCUSDT,"{""E"":1791514214314,""U"":101228067762,""a"":[[""82112.26000000"",""12.48355000""],[""82113.11000000"",""0.18590000""],[""82118.75000000"",""0.00000000""],[""82118.76000000"",""0.00243000""]],""b"":[[""82110.00000000"",""0.12021000""],[""82107.11000000"",""0.00014000""],[""82107.10000000"",""0.09785000""],[""82105.46000000"",""0.12595000""],[""82105.05000000"",""0.00000000""],[""82096.77000000"",""0.36000000""],[""80880.57000000"",""0.00064000""],[""73901.03000000"",""0.00255000""]],""e"":""depthUpdate"",""s"":""BTCUSDT"",""u"":101228067775}"
1791514214,641861199,spot,depth5,0,0,1188,BTCUSDT,"{""asks"":[[""82112.26000000"",""11.41458000""],[""82112.27000000"",""0.00013000""],[""82112.28000000"",""0.00013000""],[""82112.32000000"",""0.00514000""],[""82112.45000000"",""0.00007000""]],""bids"":[[""82112.25000000"",""1.87341000""],[""82112.24000000"",""0.00062000""],[""82112.23000000"",""0.00020000""],[""82111.46000000"",""0.00946000""],[""82111.22000000"",""0.00008000""]],""lastUpdateId"":101228067847}"
1791514214,784667791,spot,depth_diff,0,0,1189,BTCUSDT,"{""E"":1791514214414,""U"":101228067776,""a"":[[""82112.26000000"",""11.41458000""],[""82112.71000000"",""0.00014000""],[""82113.05000000"",""0.00014000""],[""82113.09000000"",""0.00014000""],[""82113.10000000"",""1.32798000""],[""82114.01000000"",""0.00000000""],[""82115.03000000"",""0.00609000""],[""82115.85000000"",""0.00007000""],[""82118.15000000"",""0.00000000""],[""82118.52000000"",""0.00000000""],[""82118.73000000"",""0.00000000""],[""82118.76000000"",""0.00000000""],[""82119.83000000"",""0.00400000""],[""82120.70000000"",""0.00243000""],[""82120.74000000"",""0.00008000""],[""82122.19000000"",""0.00014000""],[""82123.80000000"",""0.00000000""],[""82126.31000000"",""0.09344000""]],""b"":[[""82112.25000000"",""1.87341000""],[""82110.00000000"",""0.12014000""],[""82107.11000000"",""0.00000000""],[""82107.10000000"",""0.00000000""],[""82106.79000000"",""0.03653000""],[""82106.08000000"",""0.00000000""],[""82106.07000000"",""0.00000000""],[""82105.46000000"",""0.62097000""],[""82105.11000000"",""0.00243000""],[""82105.04000000"",""0.00000000""],[""82104.02000000"",""0.00014000""],[""82104.01000000"",""0.00007000""],[""82103.27000000"",""0.00998000""],[""82103.14000000"",""0.00243000""],[""82103.01000000"",""0.00007000""],[""82103.00000000"",""0.09792000""],[""82102.99000000"",""1.68516000""],[""82102.98000000"",""0.00014000""],[""82102.89000000"",""0.00000000""],[""82101.97000000"",""0.00000000""],[""82101.20000000"",""0.00000000""],[""82101.14000000"",""0.00000000""],[""82100.92000000"",""0.00000000""],[""82100.71000000"",""0.00000000""],[""82100.70000000"",""0.00200000""],[""82098.99000000"",""0.00000000""],[""82079.31000000"",""0.00200000""],[""82077.14000000"",""0.00000000""],[""82059.63000000"",""0.00768000""],[""82021.99000000"",""0.00000000""],[""80880.57000000"",""0.00072000""],[""65689.80000000"",""0.00180000""]],""e"":""depthUpdate"",""s"":""BTCUSDT"",""u"":101228067847}"
1791514214,791332391,spot,depth5,0,0,1190,BTCUSDT,"{""asks"":[[""82112.26000000"",""11.41458000""],[""82112.27000000"",""0.00013000""],[""82112.28000000"",""0.00013000""],[""82112.32000000"",""0.00514000""],[""82112.45000000"",""0.00007000""]],""bids"":[[""82112.25000000"",""1.87348000""],[""82112.24000000"",""0.00062000""],[""82112.23000000"",""0.00020000""],[""82111.46000000"",""0.00946000""],[""82111.22000000"",""0.00008000""]],""lastUpdateId"":101228067884}"
1791514214,792446991,spot,depth_diff,0,0,1191,BTCUSDT,"{""E"":1791514214514,""U"":101228067848,""a"":[[""82143.58000000"",""0.00000000""],[""82161.94000000"",""0.00000000""]],""b"":[[""82112.25000000"",""1.87348000""],[""82110.00000000"",""0.12021000""],[""82107.61000000"",""0.00014000""],[""82107.60000000"",""0.02227000""],[""82105.46000000"",""0.62097000""],[""82104.02000000"",""0.00000000""],[""82104.01000000"",""0.00000000""],[""82103.05000000"",""0.00007000""],[""82103.04000000"",""0.60900000""],[""82103.01000000"",""0.00007000""],[""82103.00000000"",""0.09785000""],[""82102.98000000"",""0.00007000""],[""82101.96000000"",""0.00000000""],[""82100.72000000"",""0.00000000""],[""82100.35000000"",""0.00000000""],[""82098.46000000"",""0.00600000""],[""82078.54000000"",""0.00000000""],[""81888.00000000"",""0.05351000""],[""65690.00000000"",""0.00000000""],[""65689.80000000"",""0.00300000""]],""e"":""depthUpdate"",""s"":""BTCUSDT"",""u"":101228067884}"
1791514214,794137591,spot,depth5,0,0,1192,BTCUSDT,"{""asks"":[[""82112.26000000"",""11.41458000""],[""82112.27000000"",""0.00013000""],[""82112.28000000"",""0.00013000""],[""82112.32000000"",""0.00514000""],[""82112.45000000"",""0.00007000""]],""bids"":[[""82112.25000000"",""2.22362000""],[""82112.24000000"",""0.00062000""],[""82112.23000000"",""0.00020000""],[""82111.46000000"",""0.00946000""],[""82111.22000000"",""0.00008000""]],""lastUpdateId"":101228067901}"
1791514214,795043190,spot,depth_diff,0,0,1193,BTCUSDT,"{""E"":1791514214614,""U"":101228067885,""a"":[[""82113.11000000"",""0.18014000""]],""b"":[[""82112.25000000"",""2.22362000""],[""82105.46000000"",""0.62097000""],[""82103.05000000"",""0.00407000""],[""82103.01000000"",""0.00000000""],[""82103.00000000"",""0.00000000""],[""82098.46000000"",""0.00200000""],[""81977.81000000"",""0.16905000""],[""80880.57000000"",""0.00072000""],[""73901.03000000"",""0.00270000""],[""65689.80000000"",""0.00270000""]],""e"":""depthUpdate"",""s"":""BTCUSDT"",""u"":101228067901}"
1791514214,796081990,spot,trade,0,0,1194,BTCUSDT,"{""E"":1791514214615,""M"":true,""T"":1791514214614,""e"":""trade"",""m"":true,""p"":""82112.25000000"",""q"":""0.00550000"",""s"":""BTCUSDT"",""t"":6750016033}"
1791514214,796765190,spot,trade,0,0,1195,BTCUSDT,"{""E"":1791514214615,""M"":true,""T"":1791514214614,""e"":""trade"",""m"":true,""p"":""82112.25000000"",""q"":""0.00007000"",""s"":""BTCUSDT"",""t"":6750016034}"
1791514214,797221890,spot,trade,0,0,1196,BTCUSDT,"{""E"":1791514214615,""M"":true,""T"":1791514214614,""e"":""trade"",""m"":true,""p"":""82112.25000000"",""q"":""0.00007000"",""s"":""BTCUSDT"",""t"":6750016035}"
1791514214,797650490,spot,trade,0,0,1197,BTCUSDT,"{""E"":1791514214615,""M"":true,""T"":1791514214614,""e"":""trade"",""m"":true,""p"":""82112.25000000"",""q"":""0.00007000"",""s"":""BTCUSDT"",""t"":6750016036}"
1791514214,798094890,spot,trade,0,0,1198,BTCUSDT,"{""E"":1791514214615,""M"":true,""T"":1791514214614,""e"":""trade"",""m"":true,""p"":""82112.25000000"",""q"":""0.00007000"",""s"":""BTCUSDT"",""t"":6750016037}"
1791514214,798993590,spot,trade,0,0,1199,BTCUSDT,"{""E"":1791514214615,""M"":true,""T"":1791514214614,""e"":""trade"",""m"":true,""p"":""82112.25000000"",""q"":""0.00007000"",""s"":""BTCUSDT"",""t"":6750016038}"
1791514214,799670590,spot,trade,0,0,1200,BTCUSDT,"{""E"":1791514214615,""M"":true,""T"":1791514214614,""e"":""trade"",""m"":true,""p"":""82112.25000000"",""q"":""0.00080000"",""s"":""BTCUSDT"",""t"":6750016039}"
1791514214,800147990,spot,trade,0,0,1201,BTCUSDT,"{""E"":1791514214615,""M"":true,""T"":1791514214614,""e"":""trade"",""m"":true,""p"":""82112.25000000"",""q"":""0.00008000"",""s"":""BTCUSDT"",""t"":6750016040}"
1791514214,800757590,spot,trade,0,0,1202,BTCUSDT,"{""E"":1791514214615,""M"":true,""T"":1791514214614,""e"":""trade"",""m"":true,""p"":""82112.25000000"",""q"":""0.00007000"",""s"":""BTCUSDT"",""t"":6750016041}"
1791514214,801255090,spot,trade,0,0,1203,BTCUSDT,"{""E"":1791514214615,""M"":true,""T"":1791514214614,""e"":""trade"",""m"":true,""p"":""82112.25000000"",""q"":""0.00007000"",""s"":""BTCUSDT"",""t"":6750016042}"
1791514214,801683390,spot,trade,0,0,1204,BTCUSDT,"{""E"":1791514214615,""M"":true,""T"":1791514214614,""e"":""trade"",""m"":true,""p"":""82112.25000000"",""q"":""0.00007000"",""s"":""BTCUSDT"",""t"":6750016043}"
1791514214,802115790,spot,trade,0,0,1205,BTCUSDT,"{""E"":1791514214615,""M"":true,""T"":1791514214614,""e"":""trade"",""m"":true,""p"":""82112.25000000"",""q"":""0.00007000"",""s"":""BTCUSDT"",""t"":6750016044}"
1791514214,802568090,spot,trade,0,0,1206,BTCUSDT,"{""E"":1791514214615,""M"":true,""T"":1791514214614,""e"":""trade"",""m"":true,""p"":""82112.25000000"",""q"":""0.00007000"",""s"":""BTCUSDT"",""t"":6750016045}"
1791514214,803001290,spot,trade,0,0,1207,BTCUSDT,"{""E"":1791514214615,""M"":true,""T"":1791514214614,""e"":""trade"",""m"":true,""p"":""82112.25000000"",""q"":""0.04812000"",""s"":""BTCUSDT"",""t"":6750016046}"
1791514214,803482790,spot,depth5,0,0,1208,BTCUSDT,"{""asks"":[[""82112.26000000"",""11.41538000""],[""82112.27000000"",""0.00013000""],[""82112.28000000"",""0.00013000""],[""82112.32000000"",""0.00514000""],[""82112.45000000"",""0.00007000""]],""bids"":[[""82112.25000000"",""2.16920000""],[""82112.24000000"",""0.00062000""],[""82112.23000000"",""0.00020000""],[""82111.46000000"",""0.00946000""],[""82111.22000000"",""0.00008000""]],""lastUpdateId"":101228067924}"
1791514214,804119790,spot,depth_diff,0,0,1209,BTCUSDT,"{""E"":1791514214714,""U"":101228067902,""a"":[[""82112.26000000"",""11.41538000""]],""b"":[[""82112.25000000"",""2.16920000""],[""82103.05000000"",""0.00807000""],[""82100.60000000"",""0.04349000""],[""82078.94000000"",""0.01788000""],[""73901.02000000"",""0.00000000""]],""e"":""depthUpdate"",""s"":""BTCUSDT"",""u"":101228067924}"
1791514214,866304987,spot,depth5,0,0,1210,BTCUSDT,"{""asks"":[[""82112.26000000"",""11.57276000""],[""82112.27000000"",""0.00013000""],[""82112.28000000"",""0.00013000""],[""82112.32000000"",""0.00514000""],[""82112.45000000"",""0.00007000""]],""bids"":[[""82112.25000000"",""2.16920000""],[""82112.24000000"",""0.00062000""],[""82112.23000000"",""0.00020000""],[""82111.46000000"",""0.00946000""],[""82111.22000000"",""0.00008000""]],""lastUpdateId"":101228067931}"
1791514214,881175586,spot,depth_diff,0,0,1211,BTCUSDT,"{""E"":1791514214814,""U"":101228067925,""a"":[[""82112.26000000"",""11.57276000""],[""82115.01000000"",""0.00000000""],[""82117.68000000"",""0.00196000""]],""b"":[[""82059.63000000"",""0.00000000""],[""81982.11000000"",""0.00000000""],[""81972.50000000"",""0.01908000""],[""65689.80000000"",""0.00240000""]],""e"":""depthUpdate"",""s"":""BTCUSDT"",""u"":101228067931}"
1791514214,964299482,spot,depth5,0,0,1212,BTCUSDT,"{""asks"":[[""82112.26000000"",""11.57276000""],[""82112.27000000"",""0.00013000""],[""82112.28000000"",""0.00013000""],[""82112.32000000"",""0.00514000""],[""82112.45000000"",""0.00007000""]],""bids"":[[""82112.25000000"",""2.16920000""],[""82112.24000000"",""0.00062000""],[""82112.23000000"",""0.00020000""],[""82111.46000000"",""0.00946000""],[""82111.22000000"",""0.00008000""]],""lastUpdateId"":101228067947}"
1791514214,965459381,spot,depth_diff,0,0,1213,BTCUSDT,"{""E"":1791514214914,""U"":101228067932,""a"":[[""82113.11000000"",""0.18007000""],[""82114.81000000"",""0.00000000""],[""82115.29000000"",""0.00200000""],[""82116.48000000"",""0.20573000""],[""82123.28000000"",""0.00000000""]],""b"":[[""82112.25000000"",""2.16920000""],[""82103.04000000"",""0.60907000""],[""82021.99000000"",""0.00768000""],[""81972.50000000"",""0.00000000""],[""81914.52000000"",""0.01908000""],[""80880.57000000"",""0.00072000""],[""73901.03000000"",""0.00285000""],[""73901.00000000"",""0.00020000""],[""43219.20000000"",""0.00035000""]],""e"":""depthUpdate"",""s"":""BTCUSDT"",""u"":101228067947}"
1791514214,986867480,spot,trade,0,0,1214,BTCUSDT,"{""E"":1791514214935,""M"":true,""T"":1791514214935,""e"":""trade"",""m"":true,""p"":""82112.25000000"",""q"":""0.00023000"",""s"":""BTCUSDT"",""t"":6750016047}"
1791514215,65324776,spot,depth5,0,0,1215,BTCUSDT,"{""asks"":[[""82112.26000000"",""11.57276000""],[""82112.27000000"",""0.00013000""],[""82112.28000000"",""0.00013000""],[""82112.32000000"",""0.00514000""],[""82112.45000000"",""0.00007000""]],""bids"":[[""82112.25000000"",""2.16897000""],[""82112.24000000"",""0.00062000""],[""82112.23000000"",""0.00020000""],[""82111.46000000"",""0.00946000""],[""82111.22000000"",""0.00008000""]],""lastUpdateId"":101228067962}"
1791514215,66059276,spot,depth_diff,0,0,1216,BTCUSDT,"{""E"":1791514215014,""U"":101228067948,""a"":[[""82117.68000000"",""0.00000000""],[""82124.98000000"",""0.00007000""],[""82127.61000000"",""0.05991000""],[""82139.55000000"",""0.00000000""]],""b"":[[""82112.25000000"",""2.16897000""],[""82092.12000000"",""0.00007000""],[""73901.02000000"",""0.00008000""],[""73901.00000000"",""0.00000000""],[""65689.80000000"",""0.00330000""]],""e"":""depthUpdate"",""s"":""BTCUSDT"",""u"":101228067962}"
1791514215,168289371,spot,depth5,0,0,1217,BTCUSDT,"{""asks"":[[""82112.26000000"",""11.57276000""],[""82112.27000000"",""0.00013000""],[""82112.28000000"",""0.00013000""],[""82112.32000000"",""0.00514000""],[""82112.45000000"",""0.00007000""]],""bids"":[[""82112.25000000"",""2.16897000""],[""82112.24000000"",""0.00062000""],[""82112.23000000"",""0.00020000""],[""82111.46000000"",""0.00946000""],[""82111.22000000"",""0.00008000""]],""lastUpdateId"":101228067975}"
1791514215,169618671,spot,depth_diff,0,0,1218,BTCUSDT,"{""E"":1791514215114,""U"":101228067963,""a"":[[""82120.16000000"",""0.00400000""],[""82201.49000000"",""0.00000000""],[""83343.95000000"",""0.00030000""]],""b"":[[""82103.05000000"",""0.00800000""],[""82103.04000000"",""0.00007000""],[""82103.00000000"",""0.00007000""],[""82031.41000000"",""2.10416000""],[""82028.71000000"",""0.00000000""],[""80880.56000000"",""0.00030000""],[""73901.03000000"",""0.00300000""]],""e"":""depthUpdate"",""s"":""BTCUSDT"",""u"":101228067975}"
1791514215,271709166,spot,depth5,0,0,1219,BTCUSDT,"{""asks"":[[""82112.26000000"",""11.57276000""],[""82112.27000000"",""0.00013000""],[""82112.28000000"",""0.00013000""],[""82112.32000000"",""0.00514000""],[""82112.45000000"",""0.00007000""]],""bids"":[[""82112.25000000"",""2.16740000""],[""82112.24000000"",""0.00062000""],[""82112.23000000"",""0.00020000""],[""82111.46000000"",""0.00946000""],[""82111.22000000"",""0.00008000""]],""lastUpdateId"":101228067989}"
1791514215,272430066,spot,depth_diff,0,0,1220,BTCUSDT,"{""E"":1791514215214,""U"":101228067976,""a"":[],""b"":[[""82112.25000000"",""2.16740000""],[""82105.46000000"",""0.62090000""],[""82103.14000000"",""0.00000000""],[""82103.05000000"",""0.00000000""],[""82102.48000000"",""0.00243000""],[""82100.70000000"",""0.00000000""],[""82098.46000000"",""0.00600000""],[""80880.57000000"",""0.00072000""],[""65689.80000000"",""0.00300000""]],""e"":""depthUpdate"",""s"":""BTCUSDT"",""u"":101228067989}"
1791514215,363989261,spot,depth5,0,0,1221,BTCUSDT,"{""asks"":[[""82112.26000000"",""11.45799000""],[""82112.27000000"",""0.00013000""],[""82112.28000000"",""0.00013000""],[""82112.34000000"",""0.00532000""],[""82112.45000000"",""0.00007000""]],""bids"":[[""82112.25000000"",""1.10437000""],[""82112.24000000"",""0.00062000""],[""82112.23000000"",""0.00020000""],[""82111.46000000"",""0.00946000""],[""82111.22000000"",""0.00008000""]],""lastUpdateId"":101228068035}"
1791514215,364832261,spot,depth_diff,0,0,1222,BTCUSDT,"{""E"":1791514215314,""U"":101228067990,""a"":[[""82112.26000000"",""11.45799000""],[""82112.32000000"",""0.00000000""],[""82112.34000000"",""0.00532000""],[""82112.72000000"",""0.93996000""],[""82115.29000000"",""0.00000000""],[""82115.86000000"",""0.19267000""],[""82116.15000000"",""0.00017000""],[""82120.04000000"",""0.00243000""],[""82120.70000000"",""0.00000000""],[""82121.32000000"",""0.00024000""],[""82122.19000000"",""0.00000000""],[""82165.00000000"",""0.00304000""],[""82247.21000000"",""0.00121000""],[""82251.82000000"",""0.00000000""]],""b"":[[""82112.25000000"",""1.10437000""],[""82107.60000000"",""0.07789000""],[""82106.79000000"",""0.03660000""],[""82106.08000000"",""0.00014000""],[""82106.07000000"",""0.09801000""],[""82105.48000000"",""0.00007000""],[""82105.47000000"",""0.09801000""],[""82105.46000000"",""0.62097000""],[""82104.01000000"",""0.07345000""],[""82103.05000000"",""0.60900000""],[""82103.04000000"",""0.00000000""],[""82103.00000000"",""0.00000000""],[""82100.63000000"",""0.00000000""],[""82096.01000000"",""0.00010000""],[""82079.31000000"",""0.00000000""],[""82078.37000000"",""0.00200000""]],""e"":""depthUpdate"",""s"":""BTCUSDT"",""u"":101228068035}"
1791514215,468273456,spot,depth5,0,0,1223,BTCUSDT,"{""asks"":[[""82112.26000000"",""11.56664000""],[""82112.27000000"",""0.00013000""],[""82112.28000000"",""0.00013000""],[""82112.34000000"",""0.00532000""],[""82112.45000000"",""0.00007000""]],""bids"":[[""82112.25000000"",""1.10437000""],[""82112.24000000"",""0.00062000""],[""82112.23000000"",""0.00020000""],[""82111.46000000"",""0.00946000""],[""82111.22000000"",""0.00008000""]],""lastUpdateId"":101228068052}"
1791514215,469709356,spot,depth_diff,0,0,1224,BTCUSDT,"{""E"":1791514215414,""U"":101228068036,""a"":[[""82112.26000000"",""11.56664000""],[""82120.04000000"",""0.00000000""],[""82120.08000000"",""0.00243000""],[""82132.46000000"",""0.10878000""]],""b"":[[""82105.48000000"",""0.00129000""],[""82103.06000000"",""0.00400000""],[""82098.46000000"",""0.00200000""],[""80880.57000000"",""0.00064000""],[""73901.03000000"",""0.00315000""],[""65689.80000000"",""0.00270000""]],""e"":""depthUpdate"",""s"":""BTCUSDT"",""u"":101228068052}"
1791514215,567388851,spot,depth5,0,0,1225,BTCUSDT,"{""asks"":[[""82112.26000000"",""11.56677000""],[""82112.27000000"",""0.00013000""],[""82112.28000000"",""0.00013000""],[""82112.45000000"",""0.00007000""],[""82112.71000000"",""0.00014000""]],""bids"":[[""82112.25000000"",""2.16904000""],[""82112.24000000"",""0.00062000""],[""82112.23000000"",""0.00020000""],[""82111.46000000"",""0.00946000""],[""82111.22000000"",""0.00008000""]],""lastUpdateId"":101228068090}"
1791514215,573637051,spot,depth_diff,0,0,1226,BTCUSDT,"{""E"":1791514215514,""U"":101228068053,""a"":[[""82112.26000000"",""11.56677000""],[""82112.34000000"",""0.00000000""],[""82115.33000000"",""0.00609000""],[""82116.15000000"",""0.00017000""],[""82116.48000000"",""0.19603000""],[""82165.00000000"",""0.00304000""],[""82247.21000000"",""0.00121000""]],""b"":[[""82112.25000000"",""2.16904000""],[""82107.60000000"",""0.02227000""],[""82107.10000000"",""0.00000000""],[""82106.79000000"",""0.03653000""],[""82106.08000000"",""0.00000000""],[""82106.07000000"",""0.00000000""],[""82105.48000000"",""0.00122000""],[""82105.47000000"",""0.00014000""],[""82105.46000000"",""0.62097000""],[""82104.01000000"",""0.00000000""],[""82103.07000000"",""0.00000000""],[""82103.06000000"",""0.00807000""],[""82103.05000000"",""0.60907000""],[""80880.57000000"",""0.00072000""]],""e"":""depthUpdate"",""s"":""BTCUSDT"",""u"":101228068090}"
1791514215,599119750,spot,trade,0,0,1227,BTCUSDT,"{""E"":1791514215547,""M"":true,""T"":1791514215547,""e"":""trade"",""m"":false,""p"":""82112.26000000"",""q"":""0.00038000"",""s"":""BTCUSDT"",""t"":6750016048}"
1791514215,671072546,spot,depth5,0,0,1228,BTCUSDT,"{""asks"":[[""82112.26000000"",""11.56639000""],[""82112.27000000"",""0.00013000""],[""82112.28000000"",""0.00013000""],[""82112.45000000"",""0.00007000""],[""82112.71000000"",""0.00014000""]],""bids"":[[""82112.25000000"",""2.16904000""],[""82112.24000000"",""0.00062000""],[""82112.23000000"",""0.00020000""],[""82111.46000000"",""0.00946000""],[""82111.22000000"",""0.00008000""]],""lastUpdateId"":101228068110}"
1791514215,672470246,spot,depth_diff,0,0,1229,BTCUSDT,"{""E"":1791514215614,""U"":101228068091,""a"":[[""82112.26000000"",""11.56639000""],[""82116.15000000"",""0.00017000""],[""82117.03000000"",""0.00955000""],[""82120.08000000"",""0.00000000""],[""82120.11000000"",""0.00000000""],[""82121.30000000"",""0.00243000""],[""82165.00000000"",""0.00000000""],[""82247.21000000"",""0.00000000""]],""b"":[[""82105.47000000"",""0.09808000""],[""82103.07000000"",""0.09794000""],[""82064.64000000"",""0.00000000""],[""73901.03000000"",""0.00330000""],[""73901.02000000"",""0.00000000""],[""73901.01000000"",""0.00008000""],[""65690.00000000"",""0.00000000""],[""65689.80000000"",""0.00240000""]],""e"":""depthUpdate"",""s"":""BTCUSDT"",""u"":101228068110}"
1791514215,766943641,spot,depth5,0,0,1230,BTCUSDT,"{""asks"":[[""82112.26000000"",""11.56639000""],[""82112.27000000"",""0.00013000""],[""82112.28000000"",""0.00013000""],[""82112.45000000"",""0.00007000""],[""82112.71000000"",""0.00014000""]],""bids"":[[""82112.25000000"",""2.16904000""],[""82112.24000000"",""0.00062000""],[""82112.23000000"",""0.00020000""],[""82111.46000000"",""0.00946000""],[""82111.22000000"",""0.00008000""]],""lastUpdateId"":101228068127}"
1791514215,768423841,spot,depth_diff,0,0,1231,BTCUSDT,"{""E"":1791514215714,""U"":101228068111,""a"":[[""82113.09000000"",""0.00628000""],[""82121.30000000"",""0.00000000""],[""82121.32000000"",""0.00267000""],[""82126.55000000"",""0.00000000""],[""82134.80000000"",""0.12187000""]],""b"":[[""82112.25000000"",""2.16904000""],[""82107.60000000"",""0.04902000""],[""82106.79000000"",""0.03660000""],[""82105.48000000"",""0.00136000""],[""82105.46000000"",""0.62104000""],[""82103.06000000"",""0.00800000""],[""82103.05000000"",""0.60900000""],[""82100.55000000"",""0.00000000""],[""80880.57000000"",""0.00064000""],[""43219.20000000"",""0.00000000""]],""e"":""depthUpdate"",""s"":""BTCUSDT"",""u"":101228068127}"
1791514215,867970036,spot,depth5,0,0,1232,BTCUSDT,"{""asks"":[[""82112.26000000"",""11.56639000""],[""82112.27000000"",""0.00013000""],[""82112.28000000"",""0.00013000""],[""82112.45000000"",""0.00007000""],[""82112.71000000"",""0.00014000""]],""bids"":[[""82112.25000000"",""1.88074000""],[""82112.24000000"",""0.00062000""],[""82112.23000000"",""0.00020000""],[""82111.46000000"",""0.00946000""],[""82111.22000000"",""0.00008000""]],""lastUpdateId"":101228068185}"
1791514215,909886234,spot,depth_diff,0,0,1233,BTCUSDT,"{""E"":1791514215814,""U"":101228068128,""a"":[[""82115.85000000"",""0.00007000""],[""82116.15000000"",""0.00007000""],[""82116.45000000"",""0.00017000""],[""82117.98000000"",""0.00000000""],[""82119.83000000"",""0.00200000""],[""82120.16000000"",""0.00000000""],[""82121.32000000"",""0.00024000""]],""b"":[[""82112.25000000"",""1.88074000""],[""82107.60000000"",""0.10420000""],[""82107.11000000"",""0.00014000""],[""82107.10000000"",""0.00000000""],[""82106.79000000"",""0.03667000""],[""82106.08000000"",""0.00007000""],[""82106.07000000"",""0.00000000""],[""82105.48000000"",""0.00129000""],[""82105.47000000"",""0.09794000""],[""82105.46000000"",""0.62097000""],[""82104.01000000"",""0.00000000""],[""82103.08000000"",""0.00600000""],[""82103.07000000"",""0.00000000""],[""82103.06000000"",""0.00000000""],[""82098.46000000"",""0.00000000""],[""82094.61000000"",""0.00000000""],[""80880.57000000"",""0.00072000""],[""65689.80000000"",""0.00210000""]],""e"":""depthUpdate"",""s"":""BTCUSDT"",""u"":101228068185}"
1791514215,965698831,spot,depth5,0,0,1234,BTCUSDT,"{""asks"":[[""82112.26000000"",""11.56639000""],[""82112.27000000"",""0.00013000""],[""82112.28000000"",""0.00013000""],[""82112.45000000"",""0.00007000""],[""82112.71000000"",""0.00014000""]],""bids"":[[""82112.25000000"",""1.88088000""],[""82112.24000000"",""0.00062000""],[""82112.23000000"",""0.00020000""],[""82111.46000000"",""0.00946000""],[""82111.22000000"",""0.00008000""]],""lastUpdateId"":101228068207}"
1791514215,968671831,spot,depth_diff,0,0,1235,BTCUSDT,"{""E"":1791514215914,""U"":101228068186,""a"":[[""82121.34000000"",""0.00000000""],[""82121.35000000"",""0.00243000""]],""b"":[[""82112.25000000"",""1.88088000""],[""82107.60000000"",""0.05195000""],[""82107.11000000"",""0.00000000""],[""82106.79000000"",""0.03660000""],[""82106.08000000"",""0.00000000""],[""82105.48000000"",""0.00136000""],[""82105.47000000"",""0.09801000""],[""82105.46000000"",""0.62097000""],[""82103.06000000"",""0.00400000""],[""82103.05000000"",""0.60907000""],[""73901.03000000"",""0.00345000""],[""65690.00000000"",""0.00000000""]],""e"":""depthUpdate"",""s"":""BTCUSDT"",""u"":101228068207}"
1791514216,65121027,spot,depth5,0,0,1236,BTCUSDT,"{""asks"":[[""82112.26000000"",""11.56453000""],[""82112.27000000"",""0.00020000""],[""82112.28000000"",""0.00013000""],[""82112.45000000"",""0.00007000""],[""82112.71000000"",""0.00014000""]],""bids"":[[""82112.25000000"",""3.42495000""],[""82112.24000000"",""0.00069000""],[""82112.23000000"",""0.00020000""],[""82111.46000000"",""0.00946000""],[""82111.22000000"",""0.00008000""]],""lastUpdateId"":101228068313}"
1791514216,68716126,spot,depth_diff,0,0,1237,BTCUSDT,"{""E"":1791514216014,""U"":101228068208,""a"":[[""82112.26000000"",""11.56453000""],[""82112.27000000"",""0.00020000""],[""82113.57000000"",""0.00000000""],[""82115.03000000"",""0.00000000""],[""82115.85000000"",""0.00000000""],[""82115.86000000"",""0.07007000""],[""82116.45000000"",""0.00007000""],[""82116.47000000"",""0.00014000""],[""82117.02000000"",""0.00609000""],[""82117.03000000"",""0.00000000""],[""82117.11000000"",""0.00200000""],[""82117.47000000"",""0.00969000""],[""82117.98000000"",""0.00609000""],[""82118.94000000"",""0.00200000""],[""82119.83000000"",""0.00000000""],[""82121.32000000"",""0.00010000""],[""82121.46000000"",""0.00400000""],[""82123.11000000"",""0.00014000""],[""82124.98000000"",""0.00000000""],[""85010.45000000"",""0.00000000""]],""b"":[[""82112.25000000"",""3.42495000""],[""82112.24000000"",""0.00069000""],[""82110.02000000"",""0.00014000""],[""82110.01000000"",""0.03620000""],[""82107.60000000"",""0.02229000""],[""82107.10000000"",""0.00000000""],[""82106.79000000"",""0.03653000""],[""82106.07000000"",""0.00000000""],[""82105.48000000"",""0.00000000""],[""82105.47000000"",""0.00007000""],[""82105.46000000"",""0.62090000""],[""82104.01000000"",""0.00243000""],[""82103.07000000"",""0.00000000""],[""82103.05000000"",""0.00000000""],[""82101.51000000"",""0.00000000""],[""82092.12000000"",""0.00000000""],[""82089.26000000"",""0.00012000""],[""82080.49000000"",""0.00200000""],[""82078.37000000"",""0.00000000""],[""82075.30000000"",""0.00031000""],[""82065.46000000"",""0.00840000""],[""82062.98000000"",""0.00034000""],[""82021.99000000"",""0.00000000""],[""80880.57000000"",""0.00072000""],[""78767.41000000"",""0.00000000""],[""65689.80000000"",""0.00300000""]],""e"":""depthUpdate"",""s"":""BTCUSDT"",""u"":101228068313}"
1791514216,159531622,spot,trade,0,0,1238,BTCUSDT,"{""E"":1791514216098,""M"":true,""T"":1791514216097,""e"":""trade"",""m"":false,""p"":""82112.26000000"",""q"":""0.00082000"",""s"":""BTCUSDT"",""t"":6750016049}"
1791514216,167458522,spot,depth5,0,0,1239,BTCUSDT,"{""asks"":[[""82112.26000000"",""11.38601000""],[""82112.27000000"",""0.00020000""],[""82112.28000000"",""0.00013000""],[""82112.45000000"",""0.00007000""],[""82112.71000000"",""0.00014000""]],""bids"":[[""82112.25000000"",""3.96820000""],[""82112.24000000"",""0.00062000""],[""82112.23000000"",""0.00020000""],[""82111.46000000"",""0.00946000""],[""82111.22000000"",""0.00008000""]],""lastUpdateId"":101228068422}"
1791514216,175632321,spot,depth_diff,0,0,1240,BTCUSDT,"{""E"":1791514216114,""U"":101228068314,""a"":[[""82112.26000000"",""11.38601000""],[""82112.27000000"",""0.00020000""],[""82113.10000000"",""1.32784000""],[""82113.11000000"",""0.10007000""],[""82116.47000000"",""0.00021000""],[""82117.47000000"",""0.00000000""],[""82117.98000000"",""0.00616000""],[""82121.35000000"",""0.00000000""],[""82121.46000000"",""0.00400000""],[""82123.12000000"",""0.00000000""],[""82123.64000000"",""0.00243000""],[""82124.98000000"",""0.00007000""],[""82135.07000000"",""0.00000000""],[""82165.00000000"",""0.00304000""],[""82177.95000000"",""1.36784000""],[""82177.96000000"",""1.20566000""],[""82178.05000000"",""0.00000000""],[""82209.59000000"",""0.72684000""],[""82247.21000000"",""0.00121000""],[""83343.95000000"",""0.00030000""]],""b"":[[""82112.25000000"",""3.96820000""],[""82112.24000000"",""0.00062000""],[""82108.05000000"",""0.00243000""],[""82107.24000000"",""0.00020000""],[""82105.46000000"",""0.62097000""],[""82105.11000000"",""0.00000000""],[""82104.33000000"",""0.00243000""],[""82103.08000000"",""0.00000000""],[""82103.06000000"",""0.00000000""],[""82102.48000000"",""0.00000000""],[""82102.44000000"",""0.00000000""],[""82100.36000000"",""0.00000000""],[""82098.46000000"",""0.00800000""],[""82094.82000000"",""0.02343000""],[""82092.12000000"",""0.00007000""],[""82091.63000000"",""0.32916000""],[""82089.26000000"",""0.00000000""],[""82084.23000000"",""0.32919000""],[""82072.94000000"",""0.00000000""],[""82070.48000000"",""0.00000000""],[""80880.56000000"",""0.00030000""],[""75543.28000000"",""0.00014000""],[""73901.01000000"",""0.00000000""],[""73901.00000000"",""0.00000000""]],""e"":""depthUpdate"",""s"":""BTCUSDT"",""u"":101228068422}"
1791514216,264379117,spot,depth5,0,0,1241,BTCUSDT,"{""asks"":[[""82112.26000000"",""8.14600000""],[""82112.27000000"",""0.00062000""],[""82112.28000000"",""0.00013000""],[""82112.45000000"",""0.00007000""],[""82112.71000000"",""0.00014000""]],""bids"":[[""82112.25000000"",""4.46090000""],[""82112.24000000"",""0.00034000""],[""82112.23000000"",""0.00020000""],[""82111.73000000"",""0.00243000""],[""82111.63000000"",""0.00024000""]],""lastUpdateId"":101228068634}"
1791514216,268489117,spot,depth_diff,0,0,1242,BTCUSDT,"{""E"":1791514216214,""U"":101228068423,""a"":[[""82112.26000000"",""8.14600000""],[""82112.27000000"",""0.00062000""],[""82112.72000000"",""0.60875000""],[""82113.10000000"",""1.12833000""],[""82113.11000000"",""0.00007000""],[""82114.09000000"",""0.00000000""],[""82115.02000000"",""0.00000000""],[""82115.33000000"",""0.00000000""],[""82115.34000000"",""0.00013000""],[""82115.76000000"",""0.00000000""],[""82115.85000000"",""0.00000000""],[""82115.86000000"",""0.00000000""],[""82116.31000000"",""0.00000000""],[""82116.32000000"",""0.00000000""],[""82116.48000000"",""0.19610000""],[""82117.02000000"",""0.00000000""],[""82117.11000000"",""0.00000000""],[""82117.25000000"",""0.00000000""],[""82117.97000000"",""0.13771000""],[""82117.98000000"",""0.35619000""],[""82117.99000000"",""0.00000000""],[""82118.20000000"",""0.00514000""],[""82118.94000000"",""0.00000000""],[""82119.04000000"",""0.00000000""],[""82119.83000000"",""0.00609000""],[""82119.99000000"",""0.00000000""],[""82120.46000000"",""0.00609000""],[""82120.47000000"",""0.00013000""],[""82120.53000000"",""0.00165000""],[""82121.23000000"",""0.00200000""],[""82121.27000000"",""0.00000000""],[""82121.29000000"",""0.00000000""],[""82121.30000000"",""0.00000000""],[""82121.32000000"",""0.00010000""],[""82121.34000000"",""0.00000000""],[""82121.45000000"",""0.00609000""],[""82121.46000000"",""0.00000000""],[""82121.47000000"",""0.00000000""],[""82121.48000000"",""0.00000000""],[""82121.50000000"",""0.00000000""],[""82122.82000000"",""0.00200000""],[""82123.11000000"",""0.00000000""],[""82123.64000000"",""0.00000000""],[""82123.80000000"",""0.00200000""],[""82123.98000000"",""0.00000000""],[""82124.04000000"",""0.02000000""],[""82124.27000000"",""0.00000000""],[""82124.38000000"",""0.00014000""],[""82124.39000000"",""0.00000000""],[""82124.49000000"",""0.15000000""],[""82124.57000000"",""0.00000000""],[""82124.68000000"",""0.00000000""],[""82126.31000000"",""0.00000000""],[""82127.07000000"",""0.00000000""],[""82127.61000000"",""0.00000000""],[""82128.14000000"",""0.00243000""],[""82128.17000000"",""0.00000000""],[""82128.84000000"",""0.09344000""],[""82129.17000000"",""0.00000000""],[""82131.96000000"",""0.30471000""],[""82139.78000000"",""0.00000000""],[""82142.69000000"",""0.00000000""],[""82143.99000000"",""0.30471000""],[""82144.03000000"",""0.32895000""],[""82145.11000000"",""0.05794000""],[""82146.72000000"",""0.09054000""],[""82147.53000000"",""0.38851000""],[""82165.00000000"",""0.00000000""],[""82177.95000000"",""1.34713000""],[""82247.21000000"",""0.00000000""],[""82333.70000000"",""0.03061000""]],""b"":[[""82112.25000000"",""4.46090000""],[""82112.24000000"",""0.00034000""],[""82111.73000000"",""0.00243000""],[""82111.63000000"",""0.00024000""],[""82111.50000000"",""0.00007000""],[""82110.66000000"",""0.00000000""],[""82110.00000000"",""0.12028000""],[""82108.89000000"",""0.00014000""],[""82108.88000000"",""0.02000000""],[""82108.05000000"",""0.00000000""],[""82107.98000000"",""0.03579000""],[""82107.97000000"",""0.03061000""],[""82107.60000000"",""0.00000000""],[""82107.36000000"",""0.00184000""],[""82106.81000000"",""0.00243000""],[""82106.80000000"",""0.00000000""],[""82106.29000000"",""0.00243000""],[""82105.47000000"",""0.00000000""],[""82105.46000000"",""0.62090000""],[""82105.42000000"",""0.00400000""],[""82104.33000000"",""0.00000000""],[""82104.01000000"",""0.00000000""],[""82103.00000000"",""0.34751000""],[""82100.61000000"",""0.00007000""],[""82093.97000000"",""0.36572000""],[""82093.73000000"",""0.34751000""],[""82093.72000000"",""0.00000000""],[""82092.44000000"",""0.30471000""],[""82090.72000000"",""0.32916000""],[""82085.53000000"",""0.00000000""],[""82082.75000000"",""0.00000000""],[""82081.04000000"",""0.00000000""],[""82080.49000000"",""0.00000000""],[""82078.54000000"",""0.09234000""],[""82072.46000000"",""0.00000000""],[""82068.90000000"",""0.00000000""],[""82066.45000000"",""0.00000000""],[""65689.80000000"",""0.00270000""]],""e"":""depthUpdate"",""s"":""BTCUSDT"",""u"":101228068634}"
1791514216,347497013,spot,trade,0,0,1243,BTCUSDT,"{""E"":1791514216296,""M"":true,""T"":1791514216294,""e"":""trade"",""m"":false,""p"":""82112.26000000"",""q"":""0.00008000"",""s"":""BTCUSDT"",""t"":6750016050}"
1791514216,348100913,spot,trade,0,0,1244,BTCUSDT,"{""E"":1791514216296,""M"":true,""T"":1791514216294,""e"":""trade"",""m"":false,""p"":""82112.26000000"",""q"":""0.00008000"",""s"":""BTCUSDT"",""t"":6750016051}"
1791514216,348675113,spot,trade,0,0,1245,BTCUSDT,"{""E"":1791514216296,""M"":true,""T"":1791514216294,""e"":""trade"",""m"":false,""p"":""82112.26000000"",""q"":""0.00013000"",""s"":""BTCUSDT"",""t"":6750016052}"
1791514216,349095913,spot,trade,0,0,1246,BTCUSDT,"{""E"":1791514216296,""M"":true,""T"":1791514216294,""e"":""trade"",""m"":false,""p"":""82112.26000000"",""q"":""0.00007000"",""s"":""BTCUSDT"",""t"":6750016053}"
1791514216,349470113,spot,trade,0,0,1247,BTCUSDT,"{""E"":1791514216296,""M"":true,""T"":1791514216294,""e"":""trade"",""m"":false,""p"":""82112.26000000"",""q"":""0.00007000"",""s"":""BTCUSDT"",""t"":6750016054}"
1791514216,349899813,spot,trade,0,0,1248,BTCUSDT,"{""E"":1791514216296,""M"":true,""T"":1791514216294,""e"":""trade"",""m"":false,""p"":""82112.26000000"",""q"":""0.00872000"",""s"":""BTCUSDT"",""t"":6750016055}"
1791514216,350675913,spot,trade,0,0,1249,BTCUSDT,"{""E"":1791514216297,""M"":true,""T"":1791514216295,""e"":""trade"",""m"":false,""p"":""82112.26000000"",""q"":""0.00188000"",""s"":""BTCUSDT"",""t"":6750016056}"
1791514216,351157113,spot,trade,0,0,1250,BTCUSDT,"{""E"":1791514216297,""M"":true,""T"":1791514216295,""e"":""trade"",""m"":false,""p"":""82112.26000000"",""q"":""0.00070000"",""s"":""BTCUSDT"",""t"":6750016057}"
1791514216,351583313,spot,trade,0,0,1251,BTCUSDT,"{""E"":1791514216297,""M"":true,""T"":1791514216295,""e"":""trade"",""m"":false,""p"":""82112.26000000"",""q"":""0.00048000"",""s"":""BTCUSDT"",""t"":6750016058}"
1791514216,351991113,spot,trade,0,0,1252,BTCUSDT,"{""E"":1791514216297,""M"":true,""T"":1791514216295,""e"":""trade"",""m"":false,""p"":""82112.26000000"",""q"":""0.00047000"",""s"":""BTCUSDT"",""t"":6750016059}"
1791514216,352347513,spot,trade,0,0,1253,BTCUSDT,"{""E"":1791514216297,""M"":true,""T"":1791514216295,""e"":""trade"",""m"":false,""p"":""82112.26000000"",""q"":""0.00048000"",""s"":""BTCUSDT"",""t"":6750016060}"
1791514216,352711913,spot,trade,0,0,1254,BTCUSDT,"{""E"":1791514216297,""M"":true,""T"":1791514216295,""e"":""trade"",""m"":false,""p"":""82112.26000000"",""q"":""0.00889000"",""s"":""BTCUSDT"",""t"":6750016061}"
1791514216,353116913,spot,trade,0,0,1255,BTCUSDT,"{""E"":1791514216297,""M"":true,""T"":1791514216295,""e"":""trade"",""m"":false,""p"":""82112.26000000"",""q"":""0.00259000"",""s"":""BTCUSDT"",""t"":6750016062}"
1791514216,353475013,spot,trade,0,0,1256,BTCUSDT,"{""E"":1791514216297,""M"":true,""T"":1791514216296,""e"":""trade"",""m"":false,""p"":""82112.26000000"",""q"":""0.00310000"",""s"":""BTCUSDT"",""t"":6750016063}"
1791514216,364382113,spot,depth5,0,0,1257,BTCUSDT,"{""asks"":[[""82112.26000000"",""0.42601000""],[""82112.27000000"",""0.00062000""],[""82112.28000000"",""0.00013000""],[""82113.11000000"",""0.00007000""],[""82113.57000000"",""0.00014000""]],""bids"":[[""82112.25000000"",""7.05706000""],[""82112.24000000"",""0.00013000""],[""82112.23000000"",""0.00020000""],[""82111.74000000"",""0.00609000""],[""82111.60000000"",""0.00400000""]],""lastUpdateId"":101228069037}"
1791514216,366195013,spot,depth_diff,0,0,1258,BTCUSDT,"{""E"":1791514216314,""U"":101228068635,""a"":[[""82112.26000000"",""0.42601000""],[""82112.27000000"",""0.00062000""],[""82112.45000000"",""0.00000000""],[""82112.71000000"",""0.00000000""],[""82112.72000000"",""0.00000000""],[""82113.05000000"",""0.00000000""],[""82113.06000000"",""0.00000000""],[""82113.09000000"",""0.00000000""],[""82113.10000000"",""0.00000000""],[""82113.57000000"",""0.00014000""],[""82113.66000000"",""0.00000000""],[""82114.88000000"",""0.00014000""],[""82115.03000000"",""0.00008000""],[""82115.72000000"",""0.00000000""],[""82115.76000000"",""0.00000000""],[""82116.20000000"",""0.00014000""],[""82116.45000000"",""0.00000000""],[""82116.47000000"",""0.00000000""],[""82116.48000000"",""0.00083000""],[""82116.88000000"",""0.00000000""],[""82117.78000000"",""0.00000000""],[""82117.96000000"",""0.00000000""],[""82117.97000000"",""0.00000000""],[""82117.98000000"",""0.00000000""],[""82117.99000000"",""0.00000000""],[""82118.20000000"",""0.00000000""],[""82119.83000000"",""0.00000000""],[""82119.84000000"",""0.00000000""],[""82119.95000000"",""0.00000000""],[""82120.02000000"",""0.00000000""],[""82120.46000000"",""0.00000000""],[""82120.53000000"",""0.00000000""],[""82120.74000000"",""0.00000000""],[""82121.23000000"",""0.00000000""],[""82121.32000000"",""0.00000000""],[""82121.45000000"",""0.00000000""],[""82121.53000000"",""0.09794000""],[""82121.58000000"",""0.00000000""],[""82121.72000000"",""0.30466000""],[""82122.18000000"",""0.09808000""],[""82122.19000000"",""0.00007000""],[""82122.20000000"",""0.00000000""],[""82122.21000000"",""0.00000000""],[""82122.39000000"",""0.00000000""],[""82122.77000000"",""0.00000000""],[""82122.82000000"",""0.00000000""],[""82123.48000000"",""0.00000000""],[""82123.59000000"",""0.09794000""],[""82123.80000000"",""0.09801000""],[""82123.99000000"",""0.35611000""],[""82124.04000000"",""0.00000000""],[""82124.28000000"",""0.00000000""],[""82124.38000000"",""0.00000000""],[""82124.49000000"",""0.00000000""],[""82124.58000000"",""0.00000000""],[""82124.68000000"",""0.00000000""],[""82124.69000000"",""0.07345000""],[""82126.01000000"",""0.00000000""],[""82126.31000000"",""0.00609000""],[""82126.56000000"",""0.00007000""],[""82126.57000000"",""0.00000000""],[""82126.68000000"",""0.09794000""],[""82126.85000000"",""0.03653000""],[""82127.21000000"",""0.00609000""],[""82127.22000000"",""0.00000000""],[""82127.25000000"",""0.02400000""],[""82127.47000000"",""0.00000000""],[""82127.65000000"",""0.00013000""],[""82127.71000000"",""0.09794000""],[""82128.14000000"",""0.00000000""],[""82128.15000000"",""0.00000000""],[""82128.54000000"",""0.00000000""],[""82128.63000000"",""0.09794000""],[""82128.66000000"",""0.30479000""],[""82128.79000000"",""0.09804000""],[""82128.84000000"",""0.00000000""],[""82128.85000000"",""0.00000000""],[""82128.90000000"",""0.15000000""],[""82128.93000000"",""0.00000000""],[""82128.99000000"",""11.07586000""],[""82129.33000000"",""0.00000000""],[""82129.47000000"",""0.00930000""],[""82129.94000000"",""0.00000000""],[""82129.98000000"",""0.00609000""],[""82130.30000000"",""0.27136000""],[""82130.78000000"",""0.00000000""],[""82131.96000000"",""0.00000000""],[""82132.46000000"",""0.00000000""],[""82132.80000000"",""0.00000000""],[""82133.38000000"",""0.00000000""],[""82133.58000000"",""0.00952000""],[""82134.16000000"",""0.00000000""],[""82134.80000000"",""0.00000000""],[""82135.12000000"",""0.00000000""],[""82135.37000000"",""0.00000000""],[""82136.10000000"",""0.00000000""],[""82136.69000000"",""0.00000000""],[""82136.85000000"",""0.00000000""],[""82137.54000000"",""0.30470000""],[""82137.55000000"",""0.08000000""],[""82137.69000000"",""0.00949000""],[""82138.21000000"",""0.00000000""],[""82138.22000000"",""0.00000000""],[""82138.96000000"",""0.00000000""],[""82139.74000000"",""0.00000000""],[""82139.97000000"",""0.34751000""],[""82141.80000000"",""0.00951000""],[""82143.50000000"",""0.30470000""],[""82143.82000000"",""0.00000000""],[""82143.99000000"",""0.00000000""],[""82145.10000000"",""0.12194000""],[""82145.11000000"",""0.00000000""],[""82145.91000000"",""0.00937000""],[""82145.95000000"",""0.30470000""],[""82146.62000000"",""0.00400000""],[""82146.72000000"",""0.00007000""],[""82147.53000000"",""0.00000000""],[""82149.95000000"",""0.07732000""],[""82150.14000000"",""0.00000000""],[""82150.74000000"",""0.00407000""],[""82151.01000000"",""0.00000000""],[""82151.49000000"",""0.00000000""],[""82151.50000000"",""0.30470000""],[""82151.58000000"",""0.32892000""],[""82152.56000000"",""0.00000000""],[""82152.80000000"",""0.00400000""],[""82153.03000000"",""0.38851000""],[""82154.10000000"",""0.00014000""],[""82154.65000000"",""0.00000000""],[""82154.86000000"",""0.00400000""],[""82155.73000000"",""0.00000000""],[""82155.84000000"",""0.40024000""],[""82156.82000000"",""0.05978000""],[""82158.36000000"",""0.00007000""],[""82165.00000000"",""0.00000000""],[""82198.68000000"",""0.33617000""],[""82209.59000000"",""0.00000000""],[""82247.21000000"",""0.00000000""],[""82346.06000000"",""0.03061000""],[""82497.90000000"",""0.36000000""]],""b"":[[""82112.25000000"",""7.05706000""],[""82112.24000000"",""0.00013000""],[""82111.74000000"",""0.00609000""],[""82111.73000000"",""0.00000000""],[""82111.63000000"",""0.00000000""],[""82111.60000000"",""0.00400000""],[""82111.58000000"",""0.00024000""],[""82111.50000000"",""0.00007000""],[""82111.47000000"",""0.00000000""],[""82111.19000000"",""0.03653000""],[""82110.59000000"",""0.00000000""],[""82110.02000000"",""0.00000000""],[""82110.01000000"",""0.03606000""],[""82110.00000000"",""0.12021000""],[""82109.54000000"",""0.00400000""],[""82109.16000000"",""0.00000000""],[""82108.89000000"",""0.00000000""],[""82108.88000000"",""0.00000000""],[""82108.13000000"",""0.00000000""],[""82107.99000000"",""0.00000000""],[""82107.98000000"",""0.63450000""],[""82107.97000000"",""0.03068000""],[""82107.61000000"",""0.00000000""],[""82107.48000000"",""0.00400000""],[""82107.36000000"",""0.00000000""],[""82107.28000000"",""0.00047000""],[""82107.27000000"",""0.03007000""],[""82107.25000000"",""0.00607000""],[""82107.10000000"",""0.00000000""],[""82106.81000000"",""0.00000000""],[""82106.80000000"",""0.00200000""],[""82106.79000000"",""0.00000000""],[""82106.29000000"",""0.00000000""],[""82106.07000000"",""0.00007000""],[""82106.01000000"",""1.05373000""],[""82105.47000000"",""0.00000000""],[""82104.01000000"",""0.00000000""],[""82103.28000000"",""0.00000000""],[""82103.01000000"",""0.00000000""],[""82102.90000000"",""0.00000000""],[""82102.80000000"",""0.02426000""],[""82102.65000000"",""0.36568000""],[""82102.21000000"",""0.00017000""],[""82101.51000000"",""0.00157000""],[""82100.61000000"",""0.00007000""],[""82100.01000000"",""0.30470000""],[""82099.43000000"",""0.32913000""],[""82099.20000000"",""0.00000000""],[""82098.46000000"",""0.00400000""],[""82098.16000000"",""0.12000000""],[""82097.46000000"",""0.00000000""],[""82096.01000000"",""0.00000000""],[""82095.39000000"",""0.00000000""],[""82094.82000000"",""0.00000000""],[""82094.79000000"",""0.00000000""],[""82093.20000000"",""0.00000000""],[""82092.44000000"",""0.00000000""],[""82091.84000000"",""0.07791000""],[""82091.05000000"",""0.30470000""],[""82089.61000000"",""0.30470000""],[""82087.95000000"",""0.00482000""],[""82086.80000000"",""0.30470000""],[""82084.75000000"",""0.95540000""],[""82084.23000000"",""0.00000000""],[""82081.51000000"",""0.00000000""],[""82081.43000000"",""0.00000000""],[""82078.64000000"",""0.00000000""],[""82077.37000000"",""0.00000000""],[""82076.58000000"",""0.00000000""],[""82076.51000000"",""0.00000000""],[""82075.52000000"",""1.20716000""],[""82075.32000000"",""0.00000000""],[""82074.52000000"",""0.62390000""],[""82073.29000000"",""0.00000000""],[""82067.03000000"",""0.00000000""],[""82047.62000000"",""0.16073000""],[""82044.03000000"",""0.00000000""],[""82030.73000000"",""0.77517000""],[""82024.11000000"",""1.72509000""],[""82009.16000000"",""0.46019000""],[""82007.19000000"",""0.00007000""],[""81987.82000000"",""0.14392000""],[""81987.81000000"",""0.00000000""],[""80880.57000000"",""0.00064000""],[""43219.20000000"",""0.00035000""]],""e"":""depthUpdate"",""s"":""BTCUSDT"",""u"":101228069037}"
1791514216,473876714,spot,depth5,0,0,1259,BTCUSDT,"{""asks"":[[""82112.26000000"",""0.45249000""],[""82112.27000000"",""0.00055000""],[""82112.28000000"",""0.00013000""],[""82113.11000000"",""0.00007000""],[""82113.57000000"",""0.00014000""]],""bids"":[[""82112.25000000"",""6.19010000""],[""82112.24000000"",""0.00013000""],[""82112.23000000"",""0.00020000""],[""82111.60000000"",""0.00400000""],[""82111.58000000"",""0.00024000""]],""lastUpdateId"":101228069199}"
1791514216,475899714,spot,depth_diff,0,0,1260,BTCUSDT,"{""E"":1791514216414,""U"":101228069038,""a"":[[""82112.26000000"",""0.45249000""],[""82112.27000000"",""0.00055000""],[""82113.68000000"",""0.00008000""],[""82115.03000000"",""0.00000000""],[""82119.46000000"",""0.00014000""],[""82119.47000000"",""0.09801000""],[""82120.49000000"",""0.00007000""],[""82120.50000000"",""0.07352000""],[""82121.45000000"",""0.00024000""],[""82121.52000000"",""0.12156000""],[""82121.53000000"",""0.09801000""],[""82121.71000000"",""0.00000000""],[""82121.72000000"",""0.30473000""],[""82122.00000000"",""0.00012000""],[""82122.18000000"",""0.09801000""],[""82122.25000000"",""0.00047000""],[""82122.62000000"",""0.00048000""],[""82123.59000000"",""0.09808000""],[""82123.79000000"",""0.35181000""],[""82123.80000000"",""0.09794000""],[""82123.81000000"",""0.35305000""],[""82123.99000000"",""0.35611000""],[""82124.63000000"",""0.00191000""],[""82124.69000000"",""0.00000000""],[""82126.68000000"",""0.00000000""],[""82128.62000000"",""1.09973000""],[""82128.63000000"",""0.00000000""],[""82128.79000000"",""0.00010000""],[""82128.89000000"",""0.00000000""],[""82128.91000000"",""0.00165000""],[""82129.65000000"",""0.00200000""],[""82130.30000000"",""0.16683000""],[""82134.54000000"",""1.00029000""],[""82134.55000000"",""0.49942000""],[""82137.06000000"",""0.00007000""],[""82137.38000000"",""1.50205000""],[""82140.66000000"",""0.06156000""],[""82152.51000000"",""0.00007000""],[""82157.61000000"",""0.00000000""],[""82164.65000000"",""1.53351000""],[""82165.00000000"",""0.00304000""],[""82247.21000000"",""0.00121000""]],""b"":[[""82112.25000000"",""6.19010000""],[""82111.74000000"",""0.00000000""],[""82110.00000000"",""0.12028000""],[""82109.73000000"",""0.00157000""],[""82108.00000000"",""0.83992000""],[""82107.99000000"",""1.58200000""],[""82107.98000000"",""0.00000000""],[""82107.27000000"",""0.03007000""],[""82107.25000000"",""0.00200000""],[""82107.01000000"",""0.01522000""],[""82106.47000000"",""0.04239000""],[""82106.33000000"",""0.01522000""],[""82106.02000000"",""0.99265000""],[""82106.01000000"",""1.05366000""],[""82105.96000000"",""0.00000000""],[""82101.51000000"",""0.00000000""],[""82100.98000000"",""0.15298000""],[""82097.70000000"",""0.00000000""],[""82092.35000000"",""0.00000000""],[""82089.94000000"",""0.00000000""],[""82089.76000000"",""0.00200000""],[""82079.61000000"",""0.00000000""],[""82076.67000000"",""2.17882000""],[""82075.94000000"",""1.53517000""],[""82051.59000000"",""0.00000000""],[""82030.74000000"",""0.00000000""],[""82030.73000000"",""0.00000000""],[""81782.31000000"",""0.00000000""],[""73901.03000000"",""0.00345000""],[""65689.80000000"",""0.00240000""]],""e"":""depthUpdate"",""s"":""BTCUSDT"",""u"":101228069199}"
1791514216,564527515,spot,depth5,0,0,1261,BTCUSDT,"{""asks"":[[""82112.26000000"",""0.79302000""],[""82112.27000000"",""0.00055000""],[""82112.28000000"",""0.00013000""],[""82113.11000000"",""0.00007000""],[""82113.57000000"",""0.00014000""]],""bids"":[[""82112.25000000"",""6.19010000""],[""82112.24000000"",""0.00013000""],[""82112.23000000"",""0.00020000""],[""82111.60000000"",""0.00400000""],[""82111.50000000"",""0.00007000""]],""lastUpdateId"":101228069255}"
1791514216,567702015,spot,depth_diff,0,0,1262,BTCUSDT,"{""E"":1791514216514,""U"":101228069200,""a"":[[""82112.26000000"",""0.79302000""],[""82116.14000000"",""0.00012000""],[""82121.90000000"",""0.00000000""],[""82122.11000000"",""0.00070000""],[""82122.19000000"",""0.00048000""],[""82123.59000000"",""0.09801000""],[""82123.79000000"",""0.35188000""],[""82123.80000000"",""0.00000000""],[""82124.28000000"",""0.00007000""],[""82127.71000000"",""0.00000000""],[""82128.54000000"",""0.00007000""],[""82128.61000000"",""0.09794000""],[""82131.98000000"",""0.00243000""],[""82132.46000000"",""0.10682000""],[""82132.80000000"",""0.00007000""],[""82134.53000000"",""1.35545000""],[""82134.55000000"",""0.00000000""],[""82136.84000000"",""0.32898000""],[""82137.90000000"",""0.36553000""],[""82151.49000000"",""0.32892000""],[""82158.36000000"",""0.00000000""],[""82158.98000000"",""0.00400000""],[""82163.11000000"",""0.00430000""],[""82167.34000000"",""0.00425000""],[""82178.58000000"",""0.45777000""],[""82184.66000000"",""1.20556000""],[""82198.68000000"",""0.00744000""]],""b"":[[""82112.25000000"",""6.19010000""],[""82111.58000000"",""0.00000000""],[""82099.22000000"",""0.32913000""],[""82063.47000000"",""0.00000000""],[""82062.93000000"",""0.00430000""],[""82030.73000000"",""0.77517000""],[""81791.18000000"",""0.00025000""],[""65690.00000000"",""0.00000000""]],""e"":""depthUpdate"",""s"":""BTCUSDT"",""u"":101228069255}"
1791514216,666323816,spot,depth5,0,0,1263,BTCUSDT,"{""asks"":[[""82112.26000000"",""0.26842000""],[""82112.27000000"",""0.00055000""],[""82112.28000000"",""0.00013000""],[""82113.11000000"",""0.00007000""],[""82113.57000000"",""0.00014000""]],""bids"":[[""82112.25000000"",""6.85236000""],[""82112.24000000"",""0.00013000""],[""82112.23000000"",""0.00020000""],[""82111.60000000"",""0.00400000""],[""82111.50000000"",""0.00007000""]],""lastUpdateId"":101228069357}"
1791514216,666973316,spot,depth_diff,0,0,1264,BTCUSDT,"{""E"":1791514216614,""U"":101228069256,""a"":[[""82112.26000000"",""0.26842000""],[""82112.27000000"",""0.00055000""],[""82115.76000000"",""0.00000000""],[""82118.95000000"",""0.00666000""],[""82119.46000000"",""0.00000000""],[""82119.47000000"",""0.00000000""],[""82120.02000000"",""0.00000000""],[""82120.49000000"",""0.00000000""],[""82120.50000000"",""0.09801000""],[""82121.51000000"",""0.09808000""],[""82121.53000000"",""0.00007000""],[""82121.71000000"",""0.09794000""],[""82121.72000000"",""0.30466000""],[""82121.75000000"",""0.00000000""],[""82122.00000000"",""0.00022000""],[""82122.18000000"",""0.00007000""],[""82123.58000000"",""0.09794000""],[""82123.59000000"",""0.00007000""],[""82123.78000000"",""0.09794000""],[""82123.79000000"",""0.35188000""],[""82124.28000000"",""0.00000000""],[""82125.29000000"",""0.00019000""],[""82127.71000000"",""0.09794000""],[""82128.60000000"",""0.09994000""],[""82128.61000000"",""0.00000000""],[""82128.66000000"",""0.00000000""],[""82128.90000000"",""0.07000000""],[""82128.99000000"",""11.07586000""],[""82130.55000000"",""0.00000000""],[""82130.90000000"",""0.08000000""],[""82131.98000000"",""0.00000000""],[""82132.46000000"",""0.00000000""],[""82165.00000000"",""0.00000000""],[""82247.21000000"",""0.00000000""],[""82344.47000000"",""0.00000000""],[""82354.06000000"",""0.01908000""]],""b"":[[""82112.25000000"",""6.85236000""],[""82110.18000000"",""0.00000000""],[""82109.28000000"",""0.00609000""],[""82107.28000000"",""0.00000000""],[""82106.48000000"",""0.00047000""],[""82105.47000000"",""0.00000000""],[""82103.56000000"",""0.02000000""],[""82102.80000000"",""0.04426000""],[""82100.60000000"",""0.00000000""],[""82100.01000000"",""0.00000000""],[""82099.03000000"",""0.02000000""],[""82098.63000000"",""0.02000000""],[""82097.46000000"",""0.30468000""],[""82095.16000000"",""0.00000000""],[""82090.24000000"",""0.02000000""],[""82089.76000000"",""0.00000000""],[""82046.99000000"",""0.00000000""],[""82030.73000000"",""0.00000000""],[""81856.30000000"",""0.00756000""],[""81842.39000000"",""0.00000000""],[""80880.57000000"",""0.00064000""],[""75543.28000000"",""0.00000000""],[""73901.03000000"",""0.00330000""],[""65689.80000000"",""0.00210000""]],""e"":""depthUpdate"",""s"":""BTCUSDT"",""u"":101228069357}"
1791514216,767684818,spot,depth5,0,0,1265,BTCUSDT,"{""asks"":[[""82112.26000000"",""0.26842000""],[""82112.27000000"",""0.00062000""],[""82112.28000000"",""0.00013000""],[""82113.11000000"",""0.00007000""],[""82113.57000000"",""0.00014000""]],""bids"":[[""82112.25000000"",""6.85236000""],[""82112.24000000"",""0.00013000""],[""82112.23000000"",""0.00020000""],[""82111.60000000"",""0.00400000""],[""82111.50000000"",""0.00007000""]],""lastUpdateId"":101228069409}"
1791514216,768459318,spot,depth_diff,0,0,1266,BTCUSDT,"{""E"":1791514216714,""U"":101228069358,""a"":[[""82112.26000000"",""0.26842000""],[""82112.27000000"",""0.00062000""],[""82115.76000000"",""0.00007000""],[""82119.46000000"",""0.00014000""],[""82119.47000000"",""0.09794000""],[""82120.02000000"",""0.00007000""],[""82120.49000000"",""0.00014000""],[""82120.50000000"",""0.09808000""],[""82121.50000000"",""0.00000000""],[""82121.51000000"",""0.09794000""],[""82121.52000000"",""0.12156000""],[""82121.72000000"",""0.30473000""],[""82122.18000000"",""0.00000000""],[""82123.58000000"",""0.09794000""],[""82123.59000000"",""0.00000000""],[""82123.78000000"",""0.09794000""],[""82123.79000000"",""0.35181000""],[""82124.28000000"",""0.00007000""],[""82125.29000000"",""0.00009000""],[""82125.38000000"",""0.00023000""],[""82130.57000000"",""0.00243000""],[""82131.92000000"",""0.30479000""],[""82145.10000000"",""0.00008000""],[""82154.27000000"",""0.00482000""],[""82156.31000000"",""0.12185000""],[""82165.00000000"",""0.00304000""],[""82247.21000000"",""0.00121000""],[""82352.86000000"",""0.01520000""],[""82354.06000000"",""0.00000000""],[""82359.38000000"",""0.00000000""],[""82434.49000000"",""0.01504000""],[""82483.01000000"",""0.00000000""]],""b"":[[""82104.00000000"",""0.00401000""],[""82092.76000000"",""0.00000000""],[""82090.66000000"",""0.00000000""],[""82062.94000000"",""0.00389000""],[""82051.71000000"",""0.00000000""],[""82042.52000000"",""0.00000000""],[""82030.10000000"",""0.00389000""],[""82018.87000000"",""0.00000000""],[""73901.03000000"",""0.00345000""]],""e"":""depthUpdate"",""s"":""BTCUSDT"",""u"":101228069409}"
1791514216,809755318,spot,trade,0,0,1267,BTCUSDT,"{""E"":1791514216756,""M"":true,""T"":1791514216756,""e"":""trade"",""m"":false,""p"":""82112.26000000"",""q"":""0.00209000"",""s"":""BTCUSDT"",""t"":6750016064}"
1791514216,828004018,spot,trade,0,0,1268,BTCUSDT,"{""E"":1791514216776,""M"":true,""T"":1791514216776,""e"":""trade"",""m"":false,""p"":""82112.26000000"",""q"":""0.00009000"",""s"":""BTCUSDT"",""t"":6750016065}"
1791514216,851097619,spot,trade,0,0,1269,BTCUSDT,"{""E"":1791514216798,""M"":true,""T"":1791514216798,""e"":""trade"",""m"":false,""p"":""82112.26000000"",""q"":""0.00100000"",""s"":""BTCUSDT"",""t"":6750016066}"
1791514216,864416119,spot,depth5,0,0,1270,BTCUSDT,"{""asks"":[[""82112.26000000"",""0.26517000""],[""82112.27000000"",""0.00055000""],[""82112.28000000"",""0.00013000""],[""82113.11000000"",""0.00007000""],[""82113.57000000"",""0.00014000""]],""bids"":[[""82112.25000000"",""8.16422000""],[""82112.24000000"",""0.00013000""],[""82112.23000000"",""0.00020000""],[""82111.60000000"",""0.00400000""],[""82111.51000000"",""0.00024000""]],""lastUpdateId"":101228069538}"
1791514216,865262019,spot,depth_diff,0,0,1271,BTCUSDT,"{""E"":1791514216814,""U"":101228069410,""a"":[[""82112.26000000"",""0.26517000""],[""82112.27000000"",""0.00055000""],[""82115.76000000"",""0.00000000""],[""82119.46000000"",""0.00000000""],[""82119.47000000"",""0.00000000""],[""82120.02000000"",""0.00000000""],[""82120.49000000"",""0.00000000""],[""82120.50000000"",""0.00007000""],[""82121.50000000"",""0.00000000""],[""82121.51000000"",""0.00014000""],[""82121.52000000"",""0.12149000""],[""82121.71000000"",""0.00007000""],[""82121.72000000"",""0.30473000""],[""82123.57000000"",""0.07345000""],[""82123.58000000"",""0.00007000""],[""82123.78000000"",""0.09794000""],[""82123.79000000"",""0.35188000""],[""82123.93000000"",""0.00000000""],[""82124.28000000"",""0.00000000""],[""82124.65000000"",""0.00000000""],[""82124.98000000"",""0.00017000""],[""82125.38000000"",""0.00013000""],[""82126.31000000"",""0.00000000""],[""82126.85000000"",""0.00000000""],[""82127.71000000"",""0.00000000""],[""82127.82000000"",""0.00000000""],[""82128.59000000"",""0.00200000""],[""82128.60000000"",""0.00200000""],[""82128.61000000"",""0.09794000""],[""82128.62000000"",""0.09744000""],[""82128.80000000"",""0.00000000""],[""82128.90000000"",""0.00000000""],[""82128.98000000"",""1.00029000""],[""82128.99000000"",""11.07586000""],[""82129.47000000"",""0.00000000""],[""82130.11000000"",""0.00609000""],[""82130.30000000"",""0.27620000""],[""82130.57000000"",""0.00000000""],[""82130.90000000"",""0.00000000""],[""82132.46000000"",""0.00000000""],[""82132.60000000"",""0.15000000""],[""82133.66000000"",""0.00000000""],[""82134.52000000"",""1.00029000""],[""82134.53000000"",""0.96591000""],[""82134.54000000"",""0.00000000""],[""82136.84000000"",""0.00000000""],[""82137.54000000"",""0.00000000""],[""82139.97000000"",""0.00000000""],[""82140.22000000"",""0.30468000""],[""82152.14000000"",""0.00000000""],[""82154.27000000"",""0.00000000""],[""82158.36000000"",""0.00007000""],[""82165.00000000"",""0.00000000""],[""82178.58000000"",""0.00000000""],[""82200.12000000"",""0.32872000""],[""82247.21000000"",""0.00000000""],[""82261.03000000"",""0.00121000""],[""82266.00000000"",""0.00000000""],[""82415.62000000"",""0.01907000""]],""b"":[[""82112.25000000"",""8.16422000""],[""82111.51000000"",""0.00024000""],[""82109.28000000"",""0.00000000""],[""82108.01000000"",""0.00600000""],[""82107.97000000"",""0.03061000""],[""82107.32000000"",""0.02421000""],[""82107.27000000"",""0.00007000""],[""82106.07000000"",""0.00017000""],[""82102.80000000"",""0.02000000""],[""82098.46000000"",""0.00200000""],[""82098.16000000"",""0.00000000""],[""82094.43000000"",""0.00000000""],[""82077.85000000"",""0.00824000""],[""80880.57000000"",""0.00056000""],[""73901.03000000"",""0.00353000""],[""65689.80000000"",""0.00180000""]],""e"":""depthUpdate"",""s"":""BTCUSDT"",""u"":101228069538}"
1791514216,964448720,spot,trade,0,0,1272,BTCUSDT,"{""E"":1791514216914,""M"":true,""T"":1791514216913,""e"":""trade"",""m"":false,""p"":""82112.26000000"",""q"":""0.00122000"",""s"":""BTCUSDT"",""t"":6750016067}"
1791514216,965320920,spot,depth5,0,0,1273,BTCUSDT,"{""asks"":[[""82112.26000000"",""0.26395000""],[""82112.27000000"",""0.00055000""],[""82112.28000000"",""0.00013000""],[""82113.11000000"",""0.00007000""],[""82113.57000000"",""0.00014000""]],""bids"":[[""82112.25000000"",""8.16527000""],[""82112.24000000"",""0.00013000""],[""82112.23000000"",""0.00020000""],[""82111.60000000"",""0.00400000""],[""82111.50000000"",""0.00007000""]],""lastUpdateId"":101228069574}"
1791514216,977456920,spot,depth_diff,0,0,1274,BTCUSDT,"{""E"":1791514216914,""U"":101228069539,""a"":[[""82112.26000000"",""0.26395000""],[""82121.50000000"",""0.00014000""],[""82121.51000000"",""0.09808000""],[""82121.71000000"",""0.00000000""],[""82123.57000000"",""0.07352000""],[""82123.79000000"",""0.35181000""],[""82124.98000000"",""0.00007000""],[""82127.84000000"",""0.00509000""],[""82128.54000000"",""0.00000000""],[""82129.48000000"",""0.00948000""],[""82130.77000000"",""0.03653000""],[""82135.59000000"",""0.06087000""],[""82147.24000000"",""0.10878000""],[""82165.00000000"",""0.00304000""],[""82247.21000000"",""0.00121000""]],""b"":[[""82112.25000000"",""8.16527000""],[""82111.51000000"",""0.00000000""],[""82107.97000000"",""0.03068000""],[""82103.63000000"",""0.02000000""],[""82102.72000000"",""0.02000000""],[""82098.70000000"",""0.02000000""],[""82092.20000000"",""0.51005000""],[""82091.89000000"",""0.00000000""],[""82042.15000000"",""0.00000000""],[""80880.57000000"",""0.00064000""],[""73901.03000000"",""0.00353000""],[""65690.00000000"",""0.00000000""]],""e"":""depthUpdate"",""s"":""BTCUSDT"",""u"":101228069574}"
1791514216,982577520,spot,trade,0,0,1275,BTCUSDT,"{""E"":1791514216915,""M"":true,""T"":1791514216915,""e"":""trade"",""m"":false,""p"":""82112.26000000"",""q"":""0.00122000"",""s"":""BTCUSDT"",""t"":6750016068}"
1791514217,106621,spot,trade,0,0,1276,BTCUSDT,"{""E"":1791514216915,""M"":true,""T"":1791514216915,""e"":""trade"",""m"":false,""p"":""82112.26000000"",""q"":""0.00010000"",""s"":""BTCUSDT"",""t"":6750016069}"
1791514217,6482721,spot,trade,0,0,1277,BTCUSDT,"{""E"":1791514216951,""M"":true,""T"":1791514216951,""e"":""trade"",""m"":false,""p"":""82112.26000000"",""q"":""0.00007000"",""s"":""BTCUSDT"",""t"":6750016070}"
1791514217,20023521,spot,trade,0,0,1278,BTCUSDT,"{""E"":1791514216966,""M"":true,""T"":1791514216965,""e"":""trade"",""m"":false,""p"":""82112.26000000"",""q"":""0.00044000"",""s"":""BTCUSDT"",""t"":6750016071}"
1791514217,39980221,spot,trade,0,0,1279,BTCUSDT,"{""E"":1791514216968,""M"":true,""T"":1791514216967,""e"":""trade"",""m"":false,""p"":""82112.26000000"",""q"":""0.08000000"",""s"":""BTCUSDT"",""t"":6750016072}"
1791514217,40904721,spot,trade,0,0,1280,BTCUSDT,"{""E"":1791514216968,""M"":true,""T"":1791514216967,""e"":""trade"",""m"":false,""p"":""82112.26000000"",""q"":""0.04000000"",""s"":""BTCUSDT"",""t"":6750016073}"
1791514217,41481921,spot,trade,0,0,1281,BTCUSDT,"{""E"":1791514216968,""M"":true,""T"":1791514216967,""e"":""trade"",""m"":false,""p"":""82112.26000000"",""q"":""0.12000000"",""s"":""BTCUSDT"",""t"":6750016074}"
1791514217,43139121,spot,trade,0,0,1282,BTCUSDT,"{""E"":1791514216968,""M"":true,""T"":1791514216967,""e"":""trade"",""m"":false,""p"":""82112.26000000"",""q"":""0.02008000"",""s"":""BTCUSDT"",""t"":6750016075}"
1791514217,45886321,spot,trade,0,0,1283,BTCUSDT,"{""E"":1791514216968,""M"":true,""T"":1791514216967,""e"":""trade"",""m"":false,""p"":""82112.26000000"",""q"":""0.00013000"",""s"":""BTCUSDT"",""t"":6750016076}"
1791514217,46860621,spot,trade,0,0,1284,BTCUSDT,"{""E"":1791514216968,""M"":true,""T"":1791514216967,""e"":""trade"",""m"":false,""p"":""82112.26000000"",""q"":""0.00080000"",""s"":""BTCUSDT"",""t"":6750016077}"
1791514217,48316721,spot,trade,0,0,1285,BTCUSDT,"{""E"":1791514216968,""M"":true,""T"":1791514216967,""e"":""trade"",""m"":false,""p"":""82112.26000000"",""q"":""0.00007000"",""s"":""BTCUSDT"",""t"":6750016078}"
1791514217,48799121,spot,trade,0,0,1286,BTCUSDT,"{""E"":1791514216968,""M"":true,""T"":1791514216967,""e"":""trade"",""m"":false,""p"":""82112.26000000"",""q"":""0.00007000"",""s"":""BTCUSDT"",""t"":6750016079}"
1791514217,49285821,spot,trade,0,0,1287,BTCUSDT,"{""E"":1791514216968,""M"":true,""T"":1791514216967,""e"":""trade"",""m"":false,""p"":""82112.26000000"",""q"":""0.00007000"",""s"":""BTCUSDT"",""t"":6750016080}"
1791514217,49709021,spot,trade,0,0,1288,BTCUSDT,"{""E"":1791514216968,""M"":true,""T"":1791514216967,""e"":""trade"",""m"":false,""p"":""82112.26000000"",""q"":""0.00007000"",""s"":""BTCUSDT"",""t"":6750016081}"
1791514217,50235621,spot,trade,0,0,1289,BTCUSDT,"{""E"":1791514216968,""M"":true,""T"":1791514216967,""e"":""trade"",""m"":false,""p"":""82112.26000000"",""q"":""0.00007000"",""s"":""BTCUSDT"",""t"":6750016082}"
1791514217,51920921,spot,trade,0,0,1290,BTCUSDT,"{""E"":1791514216968,""M"":true,""T"":1791514216967,""e"":""trade"",""m"":false,""p"":""82112.26000000"",""q"":""0.00007000"",""s"":""BTCUSDT"",""t"":6750016083}"
1791514217,52810621,spot,trade,0,0,1291,BTCUSDT,"{""E"":1791514216968,""M"":true,""T"":1791514216967,""e"":""trade"",""m"":false,""p"":""82112.26000000"",""q"":""0.00007000"",""s"":""BTCUSDT"",""t"":6750016084}"
1791514217,53345121,spot,trade,0,0,1292,BTCUSDT,"{""E"":1791514216968,""M"":true,""T"":1791514216967,""e"":""trade"",""m"":false,""p"":""82112.26000000"",""q"":""0.00008000"",""s"":""BTCUSDT"",""t"":6750016085}"
1791514217,54068521,spot,trade,0,0,1293,BTCUSDT,"{""E"":1791514216968,""M"":true,""T"":1791514216967,""e"":""trade"",""m"":false,""p"":""82112.26000000"",""q"":""0.00013000"",""s"":""BTCUSDT"",""t"":6750016086}"
1791514217,55457722,spot,trade,0,0,1294,BTCUSDT,"{""E"":1791514216968,""M"":true,""T"":1791514216967,""e"":""trade"",""m"":false,""p"":""82112.26000000"",""q"":""0.00007000"",""s"":""BTCUSDT"",""t"":6750016087}"
1791514217,61790322,spot,trade,0,0,1295,BTCUSDT,"{""E"":1791514216968,""M"":true,""T"":1791514216967,""e"":""trade"",""m"":false,""p"":""82112.26000000"",""q"":""0.00007000"",""s"":""BTCUSDT"",""t"":6750016088}"
1791514217,69555922,spot,trade,0,0,1296,BTCUSDT,"{""E"":1791514216968,""M"":true,""T"":1791514216967,""e"":""trade"",""m"":false,""p"":""82112.26000000"",""q"":""0.00013000"",""s"":""BTCUSDT"",""t"":6750016089}"
1791514217,73579722,spot,trade,0,0,1297,BTCUSDT,"{""E"":1791514216968,""M"":true,""T"":1791514216967,""e"":""trade"",""m"":false,""p"":""82112.26000000"",""q"":""0.00007000"",""s"":""BTCUSDT"",""t"":6750016090}"
1791514217,76145922,spot,trade,0,0,1298,BTCUSDT,"{""E"":1791514216968,""M"":true,""T"":1791514216967,""e"":""trade"",""m"":false,""p"":""82112.26000000"",""q"":""0.00007000"",""s"":""BTCUSDT"",""t"":6750016091}"
1791514217,77646422,spot,trade,0,0,1299,BTCUSDT,"{""E"":1791514216968,""M"":true,""T"":1791514216967,""e"":""trade"",""m"":false,""p"":""82112.26000000"",""q"":""0.00007000"",""s"":""BTCUSDT"",""t"":6750016092}"
1791514217,78258022,spot,trade,0,0,1300,BTCUSDT,"{""E"":1791514216968,""M"":true,""T"":1791514216967,""e"":""trade"",""m"":false,""p"":""82112.26000000"",""q"":""0.00007000"",""s"":""BTCUSDT"",""t"":6750016093}"
1791514217,78787722,spot,trade,0,0,1301,BTCUSDT,"{""E"":1791514216968,""M"":true,""T"":1791514216967,""e"":""trade"",""m"":false,""p"":""82112.26000000"",""q"":""0.00007000"",""s"":""BTCUSDT"",""t"":6750016094}"
1791514217,79381722,spot,trade,0,0,1302,BTCUSDT,"{""E"":1791514216968,""M"":true,""T"":1791514216967,""e"":""trade"",""m"":false,""p"":""82112.26000000"",""q"":""0.00007000"",""s"":""BTCUSDT"",""t"":6750016095}"
1791514217,79907222,spot,trade,0,0,1303,BTCUSDT,"{""E"":1791514216968,""M"":true,""T"":1791514216967,""e"":""trade"",""m"":false,""p"":""82112.26000000"",""q"":""0.00007000"",""s"":""BTCUSDT"",""t"":6750016096}"
1791514217,80388422,spot,trade,0,0,1304,BTCUSDT,"{""E"":1791514216968,""M"":true,""T"":1791514216967,""e"":""trade"",""m"":false,""p"":""82112.26000000"",""q"":""0.00007000"",""s"":""BTCUSDT"",""t"":6750016097}"
1791514217,80900522,spot,trade,0,0,1305,BTCUSDT,"{""E"":1791514216968,""M"":true,""T"":1791514216967,""e"":""trade"",""m"":false,""p"":""82112.26000000"",""q"":""0.00007000"",""s"":""BTCUSDT"",""t"":6750016098}"
1791514217,81433222,spot,trade,0,0,1306,BTCUSDT,"{""E"":1791514216968,""M"":true,""T"":1791514216967,""e"":""trade"",""m"":false,""p"":""82112.26000000"",""q"":""0.00007000"",""s"":""BTCUSDT"",""t"":6750016099}"
1791514217,81891522,spot,trade,0,0,1307,BTCUSDT,"{""E"":1791514216968,""M"":true,""T"":1791514216967,""e"":""trade"",""m"":false,""p"":""82112.26000000"",""q"":""0.00007000"",""s"":""BTCUSDT"",""t"":6750016100}"
1791514217,82340222,spot,trade,0,0,1308,BTCUSDT,"{""E"":1791514216968,""M"":true,""T"":1791514216967,""e"":""trade"",""m"":false,""p"":""82112.26000000"",""q"":""0.00007000"",""s"":""BTCUSDT"",""t"":6750016101}"
1791514217,82786622,spot,trade,0,0,1309,BTCUSDT,"{""E"":1791514216968,""M"":true,""T"":1791514216967,""e"":""trade"",""m"":false,""p"":""82112.26000000"",""q"":""0.00007000"",""s"":""BTCUSDT"",""t"":6750016102}"
1791514217,83212122,spot,trade,0,0,1310,BTCUSDT,"{""E"":1791514216968,""M"":true,""T"":1791514216967,""e"":""trade"",""m"":false,""p"":""82112.26000000"",""q"":""0.00007000"",""s"":""BTCUSDT"",""t"":6750016103}"
1791514217,83766422,spot,trade,0,0,1311,BTCUSDT,"{""E"":1791514216968,""M"":true,""T"":1791514216967,""e"":""trade"",""m"":false,""p"":""82112.27000000"",""q"":""0.00013000"",""s"":""BTCUSDT"",""t"":6750016104}"
1791514217,85608622,spot,trade,0,0,1312,BTCUSDT,"{""E"":1791514216968,""M"":true,""T"":1791514216967,""e"":""trade"",""m"":false,""p"":""82112.27000000"",""q"":""0.00007000"",""s"":""BTCUSDT"",""t"":6750016105}"
1791514217,87876522,spot,trade,0,0,1313,BTCUSDT,"{""E"":1791514216968,""M"":true,""T"":1791514216967,""e"":""trade"",""m"":false,""p"":""82112.27000000"",""q"":""0.00007000"",""s"":""BTCUSDT"",""t"":6750016106}"
1791514217,88381522,spot,trade,0,0,1314,BTCUSDT,"{""E"":1791514216968,""M"":true,""T"":1791514216967,""e"":""trade"",""m"":false,""p"":""82112.27000000"",""q"":""0.00007000"",""s"":""BTCUSDT"",""t"":6750016107}"
1791514217,88913822,spot,trade,0,0,1315,BTCUSDT,"{""E"":1791514216968,""M"":true,""T"":1791514216967,""e"":""trade"",""m"":false,""p"":""82112.27000000"",""q"":""0.00007000"",""s"":""BTCUSDT"",""t"":6750016108}"
1791514217,90432222,spot,trade,0,0,1316,BTCUSDT,"{""E"":1791514216968,""M"":true,""T"":1791514216967,""e"":""trade"",""m"":false,""p"":""82112.27000000"",""q"":""0.00007000"",""s"":""BTCUSDT"",""t"":6750016109}"
1791514217,91444622,spot,trade,0,0,1317,BTCUSDT,"{""E"":1791514216968,""M"":true,""T"":1791514216967,""e"":""trade"",""m"":false,""p"":""82112.27000000"",""q"":""0.00007000"",""s"":""BTCUSDT"",""t"":6750016110}"
1791514217,91920822,spot,trade,0,0,1318,BTCUSDT,"{""E"":1791514216968,""M"":true,""T"":1791514216967,""e"":""trade"",""m"":false,""p"":""82112.28000000"",""q"":""0.00013000"",""s"":""BTCUSDT"",""t"":6750016111}"
1791514217,93232622,spot,trade,0,0,1319,BTCUSDT,"{""E"":1791514216968,""M"":true,""T"":1791514216967,""e"":""trade"",""m"":false,""p"":""82113.11000000"",""q"":""0.00007000"",""s"":""BTCUSDT"",""t"":6750016112}"
1791514217,94104722,spot,trade,0,0,1320,BTCUSDT,"{""E"":1791514216968,""M"":true,""T"":1791514216967,""e"":""trade"",""m"":false,""p"":""82113.11000000"",""q"":""0.00007000"",""s"":""BTCUSDT"",""t"":6750016113}"
1791514217,96078822,spot,trade,0,0,1321,BTCUSDT,"{""E"":1791514216968,""M"":true,""T"":1791514216967,""e"":""trade"",""m"":false,""p"":""82113.11000000"",""q"":""0.00007000"",""s"":""BTCUSDT"",""t"":6750016114}"
1791514217,98506322,spot,trade,0,0,1322,BTCUSDT,"{""E"":1791514216968,""M"":true,""T"":1791514216967,""e"":""trade"",""m"":false,""p"":""82113.11000000"",""q"":""0.00007000"",""s"":""BTCUSDT"",""t"":6750016115}"
1791514217,104416722,spot,trade,0,0,1323,BTCUSDT,"{""E"":1791514216968,""M"":true,""T"":1791514216967,""e"":""trade"",""m"":false,""p"":""82113.11000000"",""q"":""0.00007000"",""s"":""BTCUSDT"",""t"":6750016116}"
1791514217,125687823,spot,trade,0,0,1324,BTCUSDT,"{""E"":1791514216968,""M"":true,""T"":1791514216967,""e"":""trade"",""m"":false,""p"":""82113.57000000"",""q"":""0.00007000"",""s"":""BTCUSDT"",""t"":6750016117}"
1791514217,127527623,spot,trade,0,0,1325,BTCUSDT,"{""E"":1791514216968,""M"":true,""T"":1791514216967,""e"":""trade"",""m"":false,""p"":""82113.57000000"",""q"":""0.00007000"",""s"":""BTCUSDT"",""t"":6750016118}"
1791514217,131235823,spot,trade,0,0,1326,BTCUSDT,"{""E"":1791514216968,""M"":true,""T"":1791514216967,""e"":""trade"",""m"":false,""p"":""82113.57000000"",""q"":""0.00007000"",""s"":""BTCUSDT"",""t"":6750016119}"
1791514217,140169023,spot,trade,0,0,1327,BTCUSDT,"{""E"":1791514216968,""M"":true,""T"":1791514216967,""e"":""trade"",""m"":false,""p"":""82113.58000000"",""q"":""0.01482000"",""s"":""BTCUSDT"",""t"":6750016120}"
1791514217,148346123,spot,trade,0,0,1328,BTCUSDT,"{""E"":1791514216968,""M"":true,""T"":1791514216967,""e"":""trade"",""m"":false,""p"":""82113.68000000"",""q"":""0.00008000"",""s"":""BTCUSDT"",""t"":6750016121}"
1791514217,153538923,spot,trade,0,0,1329,BTCUSDT,"{""E"":1791514216968,""M"":true,""T"":1791514216967,""e"":""trade"",""m"":false,""p"":""82114.08000000"",""q"":""0.00007000"",""s"":""BTCUSDT"",""t"":6750016122}"
1791514217,154694423,spot,trade,0,0,1330,BTCUSDT,"{""E"":1791514216968,""M"":true,""T"":1791514216967,""e"":""trade"",""m"":false,""p"":""82114.88000000"",""q"":""0.00007000"",""s"":""BTCUSDT"",""t"":6750016123}"
1791514217,155204923,spot,trade,0,0,1331,BTCUSDT,"{""E"":1791514216968,""M"":true,""T"":1791514216967,""e"":""trade"",""m"":false,""p"":""82114.88000000"",""q"":""0.00007000"",""s"":""BTCUSDT"",""t"":6750016124}"
1791514217,155844123,spot,trade,0,0,1332,BTCUSDT,"{""E"":1791514216968,""M"":true,""T"":1791514216967,""e"":""trade"",""m"":false,""p"":""82114.88000000"",""q"":""0.00007000"",""s"":""BTCUSDT"",""t"":6750016125}"
1791514217,157176323,spot,trade,0,0,1333,BTCUSDT,"{""E"":1791514216968,""M"":true,""T"":1791514216967,""e"":""trade"",""m"":false,""p"":""82114.89000000"",""q"":""0.01779000"",""s"":""BTCUSDT"",""t"":6750016126}"
1791514217,157694023,spot,trade,0,0,1334,BTCUSDT,"{""E"":1791514216968,""M"":true,""T"":1791514216967,""e"":""trade"",""m"":false,""p"":""82115.04000000"",""q"":""0.00007000"",""s"":""BTCUSDT"",""t"":6750016127}"
1791514217,158176623,spot,trade,0,0,1335,BTCUSDT,"{""E"":1791514216968,""M"":true,""T"":1791514216967,""e"":""trade"",""m"":false,""p"":""82115.34000000"",""q"":""0.00013000"",""s"":""BTCUSDT"",""t"":6750016128}"
1791514217,158620323,spot,trade,0,0,1336,BTCUSDT,"{""E"":1791514216968,""M"":true,""T"":1791514216967,""e"":""trade"",""m"":false,""p"":""82116.14000000"",""q"":""0.00012000"",""s"":""BTCUSDT"",""t"":6750016129}"
1791514217,159043023,spot,trade,0,0,1337,BTCUSDT,"{""E"":1791514216968,""M"":true,""T"":1791514216967,""e"":""trade"",""m"":false,""p"":""82116.15000000"",""q"":""0.00007000"",""s"":""BTCUSDT"",""t"":6750016130}"
1791514217,159525523,spot,trade,0,0,1338,BTCUSDT,"{""E"":1791514216968,""M"":true,""T"":1791514216967,""e"":""trade"",""m"":false,""p"":""82116.20000000"",""q"":""0.00007000"",""s"":""BTCUSDT"",""t"":6750016131}"
1791514217,160005723,spot,trade,0,0,1339,BTCUSDT,"{""E"":1791514216968,""M"":true,""T"":1791514216967,""e"":""trade"",""m"":false,""p"":""82116.20000000"",""q"":""0.00007000"",""s"":""BTCUSDT"",""t"":6750016132}"
1791514217,160962423,spot,trade,0,0,1340,BTCUSDT,"{""E"":1791514216968,""M"":true,""T"":1791514216967,""e"":""trade"",""m"":false,""p"":""82116.20000000"",""q"":""0.00007000"",""s"":""BTCUSDT"",""t"":6750016133}"
1791514217,161531523,spot,trade,0,0,1341,BTCUSDT,"{""E"":1791514216968,""M"":true,""T"":1791514216967,""e"":""trade"",""m"":false,""p"":""82116.21000000"",""q"":""0.01779000"",""s"":""BTCUSDT"",""t"":6750016134}"
1791514217,162028223,spot,trade,0,0,1342,BTCUSDT,"{""E"":1791514216968,""M"":true,""T"":1791514216967,""e"":""trade"",""m"":false,""p"":""82116.48000000"",""q"":""0.00083000"",""s"":""BTCUSDT"",""t"":6750016135}"
1791514217,162738623,spot,trade,0,0,1343,BTCUSDT,"{""E"":1791514216968,""M"":true,""T"":1791514216967,""e"":""trade"",""m"":false,""p"":""82116.51000000"",""q"":""0.00120000"",""s"":""BTCUSDT"",""t"":6750016136}"
1791514217,163232623,spot,trade,0,0,1344,BTCUSDT,"{""E"":1791514216968,""M"":true,""T"":1791514216967,""e"":""trade"",""m"":false,""p"":""82117.39000000"",""q"":""0.00013000"",""s"":""BTCUSDT"",""t"":6750016137}"
1791514217,163757223,spot,trade,0,0,1345,BTCUSDT,"{""E"":1791514216968,""M"":true,""T"":1791514216967,""e"":""trade"",""m"":false,""p"":""82118.00000000"",""q"":""0.00228000"",""s"":""BTCUSDT"",""t"":6750016138}"
1791514217,164720123,spot,trade,0,0,1346,BTCUSDT,"{""E"":1791514216969,""M"":true,""T"":1791514216969,""e"":""trade"",""m"":false,""p"":""82118.00000000"",""q"":""0.00432000"",""s"":""BTCUSDT"",""t"":6750016139}"
1791514217,165271723,spot,trade,0,0,1347,BTCUSDT,"{""E"":1791514216969,""M"":true,""T"":1791514216969,""e"":""trade"",""m"":false,""p"":""82118.00000000"",""q"":""0.00007000"",""s"":""BTCUSDT"",""t"":6750016140}"
1791514217,165841623,spot,trade,0,0,1348,BTCUSDT,"{""E"":1791514216969,""M"":true,""T"":1791514216969,""e"":""trade"",""m"":false,""p"":""82118.00000000"",""q"":""0.00007000"",""s"":""BTCUSDT"",""t"":6750016141}"
1791514217,166341323,spot,trade,0,0,1349,BTCUSDT,"{""E"":1791514216969,""M"":true,""T"":1791514216969,""e"":""trade"",""m"":false,""p"":""82118.00000000"",""q"":""0.00007000"",""s"":""BTCUSDT"",""t"":6750016142}"
1791514217,166936223,spot,trade,0,0,1350,BTCUSDT,"{""E"":1791514216969,""M"":true,""T"":1791514216969,""e"":""trade"",""m"":false,""p"":""82118.16000000"",""q"":""0.00007000"",""s"":""BTCUSDT"",""t"":6750016143}"
1791514217,167763223,spot,trade,0,0,1351,BTCUSDT,"{""E"":1791514216969,""M"":true,""T"":1791514216969,""e"":""trade"",""m"":false,""p"":""82118.95000000"",""q"":""0.00007000"",""s"":""BTCUSDT"",""t"":6750016144}"
1791514217,169322723,spot,trade,0,0,1352,BTCUSDT,"{""E"":1791514216969,""M"":true,""T"":1791514216969,""e"":""trade"",""m"":false,""p"":""82118.95000000"",""q"":""0.00659000"",""s"":""BTCUSDT"",""t"":6750016145}"
1791514217,169965323,spot,trade,0,0,1353,BTCUSDT,"{""E"":1791514216969,""M"":true,""T"":1791514216969,""e"":""trade"",""m"":false,""p"":""82120.01000000"",""q"":""0.00250000"",""s"":""BTCUSDT"",""t"":6750016146}"
1791514217,170504323,spot,trade,0,0,1354,BTCUSDT,"{""E"":1791514216969,""M"":true,""T"":1791514216969,""e"":""trade"",""m"":false,""p"":""82120.07000000"",""q"":""0.00012000"",""s"":""BTCUSDT"",""t"":6750016147}"
1791514217,171189223,spot,trade,0,0,1355,BTCUSDT,"{""E"":1791514216969,""M"":true,""T"":1791514216969,""e"":""trade"",""m"":false,""p"":""82120.16000000"",""q"":""0.00007000"",""s"":""BTCUSDT"",""t"":6750016148}"
1791514217,171768923,spot,trade,0,0,1356,BTCUSDT,"{""E"":1791514216969,""M"":true,""T"":1791514216969,""e"":""trade"",""m"":false,""p"":""82120.16000000"",""q"":""0.00007000"",""s"":""BTCUSDT"",""t"":6750016149}"
1791514217,172812823,spot,trade,0,0,1357,BTCUSDT,"{""E"":1791514216969,""M"":true,""T"":1791514216969,""e"":""trade"",""m"":false,""p"":""82120.16000000"",""q"":""0.00007000"",""s"":""BTCUSDT"",""t"":6750016150}"
1791514217,173388123,spot,trade,0,0,1358,BTCUSDT,"{""E"":1791514216969,""M"":true,""T"":1791514216969,""e"":""trade"",""m"":false,""p"":""82120.47000000"",""q"":""0.00013000"",""s"":""BTCUSDT"",""t"":6750016151}"
1791514217,174056723,spot,trade,0,0,1359,BTCUSDT,"{""E"":1791514216969,""M"":true,""T"":1791514216969,""e"":""trade"",""m"":false,""p"":""82120.50000000"",""q"":""0.00007000"",""s"":""BTCUSDT"",""t"":6750016152}"
1791514217,174574623,spot,trade,0,0,1360,BTCUSDT,"{""E"":1791514216969,""M"":true,""T"":1791514216969,""e"":""trade"",""m"":false,""p"":""82120.50000000"",""q"":""0.00007000"",""s"":""BTCUSDT"",""t"":6750016153}"
1791514217,175521623,spot,trade,0,0,1361,BTCUSDT,"{""E"":1791514216969,""M"":true,""T"":1791514216969,""e"":""trade"",""m"":false,""p"":""82120.50000000"",""q"":""0.00007000"",""s"":""BTCUSDT"",""t"":6750016154}"
1791514217,176012923,spot,trade,0,0,1362,BTCUSDT,"{""E"":1791514216969,""M"":true,""T"":1791514216969,""e"":""trade"",""m"":false,""p"":""82120.50000000"",""q"":""0.00007000"",""s"":""BTCUSDT"",""t"":6750016155}"
1791514217,176592323,spot,trade,0,0,1363,BTCUSDT,"{""E"":1791514216969,""M"":true,""T"":1791514216969,""e"":""trade"",""m"":false,""p"":""82120.50000000"",""q"":""0.00007000"",""s"":""BTCUSDT"",""t"":6750016156}"
1791514217,177000623,spot,trade,0,0,1364,BTCUSDT,"{""E"":1791514216969,""M"":true,""T"":1791514216969,""e"":""trade"",""m"":false,""p"":""82121.45000000"",""q"":""0.00024000"",""s"":""BTCUSDT"",""t"":6750016157}"
1791514217,177549123,spot,trade,0,0,1365,BTCUSDT,"{""E"":1791514216969,""M"":true,""T"":1791514216969,""e"":""trade"",""m"":false,""p"":""82121.50000000"",""q"":""0.00007000"",""s"":""BTCUSDT"",""t"":6750016158}"
1791514217,178564923,spot,trade,0,0,1366,BTCUSDT,"{""E"":1791514216969,""M"":true,""T"":1791514216969,""e"":""trade"",""m"":false,""p"":""82121.50000000"",""q"":""0.00007000"",""s"":""BTCUSDT"",""t"":6750016159}"
1791514217,179129723,spot,trade,0,0,1367,BTCUSDT,"{""E"":1791514216969,""M"":true,""T"":1791514216969,""e"":""trade"",""m"":false,""p"":""82121.50000000"",""q"":""0.00007000"",""s"":""BTCUSDT"",""t"":6750016160}"
1791514217,179845523,spot,trade,0,0,1368,BTCUSDT,"{""E"":1791514216970,""M"":true,""T"":1791514216970,""e"":""trade"",""m"":false,""p"":""82121.51000000"",""q"":""0.00007000"",""s"":""BTCUSDT"",""t"":6750016161}"
1791514217,180971024,spot,trade,0,0,1369,BTCUSDT,"{""E"":1791514216970,""M"":true,""T"":1791514216970,""e"":""trade"",""m"":false,""p"":""82121.51000000"",""q"":""0.00007000"",""s"":""BTCUSDT"",""t"":6750016162}"
1791514217,181718024,spot,trade,0,0,1370,BTCUSDT,"{""E"":1791514216970,""M"":true,""T"":1791514216970,""e"":""trade"",""m"":false,""p"":""82121.51000000"",""q"":""0.00082000"",""s"":""BTCUSDT"",""t"":6750016163}"
1791514217,182273724,spot,trade,0,0,1371,BTCUSDT,"{""E"":1791514216972,""M"":true,""T"":1791514216971,""e"":""trade"",""m"":false,""p"":""82121.51000000"",""q"":""0.18318000"",""s"":""BTCUSDT"",""t"":6750016164}"
1791514217,182772624,spot,trade,0,0,1372,BTCUSDT,"{""E"":1791514216972,""M"":true,""T"":1791514216971,""e"":""trade"",""m"":false,""p"":""82121.51000000"",""q"":""0.18421000"",""s"":""BTCUSDT"",""t"":6750016165}"
1791514217,183384224,spot,trade,0,0,1373,BTCUSDT,"{""E"":1791514216972,""M"":true,""T"":1791514216971,""e"":""trade"",""m"":false,""p"":""82121.51000000"",""q"":""0.00007000"",""s"":""BTCUSDT"",""t"":6750016166}"
1791514217,185821624,spot,trade,0,0,1374,BTCUSDT,"{""E"":1791514216972,""M"":true,""T"":1791514216971,""e"":""trade"",""m"":false,""p"":""82121.51000000"",""q"":""0.00007000"",""s"":""BTCUSDT"",""t"":6750016167}"
1791514217,188445824,spot,trade,0,0,1375,BTCUSDT,"{""E"":1791514216972,""M"":true,""T"":1791514216971,""e"":""trade"",""m"":false,""p"":""82121.51000000"",""q"":""0.00007000"",""s"":""BTCUSDT"",""t"":6750016168}"
1791514217,188994224,spot,trade,0,0,1376,BTCUSDT,"{""E"":1791514216972,""M"":true,""T"":1791514216971,""e"":""trade"",""m"":false,""p"":""82121.51000000"",""q"":""0.00007000"",""s"":""BTCUSDT"",""t"":6750016169}"
1791514217,189433424,spot,trade,0,0,1377,BTCUSDT,"{""E"":1791514216972,""M"":true,""T"":1791514216971,""e"":""trade"",""m"":false,""p"":""82121.51000000"",""q"":""0.00007000"",""s"":""BTCUSDT"",""t"":6750016170}"
1791514217,189876024,spot,trade,0,0,1378,BTCUSDT,"{""E"":1791514216972,""M"":true,""T"":1791514216971,""e"":""trade"",""m"":false,""p"":""82121.51000000"",""q"":""0.00007000"",""s"":""BTCUSDT"",""t"":6750016171}"
1791514217,190482024,spot,trade,0,0,1379,BTCUSDT,"{""E"":1791514216972,""M"":true,""T"":1791514216971,""e"":""trade"",""m"":false,""p"":""82121.51000000"",""q"":""0.00007000"",""s"":""BTCUSDT"",""t"":6750016172}"
1791514217,190977924,spot,trade,0,0,1380,BTCUSDT,"{""E"":1791514216972,""M"":true,""T"":1791514216971,""e"":""trade"",""m"":false,""p"":""82121.51000000"",""q"":""0.18667000"",""s"":""BTCUSDT"",""t"":6750016173}"
1791514217,191423424,spot,trade,0,0,1381,BTCUSDT,"{""E"":1791514216972,""M"":true,""T"":1791514216971,""e"":""trade"",""m"":false,""p"":""82121.51000000"",""q"":""0.05911000"",""s"":""BTCUSDT"",""t"":6750016174}"
1791514217,191905324,spot,trade,0,0,1382,BTCUSDT,"{""E"":1791514216974,""M"":true,""T"":1791514216974,""e"":""trade"",""m"":false,""p"":""82121.51000000"",""q"":""0.02000000"",""s"":""BTCUSDT"",""t"":6750016175}"
1791514217,192368724,spot,depth5,0,0,1383,BTCUSDT,"{""asks"":[[""82121.51000000"",""0.19606000""],[""82121.52000000"",""0.00049000""],[""82121.53000000"",""0.00007000""],[""82121.71000000"",""0.00014000""],[""82122.00000000"",""0.00010000""]],""bids"":[[""82121.50000000"",""12.84825000""],[""82121.49000000"",""0.00013000""],[""82121.48000000"",""0.00013000""],[""82120.74000000"",""0.00008000""],[""82120.17000000"",""0.00243000""]],""lastUpdateId"":101228070472}"
1791514217,192858524,spot,depth_diff,0,0,1384,BTCUSDT,"{""E"":1791514217014,""U"":101228069575,""a"":[[""82112.26000000"",""0.00000000""],[""82112.27000000"",""0.00000000""],[""82112.28000000"",""0.00000000""],[""82113.11000000"",""0.00000000""],[""82113.57000000"",""0.00000000""],[""82113.58000000"",""0.00000000""],[""82113.68000000"",""0.00000000""],[""82114.08000000"",""0.00000000""],[""82114.88000000"",""0.00000000""],[""82114.89000000"",""0.00000000""],[""82115.04000000"",""0.00000000""],[""82115.34000000"",""0.00000000""],[""82116.14000000"",""0.00000000""],[""82116.15000000"",""0.00000000""],[""82116.20000000"",""0.00000000""],[""82116.21000000"",""0.00000000""],[""82116.48000000"",""0.00000000""],[""82116.51000000"",""0.00000000""],[""82117.39000000"",""0.00000000""],[""82118.00000000"",""0.00000000""],[""82118.16000000"",""0.00000000""],[""82118.95000000"",""0.00000000""],[""82120.01000000"",""0.00000000""],[""82120.02000000"",""0.00000000""],[""82120.07000000"",""0.00000000""],[""82120.16000000"",""0.00000000""],[""82120.17000000"",""0.00000000""],[""82120.47000000"",""0.00000000""],[""82120.50000000"",""0.00000000""],[""82121.45000000"",""0.00000000""],[""82121.50000000"",""0.00000000""],[""82121.51000000"",""0.19606000""],[""82121.52000000"",""0.00049000""],[""82121.61000000"",""0.00000000""],[""82121.71000000"",""0.00014000""],[""82121.72000000"",""0.00000000""],[""82121.74000000"",""0.00000000""],[""82122.00000000"",""0.00010000""],[""82122.11000000"",""0.00000000""],[""82122.19000000"",""0.00000000""],[""82122.25000000"",""0.00000000""],[""82122.30000000"",""0.00000000""],[""82122.62000000"",""0.00000000""],[""82122.83000000"",""0.00000000""],[""82123.49000000"",""0.00652000""],[""82123.55000000"",""0.00000000""],[""82123.56000000"",""0.00000000""],[""82123.57000000"",""0.00000000""],[""82123.58000000"",""0.00000000""],[""82123.77000000"",""0.00000000""],[""82123.78000000"",""0.00000000""],[""82123.79000000"",""0.00007000""],[""82123.80000000"",""0.00014000""],[""82123.81000000"",""0.35305000""],[""82123.96000000"",""0.00000000""],[""82123.99000000"",""0.00000000""],[""82124.28000000"",""0.00000000""],[""82124.53000000"",""0.00000000""],[""82124.70000000"",""0.00000000""],[""82124.81000000"",""0.01087000""],[""82124.98000000"",""0.00000000""],[""82125.38000000"",""0.00000000""],[""82125.62000000"",""0.00000000""],[""82126.02000000"",""0.00000000""],[""82126.12000000"",""0.01304000""],[""82126.21000000"",""0.00000000""],[""82126.72000000"",""0.00000000""],[""82127.12000000"",""0.00000000""],[""82127.21000000"",""0.00000000""],[""82127.25000000"",""0.00000000""],[""82127.44000000"",""0.01304000""],[""82127.65000000"",""0.00000000""],[""82127.84000000"",""0.00000000""],[""82128.10000000"",""0.30464000""],[""82128.16000000"",""0.00000000""],[""82128.54000000"",""0.00000000""],[""82128.59000000"",""0.00000000""],[""82128.61000000"",""0.00000000""],[""82128.62000000"",""0.00000000""],[""82128.63000000"",""0.00000000""],[""82128.64000000"",""0.00007000""],[""82128.68000000"",""0.00000000""],[""82128.79000000"",""0.00000000""],[""82128.93000000"",""0.00014000""],[""82128.94000000"",""1.44909000""],[""82128.98000000"",""0.00014000""],[""82128.99000000"",""11.07593000""],[""82129.48000000"",""0.00000000""],[""82129.65000000"",""0.00000000""],[""82129.72000000"",""0.00020000""],[""82129.98000000"",""0.00000000""],[""82130.11000000"",""0.00000000""],[""82130.77000000"",""0.00000000""],[""82131.14000000"",""0.00000000""],[""82131.18000000"",""0.00951000""],[""82131.22000000"",""0.00000000""],[""82131.92000000"",""0.00000000""],[""82132.60000000"",""0.00000000""],[""82132.78000000"",""0.00000000""],[""82132.79000000"",""0.00000000""],[""82132.80000000"",""0.00000000""],[""82133.33000000"",""0.00170000""],[""82133.82000000"",""0.00609000""],[""82133.92000000"",""0.35609000""],[""82133.95000000"",""0.00000000""],[""82134.23000000"",""0.03659000""],[""82134.30000000"",""0.00000000""],[""82134.42000000"",""0.00008000""],[""82134.52000000"",""0.00000000""],[""82135.05000000"",""0.00000000""],[""82135.41000000"",""0.00609000""],[""82135.42000000"",""0.00000000""],[""82135.59000000"",""0.06087000""],[""82136.15000000"",""0.00609000""],[""82136.25000000"",""0.00000000""],[""82136.63000000"",""0.01521000""],[""82136.73000000"",""0.00000000""],[""82136.89000000"",""0.00000000""],[""82137.55000000"",""0.00000000""],[""82137.65000000"",""0.04000000""],[""82137.82000000"",""0.00012000""],[""82137.90000000"",""0.00000000""],[""82138.40000000"",""0.15683000""],[""82138.53000000"",""0.00008000""],[""82139.41000000"",""0.01521000""],[""82139.55000000"",""0.00000000""],[""82140.22000000"",""0.00000000""],[""82141.00000000"",""0.00000000""],[""82141.35000000"",""0.08000000""],[""82142.64000000"",""0.00015000""],[""82143.23000000"",""0.09344000""],[""82143.50000000"",""0.00000000""],[""82143.51000000"",""0.00000000""],[""82144.34000000"",""0.00000000""],[""82145.10000000"",""0.00000000""],[""82145.91000000"",""0.00949000""],[""82145.95000000"",""0.00000000""],[""82146.20000000"",""0.30466000""],[""82146.74000000"",""0.00008000""],[""82148.32000000"",""0.00000000""],[""82149.21000000"",""0.00000000""],[""82149.63000000"",""0.30468000""],[""82149.91000000"",""0.00000000""],[""82150.06000000"",""0.00000000""],[""82150.85000000"",""0.00008000""],[""82151.24000000"",""0.30468000""],[""82151.50000000"",""0.00000000""],[""82152.43000000"",""0.00000000""],[""82153.03000000"",""0.00000000""],[""82153.32000000"",""0.00000000""],[""82154.00000000"",""0.00012000""],[""82154.59000000"",""0.32917000""],[""82154.82000000"",""0.06178000""],[""82154.88000000"",""0.00007000""],[""82154.95000000"",""0.00008000""],[""82156.31000000"",""0.00000000""],[""82156.82000000"",""0.00000000""],[""82156.89000000"",""0.00000000""],[""82156.92000000"",""0.00400000""],[""82157.40000000"",""0.00000000""],[""82157.50000000"",""0.00007000""],[""82157.85000000"",""0.30468000""],[""82158.91000000"",""0.00000000""],[""82158.96000000"",""0.00007000""],[""82159.06000000"",""0.00008000""],[""82159.97000000"",""0.38851000""],[""82159.98000000"",""0.00000000""],[""82160.00000000"",""0.05575000""],[""82161.04000000"",""0.00400000""],[""82162.09000000"",""0.00012000""],[""82162.62000000"",""0.00007000""],[""82163.00000000"",""0.01000000""],[""82163.10000000"",""0.00400000""],[""82164.65000000"",""0.00000000""],[""82165.00000000"",""0.00000000""],[""82165.49000000"",""0.00000000""],[""82165.73000000"",""0.12184000""],[""82165.79000000"",""0.79108000""],[""82167.99000000"",""0.00000000""],[""82168.90000000"",""0.00636000""],[""82176.42000000"",""0.00000000""],[""82177.87000000"",""0.00302000""],[""82180.56000000"",""0.00000000""],[""82191.42000000"",""1.20546000""],[""82197.16000000"",""0.00000000""],[""82247.21000000"",""0.00000000""],[""82251.81000000"",""0.00070000""],[""82259.60000000"",""0.00121000""],[""82269.09000000"",""0.00000000""],[""82271.26000000"",""0.00000000""],[""82289.58000000"",""1.82575000""],[""82401.05000000"",""0.00000000""],[""82506.12000000"",""0.36000000""],[""83343.95000000"",""0.00000000""]],""b"":[[""82121.50000000"",""12.84825000""],[""82121.49000000"",""0.00013000""],[""82121.48000000"",""0.00013000""],[""82121.44000000"",""0.00000000""],[""82120.74000000"",""0.00008000""],[""82120.47000000"",""0.00000000""],[""82120.17000000"",""0.00243000""],[""82120.16000000"",""0.00000000""],[""82120.06000000"",""0.00000000""],[""82120.04000000"",""0.03652000""],[""82120.02000000"",""0.00007000""],[""82119.84000000"",""0.00400000""],[""82119.14000000"",""0.00000000""],[""82118.96000000"",""0.00609000""],[""82118.95000000"",""0.00243000""],[""82118.94000000"",""0.00007000""],[""82118.41000000"",""0.00000000""],[""82118.16000000"",""0.00007000""],[""82118.15000000"",""0.00000000""],[""82118.01000000"",""0.00000000""],[""82118.00000000"",""0.35000000""],[""82117.99000000"",""0.48250000""],[""82117.78000000"",""0.00400000""],[""82117.68000000"",""0.10885000""],[""82117.03000000"",""0.00008000""],[""82116.96000000"",""0.00000000""],[""82116.91000000"",""0.00000000""],[""82116.36000000"",""0.00000000""],[""82116.21000000"",""0.45391000""],[""82116.20000000"",""0.00007000""],[""82116.16000000"",""0.00007000""],[""82116.13000000"",""0.00000000""],[""82115.93000000"",""0.00000000""],[""82115.76000000"",""0.00007000""],[""82115.72000000"",""0.00400000""],[""82115.49000000"",""0.00000000""],[""82115.33000000"",""0.00000000""],[""82115.24000000"",""0.00000000""],[""82114.90000000"",""0.00000000""],[""82114.88000000"",""0.00047000""],[""82114.87000000"",""0.00000000""],[""82114.38000000"",""1.58207000""],[""82114.08000000"",""0.00007000""],[""82113.89000000"",""0.00000000""],[""82113.87000000"",""0.00000000""],[""82113.67000000"",""0.00000000""],[""82113.66000000"",""0.00400000""],[""82113.57000000"",""0.00007000""],[""82113.56000000"",""0.00000000""],[""82113.37000000"",""0.00007000""],[""82113.29000000"",""0.00008000""],[""82112.86000000"",""0.00013000""],[""82112.84000000"",""0.00000000""],[""82112.45000000"",""0.00008000""],[""82112.31000000"",""0.34758000""],[""82112.27000000"",""0.00000000""],[""82112.26000000"",""1.48028000""],[""82112.25000000"",""3.62146000""],[""82112.24000000"",""0.00000000""],[""82112.23000000"",""0.00007000""],[""82111.90000000"",""0.00000000""],[""82111.63000000"",""0.00024000""],[""82111.47000000"",""0.00000000""],[""82111.22000000"",""0.00000000""],[""82111.19000000"",""0.00000000""],[""82110.82000000"",""0.00000000""],[""82110.81000000"",""0.00013000""],[""82110.09000000"",""0.36565000""],[""82110.02000000"",""0.00000000""],[""82110.01000000"",""0.00000000""],[""82110.00000000"",""0.12014000""],[""82109.78000000"",""0.00000000""],[""82109.77000000"",""0.36000000""],[""82109.05000000"",""0.00000000""],[""82109.03000000"",""0.00007000""],[""82108.91000000"",""0.00000000""],[""82108.76000000"",""0.00013000""],[""82108.68000000"",""0.02425000""],[""82108.01000000"",""0.00000000""],[""82107.97000000"",""0.03061000""],[""82107.80000000"",""0.41796000""],[""82107.59000000"",""0.00000000""],[""82107.32000000"",""0.00000000""],[""82107.27000000"",""0.00000000""],[""82107.25000000"",""0.00000000""],[""82106.80000000"",""0.00000000""],[""82106.48000000"",""0.30466000""],[""82106.47000000"",""0.04232000""],[""82106.28000000"",""0.00000000""],[""82106.07000000"",""0.00010000""],[""82106.01000000"",""0.00000000""],[""82105.91000000"",""0.32910000""],[""82105.87000000"",""0.00000000""],[""82105.18000000"",""0.32923000""],[""82104.96000000"",""0.00000000""],[""82104.56000000"",""0.15297000""],[""82103.86000000"",""0.00024000""],[""82103.13000000"",""0.00000000""],[""82102.47000000"",""0.00000000""],[""82102.22000000"",""0.30466000""],[""82101.57000000"",""0.00008000""],[""82101.37000000"",""0.00007000""],[""82100.98000000"",""0.00000000""],[""82099.94000000"",""0.00000000""],[""82099.19000000"",""0.00000000""],[""82098.51000000"",""0.00012000""],[""82098.46000000"",""0.00000000""],[""82098.17000000"",""0.00000000""],[""82097.46000000"",""0.00008000""],[""82097.33000000"",""0.00012000""],[""82096.86000000"",""0.00000000""],[""82095.83000000"",""0.00000000""],[""82095.77000000"",""0.00000000""],[""82095.25000000"",""0.00000000""],[""82094.35000000"",""0.00000000""],[""82093.35000000"",""0.00008000""],[""82092.12000000"",""0.00000000""],[""82091.72000000"",""0.00000000""],[""82091.05000000"",""0.00000000""],[""82090.72000000"",""0.00000000""],[""82089.25000000"",""0.00008000""],[""82089.24000000"",""0.00012000""],[""82087.68000000"",""0.00000000""],[""82087.62000000"",""0.00000000""],[""82086.88000000"",""0.00000000""],[""82086.79000000"",""0.00000000""],[""82086.75000000"",""0.00000000""],[""82085.14000000"",""0.00008000""],[""82084.82000000"",""0.00000000""],[""82084.55000000"",""0.00023000""],[""82083.78000000"",""0.00000000""],[""82083.51000000"",""0.00000000""],[""82082.76000000"",""0.00000000""],[""82081.15000000"",""0.00012000""],[""82081.04000000"",""0.00008000""],[""82080.70000000"",""0.00000000""],[""82079.59000000"",""0.00000000""],[""82079.41000000"",""0.00000000""],[""82078.54000000"",""0.09136000""],[""82077.42000000"",""0.00000000""],[""82077.36000000"",""0.00000000""],[""82076.93000000"",""0.00008000""],[""82075.94000000"",""0.00000000""],[""82075.30000000"",""0.00000000""],[""82073.28000000"",""0.00000000""],[""82073.16000000"",""0.00000000""],[""82072.23000000"",""0.00034000""],[""82071.50000000"",""0.00000000""],[""82071.19000000"",""0.00000000""],[""82066.62000000"",""0.81115000""],[""82062.98000000"",""0.00000000""],[""82054.48000000"",""0.93604000""],[""82051.48000000"",""0.00000000""],[""82049.33000000"",""0.00000000""],[""82043.71000000"",""0.00000000""],[""82043.52000000"",""0.00007000""],[""82038.86000000"",""0.00202000""],[""82029.91000000"",""0.00000000""],[""82029.66000000"",""0.00000000""],[""82028.00000000"",""0.02800000""],[""81987.82000000"",""0.00000000""],[""81982.76000000"",""0.00000000""],[""81977.81000000"",""0.00000000""],[""81977.49000000"",""1.82575000""],[""81960.58000000"",""0.00000000""],[""81960.31000000"",""0.00000000""],[""81956.02000000"",""0.00081000""],[""81952.36000000"",""0.00000000""],[""81946.04000000"",""0.00007000""],[""81702.54000000"",""0.00000000""],[""81396.34000000"",""0.00000000""],[""80880.57000000"",""0.00000000""],[""80880.56000000"",""0.00000000""],[""78767.41000000"",""0.00010000""],[""73901.03000000"",""0.00008000""],[""65697.20000000"",""0.00120000""],[""65689.80000000"",""0.00150000""]],""e"":""depthUpdate"",""s"":""BTCUSDT"",""u"":101228070472}"
1791514217,196396224,spot,trade,0,0,1385,BTCUSDT,"{""E"":1791514217046,""M"":true,""T"":1791514217046,""e"":""trade"",""m"":false,""p"":""82121.51000000"",""q"":""0.00008000"",""s"":""BTCUSDT"",""t"":6750016176}"
1791514217,196921124,spot,trade,0,0,1386,BTCUSDT,"{""E"":1791514217046,""M"":true,""T"":1791514217046,""e"":""trade"",""m"":false,""p"":""82121.51000000"",""q"":""0.00007000"",""s"":""BTCUSDT"",""t"":6750016177}"
1791514217,197395424,spot,trade,0,0,1387,BTCUSDT,"{""E"":1791514217046,""M"":true,""T"":1791514217046,""e"":""trade"",""m"":false,""p"":""82121.51000000"",""q"":""0.00007000"",""s"":""BTCUSDT"",""t"":6750016178}"
1791514217,197845824,spot,trade,0,0,1388,BTCUSDT,"{""E"":1791514217046,""M"":true,""T"":1791514217046,""e"":""trade"",""m"":false,""p"":""82121.51000000"",""q"":""0.00007000"",""s"":""BTCUSDT"",""t"":6750016179}"
1791514217,198296924,spot,trade,0,0,1389,BTCUSDT,"{""E"":1791514217046,""M"":true,""T"":1791514217046,""e"":""trade"",""m"":false,""p"":""82121.51000000"",""q"":""0.00007000"",""s"":""BTCUSDT"",""t"":6750016180}"
1791514217,198709124,spot,trade,0,0,1390,BTCUSDT,"{""E"":1791514217046,""M"":true,""T"":1791514217046,""e"":""trade"",""m"":false,""p"":""82121.51000000"",""q"":""0.00007000"",""s"":""BTCUSDT"",""t"":6750016181}"
1791514217,199154924,spot,trade,0,0,1391,BTCUSDT,"{""E"":1791514217046,""M"":true,""T"":1791514217046,""e"":""trade"",""m"":false,""p"":""82121.51000000"",""q"":""0.00007000"",""s"":""BTCUSDT"",""t"":6750016182}"
1791514217,199529924,spot,trade,0,0,1392,BTCUSDT,"{""E"":1791514217046,""M"":true,""T"":1791514217046,""e"":""trade"",""m"":false,""p"":""82121.51000000"",""q"":""0.00007000"",""s"":""BTCUSDT"",""t"":6750016183}"
1791514217,199925424,spot,trade,0,0,1393,BTCUSDT,"{""E"":1791514217046,""M"":true,""T"":1791514217046,""e"":""trade"",""m"":false,""p"":""82121.51000000"",""q"":""0.00007000"",""s"":""BTCUSDT"",""t"":6750016184}"
1791514217,200950124,spot,trade,0,0,1394,BTCUSDT,"{""E"":1791514217046,""M"":true,""T"":1791514217046,""e"":""trade"",""m"":false,""p"":""82121.51000000"",""q"":""0.00007000"",""s"":""BTCUSDT"",""t"":6750016185}"
1791514217,201695524,spot,trade,0,0,1395,BTCUSDT,"{""E"":1791514217046,""M"":true,""T"":1791514217046,""e"":""trade"",""m"":false,""p"":""82121.51000000"",""q"":""0.01057000"",""s"":""BTCUSDT"",""t"":6750016186}"
1791514217,202569624,spot,trade,0,0,1396,BTCUSDT,"{""E"":1791514217046,""M"":true,""T"":1791514217046,""e"":""trade"",""m"":false,""p"":""82121.51000000"",""q"":""0.00007000"",""s"":""BTCUSDT"",""t"":6750016187}"
1791514217,204177824,spot,trade,0,0,1397,BTCUSDT,"{""E"":1791514217046,""M"":true,""T"":1791514217046,""e"":""trade"",""m"":false,""p"":""82121.51000000"",""q"":""0.00008000"",""s"":""BTCUSDT"",""t"":6750016188}"
1791514217,204715824,spot,trade,0,0,1398,BTCUSDT,"{""E"":1791514217046,""M"":true,""T"":1791514217046,""e"":""trade"",""m"":false,""p"":""82121.51000000"",""q"":""0.00007000"",""s"":""BTCUSDT"",""t"":6750016189}"
1791514217,205107524,spot,trade,0,0,1399,BTCUSDT,"{""E"":1791514217046,""M"":true,""T"":1791514217046,""e"":""trade"",""m"":false,""p"":""82121.51000000"",""q"":""0.00007000"",""s"":""BTCUSDT"",""t"":6750016190}"
1791514217,205479324,spot,trade,0,0,1400,BTCUSDT,"{""E"":1791514217046,""M"":true,""T"":1791514217046,""e"":""trade"",""m"":false,""p"":""82121.51000000"",""q"":""0.00007000"",""s"":""BTCUSDT"",""t"":6750016191}"
1791514217,205861524,spot,trade,0,0,1401,BTCUSDT,"{""E"":1791514217046,""M"":true,""T"":1791514217046,""e"":""trade"",""m"":false,""p"":""82121.51000000"",""q"":""0.00007000"",""s"":""BTCUSDT"",""t"":6750016192}"
1791514217,206403124,spot,trade,0,0,1402,BTCUSDT,"{""E"":1791514217046,""M"":true,""T"":1791514217046,""e"":""trade"",""m"":false,""p"":""82121.51000000"",""q"":""0.00007000"",""s"":""BTCUSDT"",""t"":6750016193}"
1791514217,206848524,spot,trade,0,0,1403,BTCUSDT,"{""E"":1791514217046,""M"":true,""T"":1791514217046,""e"":""trade"",""m"":false,""p"":""82121.51000000"",""q"":""0.00007000"",""s"":""BTCUSDT"",""t"":6750016194}"
1791514217,207266024,spot,trade,0,0,1404,BTCUSDT,"{""E"":1791514217046,""M"":true,""T"":1791514217046,""e"":""trade"",""m"":false,""p"":""82121.51000000"",""q"":""0.00007000"",""s"":""BTCUSDT"",""t"":6750016195}"
1791514217,207716324,spot,trade,0,0,1405,BTCUSDT,"{""E"":1791514217046,""M"":true,""T"":1791514217046,""e"":""trade"",""m"":false,""p"":""82121.51000000"",""q"":""0.00007000"",""s"":""BTCUSDT"",""t"":6750016196}"
1791514217,208092724,spot,trade,0,0,1406,BTCUSDT,"{""E"":1791514217046,""M"":true,""T"":1791514217046,""e"":""trade"",""m"":false,""p"":""82121.51000000"",""q"":""0.00007000"",""s"":""BTCUSDT"",""t"":6750016197}"
1791514217,208551824,spot,trade,0,0,1407,BTCUSDT,"{""E"":1791514217046,""M"":true,""T"":1791514217046,""e"":""trade"",""m"":false,""p"":""82121.51000000"",""q"":""0.00047000"",""s"":""BTCUSDT"",""t"":6750016198}"
1791514217,208927824,spot,trade,0,0,1408,BTCUSDT,"{""E"":1791514217046,""M"":true,""T"":1791514217046,""e"":""trade"",""m"":false,""p"":""82121.51000000"",""q"":""0.00048000"",""s"":""BTCUSDT"",""t"":6750016199}"
1791514217,209309724,spot,trade,0,0,1409,BTCUSDT,"{""E"":1791514217046,""M"":true,""T"":1791514217046,""e"":""trade"",""m"":false,""p"":""82121.51000000"",""q"":""0.00070000"",""s"":""BTCUSDT"",""t"":6750016200}"
1791514217,209756024,spot,trade,0,0,1410,BTCUSDT,"{""E"":1791514217046,""M"":true,""T"":1791514217046,""e"":""trade"",""m"":false,""p"":""82121.51000000"",""q"":""0.00007000"",""s"":""BTCUSDT"",""t"":6750016201}"
1791514217,210259324,spot,trade,0,0,1411,BTCUSDT,"{""E"":1791514217046,""M"":true,""T"":1791514217046,""e"":""trade"",""m"":false,""p"":""82121.51000000"",""q"":""0.00007000"",""s"":""BTCUSDT"",""t"":6750016202}"
1791514217,210986924,spot,trade,0,0,1412,BTCUSDT,"{""E"":1791514217046,""M"":true,""T"":1791514217046,""e"":""trade"",""m"":false,""p"":""82121.51000000"",""q"":""0.00007000"",""s"":""BTCUSDT"",""t"":6750016203}"
1791514217,211746124,spot,trade,0,0,1413,BTCUSDT,"{""E"":1791514217046,""M"":true,""T"":1791514217046,""e"":""trade"",""m"":false,""p"":""82121.51000000"",""q"":""0.00007000"",""s"":""BTCUSDT"",""t"":6750016204}"
1791514217,212300124,spot,trade,0,0,1414,BTCUSDT,"{""E"":1791514217046,""M"":true,""T"":1791514217046,""e"":""trade"",""m"":false,""p"":""82121.51000000"",""q"":""0.00007000"",""s"":""BTCUSDT"",""t"":6750016205}"
1791514217,212832024,spot,trade,0,0,1415,BTCUSDT,"{""E"":1791514217046,""M"":true,""T"":1791514217046,""e"":""trade"",""m"":false,""p"":""82121.51000000"",""q"":""0.00007000"",""s"":""BTCUSDT"",""t"":6750016206}"
1791514217,213307324,spot,trade,0,0,1416,BTCUSDT,"{""E"":1791514217046,""M"":true,""T"":1791514217046,""e"":""trade"",""m"":false,""p"":""82121.51000000"",""q"":""0.00007000"",""s"":""BTCUSDT"",""t"":6750016207}"
1791514217,213790224,spot,trade,0,0,1417,BTCUSDT,"{""E"":1791514217046,""M"":true,""T"":1791514217046,""e"":""trade"",""m"":false,""p"":""82121.51000000"",""q"":""0.00007000"",""s"":""BTCUSDT"",""t"":6750016208}"
1791514217,214258824,spot,trade,0,0,1418,BTCUSDT,"{""E"":1791514217046,""M"":true,""T"":1791514217046,""e"":""trade"",""m"":false,""p"":""82121.51000000"",""q"":""0.00007000"",""s"":""BTCUSDT"",""t"":6750016209}"
1791514217,214728524,spot,trade,0,0,1419,BTCUSDT,"{""E"":1791514217046,""M"":true,""T"":1791514217046,""e"":""trade"",""m"":false,""p"":""82121.51000000"",""q"":""0.00007000"",""s"":""BTCUSDT"",""t"":6750016210}"
1791514217,215373824,spot,trade,0,0,1420,BTCUSDT,"{""E"":1791514217046,""M"":true,""T"":1791514217046,""e"":""trade"",""m"":false,""p"":""82121.51000000"",""q"":""0.00007000"",""s"":""BTCUSDT"",""t"":6750016211}"
1791514217,215885324,spot,trade,0,0,1421,BTCUSDT,"{""E"":1791514217046,""M"":true,""T"":1791514217046,""e"":""trade"",""m"":false,""p"":""82121.51000000"",""q"":""0.00007000"",""s"":""BTCUSDT"",""t"":6750016212}"
1791514217,216373924,spot,trade,0,0,1422,BTCUSDT,"{""E"":1791514217046,""M"":true,""T"":1791514217046,""e"":""trade"",""m"":false,""p"":""82121.51000000"",""q"":""0.00007000"",""s"":""BTCUSDT"",""t"":6750016213}"
1791514217,217231924,spot,trade,0,0,1423,BTCUSDT,"{""E"":1791514217046,""M"":true,""T"":1791514217046,""e"":""trade"",""m"":false,""p"":""82121.51000000"",""q"":""0.00007000"",""s"":""BTCUSDT"",""t"":6750016214}"
1791514217,217855124,spot,trade,0,0,1424,BTCUSDT,"{""E"":1791514217046,""M"":true,""T"":1791514217046,""e"":""trade"",""m"":false,""p"":""82121.51000000"",""q"":""0.00007000"",""s"":""BTCUSDT"",""t"":6750016215}"
1791514217,218586024,spot,trade,0,0,1425,BTCUSDT,"{""E"":1791514217046,""M"":true,""T"":1791514217046,""e"":""trade"",""m"":false,""p"":""82121.51000000"",""q"":""0.00007000"",""s"":""BTCUSDT"",""t"":6750016216}"
1791514217,219831224,spot,trade,0,0,1426,BTCUSDT,"{""E"":1791514217046,""M"":true,""T"":1791514217046,""e"":""trade"",""m"":false,""p"":""82121.51000000"",""q"":""0.00007000"",""s"":""BTCUSDT"",""t"":6750016217}"
1791514217,220490124,spot,trade,0,0,1427,BTCUSDT,"{""E"":1791514217046,""M"":true,""T"":1791514217046,""e"":""trade"",""m"":false,""p"":""82121.51000000"",""q"":""0.00007000"",""s"":""BTCUSDT"",""t"":6750016218}"
1791514217,221054624,spot,trade,0,0,1428,BTCUSDT,"{""E"":1791514217046,""M"":true,""T"":1791514217046,""e"":""trade"",""m"":false,""p"":""82121.51000000"",""q"":""0.00007000"",""s"":""BTCUSDT"",""t"":6750016219}"
1791514217,221621224,spot,trade,0,0,1429,BTCUSDT,"{""E"":1791514217046,""M"":true,""T"":1791514217046,""e"":""trade"",""m"":false,""p"":""82121.51000000"",""q"":""0.00007000"",""s"":""BTCUSDT"",""t"":6750016220}"
1791514217,222124924,spot,trade,0,0,1430,BTCUSDT,"{""E"":1791514217046,""M"":true,""T"":1791514217046,""e"":""trade"",""m"":false,""p"":""82121.51000000"",""q"":""0.00007000"",""s"":""BTCUSDT"",""t"":6750016221}"
1791514217,222669124,spot,trade,0,0,1431,BTCUSDT,"{""E"":1791514217046,""M"":true,""T"":1791514217046,""e"":""trade"",""m"":false,""p"":""82121.51000000"",""q"":""0.00007000"",""s"":""BTCUSDT"",""t"":6750016222}"
1791514217,223123324,spot,trade,0,0,1432,BTCUSDT,"{""E"":1791514217046,""M"":true,""T"":1791514217046,""e"":""trade"",""m"":false,""p"":""82121.51000000"",""q"":""0.00007000"",""s"":""BTCUSDT"",""t"":6750016223}"
1791514217,223586624,spot,trade,0,0,1433,BTCUSDT,"{""E"":1791514217046,""M"":true,""T"":1791514217046,""e"":""trade"",""m"":false,""p"":""82121.51000000"",""q"":""0.00007000"",""s"":""BTCUSDT"",""t"":6750016224}"
1791514217,224077824,spot,trade,0,0,1434,BTCUSDT,"{""E"":1791514217046,""M"":true,""T"":1791514217046,""e"":""trade"",""m"":false,""p"":""82121.52000000"",""q"":""0.00007000"",""s"":""BTCUSDT"",""t"":6750016225}"
1791514217,224740324,spot,trade,0,0,1435,BTCUSDT,"{""E"":1791514217046,""M"":true,""T"":1791514217046,""e"":""trade"",""m"":false,""p"":""82121.52000000"",""q"":""0.00007000"",""s"":""BTCUSDT"",""t"":6750016226}"
1791514217,225243124,spot,trade,0,0,1436,BTCUSDT,"{""E"":1791514217046,""M"":true,""T"":1791514217046,""e"":""trade"",""m"":false,""p"":""82121.52000000"",""q"":""0.00007000"",""s"":""BTCUSDT"",""t"":6750016227}"
1791514217,225751224,spot,trade,0,0,1437,BTCUSDT,"{""E"":1791514217046,""M"":true,""T"":1791514217046,""e"":""trade"",""m"":false,""p"":""82121.52000000"",""q"":""0.00007000"",""s"":""BTCUSDT"",""t"":6750016228}"
1791514217,226452524,spot,trade,0,0,1438,BTCUSDT,"{""E"":1791514217046,""M"":true,""T"":1791514217046,""e"":""trade"",""m"":false,""p"":""82121.52000000"",""q"":""0.00007000"",""s"":""BTCUSDT"",""t"":6750016229}"
1791514217,227018524,spot,trade,0,0,1439,BTCUSDT,"{""E"":1791514217046,""M"":true,""T"":1791514217046,""e"":""trade"",""m"":false,""p"":""82121.52000000"",""q"":""0.00007000"",""s"":""BTCUSDT"",""t"":6750016230}"
1791514217,227522724,spot,trade,0,0,1440,BTCUSDT,"{""E"":1791514217046,""M"":true,""T"":1791514217046,""e"":""trade"",""m"":false,""p"":""82121.52000000"",""q"":""0.00007000"",""s"":""BTCUSDT"",""t"":6750016231}"
1791514217,228049524,spot,trade,0,0,1441,BTCUSDT,"{""E"":1791514217046,""M"":true,""T"":1791514217046,""e"":""trade"",""m"":false,""p"":""82121.52000000"",""q"":""0.00007000"",""s"":""BTCUSDT"",""t"":6750016232}"
1791514217,228578424,spot,trade,0,0,1442,BTCUSDT,"{""E"":1791514217046,""M"":true,""T"":1791514217046,""e"":""trade"",""m"":false,""p"":""82122.00000000"",""q"":""0.00010000"",""s"":""BTCUSDT"",""t"":6750016233}"
1791514217,229930824,spot,trade,0,0,1443,BTCUSDT,"{""E"":1791514217046,""M"":true,""T"":1791514217046,""e"":""trade"",""m"":false,""p"":""82122.24000000"",""q"":""0.00007000"",""s"":""BTCUSDT"",""t"":6750016234}"
1791514217,230647324,spot,trade,0,0,1444,BTCUSDT,"{""E"":1791514217046,""M"":true,""T"":1791514217046,""e"":""trade"",""m"":false,""p"":""82123.49000000"",""q"":""0.00526000"",""s"":""BTCUSDT"",""t"":6750016235}"
1791514217,231933724,spot,trade,0,0,1445,BTCUSDT,"{""E"":1791514217046,""M"":true,""T"":1791514217046,""e"":""trade"",""m"":false,""p"":""82123.49000000"",""q"":""0.00126000"",""s"":""BTCUSDT"",""t"":6750016236}"
1791514217,233240524,spot,trade,0,0,1446,BTCUSDT,"{""E"":1791514217046,""M"":true,""T"":1791514217046,""e"":""trade"",""m"":false,""p"":""82123.61000000"",""q"":""0.00007000"",""s"":""BTCUSDT"",""t"":6750016237}"
1791514217,236810724,spot,trade,0,0,1447,BTCUSDT,"{""E"":1791514217046,""M"":true,""T"":1791514217046,""e"":""trade"",""m"":false,""p"":""82123.79000000"",""q"":""0.00007000"",""s"":""BTCUSDT"",""t"":6750016238}"
1791514217,237536124,spot,trade,0,0,1448,BTCUSDT,"{""E"":1791514217046,""M"":true,""T"":1791514217046,""e"":""trade"",""m"":false,""p"":""82123.79000000"",""q"":""0.00007000"",""s"":""BTCUSDT"",""t"":6750016239}"
1791514217,238140024,spot,trade,0,0,1449,BTCUSDT,"{""E"":1791514217046,""M"":true,""T"":1791514217046,""e"":""trade"",""m"":false,""p"":""82123.79000000"",""q"":""0.00007000"",""s"":""BTCUSDT"",""t"":6750016240}"
1791514217,238634924,spot,trade,0,0,1450,BTCUSDT,"{""E"":1791514217046,""M"":true,""T"":1791514217046,""e"":""trade"",""m"":false,""p"":""82123.79000000"",""q"":""0.00007000"",""s"":""BTCUSDT"",""t"":6750016241}"
1791514217,239137124,spot,trade,0,0,1451,BTCUSDT,"{""E"":1791514217046,""M"":true,""T"":1791514217046,""e"":""trade"",""m"":false,""p"":""82123.79000000"",""q"":""0.00007000"",""s"":""BTCUSDT"",""t"":6750016242}"
1791514217,239623824,spot,trade,0,0,1452,BTCUSDT,"{""E"":1791514217046,""M"":true,""T"":1791514217046,""e"":""trade"",""m"":false,""p"":""82123.80000000"",""q"":""0.00007000"",""s"":""BTCUSDT"",""t"":6750016243}"
1791514217,240513524,spot,trade,0,0,1453,BTCUSDT,"{""E"":1791514217046,""M"":true,""T"":1791514217046,""e"":""trade"",""m"":false,""p"":""82123.80000000"",""q"":""0.00007000"",""s"":""BTCUSDT"",""t"":6750016244}"
1791514217,241053024,spot,trade,0,0,1454,BTCUSDT,"{""E"":1791514217046,""M"":true,""T"":1791514217046,""e"":""trade"",""m"":false,""p"":""82123.80000000"",""q"":""0.00007000"",""s"":""BTCUSDT"",""t"":6750016245}"
1791514217,241548324,spot,trade,0,0,1455,BTCUSDT,"{""E"":1791514217064,""M"":true,""T"":1791514217064,""e"":""trade"",""m"":false,""p"":""82123.81000000"",""q"":""0.00365000"",""s"":""BTCUSDT"",""t"":6750016246}"
1791514217,242260624,spot,depth5,0,0,1456,BTCUSDT,"{""asks"":[[""82123.81000000"",""0.95734000""],[""82123.82000000"",""0.00049000""],[""82124.01000000"",""0.00064000""],[""82124.54000000"",""0.00017000""],[""82125.00000000"",""0.00014000""]],""bids"":[[""82123.80000000"",""11.79072000""],[""82123.79000000"",""0.00013000""],[""82123.78000000"",""0.00013000""],[""82123.48000000"",""2.31386000""],[""82122.54000000"",""0.03659000""]],""lastUpdateId"":101228070971}"
1791514217,242806425,spot,depth_diff,0,0,1457,BTCUSDT,"{""E"":1791514217114,""U"":101228070473,""a"":[[""82121.51000000"",""0.00000000""],[""82121.52000000"",""0.00000000""],[""82121.53000000"",""0.00000000""],[""82121.71000000"",""0.00000000""],[""82122.00000000"",""0.00000000""],[""82122.24000000"",""0.00000000""],[""82123.49000000"",""0.00000000""],[""82123.61000000"",""0.00000000""],[""82123.79000000"",""0.00000000""],[""82123.80000000"",""0.00000000""],[""82123.81000000"",""0.95734000""],[""82123.82000000"",""0.00049000""],[""82124.63000000"",""0.00000000""],[""82124.81000000"",""0.00000000""],[""82126.12000000"",""0.00000000""],[""82126.77000000"",""0.00000000""],[""82127.44000000"",""0.00000000""],[""82128.09000000"",""0.00014000""],[""82128.54000000"",""0.00007000""],[""82128.60000000"",""0.00000000""],[""82128.91000000"",""0.00000000""],[""82128.93000000"",""0.00414000""],[""82128.98000000"",""0.00214000""],[""82128.99000000"",""11.07607000""],[""82129.03000000"",""0.00000000""],[""82129.50000000"",""0.00000000""],[""82129.72000000"",""0.00000000""],[""82130.30000000"",""0.27627000""],[""82130.63000000"",""0.00000000""],[""82130.72000000"",""0.02665000""],[""82132.02000000"",""0.00020000""],[""82132.22000000"",""0.10878000""],[""82132.80000000"",""0.00007000""],[""82132.96000000"",""0.00047000""],[""82133.82000000"",""0.00000000""],[""82134.15000000"",""0.02000000""],[""82134.20000000"",""0.00000000""],[""82134.23000000"",""0.00007000""],[""82134.42000000"",""0.00000000""],[""82134.53000000"",""0.38819000""],[""82135.12000000"",""0.00188000""],[""82135.41000000"",""0.00000000""],[""82135.59000000"",""0.00000000""],[""82135.85000000"",""0.00000000""],[""82136.15000000"",""0.00000000""],[""82136.35000000"",""0.00609000""],[""82136.61000000"",""0.00007000""],[""82136.65000000"",""0.00000000""],[""82136.93000000"",""0.00609000""],[""82137.33000000"",""0.03652000""],[""82137.35000000"",""0.00165000""],[""82137.38000000"",""0.00008000""],[""82137.65000000"",""0.00000000""],[""82137.82000000"",""0.00000000""],[""82138.12000000"",""0.00200000""],[""82138.33000000"",""0.00609000""],[""82138.40000000"",""0.07683000""],[""82138.53000000"",""0.00000000""],[""82140.12000000"",""0.00012000""],[""82140.23000000"",""0.00025000""],[""82141.34000000"",""0.00000000""],[""82141.35000000"",""0.04000000""],[""82141.63000000"",""0.30479000""],[""82141.80000000"",""0.08951000""],[""82142.25000000"",""0.08000000""],[""82142.64000000"",""0.00007000""],[""82143.23000000"",""0.00000000""],[""82144.03000000"",""0.00000000""],[""82144.34000000"",""0.00008000""],[""82145.91000000"",""0.00937000""],[""82146.74000000"",""0.00000000""],[""82147.54000000"",""0.09355000""],[""82148.21000000"",""0.00012000""],[""82148.45000000"",""0.00008000""],[""82150.85000000"",""0.00000000""],[""82151.24000000"",""0.00000000""],[""82151.68000000"",""0.34296000""],[""82152.55000000"",""0.00008000""],[""82153.87000000"",""0.03655000""],[""82154.00000000"",""0.00000000""],[""82154.09000000"",""0.08284000""],[""82154.95000000"",""0.00000000""],[""82155.24000000"",""0.30465000""],[""82155.37000000"",""0.00000000""],[""82156.30000000"",""0.00012000""],[""82156.66000000"",""0.00022000""],[""82159.06000000"",""0.00000000""],[""82159.42000000"",""0.00000000""],[""82160.77000000"",""0.00008000""],[""82161.44000000"",""0.00000000""],[""82162.09000000"",""0.00000000""],[""82163.00000000"",""0.00000000""],[""82163.04000000"",""0.00007000""],[""82163.46000000"",""0.00000000""],[""82164.40000000"",""0.00012000""],[""82164.63000000"",""0.00060000""],[""82164.87000000"",""0.00008000""],[""82165.00000000"",""0.01000000""],[""82166.65000000"",""0.00022000""],[""82166.84000000"",""0.00000000""],[""82166.88000000"",""0.00017000""],[""82166.90000000"",""0.02362000""],[""82167.22000000"",""0.00400000""],[""82167.51000000"",""0.00000000""],[""82167.99000000"",""0.00624000""],[""82168.68000000"",""0.00000000""],[""82168.95000000"",""0.00060000""],[""82170.88000000"",""0.00433000""],[""82170.98000000"",""0.00060000""],[""82174.80000000"",""0.00000000""],[""82177.86000000"",""0.00301000""],[""82192.58000000"",""0.01708000""],[""82195.40000000"",""0.00109000""],[""82257.83000000"",""0.00000000""],[""82259.59000000"",""0.00121000""],[""82419.53000000"",""0.00000000""],[""82471.20000000"",""3.29073000""],[""83353.34000000"",""0.00000000""]],""b"":[[""82123.80000000"",""11.79072000""],[""82123.79000000"",""0.00013000""],[""82123.78000000"",""0.00013000""],[""82123.49000000"",""0.00000000""],[""82123.48000000"",""2.31386000""],[""82122.54000000"",""0.03659000""],[""82122.48000000"",""0.01391000""],[""82122.46000000"",""0.00000000""],[""82122.24000000"",""0.00007000""],[""82122.23000000"",""0.00000000""],[""82121.99000000"",""0.00000000""],[""82121.90000000"",""0.00400000""],[""82121.51000000"",""1.93135000""],[""82121.50000000"",""3.59222000""],[""82121.49000000"",""0.00000000""],[""82121.48000000"",""0.00000000""],[""82121.17000000"",""0.01669000""],[""82120.87000000"",""0.03008000""],[""82120.75000000"",""0.00000000""],[""82120.17000000"",""0.00000000""],[""82120.08000000"",""0.00200000""],[""82120.05000000"",""0.00609000""],[""82120.04000000"",""0.00000000""],[""82119.85000000"",""0.01669000""],[""82119.59000000"",""0.00000000""],[""82118.97000000"",""0.00609000""],[""82118.96000000"",""0.00000000""],[""82118.95000000"",""0.00000000""],[""82118.29000000"",""0.00000000""],[""82118.12000000"",""0.00000000""],[""82118.01000000"",""0.00047000""],[""82117.04000000"",""0.00400000""],[""82117.03000000"",""0.00000000""],[""82116.62000000"",""0.00013000""],[""82116.22000000"",""0.00200000""],[""82115.59000000"",""0.00015000""],[""82114.88000000"",""0.00000000""],[""82114.57000000"",""0.00013000""],[""82114.39000000"",""0.00200000""],[""82114.38000000"",""1.58214000""],[""82113.29000000"",""0.00000000""],[""82112.32000000"",""0.02391000""],[""82112.26000000"",""1.12844000""],[""82112.25000000"",""3.02127000""],[""82110.00000000"",""0.12007000""],[""82109.38000000"",""0.13113000""],[""82108.68000000"",""0.00000000""],[""82107.38000000"",""0.00008000""],[""82107.24000000"",""0.00007000""],[""82106.02000000"",""0.00000000""],[""82105.75000000"",""0.00000000""],[""82105.46000000"",""0.90523000""],[""82105.21000000"",""0.13113000""],[""82105.18000000"",""0.32910000""],[""82103.27000000"",""0.01006000""],[""82102.21000000"",""0.00007000""],[""82101.57000000"",""0.00000000""],[""82099.63000000"",""0.00012000""],[""82099.16000000"",""0.00939000""],[""82097.56000000"",""0.00482000""],[""82097.46000000"",""0.00000000""],[""82097.33000000"",""0.00000000""],[""82096.87000000"",""0.00000000""],[""82095.06000000"",""0.00008000""],[""82093.35000000"",""0.00000000""],[""82091.54000000"",""0.00012000""],[""82091.00000000"",""0.00400000""],[""82090.95000000"",""0.00008000""],[""82090.76000000"",""0.00000000""],[""82090.32000000"",""0.02400000""],[""82089.25000000"",""0.00000000""],[""82089.24000000"",""0.00000000""],[""82089.00000000"",""0.00000000""],[""82086.84000000"",""0.00008000""],[""82085.14000000"",""0.00000000""],[""82083.44000000"",""0.00012000""],[""82082.74000000"",""0.00008000""],[""82081.68000000"",""0.00000000""],[""82081.44000000"",""0.00000000""],[""82081.15000000"",""0.00000000""],[""82081.04000000"",""0.00000000""],[""82080.70000000"",""0.00000000""],[""82080.00000000"",""0.02924000""],[""82078.40000000"",""0.00000000""],[""82077.87000000"",""0.01150000""],[""82076.93000000"",""0.00000000""],[""82076.00000000"",""0.02800000""],[""82071.00000000"",""0.00008000""],[""82069.16000000"",""0.00000000""],[""82066.36000000"",""0.00000000""],[""82064.13000000"",""0.00000000""],[""82055.65000000"",""0.00000000""],[""82041.68000000"",""0.00008000""],[""82035.24000000"",""0.00000000""],[""82033.21000000"",""0.00000000""],[""82024.12000000"",""0.00000000""],[""82024.11000000"",""0.00000000""],[""81997.80000000"",""0.00000000""],[""81994.01000000"",""0.06556000""],[""81982.01000000"",""0.00000000""],[""81968.80000000"",""0.00000000""],[""81959.55000000"",""0.00008000""],[""81951.10000000"",""0.00000000""],[""81919.19000000"",""0.00000000""],[""81877.43000000"",""0.00008000""],[""81868.98000000"",""0.00000000""],[""81797.71000000"",""3.29073000""],[""81795.30000000"",""0.00008000""],[""81786.87000000"",""0.00000000""],[""81746.46000000"",""0.00000000""],[""81713.18000000"",""0.00008000""],[""81704.75000000"",""0.00053000""],[""81631.06000000"",""0.00008000""],[""81622.64000000"",""0.00000000""],[""81548.93000000"",""0.00008000""],[""81540.52000000"",""0.00000000""],[""81466.81000000"",""0.00008000""],[""81458.41000000"",""0.00000000""],[""80891.95000000"",""0.00008000""],[""80889.67000000"",""0.00030000""],[""73901.03000000"",""0.00000000""],[""73901.02000000"",""0.00008000""]],""e"":""depthUpdate"",""s"":""BTCUSDT"",""u"":101228070971}"
1791514217,264481625,spot,depth5,0,0,1458,BTCUSDT,"{""asks"":[[""82123.81000000"",""0.76686000""],[""82123.82000000"",""0.00049000""],[""82124.01000000"",""0.00064000""],[""82124.54000000"",""0.00017000""],[""82125.00000000"",""0.00014000""]],""bids"":[[""82123.80000000"",""12.97129000""],[""82123.79000000"",""0.00013000""],[""82123.78000000"",""0.00013000""],[""82123.48000000"",""2.31386000""],[""82122.54000000"",""0.03659000""]],""lastUpdateId"":101228071150}"
1791514217,265245725,spot,depth_diff,0,0,1459,BTCUSDT,"{""E"":1791514217214,""U"":101228070972,""a"":[[""82123.81000000"",""0.76686000""],[""82123.82000000"",""0.00049000""],[""82126.23000000"",""0.00626000""],[""82127.55000000"",""0.01043000""],[""82128.86000000"",""0.01252000""],[""82128.93000000"",""0.00014000""],[""82128.98000000"",""0.00014000""],[""82129.74000000"",""0.00000000""],[""82130.18000000"",""0.01252000""],[""82130.30000000"",""0.16683000""],[""82130.72000000"",""0.00258000""],[""82131.15000000"",""0.00000000""],[""82131.17000000"",""0.00018000""],[""82131.18000000"",""0.00000000""],[""82131.54000000"",""0.00000000""],[""82131.97000000"",""0.00000000""],[""82132.22000000"",""0.00000000""],[""82132.57000000"",""0.00000000""],[""82133.43000000"",""0.00048000""],[""82133.58000000"",""0.00000000""],[""82133.91000000"",""0.00000000""],[""82133.92000000"",""0.00000000""],[""82134.38000000"",""0.00934000""],[""82134.81000000"",""0.00000000""],[""82135.55000000"",""0.00000000""],[""82135.64000000"",""0.00000000""],[""82135.69000000"",""0.00000000""],[""82135.98000000"",""0.35829000""],[""82136.35000000"",""0.00000000""],[""82137.13000000"",""0.00000000""],[""82137.51000000"",""0.00000000""],[""82138.77000000"",""0.00609000""],[""82142.25000000"",""0.00000000""],[""82142.84000000"",""0.00280000""],[""82143.23000000"",""0.00200000""],[""82143.65000000"",""0.08000000""],[""82143.66000000"",""0.00200000""],[""82144.21000000"",""0.02000000""],[""82146.20000000"",""0.00000000""],[""82149.34000000"",""0.06100000""],[""82149.63000000"",""0.00000000""],[""82149.83000000"",""0.30464000""],[""82153.89000000"",""0.30464000""],[""82154.82000000"",""0.00479000""],[""82157.85000000"",""0.00000000""],[""82162.15000000"",""0.00000000""],[""82162.56000000"",""0.30464000""],[""82164.63000000"",""0.00000000""],[""82165.16000000"",""0.51799000""],[""82166.80000000"",""0.86017000""],[""82166.93000000"",""0.00060000""],[""82168.90000000"",""0.00000000""],[""82168.95000000"",""0.00060000""],[""82170.98000000"",""0.00000000""],[""82173.00000000"",""0.00060000""],[""82176.11000000"",""0.00012000""],[""82182.00000000"",""0.00205000""],[""82191.12000000"",""0.44823000""],[""82201.63000000"",""0.02000000""],[""82288.00000000"",""0.05549000""],[""82522.81000000"",""0.00008000""],[""85010.45000000"",""0.00010000""]],""b"":[[""82123.80000000"",""12.97129000""],[""82123.49000000"",""0.00000000""],[""82122.55000000"",""0.00000000""],[""82122.20000000"",""0.00008000""],[""82121.52000000"",""0.00400000""],[""82121.51000000"",""1.92951000""],[""82121.50000000"",""3.22222000""],[""82120.87000000"",""0.03014000""],[""82119.88000000"",""0.00024000""],[""82119.47000000"",""0.12000000""],[""82118.97000000"",""0.00000000""],[""82118.13000000"",""0.04232000""],[""82117.99000000"",""0.12250000""],[""82117.05000000"",""0.00000000""],[""82117.04000000"",""0.00000000""],[""82116.22000000"",""0.00200000""],[""82116.20000000"",""0.00000000""],[""82114.38000000"",""1.58221000""],[""82113.57000000"",""0.00000000""],[""82112.26000000"",""1.12851000""],[""82112.23000000"",""0.00000000""],[""82111.38000000"",""0.00007000""],[""82110.00000000"",""0.00007000""],[""82105.21000000"",""0.00000000""],[""82102.05000000"",""0.02400000""],[""82101.85000000"",""0.30464000""],[""82101.23000000"",""0.02000000""],[""82098.40000000"",""0.09361000""],[""82093.02000000"",""0.00000000""],[""82089.61000000"",""0.00000000""],[""82087.95000000"",""0.00000000""],[""82082.00000000"",""0.02912000""],[""82080.70000000"",""0.00060000""],[""82080.00000000"",""0.02812000""],[""82078.54000000"",""0.00000000""],[""82073.39000000"",""0.00018000""],[""82071.67000000"",""0.00625000""],[""82060.36000000"",""0.00000000""],[""82000.14000000"",""0.00000000""],[""82000.13000000"",""0.00000000""],[""81996.21000000"",""0.20018000""],[""81969.58000000"",""0.36000000""],[""73911.42000000"",""0.00214000""],[""65689.80000000"",""0.00120000""],[""43219.20000000"",""0.00000000""]],""e"":""depthUpdate"",""s"":""BTCUSDT"",""u"":101228071150}"
1791514217,367733826,spot,depth5,0,0,1460,BTCUSDT,"{""asks"":[[""82123.81000000"",""0.53570000""],[""82123.82000000"",""0.00063000""],[""82124.01000000"",""0.00064000""],[""82124.54000000"",""0.00017000""],[""82125.00000000"",""0.00014000""]],""bids"":[[""82123.80000000"",""12.97372000""],[""82123.79000000"",""0.00013000""],[""82123.78000000"",""0.00013000""],[""82123.48000000"",""2.31386000""],[""82122.54000000"",""0.03659000""]],""lastUpdateId"":101228071187}"
1791514217,407425027,spot,depth_diff,0,0,1461,BTCUSDT,"{""E"":1791514217314,""U"":101228071151,""a"":[[""82123.81000000"",""0.53570000""],[""82123.82000000"",""0.00063000""],[""82145.85000000"",""0.02000000""],[""82158.87000000"",""0.32889000""],[""82170.98000000"",""0.00060000""],[""82173.00000000"",""0.00060000""],[""82174.15000000"",""1.53333000""],[""82175.02000000"",""0.00060000""],[""82177.05000000"",""0.00060000""],[""82212.28000000"",""0.02000000""],[""82251.83000000"",""0.00000000""],[""82264.35000000"",""0.01907000""]],""b"":[[""82123.80000000"",""12.97372000""],[""82112.25000000"",""2.98474000""],[""82105.91000000"",""0.35310000""],[""82102.60000000"",""0.00200000""],[""82085.43000000"",""1.53499000""],[""82034.23000000"",""0.00000000""]],""e"":""depthUpdate"",""s"":""BTCUSDT"",""u"":101228071187}"
1791514217,451753528,spot,trade,0,0,1462,BTCUSDT,"{""E"":1791514217399,""M"":true,""T"":1791514217399,""e"":""trade"",""m"":false,""p"":""82123.81000000"",""q"":""0.00137000"",""s"":""BTCUSDT"",""t"":6750016247}"
1791514217,475527628,spot,depth5,0,0,1463,BTCUSDT,"{""asks"":[[""82123.81000000"",""0.53440000""],[""82123.82000000"",""0.00070000""],[""82124.01000000"",""0.00064000""],[""82124.54000000"",""0.00017000""],[""82125.00000000"",""0.00014000""]],""bids"":[[""82123.80000000"",""13.01225000""],[""82123.79000000"",""0.00013000""],[""82123.78000000"",""0.00013000""],[""82123.48000000"",""2.31386000""],[""82122.54000000"",""0.03659000""]],""lastUpdateId"":101228071219}"
1791514217,488008228,spot,depth_diff,0,0,1464,BTCUSDT,"{""E"":1791514217414,""U"":101228071188,""a"":[[""82123.81000000"",""0.53440000""],[""82123.82000000"",""0.00070000""],[""82126.56000000"",""0.00640000""],[""82145.92000000"",""0.02200000""],[""82160.53000000"",""0.00000000""],[""82179.07000000"",""0.00060000""],[""82206.14000000"",""0.02200000""],[""82264.35000000"",""0.00000000""],[""82325.85000000"",""0.01907000""]],""b"":[[""82123.80000000"",""13.01225000""],[""82122.40000000"",""0.00007000""],[""82110.97000000"",""0.00060000""],[""82105.84000000"",""0.02000000""],[""82093.71000000"",""0.00000000""],[""82090.24000000"",""0.00000000""],[""82082.00000000"",""0.02903000""],[""80891.95000000"",""0.00016000""],[""73911.00000000"",""0.00000000""],[""73901.02000000"",""0.00000000""],[""65689.80000000"",""0.00090000""]],""e"":""depthUpdate"",""s"":""BTCUSDT"",""u"":101228071219}"
1791514217,569541930,spot,depth5,0,0,1465,BTCUSDT,"{""asks"":[[""82123.81000000"",""0.53440000""],[""82123.82000000"",""0.00070000""],[""82124.01000000"",""0.00064000""],[""82124.54000000"",""0.00017000""],[""82125.00000000"",""0.00014000""]],""bids"":[[""82123.80000000"",""13.01827000""],[""82123.79000000"",""0.00013000""],[""82123.78000000"",""0.00013000""],[""82123.48000000"",""2.31386000""],[""82122.54000000"",""0.03659000""]],""lastUpdateId"":101228071248}"
1791514217,571778430,spot,depth_diff,0,0,1466,BTCUSDT,"{""E"":1791514217514,""U"":101228071220,""a"":[[""82126.47000000"",""0.00007000""],[""82133.29000000"",""0.00196000""],[""82134.31000000"",""0.10682000""],[""82143.64000000"",""0.00200000""],[""82212.28000000"",""0.00000000""]],""b"":[[""82123.80000000"",""13.01827000""],[""82121.50000000"",""2.86613000""],[""82118.00000000"",""0.00000000""],[""82115.82000000"",""0.00012000""],[""82112.26000000"",""1.12832000""],[""82108.52000000"",""0.00000000""],[""82107.75000000"",""0.00389000""],[""82107.72000000"",""0.00012000""],[""82104.00000000"",""0.00012000""],[""82103.86000000"",""0.00000000""],[""82090.32000000"",""0.00000000""],[""82066.69000000"",""0.00389000""],[""82062.94000000"",""0.00000000""],[""82033.85000000"",""0.00389000""],[""82030.10000000"",""0.00000000""],[""73911.42000000"",""0.00229000""],[""65699.04000000"",""0.00120000""]],""e"":""depthUpdate"",""s"":""BTCUSDT"",""u"":101228071248}"
1791514217,619862431,spot,trade,0,0,1467,BTCUSDT,"{""E"":1791514217568,""M"":true,""T"":1791514217567,""e"":""trade"",""m"":false,""p"":""82123.81000000"",""q"":""0.34803000"",""s"":""BTCUSDT"",""t"":6750016248}"
1791514217,624349231,spot,trade,0,0,1468,BTCUSDT,"{""E"":1791514217568,""M"":true,""T"":1791514217567,""e"":""trade"",""m"":false,""p"":""82123.81000000"",""q"":""0.00007000"",""s"":""BTCUSDT"",""t"":6750016249}"
1791514217,625674231,spot,trade,0,0,1469,BTCUSDT,"{""E"":1791514217568,""M"":true,""T"":1791514217567,""e"":""trade"",""m"":false,""p"":""82123.81000000"",""q"":""0.00007000"",""s"":""BTCUSDT"",""t"":6750016250}"
1791514217,626259531,spot,trade,0,0,1470,BTCUSDT,"{""E"":1791514217568,""M"":true,""T"":1791514217567,""e"":""trade"",""m"":false,""p"":""82123.81000000"",""q"":""0.00007000"",""s"":""BTCUSDT"",""t"":6750016251}"
1791514217,626711031,spot,trade,0,0,1471,BTCUSDT,"{""E"":1791514217568,""M"":true,""T"":1791514217567,""e"":""trade"",""m"":false,""p"":""82123.81000000"",""q"":""0.00007000"",""s"":""BTCUSDT"",""t"":6750016252}"
1791514217,627138731,spot,trade,0,0,1472,BTCUSDT,"{""E"":1791514217568,""M"":true,""T"":1791514217567,""e"":""trade"",""m"":false,""p"":""82123.81000000"",""q"":""0.00008000"",""s"":""BTCUSDT"",""t"":6750016253}"
1791514217,627744531,spot,trade,0,0,1473,BTCUSDT,"{""E"":1791514217568,""M"":true,""T"":1791514217567,""e"":""trade"",""m"":false,""p"":""82123.81000000"",""q"":""0.00007000"",""s"":""BTCUSDT"",""t"":6750016254}"
1791514217,628320231,spot,trade,0,0,1474,BTCUSDT,"{""E"":1791514217568,""M"":true,""T"":1791514217567,""e"":""trade"",""m"":false,""p"":""82123.81000000"",""q"":""0.00007000"",""s"":""BTCUSDT"",""t"":6750016255}"
1791514217,629116931,spot,trade,0,0,1475,BTCUSDT,"{""E"":1791514217568,""M"":true,""T"":1791514217567,""e"":""trade"",""m"":false,""p"":""82123.81000000"",""q"":""0.00007000"",""s"":""BTCUSDT"",""t"":6750016256}"
1791514217,629748431,spot,trade,0,0,1476,BTCUSDT,"{""E"":1791514217568,""M"":true,""T"":1791514217567,""e"":""trade"",""m"":false,""p"":""82123.81000000"",""q"":""0.00007000"",""s"":""BTCUSDT"",""t"":6750016257}"
1791514217,630798231,spot,trade,0,0,1477,BTCUSDT,"{""E"":1791514217568,""M"":true,""T"":1791514217567,""e"":""trade"",""m"":false,""p"":""82123.81000000"",""q"":""0.00007000"",""s"":""BTCUSDT"",""t"":6750016258}"
1791514217,631519831,spot,trade,0,0,1478,BTCUSDT,"{""E"":1791514217568,""M"":true,""T"":1791514217567,""e"":""trade"",""m"":false,""p"":""82123.81000000"",""q"":""0.00007000"",""s"":""BTCUSDT"",""t"":6750016259}"
1791514217,632029131,spot,trade,0,0,1479,BTCUSDT,"{""E"":1791514217568,""M"":true,""T"":1791514217567,""e"":""trade"",""m"":false,""p"":""82123.81000000"",""q"":""0.00007000"",""s"":""BTCUSDT"",""t"":6750016260}"
1791514217,632632431,spot,trade,0,0,1480,BTCUSDT,"{""E"":1791514217568,""M"":true,""T"":1791514217567,""e"":""trade"",""m"":false,""p"":""82123.81000000"",""q"":""0.00008000"",""s"":""BTCUSDT"",""t"":6750016261}"
1791514217,633313031,spot,trade,0,0,1481,BTCUSDT,"{""E"":1791514217568,""M"":true,""T"":1791514217567,""e"":""trade"",""m"":false,""p"":""82123.81000000"",""q"":""0.00007000"",""s"":""BTCUSDT"",""t"":6750016262}"
1791514217,634383231,spot,trade,0,0,1482,BTCUSDT,"{""E"":1791514217568,""M"":true,""T"":1791514217567,""e"":""trade"",""m"":false,""p"":""82123.81000000"",""q"":""0.00047000"",""s"":""BTCUSDT"",""t"":6750016263}"
1791514217,635832631,spot,trade,0,0,1483,BTCUSDT,"{""E"":1791514217568,""M"":true,""T"":1791514217567,""e"":""trade"",""m"":false,""p"":""82123.81000000"",""q"":""0.00013000"",""s"":""BTCUSDT"",""t"":6750016264}"
1791514217,636642231,spot,trade,0,0,1484,BTCUSDT,"{""E"":1791514217568,""M"":true,""T"":1791514217567,""e"":""trade"",""m"":false,""p"":""82123.81000000"",""q"":""0.00007000"",""s"":""BTCUSDT"",""t"":6750016265}"
1791514217,639158631,spot,trade,0,0,1485,BTCUSDT,"{""E"":1791514217568,""M"":true,""T"":1791514217567,""e"":""trade"",""m"":false,""p"":""82123.81000000"",""q"":""0.00007000"",""s"":""BTCUSDT"",""t"":6750016266}"
1791514217,639721831,spot,trade,0,0,1486,BTCUSDT,"{""E"":1791514217568,""M"":true,""T"":1791514217567,""e"":""trade"",""m"":false,""p"":""82123.81000000"",""q"":""0.00007000"",""s"":""BTCUSDT"",""t"":6750016267}"
1791514217,641219731,spot,trade,0,0,1487,BTCUSDT,"{""E"":1791514217568,""M"":true,""T"":1791514217567,""e"":""trade"",""m"":false,""p"":""82123.81000000"",""q"":""0.00007000"",""s"":""BTCUSDT"",""t"":6750016268}"
1791514217,641774331,spot,trade,0,0,1488,BTCUSDT,"{""E"":1791514217568,""M"":true,""T"":1791514217567,""e"":""trade"",""m"":false,""p"":""82123.81000000"",""q"":""0.00007000"",""s"":""BTCUSDT"",""t"":6750016269}"
1791514217,642278931,spot,trade,0,0,1489,BTCUSDT,"{""E"":1791514217568,""M"":true,""T"":1791514217567,""e"":""trade"",""m"":false,""p"":""82123.81000000"",""q"":""0.00007000"",""s"":""BTCUSDT"",""t"":6750016270}"
1791514217,642802031,spot,trade,0,0,1490,BTCUSDT,"{""E"":1791514217568,""M"":true,""T"":1791514217567,""e"":""trade"",""m"":false,""p"":""82123.81000000"",""q"":""0.00007000"",""s"":""BTCUSDT"",""t"":6750016271}"
1791514217,643319331,spot,trade,0,0,1491,BTCUSDT,"{""E"":1791514217568,""M"":true,""T"":1791514217567,""e"":""trade"",""m"":false,""p"":""82123.81000000"",""q"":""0.00007000"",""s"":""BTCUSDT"",""t"":6750016272}"
1791514217,643804331,spot,trade,0,0,1492,BTCUSDT,"{""E"":1791514217568,""M"":true,""T"":1791514217567,""e"":""trade"",""m"":false,""p"":""82123.81000000"",""q"":""0.00007000"",""s"":""BTCUSDT"",""t"":6750016273}"
1791514217,644419131,spot,trade,0,0,1493,BTCUSDT,"{""E"":1791514217568,""M"":true,""T"":1791514217567,""e"":""trade"",""m"":false,""p"":""82123.81000000"",""q"":""0.00007000"",""s"":""BTCUSDT"",""t"":6750016274}"
1791514217,644912231,spot,trade,0,0,1494,BTCUSDT,"{""E"":1791514217568,""M"":true,""T"":1791514217567,""e"":""trade"",""m"":false,""p"":""82123.81000000"",""q"":""0.00007000"",""s"":""BTCUSDT"",""t"":6750016275}"
1791514217,646211631,spot,trade,0,0,1495,BTCUSDT,"{""E"":1791514217569,""M"":true,""T"":1791514217569,""e"":""trade"",""m"":false,""p"":""82123.81000000"",""q"":""0.00006000"",""s"":""BTCUSDT"",""t"":6750016276}"
1791514217,646896931,spot,trade,0,0,1496,BTCUSDT,"{""E"":1791514217569,""M"":true,""T"":1791514217569,""e"":""trade"",""m"":false,""p"":""82123.81000000"",""q"":""0.00007000"",""s"":""BTCUSDT"",""t"":6750016277}"
1791514217,647458231,spot,trade,0,0,1497,BTCUSDT,"{""E"":1791514217569,""M"":true,""T"":1791514217569,""e"":""trade"",""m"":false,""p"":""82123.81000000"",""q"":""0.00007000"",""s"":""BTCUSDT"",""t"":6750016278}"
1791514217,647956231,spot,trade,0,0,1498,BTCUSDT,"{""E"":1791514217569,""M"":true,""T"":1791514217569,""e"":""trade"",""m"":false,""p"":""82123.81000000"",""q"":""0.00007000"",""s"":""BTCUSDT"",""t"":6750016279}"
1791514217,648607431,spot,trade,0,0,1499,BTCUSDT,"{""E"":1791514217569,""M"":true,""T"":1791514217569,""e"":""trade"",""m"":false,""p"":""82123.81000000"",""q"":""0.00007000"",""s"":""BTCUSDT"",""t"":6750016280}"
1791514217,649120831,spot,trade,0,0,1500,BTCUSDT,"{""E"":1791514217569,""M"":true,""T"":1791514217569,""e"":""trade"",""m"":false,""p"":""82123.81000000"",""q"":""0.00007000"",""s"":""BTCUSDT"",""t"":6750016281}"
1791514217,652303131,spot,trade,0,0,1501,BTCUSDT,"{""E"":1791514217569,""M"":true,""T"":1791514217569,""e"":""trade"",""m"":false,""p"":""82123.81000000"",""q"":""0.00007000"",""s"":""BTCUSDT"",""t"":6750016282}"
1791514217,656311831,spot,trade,0,0,1502,BTCUSDT,"{""E"":1791514217569,""M"":true,""T"":1791514217569,""e"":""trade"",""m"":false,""p"":""82123.81000000"",""q"":""0.00007000"",""s"":""BTCUSDT"",""t"":6750016283}"
1791514217,657166831,spot,trade,0,0,1503,BTCUSDT,"{""E"":1791514217569,""M"":true,""T"":1791514217569,""e"":""trade"",""m"":false,""p"":""82123.81000000"",""q"":""0.00007000"",""s"":""BTCUSDT"",""t"":6750016284}"
1791514217,658241031,spot,trade,0,0,1504,BTCUSDT,"{""E"":1791514217569,""M"":true,""T"":1791514217569,""e"":""trade"",""m"":false,""p"":""82123.81000000"",""q"":""0.00007000"",""s"":""BTCUSDT"",""t"":6750016285}"
1791514217,658827931,spot,trade,0,0,1505,BTCUSDT,"{""E"":1791514217569,""M"":true,""T"":1791514217569,""e"":""trade"",""m"":false,""p"":""82123.81000000"",""q"":""0.00007000"",""s"":""BTCUSDT"",""t"":6750016286}"
1791514217,659322231,spot,trade,0,0,1506,BTCUSDT,"{""E"":1791514217569,""M"":true,""T"":1791514217569,""e"":""trade"",""m"":false,""p"":""82123.81000000"",""q"":""0.00007000"",""s"":""BTCUSDT"",""t"":6750016287}"
1791514217,659924731,spot,trade,0,0,1507,BTCUSDT,"{""E"":1791514217569,""M"":true,""T"":1791514217569,""e"":""trade"",""m"":false,""p"":""82123.81000000"",""q"":""0.00007000"",""s"":""BTCUSDT"",""t"":6750016288}"
1791514217,664461631,spot,trade,0,0,1508,BTCUSDT,"{""E"":1791514217569,""M"":true,""T"":1791514217569,""e"":""trade"",""m"":false,""p"":""82123.81000000"",""q"":""0.00007000"",""s"":""BTCUSDT"",""t"":6750016289}"
1791514217,665771931,spot,trade,0,0,1509,BTCUSDT,"{""E"":1791514217569,""M"":true,""T"":1791514217569,""e"":""trade"",""m"":false,""p"":""82123.81000000"",""q"":""0.00007000"",""s"":""BTCUSDT"",""t"":6750016290}"
1791514217,667565231,spot,trade,0,0,1510,BTCUSDT,"{""E"":1791514217569,""M"":true,""T"":1791514217569,""e"":""trade"",""m"":false,""p"":""82123.81000000"",""q"":""0.00007000"",""s"":""BTCUSDT"",""t"":6750016291}"
1791514217,671133931,spot,trade,0,0,1511,BTCUSDT,"{""E"":1791514217569,""M"":true,""T"":1791514217569,""e"":""trade"",""m"":false,""p"":""82123.81000000"",""q"":""0.00007000"",""s"":""BTCUSDT"",""t"":6750016292}"
1791514217,673129731,spot,trade,0,0,1512,BTCUSDT,"{""E"":1791514217569,""M"":true,""T"":1791514217569,""e"":""trade"",""m"":false,""p"":""82123.81000000"",""q"":""0.00007000"",""s"":""BTCUSDT"",""t"":6750016293}"
1791514217,673669831,spot,trade,0,0,1513,BTCUSDT,"{""E"":1791514217569,""M"":true,""T"":1791514217569,""e"":""trade"",""m"":false,""p"":""82123.81000000"",""q"":""0.00007000"",""s"":""BTCUSDT"",""t"":6750016294}"
1791514217,674227531,spot,trade,0,0,1514,BTCUSDT,"{""E"":1791514217569,""M"":true,""T"":1791514217569,""e"":""trade"",""m"":false,""p"":""82123.81000000"",""q"":""0.00007000"",""s"":""BTCUSDT"",""t"":6750016295}"
1791514217,674692231,spot,trade,0,0,1515,BTCUSDT,"{""E"":1791514217569,""M"":true,""T"":1791514217569,""e"":""trade"",""m"":false,""p"":""82123.81000000"",""q"":""0.00007000"",""s"":""BTCUSDT"",""t"":6750016296}"
1791514217,675111331,spot,trade,0,0,1516,BTCUSDT,"{""E"":1791514217569,""M"":true,""T"":1791514217569,""e"":""trade"",""m"":false,""p"":""82123.82000000"",""q"":""0.00007000"",""s"":""BTCUSDT"",""t"":6750016297}"
1791514217,675508231,spot,trade,0,0,1517,BTCUSDT,"{""E"":1791514217569,""M"":true,""T"":1791514217569,""e"":""trade"",""m"":false,""p"":""82123.82000000"",""q"":""0.00007000"",""s"":""BTCUSDT"",""t"":6750016298}"
1791514217,675957131,spot,trade,0,0,1518,BTCUSDT,"{""E"":1791514217569,""M"":true,""T"":1791514217569,""e"":""trade"",""m"":false,""p"":""82123.82000000"",""q"":""0.00007000"",""s"":""BTCUSDT"",""t"":6750016299}"
1791514217,677294931,spot,trade,0,0,1519,BTCUSDT,"{""E"":1791514217569,""M"":true,""T"":1791514217569,""e"":""trade"",""m"":false,""p"":""82123.82000000"",""q"":""0.00007000"",""s"":""BTCUSDT"",""t"":6750016300}"
1791514217,677763131,spot,trade,0,0,1520,BTCUSDT,"{""E"":1791514217569,""M"":true,""T"":1791514217569,""e"":""trade"",""m"":false,""p"":""82123.82000000"",""q"":""0.00007000"",""s"":""BTCUSDT"",""t"":6750016301}"
1791514217,678201231,spot,trade,0,0,1521,BTCUSDT,"{""E"":1791514217569,""M"":true,""T"":1791514217569,""e"":""trade"",""m"":false,""p"":""82123.82000000"",""q"":""0.00007000"",""s"":""BTCUSDT"",""t"":6750016302}"
1791514217,678595931,spot,trade,0,0,1522,BTCUSDT,"{""E"":1791514217569,""M"":true,""T"":1791514217569,""e"":""trade"",""m"":false,""p"":""82123.82000000"",""q"":""0.00007000"",""s"":""BTCUSDT"",""t"":6750016303}"
1791514217,679001931,spot,trade,0,0,1523,BTCUSDT,"{""E"":1791514217569,""M"":true,""T"":1791514217569,""e"":""trade"",""m"":false,""p"":""82123.82000000"",""q"":""0.00007000"",""s"":""BTCUSDT"",""t"":6750016304}"
1791514217,679384331,spot,trade,0,0,1524,BTCUSDT,"{""E"":1791514217569,""M"":true,""T"":1791514217569,""e"":""trade"",""m"":false,""p"":""82123.82000000"",""q"":""0.00007000"",""s"":""BTCUSDT"",""t"":6750016305}"
1791514217,679765131,spot,trade,0,0,1525,BTCUSDT,"{""E"":1791514217569,""M"":true,""T"":1791514217569,""e"":""trade"",""m"":false,""p"":""82123.82000000"",""q"":""0.00007000"",""s"":""BTCUSDT"",""t"":6750016306}"
1791514217,680158631,spot,trade,0,0,1526,BTCUSDT,"{""E"":1791514217569,""M"":true,""T"":1791514217569,""e"":""trade"",""m"":false,""p"":""82124.01000000"",""q"":""0.00064000"",""s"":""BTCUSDT"",""t"":6750016307}"
1791514217,680611932,spot,trade,0,0,1527,BTCUSDT,"{""E"":1791514217569,""M"":true,""T"":1791514217569,""e"":""trade"",""m"":false,""p"":""82124.54000000"",""q"":""0.00008000"",""s"":""BTCUSDT"",""t"":6750016308}"
1791514217,681020532,spot,trade,0,0,1528,BTCUSDT,"{""E"":1791514217569,""M"":true,""T"":1791514217569,""e"":""trade"",""m"":false,""p"":""82124.54000000"",""q"":""0.00009000"",""s"":""BTCUSDT"",""t"":6750016309}"
1791514217,681431132,spot,trade,0,0,1529,BTCUSDT,"{""E"":1791514217570,""M"":true,""T"":1791514217569,""e"":""trade"",""m"":false,""p"":""82125.00000000"",""q"":""0.00014000"",""s"":""BTCUSDT"",""t"":6750016310}"
1791514217,682041232,spot,trade,0,0,1530,BTCUSDT,"{""E"":1791514217570,""M"":true,""T"":1791514217569,""e"":""trade"",""m"":false,""p"":""82125.29000000"",""q"":""0.00009000"",""s"":""BTCUSDT"",""t"":6750016311}"
1791514217,682683932,spot,trade,0,0,1531,BTCUSDT,"{""E"":1791514217570,""M"":true,""T"":1791514217569,""e"":""trade"",""m"":false,""p"":""82126.23000000"",""q"":""0.00626000"",""s"":""BTCUSDT"",""t"":6750016312}"
1791514217,686298932,spot,trade,0,0,1532,BTCUSDT,"{""E"":1791514217570,""M"":true,""T"":1791514217569,""e"":""trade"",""m"":false,""p"":""82126.32000000"",""q"":""0.00007000"",""s"":""BTCUSDT"",""t"":6750016313}"
1791514217,688835332,spot,trade,0,0,1533,BTCUSDT,"{""E"":1791514217570,""M"":true,""T"":1791514217569,""e"":""trade"",""m"":false,""p"":""82126.47000000"",""q"":""0.00007000"",""s"":""BTCUSDT"",""t"":6750016314}"
1791514217,695073232,spot,trade,0,0,1534,BTCUSDT,"{""E"":1791514217570,""M"":true,""T"":1791514217569,""e"":""trade"",""m"":false,""p"":""82126.56000000"",""q"":""0.00007000"",""s"":""BTCUSDT"",""t"":6750016315}"
1791514217,696963232,spot,trade,0,0,1535,BTCUSDT,"{""E"":1791514217570,""M"":true,""T"":1791514217569,""e"":""trade"",""m"":false,""p"":""82127.32000000"",""q"":""0.00007000"",""s"":""BTCUSDT"",""t"":6750016316}"
1791514217,697674832,spot,trade,0,0,1536,BTCUSDT,"{""E"":1791514217570,""M"":true,""T"":1791514217569,""e"":""trade"",""m"":false,""p"":""82127.55000000"",""q"":""0.01043000"",""s"":""BTCUSDT"",""t"":6750016317}"
1791514217,701848132,spot,trade,0,0,1537,BTCUSDT,"{""E"":1791514217570,""M"":true,""T"":1791514217569,""e"":""trade"",""m"":false,""p"":""82128.00000000"",""q"":""0.00012000"",""s"":""BTCUSDT"",""t"":6750016318}"
1791514217,710346632,spot,trade,0,0,1538,BTCUSDT,"{""E"":1791514217570,""M"":true,""T"":1791514217569,""e"":""trade"",""m"":false,""p"":""82128.09000000"",""q"":""0.00007000"",""s"":""BTCUSDT"",""t"":6750016319}"
1791514217,718790932,spot,trade,0,0,1539,BTCUSDT,"{""E"":1791514217570,""M"":true,""T"":1791514217569,""e"":""trade"",""m"":false,""p"":""82128.09000000"",""q"":""0.00007000"",""s"":""BTCUSDT"",""t"":6750016320}"
1791514217,729343632,spot,trade,0,0,1540,BTCUSDT,"{""E"":1791514217570,""M"":true,""T"":1791514217569,""e"":""trade"",""m"":false,""p"":""82128.09000000"",""q"":""0.00007000"",""s"":""BTCUSDT"",""t"":6750016321}"
1791514217,732816332,spot,depth5,0,0,1541,BTCUSDT,"{""asks"":[[""82128.10000000"",""0.89890000""],[""82128.11000000"",""0.00062000""],[""82128.12000000"",""0.00013000""],[""82128.64000000"",""0.00007000""],[""82128.93000000"",""0.00014000""]],""bids"":[[""82128.09000000"",""10.01717000""],[""82128.08000000"",""0.00013000""],[""82128.07000000"",""0.00013000""],[""82126.32000000"",""0.00007000""],[""82125.82000000"",""0.03666000""]],""lastUpdateId"":101228071847}"
1791514217,744307133,spot,depth_diff,0,0,1542,BTCUSDT,"{""E"":1791514217614,""U"":101228071249,""a"":[[""82123.81000000"",""0.00000000""],[""82123.82000000"",""0.00000000""],[""82124.01000000"",""0.00000000""],[""82124.54000000"",""0.00000000""],[""82125.00000000"",""0.00000000""],[""82125.29000000"",""0.00000000""],[""82126.23000000"",""0.00000000""],[""82126.32000000"",""0.00000000""],[""82126.47000000"",""0.00000000""],[""82126.56000000"",""0.00000000""],[""82127.32000000"",""0.00000000""],[""82127.55000000"",""0.00000000""],[""82128.00000000"",""0.00000000""],[""82128.09000000"",""0.00000000""],[""82128.10000000"",""0.89890000""],[""82128.11000000"",""0.00062000""],[""82128.12000000"",""0.00013000""],[""82128.54000000"",""0.00000000""],[""82128.86000000"",""0.00000000""],[""82128.99000000"",""11.07600000""],[""82130.05000000"",""0.00000000""],[""82130.18000000"",""0.00000000""],[""82130.30000000"",""0.00007000""],[""82130.51000000"",""0.00007000""],[""82130.91000000"",""0.00616000""],[""82131.87000000"",""0.00008000""],[""82132.02000000"",""0.00000000""],[""82132.80000000"",""0.00000000""],[""82132.84000000"",""0.00000000""],[""82132.96000000"",""0.00000000""],[""82133.29000000"",""0.00000000""],[""82133.43000000"",""0.00000000""],[""82134.15000000"",""0.00000000""],[""82134.23000000"",""0.00000000""],[""82134.31000000"",""0.00000000""],[""82134.38000000"",""0.00000000""],[""82134.53000000"",""0.02977000""],[""82134.59000000"",""0.00000000""],[""82135.12000000"",""0.00000000""],[""82135.98000000"",""0.00223000""],[""82136.31000000"",""0.00020000""],[""82136.39000000"",""0.00000000""],[""82136.70000000"",""0.00000000""],[""82136.93000000"",""0.00000000""],[""82137.15000000"",""0.00523000""],[""82137.33000000"",""0.00000000""],[""82137.69000000"",""0.00000000""],[""82138.12000000"",""0.00000000""],[""82138.26000000"",""0.02000000""],[""82138.32000000"",""0.00000000""],[""82138.33000000"",""0.00000000""],[""82138.40000000"",""0.00683000""],[""82138.62000000"",""0.35622000""],[""82138.77000000"",""0.00000000""],[""82138.98000000"",""0.00968000""],[""82139.70000000"",""0.00200000""],[""82139.90000000"",""0.00007000""],[""82140.12000000"",""0.00000000""],[""82140.23000000"",""0.00017000""],[""82140.30000000"",""0.00000000""],[""82140.48000000"",""0.00609000""],[""82140.82000000"",""0.00007000""],[""82140.98000000"",""0.02600000""],[""82141.23000000"",""0.00609000""],[""82141.35000000"",""0.00000000""],[""82141.70000000"",""0.07000000""],[""82141.80000000"",""0.11551000""],[""82141.84000000"",""0.02000000""],[""82142.04000000"",""0.00609000""],[""82142.84000000"",""0.00080000""],[""82142.95000000"",""0.04000000""],[""82143.23000000"",""0.00000000""],[""82143.64000000"",""0.00000000""],[""82143.66000000"",""0.00000000""],[""82144.34000000"",""0.00000000""],[""82144.41000000"",""0.00012000""],[""82144.53000000"",""0.00008000""],[""82145.37000000"",""0.00516000""],[""82145.51000000"",""0.02400000""],[""82145.61000000"",""0.00408000""],[""82145.62000000"",""0.00000000""],[""82145.91000000"",""0.03537000""],[""82146.47000000"",""0.15289000""],[""82147.53000000"",""0.00200000""],[""82147.54000000"",""0.00011000""],[""82147.79000000"",""0.00000000""],[""82148.21000000"",""0.00000000""],[""82148.45000000"",""0.00000000""],[""82148.63000000"",""0.00008000""],[""82149.26000000"",""0.00000000""],[""82149.45000000"",""0.00121000""],[""82149.83000000"",""0.00000000""],[""82151.05000000"",""0.00019000""],[""82151.58000000"",""0.00000000""],[""82151.72000000"",""0.00000000""],[""82152.50000000"",""0.00012000""],[""82152.55000000"",""0.00000000""],[""82152.74000000"",""0.00008000""],[""82152.84000000"",""0.00000000""],[""82153.41000000"",""0.30464000""],[""82153.59000000"",""0.00511000""],[""82153.89000000"",""0.00000000""],[""82154.08000000"",""0.09344000""],[""82155.24000000"",""0.00000000""],[""82156.30000000"",""0.00000000""],[""82156.66000000"",""0.00014000""],[""82156.84000000"",""0.00008000""],[""82157.49000000"",""0.30464000""],[""82159.07000000"",""0.30464000""],[""82160.77000000"",""0.00000000""],[""82160.95000000"",""0.00008000""],[""82161.71000000"",""0.32888000""],[""82161.81000000"",""0.00528000""],[""82163.04000000"",""0.00007000""],[""82163.11000000"",""0.00000000""],[""82163.77000000"",""0.00000000""],[""82164.07000000"",""0.00000000""],[""82164.40000000"",""0.00000000""],[""82164.87000000"",""0.00000000""],[""82164.92000000"",""0.05991000""],[""82165.00000000"",""0.00000000""],[""82165.06000000"",""0.00008000""],[""82165.68000000"",""0.00000000""],[""82165.79000000"",""0.00000000""],[""82166.80000000"",""0.80214000""],[""82166.93000000"",""0.00000000""],[""82167.12000000"",""0.00007000""],[""82167.36000000"",""0.60899000""],[""82169.16000000"",""0.00008000""],[""82170.00000000"",""0.01076000""],[""82170.03000000"",""0.00522000""],[""82170.98000000"",""0.00000000""],[""82171.14000000"",""0.00000000""],[""82171.36000000"",""0.00007000""],[""82173.00000000"",""0.00000000""],[""82173.43000000"",""0.79101000""],[""82174.02000000"",""0.00000000""],[""82175.02000000"",""0.00000000""],[""82176.69000000"",""0.00000000""],[""82177.05000000"",""0.00000000""],[""82177.87000000"",""0.00000000""],[""82178.04000000"",""0.00000000""],[""82179.07000000"",""0.00000000""],[""82182.10000000"",""0.00000000""],[""82183.86000000"",""0.00304000""],[""82184.02000000"",""0.00018000""],[""82192.82000000"",""0.02600000""],[""82193.90000000"",""0.00304000""],[""82198.52000000"",""0.00000000""],[""82198.67000000"",""0.00000000""],[""82198.96000000"",""0.02045000""],[""82200.11000000"",""0.24417000""],[""82201.79000000"",""0.00000000""],[""82201.80000000"",""0.00000000""],[""82203.90000000"",""0.00150000""],[""82206.12000000"",""0.00009000""],[""82210.23000000"",""0.00008000""],[""82211.05000000"",""0.02600000""],[""82212.84000000"",""0.02400000""],[""82214.94000000"",""0.00000000""],[""82231.36000000"",""0.00000000""],[""82247.78000000"",""0.00000000""],[""82256.31000000"",""0.00007000""],[""82259.60000000"",""0.00000000""],[""82261.03000000"",""0.00000000""],[""82264.20000000"",""0.00000000""],[""82266.95000000"",""0.00121000""],[""82278.63000000"",""0.00121000""],[""82280.62000000"",""0.00000000""],[""82280.78000000"",""0.00000000""],[""82292.36000000"",""0.00008000""],[""82297.04000000"",""0.00000000""],[""82313.46000000"",""0.00000000""],[""82329.88000000"",""0.00000000""],[""82331.86000000"",""3.64669000""],[""82346.30000000"",""0.00000000""],[""82362.72000000"",""0.00000000""],[""82362.90000000"",""0.00000000""],[""82374.48000000"",""0.00008000""],[""82391.55000000"",""0.00000000""],[""82423.76000000"",""1.19998000""],[""82445.02000000"",""0.00000000""],[""82456.61000000"",""0.00008000""],[""82527.13000000"",""0.00000000""],[""82538.74000000"",""0.00008000""],[""82609.25000000"",""0.00000000""],[""82620.87000000"",""0.00023000""],[""82691.37000000"",""0.00000000""],[""82703.00000000"",""0.00008000""],[""82773.48000000"",""0.00000000""],[""82785.12000000"",""0.00008000""]],""b"":[[""82128.09000000"",""10.01717000""],[""82128.08000000"",""0.00013000""],[""82128.07000000"",""0.00013000""],[""82127.99000000"",""0.00000000""],[""82127.54000000"",""0.00000000""],[""82127.31000000"",""0.00000000""],[""82127.06000000"",""0.00000000""],[""82126.55000000"",""0.00000000""],[""82126.46000000"",""0.00000000""],[""82126.32000000"",""0.00007000""],[""82126.31000000"",""0.00000000""],[""82126.22000000"",""0.00000000""],[""82126.03000000"",""0.00000000""],[""82125.82000000"",""0.03666000""],[""82125.28000000"",""0.00000000""],[""82125.01000000"",""1.00223000""],[""82125.00000000"",""1.11974000""],[""82124.99000000"",""2.05724000""],[""82124.89000000"",""0.00008000""],[""82124.53000000"",""0.00000000""],[""82124.28000000"",""0.00007000""],[""82123.97000000"",""0.15007000""],[""82123.96000000"",""0.00400000""],[""82123.81000000"",""2.08139000""],[""82123.80000000"",""1.67064000""],[""82123.79000000"",""0.00000000""],[""82123.78000000"",""0.00000000""],[""82123.53000000"",""0.00000000""],[""82123.48000000"",""0.00007000""],[""82122.54000000"",""0.00007000""],[""82122.48000000"",""0.00000000""],[""82122.20000000"",""0.00000000""],[""82122.03000000"",""0.00200000""],[""82121.52000000"",""1.21397000""],[""82121.50000000"",""1.80154000""],[""82121.17000000"",""0.00000000""],[""82120.87000000"",""0.00014000""],[""82120.11000000"",""0.00012000""],[""82120.08000000"",""0.00000000""],[""82119.88000000"",""0.00032000""],[""82119.85000000"",""0.00000000""],[""82118.88000000"",""0.00007000""],[""82118.28000000"",""0.00163000""],[""82118.14000000"",""0.00200000""],[""82118.01000000"",""0.00000000""],[""82117.99000000"",""0.12784000""],[""82117.68000000"",""0.10885000""],[""82117.39000000"",""0.00951000""],[""82116.21000000"",""0.45384000""],[""82116.18000000"",""0.00007000""],[""82115.82000000"",""0.00000000""],[""82115.59000000"",""0.00007000""],[""82114.38000000"",""1.58200000""],[""82113.55000000"",""0.46020000""],[""82113.28000000"",""0.00933000""],[""82112.87000000"",""0.02000000""],[""82112.32000000"",""0.00000000""],[""82112.26000000"",""0.60084000""],[""82112.25000000"",""1.24957000""],[""82112.04000000"",""0.02000000""],[""82112.01000000"",""0.02012000""],[""82111.66000000"",""0.00008000""],[""82111.08000000"",""0.15296000""],[""82109.73000000"",""0.00000000""],[""82109.03000000"",""0.00000000""],[""82108.34000000"",""0.02000000""],[""82108.01000000"",""0.77517000""],[""82107.96000000"",""0.00007000""],[""82107.94000000"",""0.02000000""],[""82107.72000000"",""0.00000000""],[""82107.56000000"",""0.00008000""],[""82107.38000000"",""0.00000000""],[""82106.47000000"",""0.00000000""],[""82104.56000000"",""0.00000000""],[""82103.92000000"",""0.00012000""],[""82103.56000000"",""0.00000000""],[""82103.45000000"",""0.00008000""],[""82103.27000000"",""0.00024000""],[""82102.60000000"",""0.00000000""],[""82101.37000000"",""0.00000000""],[""82101.31000000"",""0.30464000""],[""82100.14000000"",""0.00000000""],[""82100.00000000"",""0.02872000""],[""82099.63000000"",""0.00000000""],[""82099.35000000"",""0.00008000""],[""82099.16000000"",""0.00000000""],[""82098.63000000"",""0.00000000""],[""82095.24000000"",""0.00008000""],[""82095.06000000"",""0.00000000""],[""82095.05000000"",""0.00000000""],[""82093.06000000"",""0.00400000""],[""82092.60000000"",""0.00000000""],[""82092.43000000"",""0.00000000""],[""82091.63000000"",""0.00000000""],[""82091.54000000"",""0.00000000""],[""82091.13000000"",""0.00008000""],[""82091.00000000"",""0.00000000""],[""82090.95000000"",""0.00000000""],[""82087.10000000"",""0.62381000""],[""82087.03000000"",""0.00008000""],[""82086.84000000"",""0.00000000""],[""82086.80000000"",""0.00000000""],[""82085.94000000"",""0.00000000""],[""82085.52000000"",""0.00000000""],[""82083.58000000"",""0.00000000""],[""82083.44000000"",""0.00000000""],[""82082.74000000"",""0.00000000""],[""82080.70000000"",""0.00000000""],[""82079.03000000"",""0.00000000""],[""82075.61000000"",""0.00012000""],[""82074.52000000"",""0.00000000""],[""82067.16000000"",""0.00000000""],[""82063.50000000"",""0.00000000""],[""82055.62000000"",""0.00304000""],[""82050.74000000"",""0.00000000""],[""82046.99000000"",""0.00000000""],[""82045.70000000"",""0.00202000""],[""82042.52000000"",""0.02000000""],[""82039.88000000"",""0.00000000""],[""82038.86000000"",""0.00000000""],[""82038.03000000"",""0.00000000""],[""82034.32000000"",""0.00000000""],[""82020.43000000"",""1.11521000""],[""82017.90000000"",""0.00000000""],[""82009.16000000"",""0.00000000""],[""82001.48000000"",""0.00024000""],[""81985.06000000"",""0.00000000""],[""81972.81000000"",""0.00121000""],[""81968.64000000"",""0.00000000""],[""81956.01000000"",""0.00000000""],[""81952.22000000"",""0.00000000""],[""81937.50000000"",""0.00014000""],[""81935.80000000"",""0.00000000""],[""81929.09000000"",""0.00017000""],[""81919.38000000"",""0.00000000""],[""81902.96000000"",""0.00000000""],[""81886.54000000"",""0.00000000""],[""81870.12000000"",""0.00000000""],[""81853.70000000"",""0.00000000""],[""81837.28000000"",""0.00000000""],[""81820.42000000"",""0.00000000""],[""81803.73000000"",""0.00036000""],[""81791.18000000"",""0.00000000""],[""81783.16000000"",""1.71884000""],[""81747.22000000"",""0.00000000""],[""81728.75000000"",""0.00000000""],[""80891.95000000"",""0.00000000""],[""73911.42000000"",""0.00199000""],[""65689.80000000"",""0.00060000""]],""e"":""depthUpdate"",""s"":""BTCUSDT"",""u"":101228071847}"
1791514217,766878233,spot,depth5,0,0,1543,BTCUSDT,"{""asks"":[[""82128.10000000"",""2.47552000""],[""82128.11000000"",""0.00062000""],[""82128.12000000"",""0.00013000""],[""82128.54000000"",""0.00007000""],[""82128.64000000"",""0.00007000""]],""bids"":[[""82128.09000000"",""10.02522000""],[""82128.08000000"",""0.00914000""],[""82128.07000000"",""0.00013000""],[""82126.77000000"",""0.01502000""],[""82126.33000000"",""0.00243000""]],""lastUpdateId"":101228072011}"
1791514217,771364933,spot,depth_diff,0,0,1544,BTCUSDT,"{""E"":1791514217714,""U"":101228071848,""a"":[[""82128.10000000"",""2.47552000""],[""82128.11000000"",""0.00062000""],[""82128.54000000"",""0.00007000""],[""82128.94000000"",""1.44909000""],[""82128.98000000"",""0.00014000""],[""82128.99000000"",""0.00014000""],[""82131.64000000"",""0.00559000""],[""82132.80000000"",""0.00007000""],[""82132.96000000"",""0.00932000""],[""82133.28000000"",""0.03151000""],[""82133.96000000"",""0.00000000""],[""82134.27000000"",""0.01119000""],[""82134.53000000"",""0.13780000""],[""82135.59000000"",""0.01119000""],[""82136.32000000"",""0.36000000""],[""82138.03000000"",""0.00191000""],[""82140.71000000"",""0.03652000""],[""82145.30000000"",""0.00000000""],[""82155.84000000"",""0.72393000""],[""82159.95000000"",""0.00012000""],[""82167.34000000"",""0.00000000""],[""82168.95000000"",""0.00000000""],[""82171.22000000"",""0.00060000""],[""82173.25000000"",""0.00060000""],[""82174.29000000"",""0.00430000""],[""82175.27000000"",""0.00060000""],[""82177.29000000"",""0.00000000""],[""82178.21000000"",""0.00425000""],[""82185.58000000"",""0.05122000""],[""82186.05000000"",""0.01146000""],[""82188.00000000"",""0.00283000""],[""82200.11000000"",""0.00000000""],[""82202.20000000"",""0.00000000""],[""82206.14000000"",""0.00000000""],[""82212.26000000"",""0.01948000""],[""82212.84000000"",""0.00000000""],[""82220.39000000"",""0.09283000""]],""b"":[[""82128.09000000"",""10.02522000""],[""82128.08000000"",""0.00914000""],[""82126.77000000"",""0.01502000""],[""82126.33000000"",""0.00243000""],[""82126.24000000"",""0.00008000""],[""82125.83000000"",""0.00014000""],[""82125.82000000"",""0.03659000""],[""82125.46000000"",""0.01803000""],[""82125.02000000"",""0.00614000""],[""82125.01000000"",""0.15932000""],[""82125.00000000"",""0.00014000""],[""82124.89000000"",""0.00000000""],[""82124.14000000"",""0.01803000""],[""82123.98000000"",""0.00014000""],[""82123.82000000"",""0.00007000""],[""82123.81000000"",""0.37704000""],[""82123.80000000"",""1.66016000""],[""82121.52000000"",""1.21197000""],[""82118.14000000"",""0.00000000""],[""82117.36000000"",""0.00010000""],[""82116.21000000"",""0.45384000""],[""82115.30000000"",""0.02425000""],[""82114.39000000"",""0.00000000""],[""82109.38000000"",""0.00000000""],[""82103.82000000"",""0.00200000""],[""82101.95000000"",""0.00190000""],[""82099.03000000"",""0.00000000""],[""82088.58000000"",""0.00000000""],[""82087.00000000"",""0.00103000""],[""82084.99000000"",""0.00060000""],[""82082.00000000"",""0.02800000""],[""82075.25000000"",""0.00434000""],[""82070.82000000"",""0.00030000""],[""82069.21000000"",""0.00427000""],[""82062.93000000"",""0.00000000""],[""82057.14000000"",""0.00000000""],[""82042.52000000"",""0.00000000""],[""81955.56000000"",""0.00000000""],[""80896.17000000"",""0.00008000""],[""73915.29000000"",""0.00015000""],[""65702.00000000"",""0.00000000""]],""e"":""depthUpdate"",""s"":""BTCUSDT"",""u"":101228072011}"
1791514217,794023233,spot,trade,0,0,1545,BTCUSDT,"{""E"":1791514217743,""M"":true,""T"":1791514217742,""e"":""trade"",""m"":false,""p"":""82128.10000000"",""q"":""0.00335000"",""s"":""BTCUSDT"",""t"":6750016322}"
1791514217,864314134,spot,depth5,0,0,1546,BTCUSDT,"{""asks"":[[""82128.10000000"",""2.47170000""],[""82128.11000000"",""0.00062000""],[""82128.12000000"",""0.00013000""],[""82128.54000000"",""0.00007000""],[""82128.64000000"",""0.00007000""]],""bids"":[[""82128.09000000"",""10.52570000""],[""82128.08000000"",""0.00914000""],[""82128.07000000"",""0.00013000""],[""82126.78000000"",""0.00014000""],[""82126.77000000"",""0.01502000""]],""lastUpdateId"":101228072062}"
1791514217,865046134,spot,depth_diff,0,0,1547,BTCUSDT,"{""E"":1791514217814,""U"":101228072012,""a"":[[""82128.10000000"",""2.47170000""],[""82128.94000000"",""1.44909000""],[""82128.98000000"",""0.00014000""],[""82128.99000000"",""8.35592000""],[""82137.55000000"",""0.00047000""],[""82143.15000000"",""0.00243000""],[""82153.24000000"",""0.00000000""],[""82157.86000000"",""0.00000000""],[""82177.29000000"",""0.00060000""],[""82179.32000000"",""0.00060000""],[""82181.34000000"",""0.00120000""],[""82183.36000000"",""0.00000000""]],""b"":[[""82128.09000000"",""10.52570000""],[""82126.78000000"",""0.00014000""],[""82125.47000000"",""0.00014000""],[""82125.02000000"",""0.00014000""],[""82124.97000000"",""0.00200000""],[""82123.98000000"",""0.00000000""],[""82123.82000000"",""0.00000000""],[""82123.80000000"",""1.30016000""],[""82121.53000000"",""0.00600000""],[""82121.50000000"",""1.80147000""],[""82117.68000000"",""0.10878000""],[""82102.80000000"",""0.00000000""],[""82070.03000000"",""0.00426000""],[""82057.90000000"",""0.00000000""],[""73915.29000000"",""0.00023000""],[""65702.00000000"",""0.00000000""],[""65689.80000000"",""0.00030000""]],""e"":""depthUpdate"",""s"":""BTCUSDT"",""u"":101228072062}"
1791514217,964932536,spot,depth5,0,0,1548,BTCUSDT,"{""asks"":[[""82128.10000000"",""3.43137000""],[""82128.11000000"",""0.00062000""],[""82128.12000000"",""0.00013000""],[""82128.54000000"",""0.00007000""],[""82128.64000000"",""0.00007000""]],""bids"":[[""82128.09000000"",""10.17796000""],[""82128.08000000"",""0.00914000""],[""82128.07000000"",""0.00013000""],[""82127.53000000"",""0.00008000""],[""82126.78000000"",""0.00014000""]],""lastUpdateId"":101228072132}"
1791514217,965717036,spot,depth_diff,0,0,1549,BTCUSDT,"{""E"":1791514217914,""U"":101228072063,""a"":[[""82128.10000000"",""3.43137000""],[""82128.99000000"",""8.94248000""],[""82132.49000000"",""0.10780000""],[""82132.55000000"",""0.00098000""],[""82140.71000000"",""0.03652000""],[""82141.01000000"",""0.02400000""],[""82142.14000000"",""0.00243000""],[""82143.15000000"",""0.00000000""],[""82144.62000000"",""0.00200000""],[""82145.94000000"",""0.02000000""],[""82153.30000000"",""0.00000000""],[""82167.90000000"",""0.00000000""],[""82173.70000000"",""0.00636000""],[""82181.34000000"",""0.00060000""],[""82183.36000000"",""0.00060000""],[""82198.75000000"",""0.02400000""],[""82203.67000000"",""0.00000000""],[""82211.05000000"",""0.00000000""],[""83578.16000000"",""0.00010000""],[""84530.78000000"",""0.00010000""],[""86112.14000000"",""0.00010000""]],""b"":[[""82128.09000000"",""10.17796000""],[""82127.53000000"",""0.00008000""],[""82126.48000000"",""0.00007000""],[""82126.24000000"",""0.00000000""],[""82125.83000000"",""0.00000000""],[""82125.82000000"",""0.00007000""],[""82125.01000000"",""1.09878000""],[""82124.97000000"",""0.00000000""],[""82123.98000000"",""0.00007000""],[""82122.40000000"",""0.00000000""],[""82113.45000000"",""0.02000000""],[""82112.20000000"",""0.00389000""],[""82111.95000000"",""0.02000000""],[""82107.93000000"",""0.02000000""],[""82107.87000000"",""0.00000000""],[""82107.75000000"",""0.00000000""],[""82102.58000000"",""0.50601000""],[""82099.99000000"",""0.00000000""],[""82085.94000000"",""0.00007000""],[""82071.14000000"",""0.00389000""],[""82066.69000000"",""0.00000000""],[""82042.14000000"",""0.00000000""],[""82038.29000000"",""0.00389000""],[""82033.85000000"",""0.00000000""],[""82021.99000000"",""0.00776000""],[""81862.68000000"",""0.00756000""],[""81856.30000000"",""0.00000000""],[""65702.00000000"",""0.00200000""],[""43219.20000000"",""0.00035000""]],""e"":""depthUpdate"",""s"":""BTCUSDT"",""u"":101228072132}"
1791514218,64312038,spot,depth5,0,0,1550,BTCUSDT,"{""asks"":[[""82128.10000000"",""3.43137000""],[""82128.11000000"",""0.00062000""],[""82128.12000000"",""0.00013000""],[""82128.54000000"",""0.00007000""],[""82128.64000000"",""0.00007000""]],""bids"":[[""82128.09000000"",""10.16614000""],[""82128.08000000"",""0.00914000""],[""82128.07000000"",""0.00013000""],[""82127.53000000"",""0.00008000""],[""82127.06000000"",""0.00243000""]],""lastUpdateId"":101228072177}"
1791514218,65055838,spot,depth_diff,0,0,1551,BTCUSDT,"{""E"":1791514218014,""U"":101228072133,""a"":[[""82130.91000000"",""0.00000000""],[""82160.35000000"",""0.45952000""],[""82160.60000000"",""0.00012000""],[""82166.88000000"",""0.00499000""],[""82168.69000000"",""0.00012000""],[""82184.65000000"",""0.63373000""],[""82185.54000000"",""0.00000000""],[""83360.03000000"",""0.00073000""]],""b"":[[""82128.09000000"",""10.16614000""],[""82127.80000000"",""0.00000000""],[""82127.06000000"",""0.00243000""],[""82127.05000000"",""0.00959000""],[""82125.93000000"",""0.00014000""],[""82125.92000000"",""0.03652000""],[""82125.02000000"",""0.00614000""],[""82124.85000000"",""0.00007000""],[""82124.54000000"",""0.00007000""],[""82123.98000000"",""0.00000000""],[""82123.82000000"",""0.00000000""],[""82121.75000000"",""0.00007000""],[""82121.53000000"",""0.00400000""],[""82117.99000000"",""0.12777000""],[""82110.81000000"",""0.00000000""],[""82108.76000000"",""0.00000000""],[""82103.63000000"",""0.00000000""],[""82102.72000000"",""0.00000000""],[""82095.82000000"",""0.00012000""],[""82095.38000000"",""0.00000000""],[""82088.89000000"",""0.00000000""],[""82088.10000000"",""0.99207000""],[""82087.73000000"",""0.00012000""],[""82024.08000000"",""0.30941000""],[""80896.17000000"",""0.00016000""],[""80889.67000000"",""0.00000000""],[""73915.29000000"",""0.00038000""],[""65702.00000000"",""0.00000000""],[""65689.80000000"",""0.00000000""]],""e"":""depthUpdate"",""s"":""BTCUSDT"",""u"":101228072177}"
1791514218,166124040,spot,depth5,0,0,1552,BTCUSDT,"{""asks"":[[""82128.10000000"",""3.43130000""],[""82128.11000000"",""0.00062000""],[""82128.12000000"",""0.00013000""],[""82128.54000000"",""0.00007000""],[""82128.64000000"",""0.00007000""]],""bids"":[[""82128.09000000"",""10.16614000""],[""82128.08000000"",""0.00914000""],[""82128.07000000"",""0.00013000""],[""82127.53000000"",""0.00008000""],[""82127.06000000"",""0.00243000""]],""lastUpdateId"":101228072201}"
1791514218,167003240,spot,depth_diff,0,0,1553,BTCUSDT,"{""E"":1791514218115,""U"":101228072178,""a"":[[""82128.10000000"",""3.43130000""],[""82145.12000000"",""0.02457000""],[""82153.05000000"",""0.00000000""],[""82159.39000000"",""0.00200000""],[""82176.11000000"",""0.00000000""],[""82191.95000000"",""0.00000000""],[""82220.39000000"",""0.81967000""],[""82220.49000000"",""0.00000000""]],""b"":[[""82121.50000000"",""1.80140000""],[""82120.87000000"",""0.00007000""],[""82119.47000000"",""0.12007000""],[""82118.94000000"",""0.00000000""],[""82115.77000000"",""0.06088000""],[""82109.35000000"",""0.02000000""],[""82107.56000000"",""0.06097000""],[""82098.70000000"",""0.00000000""],[""82096.01000000"",""0.00447000""],[""82093.24000000"",""0.00000000""],[""82075.61000000"",""0.00000000""],[""82073.39000000"",""0.00000000""],[""82034.24000000"",""0.00000000""],[""80896.16000000"",""0.00030000""]],""e"":""depthUpdate"",""s"":""BTCUSDT"",""u"":101228072201}"
1791514218,267561042,spot,depth5,0,0,1554,BTCUSDT,"{""asks"":[[""82128.10000000"",""3.43130000""],[""82128.11000000"",""0.00062000""],[""82128.12000000"",""0.00013000""],[""82128.54000000"",""0.00007000""],[""82128.64000000"",""0.00007000""]],""bids"":[[""82128.09000000"",""10.16621000""],[""82128.08000000"",""0.00914000""],[""82128.07000000"",""0.00013000""],[""82127.53000000"",""0.00008000""],[""82127.06000000"",""0.00243000""]],""lastUpdateId"":101228072239}"
1791514218,269594942,spot,depth_diff,0,0,1555,BTCUSDT,"{""E"":1791514218214,""U"":101228072202,""a"":[[""82133.23000000"",""0.00013000""],[""82135.28000000"",""0.00013000""],[""82136.39000000"",""0.00939000""],[""82137.33000000"",""0.00013000""],[""82139.38000000"",""0.00609000""],[""82139.39000000"",""0.00013000""],[""82141.44000000"",""0.00013000""],[""82141.83000000"",""0.02000000""],[""82142.04000000"",""0.00000000""],[""82143.49000000"",""0.00013000""],[""82182.70000000"",""0.00012000""],[""82192.80000000"",""0.02000000""],[""82198.75000000"",""0.00000000""],[""82203.51000000"",""0.00030000""]],""b"":[[""82128.09000000"",""10.16621000""],[""82125.01000000"",""0.53783000""],[""82124.99000000"",""1.00358000""],[""82124.00000000"",""0.00064000""],[""82123.80000000"",""0.24657000""],[""82121.54000000"",""0.75135000""],[""82121.53000000"",""1.05766000""],[""82121.52000000"",""0.00047000""],[""82121.51000000"",""0.34751000""],[""82121.50000000"",""0.80875000""],[""82120.91000000"",""0.00013000""],[""82119.47000000"",""0.12000000""],[""82118.86000000"",""0.00013000""],[""82112.64000000"",""0.02000000""],[""82082.20000000"",""0.00012000""],[""82079.97000000"",""0.00018000""],[""82030.73000000"",""0.99265000""],[""73915.29000000"",""0.00053000""],[""65697.20000000"",""0.00090000""]],""e"":""depthUpdate"",""s"":""BTCUSDT"",""u"":101228072239}"
1791514218,331721743,spot,trade,0,0,1556,BTCUSDT,"{""E"":1791514218281,""M"":true,""T"":1791514218280,""e"":""trade"",""m"":false,""p"":""82128.10000000"",""q"":""0.00213000"",""s"":""BTCUSDT"",""t"":6750016323}"
1791514218,366822544,spot,depth5,0,0,1557,BTCUSDT,"{""asks"":[[""82128.10000000"",""3.62535000""],[""82128.11000000"",""0.00062000""],[""82128.12000000"",""0.00013000""],[""82128.54000000"",""0.00007000""],[""82128.64000000"",""0.00007000""]],""bids"":[[""82128.09000000"",""10.51621000""],[""82128.08000000"",""0.00914000""],[""82128.07000000"",""0.00013000""],[""82127.53000000"",""0.00008000""],[""82127.06000000"",""0.00243000""]],""lastUpdateId"":101228072266}"
1791514218,368508644,spot,depth_diff,0,0,1558,BTCUSDT,"{""E"":1791514218314,""U"":101228072240,""a"":[[""82128.10000000"",""3.62535000""],[""82148.20000000"",""0.36548000""],[""82151.70000000"",""0.00000000""],[""82160.35000000"",""0.31658000""],[""82160.36000000"",""0.00000000""]],""b"":[[""82128.09000000"",""10.51621000""],[""82125.02000000"",""0.00014000""],[""82124.39000000"",""0.00200000""],[""82123.81000000"",""0.37692000""],[""82121.55000000"",""0.00200000""],[""82120.96000000"",""0.00389000""],[""82120.87000000"",""0.00000000""],[""82112.20000000"",""0.00000000""],[""82100.03000000"",""0.00000000""],[""82094.58000000"",""0.00000000""],[""82079.89000000"",""0.00389000""],[""82071.14000000"",""0.00000000""],[""82047.05000000"",""0.00389000""],[""82038.29000000"",""0.00000000""],[""80896.17000000"",""0.00024000""],[""73915.29000000"",""0.00045000""],[""73915.28000000"",""0.00008000""]],""e"":""depthUpdate"",""s"":""BTCUSDT"",""u"":101228072266}"
1791514218,467245045,spot,depth5,0,0,1559,BTCUSDT,"{""asks"":[[""82128.10000000"",""3.62535000""],[""82128.11000000"",""0.00062000""],[""82128.12000000"",""0.00013000""],[""82128.54000000"",""0.00007000""],[""82128.64000000"",""0.00007000""]],""bids"":[[""82128.09000000"",""10.51628000""],[""82128.08000000"",""0.00914000""],[""82128.07000000"",""0.00013000""],[""82127.53000000"",""0.00008000""],[""82127.06000000"",""0.00243000""]],""lastUpdateId"":101228072275}"
1791514218,468003645,spot,depth_diff,0,0,1560,BTCUSDT,"{""E"":1791514218414,""U"":101228072267,""a"":[],""b"":[[""82128.09000000"",""10.51628000""],[""82124.99000000"",""0.64358000""],[""82123.80000000"",""0.21004000""],[""82121.55000000"",""0.00600000""],[""82121.50000000"",""0.80882000""],[""82119.87000000"",""0.36000000""],[""81809.44000000"",""0.00023000""],[""65697.20000000"",""0.00060000""]],""e"":""depthUpdate"",""s"":""BTCUSDT"",""u"":101228072275}"
1791514218,564397847,spot,depth5,0,0,1561,BTCUSDT,"{""asks"":[[""82128.10000000"",""3.67853000""],[""82128.11000000"",""0.00062000""],[""82128.12000000"",""0.00013000""],[""82128.54000000"",""0.00007000""],[""82128.64000000"",""0.00007000""]],""bids"":[[""82128.09000000"",""8.87309000""],[""82128.08000000"",""0.00914000""],[""82128.07000000"",""0.00013000""],[""82127.53000000"",""0.00008000""],[""82127.05000000"",""0.00959000""]],""lastUpdateId"":101228072367}"
1791514218,565877847,spot,depth_diff,0,0,1562,BTCUSDT,"{""E"":1791514218514,""U"":101228072276,""a"":[[""82128.10000000"",""3.67853000""],[""82128.99000000"",""14.27585000""],[""82135.58000000"",""0.00609000""],[""82136.38000000"",""0.00609000""],[""82137.55000000"",""0.00000000""],[""82140.48000000"",""0.00000000""],[""82141.23000000"",""0.00000000""],[""82142.14000000"",""0.00000000""],[""82289.58000000"",""0.00000000""],[""82441.81000000"",""0.00007000""]],""b"":[[""82128.09000000"",""8.87309000""],[""82127.06000000"",""0.00000000""],[""82125.94000000"",""0.00243000""],[""82125.67000000"",""0.00007000""],[""82125.01000000"",""0.18917000""],[""82125.00000000"",""0.00000000""],[""82124.99000000"",""0.00014000""],[""82124.39000000"",""0.00000000""],[""82124.28000000"",""0.00007000""],[""82123.98000000"",""0.00007000""],[""82123.80000000"",""0.08145000""],[""82121.56000000"",""0.00609000""],[""82121.55000000"",""0.00000000""],[""82121.54000000"",""0.54548000""],[""82121.53000000"",""0.00200000""],[""82120.02000000"",""0.00007000""],[""82119.87000000"",""0.36007000""],[""82118.89000000"",""0.00400000""],[""82117.68000000"",""0.10878000""],[""82115.76000000"",""0.00007000""],[""82113.55000000"",""0.13113000""],[""82111.50000000"",""0.00007000""],[""82107.24000000"",""0.00007000""],[""82102.58000000"",""0.00000000""],[""82087.00000000"",""0.00100000""],[""82049.32000000"",""0.32933000""],[""81977.49000000"",""0.00000000""],[""81784.91000000"",""0.00000000""],[""80896.17000000"",""0.00032000""],[""73915.29000000"",""0.00060000""],[""73915.00000000"",""0.00020000""],[""65702.48000000"",""0.00120000""]],""e"":""depthUpdate"",""s"":""BTCUSDT"",""u"":101228072367}"
1791514218,667323049,spot,depth5,0,0,1563,BTCUSDT,"{""asks"":[[""82128.10000000"",""3.67853000""],[""82128.11000000"",""0.00062000""],[""82128.12000000"",""0.00013000""],[""82128.54000000"",""0.00007000""],[""82128.64000000"",""0.00007000""]],""bids"":[[""82128.09000000"",""8.87302000""],[""82128.08000000"",""0.00914000""],[""82128.07000000"",""0.00013000""],[""82127.53000000"",""0.00008000""],[""82127.05000000"",""0.00959000""]],""lastUpdateId"":101228072386}"
1791514218,668357749,spot,depth_diff,0,0,1564,BTCUSDT,"{""E"":1791514218614,""U"":101228072368,""a"":[[""82136.56000000"",""1.37611000""],[""82140.82000000"",""0.00000000""]],""b"":[[""82128.09000000"",""8.87302000""],[""82124.85000000"",""0.00000000""],[""82121.53000000"",""0.00000000""],[""82119.87000000"",""0.36000000""],[""82107.96000000"",""0.00000000""],[""82102.59000000"",""0.50251000""],[""82046.99000000"",""0.02000000""],[""82042.52000000"",""0.02000000""],[""80542.78000000"",""0.00047000""],[""73915.00000000"",""0.00000000""],[""65702.00000000"",""0.00200000""],[""65697.20000000"",""0.00030000""]],""e"":""depthUpdate"",""s"":""BTCUSDT"",""u"":101228072386}"
1791514218,764544351,spot,depth5,0,0,1565,BTCUSDT,"{""asks"":[[""82128.10000000"",""3.67853000""],[""82128.11000000"",""0.00062000""],[""82128.12000000"",""0.00013000""],[""82128.54000000"",""0.00007000""],[""82128.64000000"",""0.00007000""]],""bids"":[[""82128.09000000"",""8.87302000""],[""82128.08000000"",""0.00914000""],[""82128.07000000"",""0.00013000""],[""82127.53000000"",""0.00008000""],[""82127.05000000"",""0.00959000""]],""lastUpdateId"":101228072400}"
1791514218,812922852,spot,depth_diff,0,0,1566,BTCUSDT,"{""E"":1791514218714,""U"":101228072387,""a"":[[""82134.53000000"",""0.54081000""],[""82140.82000000"",""0.00007000""]],""b"":[[""82123.95000000"",""0.00200000""],[""82120.96000000"",""0.00000000""],[""82119.48000000"",""0.00200000""],[""82117.22000000"",""0.04234000""],[""82112.43000000"",""0.00389000""],[""82107.96000000"",""0.00007000""],[""82079.89000000"",""0.00000000""],[""82071.37000000"",""0.00389000""],[""82047.05000000"",""0.00000000""],[""82038.52000000"",""0.00389000""],[""65702.00000000"",""0.00000000""],[""43219.20000000"",""0.00000000""]],""e"":""depthUpdate"",""s"":""BTCUSDT"",""u"":101228072400}"
1791514218,877595353,spot,depth5,0,0,1567,BTCUSDT,"{""asks"":[[""82128.10000000"",""3.67853000""],[""82128.11000000"",""0.00062000""],[""82128.12000000"",""0.00013000""],[""82128.54000000"",""0.00007000""],[""82128.64000000"",""0.00007000""]],""bids"":[[""82128.09000000"",""8.87302000""],[""82128.08000000"",""0.00914000""],[""82128.07000000"",""0.00013000""],[""82127.53000000"",""0.00008000""],[""82127.05000000"",""0.00959000""]],""lastUpdateId"":101228072409}"
1791514218,880664653,spot,depth_diff,0,0,1568,BTCUSDT,"{""E"":1791514218814,""U"":101228072401,""a"":[[""82153.09000000"",""0.00000000""],[""82153.10000000"",""0.00000000""],[""82153.15000000"",""0.00021000""]],""b"":[[""80896.17000000"",""0.00040000""],[""73915.29000000"",""0.00075000""],[""65697.20000000"",""0.00000000""]],""e"":""depthUpdate"",""s"":""BTCUSDT"",""u"":101228072409}"
1791514218,966210155,spot,depth5,0,0,1569,BTCUSDT,"{""asks"":[[""82128.10000000"",""3.67853000""],[""82128.11000000"",""0.00062000""],[""82128.12000000"",""0.00013000""],[""82128.54000000"",""0.00007000""],[""82128.64000000"",""0.00007000""]],""bids"":[[""82128.09000000"",""8.87302000""],[""82128.08000000"",""0.00914000""],[""82128.07000000"",""0.00013000""],[""82127.53000000"",""0.00008000""],[""82127.05000000"",""0.00959000""]],""lastUpdateId"":101228072422}"
1791514218,970350155,spot,depth_diff,0,0,1570,BTCUSDT,"{""E"":1791514218914,""U"":101228072410,""a"":[],""b"":[[""82124.28000000"",""0.00000000""],[""82123.95000000"",""0.00000000""],[""82123.80000000"",""0.07536000""],[""82122.55000000"",""0.00609000""],[""82119.87000000"",""0.36007000""],[""82119.48000000"",""0.00000000""],[""82118.87000000"",""0.00200000""],[""82106.07000000"",""0.00000000""],[""82066.46000000"",""0.00064000""],[""82042.14000000"",""0.02000000""]],""e"":""depthUpdate"",""s"":""BTCUSDT"",""u"":101228072422}"
1791514219,65533857,spot,depth5,0,0,1571,BTCUSDT,"{""asks"":[[""82128.10000000"",""3.67853000""],[""82128.11000000"",""0.00062000""],[""82128.12000000"",""0.00013000""],[""82128.54000000"",""0.00007000""],[""82128.64000000"",""0.00007000""]],""bids"":[[""82128.09000000"",""8.87467000""],[""82128.08000000"",""0.00914000""],[""82128.07000000"",""0.00013000""],[""82128.05000000"",""0.00790000""],[""82127.53000000"",""0.00008000""]],""lastUpdateId"":101228072445}"
1791514219,70221857,spot,depth_diff,0,0,1572,BTCUSDT,"{""E"":1791514219014,""U"":101228072423,""a"":[[""82131.31000000"",""0.00832000""],[""82151.68000000"",""0.64537000""],[""82153.19000000"",""0.00000000""],[""82189.44000000"",""1.31812000""],[""82208.34000000"",""0.00007000""],[""83360.03000000"",""0.00043000""]],""b"":[[""82128.09000000"",""8.87467000""],[""82128.05000000"",""0.00790000""],[""82118.96000000"",""0.00007000""],[""82112.25000000"",""1.24835000""],[""82103.82000000"",""0.00000000""],[""82102.12000000"",""0.00200000""],[""82030.59000000"",""0.00000000""],[""82024.08000000"",""1.13611000""],[""81862.68000000"",""0.00000000""],[""81854.01000000"",""0.00756000""],[""73915.29000000"",""0.00090000""],[""65702.48000000"",""0.00240000""],[""65699.04000000"",""0.00090000""]],""e"":""depthUpdate"",""s"":""BTCUSDT"",""u"":101228072445}"
1791514219,123514158,spot,trade,0,0,1573,BTCUSDT,"{""E"":1791514219068,""M"":true,""T"":1791514219067,""e"":""trade"",""m"":true,""p"":""82128.09000000"",""q"":""0.00116000"",""s"":""BTCUSDT"",""t"":6750016324}"
1791514219,171686959,spot,depth5,0,0,1574,BTCUSDT,"{""asks"":[[""82128.10000000"",""3.67860000""],[""82128.11000000"",""0.00062000""],[""82128.12000000"",""0.00013000""],[""82128.54000000"",""0.00007000""],[""82128.64000000"",""0.00007000""]],""bids"":[[""82128.09000000"",""8.87351000""],[""82128.08000000"",""0.00914000""],[""82128.07000000"",""0.00013000""],[""82128.05000000"",""0.00790000""],[""82127.53000000"",""0.00008000""]],""lastUpdateId"":101228072458}"
1791514219,183264560,spot,depth_diff,0,0,1575,BTCUSDT,"{""E"":1791514219114,""U"":101228072446,""a"":[[""82128.10000000"",""3.67860000""],[""82135.58000000"",""0.00000000""],[""82136.38000000"",""0.00000000""],[""82137.05000000"",""0.00609000""],[""82137.84000000"",""0.00609000""],[""82153.20000000"",""0.00000000""],[""83360.03000000"",""0.00073000""]],""b"":[[""82128.09000000"",""8.87351000""],[""82123.32000000"",""0.00200000""],[""82034.23000000"",""0.02000000""],[""80896.17000000"",""0.00048000""],[""80896.16000000"",""0.00030000""],[""73915.28000000"",""0.00000000""]],""e"":""depthUpdate"",""s"":""BTCUSDT"",""u"":101228072458}"
1791514219,265500861,spot,depth5,0,0,1576,BTCUSDT,"{""asks"":[[""82128.10000000"",""3.67860000""],[""82128.11000000"",""0.00062000""],[""82128.12000000"",""0.00013000""],[""82128.54000000"",""0.00007000""],[""82128.64000000"",""0.00007000""]],""bids"":[[""82128.09000000"",""8.87351000""],[""82128.08000000"",""0.00914000""],[""82128.07000000"",""0.00013000""],[""82128.05000000"",""0.00790000""],[""82127.53000000"",""0.00008000""]],""lastUpdateId"":101228072467}"
1791514219,270433062,spot,depth_diff,0,0,1577,BTCUSDT,"{""E"":1791514219214,""U"":101228072459,""a"":[[""82133.00000000"",""0.00007000""],[""82153.21000000"",""0.00000000""],[""82153.22000000"",""0.12188000""],[""82233.35000000"",""0.00000000""],[""82250.72000000"",""0.00025000""]],""b"":[[""65699.04000000"",""0.00060000""]],""e"":""depthUpdate"",""s"":""BTCUSDT"",""u"":101228072467}"
1791514219,366028164,spot,depth5,0,0,1578,BTCUSDT,"{""asks"":[[""82128.10000000"",""3.67860000""],[""82128.11000000"",""0.00062000""],[""82128.12000000"",""0.00013000""],[""82128.54000000"",""0.00007000""],[""82128.64000000"",""0.00007000""]],""bids"":[[""82128.09000000"",""8.87351000""],[""82128.08000000"",""0.00914000""],[""82128.07000000"",""0.00013000""],[""82128.05000000"",""0.00790000""],[""82127.53000000"",""0.00008000""]],""lastUpdateId"":101228072476}"
1791514219,367284864,spot,depth_diff,0,0,1579,BTCUSDT,"{""E"":1791514219314,""U"":101228072468,""a"":[[""82133.02000000"",""0.00976000""],[""82153.22000000"",""0.00000000""],[""82165.16000000"",""0.00000000""],[""82191.12000000"",""0.00000000""]],""b"":[[""82118.87000000"",""0.00600000""],[""82102.59000000"",""0.00000000""],[""82092.20000000"",""0.00000000""],[""73915.29000000"",""0.00105000""]],""e"":""depthUpdate"",""s"":""BTCUSDT"",""u"":101228072476}"
1791514219,467081766,spot,depth5,0,0,1580,BTCUSDT,"{""asks"":[[""82128.10000000"",""3.67860000""],[""82128.11000000"",""0.00062000""],[""82128.12000000"",""0.00013000""],[""82128.54000000"",""0.00007000""],[""82128.64000000"",""0.00007000""]],""bids"":[[""82128.09000000"",""8.87351000""],[""82128.08000000"",""0.00914000""],[""82128.07000000"",""0.00013000""],[""82128.05000000"",""0.00790000""],[""82127.53000000"",""0.00008000""]],""lastUpdateId"":101228072478}"
1791514219,473457266,spot,depth_diff,0,0,1581,BTCUSDT,"{""E"":1791514219414,""U"":101228072477,""a"":[],""b"":[[""80896.17000000"",""0.00056000""],[""65699.04000000"",""0.00030000""]],""e"":""depthUpdate"",""s"":""BTCUSDT"",""u"":101228072478}"
1791514219,564512968,spot,depth5,0,0,1582,BTCUSDT,"{""asks"":[[""82128.10000000"",""3.67860000""],[""82128.11000000"",""0.00062000""],[""82128.12000000"",""0.00013000""],[""82128.54000000"",""0.00007000""],[""82128.64000000"",""0.00007000""]],""bids"":[[""82128.09000000"",""9.22344000""],[""82128.08000000"",""0.00914000""],[""82128.07000000"",""0.00013000""],[""82128.05000000"",""0.00790000""],[""82127.53000000"",""0.00008000""]],""lastUpdateId"":101228072497}"
1791514219,568557168,spot,depth_diff,0,0,1583,BTCUSDT,"{""E"":1791514219514,""U"":101228072479,""a"":[[""82130.30000000"",""0.00000000""],[""82131.31000000"",""0.00000000""],[""82132.49000000"",""0.10787000""],[""82133.04000000"",""0.00509000""],[""82138.30000000"",""0.00200000""],[""82141.79000000"",""0.00000000""],[""82144.62000000"",""0.00000000""],[""82194.04000000"",""0.00000000""]],""b"":[[""82128.09000000"",""9.22344000""],[""82126.33000000"",""0.00000000""],[""82125.03000000"",""0.00243000""],[""82122.96000000"",""0.00013000""],[""82119.87000000"",""0.36000000""],[""82077.85000000"",""0.00000000""],[""82065.46000000"",""0.00000000""],[""73915.29000000"",""0.00120000""],[""65702.00000000"",""0.00000000""]],""e"":""depthUpdate"",""s"":""BTCUSDT"",""u"":101228072497}"
1791514219,673923370,spot,depth5,0,0,1584,BTCUSDT,"{""asks"":[[""82128.10000000"",""3.67860000""],[""82128.11000000"",""0.00062000""],[""82128.12000000"",""0.00013000""],[""82128.54000000"",""0.00007000""],[""82128.64000000"",""0.00007000""]],""bids"":[[""82128.09000000"",""8.79344000""],[""82128.08000000"",""0.00914000""],[""82128.07000000"",""0.00013000""],[""82128.05000000"",""0.00790000""],[""82127.53000000"",""0.00008000""]],""lastUpdateId"":101228072510}"
1791514219,674626770,spot,depth_diff,0,0,1585,BTCUSDT,"{""E"":1791514219614,""U"":101228072498,""a"":[[""82128.10000000"",""3.67860000""],[""82128.99000000"",""14.28191000""],[""82153.21000000"",""0.00000000""],[""82153.25000000"",""0.00000000""]],""b"":[[""82128.09000000"",""8.79344000""],[""82042.07000000"",""0.02000000""],[""80896.17000000"",""0.00064000""],[""65699.04000000"",""0.00000000""]],""e"":""depthUpdate"",""s"":""BTCUSDT"",""u"":101228072510}"
1791514219,767891872,spot,depth5,0,0,1586,BTCUSDT,"{""asks"":[[""82128.10000000"",""5.65447000""],[""82128.11000000"",""0.00013000""],[""82128.12000000"",""0.00013000""],[""82128.54000000"",""0.00007000""],[""82128.64000000"",""0.00007000""]],""bids"":[[""82128.09000000"",""1.29132000""],[""82128.08000000"",""0.00914000""],[""82128.07000000"",""0.00013000""],[""82128.05000000"",""0.00790000""],[""82127.53000000"",""0.00008000""]],""lastUpdateId"":101228072726}"
1791514219,768585672,spot,depth_diff,0,0,1587,BTCUSDT,"{""E"":1791514219714,""U"":101228072511,""a"":[[""82128.10000000"",""5.65447000""],[""82128.11000000"",""0.00013000""],[""82128.54000000"",""0.00007000""],[""82128.92000000"",""0.00014000""],[""82128.93000000"",""1.24376000""],[""82128.98000000"",""0.00214000""],[""82128.99000000"",""14.28184000""],[""82130.43000000"",""0.00007000""],[""82131.61000000"",""0.00609000""],[""82131.86000000"",""0.00609000""],[""82132.49000000"",""0.00007000""],[""82132.55000000"",""0.00000000""],[""82133.82000000"",""0.00609000""],[""82137.05000000"",""0.00000000""],[""82137.84000000"",""0.00000000""],[""82138.30000000"",""0.00000000""],[""82138.62000000"",""0.00016000""],[""82139.38000000"",""0.00000000""],[""82139.70000000"",""0.00000000""],[""82139.84000000"",""0.34751000""],[""82140.82000000"",""0.00007000""],[""82141.79000000"",""0.09344000""],[""82144.69000000"",""0.32895000""],[""82145.61000000"",""0.00008000""],[""82147.53000000"",""0.00000000""],[""82148.68000000"",""0.00400000""],[""82154.08000000"",""0.00000000""],[""82156.17000000"",""0.62115000""],[""82165.16000000"",""0.00000000""],[""82165.52000000"",""0.53134000""],[""82167.22000000"",""0.00000000""],[""82191.48000000"",""0.43502000""],[""82197.40000000"",""0.00000000""]],""b"":[[""82128.09000000"",""1.29132000""],[""82127.05000000"",""0.00000000""],[""82126.82000000"",""0.00000000""],[""82125.94000000"",""0.00000000""],[""82125.03000000"",""0.00000000""],[""82124.55000000"",""0.00000000""],[""82124.28000000"",""0.00000000""],[""82123.81000000"",""0.37508000""],[""82123.80000000"",""0.05529000""],[""82123.32000000"",""0.00000000""],[""82122.97000000"",""0.00000000""],[""82122.55000000"",""0.00000000""],[""82122.54000000"",""0.00000000""],[""82122.03000000"",""0.00000000""],[""82121.91000000"",""0.00000000""],[""82121.57000000"",""0.00000000""],[""82121.56000000"",""0.00000000""],[""82121.52000000"",""0.00000000""],[""82121.51000000"",""0.00000000""],[""82121.17000000"",""0.02000000""],[""82120.75000000"",""0.00243000""],[""82120.12000000"",""0.00243000""],[""82120.05000000"",""0.00000000""],[""82120.02000000"",""0.00007000""],[""82119.88000000"",""0.00032000""],[""82119.87000000"",""0.36007000""],[""82119.48000000"",""0.00000000""],[""82119.47000000"",""0.12007000""],[""82119.15000000"",""0.00000000""],[""82118.97000000"",""0.00000000""],[""82118.89000000"",""0.00000000""],[""82118.87000000"",""0.00000000""],[""82118.45000000"",""0.00048000""],[""82118.14000000"",""0.00000000""],[""82118.00000000"",""0.00000000""],[""82117.79000000"",""0.00609000""],[""82116.63000000"",""0.00609000""],[""82116.22000000"",""0.00609000""],[""82115.64000000"",""0.00000000""],[""82114.58000000"",""0.00047000""],[""82114.39000000"",""0.00000000""],[""82113.55000000"",""0.13113000""],[""82113.30000000"",""0.00200000""],[""82112.46000000"",""0.00200000""],[""82112.32000000"",""0.00400000""],[""82110.59000000"",""0.00200000""],[""82109.55000000"",""0.00000000""],[""82107.96000000"",""0.00007000""],[""82105.18000000"",""0.00000000""],[""82103.36000000"",""0.00584000""],[""82102.12000000"",""0.00000000""],[""82101.85000000"",""0.00000000""],[""82101.77000000"",""0.52167000""],[""82101.31000000"",""0.00000000""],[""82098.96000000"",""0.00000000""],[""82097.77000000"",""0.30465000""],[""82095.88000000"",""0.30464000""],[""82095.29000000"",""0.32914000""],[""82081.68000000"",""0.00007000""],[""82078.10000000"",""0.00021000""],[""82075.83000000"",""1.02699000""],[""73915.00000000"",""0.00000000""]],""e"":""depthUpdate"",""s"":""BTCUSDT"",""u"":101228072726}"
1791514219,867600175,spot,depth5,0,0,1588,BTCUSDT,"{""asks"":[[""82128.10000000"",""8.44933000""],[""82128.11000000"",""0.00013000""],[""82128.12000000"",""0.00013000""],[""82128.54000000"",""0.00007000""],[""82128.64000000"",""0.00007000""]],""bids"":[[""82128.09000000"",""0.00221000""],[""82128.08000000"",""0.00914000""],[""82128.07000000"",""0.00013000""],[""82128.05000000"",""0.00790000""],[""82127.53000000"",""0.00008000""]],""lastUpdateId"":101228072949}"
1791514219,868640675,spot,depth_diff,0,0,1589,BTCUSDT,"{""E"":1791514219814,""U"":101228072727,""a"":[[""82128.10000000"",""8.44933000""],[""82128.92000000"",""0.44095000""],[""82128.93000000"",""1.24362000""],[""82128.98000000"",""0.00210000""],[""82128.99000000"",""16.13708000""],[""82129.45000000"",""0.00000000""],[""82129.82000000"",""0.00024000""],[""82130.14000000"",""0.00400000""],[""82130.64000000"",""0.00961000""],[""82131.61000000"",""0.00000000""],[""82131.86000000"",""0.00000000""],[""82132.49000000"",""0.00000000""],[""82133.82000000"",""0.00000000""],[""82134.40000000"",""1.23801000""],[""82134.53000000"",""1.03351000""],[""82137.54000000"",""0.32897000""],[""82137.56000000"",""1.85538000""],[""82138.26000000"",""0.00000000""],[""82139.70000000"",""0.03061000""],[""82140.54000000"",""0.36551000""],[""82141.79000000"",""0.00000000""],[""82142.27000000"",""0.30466000""],[""82145.47000000"",""0.32894000""],[""82145.91000000"",""0.02600000""],[""82147.24000000"",""0.00000000""],[""82153.41000000"",""0.00000000""],[""82158.87000000"",""0.00000000""],[""82159.39000000"",""0.00000000""],[""82160.35000000"",""0.00000000""],[""82161.71000000"",""0.00000000""],[""82163.10000000"",""0.00000000""],[""82167.90000000"",""0.09063000""],[""82177.96000000"",""0.00000000""],[""82212.44000000"",""3.65199000""],[""82308.27000000"",""0.00000000""],[""82346.06000000"",""0.00000000""]],""b"":[[""82128.09000000"",""0.00221000""],[""82125.82000000"",""0.00000000""],[""82125.02000000"",""0.00000000""],[""82125.01000000"",""0.00000000""],[""82124.99000000"",""0.00007000""],[""82124.15000000"",""0.00014000""],[""82123.98000000"",""0.00000000""],[""82123.97000000"",""0.00000000""],[""82123.96000000"",""0.00000000""],[""82123.81000000"",""0.00000000""],[""82123.80000000"",""0.00027000""],[""82121.90000000"",""0.00000000""],[""82121.55000000"",""0.00007000""],[""82121.54000000"",""0.16631000""],[""82121.50000000"",""0.20432000""],[""82121.17000000"",""0.00000000""],[""82120.87000000"",""0.15000000""],[""82120.75000000"",""0.00000000""],[""82120.12000000"",""0.00000000""],[""82120.02000000"",""0.00000000""],[""82119.87000000"",""0.00007000""],[""82119.47000000"",""0.12007000""],[""82118.97000000"",""0.02000000""],[""82118.28000000"",""0.00000000""],[""82118.13000000"",""0.04246000""],[""82117.99000000"",""0.00534000""],[""82117.79000000"",""0.00000000""],[""82117.69000000"",""0.09925000""],[""82117.68000000"",""0.00000000""],[""82117.23000000"",""0.03376000""],[""82116.65000000"",""0.09925000""],[""82116.63000000"",""0.00000000""],[""82116.23000000"",""0.09925000""],[""82116.22000000"",""0.00486000""],[""82116.21000000"",""0.00000000""],[""82115.76000000"",""0.00000000""],[""82115.31000000"",""0.00000000""],[""82115.30000000"",""0.00000000""],[""82114.57000000"",""0.09938000""],[""82114.38000000"",""0.00000000""],[""82114.09000000"",""0.00000000""],[""82113.55000000"",""0.00000000""],[""82113.53000000"",""0.09925000""],[""82113.30000000"",""0.00000000""],[""82112.49000000"",""0.09925000""],[""82112.46000000"",""0.00000000""],[""82112.32000000"",""0.00200000""],[""82112.31000000"",""0.00007000""],[""82112.27000000"",""0.09925000""],[""82112.26000000"",""0.23451000""],[""82112.25000000"",""0.19469000""],[""82111.50000000"",""0.00000000""],[""82110.51000000"",""0.00000000""],[""82110.41000000"",""0.09925000""],[""82110.09000000"",""0.00000000""],[""82109.78000000"",""0.09925000""],[""82109.55000000"",""0.00609000""],[""82109.50000000"",""0.00163000""],[""82109.45000000"",""0.00000000""],[""82109.42000000"",""0.00000000""],[""82109.38000000"",""0.00000000""],[""82109.18000000"",""0.00200000""],[""82108.35000000"",""0.09925000""],[""82108.03000000"",""1.18173000""],[""82108.02000000"",""1.05766000""],[""82108.00000000"",""0.00000000""],[""82107.80000000"",""0.00000000""],[""82107.24000000"",""0.00000000""],[""82106.48000000"",""0.00000000""],[""82105.91000000"",""0.02400000""],[""82102.66000000"",""0.41799000""],[""82102.65000000"",""0.00000000""],[""82102.22000000"",""0.00000000""],[""82099.43000000"",""0.00000000""],[""82098.51000000"",""0.00000000""],[""82097.77000000"",""0.00000000""],[""82095.88000000"",""0.00000000""],[""82092.93000000"",""0.32915000""],[""82091.00000000"",""0.00400000""],[""82086.88000000"",""0.00400000""],[""82084.55000000"",""0.00000000""],[""82084.47000000"",""0.32919000""],[""82080.96000000"",""0.60964000""],[""82077.42000000"",""0.00007000""],[""82072.23000000"",""0.00000000""],[""82068.94000000"",""0.00824000""],[""82055.72000000"",""1.20745000""],[""82000.08000000"",""1.37972000""],[""81961.36000000"",""0.36000000""],[""73915.29000000"",""0.00135000""],[""65702.48000000"",""0.00210000""]],""e"":""depthUpdate"",""s"":""BTCUSDT"",""u"":101228072949}"
1791514219,964860677,spot,depth5,0,0,1590,BTCUSDT,"{""asks"":[[""82128.10000000"",""8.44692000""],[""82128.11000000"",""0.00013000""],[""82128.12000000"",""0.00013000""],[""82128.54000000"",""0.00007000""],[""82128.64000000"",""0.00007000""]],""bids"":[[""82128.09000000"",""0.00228000""],[""82128.08000000"",""0.00914000""],[""82128.07000000"",""0.00013000""],[""82128.05000000"",""0.00790000""],[""82127.53000000"",""0.00008000""]],""lastUpdateId"":101228073067}"
1791514219,965879377,spot,depth_diff,0,0,1591,BTCUSDT,"{""E"":1791514219914,""U"":101228072950,""a"":[[""82128.10000000"",""8.44692000""],[""82128.91000000"",""0.09544000""],[""82128.92000000"",""0.34751000""],[""82128.99000000"",""14.28170000""],[""82129.67000000"",""0.00609000""],[""82129.82000000"",""0.00000000""],[""82134.39000000"",""1.57044000""],[""82134.53000000"",""0.00000000""],[""82137.35000000"",""0.00000000""],[""82138.03000000"",""0.00000000""],[""82138.65000000"",""0.03652000""],[""82140.71000000"",""0.00000000""],[""82141.45000000"",""0.00000000""],[""82149.43000000"",""0.00000000""],[""82149.46000000"",""0.00914000""]],""b"":[[""82128.09000000"",""0.00228000""],[""82125.93000000"",""0.00000000""],[""82125.92000000"",""0.00000000""],[""82124.99000000"",""0.00000000""],[""82124.16000000"",""0.00014000""],[""82124.15000000"",""0.03557000""],[""82123.86000000"",""0.00007000""],[""82123.85000000"",""0.03652000""],[""82123.80000000"",""0.00020000""],[""82122.90000000"",""0.00007000""],[""82122.89000000"",""0.09925000""],[""82121.86000000"",""0.00000000""],[""82121.85000000"",""0.09939000""],[""82121.56000000"",""0.25244000""],[""82121.55000000"",""0.09925000""],[""82121.54000000"",""0.00000000""],[""82120.87000000"",""0.15007000""],[""82119.87000000"",""0.00007000""],[""82119.84000000"",""0.00000000""],[""82119.77000000"",""0.09925000""],[""82119.47000000"",""0.12014000""],[""82118.97000000"",""0.00000000""],[""82118.73000000"",""0.09925000""],[""82118.13000000"",""0.04253000""],[""82117.78000000"",""0.00000000""],[""82117.69000000"",""0.09932000""],[""82117.23000000"",""0.11832000""],[""82117.22000000"",""0.04234000""],[""82115.76000000"",""0.00000000""],[""82115.57000000"",""0.02000000""],[""82114.59000000"",""0.00609000""],[""82112.88000000"",""0.00609000""],[""82112.50000000"",""0.88543000""],[""82112.43000000"",""0.00000000""],[""82112.29000000"",""0.00000000""],[""82112.28000000"",""1.58200000""],[""82112.27000000"",""0.00000000""],[""82112.26000000"",""0.00000000""],[""82111.50000000"",""0.00007000""],[""82110.41000000"",""0.00000000""],[""82110.24000000"",""0.00389000""],[""82109.78000000"",""0.00000000""],[""82109.38000000"",""0.13449000""],[""82108.35000000"",""0.00000000""],[""82108.03000000"",""1.08248000""],[""82107.24000000"",""0.00007000""],[""82103.36000000"",""0.00400000""],[""82101.85000000"",""0.30467000""],[""82101.61000000"",""0.36569000""],[""82097.77000000"",""0.30467000""],[""82093.10000000"",""0.30467000""],[""82089.03000000"",""0.30467000""],[""82088.94000000"",""0.00400000""],[""82081.19000000"",""0.00184000""],[""82080.96000000"",""0.00000000""],[""82080.70000000"",""0.00400000""],[""82071.37000000"",""0.00000000""],[""82069.18000000"",""0.00389000""],[""82066.46000000"",""0.00000000""],[""82038.52000000"",""0.00000000""],[""82036.34000000"",""0.00389000""],[""82030.61000000"",""0.00000000""],[""80896.17000000"",""0.00072000""]],""e"":""depthUpdate"",""s"":""BTCUSDT"",""u"":101228073067}"
1791514220,6550878,spot,trade,0,0,1592,BTCUSDT,"{""E"":1791514219938,""M"":true,""T"":1791514219938,""e"":""trade"",""m"":true,""p"":""82128.09000000"",""q"":""0.00008000"",""s"":""BTCUSDT"",""t"":6750016325}"
1791514220,19030578,spot,trade,0,0,1593,BTCUSDT,"{""E"":1791514219938,""M"":true,""T"":1791514219938,""e"":""trade"",""m"":true,""p"":""82128.09000000"",""q"":""0.00013000"",""s"":""BTCUSDT"",""t"":6750016326}"
1791514220,25362278,spot,trade,0,0,1594,BTCUSDT,"{""E"":1791514219938,""M"":true,""T"":1791514219938,""e"":""trade"",""m"":true,""p"":""82128.09000000"",""q"":""0.00004000"",""s"":""BTCUSDT"",""t"":6750016327}"
1791514220,65856079,spot,depth5,0,0,1595,BTCUSDT,"{""asks"":[[""82128.10000000"",""7.20405000""],[""82128.11000000"",""0.00013000""],[""82128.12000000"",""0.00013000""],[""82128.54000000"",""0.00007000""],[""82128.56000000"",""0.00936000""]],""bids"":[[""82128.09000000"",""0.51268000""],[""82128.08000000"",""0.00956000""],[""82128.07000000"",""0.00013000""],[""82128.05000000"",""0.00790000""],[""82127.53000000"",""0.00008000""]],""lastUpdateId"":101228073227}"
1791514220,66557979,spot,depth_diff,0,0,1596,BTCUSDT,"{""E"":1791514220014,""U"":101228073068,""a"":[[""82128.10000000"",""7.20405000""],[""82128.56000000"",""0.00936000""],[""82128.89000000"",""0.00014000""],[""82128.90000000"",""0.00000000""],[""82128.91000000"",""0.00200000""],[""82128.92000000"",""0.00014000""],[""82128.93000000"",""1.24376000""],[""82128.98000000"",""0.00224000""],[""82128.99000000"",""14.27571000""],[""82130.63000000"",""0.00609000""],[""82130.75000000"",""0.00200000""],[""82137.54000000"",""0.00000000""],[""82141.59000000"",""0.00007000""],[""82141.79000000"",""0.09344000""],[""82142.27000000"",""0.00000000""],[""82147.24000000"",""0.10878000""],[""82149.46000000"",""0.00000000""],[""82150.00000000"",""0.61002000""],[""82159.06000000"",""0.44399000""],[""82159.07000000"",""0.00000000""],[""82166.43000000"",""0.00007000""],[""82182.86000000"",""0.00007000""],[""82199.29000000"",""0.00007000""],[""82200.11000000"",""0.31549000""],[""82201.02000000"",""0.32872000""],[""82202.75000000"",""0.00007000""],[""82211.13000000"",""0.00007000""],[""82215.72000000"",""0.00007000""],[""82232.15000000"",""0.00007000""],[""82248.58000000"",""0.00039000""],[""82265.01000000"",""0.00007000""],[""82281.44000000"",""0.00007000""],[""82297.87000000"",""0.00007000""],[""82314.30000000"",""0.00007000""],[""82330.73000000"",""0.00007000""],[""82347.16000000"",""0.00007000""],[""82363.59000000"",""0.00007000""],[""82380.02000000"",""0.00007000""]],""b"":[[""82128.09000000"",""0.51268000""],[""82128.08000000"",""0.00956000""],[""82126.01000000"",""0.09925000""],[""82124.98000000"",""0.00014000""],[""82124.97000000"",""0.09925000""],[""82124.15000000"",""0.07307000""],[""82123.94000000"",""0.00007000""],[""82123.93000000"",""0.09925000""],[""82123.09000000"",""0.00516000""],[""82122.90000000"",""0.00000000""],[""82121.44000000"",""0.00958000""],[""82120.87000000"",""0.15014000""],[""82119.87000000"",""0.36007000""],[""82118.13000000"",""0.04232000""],[""82117.69000000"",""0.09925000""],[""82117.68000000"",""0.10878000""],[""82117.24000000"",""1.58200000""],[""82116.93000000"",""0.00007000""],[""82116.26000000"",""0.00200000""],[""82115.76000000"",""0.00007000""],[""82113.55000000"",""0.13449000""],[""82112.52000000"",""0.09925000""],[""82112.51000000"",""0.34751000""],[""82112.49000000"",""0.00000000""],[""82112.29000000"",""0.00000000""],[""82109.38000000"",""0.00000000""],[""82101.85000000"",""0.00000000""],[""82100.71000000"",""0.00007000""],[""82093.10000000"",""0.00000000""],[""82084.82000000"",""0.00400000""],[""82084.28000000"",""0.00007000""],[""82082.76000000"",""0.00000000""],[""82080.70000000"",""0.00000000""],[""82077.42000000"",""0.00000000""],[""82067.85000000"",""0.00007000""],[""82051.42000000"",""0.00007000""],[""82034.99000000"",""0.00007000""],[""82018.56000000"",""0.00007000""],[""82009.16000000"",""0.46019000""],[""82002.13000000"",""0.00007000""],[""81985.70000000"",""0.00007000""],[""81969.27000000"",""0.00007000""],[""81952.84000000"",""0.00007000""],[""81936.41000000"",""0.00007000""],[""81919.98000000"",""0.00007000""],[""81903.55000000"",""0.00007000""],[""81887.12000000"",""0.00007000""],[""81870.69000000"",""0.00007000""],[""73915.29000000"",""0.00150000""],[""73915.28000000"",""0.00008000""],[""65702.48000000"",""0.00300000""],[""43219.20000000"",""0.00035000""]],""e"":""depthUpdate"",""s"":""BTCUSDT"",""u"":101228073227}"
1791514220,171501982,spot,depth5,0,0,1597,BTCUSDT,"{""asks"":[[""82128.10000000"",""7.20496000""],[""82128.11000000"",""0.00062000""],[""82128.12000000"",""0.00013000""],[""82128.54000000"",""0.00007000""],[""82128.64000000"",""0.00007000""]],""bids"":[[""82128.09000000"",""0.69132000""],[""82128.08000000"",""0.00956000""],[""82128.07000000"",""0.00013000""],[""82128.05000000"",""0.00790000""],[""82127.53000000"",""0.00008000""]],""lastUpdateId"":101228073318}"
1791514220,207933783,spot,depth_diff,0,0,1598,BTCUSDT,"{""E"":1791514220114,""U"":101228073228,""a"":[[""82128.10000000"",""7.20496000""],[""82128.11000000"",""0.00062000""],[""82128.56000000"",""0.00000000""],[""82128.89000000"",""0.00000000""],[""82128.99000000"",""14.27578000""],[""82129.67000000"",""0.00000000""],[""82131.27000000"",""0.00609000""],[""83360.03000000"",""0.00073000""]],""b"":[[""82128.09000000"",""0.69132000""],[""82128.08000000"",""0.00956000""],[""82126.03000000"",""0.00014000""],[""82126.02000000"",""0.14243000""],[""82125.47000000"",""0.00000000""],[""82124.16000000"",""0.00000000""],[""82124.15000000"",""0.00014000""],[""82123.94000000"",""0.00007000""],[""82123.86000000"",""0.00000000""],[""82120.02000000"",""0.00007000""],[""82119.47000000"",""0.12007000""],[""82118.73000000"",""0.09925000""],[""82117.70000000"",""1.05366000""],[""82117.69000000"",""0.00000000""],[""82117.25000000"",""0.60329000""],[""82117.23000000"",""0.00000000""],[""82116.65000000"",""0.00000000""],[""82116.23000000"",""0.00000000""],[""82114.57000000"",""0.00013000""],[""82113.53000000"",""0.00000000""],[""82112.53000000"",""0.00400000""],[""82112.52000000"",""0.00000000""],[""82105.96000000"",""0.00184000""],[""82095.28000000"",""0.00200000""],[""82081.19000000"",""0.00000000""],[""81854.01000000"",""0.00000000""],[""81850.01000000"",""0.00756000""],[""80896.16000000"",""0.00030000""]],""e"":""depthUpdate"",""s"":""BTCUSDT"",""u"":101228073318}"
1791514220,283161085,spot,depth5,0,0,1599,BTCUSDT,"{""asks"":[[""82128.10000000"",""7.20496000""],[""82128.11000000"",""0.00062000""],[""82128.12000000"",""0.00013000""],[""82128.54000000"",""0.00007000""],[""82128.64000000"",""0.00007000""]],""bids"":[[""82128.09000000"",""0.66802000""],[""82128.08000000"",""0.00956000""],[""82128.07000000"",""0.00013000""],[""82128.05000000"",""0.00790000""],[""82127.53000000"",""0.00008000""]],""lastUpdateId"":101228073343}"
1791514220,299219685,spot,depth_diff,0,0,1600,BTCUSDT,"{""E"":1791514220214,""U"":101228073319,""a"":[],""b"":[[""82128.09000000"",""0.66802000""],[""82126.02000000"",""0.14229000""],[""82126.01000000"",""0.00000000""],[""82123.94000000"",""0.00014000""],[""82123.86000000"",""0.00007000""],[""82121.56000000"",""0.47540000""],[""82120.87000000"",""0.15007000""],[""82119.77000000"",""0.00000000""],[""82119.47000000"",""0.12014000""],[""82119.14000000"",""0.60888000""],[""82118.73000000"",""0.00007000""],[""82117.22000000"",""0.00000000""],[""82034.67000000"",""0.00000000""],[""81996.21000000"",""0.00000000""],[""81995.63000000"",""0.20018000""],[""80896.17000000"",""0.00072000""],[""65702.48000000"",""0.00270000""]],""e"":""depthUpdate"",""s"":""BTCUSDT"",""u"":101228073343}"
1791514220,351770486,spot,trade,0,0,1601,BTCUSDT,"{""E"":1791514220295,""M"":true,""T"":1791514220294,""e"":""trade"",""m"":false,""p"":""82128.10000000"",""q"":""0.00009000"",""s"":""BTCUSDT"",""t"":6750016328}"
1791514220,360037387,spot,trade,0,0,1602,BTCUSDT,"{""E"":1791514220298,""M"":true,""T"":1791514220297,""e"":""trade"",""m"":false,""p"":""82128.10000000"",""q"":""0.00019000"",""s"":""BTCUSDT"",""t"":6750016329}"
1791514220,366487487,spot,depth5,0,0,1603,BTCUSDT,"{""asks"":[[""82128.10000000"",""7.20468000""],[""82128.11000000"",""0.00062000""],[""82128.12000000"",""0.00013000""],[""82128.54000000"",""0.00007000""],[""82128.64000000"",""0.00007000""]],""bids"":[[""82128.09000000"",""0.66802000""],[""82128.08000000"",""0.00956000""],[""82128.07000000"",""0.00013000""],[""82128.05000000"",""0.00790000""],[""82127.53000000"",""0.00008000""]],""lastUpdateId"":101228073357}"
1791514220,370824787,spot,depth_diff,0,0,1604,BTCUSDT,"{""E"":1791514220314,""U"":101228073344,""a"":[[""82128.10000000"",""7.20468000""]],""b"":[[""82119.47000000"",""0.12007000""],[""82119.14000000"",""0.60895000""],[""82118.73000000"",""0.00000000""],[""82110.24000000"",""0.00000000""],[""82107.96000000"",""0.00396000""],[""82069.18000000"",""0.00000000""],[""82066.90000000"",""0.00389000""],[""82042.12000000"",""0.02400000""],[""82036.34000000"",""0.00000000""],[""82034.06000000"",""0.00389000""],[""73915.29000000"",""0.00165000""],[""73915.28000000"",""0.00000000""],[""73915.27000000"",""0.00008000""]],""e"":""depthUpdate"",""s"":""BTCUSDT"",""u"":101228073357}"
1791514220,464435689,spot,depth5,0,0,1605,BTCUSDT,"{""asks"":[[""82128.10000000"",""7.20475000""],[""82128.11000000"",""0.00062000""],[""82128.12000000"",""0.00013000""],[""82128.54000000"",""0.00007000""],[""82128.64000000"",""0.00007000""]],""bids"":[[""82128.09000000"",""0.69132000""],[""82128.08000000"",""0.00956000""],[""82128.07000000"",""0.00013000""],[""82128.05000000"",""0.00790000""],[""82127.53000000"",""0.00008000""]],""lastUpdateId"":101228073362}"
1791514220,490635090,spot,depth_diff,0,0,1606,BTCUSDT,"{""E"":1791514220414,""U"":101228073358,""a"":[[""82128.10000000"",""7.20475000""],[""82130.62000000"",""0.00200000""]],""b"":[[""82128.09000000"",""0.69132000""],[""80896.17000000"",""0.00064000""],[""65702.48000000"",""0.00240000""]],""e"":""depthUpdate"",""s"":""BTCUSDT"",""u"":101228073362}"
1791514220,570567192,spot,depth5,0,0,1607,BTCUSDT,"{""asks"":[[""82128.10000000"",""7.20475000""],[""82128.11000000"",""0.00062000""],[""82128.12000000"",""0.00013000""],[""82128.54000000"",""0.00007000""],[""82128.64000000"",""0.00007000""]],""bids"":[[""82128.09000000"",""0.69180000""],[""82128.08000000"",""0.00956000""],[""82128.07000000"",""0.00013000""],[""82128.05000000"",""0.00790000""],[""82127.53000000"",""0.00008000""]],""lastUpdateId"":101228073375}"
1791514220,590104792,spot,depth_diff,0,0,1608,BTCUSDT,"{""E"":1791514220514,""U"":101228073363,""a"":[[""82128.94000000"",""1.45556000""],[""82150.27000000"",""0.00000000""],[""82150.82000000"",""0.00200000""],[""82170.03000000"",""0.00000000""]],""b"":[[""82128.09000000"",""0.69180000""],[""82123.84000000"",""0.00963000""],[""82116.24000000"",""0.00048000""],[""82110.00000000"",""0.00019000""],[""82050.00000000"",""0.03175000""],[""80896.17000000"",""0.00072000""],[""65702.00000000"",""0.00000000""]],""e"":""depthUpdate"",""s"":""BTCUSDT"",""u"":101228073375}"
1791514220,665816794,spot,depth5,0,0,1609,BTCUSDT,"{""asks"":[[""82128.10000000"",""7.20468000""],[""82128.11000000"",""0.00062000""],[""82128.12000000"",""0.00013000""],[""82128.54000000"",""0.00007000""],[""82128.64000000"",""0.00007000""]],""bids"":[[""82128.09000000"",""0.66857000""],[""82128.08000000"",""0.00956000""],[""82128.07000000"",""0.00013000""],[""82128.05000000"",""0.00790000""],[""82127.53000000"",""0.00008000""]],""lastUpdateId"":101228073394}"
1791514220,688657195,spot,depth_diff,0,0,1610,BTCUSDT,"{""E"":1791514220614,""U"":101228073376,""a"":[[""82128.10000000"",""7.20468000""],[""82130.62000000"",""0.00000000""],[""82137.85000000"",""0.02243000""],[""82161.27000000"",""0.00133000""],[""82285.68000000"",""1.82587000""],[""82458.15000000"",""3.04697000""]],""b"":[[""82128.09000000"",""0.66857000""],[""82126.03000000"",""0.00026000""],[""82121.43000000"",""0.00243000""],[""82119.14000000"",""0.60888000""],[""82112.52000000"",""0.00200000""],[""82108.02000000"",""1.05566000""],[""81973.60000000"",""1.82575000""],[""81884.55000000"",""0.01907000""],[""81877.77000000"",""0.00000000""],[""81801.13000000"",""3.04697000""],[""73915.29000000"",""0.00180000""],[""65702.48000000"",""0.00210000""]],""e"":""depthUpdate"",""s"":""BTCUSDT"",""u"":101228073394}"
1791514220,730414696,spot,trade,0,0,1611,BTCUSDT,"{""E"":1791514220620,""M"":true,""T"":1791514220619,""e"":""trade"",""m"":true,""p"":""82128.09000000"",""q"":""0.00003000"",""s"":""BTCUSDT"",""t"":6750016330}"
1791514220,752512896,spot,trade,0,0,1612,BTCUSDT,"{""E"":1791514220620,""M"":true,""T"":1791514220619,""e"":""trade"",""m"":true,""p"":""82128.09000000"",""q"":""0.00158000"",""s"":""BTCUSDT"",""t"":6750016331}"
1791514220,786290897,spot,trade,0,0,1613,BTCUSDT,"{""E"":1791514220620,""M"":true,""T"":1791514220619,""e"":""trade"",""m"":true,""p"":""82128.09000000"",""q"":""0.00007000"",""s"":""BTCUSDT"",""t"":6750016332}"
1791514220,814529698,spot,trade,0,0,1614,BTCUSDT,"{""E"":1791514220620,""M"":true,""T"":1791514220619,""e"":""trade"",""m"":true,""p"":""82128.09000000"",""q"":""0.00007000"",""s"":""BTCUSDT"",""t"":6750016333}"
1791514220,858187399,spot,trade,0,0,1615,BTCUSDT,"{""E"":1791514220620,""M"":true,""T"":1791514220619,""e"":""trade"",""m"":true,""p"":""82128.09000000"",""q"":""0.00007000"",""s"":""BTCUSDT"",""t"":6750016334}"
1791514220,884486200,spot,trade,0,0,1616,BTCUSDT,"{""E"":1791514220620,""M"":true,""T"":1791514220619,""e"":""trade"",""m"":true,""p"":""82128.09000000"",""q"":""0.00007000"",""s"":""BTCUSDT"",""t"":6750016335}"
1791514220,891609900,spot,trade,0,0,1617,BTCUSDT,"{""E"":1791514220620,""M"":true,""T"":1791514220619,""e"":""trade"",""m"":true,""p"":""82128.09000000"",""q"":""0.01008000"",""s"":""BTCUSDT"",""t"":6750016336}"
1791514220,923123401,spot,depth5,0,0,1618,BTCUSDT,"{""asks"":[[""82128.10000000"",""7.20468000""],[""82128.11000000"",""0.00062000""],[""82128.12000000"",""0.00013000""],[""82128.54000000"",""0.00007000""],[""82128.64000000"",""0.00007000""]],""bids"":[[""82128.09000000"",""0.50168000""],[""82128.08000000"",""0.00956000""],[""82128.07000000"",""0.00013000""],[""82128.05000000"",""0.00790000""],[""82127.53000000"",""0.00008000""]],""lastUpdateId"":101228073499}"
1791514220,939746301,spot,depth_diff,0,0,1619,BTCUSDT,"{""E"":1791514220714,""U"":101228073395,""a"":[[""82128.10000000"",""7.20468000""],[""82128.11000000"",""0.00062000""],[""82140.82000000"",""0.00007000""]],""b"":[[""82128.09000000"",""0.50168000""],[""82121.24000000"",""0.00122000""],[""82116.66000000"",""0.00187000""],[""82116.26000000"",""0.00000000""],[""82107.96000000"",""0.00396000""],[""80896.17000000"",""0.00064000""],[""73915.27000000"",""0.00000000""]],""e"":""depthUpdate"",""s"":""BTCUSDT"",""u"":101228073499}"
1791514220,942519601,spot,depth5,0,0,1620,BTCUSDT,"{""asks"":[[""82128.10000000"",""7.20370000""],[""82128.11000000"",""0.00013000""],[""82128.12000000"",""0.00013000""],[""82128.54000000"",""0.00007000""],[""82128.64000000"",""0.00007000""]],""bids"":[[""82128.09000000"",""0.47838000""],[""82128.08000000"",""0.00956000""],[""82128.07000000"",""0.00013000""],[""82128.05000000"",""0.00790000""],[""82127.53000000"",""0.00008000""]],""lastUpdateId"":101228073531}"
1791514220,944849401,spot,depth_diff,0,0,1621,BTCUSDT,"{""E"":1791514220815,""U"":101228073500,""a"":[[""82128.10000000"",""7.20370000""],[""82128.11000000"",""0.00013000""]],""b"":[[""82128.09000000"",""0.47838000""],[""82115.94000000"",""0.00200000""],[""82078.10000000"",""0.00090000""],[""80896.17000000"",""0.00072000""],[""73915.29000000"",""0.00195000""],[""73915.00000000"",""0.00000000""],[""65702.48000000"",""0.00180000""],[""43219.20000000"",""0.00000000""]],""e"":""depthUpdate"",""s"":""BTCUSDT"",""u"":101228073531}"
1791514220,967260402,spot,depth5,0,0,1622,BTCUSDT,"{""asks"":[[""82128.10000000"",""7.20370000""],[""82128.11000000"",""0.00013000""],[""82128.12000000"",""0.00013000""],[""82128.54000000"",""0.00007000""],[""82128.64000000"",""0.00007000""]],""bids"":[[""82128.09000000"",""0.47900000""],[""82128.08000000"",""0.00956000""],[""82128.07000000"",""0.00013000""],[""82128.05000000"",""0.00790000""],[""82127.53000000"",""0.00008000""]],""lastUpdateId"":101228073535}"
1791514220,987419402,spot,depth_diff,0,0,1623,BTCUSDT,"{""E"":1791514220914,""U"":101228073532,""a"":[],""b"":[[""82128.09000000"",""0.47900000""],[""82051.48000000"",""0.00736000""],[""82046.17000000"",""0.02000000""]],""e"":""depthUpdate"",""s"":""BTCUSDT"",""u"":101228073535}"
1791514221,113952606,spot,trade,0,0,1624,BTCUSDT,"{""E"":1791514220985,""M"":true,""T"":1791514220985,""e"":""trade"",""m"":true,""p"":""82128.09000000"",""q"":""0.03160000"",""s"":""BTCUSDT"",""t"":6750016337}"
1791514221,122280006,spot,depth5,0,0,1625,BTCUSDT,"{""asks"":[[""82128.10000000"",""7.20882000""],[""82128.11000000"",""0.00013000""],[""82128.12000000"",""0.00013000""],[""82128.54000000"",""0.00007000""],[""82128.64000000"",""0.00007000""]],""bids"":[[""82128.09000000"",""0.44747000""],[""82128.08000000"",""0.00956000""],[""82128.07000000"",""0.00013000""],[""82128.05000000"",""0.00790000""],[""82127.53000000"",""0.00008000""]],""lastUpdateId"":101228073555}"
1791514221,138026206,spot,depth_diff,0,0,1626,BTCUSDT,"{""E"":1791514221014,""U"":101228073536,""a"":[[""82128.10000000"",""7.20882000""],[""82137.85000000"",""0.02000000""],[""82171.73000000"",""1.05644000""]],""b"":[[""82128.09000000"",""0.44747000""],[""82121.43000000"",""0.00000000""],[""82119.87000000"",""0.00007000""],[""82101.20000000"",""0.05679000""],[""82086.78000000"",""0.00000000""],[""81997.80000000"",""0.11763000""],[""80896.17000000"",""0.00072000""],[""73915.28000000"",""0.00008000""],[""65702.48000000"",""0.00270000""]],""e"":""depthUpdate"",""s"":""BTCUSDT"",""u"":101228073555}"
1791514221,170340407,spot,depth5,0,0,1627,BTCUSDT,"{""asks"":[[""82128.10000000"",""7.20882000""],[""82128.11000000"",""0.00013000""],[""82128.12000000"",""0.00013000""],[""82128.54000000"",""0.00007000""],[""82128.64000000"",""0.00007000""]],""bids"":[[""82128.09000000"",""0.44747000""],[""82128.08000000"",""0.00956000""],[""82128.07000000"",""0.00013000""],[""82128.05000000"",""0.00790000""],[""82127.53000000"",""0.00008000""]],""lastUpdateId"":101228073564}"
1791514221,209764608,spot,depth_diff,0,0,1628,BTCUSDT,"{""E"":1791514221114,""U"":101228073556,""a"":[[""82136.12000000"",""0.00243000""],[""82199.95000000"",""0.00007000""],[""82419.36000000"",""0.00007000""],[""83360.03000000"",""0.00073000""]],""b"":[[""82119.71000000"",""0.00243000""],[""80896.16000000"",""0.00030000""],[""73915.29000000"",""0.00210000""]],""e"":""depthUpdate"",""s"":""BTCUSDT"",""u"":101228073564}"
1791514221,264866810,spot,depth5,0,0,1629,BTCUSDT,"{""asks"":[[""82128.10000000"",""5.84796000""],[""82128.11000000"",""0.00062000""],[""82128.12000000"",""0.00013000""],[""82128.64000000"",""0.00007000""],[""82128.81000000"",""0.00516000""]],""bids"":[[""82128.09000000"",""3.47888000""],[""82128.08000000"",""0.00970000""],[""82128.07000000"",""0.00013000""],[""82128.05000000"",""0.00790000""],[""82127.53000000"",""0.00008000""]],""lastUpdateId"":101228073739}"
1791514221,266581610,spot,depth_diff,0,0,1630,BTCUSDT,"{""E"":1791514221214,""U"":101228073565,""a"":[[""82128.10000000"",""5.84796000""],[""82128.11000000"",""0.00062000""],[""82128.54000000"",""0.00000000""],[""82128.81000000"",""0.00516000""],[""82130.11000000"",""0.00000000""],[""82130.63000000"",""0.00000000""],[""82130.64000000"",""0.00000000""],[""82130.75000000"",""0.00000000""],[""82131.27000000"",""0.00000000""],[""82132.38000000"",""0.00609000""],[""82133.22000000"",""0.00609000""],[""82133.87000000"",""0.00200000""],[""82134.50000000"",""0.00609000""],[""82136.12000000"",""0.00000000""],[""82150.82000000"",""0.00000000""],[""82151.70000000"",""0.00200000""],[""82177.86000000"",""0.00000000""],[""82180.94000000"",""0.00304000""],[""82259.59000000"",""0.00000000""],[""82266.94000000"",""0.00121000""]],""b"":[[""82128.09000000"",""3.47888000""],[""82128.08000000"",""0.00970000""],[""82127.07000000"",""0.00014000""],[""82127.06000000"",""0.00000000""],[""82127.05000000"",""0.00000000""],[""82126.78000000"",""0.00000000""],[""82126.05000000"",""0.00000000""],[""82126.04000000"",""0.00000000""],[""82126.03000000"",""0.00014000""],[""82126.02000000"",""0.02654000""],[""82124.98000000"",""0.00000000""],[""82124.97000000"",""0.00000000""],[""82124.15000000"",""0.00007000""],[""82123.94000000"",""0.00000000""],[""82123.93000000"",""0.00000000""],[""82123.86000000"",""0.00014000""],[""82122.89000000"",""0.00000000""],[""82121.85000000"",""0.00007000""],[""82121.57000000"",""0.00014000""],[""82121.56000000"",""0.25244000""],[""82121.55000000"",""0.00000000""],[""82121.51000000"",""0.00007000""],[""82121.24000000"",""0.00000000""],[""82120.87000000"",""0.15007000""],[""82119.88000000"",""0.00032000""],[""82119.87000000"",""0.36007000""],[""82119.77000000"",""0.00000000""],[""82119.55000000"",""0.00200000""],[""82119.49000000"",""0.00486000""],[""82119.48000000"",""0.00000000""],[""82119.47000000"",""0.12007000""],[""82119.14000000"",""0.00000000""],[""82117.78000000"",""0.00400000""],[""82117.71000000"",""0.01000000""],[""82117.26000000"",""0.00656000""],[""82116.22000000"",""0.00000000""],[""82115.94000000"",""0.00000000""],[""82114.58000000"",""0.00000000""],[""82112.53000000"",""0.00000000""],[""82112.52000000"",""0.00000000""],[""82112.32000000"",""0.00000000""],[""82112.25000000"",""0.13292000""],[""82110.45000000"",""0.02420000""],[""82109.55000000"",""0.00000000""],[""82108.02000000"",""1.05366000""],[""82105.09000000"",""0.00012000""],[""82098.40000000"",""0.00000000""],[""82091.13000000"",""0.00031000""],[""82084.82000000"",""0.00000000""],[""82078.81000000"",""0.00034000""],[""65702.48000000"",""0.00240000""]],""e"":""depthUpdate"",""s"":""BTCUSDT"",""u"":101228073739}"
1791514221,366903413,spot,depth5,0,0,1631,BTCUSDT,"{""asks"":[[""82128.10000000"",""5.84796000""],[""82128.11000000"",""0.00069000""],[""82128.12000000"",""0.00013000""],[""82128.54000000"",""0.00007000""],[""82128.64000000"",""0.00007000""]],""bids"":[[""82128.09000000"",""2.51921000""],[""82128.08000000"",""0.00949000""],[""82128.07000000"",""0.00013000""],[""82128.05000000"",""0.00790000""],[""82127.53000000"",""0.00008000""]],""lastUpdateId"":101228073793}"
1791514221,367731413,spot,depth_diff,0,0,1632,BTCUSDT,"{""E"":1791514221314,""U"":101228073740,""a"":[[""82128.10000000"",""5.84796000""],[""82128.11000000"",""0.00069000""],[""82128.54000000"",""0.00007000""],[""82128.93000000"",""1.24975000""],[""82128.94000000"",""1.44909000""],[""82135.25000000"",""0.00243000""],[""82150.26000000"",""0.00000000""],[""82151.70000000"",""0.00000000""]],""b"":[[""82128.09000000"",""2.51921000""],[""82128.08000000"",""0.00949000""],[""82127.07000000"",""0.00000000""],[""82126.78000000"",""0.00014000""],[""82125.47000000"",""0.00014000""],[""82124.15000000"",""0.00021000""],[""82121.57000000"",""0.07443000""],[""82121.51000000"",""0.00000000""],[""82119.55000000"",""0.00000000""],[""82118.13000000"",""0.04239000""],[""82117.71000000"",""0.09925000""],[""82114.09000000"",""0.00600000""],[""82095.28000000"",""0.00000000""],[""81997.29000000"",""0.00000000""],[""80896.17000000"",""0.00064000""],[""73915.29000000"",""0.00225000""]],""e"":""depthUpdate"",""s"":""BTCUSDT"",""u"":101228073793}"
1791514221,465081416,spot,depth5,0,0,1633,BTCUSDT,"{""asks"":[[""82128.10000000"",""5.84810000""],[""82128.11000000"",""0.00069000""],[""82128.12000000"",""0.00013000""],[""82128.54000000"",""0.00007000""],[""82128.64000000"",""0.00007000""]],""bids"":[[""82128.09000000"",""2.72901000""],[""82128.08000000"",""0.00949000""],[""82128.07000000"",""0.00013000""],[""82128.05000000"",""0.00790000""],[""82127.53000000"",""0.00008000""]],""lastUpdateId"":101228073828}"
1791514221,465865816,spot,depth_diff,0,0,1634,BTCUSDT,"{""E"":1791514221414,""U"":101228073794,""a"":[[""82128.10000000"",""5.84810000""],[""82128.92000000"",""0.00000000""],[""82128.93000000"",""0.01413000""],[""82135.25000000"",""0.00000000""],[""82163.47000000"",""0.62323000""],[""82180.94000000"",""0.00304000""],[""82266.94000000"",""0.00121000""]],""b"":[[""82128.09000000"",""2.72901000""],[""82126.02000000"",""0.05290000""],[""82123.85000000"",""0.03666000""],[""82122.89000000"",""0.09932000""],[""82121.85000000"",""0.07450000""],[""82120.87000000"",""0.15014000""],[""82120.68000000"",""0.00243000""],[""82119.88000000"",""0.09957000""],[""82119.71000000"",""0.00000000""],[""82118.13000000"",""0.04232000""],[""82117.72000000"",""0.00400000""],[""82114.09000000"",""0.00200000""],[""82050.31000000"",""2.10376000""],[""82031.41000000"",""0.00000000""],[""65702.48000000"",""0.00210000""]],""e"":""depthUpdate"",""s"":""BTCUSDT"",""u"":101228073828}"
1791514221,567097718,spot,depth5,0,0,1635,BTCUSDT,"{""asks"":[[""82128.10000000"",""5.84810000""],[""82128.11000000"",""0.00069000""],[""82128.12000000"",""0.00013000""],[""82128.54000000"",""0.00007000""],[""82128.64000000"",""0.00007000""]],""bids"":[[""82128.09000000"",""2.72901000""],[""82128.08000000"",""0.00949000""],[""82128.07000000"",""0.00013000""],[""82128.05000000"",""0.00790000""],[""82127.53000000"",""0.00008000""]],""lastUpdateId"":101228073834}"
1791514221,571984219,spot,depth_diff,0,0,1636,BTCUSDT,"{""E"":1791514221514,""U"":101228073829,""a"":[],""b"":[[""82119.88000000"",""0.00032000""],[""82029.45000000"",""0.00000000""],[""65702.48000000"",""0.00330000""]],""e"":""depthUpdate"",""s"":""BTCUSDT"",""u"":101228073834}"
1791514221,665116321,spot,depth5,0,0,1637,BTCUSDT,"{""asks"":[[""82128.10000000"",""5.45210000""],[""82128.11000000"",""0.00062000""],[""82128.12000000"",""0.00013000""],[""82128.49000000"",""0.00014000""],[""82128.50000000"",""0.10682000""]],""bids"":[[""82128.09000000"",""3.72005000""],[""82128.08000000"",""0.00949000""],[""82128.07000000"",""0.00013000""],[""82127.53000000"",""0.00008000""],[""82127.30000000"",""0.00510000""]],""lastUpdateId"":101228073969}"
1791514221,667027621,spot,depth_diff,0,0,1638,BTCUSDT,"{""E"":1791514221614,""U"":101228073835,""a"":[[""82128.10000000"",""5.45210000""],[""82128.11000000"",""0.00062000""],[""82128.49000000"",""0.00014000""],[""82128.50000000"",""0.10682000""],[""82128.81000000"",""0.00000000""],[""82128.91000000"",""0.00200000""],[""82128.92000000"",""0.00600000""],[""82128.93000000"",""0.00613000""],[""82128.98000000"",""0.00014000""],[""82128.99000000"",""14.27578000""],[""82129.81000000"",""0.00196000""],[""82130.55000000"",""0.00000000""],[""82130.61000000"",""0.00000000""],[""82132.38000000"",""0.00000000""],[""82132.75000000"",""0.02000000""],[""82133.02000000"",""0.00000000""],[""82133.22000000"",""0.00000000""],[""82133.39000000"",""0.00975000""],[""82133.87000000"",""0.00000000""],[""82134.38000000"",""0.35607000""],[""82134.39000000"",""1.10781000""],[""82134.40000000"",""0.00239000""],[""82135.19000000"",""0.00609000""],[""82135.69000000"",""0.00609000""],[""82135.78000000"",""0.00200000""],[""82141.79000000"",""0.00000000""],[""82144.69000000"",""0.00000000""],[""82145.95000000"",""0.09344000""],[""82148.20000000"",""0.00000000""],[""82155.99000000"",""0.32890000""],[""82180.94000000"",""0.00304000""],[""82193.47000000"",""1.20563000""],[""82227.21000000"",""0.00000000""],[""82266.94000000"",""0.00121000""]],""b"":[[""82128.09000000"",""3.72005000""],[""82128.08000000"",""0.00949000""],[""82128.05000000"",""0.00000000""],[""82127.30000000"",""0.00510000""],[""82126.02000000"",""0.02654000""],[""82125.99000000"",""0.00970000""],[""82123.85000000"",""0.03652000""],[""82122.90000000"",""0.00243000""],[""82122.89000000"",""0.00000000""],[""82121.85000000"",""0.00007000""],[""82121.57000000"",""0.00000000""],[""82121.51000000"",""0.00609000""],[""82121.50000000"",""0.20439000""],[""82121.18000000"",""0.03061000""],[""82120.87000000"",""0.15007000""],[""82120.68000000"",""0.00000000""],[""82119.84000000"",""0.00400000""],[""82119.49000000"",""0.00243000""],[""82119.47000000"",""0.12007000""],[""82118.14000000"",""0.00047000""],[""82117.72000000"",""0.00800000""],[""82117.71000000"",""0.00000000""],[""82117.26000000"",""0.00609000""],[""82112.88000000"",""0.00000000""],[""82101.42000000"",""0.32912000""],[""82099.11000000"",""0.00200000""],[""82086.88000000"",""0.00000000""],[""82084.47000000"",""0.00000000""],[""82083.78000000"",""1.20704000""],[""82081.68000000"",""0.00000000""],[""82055.72000000"",""0.00000000""],[""80896.17000000"",""0.00064000""],[""73915.29000000"",""0.00240000""],[""65702.48000000"",""0.00300000""],[""65702.00000000"",""0.00000000""]],""e"":""depthUpdate"",""s"":""BTCUSDT"",""u"":101228073969}"
1791514221,776848324,spot,depth5,0,0,1639,BTCUSDT,"{""asks"":[[""82128.10000000"",""5.45203000""],[""82128.11000000"",""0.00069000""],[""82128.12000000"",""0.00013000""],[""82128.49000000"",""0.00014000""],[""82128.50000000"",""0.10682000""]],""bids"":[[""82128.09000000"",""3.72012000""],[""82128.08000000"",""0.00956000""],[""82128.07000000"",""0.00013000""],[""82127.53000000"",""0.00008000""],[""82127.30000000"",""0.00510000""]],""lastUpdateId"":101228073993}"
1791514221,781400124,spot,depth_diff,0,0,1640,BTCUSDT,"{""E"":1791514221714,""U"":101228073970,""a"":[[""82128.10000000"",""5.45203000""],[""82128.11000000"",""0.00069000""],[""82128.92000000"",""0.01187000""],[""82128.93000000"",""0.00014000""],[""82133.39000000"",""0.00000000""],[""82133.46000000"",""0.00936000""],[""82140.82000000"",""0.00007000""]],""b"":[[""82128.09000000"",""3.72012000""],[""82128.08000000"",""0.00956000""],[""82120.23000000"",""0.00200000""],[""82119.47000000"",""0.12000000""],[""82117.72000000"",""0.00200000""],[""82117.71000000"",""0.00200000""],[""82107.96000000"",""0.00396000""],[""75543.28000000"",""0.00014000""]],""e"":""depthUpdate"",""s"":""BTCUSDT"",""u"":101228073993}"
1791514221,864065127,spot,depth5,0,0,1641,BTCUSDT,"{""asks"":[[""82128.10000000"",""4.22398000""],[""82128.11000000"",""0.00069000""],[""82128.12000000"",""0.00013000""],[""82128.49000000"",""0.00014000""],[""82128.50000000"",""0.10682000""]],""bids"":[[""82128.09000000"",""3.72005000""],[""82128.08000000"",""0.00949000""],[""82128.07000000"",""0.00013000""],[""82127.53000000"",""0.00008000""],[""82127.30000000"",""0.00510000""]],""lastUpdateId"":101228074040}"
1791514221,864872627,spot,depth_diff,0,0,1642,BTCUSDT,"{""E"":1791514221814,""U"":101228073994,""a"":[[""82128.10000000"",""4.22398000""],[""82180.94000000"",""0.00304000""],[""82266.94000000"",""0.00121000""]],""b"":[[""82128.09000000"",""3.72005000""],[""82128.08000000"",""0.00949000""],[""82123.85000000"",""0.03659000""],[""82122.97000000"",""0.00243000""],[""82121.57000000"",""0.00000000""],[""82120.92000000"",""0.00609000""],[""82120.23000000"",""0.00000000""],[""82119.49000000"",""0.00000000""],[""82117.71000000"",""0.00200000""],[""82114.59000000"",""0.00000000""],[""81850.87000000"",""0.00756000""],[""81850.01000000"",""0.00000000""],[""80896.17000000"",""0.00056000""],[""65702.48000000"",""0.00270000""]],""e"":""depthUpdate"",""s"":""BTCUSDT"",""u"":101228074040}"
1791514221,963834930,spot,depth5,0,0,1643,BTCUSDT,"{""asks"":[[""82128.10000000"",""4.22398000""],[""82128.11000000"",""0.00069000""],[""82128.12000000"",""0.00013000""],[""82128.49000000"",""0.00014000""],[""82128.50000000"",""0.10682000""]],""bids"":[[""82128.09000000"",""3.71998000""],[""82128.08000000"",""0.00942000""],[""82128.07000000"",""0.00013000""],[""82127.53000000"",""0.00008000""],[""82127.30000000"",""0.00510000""]],""lastUpdateId"":101228074077}"
1791514221,965293430,spot,depth_diff,0,0,1644,BTCUSDT,"{""E"":1791514221914,""U"":101228074041,""a"":[[""82150.76000000"",""0.00000000""],[""82188.85000000"",""0.00832000""]],""b"":[[""82128.09000000"",""3.71998000""],[""82128.08000000"",""0.00942000""],[""82123.85000000"",""0.03652000""],[""82115.99000000"",""0.00449000""],[""82092.86000000"",""0.02000000""],[""80896.17000000"",""0.00064000""],[""73915.29000000"",""0.00255000""],[""73915.00000000"",""0.00000000""],[""65702.00000000"",""0.00200000""]],""e"":""depthUpdate"",""s"":""BTCUSDT"",""u"":101228074077}"
1791514222,65001932,spot,depth5,0,0,1645,BTCUSDT,"{""asks"":[[""82128.10000000"",""4.23845000""],[""82128.11000000"",""0.00069000""],[""82128.12000000"",""0.00013000""],[""82128.49000000"",""0.00014000""],[""82128.50000000"",""0.10682000""]],""bids"":[[""82128.09000000"",""3.75827000""],[""82128.08000000"",""0.00928000""],[""82128.07000000"",""0.00013000""],[""82127.53000000"",""0.00008000""],[""82127.30000000"",""0.00510000""]],""lastUpdateId"":101228074213}"
1791514222,65900032,spot,depth_diff,0,0,1646,BTCUSDT,"{""E"":1791514222014,""U"":101228074078,""a"":[[""82128.10000000"",""4.23845000""],[""82128.11000000"",""0.00069000""],[""82128.91000000"",""0.00000000""],[""82128.92000000"",""0.00000000""],[""82128.93000000"",""0.00814000""],[""82128.94000000"",""1.45496000""],[""82128.99000000"",""14.27585000""],[""82130.14000000"",""0.00000000""],[""82133.46000000"",""0.00000000""],[""82133.97000000"",""0.00000000""],[""82135.19000000"",""0.00000000""],[""82135.69000000"",""0.00000000""],[""82137.15000000"",""0.00678000""],[""82137.84000000"",""0.00609000""],[""82138.12000000"",""0.00191000""],[""82138.61000000"",""0.00609000""],[""82138.65000000"",""0.00000000""],[""82139.70000000"",""0.00000000""],[""82140.66000000"",""0.09808000""],[""82156.24000000"",""0.00200000""],[""82159.06000000"",""0.00000000""],[""82159.97000000"",""0.00000000""],[""82163.46000000"",""1.14602000""],[""82165.74000000"",""0.00000000""],[""82166.05000000"",""0.38851000""],[""82169.28000000"",""0.00400000""],[""82180.94000000"",""0.00304000""],[""82266.94000000"",""0.00121000""],[""82346.06000000"",""0.03061000""]],""b"":[[""82128.09000000"",""3.75827000""],[""82128.08000000"",""0.00928000""],[""82126.02000000"",""0.02661000""],[""82125.87000000"",""0.00014000""],[""82125.86000000"",""0.03652000""],[""82124.28000000"",""0.00007000""],[""82124.15000000"",""0.00014000""],[""82123.86000000"",""0.00000000""],[""82123.85000000"",""0.00000000""],[""82123.27000000"",""0.00200000""],[""82122.89000000"",""0.00000000""],[""82121.90000000"",""0.00400000""],[""82121.86000000"",""0.00000000""],[""82121.85000000"",""0.00007000""],[""82121.57000000"",""0.00000000""],[""82120.87000000"",""0.15007000""],[""82119.88000000"",""0.00032000""],[""82118.73000000"",""0.00000000""],[""82117.71000000"",""0.00200000""],[""82116.66000000"",""0.00000000""],[""82113.28000000"",""0.03283000""],[""82112.52000000"",""0.00010000""],[""82110.45000000"",""0.00000000""],[""82109.56000000"",""0.36565000""],[""82109.18000000"",""0.00000000""],[""82108.45000000"",""0.32909000""],[""82088.94000000"",""0.00000000""],[""82086.44000000"",""0.00000000""],[""82047.62000000"",""0.06900000""],[""82046.34000000"",""0.00000000""],[""82035.59000000"",""0.00000000""],[""82030.74000000"",""0.99265000""],[""82030.73000000"",""0.00000000""],[""82000.09000000"",""0.54807000""],[""82000.08000000"",""1.05366000""],[""81961.36000000"",""0.00000000""],[""65702.48000000"",""0.00240000""],[""65702.00000000"",""0.00000000""]],""e"":""depthUpdate"",""s"":""BTCUSDT"",""u"":101228074213}"
1791514222,166153236,spot,depth5,0,0,1647,BTCUSDT,"{""asks"":[[""82128.10000000"",""4.23845000""],[""82128.11000000"",""0.00062000""],[""82128.12000000"",""0.00013000""],[""82128.49000000"",""0.00014000""],[""82128.50000000"",""0.10682000""]],""bids"":[[""82128.09000000"",""3.75806000""],[""82128.08000000"",""0.00914000""],[""82128.07000000"",""0.00013000""],[""82127.53000000"",""0.00008000""],[""82127.30000000"",""0.00510000""]],""lastUpdateId"":101228074237}"
1791514222,166959336,spot,depth_diff,0,0,1648,BTCUSDT,"{""E"":1791514222114,""U"":101228074214,""a"":[[""82128.10000000"",""4.23845000""],[""82128.11000000"",""0.00062000""],[""82134.15000000"",""0.00000000""],[""82161.27000000"",""0.00011000""],[""82167.22000000"",""0.00400000""],[""82169.28000000"",""0.00000000""],[""83360.03000000"",""0.00073000""]],""b"":[[""82128.09000000"",""3.75806000""],[""82128.08000000"",""0.00914000""],[""82120.85000000"",""0.00200000""],[""82117.71000000"",""0.00600000""],[""82088.75000000"",""0.02000000""],[""80896.17000000"",""0.00064000""],[""80896.16000000"",""0.00030000""],[""73915.29000000"",""0.00270000""]],""e"":""depthUpdate"",""s"":""BTCUSDT"",""u"":101228074237}"
1791514222,265123939,spot,depth5,0,0,1649,BTCUSDT,"{""asks"":[[""82128.10000000"",""4.23838000""],[""82128.11000000"",""0.00062000""],[""82128.12000000"",""0.00013000""],[""82128.64000000"",""0.00007000""],[""82128.92000000"",""0.00400000""]],""bids"":[[""82128.09000000"",""3.94245000""],[""82128.08000000"",""0.00914000""],[""82128.07000000"",""0.00013000""],[""82127.53000000"",""0.00008000""],[""82127.30000000"",""0.00510000""]],""lastUpdateId"":101228074342}"
1791514222,266305239,spot,depth_diff,0,0,1650,BTCUSDT,"{""E"":1791514222214,""U"":101228074238,""a"":[[""82128.10000000"",""4.23838000""],[""82128.11000000"",""0.00062000""],[""82128.49000000"",""0.00000000""],[""82128.50000000"",""0.00000000""],[""82128.54000000"",""0.00000000""],[""82128.92000000"",""0.00400000""],[""82128.93000000"",""0.00014000""],[""82128.98000000"",""0.00214000""],[""82129.81000000"",""0.00000000""],[""82131.75000000"",""0.00007000""],[""82132.75000000"",""0.00000000""],[""82132.80000000"",""0.00000000""],[""82133.04000000"",""0.00000000""],[""82133.28000000"",""0.03151000""],[""82134.37000000"",""0.25527000""],[""82134.39000000"",""0.00000000""],[""82134.50000000"",""0.00000000""],[""82134.95000000"",""0.02000000""],[""82136.56000000"",""0.00000000""],[""82136.60000000"",""0.00609000""],[""82137.56000000"",""0.00000000""],[""82141.31000000"",""0.00000000""],[""82163.10000000"",""0.00400000""],[""82180.94000000"",""0.00304000""],[""82220.39000000"",""0.09283000""],[""82266.94000000"",""0.00121000""]],""b"":[[""82128.09000000"",""3.94245000""],[""82125.86000000"",""0.03659000""],[""82123.96000000"",""0.00400000""],[""82123.27000000"",""0.00000000""],[""82122.89000000"",""0.00000000""],[""82121.85000000"",""0.09932000""],[""82121.57000000"",""0.00000000""],[""82121.56000000"",""0.74464000""],[""82121.51000000"",""1.58809000""],[""82120.87000000"",""0.15007000""],[""82120.85000000"",""0.00000000""],[""82119.88000000"",""0.00032000""],[""82119.87000000"",""0.36007000""],[""82119.72000000"",""0.00200000""],[""82118.73000000"",""0.00000000""],[""82118.53000000"",""0.00000000""],[""82118.06000000"",""0.00162000""],[""82117.72000000"",""0.00200000""],[""82109.50000000"",""0.00000000""],[""82092.05000000"",""0.02000000""],[""82091.00000000"",""0.00000000""],[""82043.56000000"",""1.05366000""],[""82043.54000000"",""0.00000000""],[""82035.07000000"",""0.00000000""],[""82034.23000000"",""0.00000000""],[""82030.75000000"",""0.99265000""],[""82030.74000000"",""0.00000000""],[""82030.72000000"",""0.00000000""],[""82030.71000000"",""0.00000000""],[""75543.28000000"",""0.00000000""],[""65702.48000000"",""0.00210000""]],""e"":""depthUpdate"",""s"":""BTCUSDT"",""u"":101228074342}"
1791514222,364853942,spot,depth5,0,0,1651,BTCUSDT,"{""asks"":[[""82128.10000000"",""4.23845000""],[""82128.11000000"",""0.00069000""],[""82128.12000000"",""0.00013000""],[""82128.54000000"",""0.00007000""],[""82128.64000000"",""0.00007000""]],""bids"":[[""82128.09000000"",""3.95186000""],[""82128.08000000"",""0.00914000""],[""82128.07000000"",""0.00013000""],[""82127.53000000"",""0.00008000""],[""82127.30000000"",""0.00510000""]],""lastUpdateId"":101228074363}"
1791514222,366254542,spot,depth_diff,0,0,1652,BTCUSDT,"{""E"":1791514222314,""U"":101228074343,""a"":[[""82128.10000000"",""4.23845000""],[""82128.11000000"",""0.00069000""],[""82128.54000000"",""0.00007000""],[""82128.92000000"",""0.00000000""],[""82128.93000000"",""0.00414000""],[""82132.80000000"",""0.00007000""],[""82133.28000000"",""0.03151000""],[""82152.55000000"",""0.00000000""]],""b"":[[""82128.09000000"",""3.95186000""],[""82115.99000000"",""0.00000000""],[""82111.46000000"",""0.00000000""],[""82013.11000000"",""0.00030000""],[""73915.28000000"",""0.00035000""]],""e"":""depthUpdate"",""s"":""BTCUSDT"",""u"":101228074363}"
1791514222,464889145,spot,depth5,0,0,1653,BTCUSDT,"{""asks"":[[""82128.10000000"",""4.23845000""],[""82128.11000000"",""0.00069000""],[""82128.12000000"",""0.00013000""],[""82128.54000000"",""0.00007000""],[""82128.64000000"",""0.00007000""]],""bids"":[[""82128.09000000"",""3.95186000""],[""82128.08000000"",""0.00914000""],[""82128.07000000"",""0.00013000""],[""82127.53000000"",""0.00008000""],[""82127.30000000"",""0.00510000""]],""lastUpdateId"":101228074381}"
1791514222,470535945,spot,depth_diff,0,0,1654,BTCUSDT,"{""E"":1791514222414,""U"":101228074364,""a"":[[""82128.10000000"",""4.23845000""],[""82128.11000000"",""0.00069000""],[""82128.93000000"",""0.00610000""],[""82128.94000000"",""1.44909000""],[""82128.99000000"",""14.28201000""],[""82152.58000000"",""0.00000000""],[""82243.07000000"",""0.34781000""]],""b"":[[""82078.94000000"",""0.02997000""],[""82042.06000000"",""0.02000000""],[""82034.75000000"",""0.00000000""],[""80896.17000000"",""0.00064000""],[""73915.29000000"",""0.00285000""],[""65702.48000000"",""0.00180000""],[""43219.20000000"",""0.00035000""]],""e"":""depthUpdate"",""s"":""BTCUSDT"",""u"":101228074381}"
1791514222,570706448,spot,depth5,0,0,1655,BTCUSDT,"{""asks"":[[""82128.10000000"",""4.03501000""],[""82128.11000000"",""0.00062000""],[""82128.12000000"",""0.00013000""],[""82128.64000000"",""0.00007000""],[""82128.93000000"",""0.00014000""]],""bids"":[[""82128.09000000"",""5.07022000""],[""82128.08000000"",""0.00914000""],[""82128.07000000"",""0.00013000""],[""82127.53000000"",""0.00008000""],[""82127.30000000"",""0.00510000""]],""lastUpdateId"":101228074530}"
1791514222,571318548,spot,depth_diff,0,0,1656,BTCUSDT,"{""E"":1791514222514,""U"":101228074382,""a"":[[""82128.10000000"",""4.03501000""],[""82128.11000000"",""0.00062000""],[""82128.54000000"",""0.00000000""],[""82128.93000000"",""0.00014000""],[""82128.98000000"",""0.00000000""],[""82128.99000000"",""7.62868000""],[""82133.28000000"",""0.03158000""],[""82133.45000000"",""0.00000000""],[""82134.95000000"",""0.10682000""],[""82136.39000000"",""0.00000000""],[""82136.40000000"",""0.00975000""],[""82137.16000000"",""0.02000000""],[""82137.84000000"",""0.00000000""],[""82138.61000000"",""0.00000000""],[""82140.54000000"",""0.00000000""],[""82140.81000000"",""0.00609000""],[""82141.31000000"",""0.00400000""],[""82141.43000000"",""0.00609000""],[""82141.47000000"",""0.00000000""],[""82141.62000000"",""0.00000000""],[""82141.79000000"",""0.00200000""],[""82141.89000000"",""0.00000000""],[""82142.95000000"",""0.00000000""],[""82143.74000000"",""0.00000000""],[""82143.95000000"",""0.04000000""],[""82144.82000000"",""0.00000000""],[""82145.47000000"",""0.00000000""],[""82156.24000000"",""0.00000000""],[""82156.67000000"",""0.60907000""],[""82157.34000000"",""0.00200000""],[""82160.28000000"",""0.32888000""],[""82161.45000000"",""0.05683000""],[""82164.92000000"",""0.00000000""],[""85010.45000000"",""0.00000000""]],""b"":[[""82128.09000000"",""5.07022000""],[""82126.86000000"",""0.01387000""],[""82126.85000000"",""0.03061000""],[""82126.78000000"",""0.00000000""],[""82125.86000000"",""0.03659000""],[""82124.39000000"",""0.00007000""],[""82124.38000000"",""0.02000000""],[""82124.15000000"",""0.00000000""],[""82121.85000000"",""0.00007000""],[""82121.57000000"",""0.34751000""],[""82121.56000000"",""0.74471000""],[""82121.52000000"",""0.99265000""],[""82120.87000000"",""0.15000000""],[""82119.87000000"",""0.36000000""],[""82117.71000000"",""0.00200000""],[""82116.24000000"",""0.00000000""],[""82115.57000000"",""0.00000000""],[""82112.52000000"",""0.00000000""],[""82107.56000000"",""0.39006000""],[""82099.11000000"",""0.00000000""],[""82098.40000000"",""0.09102000""],[""82092.93000000"",""0.00000000""],[""82085.94000000"",""0.00000000""],[""82038.38000000"",""0.00000000""],[""82030.75000000"",""0.00000000""],[""78767.41000000"",""0.00000000""],[""65702.48000000"",""0.00300000""],[""65702.00000000"",""0.00000000""]],""e"":""depthUpdate"",""s"":""BTCUSDT"",""u"":101228074530}"
1791514222,665576551,spot,depth5,0,0,1657,BTCUSDT,"{""asks"":[[""82128.10000000"",""2.71404000""],[""82128.11000000"",""0.00062000""],[""82128.12000000"",""0.00013000""],[""82128.54000000"",""0.00007000""],[""82128.64000000"",""0.00007000""]],""bids"":[[""82128.09000000"",""5.07265000""],[""82128.08000000"",""0.00914000""],[""82128.07000000"",""0.00013000""],[""82127.53000000"",""0.00008000""],[""82127.30000000"",""0.00510000""]],""lastUpdateId"":101228074570}"
1791514222,666470351,spot,depth_diff,0,0,1658,BTCUSDT,"{""E"":1791514222614,""U"":101228074531,""a"":[[""82128.10000000"",""2.71404000""],[""82128.54000000"",""0.00007000""],[""82128.98000000"",""0.00000000""],[""82128.99000000"",""7.88960000""],[""82133.28000000"",""0.03158000""],[""82134.18000000"",""0.00196000""],[""82135.78000000"",""0.00000000""],[""82136.40000000"",""0.00000000""],[""82136.59000000"",""0.01135000""],[""82141.31000000"",""0.00000000""],[""82141.79000000"",""0.00200000""],[""82142.84000000"",""0.00280000""],[""82143.95000000"",""0.04243000""],[""82157.34000000"",""0.00000000""]],""b"":[[""82128.09000000"",""5.07265000""],[""82121.58000000"",""0.00400000""],[""82117.72000000"",""0.00000000""],[""82117.71000000"",""0.00000000""],[""82046.27000000"",""0.02000000""],[""73915.29000000"",""0.00300000""],[""67300.00000000"",""1.07702000""],[""65702.48000000"",""0.00270000""]],""e"":""depthUpdate"",""s"":""BTCUSDT"",""u"":101228074570}"
1791514222,696564852,spot,trade,0,0,1659,BTCUSDT,"{""E"":1791514222642,""M"":true,""T"":1791514222642,""e"":""trade"",""m"":false,""p"":""82128.10000000"",""q"":""0.00008000"",""s"":""BTCUSDT"",""t"":6750016338}"
1791514222,764566254,spot,depth5,0,0,1660,BTCUSDT,"{""asks"":[[""82128.10000000"",""2.91996000""],[""82128.11000000"",""0.00062000""],[""82128.12000000"",""0.00013000""],[""82128.64000000"",""0.00007000""],[""82128.93000000"",""0.00014000""]],""bids"":[[""82128.09000000"",""5.07265000""],[""82128.08000000"",""0.00914000""],[""82128.07000000"",""0.00013000""],[""82127.53000000"",""0.00008000""],[""82127.30000000"",""0.00510000""]],""lastUpdateId"":101228074613}"
1791514222,765350554,spot,depth_diff,0,0,1661,BTCUSDT,"{""E"":1791514222714,""U"":101228074571,""a"":[[""82128.10000000"",""2.91996000""],[""82128.11000000"",""0.00062000""],[""82128.54000000"",""0.00000000""],[""82128.94000000"",""1.44902000""],[""82128.98000000"",""0.00000000""],[""82128.99000000"",""0.00021000""],[""82133.28000000"",""0.03158000""],[""82134.18000000"",""0.00000000""],[""82134.95000000"",""0.00000000""],[""82136.59000000"",""0.00171000""],[""82136.60000000"",""0.00000000""],[""82137.86000000"",""0.00200000""],[""82138.55000000"",""0.00609000""],[""82140.82000000"",""0.00000000""],[""82142.84000000"",""0.00480000""],[""82225.79000000"",""0.72684000""]],""b"":[[""82118.45000000"",""0.00000000""],[""82117.71000000"",""0.90950000""],[""82117.25000000"",""0.00000000""],[""82115.98000000"",""0.21921000""],[""82107.96000000"",""0.00389000""],[""80896.17000000"",""0.00064000""],[""73915.28000000"",""0.00027000""],[""73915.27000000"",""0.00008000""]],""e"":""depthUpdate"",""s"":""BTCUSDT"",""u"":101228074613}"
1791514222,864317057,spot,depth5,0,0,1662,BTCUSDT,"{""asks"":[[""82128.10000000"",""2.91989000""],[""82128.11000000"",""0.00062000""],[""82128.12000000"",""0.00013000""],[""82128.54000000"",""0.00007000""],[""82128.64000000"",""0.00007000""]],""bids"":[[""82128.09000000"",""5.07313000""],[""82128.08000000"",""0.00914000""],[""82128.07000000"",""0.00013000""],[""82127.53000000"",""0.00008000""],[""82127.30000000"",""0.00510000""]],""lastUpdateId"":101228074625}"
1791514222,865006057,spot,depth_diff,0,0,1663,BTCUSDT,"{""E"":1791514222814,""U"":101228074614,""a"":[[""82128.10000000"",""2.91989000""],[""82128.54000000"",""0.00007000""],[""82133.28000000"",""0.03151000""],[""82134.13000000"",""0.00196000""],[""82134.23000000"",""0.10682000""],[""82140.82000000"",""0.00007000""],[""82143.23000000"",""0.00196000""]],""b"":[[""82128.09000000"",""5.07313000""],[""82124.28000000"",""0.00000000""],[""82107.96000000"",""0.00396000""],[""65702.48000000"",""0.00240000""]],""e"":""depthUpdate"",""s"":""BTCUSDT"",""u"":101228074625}"
1791514222,965431760,spot,depth5,0,0,1664,BTCUSDT,"{""asks"":[[""82128.10000000"",""2.56003000""],[""82128.11000000"",""0.00062000""],[""82128.12000000"",""0.00013000""],[""82128.54000000"",""0.00007000""],[""82128.64000000"",""0.00007000""]],""bids"":[[""82128.09000000"",""5.07070000""],[""82128.08000000"",""0.00914000""],[""82128.07000000"",""0.00013000""],[""82127.53000000"",""0.00008000""],[""82127.30000000"",""0.00510000""]],""lastUpdateId"":101228074645}"
1791514222,966258460,spot,depth_diff,0,0,1665,BTCUSDT,"{""E"":1791514222914,""U"":101228074626,""a"":[[""82128.10000000"",""2.56003000""],[""82131.67000000"",""0.00616000""],[""82133.28000000"",""0.03151000""],[""82143.04000000"",""0.00243000""],[""82143.95000000"",""0.04000000""]],""b"":[[""82128.09000000"",""5.07070000""],[""82126.33000000"",""0.00243000""],[""82124.28000000"",""0.00007000""],[""82122.90000000"",""0.00000000""],[""82121.58000000"",""0.00800000""],[""82102.62000000"",""0.00200000""],[""82093.60000000"",""0.00760000""],[""82021.99000000"",""0.00000000""],[""80896.17000000"",""0.00056000""],[""73915.29000000"",""0.00315000""],[""65702.00000000"",""0.00000000""]],""e"":""depthUpdate"",""s"":""BTCUSDT"",""u"":101228074645}"
1791514222,987129561,spot,trade,0,0,1666,BTCUSDT,"{""E"":1791514222937,""M"":true,""T"":1791514222937,""e"":""trade"",""m"":false,""p"":""82128.10000000"",""q"":""0.00011000"",""s"":""BTCUSDT"",""t"":6750016339}"
1791514223,65090264,spot,depth5,0,0,1667,BTCUSDT,"{""asks"":[[""82128.10000000"",""2.55992000""],[""82128.11000000"",""0.00062000""],[""82128.12000000"",""0.00013000""],[""82128.54000000"",""0.00007000""],[""82128.64000000"",""0.00007000""]],""bids"":[[""82128.09000000"",""5.07070000""],[""82128.08000000"",""0.00914000""],[""82128.07000000"",""0.00013000""],[""82127.53000000"",""0.00008000""],[""82127.30000000"",""0.00510000""]],""lastUpdateId"":101228074659}"
1791514223,65838564,spot,depth_diff,0,0,1668,BTCUSDT,"{""E"":1791514223014,""U"":101228074646,""a"":[[""82128.10000000"",""2.55992000""]],""b"":[[""82123.98000000"",""0.00200000""],[""82115.98000000"",""0.00000000""],[""82101.77000000"",""0.00000000""],[""81862.68000000"",""0.00756000""],[""81850.87000000"",""0.00000000""],[""80896.17000000"",""0.00064000""],[""73915.27000000"",""0.00000000""],[""73915.00000000"",""0.00000000""],[""65702.48000000"",""0.00330000""]],""e"":""depthUpdate"",""s"":""BTCUSDT"",""u"":101228074659}"
1791514223,90163764,spot,trade,0,0,1669,BTCUSDT,"{""E"":1791514223034,""M"":true,""T"":1791514223034,""e"":""trade"",""m"":true,""p"":""82128.09000000"",""q"":""0.00604000"",""s"":""BTCUSDT"",""t"":6750016340}"
1791514223,168297367,spot,depth5,0,0,1670,BTCUSDT,"{""asks"":[[""82128.10000000"",""3.88102000""],[""82128.11000000"",""0.00062000""],[""82128.12000000"",""0.00013000""],[""82128.54000000"",""0.00007000""],[""82128.64000000"",""0.00007000""]],""bids"":[[""82128.09000000"",""5.06539000""],[""82128.08000000"",""0.00914000""],[""82128.07000000"",""0.00013000""],[""82127.53000000"",""0.00008000""],[""82127.30000000"",""0.00510000""]],""lastUpdateId"":101228074678}"
1791514223,168980567,spot,depth_diff,0,0,1671,BTCUSDT,"{""E"":1791514223114,""U"":101228074660,""a"":[[""82128.10000000"",""3.88102000""],[""82143.23000000"",""0.00000000""],[""82155.83000000"",""1.68921000""],[""82156.32000000"",""0.00000000""],[""83360.03000000"",""0.00073000""]],""b"":[[""82128.09000000"",""5.06539000""],[""82123.98000000"",""0.00000000""],[""82030.70000000"",""1.30779000""],[""81997.80000000"",""0.20037000""],[""80896.16000000"",""0.00030000""]],""e"":""depthUpdate"",""s"":""BTCUSDT"",""u"":101228074678}"
1791514223,264854970,spot,depth5,0,0,1672,BTCUSDT,"{""asks"":[[""82128.10000000"",""3.88102000""],[""82128.11000000"",""0.00062000""],[""82128.12000000"",""0.00013000""],[""82128.54000000"",""0.00007000""],[""82128.64000000"",""0.00007000""]],""bids"":[[""82128.09000000"",""5.06546000""],[""82128.08000000"",""0.00921000""],[""82128.07000000"",""0.00013000""],[""82127.53000000"",""0.00008000""],[""82127.30000000"",""0.00510000""]],""lastUpdateId"":101228074691}"
1791514223,265564170,spot,depth_diff,0,0,1673,BTCUSDT,"{""E"":1791514223214,""U"":101228074679,""a"":[[""82131.67000000"",""0.00000000""],[""82142.83000000"",""0.00196000""],[""82152.96000000"",""0.00000000""],[""82153.00000000"",""0.12188000""]],""b"":[[""82128.09000000"",""5.06546000""],[""82128.08000000"",""0.00921000""],[""82118.76000000"",""0.00047000""],[""82111.25000000"",""0.02000000""],[""82102.83000000"",""0.51511000""],[""80896.17000000"",""0.00056000""],[""73915.29000000"",""0.00330000""],[""65702.48000000"",""0.00300000""]],""e"":""depthUpdate"",""s"":""BTCUSDT"",""u"":101228074691}"
1791514223,364284674,spot,depth5,0,0,1674,BTCUSDT,"{""asks"":[[""82128.10000000"",""3.88082000""],[""82128.11000000"",""0.00062000""],[""82128.12000000"",""0.00013000""],[""82128.54000000"",""0.00007000""],[""82128.64000000"",""0.00007000""]],""bids"":[[""82128.09000000"",""5.06546000""],[""82128.08000000"",""0.00921000""],[""82128.07000000"",""0.00013000""],[""82127.53000000"",""0.00008000""],[""82127.30000000"",""0.00510000""]],""lastUpdateId"":101228074706}"
1791514223,364964574,spot,depth_diff,0,0,1675,BTCUSDT,"{""E"":1791514223314,""U"":101228074692,""a"":[[""82128.10000000"",""3.88082000""],[""82133.28000000"",""0.03158000""],[""82136.92000000"",""0.00976000""],[""82141.79000000"",""0.00600000""],[""82143.04000000"",""0.00000000""],[""82144.14000000"",""0.00243000""],[""82158.03000000"",""0.00200000""]],""b"":[[""82112.07000000"",""0.02400000""],[""82101.23000000"",""0.00000000""],[""80896.17000000"",""0.00064000""],[""43219.20000000"",""0.00000000""]],""e"":""depthUpdate"",""s"":""BTCUSDT"",""u"":101228074706}"
1791514223,466487677,spot,depth5,0,0,1676,BTCUSDT,"{""asks"":[[""82128.10000000"",""2.55985000""],[""82128.11000000"",""0.00062000""],[""82128.12000000"",""0.00013000""],[""82128.54000000"",""0.00007000""],[""82128.64000000"",""0.00007000""]],""bids"":[[""82128.09000000"",""5.06546000""],[""82128.08000000"",""0.00921000""],[""82128.07000000"",""0.00013000""],[""82128.05000000"",""0.00915000""],[""82127.53000000"",""0.00008000""]],""lastUpdateId"":101228074722}"
1791514223,467815577,spot,depth_diff,0,0,1677,BTCUSDT,"{""E"":1791514223414,""U"":101228074707,""a"":[[""82128.10000000"",""2.55985000""],[""82141.79000000"",""0.00200000""],[""82142.83000000"",""0.00000000""],[""82153.00000000"",""0.00000000""],[""82158.03000000"",""0.00000000""]],""b"":[[""82128.05000000"",""0.00915000""],[""82122.99000000"",""0.00000000""],[""82102.05000000"",""0.00000000""],[""73915.29000000"",""0.00345000""],[""73915.28000000"",""0.00000000""],[""65702.48000000"",""0.00270000""]],""e"":""depthUpdate"",""s"":""BTCUSDT"",""u"":101228074722}"
1791514223,570634381,spot,depth5,0,0,1678,BTCUSDT,"{""asks"":[[""82128.10000000"",""2.55985000""],[""82128.11000000"",""0.00062000""],[""82128.12000000"",""0.00013000""],[""82128.54000000"",""0.00007000""],[""82128.64000000"",""0.00007000""]],""bids"":[[""82128.09000000"",""5.06833000""],[""82128.08000000"",""0.00928000""],[""82128.07000000"",""0.00013000""],[""82128.05000000"",""0.00915000""],[""82127.53000000"",""0.00008000""]],""lastUpdateId"":101228074731}"
1791514223,575384481,spot,depth_diff,0,0,1679,BTCUSDT,"{""E"":1791514223514,""U"":101228074723,""a"":[[""82152.99000000"",""0.12188000""],[""82538.73000000"",""0.00020000""]],""b"":[[""82128.09000000"",""5.06833000""],[""82128.08000000"",""0.00928000""],[""82117.34000000"",""0.05692000""],[""80896.17000000"",""0.00064000""],[""78767.41000000"",""0.00010000""]],""e"":""depthUpdate"",""s"":""BTCUSDT"",""u"":101228074731}"
1791514223,673192384,spot,depth5,0,0,1680,BTCUSDT,"{""asks"":[[""82128.10000000"",""2.55985000""],[""82128.11000000"",""0.00062000""],[""82128.12000000"",""0.00013000""],[""82128.54000000"",""0.00007000""],[""82128.64000000"",""0.00007000""]],""bids"":[[""82128.09000000"",""5.06833000""],[""82128.08000000"",""0.00928000""],[""82128.07000000"",""0.00013000""],[""82128.05000000"",""0.00915000""],[""82127.53000000"",""0.00008000""]],""lastUpdateId"":101228074734}"
1791514223,706607285,spot,depth_diff,0,0,1681,BTCUSDT,"{""E"":1791514223614,""U"":101228074732,""a"":[[""82143.64000000"",""0.00196000""],[""82152.99000000"",""0.00000000""]],""b"":[[""65702.48000000"",""0.00240000""]],""e"":""depthUpdate"",""s"":""BTCUSDT"",""u"":101228074734}"
1791514223,713862586,spot,trade,0,0,1682,BTCUSDT,"{""E"":1791514223640,""M"":true,""T"":1791514223640,""e"":""trade"",""m"":false,""p"":""82128.10000000"",""q"":""0.00195000"",""s"":""BTCUSDT"",""t"":6750016341}"
1791514223,716336186,spot,trade,0,0,1683,BTCUSDT,"{""E"":1791514223640,""M"":true,""T"":1791514223640,""e"":""trade"",""m"":false,""p"":""82128.10000000"",""q"":""0.00100000"",""s"":""BTCUSDT"",""t"":6750016342}"
1791514223,769790388,spot,depth5,0,0,1684,BTCUSDT,"{""asks"":[[""82128.10000000"",""2.55690000""],[""82128.11000000"",""0.00062000""],[""82128.12000000"",""0.00013000""],[""82128.54000000"",""0.00007000""],[""82128.64000000"",""0.00007000""]],""bids"":[[""82128.09000000"",""5.06861000""],[""82128.08000000"",""0.00949000""],[""82128.07000000"",""0.00013000""],[""82128.05000000"",""0.00915000""],[""82127.53000000"",""0.00008000""]],""lastUpdateId"":101228074753}"
1791514223,782142988,spot,depth_diff,0,0,1685,BTCUSDT,"{""E"":1791514223714,""U"":101228074735,""a"":[[""82128.10000000"",""2.55690000""],[""82143.64000000"",""0.00596000""],[""82159.21000000"",""0.00200000""]],""b"":[[""82128.09000000"",""5.06861000""],[""82128.08000000"",""0.00949000""],[""82126.49000000"",""0.00243000""],[""82122.97000000"",""0.00000000""],[""73915.29000000"",""0.00368000""],[""65702.00000000"",""0.00000000""]],""e"":""depthUpdate"",""s"":""BTCUSDT"",""u"":101228074753}"
1791514223,868518891,spot,depth5,0,0,1686,BTCUSDT,"{""asks"":[[""82128.10000000"",""2.55690000""],[""82128.11000000"",""0.00062000""],[""82128.12000000"",""0.00013000""],[""82128.54000000"",""0.00007000""],[""82128.64000000"",""0.00007000""]],""bids"":[[""82128.09000000"",""5.06861000""],[""82128.08000000"",""0.00949000""],[""82128.07000000"",""0.00013000""],[""82128.05000000"",""0.00915000""],[""82127.53000000"",""0.00008000""]],""lastUpdateId"":101228074766}"
1791514223,882995991,spot,depth_diff,0,0,1687,BTCUSDT,"{""E"":1791514223814,""U"":101228074754,""a"":[[""82140.82000000"",""0.00007000""],[""82152.99000000"",""0.00000000""],[""85010.45000000"",""0.00010000""]],""b"":[[""82124.20000000"",""0.00200000""],[""82107.96000000"",""0.00396000""],[""80896.17000000"",""0.00072000""],[""65702.48000000"",""0.00210000""],[""65702.00000000"",""0.00000000""]],""e"":""depthUpdate"",""s"":""BTCUSDT"",""u"":101228074766}"
1791514223,964830494,spot,depth5,0,0,1688,BTCUSDT,"{""asks"":[[""82128.10000000"",""3.88977000""],[""82128.11000000"",""0.00062000""],[""82128.12000000"",""0.00013000""],[""82128.54000000"",""0.00007000""],[""82128.64000000"",""0.00007000""]],""bids"":[[""82128.09000000"",""5.06861000""],[""82128.08000000"",""0.00949000""],[""82128.07000000"",""0.00013000""],[""82128.05000000"",""0.00915000""],[""82127.53000000"",""0.00008000""]],""lastUpdateId"":101228074778}"
1791514223,973553095,spot,depth_diff,0,0,1689,BTCUSDT,"{""E"":1791514223914,""U"":101228074767,""a"":[[""82128.10000000"",""3.88977000""],[""82153.00000000"",""0.00000000""]],""b"":[[""82124.20000000"",""0.00000000""],[""73915.29000000"",""0.00368000""],[""65702.00000000"",""0.00200000""]],""e"":""depthUpdate"",""s"":""BTCUSDT"",""u"":101228074778}"
1791514224,69846998,spot,depth5,0,0,1690,BTCUSDT,"{""asks"":[[""82128.10000000"",""3.89140000""],[""82128.11000000"",""0.00062000""],[""82128.12000000"",""0.00013000""],[""82128.54000000"",""0.00007000""],[""82128.64000000"",""0.00007000""]],""bids"":[[""82128.09000000"",""5.07083000""],[""82128.08000000"",""0.00928000""],[""82128.07000000"",""0.00013000""],[""82128.05000000"",""0.00915000""],[""82127.53000000"",""0.00008000""]],""lastUpdateId"":101228074818}"
1791514224,71042898,spot,depth_diff,0,0,1691,BTCUSDT,"{""E"":1791514224014,""U"":101228074779,""a"":[[""82128.10000000"",""3.89140000""],[""82128.94000000"",""1.44902000""],[""82128.98000000"",""0.00000000""],[""82128.99000000"",""0.00021000""],[""82133.28000000"",""0.03158000""]],""b"":[[""82128.09000000"",""5.07083000""],[""82128.08000000"",""0.00928000""],[""82093.60000000"",""0.00000000""],[""82083.67000000"",""0.00744000""],[""82061.11000000"",""2.10376000""],[""82050.31000000"",""0.00000000""],[""82002.06000000"",""0.00025000""],[""81991.24000000"",""0.00000000""],[""68000.00000000"",""45.28022000""],[""65702.48000000"",""0.00300000""],[""65702.00000000"",""0.00000000""]],""e"":""depthUpdate"",""s"":""BTCUSDT"",""u"":101228074818}"
1791514224,90115899,spot,trade,0,0,1692,BTCUSDT,"{""E"":1791514224031,""M"":true,""T"":1791514224031,""e"":""trade"",""m"":false,""p"":""82128.10000000"",""q"":""0.00913000"",""s"":""BTCUSDT"",""t"":6750016343}"
1791514224,164590902,spot,depth5,0,0,1693,BTCUSDT,"{""asks"":[[""82128.10000000"",""3.88077000""],[""82128.11000000"",""0.00062000""],[""82128.12000000"",""0.00013000""],[""82128.54000000"",""0.00007000""],[""82128.64000000"",""0.00007000""]],""bids"":[[""82128.09000000"",""5.07069000""],[""82128.08000000"",""0.00921000""],[""82128.07000000"",""0.00013000""],[""82128.05000000"",""0.00915000""],[""82127.53000000"",""0.00008000""]],""lastUpdateId"":101228074837}"
1791514224,165442202,spot,depth_diff,0,0,1694,BTCUSDT,"{""E"":1791514224114,""U"":101228074819,""a"":[[""82128.10000000"",""3.88077000""],[""82152.88000000"",""0.00009000""],[""82160.27000000"",""0.33522000""],[""83360.03000000"",""0.00073000""]],""b"":[[""82128.09000000"",""5.07069000""],[""82128.08000000"",""0.00921000""],[""82062.19000000"",""1.59079000""],[""82035.07000000"",""0.02619000""],[""80896.17000000"",""0.00072000""],[""80896.16000000"",""0.00030000""],[""73915.29000000"",""0.00360000""],[""73915.28000000"",""0.00008000""],[""73915.00000000"",""0.00000000""]],""e"":""depthUpdate"",""s"":""BTCUSDT"",""u"":101228074837}"
1791514224,267954105,spot,depth5,0,0,1695,BTCUSDT,"{""asks"":[[""82128.10000000"",""4.02259000""],[""82128.11000000"",""0.00062000""],[""82128.12000000"",""0.00013000""],[""82128.54000000"",""0.00007000""],[""82128.64000000"",""0.00007000""]],""bids"":[[""82128.09000000"",""5.07069000""],[""82128.08000000"",""0.00921000""],[""82128.07000000"",""0.00013000""],[""82128.05000000"",""0.00915000""],[""82127.53000000"",""0.00008000""]],""lastUpdateId"":101228074845}"
1791514224,275817206,spot,depth_diff,0,0,1696,BTCUSDT,"{""E"":1791514224214,""U"":101228074838,""a"":[[""82128.10000000"",""4.02259000""],[""82129.00000000"",""51.46531000""]],""b"":[[""82123.20000000"",""0.00200000""],[""81868.01000000"",""0.00756000""],[""81862.68000000"",""0.00000000""],[""73915.29000000"",""0.00360000""],[""65702.48000000"",""0.00270000""]],""e"":""depthUpdate"",""s"":""BTCUSDT"",""u"":101228074845}"
1791514224,363484809,spot,depth5,0,0,1697,BTCUSDT,"{""asks"":[[""82128.10000000"",""4.02259000""],[""82128.11000000"",""0.00062000""],[""82128.12000000"",""0.00013000""],[""82128.54000000"",""0.00007000""],[""82128.64000000"",""0.00007000""]],""bids"":[[""82128.09000000"",""5.07069000""],[""82128.08000000"",""0.00921000""],[""82128.07000000"",""0.00013000""],[""82128.05000000"",""0.00915000""],[""82127.53000000"",""0.00008000""]],""lastUpdateId"":101228074856}"
1791514224,365534809,spot,depth_diff,0,0,1698,BTCUSDT,"{""E"":1791514224314,""U"":101228074846,""a"":[[""82141.79000000"",""0.00796000""],[""82143.64000000"",""0.00000000""],[""82152.91000000"",""0.00000000""]],""b"":[[""82091.85000000"",""0.12183000""],[""82091.46000000"",""0.02400000""],[""82057.78000000"",""0.00000000""],[""80896.17000000"",""0.00064000""]],""e"":""depthUpdate"",""s"":""BTCUSDT"",""u"":101228074856}"
1791514224,465411386,spot,depth5,0,0,1699,BTCUSDT,"{""asks"":[[""82128.10000000"",""4.02881000""],[""82128.11000000"",""0.00062000""],[""82128.12000000"",""0.00013000""],[""82128.54000000"",""0.00007000""],[""82128.64000000"",""0.00007000""]],""bids"":[[""82128.09000000"",""4.71069000""],[""82128.08000000"",""0.00921000""],[""82128.07000000"",""0.00013000""],[""82128.05000000"",""0.00915000""],[""82127.53000000"",""0.00008000""]],""lastUpdateId"":101228074884}"
1791514224,466454187,spot,depth_diff,0,0,1700,BTCUSDT,"{""E"":1791514224414,""U"":101228074857,""a"":[[""82128.10000000"",""4.02881000""],[""82128.94000000"",""1.44902000""],[""82128.98000000"",""0.00000000""],[""82128.99000000"",""0.00021000""],[""82133.28000000"",""0.03151000""],[""82141.79000000"",""0.00200000""],[""82155.83000000"",""1.30102000""],[""82161.04000000"",""0.00521000""]],""b"":[[""82128.09000000"",""4.71069000""],[""82126.49000000"",""0.00000000""],[""82126.33000000"",""0.00000000""],[""82124.55000000"",""0.00486000""],[""82123.20000000"",""0.00000000""],[""82035.06000000"",""0.00000000""],[""80896.17000000"",""0.00072000""],[""73915.29000000"",""0.00345000""],[""65702.48000000"",""0.00240000""]],""e"":""depthUpdate"",""s"":""BTCUSDT"",""u"":101228074884}"
1791514224,503379920,spot,trade,0,0,1701,BTCUSDT,"{""E"":1791514224452,""M"":true,""T"":1791514224452,""e"":""trade"",""m"":false,""p"":""82128.10000000"",""q"":""0.00095000"",""s"":""BTCUSDT"",""t"":6750016344}"
1791514224,565145776,spot,depth5,0,0,1702,BTCUSDT,"{""asks"":[[""82128.10000000"",""4.02786000""],[""82128.11000000"",""0.00062000""],[""82128.12000000"",""0.00013000""],[""82128.54000000"",""0.00007000""],[""82128.64000000"",""0.00007000""]],""bids"":[[""82128.09000000"",""4.71069000""],[""82128.08000000"",""0.00921000""],[""82128.07000000"",""0.00013000""],[""82128.05000000"",""0.00915000""],[""82127.53000000"",""0.00008000""]],""lastUpdateId"":101228074892}"
1791514224,565856177,spot,depth_diff,0,0,1703,BTCUSDT,"{""E"":1791514224514,""U"":101228074885,""a"":[[""82128.10000000"",""4.02786000""],[""82133.28000000"",""0.03158000""],[""82152.93000000"",""0.12188000""]],""b"":[[""82074.96000000"",""0.00250000""],[""82035.07000000"",""0.00000000""],[""73915.29000000"",""0.00360000""],[""73915.28000000"",""0.00000000""],[""43219.20000000"",""0.00035000""]],""e"":""depthUpdate"",""s"":""BTCUSDT"",""u"":101228074892}"
1791514224,663695165,spot,depth5,0,0,1704,BTCUSDT,"{""asks"":[[""82128.10000000"",""4.02786000""],[""82128.11000000"",""0.00062000""],[""82128.12000000"",""0.00013000""],[""82128.54000000"",""0.00007000""],[""82128.64000000"",""0.00007000""]],""bids"":[[""82128.09000000"",""4.71069000""],[""82128.08000000"",""0.00921000""],[""82128.07000000"",""0.00013000""],[""82128.05000000"",""0.00915000""],[""82127.53000000"",""0.00008000""]],""lastUpdateId"":101228074908}"
1791514224,664696466,spot,depth_diff,0,0,1705,BTCUSDT,"{""E"":1791514224614,""U"":101228074893,""a"":[[""82152.87000000"",""0.00000000""],[""82152.93000000"",""0.00000000""]],""b"":[[""82062.19000000"",""1.11294000""],[""82061.11000000"",""0.00000000""],[""82058.41000000"",""2.10376000""],[""80896.17000000"",""0.00072000""],[""65702.48000000"",""0.00210000""],[""65702.00000000"",""0.00200000""]],""e"":""depthUpdate"",""s"":""BTCUSDT"",""u"":101228074908}"
1791514224,766334958,spot,depth5,0,0,1706,BTCUSDT,"{""asks"":[[""82128.10000000"",""4.02786000""],[""82128.11000000"",""0.00062000""],[""82128.12000000"",""0.00013000""],[""82128.54000000"",""0.00007000""],[""82128.64000000"",""0.00007000""]],""bids"":[[""82128.09000000"",""5.07062000""],[""82128.08000000"",""0.00921000""],[""82128.07000000"",""0.00013000""],[""82128.05000000"",""0.00915000""],[""82127.53000000"",""0.00008000""]],""lastUpdateId"":101228074923}"
1791514224,767479859,spot,depth_diff,0,0,1707,BTCUSDT,"{""E"":1791514224714,""U"":101228074909,""a"":[[""82141.79000000"",""0.00200000""]],""b"":[[""82128.09000000"",""5.07062000""],[""82123.07000000"",""0.00200000""],[""82083.67000000"",""0.00000000""],[""82068.94000000"",""0.00000000""],[""79696.35000000"",""0.00000000""],[""73915.29000000"",""0.00360000""],[""65702.00000000"",""0.00000000""]],""e"":""depthUpdate"",""s"":""BTCUSDT"",""u"":101228074923}"
1791514224,865566448,spot,depth5,0,0,1708,BTCUSDT,"{""asks"":[[""82128.10000000"",""4.02786000""],[""82128.11000000"",""0.00062000""],[""82128.12000000"",""0.00013000""],[""82128.54000000"",""0.00007000""],[""82128.64000000"",""0.00007000""]],""bids"":[[""82128.09000000"",""5.07055000""],[""82128.08000000"",""0.00914000""],[""82128.07000000"",""0.00013000""],[""82128.05000000"",""0.00915000""],[""82127.53000000"",""0.00008000""]],""lastUpdateId"":101228074930}"
1791514224,866358848,spot,depth_diff,0,0,1709,BTCUSDT,"{""E"":1791514224814,""U"":101228074924,""a"":[[""82140.82000000"",""0.00007000""]],""b"":[[""82128.09000000"",""5.07055000""],[""82128.08000000"",""0.00914000""],[""82107.96000000"",""0.00396000""],[""79758.03000000"",""0.00000000""],[""65702.48000000"",""0.00180000""]],""e"":""depthUpdate"",""s"":""BTCUSDT"",""u"":101228074930}"
1791514224,964669937,spot,depth5,0,0,1710,BTCUSDT,"{""asks"":[[""82128.10000000"",""4.02786000""],[""82128.11000000"",""0.00062000""],[""82128.12000000"",""0.00013000""],[""82128.54000000"",""0.00007000""],[""82128.64000000"",""0.00007000""]],""bids"":[[""82128.09000000"",""4.71062000""],[""82128.08000000"",""0.00914000""],[""82128.07000000"",""0.00013000""],[""82128.05000000"",""0.00915000""],[""82127.53000000"",""0.00008000""]],""lastUpdateId"":101228074945}"
1791514224,965366038,spot,depth_diff,0,0,1711,BTCUSDT,"{""E"":1791514224914,""U"":101228074931,""a"":[],""b"":[[""82128.09000000"",""4.71062000""],[""82123.07000000"",""0.00000000""],[""82121.58000000"",""0.00400000""],[""82057.75000000"",""0.00720000""],[""81948.78000000"",""0.01907000""],[""81914.52000000"",""0.00000000""],[""81800.00000000"",""0.24469000""],[""80896.17000000"",""0.00072000""],[""79776.13000000"",""0.00000000""],[""73915.29000000"",""0.00345000""]],""e"":""depthUpdate"",""s"":""BTCUSDT"",""u"":101228074945}"
1791514225,93503854,spot,depth5,0,0,1712,BTCUSDT,"{""asks"":[[""82128.10000000"",""4.02786000""],[""82128.11000000"",""0.00062000""],[""82128.12000000"",""0.00013000""],[""82128.54000000"",""0.00007000""],[""82128.64000000"",""0.00007000""]],""bids"":[[""82128.09000000"",""4.71062000""],[""82128.08000000"",""0.00914000""],[""82128.07000000"",""0.00013000""],[""82128.05000000"",""0.00915000""],[""82127.53000000"",""0.00008000""]],""lastUpdateId"":101228074962}"
1791514225,95862956,spot,depth_diff,0,0,1713,BTCUSDT,"{""E"":1791514225014,""U"":101228074946,""a"":[[""82133.03000000"",""0.00523000""],[""82152.79000000"",""0.00000000""],[""82152.88000000"",""0.00009000""],[""84000.00000000"",""12.18454000""]],""b"":[[""82058.42000000"",""1.05366000""],[""82000.08000000"",""0.00000000""],[""79917.79000000"",""0.00000000""],[""79855.99000000"",""0.00000000""],[""79837.87000000"",""0.00000000""],[""73915.29000000"",""0.00360000""],[""65702.48000000"",""0.00270000""]],""e"":""depthUpdate"",""s"":""BTCUSDT"",""u"":101228074962}"
1791514225,137985694,spot,trade,0,0,1714,BTCUSDT,"{""E"":1791514225030,""M"":true,""T"":1791514225030,""e"":""trade"",""m"":true,""p"":""82128.09000000"",""q"":""0.00329000"",""s"":""BTCUSDT"",""t"":6750016345}"
1791514225,292594734,spot,depth5,0,0,1715,BTCUSDT,"{""asks"":[[""82128.10000000"",""4.02786000""],[""82128.11000000"",""0.00062000""],[""82128.12000000"",""0.00013000""],[""82128.64000000"",""0.00007000""],[""82128.93000000"",""0.00014000""]],""bids"":[[""82128.09000000"",""5.06726000""],[""82128.08000000"",""0.00914000""],[""82128.07000000"",""0.00013000""],[""82128.05000000"",""0.00915000""],[""82127.53000000"",""0.00008000""]],""lastUpdateId"":101228074995}"
1791514225,293828836,spot,depth_diff,0,0,1716,BTCUSDT,"{""E"":1791514225114,""U"":101228074963,""a"":[[""82128.10000000"",""4.02786000""],[""82128.54000000"",""0.00000000""],[""82129.00000000"",""51.45891000""],[""82133.28000000"",""0.03151000""],[""82134.13000000"",""0.00000000""],[""82134.23000000"",""0.00000000""],[""82134.74000000"",""0.00968000""],[""82141.79000000"",""0.00200000""],[""82142.84000000"",""0.00480000""],[""82152.93000000"",""0.12188000""],[""83360.03000000"",""0.00073000""]],""b"":[[""82128.09000000"",""5.06726000""],[""82122.92000000"",""0.00000000""],[""82121.58000000"",""0.00800000""],[""82058.43000000"",""1.06223000""],[""82057.77000000"",""0.00000000""],[""82034.01000000"",""0.01784000""],[""82000.09000000"",""0.32606000""],[""80896.16000000"",""0.00030000""],[""79997.79000000"",""0.00000000""],[""79935.93000000"",""0.00000000""],[""73915.28000000"",""0.00008000""]],""e"":""depthUpdate"",""s"":""BTCUSDT"",""u"":101228074995}"
1791514225,385569419,spot,depth5,0,0,1717,BTCUSDT,"{""asks"":[[""82128.10000000"",""3.88543000""],[""82128.11000000"",""0.00062000""],[""82128.12000000"",""0.00013000""],[""82128.54000000"",""0.00007000""],[""82128.64000000"",""0.00007000""]],""bids"":[[""82128.09000000"",""5.06740000""],[""82128.08000000"",""0.00921000""],[""82128.07000000"",""0.00013000""],[""82128.05000000"",""0.00915000""],[""82127.53000000"",""0.00008000""]],""lastUpdateId"":101228075015}"
1791514225,386413020,spot,depth_diff,0,0,1718,BTCUSDT,"{""E"":1791514225214,""U"":101228074996,""a"":[[""82128.10000000"",""3.88543000""],[""82128.54000000"",""0.00007000""],[""82152.93000000"",""0.00000000""],[""82161.04000000"",""0.00400000""]],""b"":[[""82128.09000000"",""5.06740000""],[""82128.08000000"",""0.00921000""],[""82118.76000000"",""0.00000000""],[""80896.17000000"",""0.00072000""],[""78021.69000000"",""0.00058000""],[""73915.29000000"",""0.00360000""],[""73915.00000000"",""0.00000000""],[""65702.48000000"",""0.00240000""]],""e"":""depthUpdate"",""s"":""BTCUSDT"",""u"":101228075015}"
1791514225,480031604,spot,depth5,0,0,1719,BTCUSDT,"{""asks"":[[""82128.10000000"",""4.02394000""],[""82128.11000000"",""0.00062000""],[""82128.12000000"",""0.00013000""],[""82128.54000000"",""0.00007000""],[""82128.64000000"",""0.00007000""]],""bids"":[[""82128.09000000"",""5.06788000""],[""82128.08000000"",""0.00921000""],[""82128.07000000"",""0.00013000""],[""82128.05000000"",""0.00915000""],[""82127.53000000"",""0.00008000""]],""lastUpdateId"":101228075020}"
1791514225,481503106,spot,depth_diff,0,0,1720,BTCUSDT,"{""E"":1791514225314,""U"":101228075016,""a"":[[""82128.10000000"",""4.02394000""],[""82137.79000000"",""0.00048000""]],""b"":[[""82128.09000000"",""5.06788000""]],""e"":""depthUpdate"",""s"":""BTCUSDT"",""u"":101228075020}"
1791514225,540698660,spot,trade,0,0,1721,BTCUSDT,"{""E"":1791514225338,""M"":true,""T"":1791514225338,""e"":""trade"",""m"":false,""p"":""82128.10000000"",""q"":""0.00136000"",""s"":""BTCUSDT"",""t"":6750016346}"
1791514225,590040104,spot,depth5,0,0,1722,BTCUSDT,"{""asks"":[[""82128.10000000"",""3.06298000""],[""82128.11000000"",""0.00062000""],[""82128.12000000"",""0.00013000""],[""82128.64000000"",""0.00007000""],[""82128.93000000"",""0.00014000""]],""bids"":[[""82128.09000000"",""5.06972000""],[""82128.08000000"",""0.00921000""],[""82128.07000000"",""0.00013000""],[""82128.05000000"",""0.00915000""],[""82127.53000000"",""0.00008000""]],""lastUpdateId"":101228075029}"
1791514225,592148806,spot,depth_diff,0,0,1723,BTCUSDT,"{""E"":1791514225414,""U"":101228075021,""a"":[[""82128.10000000"",""3.06298000""],[""82128.54000000"",""0.00000000""]],""b"":[[""82128.09000000"",""5.06972000""],[""82105.96000000"",""0.00000000""],[""80896.17000000"",""0.00064000""],[""73915.28000000"",""0.00000000""],[""73915.27000000"",""0.00008000""],[""65702.48000000"",""0.00210000""],[""43219.20000000"",""0.00000000""]],""e"":""depthUpdate"",""s"":""BTCUSDT"",""u"":101228075029}"
1791514225,620005431,spot,trade,0,0,1724,BTCUSDT,"{""E"":1791514225440,""M"":true,""T"":1791514225439,""e"":""trade"",""m"":false,""p"":""82128.10000000"",""q"":""0.00082000"",""s"":""BTCUSDT"",""t"":6750016347}"
1791514225,681379187,spot,depth5,0,0,1725,BTCUSDT,"{""asks"":[[""82128.10000000"",""3.05607000""],[""82128.11000000"",""0.00062000""],[""82128.12000000"",""0.00013000""],[""82128.64000000"",""0.00007000""],[""82128.93000000"",""0.00014000""]],""bids"":[[""82128.09000000"",""5.06972000""],[""82128.08000000"",""0.00921000""],[""82128.07000000"",""0.00013000""],[""82128.05000000"",""0.00915000""],[""82127.53000000"",""0.00008000""]],""lastUpdateId"":101228075044}"
1791514225,682781188,spot,depth_diff,0,0,1726,BTCUSDT,"{""E"":1791514225514,""U"":101228075030,""a"":[[""82128.10000000"",""3.05607000""],[""82143.23000000"",""0.00596000""]],""b"":[[""82123.75000000"",""0.00200000""],[""80896.17000000"",""0.00072000""],[""73915.29000000"",""0.00360000""],[""65702.48000000"",""0.00330000""],[""65702.00000000"",""0.00000000""]],""e"":""depthUpdate"",""s"":""BTCUSDT"",""u"":101228075044}"
1791514225,683806089,spot,trade,0,0,1727,BTCUSDT,"{""E"":1791514225515,""M"":true,""T"":1791514225514,""e"":""trade"",""m"":true,""p"":""82128.09000000"",""q"":""0.05600000"",""s"":""BTCUSDT"",""t"":6750016348}"
1791514225,789981786,spot,depth5,0,0,1728,BTCUSDT,"{""asks"":[[""82128.10000000"",""3.87860000""],[""82128.11000000"",""0.00062000""],[""82128.12000000"",""0.00013000""],[""82128.54000000"",""0.00007000""],[""82128.64000000"",""0.00007000""]],""bids"":[[""82128.09000000"",""5.01372000""],[""82128.08000000"",""0.00921000""],[""82128.07000000"",""0.00013000""],[""82127.53000000"",""0.00008000""],[""82127.30000000"",""0.00510000""]],""lastUpdateId"":101228075062}"
1791514225,795041790,spot,depth_diff,0,0,1729,BTCUSDT,"{""E"":1791514225614,""U"":101228075045,""a"":[[""82128.10000000"",""3.87860000""],[""82128.54000000"",""0.00007000""],[""82131.37000000"",""0.00596000""],[""82133.03000000"",""0.00000000""],[""82134.74000000"",""0.00000000""],[""82136.92000000"",""0.00000000""],[""82141.83000000"",""0.00000000""],[""82143.23000000"",""0.00196000""],[""82152.95000000"",""0.12188000""],[""82172.25000000"",""0.00000000""],[""82192.80000000"",""0.00000000""]],""b"":[[""82128.09000000"",""5.01372000""],[""82128.05000000"",""0.00000000""],[""82123.75000000"",""0.00000000""],[""82112.64000000"",""0.00000000""],[""82092.05000000"",""0.00000000""],[""82058.93000000"",""0.00000000""],[""65702.48000000"",""0.00300000""]],""e"":""depthUpdate"",""s"":""BTCUSDT"",""u"":101228075062}"
1791514225,845997636,spot,depth5,0,0,1730,BTCUSDT,"{""asks"":[[""82128.10000000"",""3.87853000""],[""82128.11000000"",""0.00062000""],[""82128.12000000"",""0.00013000""],[""82128.54000000"",""0.00007000""],[""82128.64000000"",""0.00007000""]],""bids"":[[""82128.09000000"",""5.01372000""],[""82128.08000000"",""0.00921000""],[""82128.07000000"",""0.00013000""],[""82127.53000000"",""0.00008000""],[""82127.30000000"",""0.00510000""]],""lastUpdateId"":101228075067}"
1791514225,846972337,spot,depth_diff,0,0,1731,BTCUSDT,"{""E"":1791514225714,""U"":101228075063,""a"":[[""82128.10000000"",""3.87853000""],[""82152.95000000"",""0.00000000""]],""b"":[[""80896.17000000"",""0.00064000""],[""73915.29000000"",""0.00360000""]],""e"":""depthUpdate"",""s"":""BTCUSDT"",""u"":101228075067}"
1791514225,865893355,spot,depth5,0,0,1732,BTCUSDT,"{""asks"":[[""82128.10000000"",""3.87853000""],[""82128.11000000"",""0.00062000""],[""82128.12000000"",""0.00013000""],[""82128.54000000"",""0.00007000""],[""82128.64000000"",""0.00007000""]],""bids"":[[""82128.09000000"",""5.01372000""],[""82128.08000000"",""0.00921000""],[""82128.07000000"",""0.00013000""],[""82127.53000000"",""0.00008000""],[""82127.30000000"",""0.00510000""]],""lastUpdateId"":101228075074}"
1791514225,869268858,spot,depth_diff,0,0,1733,BTCUSDT,"{""E"":1791514225814,""U"":101228075068,""a"":[[""82152.93000000"",""0.00000000""]],""b"":[[""81870.01000000"",""0.00756000""],[""81868.01000000"",""0.00000000""],[""80896.17000000"",""0.00072000""],[""65702.48000000"",""0.00270000""]],""e"":""depthUpdate"",""s"":""BTCUSDT"",""u"":101228075074}"
1791514225,952438033,spot,trade,0,0,1734,BTCUSDT,"{""E"":1791514225899,""M"":true,""T"":1791514225899,""e"":""trade"",""m"":true,""p"":""82128.09000000"",""q"":""0.00059000"",""s"":""BTCUSDT"",""t"":6750016349}"
1791514225,964939044,spot,depth5,0,0,1735,BTCUSDT,"{""asks"":[[""82128.10000000"",""3.33028000""],[""82128.11000000"",""0.00062000""],[""82128.12000000"",""0.00013000""],[""82128.64000000"",""0.00007000""],[""82128.93000000"",""0.00014000""]],""bids"":[[""82128.09000000"",""5.13556000""],[""82128.08000000"",""0.00914000""],[""82128.07000000"",""0.00013000""],[""82127.53000000"",""0.00008000""],[""82127.30000000"",""0.00510000""]],""lastUpdateId"":101228075156}"
1791514225,965719545,spot,depth_diff,0,0,1736,BTCUSDT,"{""E"":1791514225914,""U"":101228075075,""a"":[[""82128.10000000"",""3.33028000""],[""82128.54000000"",""0.00000000""],[""82131.37000000"",""0.00000000""],[""82132.80000000"",""0.00000000""],[""82133.28000000"",""0.03158000""],[""82134.00000000"",""0.00012000""],[""82134.38000000"",""0.00000000""],[""82135.67000000"",""0.00000000""],[""82135.71000000"",""0.00000000""],[""82136.31000000"",""0.35625000""],[""82137.58000000"",""0.00048000""],[""82138.55000000"",""0.00000000""],[""82139.84000000"",""0.00000000""],[""82140.82000000"",""0.00007000""],[""82140.97000000"",""0.00609000""],[""82142.84000000"",""0.00080000""],[""82143.23000000"",""0.00000000""],[""82143.65000000"",""0.00000000""],[""82143.95000000"",""0.00000000""],[""82144.14000000"",""0.00000000""],[""82144.44000000"",""0.00243000""],[""82144.45000000"",""0.00000000""],[""82144.49000000"",""0.00196000""],[""82144.62000000"",""0.00200000""],[""82145.11000000"",""0.00400000""],[""82145.26000000"",""0.00200000""],[""82145.95000000"",""0.00000000""],[""82151.24000000"",""0.09344000""],[""82153.87000000"",""0.00000000""],[""82154.09000000"",""0.00000000""],[""82159.21000000"",""0.00000000""],[""82165.52000000"",""0.00000000""],[""82166.06000000"",""0.00000000""],[""82171.34000000"",""0.00400000""],[""82560.16000000"",""0.00000000""],[""82668.41000000"",""0.20992000""]],""b"":[[""82128.09000000"",""5.13556000""],[""82128.08000000"",""0.00914000""],[""82126.87000000"",""0.00243000""],[""82126.02000000"",""0.03061000""],[""82124.77000000"",""0.00200000""],[""82124.55000000"",""0.00000000""],[""82124.39000000"",""0.00007000""],[""82120.87000000"",""0.15007000""],[""82119.47000000"",""0.00000000""],[""82107.96000000"",""0.00396000""],[""82102.83000000"",""0.51711000""],[""82102.62000000"",""0.00000000""],[""82095.12000000"",""0.00400000""],[""82094.96000000"",""0.00000000""],[""82093.06000000"",""0.00000000""],[""82061.11000000"",""2.10376000""],[""82058.41000000"",""0.00000000""],[""82021.99000000"",""0.00832000""],[""73915.27000000"",""0.00000000""]],""e"":""depthUpdate"",""s"":""BTCUSDT"",""u"":101228075156}"
1791514225,986099764,spot,trade,0,0,1737,BTCUSDT,"{""E"":1791514225935,""M"":true,""T"":1791514225934,""e"":""trade"",""m"":false,""p"":""82128.10000000"",""q"":""0.00013000"",""s"":""BTCUSDT"",""t"":6750016350}"
1791514226,69566140,spot,depth5,0,0,1738,BTCUSDT,"{""asks"":[[""82128.10000000"",""3.87805000""],[""82128.11000000"",""0.00062000""],[""82128.12000000"",""0.00013000""],[""82128.64000000"",""0.00007000""],[""82128.93000000"",""0.00014000""]],""bids"":[[""82128.09000000"",""5.13306000""],[""82128.08000000"",""0.00914000""],[""82128.07000000"",""0.00013000""],[""82127.53000000"",""0.00008000""],[""82127.30000000"",""0.00510000""]],""lastUpdateId"":101228075185}"
1791514226,70512240,spot,depth_diff,0,0,1739,BTCUSDT,"{""E"":1791514226014,""U"":101228075157,""a"":[[""82128.10000000"",""3.87805000""],[""82132.80000000"",""0.00007000""],[""82134.65000000"",""0.00000000""],[""82137.85000000"",""0.00000000""],[""82145.11000000"",""0.00000000""],[""82149.96000000"",""0.12000000""],[""82152.85000000"",""0.12188000""],[""82154.32000000"",""0.03655000""],[""82159.54000000"",""0.08284000""],[""82191.48000000"",""0.00000000""]],""b"":[[""82128.09000000"",""5.13306000""],[""82126.88000000"",""0.00243000""],[""82124.77000000"",""0.00000000""],[""82120.87000000"",""0.15000000""],[""82102.83000000"",""0.00200000""],[""82075.83000000"",""0.00000000""],[""82058.43000000"",""0.00000000""],[""80896.17000000"",""0.00072000""],[""73915.29000000"",""0.00360000""],[""65702.48000000"",""0.00240000""]],""e"":""depthUpdate"",""s"":""BTCUSDT"",""u"":101228075185}"
1791514226,74662744,spot,trade,0,0,1740,BTCUSDT,"{""E"":1791514226018,""M"":true,""T"":1791514226018,""e"":""trade"",""m"":true,""p"":""82128.09000000"",""q"":""0.00011000"",""s"":""BTCUSDT"",""t"":6750016351}"
1791514226,164366326,spot,depth5,0,0,1741,BTCUSDT,"{""asks"":[[""82128.10000000"",""4.46266000""],[""82128.11000000"",""0.00062000""],[""82128.12000000"",""0.00013000""],[""82128.64000000"",""0.00007000""],[""82128.93000000"",""0.00014000""]],""bids"":[[""82128.09000000"",""5.13330000""],[""82128.08000000"",""0.00942000""],[""82128.07000000"",""0.00013000""],[""82127.53000000"",""0.00008000""],[""82127.30000000"",""0.00510000""]],""lastUpdateId"":101228075213}"
1791514226,165040026,spot,depth_diff,0,0,1742,BTCUSDT,"{""E"":1791514226114,""U"":101228075186,""a"":[[""82128.10000000"",""4.46266000""],[""82130.26000000"",""0.00031000""],[""82141.79000000"",""0.00600000""],[""82144.49000000"",""0.00000000""],[""82144.62000000"",""0.00000000""],[""82145.26000000"",""0.00000000""],[""82152.85000000"",""0.00000000""],[""83360.03000000"",""0.00073000""]],""b"":[[""82128.09000000"",""5.13330000""],[""82128.08000000"",""0.00942000""],[""82126.88000000"",""0.00000000""],[""82126.87000000"",""0.00000000""],[""82125.48000000"",""0.00486000""],[""82102.83000000"",""0.00000000""],[""82062.19000000"",""1.59079000""],[""80896.16000000"",""0.00030000""]],""e"":""depthUpdate"",""s"":""BTCUSDT"",""u"":101228075213}"
1791514226,178156138,spot,trade,0,0,1743,BTCUSDT,"{""E"":1791514226128,""M"":true,""T"":1791514226128,""e"":""trade"",""m"":false,""p"":""82128.10000000"",""q"":""0.00007000"",""s"":""BTCUSDT"",""t"":6750016352}"
1791514226,305986655,spot,depth5,0,0,1744,BTCUSDT,"{""asks"":[[""82128.10000000"",""4.10259000""],[""82128.11000000"",""0.00062000""],[""82128.12000000"",""0.00013000""],[""82128.54000000"",""0.00007000""],[""82128.64000000"",""0.00007000""]],""bids"":[[""82128.09000000"",""5.13330000""],[""82128.08000000"",""0.00942000""],[""82128.07000000"",""0.00013000""],[""82127.53000000"",""0.00008000""],[""82127.30000000"",""0.00510000""]],""lastUpdateId"":101228075227}"
1791514226,307554456,spot,depth_diff,0,0,1745,BTCUSDT,"{""E"":1791514226214,""U"":101228075214,""a"":[[""82128.10000000"",""4.10259000""],[""82128.54000000"",""0.00007000""],[""82130.26000000"",""0.00007000""],[""82146.11000000"",""0.02000000""],[""82149.38000000"",""0.02000000""],[""82165.16000000"",""0.00400000""],[""82166.67000000"",""0.02000000""],[""82171.34000000"",""0.00000000""],[""82213.69000000"",""0.02000000""]],""b"":[[""82115.95000000"",""0.02000000""],[""82074.84000000"",""0.02000000""],[""73915.29000000"",""0.00345000""],[""65702.48000000"",""0.00210000""]],""e"":""depthUpdate"",""s"":""BTCUSDT"",""u"":101228075227}"
1791514226,355115299,spot,trade,0,0,1746,BTCUSDT,"{""E"":1791514226232,""M"":true,""T"":1791514226231,""e"":""trade"",""m"":false,""p"":""82128.10000000"",""q"":""0.00016000"",""s"":""BTCUSDT"",""t"":6750016353}"
1791514226,426325264,spot,depth5,0,0,1747,BTCUSDT,"{""asks"":[[""82128.10000000"",""0.91167000""],[""82128.11000000"",""0.00062000""],[""82128.12000000"",""0.00013000""],[""82128.64000000"",""0.00007000""],[""82128.93000000"",""0.00014000""]],""bids"":[[""82128.09000000"",""6.19368000""],[""82128.08000000"",""0.00914000""],[""82128.07000000"",""0.00013000""],[""82127.83000000"",""0.02732000""],[""82127.82000000"",""0.03652000""]],""lastUpdateId"":101228075373}"
1791514226,474832208,spot,depth_diff,0,0,1748,BTCUSDT,"{""E"":1791514226314,""U"":101228075228,""a"":[[""82128.10000000"",""0.91167000""],[""82128.54000000"",""0.00000000""],[""82132.80000000"",""0.00000000""],[""82133.28000000"",""0.03158000""],[""82134.37000000"",""0.13028000""],[""82136.31000000"",""0.00020000""],[""82137.06000000"",""0.00000000""],[""82137.16000000"",""0.00000000""],[""82137.86000000"",""0.00000000""],[""82138.50000000"",""0.36005000""],[""82139.79000000"",""0.63397000""],[""82140.36000000"",""0.02000000""],[""82140.66000000"",""0.06156000""],[""82140.97000000"",""0.00000000""],[""82141.32000000"",""0.00000000""],[""82141.43000000"",""0.00000000""],[""82141.58000000"",""0.00609000""],[""82141.63000000"",""0.00000000""],[""82141.79000000"",""0.00000000""],[""82141.81000000"",""1.56428000""],[""82141.82000000"",""0.00000000""],[""82142.13000000"",""0.00007000""],[""82142.44000000"",""0.00609000""],[""82142.61000000"",""0.03652000""],[""82143.08000000"",""0.00200000""],[""82143.67000000"",""0.68057000""],[""82144.13000000"",""0.00000000""],[""82144.44000000"",""0.00000000""],[""82144.62000000"",""0.00000000""],[""82144.94000000"",""0.00008000""],[""82145.95000000"",""0.00600000""],[""82146.51000000"",""0.00253000""],[""82146.71000000"",""0.00465000""],[""82147.24000000"",""0.00000000""],[""82151.24000000"",""0.00000000""],[""82151.49000000"",""0.00000000""],[""82152.50000000"",""0.09356000""],[""82153.01000000"",""0.00000000""],[""82153.24000000"",""0.00000000""],[""82164.01000000"",""0.32887000""],[""82168.08000000"",""0.94272000""],[""82168.96000000"",""0.00000000""],[""82171.14000000"",""0.00007000""],[""82171.36000000"",""0.00000000""],[""82176.09000000"",""1.20569000""],[""82180.94000000"",""0.00304000""],[""82183.87000000"",""0.00000000""],[""82191.42000000"",""0.00000000""],[""82200.11000000"",""0.63496000""],[""82201.86000000"",""1.20531000""],[""82213.69000000"",""0.00000000""],[""82213.76000000"",""0.01087000""],[""82225.79000000"",""0.00000000""],[""82259.54000000"",""1.04179000""],[""82266.94000000"",""0.00121000""]],""b"":[[""82128.09000000"",""6.19368000""],[""82128.08000000"",""0.00914000""],[""82127.83000000"",""0.02732000""],[""82127.82000000"",""0.03652000""],[""82126.86000000"",""0.00000000""],[""82126.03000000"",""0.00000000""],[""82126.02000000"",""0.03054000""],[""82125.87000000"",""0.00000000""],[""82125.86000000"",""0.00007000""],[""82125.48000000"",""0.00000000""],[""82125.47000000"",""0.00000000""],[""82124.39000000"",""0.00000000""],[""82121.59000000"",""0.00047000""],[""82120.87000000"",""0.15007000""],[""82119.72000000"",""0.00000000""],[""82118.14000000"",""0.00000000""],[""82117.68000000"",""0.00196000""],[""82105.67000000"",""0.00200000""],[""82014.01000000"",""0.02044000""],[""82013.44000000"",""0.00000000""],[""82011.76000000"",""0.00000000""],[""80896.17000000"",""0.00064000""],[""73915.29000000"",""0.00368000""],[""73915.00000000"",""0.00000000""]],""e"":""depthUpdate"",""s"":""BTCUSDT"",""u"":101228075373}"
1791514226,599191222,spot,depth5,0,0,1749,BTCUSDT,"{""asks"":[[""82128.10000000"",""1.97567000""],[""82128.11000000"",""0.00062000""],[""82128.12000000"",""0.00013000""],[""82128.64000000"",""0.00007000""],[""82128.93000000"",""0.00014000""]],""bids"":[[""82128.09000000"",""6.19368000""],[""82128.08000000"",""0.00914000""],[""82128.07000000"",""0.00013000""],[""82127.83000000"",""0.02732000""],[""82127.82000000"",""0.03652000""]],""lastUpdateId"":101228075404}"
1791514226,640867360,spot,depth_diff,0,0,1750,BTCUSDT,"{""E"":1791514226414,""U"":101228075374,""a"":[[""82128.10000000"",""1.97567000""],[""82130.17000000"",""0.00000000""],[""82132.80000000"",""0.00007000""],[""82137.06000000"",""0.00007000""],[""82137.33000000"",""0.00061000""],[""82141.32000000"",""0.00007000""],[""82144.55000000"",""0.00000000""],[""82144.85000000"",""0.30479000""],[""82145.95000000"",""0.00796000""],[""82146.49000000"",""0.00243000""],[""82146.51000000"",""0.00010000""],[""82149.36000000"",""0.00000000""],[""82158.63000000"",""0.00193000""],[""82163.44000000"",""0.00060000""],[""82169.04000000"",""0.52817000""],[""82189.44000000"",""0.94193000""],[""82195.00000000"",""0.43816000""]],""b"":[[""82126.45000000"",""0.00000000""],[""82117.68000000"",""0.00000000""],[""82105.67000000"",""0.00000000""],[""82103.01000000"",""0.51302000""],[""82077.06000000"",""1.02837000""],[""82056.09000000"",""0.00539000""],[""82055.07000000"",""0.00111000""],[""82039.87000000"",""0.00000000""],[""82038.85000000"",""0.00000000""],[""65702.48000000"",""0.00180000""]],""e"":""depthUpdate"",""s"":""BTCUSDT"",""u"":101228075404}"
1791514226,770359177,spot,trade,0,0,1751,BTCUSDT,"{""E"":1791514226431,""M"":true,""T"":1791514226431,""e"":""trade"",""m"":false,""p"":""82128.10000000"",""q"":""0.00009000"",""s"":""BTCUSDT"",""t"":6750016354}"
1791514226,781202087,spot,trade,0,0,1752,BTCUSDT,"{""E"":1791514226479,""M"":true,""T"":1791514226479,""e"":""trade"",""m"":false,""p"":""82128.10000000"",""q"":""0.00013000"",""s"":""BTCUSDT"",""t"":6750016355}"
1791514226,785639491,spot,depth5,0,0,1753,BTCUSDT,"{""asks"":[[""82128.10000000"",""0.46638000""],[""82128.11000000"",""0.00062000""],[""82128.12000000"",""0.00013000""],[""82128.64000000"",""0.00007000""],[""82128.93000000"",""0.00014000""]],""bids"":[[""82128.09000000"",""7.38822000""],[""82128.08000000"",""0.00914000""],[""82128.07000000"",""0.00013000""],[""82127.83000000"",""0.02732000""],[""82127.82000000"",""0.03652000""]],""lastUpdateId"":101228075551}"
1791514226,788156294,spot,depth_diff,0,0,1754,BTCUSDT,"{""E"":1791514226514,""U"":101228075405,""a"":[[""82128.10000000"",""0.46638000""],[""82132.80000000"",""0.00000000""],[""82137.06000000"",""0.00000000""],[""82138.49000000"",""0.17937000""],[""82138.60000000"",""0.00024000""],[""82138.78000000"",""0.00000000""],[""82139.79000000"",""0.00056000""],[""82140.11000000"",""0.00000000""],[""82141.32000000"",""0.00000000""],[""82141.58000000"",""0.00000000""],[""82141.70000000"",""0.00000000""],[""82141.80000000"",""0.03551000""],[""82141.81000000"",""0.00000000""],[""82142.13000000"",""0.00007000""],[""82142.44000000"",""0.00000000""],[""82143.08000000"",""0.00000000""],[""82143.12000000"",""0.00200000""],[""82143.67000000"",""0.25463000""],[""82144.40000000"",""0.15000000""],[""82144.85000000"",""0.00000000""],[""82145.95000000"",""0.00000000""],[""82145.96000000"",""0.00000000""],[""82146.49000000"",""0.00000000""],[""82146.71000000"",""0.00065000""],[""82147.04000000"",""0.00000000""],[""82147.54000000"",""0.00611000""],[""82147.65000000"",""0.51546000""],[""82148.46000000"",""0.00012000""],[""82149.64000000"",""0.00000000""],[""82152.50000000"",""0.00012000""],[""82153.04000000"",""0.00000000""],[""82154.36000000"",""0.00009000""],[""82154.74000000"",""0.34751000""],[""82156.67000000"",""0.00000000""],[""82157.49000000"",""0.00000000""],[""82162.02000000"",""0.10877000""],[""82162.56000000"",""0.00000000""],[""82166.05000000"",""0.00000000""],[""82167.90000000"",""0.00000000""],[""82169.04000000"",""0.00000000""],[""82170.57000000"",""0.60926000""],[""82175.40000000"",""0.00007000""],[""82180.94000000"",""0.00000000""],[""82183.86000000"",""0.00000000""],[""82193.90000000"",""0.00000000""],[""82195.00000000"",""0.00000000""],[""82212.44000000"",""0.00000000""],[""82266.94000000"",""0.00000000""],[""82266.95000000"",""0.00000000""],[""82269.50000000"",""0.00000000""],[""82278.63000000"",""0.00000000""],[""82358.42000000"",""0.03061000""],[""82458.67000000"",""9.70956000""],[""82466.98000000"",""0.00024000""]],""b"":[[""82128.09000000"",""7.38822000""],[""82127.84000000"",""0.00000000""],[""82126.49000000"",""0.00000000""],[""82126.02000000"",""0.02368000""],[""82124.38000000"",""0.00000000""],[""82121.84000000"",""0.00000000""],[""82121.59000000"",""0.00047000""],[""82121.56000000"",""0.74464000""],[""82121.52000000"",""0.00000000""],[""82121.51000000"",""1.58200000""],[""82117.26000000"",""0.00000000""],[""82117.03000000"",""0.36562000""],[""82115.77000000"",""0.38994000""],[""82113.28000000"",""0.00933000""],[""82095.29000000"",""0.00000000""],[""82091.85000000"",""0.00000000""],[""82086.87000000"",""0.42797000""],[""82080.53000000"",""0.12183000""],[""82072.09000000"",""0.00000000""],[""82072.08000000"",""0.00000000""],[""82070.54000000"",""0.00000000""],[""82057.76000000"",""0.00000000""],[""82043.57000000"",""0.99265000""],[""82043.56000000"",""0.00000000""],[""82030.70000000"",""0.00000000""],[""82030.69000000"",""0.00000000""],[""80015.95000000"",""0.00000000""],[""73915.29000000"",""0.00368000""],[""65702.48000000"",""0.00300000""],[""65702.00000000"",""0.00000000""]],""e"":""depthUpdate"",""s"":""BTCUSDT"",""u"":101228075551}"
1791514226,796568201,spot,trade,0,0,1755,BTCUSDT,"{""E"":1791514226534,""M"":true,""T"":1791514226533,""e"":""trade"",""m"":false,""p"":""82128.10000000"",""q"":""0.00013000"",""s"":""BTCUSDT"",""t"":6750016356}"
1791514226,799451504,spot,depth5,0,0,1756,BTCUSDT,"{""asks"":[[""82128.10000000"",""0.66324000""],[""82128.11000000"",""0.00062000""],[""82128.12000000"",""0.00013000""],[""82128.64000000"",""0.00007000""],[""82128.93000000"",""0.00014000""]],""bids"":[[""82128.09000000"",""7.38822000""],[""82128.08000000"",""0.00914000""],[""82128.07000000"",""0.00013000""],[""82127.83000000"",""0.02732000""],[""82127.82000000"",""0.03652000""]],""lastUpdateId"":101228075605}"
1791514226,802298206,spot,depth_diff,0,0,1757,BTCUSDT,"{""E"":1791514226614,""U"":101228075552,""a"":[[""82128.10000000"",""0.66324000""],[""82137.06000000"",""0.00007000""],[""82141.32000000"",""0.00007000""],[""82142.04000000"",""0.00609000""],[""82143.23000000"",""0.00609000""],[""82145.13000000"",""0.30479000""],[""82147.65000000"",""1.01588000""],[""82148.78000000"",""0.00000000""],[""82148.79000000"",""0.00243000""],[""82150.03000000"",""1.04179000""],[""82152.93000000"",""0.09344000""],[""82154.50000000"",""0.00000000""],[""82154.51000000"",""0.00000000""],[""82154.54000000"",""0.00000000""],[""82158.10000000"",""0.30462000""],[""82164.55000000"",""0.38851000""],[""82166.31000000"",""0.30462000""],[""82167.99000000"",""0.00000000""],[""82170.88000000"",""0.00000000""],[""82175.40000000"",""0.00000000""],[""82178.67000000"",""0.00622000""],[""82180.94000000"",""0.00304000""],[""82181.43000000"",""0.00430000""],[""82184.64000000"",""0.00302000""],[""82193.90000000"",""0.00304000""],[""82266.95000000"",""0.00242000""],[""82278.63000000"",""0.00121000""],[""82371.67000000"",""0.00000000""]],""b"":[[""82121.58000000"",""0.00400000""],[""82116.25000000"",""0.02382000""],[""82112.25000000"",""0.12075000""],[""82110.52000000"",""0.00059000""],[""82109.27000000"",""0.00022000""],[""82096.52000000"",""0.00000000""],[""82095.32000000"",""0.00000000""],[""82054.08000000"",""0.01713000""],[""82037.29000000"",""0.00000000""],[""82000.02000000"",""0.00000000""],[""81984.40000000"",""0.09412000""],[""81954.32000000"",""0.00000000""],[""81849.44000000"",""0.11492000""],[""81792.33000000"",""0.00000000""],[""80896.17000000"",""0.00064000""],[""73915.29000000"",""0.00360000""],[""73915.28000000"",""0.00008000""],[""65702.48000000"",""0.00270000""]],""e"":""depthUpdate"",""s"":""BTCUSDT"",""u"":101228075605}"
1791514226,839254540,spot,trade,0,0,1758,BTCUSDT,"{""E"":1791514226641,""M"":true,""T"":1791514226641,""e"":""trade"",""m"":false,""p"":""82128.10000000"",""q"":""0.00013000"",""s"":""BTCUSDT"",""t"":6750016357}"
1791514226,884812982,spot,depth5,0,0,1759,BTCUSDT,"{""asks"":[[""82128.10000000"",""0.66311000""],[""82128.11000000"",""0.00062000""],[""82128.12000000"",""0.00013000""],[""82128.64000000"",""0.00007000""],[""82128.93000000"",""0.00014000""]],""bids"":[[""82128.09000000"",""7.38822000""],[""82128.08000000"",""0.01314000""],[""82128.07000000"",""0.00013000""],[""82127.83000000"",""0.02732000""],[""82127.82000000"",""0.03652000""]],""lastUpdateId"":101228075627}"
1791514226,906785802,spot,depth_diff,0,0,1760,BTCUSDT,"{""E"":1791514226714,""U"":101228075606,""a"":[[""82128.10000000"",""0.66311000""],[""82148.79000000"",""0.00000000""],[""82154.75000000"",""0.00000000""],[""82154.81000000"",""0.12187000""],[""82168.80000000"",""0.09229000""],[""82172.42000000"",""0.51162000""],[""82184.64000000"",""0.00000000""],[""82193.90000000"",""0.00000000""],[""82198.38000000"",""0.45454000""],[""82266.95000000"",""0.00121000""],[""82278.63000000"",""0.00000000""],[""82430.57000000"",""0.00498000""],[""83000.00000000"",""8.43242000""]],""b"":[[""82128.08000000"",""0.01314000""],[""82126.02000000"",""0.02375000""],[""82123.45000000"",""0.04229000""],[""82118.13000000"",""0.00000000""],[""82105.59000000"",""0.00200000""],[""82095.12000000"",""0.00000000""],[""80077.87000000"",""0.00000000""],[""73915.29000000"",""0.00345000""]],""e"":""depthUpdate"",""s"":""BTCUSDT"",""u"":101228075627}"
1791514226,929353322,spot,trade,0,0,1761,BTCUSDT,"{""E"":1791514226781,""M"":true,""T"":1791514226781,""e"":""trade"",""m"":false,""p"":""82128.10000000"",""q"":""0.18374000"",""s"":""BTCUSDT"",""t"":6750016358}"
1791514226,932939925,spot,trade,0,0,1762,BTCUSDT,"{""E"":1791514226781,""M"":true,""T"":1791514226781,""e"":""trade"",""m"":false,""p"":""82128.10000000"",""q"":""0.00007000"",""s"":""BTCUSDT"",""t"":6750016359}"
1791514226,938437430,spot,trade,0,0,1763,BTCUSDT,"{""E"":1791514226781,""M"":true,""T"":1791514226781,""e"":""trade"",""m"":false,""p"":""82128.10000000"",""q"":""0.00008000"",""s"":""BTCUSDT"",""t"":6750016360}"
1791514226,942069034,spot,trade,0,0,1764,BTCUSDT,"{""E"":1791514226781,""M"":true,""T"":1791514226781,""e"":""trade"",""m"":false,""p"":""82128.10000000"",""q"":""0.00679000"",""s"":""BTCUSDT"",""t"":6750016361}"
1791514226,944506836,spot,trade,0,0,1765,BTCUSDT,"{""E"":1791514226781,""M"":true,""T"":1791514226781,""e"":""trade"",""m"":false,""p"":""82128.10000000"",""q"":""0.00013000"",""s"":""BTCUSDT"",""t"":6750016362}"
1791514226,945379137,spot,trade,0,0,1766,BTCUSDT,"{""E"":1791514226781,""M"":true,""T"":1791514226781,""e"":""trade"",""m"":false,""p"":""82128.10000000"",""q"":""0.00008000"",""s"":""BTCUSDT"",""t"":6750016363}"
1791514226,946888138,spot,trade,0,0,1767,BTCUSDT,"{""E"":1791514226781,""M"":true,""T"":1791514226781,""e"":""trade"",""m"":false,""p"":""82128.10000000"",""q"":""0.00007000"",""s"":""BTCUSDT"",""t"":6750016364}"
1791514226,947562139,spot,trade,0,0,1768,BTCUSDT,"{""E"":1791514226781,""M"":true,""T"":1791514226781,""e"":""trade"",""m"":false,""p"":""82128.10000000"",""q"":""0.00012000"",""s"":""BTCUSDT"",""t"":6750016365}"
1791514226,948025539,spot,trade,0,0,1769,BTCUSDT,"{""E"":1791514226781,""M"":true,""T"":1791514226781,""e"":""trade"",""m"":false,""p"":""82128.10000000"",""q"":""0.00495000"",""s"":""BTCUSDT"",""t"":6750016366}"
1791514226,949896941,spot,trade,0,0,1770,BTCUSDT,"{""E"":1791514226781,""M"":true,""T"":1791514226781,""e"":""trade"",""m"":false,""p"":""82128.10000000"",""q"":""0.00007000"",""s"":""BTCUSDT"",""t"":6750016367}"
1791514226,952173243,spot,trade,0,0,1771,BTCUSDT,"{""E"":1791514226781,""M"":true,""T"":1791514226781,""e"":""trade"",""m"":false,""p"":""82128.10000000"",""q"":""0.00007000"",""s"":""BTCUSDT"",""t"":6750016368}"
1791514226,953442544,spot,trade,0,0,1772,BTCUSDT,"{""E"":1791514226781,""M"":true,""T"":1791514226781,""e"":""trade"",""m"":false,""p"":""82128.10000000"",""q"":""0.00007000"",""s"":""BTCUSDT"",""t"":6750016369}"
1791514226,955258346,spot,trade,0,0,1773,BTCUSDT,"{""E"":1791514226781,""M"":true,""T"":1791514226781,""e"":""trade"",""m"":false,""p"":""82128.10000000"",""q"":""0.00007000"",""s"":""BTCUSDT"",""t"":6750016370}"
1791514226,957985748,spot,trade,0,0,1774,BTCUSDT,"{""E"":1791514226781,""M"":true,""T"":1791514226781,""e"":""trade"",""m"":false,""p"":""82128.10000000"",""q"":""0.00007000"",""s"":""BTCUSDT"",""t"":6750016371}"
1791514226,958786649,spot,trade,0,0,1775,BTCUSDT,"{""E"":1791514226781,""M"":true,""T"":1791514226781,""e"":""trade"",""m"":false,""p"":""82128.10000000"",""q"":""0.00007000"",""s"":""BTCUSDT"",""t"":6750016372}"
1791514226,959488650,spot,trade,0,0,1776,BTCUSDT,"{""E"":1791514226781,""M"":true,""T"":1791514226781,""e"":""trade"",""m"":false,""p"":""82128.10000000"",""q"":""0.00007000"",""s"":""BTCUSDT"",""t"":6750016373}"
1791514226,961049651,spot,trade,0,0,1777,BTCUSDT,"{""E"":1791514226781,""M"":true,""T"":1791514226781,""e"":""trade"",""m"":false,""p"":""82128.10000000"",""q"":""0.00007000"",""s"":""BTCUSDT"",""t"":6750016374}"
1791514226,962865453,spot,trade,0,0,1778,BTCUSDT,"{""E"":1791514226781,""M"":true,""T"":1791514226781,""e"":""trade"",""m"":false,""p"":""82128.10000000"",""q"":""0.00007000"",""s"":""BTCUSDT"",""t"":6750016375}"
1791514226,963510153,spot,trade,0,0,1779,BTCUSDT,"{""E"":1791514226781,""M"":true,""T"":1791514226781,""e"":""trade"",""m"":false,""p"":""82128.10000000"",""q"":""0.06800000"",""s"":""BTCUSDT"",""t"":6750016376}"
1791514226,964079654,spot,trade,0,0,1780,BTCUSDT,"{""E"":1791514226781,""M"":true,""T"":1791514226781,""e"":""trade"",""m"":false,""p"":""82128.10000000"",""q"":""0.00007000"",""s"":""BTCUSDT"",""t"":6750016377}"
1791514226,965622155,spot,trade,0,0,1781,BTCUSDT,"{""E"":1791514226781,""M"":true,""T"":1791514226781,""e"":""trade"",""m"":false,""p"":""82128.10000000"",""q"":""0.00007000"",""s"":""BTCUSDT"",""t"":6750016378}"
1791514226,966927356,spot,trade,0,0,1782,BTCUSDT,"{""E"":1791514226781,""M"":true,""T"":1791514226781,""e"":""trade"",""m"":false,""p"":""82128.10000000"",""q"":""0.00007000"",""s"":""BTCUSDT"",""t"":6750016379}"
1791514226,972076261,spot,trade,0,0,1783,BTCUSDT,"{""E"":1791514226781,""M"":true,""T"":1791514226781,""e"":""trade"",""m"":false,""p"":""82128.10000000"",""q"":""0.00007000"",""s"":""BTCUSDT"",""t"":6750016380}"
1791514226,973839863,spot,trade,0,0,1784,BTCUSDT,"{""E"":1791514226781,""M"":true,""T"":1791514226781,""e"":""trade"",""m"":false,""p"":""82128.10000000"",""q"":""0.00007000"",""s"":""BTCUSDT"",""t"":6750016381}"
1791514226,977616566,spot,trade,0,0,1785,BTCUSDT,"{""E"":1791514226781,""M"":true,""T"":1791514226781,""e"":""trade"",""m"":false,""p"":""82128.10000000"",""q"":""0.00013000"",""s"":""BTCUSDT"",""t"":6750016382}"
1791514226,980138168,spot,trade,0,0,1786,BTCUSDT,"{""E"":1791514226781,""M"":true,""T"":1791514226781,""e"":""trade"",""m"":false,""p"":""82128.10000000"",""q"":""0.00007000"",""s"":""BTCUSDT"",""t"":6750016383}"
1791514226,982107870,spot,trade,0,0,1787,BTCUSDT,"{""E"":1791514226781,""M"":true,""T"":1791514226781,""e"":""trade"",""m"":false,""p"":""82128.10000000"",""q"":""0.00007000"",""s"":""BTCUSDT"",""t"":6750016384}"
1791514227,636787,spot,trade,0,0,1788,BTCUSDT,"{""E"":1791514226781,""M"":true,""T"":1791514226781,""e"":""trade"",""m"":false,""p"":""82128.10000000"",""q"":""0.00007000"",""s"":""BTCUSDT"",""t"":6750016385}"
1791514227,2212488,spot,trade,0,0,1789,BTCUSDT,"{""E"":1791514226781,""M"":true,""T"":1791514226781,""e"":""trade"",""m"":false,""p"":""82128.10000000"",""q"":""0.00007000"",""s"":""BTCUSDT"",""t"":6750016386}"
1791514227,5228691,spot,trade,0,0,1790,BTCUSDT,"{""E"":1791514226781,""M"":true,""T"":1791514226781,""e"":""trade"",""m"":false,""p"":""82128.11000000"",""q"":""0.00013000"",""s"":""BTCUSDT"",""t"":6750016387}"
1791514227,5879692,spot,trade,0,0,1791,BTCUSDT,"{""E"":1791514226781,""M"":true,""T"":1791514226781,""e"":""trade"",""m"":false,""p"":""82128.11000000"",""q"":""0.00007000"",""s"":""BTCUSDT"",""t"":6750016388}"
1791514227,6336392,spot,trade,0,0,1792,BTCUSDT,"{""E"":1791514226781,""M"":true,""T"":1791514226781,""e"":""trade"",""m"":false,""p"":""82128.11000000"",""q"":""0.00007000"",""s"":""BTCUSDT"",""t"":6750016389}"
1791514227,6791693,spot,trade,0,0,1793,BTCUSDT,"{""E"":1791514226781,""M"":true,""T"":1791514226781,""e"":""trade"",""m"":false,""p"":""82128.11000000"",""q"":""0.00007000"",""s"":""BTCUSDT"",""t"":6750016390}"
1791514227,7254793,spot,trade,0,0,1794,BTCUSDT,"{""E"":1791514226781,""M"":true,""T"":1791514226781,""e"":""trade"",""m"":false,""p"":""82128.11000000"",""q"":""0.00007000"",""s"":""BTCUSDT"",""t"":6750016391}"
1791514227,7754393,spot,trade,0,0,1795,BTCUSDT,"{""E"":1791514226781,""M"":true,""T"":1791514226781,""e"":""trade"",""m"":false,""p"":""82128.11000000"",""q"":""0.00007000"",""s"":""BTCUSDT"",""t"":6750016392}"
1791514227,8932795,spot,trade,0,0,1796,BTCUSDT,"{""E"":1791514226781,""M"":true,""T"":1791514226781,""e"":""trade"",""m"":false,""p"":""82128.11000000"",""q"":""0.00007000"",""s"":""BTCUSDT"",""t"":6750016393}"
1791514227,9651395,spot,trade,0,0,1797,BTCUSDT,"{""E"":1791514226781,""M"":true,""T"":1791514226781,""e"":""trade"",""m"":false,""p"":""82128.11000000"",""q"":""0.00007000"",""s"":""BTCUSDT"",""t"":6750016394}"
1791514227,10178796,spot,trade,0,0,1798,BTCUSDT,"{""E"":1791514226781,""M"":true,""T"":1791514226781,""e"":""trade"",""m"":false,""p"":""82128.12000000"",""q"":""0.00013000"",""s"":""BTCUSDT"",""t"":6750016395}"
1791514227,10642196,spot,trade,0,0,1799,BTCUSDT,"{""E"":1791514226781,""M"":true,""T"":1791514226781,""e"":""trade"",""m"":false,""p"":""82128.64000000"",""q"":""0.00007000"",""s"":""BTCUSDT"",""t"":6750016396}"
1791514227,11134197,spot,trade,0,0,1800,BTCUSDT,"{""E"":1791514226781,""M"":true,""T"":1791514226781,""e"":""trade"",""m"":false,""p"":""82128.64000000"",""q"":""0.00007000"",""s"":""BTCUSDT"",""t"":6750016397}"
1791514227,11673297,spot,trade,0,0,1801,BTCUSDT,"{""E"":1791514226781,""M"":true,""T"":1791514226781,""e"":""trade"",""m"":false,""p"":""82128.64000000"",""q"":""0.00007000"",""s"":""BTCUSDT"",""t"":6750016398}"
1791514227,12164797,spot,trade,0,0,1802,BTCUSDT,"{""E"":1791514226781,""M"":true,""T"":1791514226781,""e"":""trade"",""m"":false,""p"":""82128.64000000"",""q"":""0.00007000"",""s"":""BTCUSDT"",""t"":6750016399}"
1791514227,12702198,spot,trade,0,0,1803,BTCUSDT,"{""E"":1791514226781,""M"":true,""T"":1791514226781,""e"":""trade"",""m"":false,""p"":""82128.64000000"",""q"":""0.00007000"",""s"":""BTCUSDT"",""t"":6750016400}"
1791514227,13186798,spot,trade,0,0,1804,BTCUSDT,"{""E"":1791514226781,""M"":true,""T"":1791514226781,""e"":""trade"",""m"":false,""p"":""82128.93000000"",""q"":""0.00007000"",""s"":""BTCUSDT"",""t"":6750016401}"
1791514227,13681699,spot,trade,0,0,1805,BTCUSDT,"{""E"":1791514226781,""M"":true,""T"":1791514226781,""e"":""trade"",""m"":false,""p"":""82128.93000000"",""q"":""0.00007000"",""s"":""BTCUSDT"",""t"":6750016402}"
1791514227,14164699,spot,trade,0,0,1806,BTCUSDT,"{""E"":1791514226781,""M"":true,""T"":1791514226781,""e"":""trade"",""m"":false,""p"":""82128.93000000"",""q"":""0.00007000"",""s"":""BTCUSDT"",""t"":6750016403}"
1791514227,14620300,spot,trade,0,0,1807,BTCUSDT,"{""E"":1791514226781,""M"":true,""T"":1791514226781,""e"":""trade"",""m"":false,""p"":""82128.94000000"",""q"":""0.00244000"",""s"":""BTCUSDT"",""t"":6750016404}"
1791514227,15197600,spot,trade,0,0,1808,BTCUSDT,"{""E"":1791514226781,""M"":true,""T"":1791514226781,""e"":""trade"",""m"":false,""p"":""82128.94000000"",""q"":""0.02000000"",""s"":""BTCUSDT"",""t"":6750016405}"
1791514227,15683501,spot,trade,0,0,1809,BTCUSDT,"{""E"":1791514226781,""M"":true,""T"":1791514226781,""e"":""trade"",""m"":false,""p"":""82128.94000000"",""q"":""0.01500000"",""s"":""BTCUSDT"",""t"":6750016406}"
1791514227,16118001,spot,trade,0,0,1810,BTCUSDT,"{""E"":1791514226781,""M"":true,""T"":1791514226781,""e"":""trade"",""m"":false,""p"":""82128.94000000"",""q"":""0.02500000"",""s"":""BTCUSDT"",""t"":6750016407}"
1791514227,16577802,spot,trade,0,0,1811,BTCUSDT,"{""E"":1791514226781,""M"":true,""T"":1791514226781,""e"":""trade"",""m"":false,""p"":""82128.94000000"",""q"":""0.01000000"",""s"":""BTCUSDT"",""t"":6750016408}"
1791514227,17025002,spot,trade,0,0,1812,BTCUSDT,"{""E"":1791514226781,""M"":true,""T"":1791514226781,""e"":""trade"",""m"":false,""p"":""82128.94000000"",""q"":""0.07700000"",""s"":""BTCUSDT"",""t"":6750016409}"
1791514227,17496802,spot,trade,0,0,1813,BTCUSDT,"{""E"":1791514226804,""M"":true,""T"":1791514226803,""e"":""trade"",""m"":false,""p"":""82128.94000000"",""q"":""0.00300000"",""s"":""BTCUSDT"",""t"":6750016410}"
1791514227,18571003,spot,depth5,0,0,1814,BTCUSDT,"{""asks"":[[""82128.94000000"",""1.29771000""],[""82128.95000000"",""0.00049000""],[""82128.99000000"",""0.00021000""],[""82129.00000000"",""51.45891000""],[""82129.12000000"",""0.00010000""]],""bids"":[[""82128.93000000"",""15.45820000""],[""82128.92000000"",""0.00013000""],[""82128.91000000"",""0.00013000""],[""82128.63000000"",""0.95473000""],[""82128.54000000"",""0.00007000""]],""lastUpdateId"":101228076037}"
1791514227,19301204,spot,depth_diff,0,0,1815,BTCUSDT,"{""E"":1791514226814,""U"":101228075628,""a"":[[""82128.10000000"",""0.00000000""],[""82128.11000000"",""0.00000000""],[""82128.12000000"",""0.00000000""],[""82128.64000000"",""0.00000000""],[""82128.93000000"",""0.00000000""],[""82128.94000000"",""1.29771000""],[""82128.95000000"",""0.00049000""],[""82129.75000000"",""0.00008000""],[""82133.28000000"",""0.03151000""],[""82133.33000000"",""0.00163000""],[""82134.37000000"",""0.00000000""],[""82136.16000000"",""0.00000000""],[""82136.31000000"",""0.00008000""],[""82136.32000000"",""0.00000000""],[""82137.06000000"",""0.00000000""],[""82137.15000000"",""0.00012000""],[""82137.32000000"",""0.00000000""],[""82138.27000000"",""0.00000000""],[""82138.28000000"",""0.00000000""],[""82138.49000000"",""0.04608000""],[""82138.50000000"",""0.00000000""],[""82138.64000000"",""0.00000000""],[""82138.98000000"",""0.00000000""],[""82139.80000000"",""0.00933000""],[""82140.36000000"",""0.00000000""],[""82140.66000000"",""0.00069000""],[""82140.81000000"",""0.00000000""],[""82142.61000000"",""0.00000000""],[""82143.19000000"",""0.00007000""],[""82143.65000000"",""0.45189000""],[""82143.66000000"",""0.35605000""],[""82143.67000000"",""0.00000000""],[""82144.40000000"",""0.00000000""],[""82144.41000000"",""0.00000000""],[""82144.93000000"",""0.00609000""],[""82145.25000000"",""0.00012000""],[""82145.47000000"",""0.02000000""],[""82145.51000000"",""0.02565000""],[""82145.88000000"",""0.03652000""],[""82146.31000000"",""0.00000000""],[""82146.91000000"",""0.01000000""],[""82146.95000000"",""0.00000000""],[""82147.92000000"",""0.00000000""],[""82151.31000000"",""0.14000000""],[""82152.50000000"",""0.00000000""],[""82153.34000000"",""0.00012000""],[""82154.74000000"",""0.00000000""],[""82154.81000000"",""0.00000000""],[""82154.89000000"",""0.34751000""],[""82155.84000000"",""0.32369000""],[""82160.27000000"",""0.00000000""],[""82160.60000000"",""0.00000000""],[""82161.44000000"",""0.00012000""],[""82162.02000000"",""0.10877000""],[""82166.90000000"",""0.00000000""],[""82168.69000000"",""0.00000000""],[""82168.80000000"",""0.00000000""],[""82169.28000000"",""0.00400000""],[""82169.53000000"",""0.00012000""],[""82169.63000000"",""0.00000000""],[""82169.90000000"",""0.40021000""],[""82170.00000000"",""0.00076000""],[""82171.00000000"",""0.01000000""],[""82171.22000000"",""0.00000000""],[""82171.73000000"",""0.12585000""],[""82173.25000000"",""0.00000000""],[""82173.40000000"",""0.00400000""],[""82174.15000000"",""0.00000000""],[""82175.27000000"",""0.00000000""],[""82175.40000000"",""0.00007000""],[""82180.32000000"",""1.53322000""],[""82180.94000000"",""0.00000000""],[""82183.36000000"",""0.00000000""],[""82184.64000000"",""0.00302000""],[""82193.90000000"",""0.00304000""],[""82266.95000000"",""0.00121000""],[""82278.63000000"",""0.00121000""],[""82285.68000000"",""0.00012000""],[""82349.37000000"",""0.01907000""],[""82401.14000000"",""0.00250000""],[""82415.62000000"",""0.00000000""],[""82458.15000000"",""0.00000000""],[""82473.24000000"",""0.36000000""],[""83360.03000000"",""0.00043000""]],""b"":[[""82128.93000000"",""15.45820000""],[""82128.92000000"",""0.00013000""],[""82128.91000000"",""0.00013000""],[""82128.63000000"",""0.95473000""],[""82128.54000000"",""0.00007000""],[""82128.12000000"",""1.82084000""],[""82128.11000000"",""2.63573000""],[""82128.10000000"",""0.35236000""],[""82128.09000000"",""2.34876000""],[""82128.08000000"",""0.01301000""],[""82128.07000000"",""0.00000000""],[""82127.83000000"",""0.00000000""],[""82127.53000000"",""0.00000000""],[""82126.95000000"",""0.00000000""],[""82126.85000000"",""0.03068000""],[""82126.14000000"",""0.00000000""],[""82126.02000000"",""0.00407000""],[""82125.47000000"",""0.03056000""],[""82124.08000000"",""0.00000000""],[""82122.97000000"",""0.00000000""],[""82122.24000000"",""0.00017000""],[""82121.50000000"",""0.20432000""],[""82120.95000000"",""0.00012000""],[""82120.92000000"",""0.00000000""],[""82120.87000000"",""0.00000000""],[""82120.11000000"",""0.00000000""],[""82118.24000000"",""0.02393000""],[""82116.93000000"",""0.00000000""],[""82116.25000000"",""0.00000000""],[""82115.33000000"",""0.00856000""],[""82113.55000000"",""0.00000000""],[""82112.85000000"",""0.00012000""],[""82112.01000000"",""0.02000000""],[""82108.42000000"",""0.07872000""],[""82105.83000000"",""0.00482000""],[""82105.59000000"",""0.00000000""],[""82104.76000000"",""0.00012000""],[""82103.92000000"",""0.00000000""],[""82096.66000000"",""0.00012000""],[""82095.82000000"",""0.00000000""],[""82091.84000000"",""0.00000000""],[""82091.60000000"",""1.47013000""],[""82091.59000000"",""1.53488000""],[""82090.31000000"",""0.00000000""],[""82088.57000000"",""0.00012000""],[""82088.10000000"",""0.00000000""],[""82087.73000000"",""0.00000000""],[""82085.43000000"",""0.00000000""],[""82084.99000000"",""0.00000000""],[""82050.54000000"",""3.83910000""],[""82043.57000000"",""0.00000000""],[""82039.52000000"",""0.05938000""],[""82037.81000000"",""0.00000000""],[""82036.06000000"",""0.00000000""],[""82024.07000000"",""0.00000000""],[""81973.60000000"",""0.00000000""],[""81969.58000000"",""0.00000000""],[""81948.25000000"",""1.20000000""],[""81929.87000000"",""0.00000000""],[""81801.13000000"",""0.00000000""],[""81396.34000000"",""0.00250000""],[""80896.17000000"",""0.00000000""],[""80896.16000000"",""0.00000000""],[""80096.05000000"",""0.00000000""],[""73915.29000000"",""0.00000000""],[""73915.28000000"",""0.00000000""],[""65702.48000000"",""0.00240000""]],""e"":""depthUpdate"",""s"":""BTCUSDT"",""u"":101228076037}"
1791514227,22777807,spot,depth5,0,0,1816,BTCUSDT,"{""asks"":[[""82128.94000000"",""1.29771000""],[""82128.95000000"",""0.00049000""],[""82128.99000000"",""0.00021000""],[""82129.00000000"",""51.45891000""],[""82129.12000000"",""0.00010000""]],""bids"":[[""82128.93000000"",""15.50066000""],[""82128.92000000"",""0.00013000""],[""82128.91000000"",""0.00013000""],[""82128.63000000"",""0.95480000""],[""82128.54000000"",""0.00007000""]],""lastUpdateId"":101228076103}"
1791514227,23380208,spot,depth_diff,0,0,1817,BTCUSDT,"{""E"":1791514226914,""U"":101228076038,""a"":[[""82137.06000000"",""0.00007000""],[""82138.49000000"",""0.07305000""],[""82140.82000000"",""0.00000000""],[""82141.09000000"",""0.10692000""],[""82141.66000000"",""0.00007000""],[""82142.34000000"",""0.00196000""],[""82146.95000000"",""0.00200000""],[""82147.02000000"",""0.02000000""],[""82147.54000000"",""0.00411000""],[""82155.28000000"",""0.06086000""],[""82156.42000000"",""0.00000000""],[""82156.84000000"",""0.00008000""],[""82162.02000000"",""0.00000000""],[""82172.06000000"",""0.00060000""],[""82174.09000000"",""0.00120000""],[""82176.11000000"",""0.00060000""],[""82177.29000000"",""0.00000000""],[""82178.13000000"",""0.00000000""],[""82179.32000000"",""0.00000000""],[""82180.16000000"",""0.00000000""],[""82181.34000000"",""0.00000000""],[""82192.71000000"",""0.00000000""],[""82193.91000000"",""0.00000000""],[""82208.66000000"",""0.00534000""],[""82210.38000000"",""0.02000000""]],""b"":[[""82128.93000000"",""15.50066000""],[""82128.63000000"",""0.95480000""],[""82128.10000000"",""0.78311000""],[""82113.55000000"",""0.14225000""],[""82108.80000000"",""0.00007000""],[""82107.96000000"",""0.00389000""],[""82097.56000000"",""0.00000000""],[""82085.83000000"",""0.00060000""],[""80897.00000000"",""0.00008000""]],""e"":""depthUpdate"",""s"":""BTCUSDT"",""u"":101228076103}"
1791514227,34981318,spot,trade,0,0,1818,BTCUSDT,"{""E"":1791514226982,""M"":true,""T"":1791514226982,""e"":""trade"",""m"":false,""p"":""82128.94000000"",""q"":""0.00100000"",""s"":""BTCUSDT"",""t"":6750016411}"
1791514227,66915747,spot,depth5,0,0,1819,BTCUSDT,"{""asks"":[[""82128.94000000"",""1.29671000""],[""82128.95000000"",""0.00049000""],[""82128.99000000"",""0.00021000""],[""82129.00000000"",""51.45891000""],[""82129.12000000"",""0.00010000""]],""bids"":[[""82128.93000000"",""15.50066000""],[""82128.92000000"",""0.00013000""],[""82128.91000000"",""0.00013000""],[""82128.64000000"",""0.00400000""],[""82128.63000000"",""0.95480000""]],""lastUpdateId"":101228076150}"
1791514227,67840848,spot,depth_diff,0,0,1820,BTCUSDT,"{""E"":1791514227014,""U"":101228076104,""a"":[[""82128.94000000"",""1.29671000""],[""82142.34000000"",""0.00000000""],[""82143.23000000"",""0.00000000""],[""82146.10000000"",""0.00609000""],[""82156.83000000"",""0.00000000""],[""82156.86000000"",""0.00000000""],[""82158.45000000"",""0.00196000""],[""82174.09000000"",""0.00060000""],[""82175.40000000"",""0.00000000""],[""82176.11000000"",""0.00060000""],[""82178.13000000"",""0.00060000""],[""82180.16000000"",""0.00060000""],[""82181.79000000"",""0.00304000""],[""82266.94000000"",""0.00121000""],[""82349.37000000"",""0.00000000""],[""82428.17000000"",""0.01907000""]],""b"":[[""82128.64000000"",""0.00400000""],[""82128.09000000"",""0.93510000""],[""82122.24000000"",""0.00007000""],[""82121.58000000"",""0.00000000""],[""82112.51000000"",""0.34758000""],[""82100.12000000"",""0.00000000""],[""82043.56000000"",""1.05366000""],[""81876.01000000"",""0.00756000""],[""81870.01000000"",""0.00000000""],[""73916.04000000"",""0.00015000""],[""71000.00000000"",""33.48699000""],[""65703.15000000"",""0.00120000""],[""65702.48000000"",""0.00210000""]],""e"":""depthUpdate"",""s"":""BTCUSDT"",""u"":101228076150}"
1791514227,84807664,spot,trade,0,0,1821,BTCUSDT,"{""E"":1791514227032,""M"":true,""T"":1791514227032,""e"":""trade"",""m"":false,""p"":""82128.94000000"",""q"":""0.01700000"",""s"":""BTCUSDT"",""t"":6750016412}"
1791514227,85423164,spot,trade,0,0,1822,BTCUSDT,"{""E"":1791514227032,""M"":true,""T"":1791514227032,""e"":""trade"",""m"":false,""p"":""82128.94000000"",""q"":""0.00700000"",""s"":""BTCUSDT"",""t"":6750016413}"
1791514227,94719873,spot,trade,0,0,1823,BTCUSDT,"{""E"":1791514227043,""M"":true,""T"":1791514227043,""e"":""trade"",""m"":false,""p"":""82128.94000000"",""q"":""0.29400000"",""s"":""BTCUSDT"",""t"":6750016414}"
1791514227,108586086,spot,trade,0,0,1824,BTCUSDT,"{""E"":1791514227054,""M"":true,""T"":1791514227054,""e"":""trade"",""m"":false,""p"":""82128.94000000"",""q"":""0.20000000"",""s"":""BTCUSDT"",""t"":6750016415}"
1791514227,123213699,spot,trade,0,0,1825,BTCUSDT,"{""E"":1791514227073,""M"":true,""T"":1791514227072,""e"":""trade"",""m"":false,""p"":""82128.94000000"",""q"":""0.00023000"",""s"":""BTCUSDT"",""t"":6750016416}"
1791514227,129836105,spot,trade,0,0,1826,BTCUSDT,"{""E"":1791514227079,""M"":true,""T"":1791514227079,""e"":""trade"",""m"":false,""p"":""82128.94000000"",""q"":""0.00013000"",""s"":""BTCUSDT"",""t"":6750016417}"
1791514227,166199738,spot,depth5,0,0,1827,BTCUSDT,"{""asks"":[[""82128.94000000"",""2.10856000""],[""82128.95000000"",""0.00049000""],[""82128.99000000"",""0.00021000""],[""82129.00000000"",""51.45891000""],[""82129.12000000"",""0.00010000""]],""bids"":[[""82128.93000000"",""15.50066000""],[""82128.92000000"",""0.00013000""],[""82128.91000000"",""0.00013000""],[""82128.63000000"",""0.95480000""],[""82128.54000000"",""0.00007000""]],""lastUpdateId"":101228076204}"
1791514227,166869939,spot,depth_diff,0,0,1828,BTCUSDT,"{""E"":1791514227114,""U"":101228076151,""a"":[[""82128.94000000"",""2.10856000""],[""82137.06000000"",""0.00000000""],[""82138.49000000"",""0.04608000""],[""82141.09000000"",""0.00012000""],[""82156.86000000"",""0.00000000""],[""82158.45000000"",""0.10876000""],[""82182.18000000"",""0.00060000""],[""82184.20000000"",""0.00060000""],[""83360.88000000"",""0.00030000""]],""b"":[[""82128.93000000"",""15.50066000""],[""82128.64000000"",""0.00000000""],[""82128.63000000"",""0.95480000""],[""82128.12000000"",""1.09710000""],[""82128.09000000"",""0.93503000""],[""82123.46000000"",""0.00400000""],[""82121.18000000"",""0.03061000""],[""82120.69000000"",""0.00389000""],[""82116.44000000"",""0.01100000""],[""82116.00000000"",""0.00012000""],[""82115.33000000"",""0.00000000""],[""82107.96000000"",""0.00000000""],[""82106.67000000"",""0.00200000""],[""82080.52000000"",""0.74378000""],[""82079.62000000"",""0.00389000""],[""82076.42000000"",""0.12131000""],[""82066.90000000"",""0.00000000""],[""82056.00000000"",""0.02800000""],[""82051.48000000"",""0.00000000""],[""82050.55000000"",""2.49850000""],[""82050.30000000"",""0.00000000""],[""82047.62000000"",""0.00000000""],[""82047.27000000"",""0.00000000""],[""82046.78000000"",""0.00389000""],[""82034.06000000"",""0.00000000""],[""80897.00000000"",""0.00016000""],[""80896.99000000"",""0.00030000""],[""73916.04000000"",""0.00023000""]],""e"":""depthUpdate"",""s"":""BTCUSDT"",""u"":101228076204}"
1791514227,186136956,spot,trade,0,0,1829,BTCUSDT,"{""E"":1791514227135,""M"":true,""T"":1791514227135,""e"":""trade"",""m"":false,""p"":""82128.94000000"",""q"":""0.01000000"",""s"":""BTCUSDT"",""t"":6750016418}"
1791514227,266057529,spot,depth5,0,0,1830,BTCUSDT,"{""asks"":[[""82128.94000000"",""2.09856000""],[""82128.95000000"",""0.00049000""],[""82128.99000000"",""0.00021000""],[""82129.00000000"",""51.45891000""],[""82129.12000000"",""0.00010000""]],""bids"":[[""82128.93000000"",""15.50066000""],[""82128.92000000"",""0.00013000""],[""82128.91000000"",""0.00013000""],[""82128.63000000"",""0.95480000""],[""82128.54000000"",""0.00007000""]],""lastUpdateId"":101228076224}"
1791514227,267614631,spot,depth_diff,0,0,1831,BTCUSDT,"{""E"":1791514227214,""U"":101228076205,""a"":[[""82128.94000000"",""2.09856000""],[""82137.06000000"",""0.00007000""],[""82147.53000000"",""0.00196000""],[""82156.83000000"",""0.00000000""],[""82156.87000000"",""0.00000000""],[""82156.88000000"",""0.00000000""],[""82188.04000000"",""0.02000000""],[""82210.38000000"",""0.00000000""]],""b"":[[""82128.10000000"",""0.43271000""],[""82128.09000000"",""0.58503000""],[""82127.82000000"",""0.03852000""],[""82122.97000000"",""0.00400000""],[""82054.28000000"",""0.02000000""],[""81981.56000000"",""0.00636000""],[""75543.28000000"",""0.00014000""],[""65702.48000000"",""0.00180000""]],""e"":""depthUpdate"",""s"":""BTCUSDT"",""u"":101228076224}"
1791514227,300067560,spot,trade,0,0,1832,BTCUSDT,"{""E"":1791514227249,""M"":true,""T"":1791514227249,""e"":""trade"",""m"":false,""p"":""82128.94000000"",""q"":""0.07020000"",""s"":""BTCUSDT"",""t"":6750016419}"
1791514227,333024990,spot,trade,0,0,1833,BTCUSDT,"{""E"":1791514227283,""M"":true,""T"":1791514227283,""e"":""trade"",""m"":false,""p"":""82128.94000000"",""q"":""0.02300000"",""s"":""BTCUSDT"",""t"":6750016420}"
1791514227,333605791,spot,trade,0,0,1834,BTCUSDT,"{""E"":1791514227284,""M"":true,""T"":1791514227283,""e"":""trade"",""m"":false,""p"":""82128.94000000"",""q"":""0.08000000"",""s"":""BTCUSDT"",""t"":6750016421}"
1791514227,334070491,spot,trade,0,0,1835,BTCUSDT,"{""E"":1791514227284,""M"":true,""T"":1791514227283,""e"":""trade"",""m"":false,""p"":""82128.94000000"",""q"":""0.01000000"",""s"":""BTCUSDT"",""t"":6750016422}"
1791514227,365171720,spot,depth5,0,0,1836,BTCUSDT,"{""asks"":[[""82128.94000000"",""1.91536000""],[""82128.95000000"",""0.00049000""],[""82128.99000000"",""0.00021000""],[""82129.00000000"",""51.45891000""],[""82129.12000000"",""0.00010000""]],""bids"":[[""82128.93000000"",""15.50066000""],[""82128.92000000"",""0.00013000""],[""82128.91000000"",""0.00013000""],[""82128.63000000"",""0.95480000""],[""82128.54000000"",""0.00007000""]],""lastUpdateId"":101228076242}"
1791514227,365905921,spot,depth_diff,0,0,1837,BTCUSDT,"{""E"":1791514227314,""U"":101228076225,""a"":[[""82128.94000000"",""1.91536000""],[""82134.79000000"",""0.30462000""],[""82135.18000000"",""0.00633000""],[""82138.49000000"",""0.07308000""],[""82139.39000000"",""0.10693000""],[""82139.47000000"",""0.00196000""],[""82156.85000000"",""0.00000000""],[""82173.70000000"",""0.00000000""]],""b"":[[""82117.34000000"",""0.00000000""],[""82115.80000000"",""0.02400000""],[""78021.69000000"",""0.00020000""],[""73916.04000000"",""0.00038000""]],""e"":""depthUpdate"",""s"":""BTCUSDT"",""u"":101228076242}"
1791514227,440815889,spot,trade,0,0,1838,BTCUSDT,"{""E"":1791514227388,""M"":true,""T"":1791514227388,""e"":""trade"",""m"":false,""p"":""82128.94000000"",""q"":""0.00025000"",""s"":""BTCUSDT"",""t"":6750016423}"
1791514227,464327510,spot,depth5,0,0,1839,BTCUSDT,"{""asks"":[[""82128.94000000"",""1.91511000""],[""82128.95000000"",""0.00049000""],[""82128.99000000"",""0.00021000""],[""82129.00000000"",""51.45891000""],[""82129.12000000"",""0.00010000""]],""bids"":[[""82128.93000000"",""15.50066000""],[""82128.92000000"",""0.00013000""],[""82128.91000000"",""0.00013000""],[""82128.63000000"",""0.95480000""],[""82128.54000000"",""0.00007000""]],""lastUpdateId"":101228076256}"
1791514227,465035811,spot,depth_diff,0,0,1840,BTCUSDT,"{""E"":1791514227414,""U"":101228076243,""a"":[[""82128.94000000"",""1.91511000""],[""82166.80000000"",""0.00000000""],[""82170.75000000"",""0.09020000""],[""82192.99000000"",""0.01000000""],[""82272.86000000"",""0.01907000""],[""82325.85000000"",""0.00000000""]],""b"":[[""82115.72000000"",""0.02400000""],[""82105.84000000"",""0.00000000""],[""80897.00000000"",""0.00024000""],[""80158.03000000"",""0.00000000""],[""73916.04000000"",""0.00030000""],[""73916.03000000"",""0.00008000""],[""73916.00000000"",""0.01354000""],[""65702.48000000"",""0.00150000""]],""e"":""depthUpdate"",""s"":""BTCUSDT"",""u"":101228076256}"
1791514227,564026701,spot,depth5,0,0,1841,BTCUSDT,"{""asks"":[[""82128.94000000"",""1.91511000""],[""82128.95000000"",""0.00049000""],[""82128.99000000"",""0.00021000""],[""82129.00000000"",""51.45891000""],[""82129.12000000"",""0.00010000""]],""bids"":[[""82128.93000000"",""15.50066000""],[""82128.92000000"",""0.00013000""],[""82128.91000000"",""0.00013000""],[""82128.63000000"",""0.95480000""],[""82128.54000000"",""0.00007000""]],""lastUpdateId"":101228076261}"
1791514227,565129202,spot,depth_diff,0,0,1842,BTCUSDT,"{""E"":1791514227514,""U"":101228076257,""a"":[[""82141.80000000"",""0.00951000""],[""82156.87000000"",""0.00000000""],[""82172.27000000"",""0.00000000""],[""82192.82000000"",""0.00000000""]],""b"":[[""82112.04000000"",""0.00000000""],[""82105.91000000"",""0.00000000""],[""82059.04000000"",""0.00000000""],[""82038.49000000"",""0.00000000""],[""80176.23000000"",""0.00000000""]],""e"":""depthUpdate"",""s"":""BTCUSDT"",""u"":101228076261}"
1791514227,580794517,spot,trade,0,0,1843,BTCUSDT,"{""E"":1791514227528,""M"":true,""T"":1791514227528,""e"":""trade"",""m"":false,""p"":""82128.94000000"",""q"":""0.00122000"",""s"":""BTCUSDT"",""t"":6750016424}"
1791514227,667454696,spot,depth5,0,0,1844,BTCUSDT,"{""asks"":[[""82128.94000000"",""1.91389000""],[""82128.95000000"",""0.00049000""],[""82128.99000000"",""0.00021000""],[""82129.00000000"",""51.45891000""],[""82129.12000000"",""0.00010000""]],""bids"":[[""82128.93000000"",""15.50073000""],[""82128.92000000"",""0.00013000""],[""82128.91000000"",""0.00013000""],[""82128.63000000"",""0.95480000""],[""82128.54000000"",""0.00007000""]],""lastUpdateId"":101228076290}"
1791514227,668377497,spot,depth_diff,0,0,1845,BTCUSDT,"{""E"":1791514227614,""U"":101228076262,""a"":[[""82128.94000000"",""1.91389000""],[""82140.52000000"",""0.00070000""],[""82142.57000000"",""0.00200000""],[""82146.96000000"",""0.02607000""],[""82147.52000000"",""0.00400000""],[""82156.88000000"",""0.00000000""],[""82162.84000000"",""0.00200000""],[""82167.51000000"",""0.02600000""],[""82188.07000000"",""0.02600000""],[""82192.99000000"",""0.00000000""],[""82193.23000000"",""0.00000000""],[""82193.78000000"",""0.00000000""],[""82193.82000000"",""0.00982000""],[""82231.19000000"",""0.72684000""]],""b"":[[""82128.93000000"",""15.50073000""],[""82126.29000000"",""0.00155000""],[""82119.76000000"",""0.02000000""],[""82118.06000000"",""0.00000000""],[""82078.65000000"",""0.02000000""],[""73916.04000000"",""0.00045000""],[""65703.00000000"",""0.00000000""],[""65702.48000000"",""0.00120000""]],""e"":""depthUpdate"",""s"":""BTCUSDT"",""u"":101228076290}"
1791514227,738058160,spot,trade,0,0,1846,BTCUSDT,"{""E"":1791514227686,""M"":true,""T"":1791514227686,""e"":""trade"",""m"":false,""p"":""82128.94000000"",""q"":""0.04000000"",""s"":""BTCUSDT"",""t"":6750016425}"
1791514227,738907661,spot,trade,0,0,1847,BTCUSDT,"{""E"":1791514227686,""M"":true,""T"":1791514227686,""e"":""trade"",""m"":false,""p"":""82128.94000000"",""q"":""0.02000000"",""s"":""BTCUSDT"",""t"":6750016426}"
1791514227,739494162,spot,trade,0,0,1848,BTCUSDT,"{""E"":1791514227687,""M"":true,""T"":1791514227686,""e"":""trade"",""m"":false,""p"":""82128.94000000"",""q"":""0.00600000"",""s"":""BTCUSDT"",""t"":6750016427}"
1791514227,740009562,spot,trade,0,0,1849,BTCUSDT,"{""E"":1791514227687,""M"":true,""T"":1791514227686,""e"":""trade"",""m"":false,""p"":""82128.94000000"",""q"":""0.01000000"",""s"":""BTCUSDT"",""t"":6750016428}"
1791514227,764687685,spot,depth5,0,0,1850,BTCUSDT,"{""asks"":[[""82128.94000000"",""1.83802000""],[""82128.95000000"",""0.00049000""],[""82128.99000000"",""0.00021000""],[""82129.00000000"",""51.45891000""],[""82129.12000000"",""0.00010000""]],""bids"":[[""82128.93000000"",""15.50080000""],[""82128.92000000"",""0.00013000""],[""82128.91000000"",""0.00013000""],[""82128.63000000"",""0.95480000""],[""82128.54000000"",""0.00007000""]],""lastUpdateId"":101228076300}"
1791514227,765742586,spot,depth_diff,0,0,1851,BTCUSDT,"{""E"":1791514227714,""U"":101228076291,""a"":[[""82128.94000000"",""1.83802000""]],""b"":[[""82128.93000000"",""15.50080000""],[""80897.00000000"",""0.00032000""],[""73916.03000000"",""0.00000000""],[""65703.00000000"",""0.00000000""]],""e"":""depthUpdate"",""s"":""BTCUSDT"",""u"":101228076300}"
1791514227,830595145,spot,trade,0,0,1852,BTCUSDT,"{""E"":1791514227779,""M"":true,""T"":1791514227779,""e"":""trade"",""m"":true,""p"":""82128.93000000"",""q"":""0.05464000"",""s"":""BTCUSDT"",""t"":6750016429}"
1791514227,863144875,spot,depth5,0,0,1853,BTCUSDT,"{""asks"":[[""82128.94000000"",""1.83802000""],[""82128.95000000"",""0.00049000""],[""82128.99000000"",""0.00021000""],[""82129.00000000"",""51.45891000""],[""82129.12000000"",""0.00010000""]],""bids"":[[""82128.93000000"",""15.44616000""],[""82128.92000000"",""0.00013000""],[""82128.91000000"",""0.00013000""],[""82128.63000000"",""0.95480000""],[""82128.54000000"",""0.00007000""]],""lastUpdateId"":101228076307}"
1791514227,864513776,spot,depth_diff,0,0,1854,BTCUSDT,"{""E"":1791514227814,""U"":101228076301,""a"":[[""82156.88000000"",""0.00000000""]],""b"":[[""82128.93000000"",""15.44616000""],[""80238.27000000"",""0.00000000""],[""75543.28000000"",""0.00000000""],[""73916.04000000"",""0.00060000""],[""65702.48000000"",""0.00090000""]],""e"":""depthUpdate"",""s"":""BTCUSDT"",""u"":101228076307}"
1791514227,890857900,spot,trade,0,0,1855,BTCUSDT,"{""E"":1791514227839,""M"":true,""T"":1791514227839,""e"":""trade"",""m"":false,""p"":""82128.94000000"",""q"":""0.00015000"",""s"":""BTCUSDT"",""t"":6750016430}"
1791514227,962944466,spot,depth5,0,0,1856,BTCUSDT,"{""asks"":[[""82128.94000000"",""1.83787000""],[""82128.95000000"",""0.00049000""],[""82128.99000000"",""0.00021000""],[""82129.00000000"",""51.45891000""],[""82129.12000000"",""0.00010000""]],""bids"":[[""82128.93000000"",""15.44616000""],[""82128.92000000"",""0.00013000""],[""82128.91000000"",""0.00013000""],[""82128.63000000"",""0.95480000""],[""82128.54000000"",""0.00007000""]],""lastUpdateId"":101228076318}"
1791514227,963694466,spot,depth_diff,0,0,1857,BTCUSDT,"{""E"":1791514227914,""U"":101228076308,""a"":[[""82128.94000000"",""1.83787000""],[""82141.66000000"",""0.00007000""],[""82170.75000000"",""0.00000000""],[""82171.21000000"",""0.09007000""],[""82193.82000000"",""0.00000000""]],""b"":[[""82108.80000000"",""0.00007000""],[""82051.48000000"",""0.00856000""],[""81995.63000000"",""0.00000000""],[""65703.00000000"",""0.00000000""]],""e"":""depthUpdate"",""s"":""BTCUSDT"",""u"":101228076318}"
1791514228,80045673,spot,depth5,0,0,1858,BTCUSDT,"{""asks"":[[""82128.94000000"",""2.01482000""],[""82128.95000000"",""0.00049000""],[""82128.99000000"",""0.00021000""],[""82129.00000000"",""51.45891000""],[""82129.12000000"",""0.00010000""]],""bids"":[[""82128.93000000"",""15.44616000""],[""82128.92000000"",""0.00013000""],[""82128.91000000"",""0.00013000""],[""82128.63000000"",""0.95480000""],[""82128.54000000"",""0.00007000""]],""lastUpdateId"":101228076328}"
1791514228,81890175,spot,depth_diff,0,0,1859,BTCUSDT,"{""E"":1791514228014,""U"":101228076319,""a"":[[""82128.94000000"",""2.01482000""],[""82156.92000000"",""0.12587000""]],""b"":[[""81995.63000000"",""0.21518000""],[""80897.00000000"",""0.00040000""],[""65703.15000000"",""0.00240000""],[""65702.48000000"",""0.00060000""]],""e"":""depthUpdate"",""s"":""BTCUSDT"",""u"":101228076328}"
1791514228,88999781,spot,trade,0,0,1860,BTCUSDT,"{""E"":1791514228037,""M"":true,""T"":1791514228037,""e"":""trade"",""m"":false,""p"":""82128.94000000"",""q"":""0.01300000"",""s"":""BTCUSDT"",""t"":6750016431}"
1791514228,103266894,spot,trade,0,0,1861,BTCUSDT,"{""E"":1791514228051,""M"":true,""T"":1791514228050,""e"":""trade"",""m"":false,""p"":""82128.94000000"",""q"":""0.00100000"",""s"":""BTCUSDT"",""t"":6750016432}"
1791514228,170977656,spot,depth5,0,0,1862,BTCUSDT,"{""asks"":[[""82128.94000000"",""2.17185000""],[""82128.95000000"",""0.00062000""],[""82128.96000000"",""0.00013000""],[""82128.99000000"",""0.00021000""],[""82129.00000000"",""51.45891000""]],""bids"":[[""82128.93000000"",""15.44623000""],[""82128.92000000"",""0.00013000""],[""82128.91000000"",""0.00013000""],[""82128.63000000"",""0.95480000""],[""82128.54000000"",""0.00007000""]],""lastUpdateId"":101228076348}"
1791514228,177544162,spot,depth_diff,0,0,1863,BTCUSDT,"{""E"":1791514228114,""U"":101228076329,""a"":[[""82128.94000000"",""2.17185000""],[""82128.95000000"",""0.00062000""],[""82128.96000000"",""0.00013000""],[""82172.19000000"",""0.63410000""],[""83360.88000000"",""0.00030000""]],""b"":[[""82128.93000000"",""15.44623000""],[""82121.18000000"",""0.03068000""],[""82121.12000000"",""0.44837000""],[""82087.80000000"",""0.52874000""],[""82058.43000000"",""0.32505000""],[""82031.14000000"",""0.26527000""],[""80896.99000000"",""0.00000000""],[""73916.04000000"",""0.00083000""]],""e"":""depthUpdate"",""s"":""BTCUSDT"",""u"":101228076348}"
1791514228,194516278,spot,trade,0,0,1864,BTCUSDT,"{""E"":1791514228142,""M"":true,""T"":1791514228142,""e"":""trade"",""m"":false,""p"":""82128.94000000"",""q"":""0.01300000"",""s"":""BTCUSDT"",""t"":6750016433}"
1791514228,266503644,spot,depth5,0,0,1865,BTCUSDT,"{""asks"":[[""82128.94000000"",""1.81100000""],[""82128.95000000"",""0.00062000""],[""82128.96000000"",""0.00013000""],[""82128.99000000"",""0.00021000""],[""82129.00000000"",""51.45891000""]],""bids"":[[""82128.93000000"",""15.44623000""],[""82128.92000000"",""0.00013000""],[""82128.91000000"",""0.00013000""],[""82128.63000000"",""0.95480000""],[""82128.54000000"",""0.00007000""]],""lastUpdateId"":101228076367}"
1791514228,270530647,spot,depth_diff,0,0,1866,BTCUSDT,"{""E"":1791514228214,""U"":101228076349,""a"":[[""82128.94000000"",""1.81100000""],[""82142.45000000"",""0.00210000""],[""82142.57000000"",""0.00000000""],[""82146.95000000"",""0.00000000""],[""82147.35000000"",""0.00600000""],[""82147.52000000"",""0.00000000""],[""82156.92000000"",""0.00400000""]],""b"":[[""82114.26000000"",""0.32907000""],[""82099.22000000"",""0.00000000""],[""81882.01000000"",""0.00756000""],[""81876.01000000"",""0.00000000""],[""80896.99000000"",""0.00030000""],[""80318.59000000"",""0.00000000""],[""80256.49000000"",""0.00000000""],[""65702.48000000"",""0.00030000""]],""e"":""depthUpdate"",""s"":""BTCUSDT"",""u"":101228076367}"
1791514228,280495456,spot,trade,0,0,1867,BTCUSDT,"{""E"":1791514228224,""M"":true,""T"":1791514228224,""e"":""trade"",""m"":false,""p"":""82128.94000000"",""q"":""0.01100000"",""s"":""BTCUSDT"",""t"":6750016434}"
1791514228,327464900,spot,trade,0,0,1868,BTCUSDT,"{""E"":1791514228276,""M"":true,""T"":1791514228276,""e"":""trade"",""m"":false,""p"":""82128.94000000"",""q"":""0.08723000"",""s"":""BTCUSDT"",""t"":6750016435}"
1791514228,366033335,spot,depth5,0,0,1869,BTCUSDT,"{""asks"":[[""82128.94000000"",""1.89394000""],[""82128.95000000"",""0.00062000""],[""82128.96000000"",""0.00013000""],[""82128.99000000"",""0.00021000""],[""82129.00000000"",""51.45891000""]],""bids"":[[""82128.93000000"",""15.44623000""],[""82128.92000000"",""0.00013000""],[""82128.91000000"",""0.00013000""],[""82128.63000000"",""0.95480000""],[""82128.54000000"",""0.00007000""]],""lastUpdateId"":101228076374}"
1791514228,369210838,spot,depth_diff,0,0,1870,BTCUSDT,"{""E"":1791514228314,""U"":101228076368,""a"":[[""82128.94000000"",""1.89394000""]],""b"":[[""82095.13000000"",""0.02400000""],[""80897.00000000"",""0.00048000""],[""73916.04000000"",""0.00098000""]],""e"":""depthUpdate"",""s"":""BTCUSDT"",""u"":101228076374}"
1791514228,466059526,spot,depth5,0,0,1871,BTCUSDT,"{""asks"":[[""82128.94000000"",""1.89394000""],[""82128.95000000"",""0.00062000""],[""82128.96000000"",""0.00013000""],[""82128.99000000"",""0.00021000""],[""82129.00000000"",""51.45891000""]],""bids"":[[""82128.93000000"",""15.44623000""],[""82128.92000000"",""0.00013000""],[""82128.91000000"",""0.00013000""],[""82128.63000000"",""0.95480000""],[""82128.54000000"",""0.00007000""]],""lastUpdateId"":101228076377}"
1791514228,467429728,spot,depth_diff,0,0,1872,BTCUSDT,"{""E"":1791514228414,""U"":101228076375,""a"":[[""82193.84000000"",""0.00976000""]],""b"":[[""82095.05000000"",""0.02000000""],[""65702.48000000"",""0.00000000""]],""e"":""depthUpdate"",""s"":""BTCUSDT"",""u"":101228076377}"
1791514228,483277142,spot,trade,0,0,1873,BTCUSDT,"{""E"":1791514228428,""M"":true,""T"":1791514228428,""e"":""trade"",""m"":false,""p"":""82128.94000000"",""q"":""0.00068000"",""s"":""BTCUSDT"",""t"":6750016436}"
1791514228,511944469,spot,trade,0,0,1874,BTCUSDT,"{""E"":1791514228459,""M"":true,""T"":1791514228459,""e"":""trade"",""m"":false,""p"":""82128.94000000"",""q"":""0.01500000"",""s"":""BTCUSDT"",""t"":6750016437}"
1791514228,564321016,spot,depth5,0,0,1875,BTCUSDT,"{""asks"":[[""82128.94000000"",""2.94299000""],[""82128.95000000"",""0.00062000""],[""82128.96000000"",""0.00013000""],[""82128.99000000"",""0.00021000""],[""82129.00000000"",""51.45891000""]],""bids"":[[""82128.93000000"",""15.44623000""],[""82128.92000000"",""0.00013000""],[""82128.91000000"",""0.00013000""],[""82128.63000000"",""0.95480000""],[""82128.54000000"",""0.00007000""]],""lastUpdateId"":101228076389}"
1791514228,565332617,spot,depth_diff,0,0,1876,BTCUSDT,"{""E"":1791514228514,""U"":101228076378,""a"":[[""82128.94000000"",""2.94299000""]],""b"":[[""82127.82000000"",""0.03652000""],[""80897.00000000"",""0.00056000""],[""80336.83000000"",""0.00000000""],[""73916.04000000"",""0.00090000""],[""73916.03000000"",""0.00008000""],[""73916.00000000"",""0.01354000""],[""65703.00000000"",""0.00000000""]],""e"":""depthUpdate"",""s"":""BTCUSDT"",""u"":101228076389}"
1791514228,663763908,spot,depth5,0,0,1877,BTCUSDT,"{""asks"":[[""82128.94000000"",""2.94299000""],[""82128.95000000"",""0.00062000""],[""82128.96000000"",""0.00013000""],[""82128.99000000"",""0.00021000""],[""82129.00000000"",""51.45891000""]],""bids"":[[""82128.93000000"",""15.45840000""],[""82128.92000000"",""0.00013000""],[""82128.91000000"",""0.00013000""],[""82128.63000000"",""0.95480000""],[""82128.54000000"",""0.00007000""]],""lastUpdateId"":101228076398}"
1791514228,664705908,spot,depth_diff,0,0,1878,BTCUSDT,"{""E"":1791514228614,""U"":101228076390,""a"":[],""b"":[[""82128.93000000"",""15.45840000""],[""82127.26000000"",""0.00200000""],[""82058.10000000"",""0.02000000""],[""82042.12000000"",""0.00000000""],[""80497.75000000"",""0.00000000""],[""80479.47000000"",""0.00000000""],[""80417.25000000"",""0.00000000""],[""80398.99000000"",""0.00000000""],[""65703.15000000"",""0.00210000""]],""e"":""depthUpdate"",""s"":""BTCUSDT"",""u"":101228076398}"
1791514228,681912524,spot,trade,0,0,1879,BTCUSDT,"{""E"":1791514228631,""M"":true,""T"":1791514228631,""e"":""trade"",""m"":false,""p"":""82128.94000000"",""q"":""0.00013000"",""s"":""BTCUSDT"",""t"":6750016438}"
1791514228,762878898,spot,depth5,0,0,1880,BTCUSDT,"{""asks"":[[""82128.94000000"",""3.30239000""],[""82128.95000000"",""0.00062000""],[""82128.96000000"",""0.00013000""],[""82128.99000000"",""0.00021000""],[""82129.00000000"",""51.45891000""]],""bids"":[[""82128.93000000"",""15.15480000""],[""82128.92000000"",""0.00013000""],[""82128.91000000"",""0.00013000""],[""82128.63000000"",""0.95480000""],[""82128.54000000"",""0.00007000""]],""lastUpdateId"":101228076417}"
1791514228,764137700,spot,depth_diff,0,0,1881,BTCUSDT,"{""E"":1791514228714,""U"":101228076399,""a"":[[""82128.94000000"",""3.30239000""],[""82206.15000000"",""1.57611000""],[""82206.63000000"",""4.13875000""]],""b"":[[""82128.93000000"",""15.15480000""],[""82123.46000000"",""0.00200000""],[""82122.97000000"",""0.00000000""],[""82121.91000000"",""0.00600000""],[""82089.31000000"",""0.65347000""],[""82043.55000000"",""0.00000000""],[""82042.06000000"",""0.00000000""],[""80560.04000000"",""0.00000000""],[""79800.00000000"",""10.25684000""]],""e"":""depthUpdate"",""s"":""BTCUSDT"",""u"":101228076417}"
1791514228,830522860,spot,trade,0,0,1882,BTCUSDT,"{""E"":1791514228779,""M"":true,""T"":1791514228779,""e"":""trade"",""m"":false,""p"":""82128.94000000"",""q"":""0.00037000"",""s"":""BTCUSDT"",""t"":6750016439}"
1791514228,843126572,spot,trade,0,0,1883,BTCUSDT,"{""E"":1791514228793,""M"":true,""T"":1791514228792,""e"":""trade"",""m"":false,""p"":""82128.94000000"",""q"":""0.00100000"",""s"":""BTCUSDT"",""t"":6750016440}"
1791514228,863311990,spot,depth5,0,0,1884,BTCUSDT,"{""asks"":[[""82128.94000000"",""3.31455000""],[""82128.95000000"",""0.00062000""],[""82128.96000000"",""0.00013000""],[""82128.99000000"",""0.00021000""],[""82129.00000000"",""51.45891000""]],""bids"":[[""82128.93000000"",""15.15480000""],[""82128.92000000"",""0.00013000""],[""82128.91000000"",""0.00013000""],[""82128.63000000"",""0.95480000""],[""82128.54000000"",""0.00007000""]],""lastUpdateId"":101228076431}"
1791514228,864866092,spot,depth_diff,0,0,1885,BTCUSDT,"{""E"":1791514228814,""U"":101228076418,""a"":[[""82128.94000000"",""3.31455000""],[""82157.16000000"",""0.00000000""],[""82157.18000000"",""0.00000000""]],""b"":[[""80897.00000000"",""0.00064000""],[""80578.33000000"",""0.00000000""],[""73916.03000000"",""0.00000000""],[""65703.15000000"",""0.00180000""]],""e"":""depthUpdate"",""s"":""BTCUSDT"",""u"":101228076431}"
1791514228,870701897,spot,trade,0,0,1886,BTCUSDT,"{""E"":1791514228814,""M"":true,""T"":1791514228814,""e"":""trade"",""m"":false,""p"":""82128.94000000"",""q"":""0.00200000"",""s"":""BTCUSDT"",""t"":6750016441}"
1791514228,871279498,spot,trade,0,0,1887,BTCUSDT,"{""E"":1791514228814,""M"":true,""T"":1791514228814,""e"":""trade"",""m"":false,""p"":""82128.94000000"",""q"":""0.04000000"",""s"":""BTCUSDT"",""t"":6750016442}"
1791514228,872493999,spot,trade,0,0,1888,BTCUSDT,"{""E"":1791514228815,""M"":true,""T"":1791514228814,""e"":""trade"",""m"":false,""p"":""82128.94000000"",""q"":""0.02000000"",""s"":""BTCUSDT"",""t"":6750016443}"
1791514228,966383385,spot,depth5,0,0,1889,BTCUSDT,"{""asks"":[[""82128.94000000"",""3.07788000""],[""82128.95000000"",""0.00062000""],[""82128.96000000"",""0.00013000""],[""82128.99000000"",""0.00021000""],[""82129.00000000"",""51.45891000""]],""bids"":[[""82128.93000000"",""15.15480000""],[""82128.92000000"",""0.00013000""],[""82128.91000000"",""0.00013000""],[""82128.63000000"",""0.95480000""],[""82128.54000000"",""0.00007000""]],""lastUpdateId"":101228076448}"
1791514228,968825787,spot,depth_diff,0,0,1890,BTCUSDT,"{""E"":1791514228914,""U"":101228076432,""a"":[[""82128.94000000"",""3.07788000""],[""82132.80000000"",""0.00007000""],[""82133.55000000"",""0.00736000""],[""82141.66000000"",""0.00000000""],[""82157.17000000"",""0.00000000""]],""b"":[[""82127.26000000"",""0.00000000""],[""82108.80000000"",""0.00000000""],[""80658.99000000"",""0.00000000""],[""80640.69000000"",""0.00000000""],[""80500.00000000"",""34.92409000""],[""73916.04000000"",""0.00105000""],[""65703.00000000"",""0.00000000""]],""e"":""depthUpdate"",""s"":""BTCUSDT"",""u"":101228076448}"
1791514229,16983431,spot,trade,0,0,1891,BTCUSDT,"{""E"":1791514228966,""M"":true,""T"":1791514228966,""e"":""trade"",""m"":false,""p"":""82128.94000000"",""q"":""0.02191000"",""s"":""BTCUSDT"",""t"":6750016444}"
1791514229,66352577,spot,depth5,0,0,1892,BTCUSDT,"{""asks"":[[""82128.94000000"",""3.05597000""],[""82128.95000000"",""0.00062000""],[""82128.96000000"",""0.00013000""],[""82128.99000000"",""0.00021000""],[""82129.00000000"",""51.45891000""]],""bids"":[[""82128.93000000"",""15.15480000""],[""82128.92000000"",""0.00013000""],[""82128.91000000"",""0.00013000""],[""82128.89000000"",""0.00745000""],[""82128.63000000"",""0.95480000""]],""lastUpdateId"":101228076459}"
1791514229,67501478,spot,depth_diff,0,0,1893,BTCUSDT,"{""E"":1791514229014,""U"":101228076449,""a"":[[""82128.94000000"",""3.05597000""],[""82141.66000000"",""0.00007000""]],""b"":[[""82128.89000000"",""0.00745000""],[""82108.80000000"",""0.00007000""],[""80703.77000000"",""0.03664000""],[""80700.18000000"",""0.00000000""],[""65703.15000000"",""0.00270000""]],""e"":""depthUpdate"",""s"":""BTCUSDT"",""u"":101228076459}"
1791514229,106880214,spot,trade,0,0,1894,BTCUSDT,"{""E"":1791514229056,""M"":true,""T"":1791514229056,""e"":""trade"",""m"":false,""p"":""82128.94000000"",""q"":""0.00300000"",""s"":""BTCUSDT"",""t"":6750016445}"
1791514229,165403668,spot,depth5,0,0,1895,BTCUSDT,"{""asks"":[[""82128.94000000"",""3.05297000""],[""82128.95000000"",""0.00062000""],[""82128.96000000"",""0.00013000""],[""82128.99000000"",""0.00021000""],[""82129.00000000"",""51.45891000""]],""bids"":[[""82128.93000000"",""15.15480000""],[""82128.92000000"",""0.00013000""],[""82128.91000000"",""0.00013000""],[""82128.89000000"",""0.00745000""],[""82128.63000000"",""0.95480000""]],""lastUpdateId"":101228076478}"
1791514229,166095168,spot,depth_diff,0,0,1896,BTCUSDT,"{""E"":1791514229114,""U"":101228076460,""a"":[[""82128.94000000"",""3.05297000""],[""82157.21000000"",""0.00000000""],[""82157.25000000"",""0.00000000""],[""82160.27000000"",""0.24488000""],[""82172.19000000"",""0.50197000""],[""82172.42000000"",""0.00000000""],[""82212.26000000"",""0.00000000""],[""83360.88000000"",""0.00030000""],[""85010.45000000"",""0.00000000""]],""b"":[[""82126.95000000"",""0.00200000""],[""82072.01000000"",""0.03828000""],[""82043.57000000"",""1.24021000""],[""80897.00000000"",""0.00072000""],[""78767.41000000"",""0.00000000""],[""73916.04000000"",""0.00128000""]],""e"":""depthUpdate"",""s"":""BTCUSDT"",""u"":101228076478}"
1791514229,187938588,spot,trade,0,0,1897,BTCUSDT,"{""E"":1791514229137,""M"":true,""T"":1791514229137,""e"":""trade"",""m"":false,""p"":""82128.94000000"",""q"":""0.00100000"",""s"":""BTCUSDT"",""t"":6750016446}"
1791514229,264562159,spot,depth5,0,0,1898,BTCUSDT,"{""asks"":[[""82128.94000000"",""3.05197000""],[""82128.95000000"",""0.00062000""],[""82128.96000000"",""0.00013000""],[""82128.99000000"",""0.00021000""],[""82129.00000000"",""51.45891000""]],""bids"":[[""82128.93000000"",""15.15480000""],[""82128.92000000"",""0.00013000""],[""82128.91000000"",""0.00013000""],[""82128.89000000"",""0.00745000""],[""82128.63000000"",""0.95480000""]],""lastUpdateId"":101228076489}"
1791514229,265553360,spot,depth_diff,0,0,1899,BTCUSDT,"{""E"":1791514229214,""U"":101228076479,""a"":[[""82128.94000000"",""3.05197000""],[""82157.20000000"",""0.00000000""],[""82173.41000000"",""0.50739000""],[""82222.44000000"",""0.01948000""]],""b"":[[""82121.12000000"",""0.00000000""],[""80896.99000000"",""0.00030000""],[""65703.15000000"",""0.00240000""],[""65703.00000000"",""0.00000000""]],""e"":""depthUpdate"",""s"":""BTCUSDT"",""u"":101228076489}"
1791514229,364718851,spot,depth5,0,0,1900,BTCUSDT,"{""asks"":[[""82128.94000000"",""3.05197000""],[""82128.95000000"",""0.00062000""],[""82128.96000000"",""0.00013000""],[""82128.99000000"",""0.00021000""],[""82129.00000000"",""51.45891000""]],""bids"":[[""82128.93000000"",""15.15473000""],[""82128.92000000"",""0.00013000""],[""82128.91000000"",""0.00013000""],[""82128.89000000"",""0.00745000""],[""82128.63000000"",""0.95480000""]],""lastUpdateId"":101228076501}"
1791514229,365386651,spot,depth_diff,0,0,1901,BTCUSDT,"{""E"":1791514229314,""U"":101228076490,""a"":[[""82157.21000000"",""0.00000000""],[""82157.22000000"",""0.00000000""],[""82157.25000000"",""0.12186000""],[""82188.85000000"",""0.00000000""]],""b"":[[""82128.93000000"",""15.15473000""],[""82126.95000000"",""0.00000000""],[""82123.46000000"",""0.00000000""],[""82121.58000000"",""0.00200000""],[""82121.18000000"",""0.03061000""],[""80897.00000000"",""0.00064000""]],""e"":""depthUpdate"",""s"":""BTCUSDT"",""u"":101228076501}"
1791514229,388696573,spot,trade,0,0,1902,BTCUSDT,"{""E"":1791514229338,""M"":true,""T"":1791514229338,""e"":""trade"",""m"":false,""p"":""82128.94000000"",""q"":""0.01400000"",""s"":""BTCUSDT"",""t"":6750016447}"
1791514229,389418874,spot,trade,0,0,1903,BTCUSDT,"{""E"":1791514229338,""M"":true,""T"":1791514229338,""e"":""trade"",""m"":false,""p"":""82128.94000000"",""q"":""0.00200000"",""s"":""BTCUSDT"",""t"":6750016448}"
1791514229,430351911,spot,trade,0,0,1904,BTCUSDT,"{""E"":1791514229378,""M"":true,""T"":1791514229378,""e"":""trade"",""m"":false,""p"":""82128.94000000"",""q"":""0.00013000"",""s"":""BTCUSDT"",""t"":6750016449}"
1791514229,466160144,spot,depth5,0,0,1905,BTCUSDT,"{""asks"":[[""82128.94000000"",""3.03584000""],[""82128.95000000"",""0.00062000""],[""82128.96000000"",""0.00013000""],[""82128.99000000"",""0.00021000""],[""82129.00000000"",""51.45891000""]],""bids"":[[""82128.93000000"",""15.15473000""],[""82128.92000000"",""0.00013000""],[""82128.91000000"",""0.00013000""],[""82128.89000000"",""0.00745000""],[""82128.63000000"",""0.95480000""]],""lastUpdateId"":101228076510}"
1791514229,466816945,spot,depth_diff,0,0,1906,BTCUSDT,"{""E"":1791514229414,""U"":101228076502,""a"":[[""82128.94000000"",""3.03584000""],[""82157.25000000"",""0.00000000""]],""b"":[[""81882.01000000"",""0.00000000""],[""81880.01000000"",""0.00756000""],[""80897.00000000"",""0.00072000""],[""73916.04000000"",""0.00135000""],[""73916.03000000"",""0.00008000""],[""65703.15000000"",""0.00210000""]],""e"":""depthUpdate"",""s"":""BTCUSDT"",""u"":101228076510}"
1791514229,490250266,spot,trade,0,0,1907,BTCUSDT,"{""E"":1791514229436,""M"":true,""T"":1791514229436,""e"":""trade"",""m"":false,""p"":""82128.94000000"",""q"":""0.00037000"",""s"":""BTCUSDT"",""t"":6750016450}"
1791514229,491283267,spot,trade,0,0,1908,BTCUSDT,"{""E"":1791514229440,""M"":true,""T"":1791514229440,""e"":""trade"",""m"":false,""p"":""82128.94000000"",""q"":""0.00037000"",""s"":""BTCUSDT"",""t"":6750016451}"
1791514229,496346072,spot,trade,0,0,1909,BTCUSDT,"{""E"":1791514229443,""M"":true,""T"":1791514229442,""e"":""trade"",""m"":false,""p"":""82128.94000000"",""q"":""0.00013000"",""s"":""BTCUSDT"",""t"":6750016452}"
1791514229,497960973,spot,trade,0,0,1910,BTCUSDT,"{""E"":1791514229446,""M"":true,""T"":1791514229446,""e"":""trade"",""m"":false,""p"":""82128.94000000"",""q"":""0.00300000"",""s"":""BTCUSDT"",""t"":6750016453}"
1791514229,539921112,spot,trade,0,0,1911,BTCUSDT,"{""E"":1791514229488,""M"":true,""T"":1791514229488,""e"":""trade"",""m"":false,""p"":""82128.94000000"",""q"":""0.00500000"",""s"":""BTCUSDT"",""t"":6750016454}"
1791514229,566119036,spot,depth5,0,0,1912,BTCUSDT,"{""asks"":[[""82128.94000000"",""1.96237000""],[""82128.95000000"",""0.00062000""],[""82128.96000000"",""0.00013000""],[""82128.99000000"",""0.00021000""],[""82129.00000000"",""51.45891000""]],""bids"":[[""82128.93000000"",""15.15473000""],[""82128.92000000"",""0.00013000""],[""82128.91000000"",""0.00013000""],[""82128.89000000"",""0.00745000""],[""82128.63000000"",""0.95480000""]],""lastUpdateId"":101228076525}"
1791514229,570656940,spot,depth_diff,0,0,1913,BTCUSDT,"{""E"":1791514229514,""U"":101228076511,""a"":[[""82128.94000000"",""1.96237000""],[""82132.80000000"",""0.00000000""]],""b"":[[""82126.89000000"",""0.00200000""],[""80709.52000000"",""0.00000000""],[""80708.42000000"",""0.00000000""],[""80703.77000000"",""0.00000000""],[""65703.15000000"",""0.00330000""]],""e"":""depthUpdate"",""s"":""BTCUSDT"",""u"":101228076525}"
1791514229,672385534,spot,depth5,0,0,1914,BTCUSDT,"{""asks"":[[""82128.94000000"",""1.96237000""],[""82128.95000000"",""0.00062000""],[""82128.96000000"",""0.00013000""],[""82128.99000000"",""0.00021000""],[""82129.00000000"",""51.45891000""]],""bids"":[[""82128.93000000"",""15.15473000""],[""82128.92000000"",""0.00013000""],[""82128.91000000"",""0.00013000""],[""82128.89000000"",""0.00745000""],[""82128.63000000"",""0.95480000""]],""lastUpdateId"":101228076537}"
1791514229,673651635,spot,depth_diff,0,0,1915,BTCUSDT,"{""E"":1791514229614,""U"":101228076526,""a"":[[""82157.17000000"",""0.00000000""],[""82157.19000000"",""0.00000000""],[""82228.49000000"",""0.72684000""],[""82231.19000000"",""0.00000000""]],""b"":[[""80897.00000000"",""0.00072000""],[""73916.04000000"",""0.00150000""],[""73916.00000000"",""0.01354000""],[""65703.15000000"",""0.00300000""]],""e"":""depthUpdate"",""s"":""BTCUSDT"",""u"":101228076537}"
1791514229,767071321,spot,depth5,0,0,1916,BTCUSDT,"{""asks"":[[""82128.94000000"",""1.96237000""],[""82128.95000000"",""0.00062000""],[""82128.96000000"",""0.00013000""],[""82128.99000000"",""0.00021000""],[""82129.00000000"",""51.45891000""]],""bids"":[[""82128.93000000"",""15.15473000""],[""82128.92000000"",""0.00013000""],[""82128.91000000"",""0.00013000""],[""82128.89000000"",""0.00745000""],[""82128.63000000"",""0.95480000""]],""lastUpdateId"":101228076547}"
1791514229,774779128,spot,depth_diff,0,0,1917,BTCUSDT,"{""E"":1791514229714,""U"":101228076538,""a"":[],""b"":[[""82078.94000000"",""0.01788000""],[""81002.47000000"",""0.00000000""],[""80722.13000000"",""0.00000000""],[""80721.42000000"",""0.00000000""],[""65703.00000000"",""0.00000000""]],""e"":""depthUpdate"",""s"":""BTCUSDT"",""u"":101228076547}"
1791514229,864666310,spot,depth5,0,0,1918,BTCUSDT,"{""asks"":[[""82128.94000000"",""1.90113000""],[""82128.95000000"",""0.00062000""],[""82128.96000000"",""0.00013000""],[""82128.99000000"",""0.00021000""],[""82129.00000000"",""51.45891000""]],""bids"":[[""82128.93000000"",""15.15473000""],[""82128.92000000"",""0.00013000""],[""82128.91000000"",""0.00013000""],[""82128.89000000"",""0.00745000""],[""82128.63000000"",""0.95480000""]],""lastUpdateId"":101228076560}"
1791514229,869325015,spot,depth_diff,0,0,1919,BTCUSDT,"{""E"":1791514229814,""U"":101228076548,""a"":[[""82128.94000000"",""1.90113000""],[""82133.28000000"",""0.03158000""],[""82133.55000000"",""0.00000000""],[""82134.51000000"",""0.04009000""],[""82183.70000000"",""0.00000000""],[""82200.51000000"",""0.06090000""]],""b"":[[""82057.75000000"",""0.00000000""],[""65703.15000000"",""0.00270000""],[""65703.00000000"",""0.00000000""]],""e"":""depthUpdate"",""s"":""BTCUSDT"",""u"":101228076560}"
1791514229,964305702,spot,depth5,0,0,1920,BTCUSDT,"{""asks"":[[""82128.94000000"",""1.89504000""],[""82128.95000000"",""0.00062000""],[""82128.96000000"",""0.00013000""],[""82128.99000000"",""0.00021000""],[""82129.00000000"",""51.45891000""]],""bids"":[[""82128.93000000"",""15.15473000""],[""82128.92000000"",""0.00013000""],[""82128.91000000"",""0.00013000""],[""82128.89000000"",""0.00745000""],[""82128.63000000"",""0.95480000""]],""lastUpdateId"":101228076567}"
1791514229,965049203,spot,depth_diff,0,0,1921,BTCUSDT,"{""E"":1791514229914,""U"":101228076561,""a"":[[""82128.94000000"",""1.89504000""],[""82161.81000000"",""0.00649000""],[""82175.40000000"",""0.00007000""]],""b"":[[""82043.99000000"",""0.00792000""],[""80897.00000000"",""0.00072000""],[""73916.04000000"",""0.00165000""]],""e"":""depthUpdate"",""s"":""BTCUSDT"",""u"":101228076567}"
1791514230,9673944,spot,trade,0,0,1922,BTCUSDT,"{""E"":1791514229959,""M"":true,""T"":1791514229959,""e"":""trade"",""m"":false,""p"":""82128.94000000"",""q"":""0.01463000"",""s"":""BTCUSDT"",""t"":6750016455}"
1791514230,65498395,spot,depth5,0,0,1923,BTCUSDT,"{""asks"":[[""82128.94000000"",""1.69549000""],[""82128.95000000"",""0.00062000""],[""82128.96000000"",""0.00013000""],[""82128.99000000"",""0.00021000""],[""82129.00000000"",""51.45891000""]],""bids"":[[""82128.93000000"",""15.15473000""],[""82128.92000000"",""0.00013000""],[""82128.91000000"",""0.00013000""],[""82128.89000000"",""0.00745000""],[""82128.63000000"",""0.95480000""]],""lastUpdateId"":101228076596}"
1791514230,66385396,spot,depth_diff,0,0,1924,BTCUSDT,"{""E"":1791514230014,""U"":101228076568,""a"":[[""82128.94000000"",""1.69549000""],[""82141.66000000"",""0.00007000""],[""82142.45000000"",""0.00010000""],[""82142.56000000"",""0.00000000""],[""82147.35000000"",""0.00000000""],[""82147.54000000"",""0.00411000""],[""82157.14000000"",""0.00008000""],[""82157.16000000"",""0.00000000""],[""92084.11000000"",""0.00000000""]],""b"":[[""82108.80000000"",""0.00007000""],[""80542.78000000"",""0.00029000""],[""73916.03000000"",""0.00000000""],[""65703.15000000"",""0.00240000""],[""65703.00000000"",""0.00000000""]],""e"":""depthUpdate"",""s"":""BTCUSDT"",""u"":101228076596}"
1791514230,77444406,spot,trade,0,0,1925,BTCUSDT,"{""E"":1791514230025,""M"":true,""T"":1791514230025,""e"":""trade"",""m"":false,""p"":""82128.94000000"",""q"":""0.00700000"",""s"":""BTCUSDT"",""t"":6750016456}"
1791514230,164398086,spot,depth5,0,0,1926,BTCUSDT,"{""asks"":[[""82128.94000000"",""1.68849000""],[""82128.95000000"",""0.00062000""],[""82128.96000000"",""0.00013000""],[""82128.99000000"",""0.00021000""],[""82129.00000000"",""51.45891000""]],""bids"":[[""82128.93000000"",""15.15716000""],[""82128.92000000"",""0.00013000""],[""82128.91000000"",""0.00013000""],[""82128.89000000"",""0.00745000""],[""82128.63000000"",""0.95480000""]],""lastUpdateId"":101228076618}"
1791514230,165594287,spot,depth_diff,0,0,1927,BTCUSDT,"{""E"":1791514230114,""U"":101228076597,""a"":[[""82128.94000000"",""1.68849000""],[""82147.54000000"",""0.00611000""],[""82149.61000000"",""0.00243000""],[""82155.04000000"",""0.30462000""],[""82163.24000000"",""0.30462000""],[""82298.28000000"",""1.82546000""],[""82470.78000000"",""3.04634000""],[""83360.88000000"",""0.00030000""],[""92084.11000000"",""0.03937000""]],""b"":[[""82128.93000000"",""15.15716000""],[""82122.00000000"",""0.00012000""],[""82117.77000000"",""0.00007000""],[""82117.14000000"",""0.00007000""],[""82114.58000000"",""0.30462000""],[""82107.25000000"",""0.30462000""],[""82062.00000000"",""0.02800000""],[""82046.28000000"",""0.03513000""],[""81986.15000000"",""1.82536000""],[""81813.66000000"",""3.04634000""],[""78767.20000000"",""0.00010000""],[""73916.04000000"",""0.00180000""]],""e"":""depthUpdate"",""s"":""BTCUSDT"",""u"":101228076618}"
1791514230,208861227,spot,trade,0,0,1928,BTCUSDT,"{""E"":1791514230158,""M"":true,""T"":1791514230158,""e"":""trade"",""m"":false,""p"":""82128.94000000"",""q"":""0.09019000"",""s"":""BTCUSDT"",""t"":6750016457}"
1791514230,265072879,spot,depth5,0,0,1929,BTCUSDT,"{""asks"":[[""82128.94000000"",""1.59830000""],[""82128.95000000"",""0.00062000""],[""82128.96000000"",""0.00013000""],[""82128.99000000"",""0.00021000""],[""82129.00000000"",""51.45891000""]],""bids"":[[""82128.93000000"",""15.15716000""],[""82128.92000000"",""0.00013000""],[""82128.91000000"",""0.00013000""],[""82128.89000000"",""0.00745000""],[""82128.63000000"",""0.95480000""]],""lastUpdateId"":101228076629}"
1791514230,265813280,spot,depth_diff,0,0,1930,BTCUSDT,"{""E"":1791514230214,""U"":101228076619,""a"":[[""82128.94000000"",""1.59830000""],[""82149.61000000"",""0.00000000""],[""85010.66000000"",""0.00010000""]],""b"":[[""82128.09000000"",""0.52001000""],[""80897.00000000"",""0.00072000""],[""80896.99000000"",""0.00030000""],[""80774.54000000"",""0.00000000""],[""80740.34000000"",""0.00000000""],[""65703.15000000"",""0.00210000""]],""e"":""depthUpdate"",""s"":""BTCUSDT"",""u"":101228076629}"
1791514230,282142195,spot,trade,0,0,1931,BTCUSDT,"{""E"":1791514230229,""M"":true,""T"":1791514230229,""e"":""trade"",""m"":false,""p"":""82128.94000000"",""q"":""0.03300000"",""s"":""BTCUSDT"",""t"":6750016458}"
1791514230,282776095,spot,trade,0,0,1932,BTCUSDT,"{""E"":1791514230230,""M"":true,""T"":1791514230229,""e"":""trade"",""m"":false,""p"":""82128.94000000"",""q"":""0.06700000"",""s"":""BTCUSDT"",""t"":6750016459}"
1791514230,354207661,spot,trade,0,0,1933,BTCUSDT,"{""E"":1791514230303,""M"":true,""T"":1791514230302,""e"":""trade"",""m"":false,""p"":""82128.94000000"",""q"":""0.01000000"",""s"":""BTCUSDT"",""t"":6750016460}"
1791514230,355169762,spot,trade,0,0,1934,BTCUSDT,"{""E"":1791514230303,""M"":true,""T"":1791514230303,""e"":""trade"",""m"":false,""p"":""82128.94000000"",""q"":""0.01300000"",""s"":""BTCUSDT"",""t"":6750016461}"
1791514230,355704363,spot,trade,0,0,1935,BTCUSDT,"{""E"":1791514230303,""M"":true,""T"":1791514230303,""e"":""trade"",""m"":false,""p"":""82128.94000000"",""q"":""0.01626000"",""s"":""BTCUSDT"",""t"":6750016462}"
1791514230,356173763,spot,trade,0,0,1936,BTCUSDT,"{""E"":1791514230303,""M"":true,""T"":1791514230303,""e"":""trade"",""m"":false,""p"":""82128.94000000"",""q"":""0.00007000"",""s"":""BTCUSDT"",""t"":6750016463}"
1791514230,356797364,spot,trade,0,0,1937,BTCUSDT,"{""E"":1791514230303,""M"":true,""T"":1791514230303,""e"":""trade"",""m"":false,""p"":""82128.94000000"",""q"":""0.00007000"",""s"":""BTCUSDT"",""t"":6750016464}"
1791514230,357191264,spot,trade,0,0,1938,BTCUSDT,"{""E"":1791514230303,""M"":true,""T"":1791514230303,""e"":""trade"",""m"":false,""p"":""82128.94000000"",""q"":""0.00007000"",""s"":""BTCUSDT"",""t"":6750016465}"
1791514230,357679864,spot,trade,0,0,1939,BTCUSDT,"{""E"":1791514230303,""M"":true,""T"":1791514230303,""e"":""trade"",""m"":false,""p"":""82128.94000000"",""q"":""0.00007000"",""s"":""BTCUSDT"",""t"":6750016466}"
1791514230,358097265,spot,trade,0,0,1940,BTCUSDT,"{""E"":1791514230303,""M"":true,""T"":1791514230303,""e"":""trade"",""m"":false,""p"":""82128.94000000"",""q"":""0.00007000"",""s"":""BTCUSDT"",""t"":6750016467}"
1791514230,358492565,spot,trade,0,0,1941,BTCUSDT,"{""E"":1791514230303,""M"":true,""T"":1791514230303,""e"":""trade"",""m"":false,""p"":""82128.94000000"",""q"":""0.00007000"",""s"":""BTCUSDT"",""t"":6750016468}"
1791514230,358917966,spot,trade,0,0,1942,BTCUSDT,"{""E"":1791514230303,""M"":true,""T"":1791514230303,""e"":""trade"",""m"":false,""p"":""82128.94000000"",""q"":""0.00007000"",""s"":""BTCUSDT"",""t"":6750016469}"
1791514230,359418866,spot,trade,0,0,1943,BTCUSDT,"{""E"":1791514230303,""M"":true,""T"":1791514230303,""e"":""trade"",""m"":false,""p"":""82128.94000000"",""q"":""0.00007000"",""s"":""BTCUSDT"",""t"":6750016470}"
1791514230,359817866,spot,trade,0,0,1944,BTCUSDT,"{""E"":1791514230303,""M"":true,""T"":1791514230303,""e"":""trade"",""m"":false,""p"":""82128.94000000"",""q"":""0.00007000"",""s"":""BTCUSDT"",""t"":6750016471}"
1791514230,360265367,spot,trade,0,0,1945,BTCUSDT,"{""E"":1791514230303,""M"":true,""T"":1791514230303,""e"":""trade"",""m"":false,""p"":""82128.94000000"",""q"":""0.00007000"",""s"":""BTCUSDT"",""t"":6750016472}"
1791514230,360729167,spot,trade,0,0,1946,BTCUSDT,"{""E"":1791514230303,""M"":true,""T"":1791514230303,""e"":""trade"",""m"":false,""p"":""82128.94000000"",""q"":""0.00007000"",""s"":""BTCUSDT"",""t"":6750016473}"
1791514230,361181568,spot,trade,0,0,1947,BTCUSDT,"{""E"":1791514230303,""M"":true,""T"":1791514230303,""e"":""trade"",""m"":false,""p"":""82128.94000000"",""q"":""0.00007000"",""s"":""BTCUSDT"",""t"":6750016474}"
1791514230,361597568,spot,trade,0,0,1948,BTCUSDT,"{""E"":1791514230303,""M"":true,""T"":1791514230303,""e"":""trade"",""m"":false,""p"":""82128.94000000"",""q"":""0.00007000"",""s"":""BTCUSDT"",""t"":6750016475}"
1791514230,362019368,spot,trade,0,0,1949,BTCUSDT,"{""E"":1791514230303,""M"":true,""T"":1791514230303,""e"":""trade"",""m"":false,""p"":""82128.94000000"",""q"":""0.00007000"",""s"":""BTCUSDT"",""t"":6750016476}"
1791514230,363592570,spot,trade,0,0,1950,BTCUSDT,"{""E"":1791514230303,""M"":true,""T"":1791514230303,""e"":""trade"",""m"":false,""p"":""82128.94000000"",""q"":""0.00007000"",""s"":""BTCUSDT"",""t"":6750016477}"
1791514230,364806771,spot,trade,0,0,1951,BTCUSDT,"{""E"":1791514230303,""M"":true,""T"":1791514230303,""e"":""trade"",""m"":false,""p"":""82128.94000000"",""q"":""0.00008000"",""s"":""BTCUSDT"",""t"":6750016478}"
1791514230,365735872,spot,trade,0,0,1952,BTCUSDT,"{""E"":1791514230303,""M"":true,""T"":1791514230303,""e"":""trade"",""m"":false,""p"":""82128.94000000"",""q"":""0.00261000"",""s"":""BTCUSDT"",""t"":6750016479}"
1791514230,366340772,spot,trade,0,0,1953,BTCUSDT,"{""E"":1791514230303,""M"":true,""T"":1791514230303,""e"":""trade"",""m"":false,""p"":""82128.94000000"",""q"":""0.00231000"",""s"":""BTCUSDT"",""t"":6750016480}"
1791514230,367297773,spot,trade,0,0,1954,BTCUSDT,"{""E"":1791514230303,""M"":true,""T"":1791514230303,""e"":""trade"",""m"":false,""p"":""82128.94000000"",""q"":""0.04000000"",""s"":""BTCUSDT"",""t"":6750016481}"
1791514230,367879874,spot,trade,0,0,1955,BTCUSDT,"{""E"":1791514230304,""M"":true,""T"":1791514230304,""e"":""trade"",""m"":false,""p"":""82128.94000000"",""q"":""0.00868000"",""s"":""BTCUSDT"",""t"":6750016482}"
1791514230,368703475,spot,trade,0,0,1956,BTCUSDT,"{""E"":1791514230311,""M"":true,""T"":1791514230311,""e"":""trade"",""m"":false,""p"":""82128.94000000"",""q"":""0.00664000"",""s"":""BTCUSDT"",""t"":6750016483}"
1791514230,369239275,spot,trade,0,0,1957,BTCUSDT,"{""E"":1791514230312,""M"":true,""T"":1791514230311,""e"":""trade"",""m"":false,""p"":""82128.94000000"",""q"":""0.00024000"",""s"":""BTCUSDT"",""t"":6750016484}"
1791514230,369724676,spot,depth5,0,0,1958,BTCUSDT,"{""asks"":[[""82128.94000000"",""1.38516000""],[""82128.95000000"",""0.00062000""],[""82128.96000000"",""0.00013000""],[""82128.99000000"",""0.00021000""],[""82129.00000000"",""51.45891000""]],""bids"":[[""82128.93000000"",""15.19301000""],[""82128.92000000"",""0.00013000""],[""82128.91000000"",""0.00013000""],[""82128.89000000"",""0.00745000""],[""82128.63000000"",""0.95480000""]],""lastUpdateId"":101228076779}"
1791514230,370994277,spot,depth_diff,0,0,1959,BTCUSDT,"{""E"":1791514230314,""U"":101228076630,""a"":[[""82128.94000000"",""1.38516000""],[""82134.79000000"",""0.00000000""],[""82137.06000000"",""0.00000000""],[""82138.49000000"",""0.00020000""],[""82139.39000000"",""0.00013000""],[""82139.47000000"",""0.00000000""],[""82139.80000000"",""0.00000000""],[""82140.98000000"",""0.00000000""],[""82141.32000000"",""0.00000000""],[""82141.80000000"",""0.00000000""],[""82141.84000000"",""0.00000000""],[""82143.12000000"",""0.00000000""],[""82143.38000000"",""0.00946000""],[""82143.65000000"",""0.00000000""],[""82144.93000000"",""0.00000000""],[""82145.12000000"",""0.02000000""],[""82145.13000000"",""0.00000000""],[""82145.51000000"",""0.00165000""],[""82145.58000000"",""0.00000000""],[""82145.88000000"",""0.00000000""],[""82145.91000000"",""0.00000000""],[""82145.92000000"",""0.00000000""],[""82145.94000000"",""0.00000000""],[""82146.10000000"",""0.00000000""],[""82146.91000000"",""0.00000000""],[""82147.49000000"",""0.00974000""],[""82147.53000000"",""0.00000000""],[""82147.54000000"",""0.00211000""],[""82148.21000000"",""0.00000000""],[""82148.42000000"",""0.00609000""],[""82149.11000000"",""0.00609000""],[""82149.19000000"",""0.00396000""],[""82149.60000000"",""0.00000000""],[""82149.61000000"",""0.00000000""],[""82149.84000000"",""0.00000000""],[""82149.95000000"",""0.00000000""],[""82150.03000000"",""0.00000000""],[""82150.34000000"",""0.00000000""],[""82151.31000000"",""0.00000000""],[""82151.60000000"",""0.00967000""],[""82151.69000000"",""0.00000000""],[""82152.93000000"",""0.00000000""],[""82153.01000000"",""0.07000000""],[""82153.11000000"",""0.08000000""],[""82154.10000000"",""0.00007000""],[""82154.59000000"",""0.00026000""],[""82154.89000000"",""0.00000000""],[""82155.71000000"",""0.00942000""],[""82156.17000000"",""0.00000000""],[""82157.12000000"",""1.18436000""],[""82157.44000000"",""0.00000000""],[""82158.05000000"",""1.18436000""],[""82158.45000000"",""0.00000000""],[""82159.82000000"",""0.00975000""],[""82161.45000000"",""0.00000000""],[""82162.38000000"",""0.00000000""],[""82162.84000000"",""0.00000000""],[""82163.25000000"",""0.00000000""],[""82163.66000000"",""0.34751000""],[""82166.88000000"",""0.00017000""],[""82167.18000000"",""0.07778000""],[""82168.11000000"",""0.00000000""],[""82170.42000000"",""0.00000000""],[""82171.21000000"",""0.00000000""],[""82173.41000000"",""0.00000000""],[""82174.68000000"",""0.00000000""],[""82176.09000000"",""0.00000000""],[""82176.45000000"",""0.05932000""],[""82177.52000000"",""0.00400000""],[""82180.32000000"",""0.00000000""],[""82181.79000000"",""0.00000000""],[""82193.84000000"",""0.00000000""],[""82197.21000000"",""0.00000000""],[""82198.38000000"",""0.00000000""],[""82202.70000000"",""0.12131000""],[""82208.99000000"",""1.20520000""],[""82210.37000000"",""0.00000000""],[""82264.05000000"",""1.78441000""],[""82266.94000000"",""0.00000000""],[""82271.86000000"",""1.18436000""],[""82279.28000000"",""1.18436000""]],""b"":[[""82128.93000000"",""15.19301000""],[""82128.17000000"",""0.00024000""],[""82128.09000000"",""0.51392000""],[""82126.89000000"",""0.00000000""],[""82126.29000000"",""0.00000000""],[""82124.29000000"",""0.00200000""],[""82121.91000000"",""0.00200000""],[""82121.58000000"",""0.00000000""],[""82091.59000000"",""0.00000000""],[""82077.92000000"",""0.00000000""],[""81608.52000000"",""0.00000000""],[""80784.56000000"",""0.00000000""],[""73916.04000000"",""0.00188000""]],""e"":""depthUpdate"",""s"":""BTCUSDT"",""u"":101228076779}"
1791514230,375946181,spot,trade,0,0,1960,BTCUSDT,"{""E"":1791514230321,""M"":true,""T"":1791514230321,""e"":""trade"",""m"":false,""p"":""82128.94000000"",""q"":""0.00122000"",""s"":""BTCUSDT"",""t"":6750016485}"
1791514230,377947083,spot,trade,0,0,1961,BTCUSDT,"{""E"":1791514230327,""M"":true,""T"":1791514230327,""e"":""trade"",""m"":false,""p"":""82128.94000000"",""q"":""0.00122000"",""s"":""BTCUSDT"",""t"":6750016486}"
1791514230,464703063,spot,depth5,0,0,1962,BTCUSDT,"{""asks"":[[""82128.94000000"",""2.63851000""],[""82128.95000000"",""0.00062000""],[""82128.96000000"",""0.00013000""],[""82128.99000000"",""0.00021000""],[""82129.00000000"",""51.45891000""]],""bids"":[[""82128.93000000"",""14.19843000""],[""82128.92000000"",""0.00013000""],[""82128.91000000"",""0.00013000""],[""82128.89000000"",""0.00745000""],[""82128.63000000"",""0.95480000""]],""lastUpdateId"":101228076872}"
1791514230,465477764,spot,depth_diff,0,0,1963,BTCUSDT,"{""E"":1791514230414,""U"":101228076780,""a"":[[""82128.94000000"",""2.63851000""],[""82138.34000000"",""0.00000000""],[""82141.01000000"",""0.00000000""],[""82141.38000000"",""0.09483000""],[""82141.39000000"",""0.30459000""],[""82142.05000000"",""0.00009000""],[""82142.45000000"",""0.00000000""],[""82143.65000000"",""0.28241000""],[""82144.21000000"",""0.00000000""],[""82145.12000000"",""0.00000000""],[""82145.73000000"",""0.00200000""],[""82145.85000000"",""0.00000000""],[""82147.65000000"",""0.96590000""],[""82148.97000000"",""0.30479000""],[""82149.04000000"",""0.00243000""],[""82149.06000000"",""0.00200000""],[""82149.19000000"",""0.00200000""],[""82149.69000000"",""1.18436000""],[""82150.04000000"",""1.18436000""],[""82150.11000000"",""0.03652000""],[""82151.68000000"",""0.68127000""],[""82151.94000000"",""0.00000000""],[""82152.93000000"",""0.09344000""],[""82153.21000000"",""1.78441000""],[""82154.10000000"",""0.00014000""],[""82154.98000000"",""0.34751000""],[""82160.27000000"",""0.21306000""],[""82164.38000000"",""0.00000000""],[""82165.90000000"",""0.00045000""],[""82170.08000000"",""0.03348000""],[""82170.21000000"",""0.32884000""],[""82171.34000000"",""0.00400000""],[""82175.40000000"",""0.00000000""],[""82175.46000000"",""0.00400000""],[""82177.52000000"",""0.00000000""],[""82178.07000000"",""0.00482000""],[""82178.22000000"",""0.00067000""],[""82181.79000000"",""0.00304000""],[""82206.14000000"",""1.80641000""],[""82210.36000000"",""0.99497000""],[""82264.04000000"",""0.00121000""],[""83489.00000000"",""0.06091000""]],""b"":[[""82128.93000000"",""14.19843000""],[""82128.17000000"",""0.00000000""],[""82128.12000000"",""0.78602000""],[""82128.11000000"",""1.58207000""],[""82127.11000000"",""0.00200000""],[""82124.41000000"",""0.00200000""],[""82124.29000000"",""0.00000000""],[""82123.45000000"",""0.04236000""],[""82122.25000000"",""0.00200000""],[""82121.58000000"",""0.99265000""],[""82121.56000000"",""0.74471000""],[""82121.53000000"",""0.02426000""],[""82121.50000000"",""0.20425000""],[""82118.24000000"",""0.00000000""],[""82106.18000000"",""0.00457000""],[""82072.01000000"",""0.05506000""],[""82071.23000000"",""0.06100000""],[""82070.78000000"",""0.01161000""],[""82045.69000000"",""0.00000000""],[""82037.96000000"",""1.05366000""],[""82031.28000000"",""0.00000000""],[""81815.29000000"",""0.00034000""],[""81803.73000000"",""0.00000000""],[""80897.00000000"",""0.00064000""],[""73916.04000000"",""0.00203000""],[""65703.15000000"",""0.00180000""]],""e"":""depthUpdate"",""s"":""BTCUSDT"",""u"":101228076872}"
1791514230,567159258,spot,depth5,0,0,1964,BTCUSDT,"{""asks"":[[""82128.94000000"",""2.84236000""],[""82128.95000000"",""0.00062000""],[""82128.96000000"",""0.00013000""],[""82128.99000000"",""0.00021000""],[""82129.00000000"",""51.45891000""]],""bids"":[[""82128.93000000"",""14.01251000""],[""82128.92000000"",""0.00013000""],[""82128.91000000"",""0.00013000""],[""82128.89000000"",""0.00745000""],[""82128.64000000"",""0.00014000""]],""lastUpdateId"":101228076917}"
1791514230,567890858,spot,depth_diff,0,0,1965,BTCUSDT,"{""E"":1791514230514,""U"":101228076873,""a"":[[""82128.94000000"",""2.84236000""],[""82141.10000000"",""0.00527000""],[""82141.32000000"",""0.00007000""],[""82142.50000000"",""0.00410000""],[""82145.58000000"",""0.00007000""],[""82149.84000000"",""0.00007000""],[""82159.86000000"",""0.00000000""],[""82175.46000000"",""0.00000000""],[""82188.79000000"",""1.53306000""],[""82220.04000000"",""0.00010000""],[""82229.87000000"",""3.83073000""]],""b"":[[""82128.93000000"",""14.01251000""],[""82128.64000000"",""0.00014000""],[""82128.13000000"",""0.00014000""],[""82128.12000000"",""0.78616000""],[""82128.11000000"",""1.58221000""],[""82128.10000000"",""0.43278000""],[""82128.09000000"",""0.51385000""],[""82127.11000000"",""0.00000000""],[""82126.49000000"",""0.00609000""],[""82123.80000000"",""0.00013000""],[""82123.48000000"",""0.00000000""],[""82122.25000000"",""0.00600000""],[""82121.56000000"",""0.74464000""],[""82121.53000000"",""0.02433000""],[""82106.67000000"",""0.00000000""],[""82100.05000000"",""1.53472000""],[""80897.00000000"",""0.00072000""],[""80802.23000000"",""0.00000000""],[""65703.15000000"",""0.00300000""]],""e"":""depthUpdate"",""s"":""BTCUSDT"",""u"":101228076917}"
1791514230,664310647,spot,depth5,0,0,1966,BTCUSDT,"{""asks"":[[""82128.94000000"",""2.84236000""],[""82128.95000000"",""0.00062000""],[""82128.96000000"",""0.00013000""],[""82128.99000000"",""0.00021000""],[""82129.00000000"",""51.45891000""]],""bids"":[[""82128.93000000"",""14.01251000""],[""82128.92000000"",""0.00013000""],[""82128.91000000"",""0.00013000""],[""82128.89000000"",""0.00745000""],[""82128.64000000"",""0.00014000""]],""lastUpdateId"":101228076957}"
1791514230,668525951,spot,depth_diff,0,0,1967,BTCUSDT,"{""E"":1791514230614,""U"":101228076918,""a"":[[""82134.50000000"",""0.02684000""],[""82137.06000000"",""0.00007000""],[""82139.49000000"",""0.10680000""],[""82143.65000000"",""0.26652000""],[""82146.61000000"",""0.00400000""],[""82148.20000000"",""0.00000000""],[""82149.04000000"",""0.00000000""],[""82149.06000000"",""0.00000000""],[""82149.19000000"",""0.00000000""],[""82149.70000000"",""0.00243000""],[""82151.84000000"",""0.02600000""],[""82156.38000000"",""0.02400000""],[""82156.78000000"",""0.02600000""],[""82158.45000000"",""0.10876000""],[""82206.12000000"",""0.00009000""],[""82211.05000000"",""0.02600000""],[""82212.84000000"",""0.02400000""]],""b"":[[""81893.01000000"",""0.01907000""],[""81884.55000000"",""0.00000000""],[""81882.01000000"",""0.00756000""],[""81880.01000000"",""0.00000000""],[""80821.17000000"",""0.00000000""],[""65703.15000000"",""0.00270000""],[""65703.00000000"",""0.00000000""]],""e"":""depthUpdate"",""s"":""BTCUSDT"",""u"":101228076957}"
1791514230,697959267,spot,trade,0,0,1968,BTCUSDT,"{""E"":1791514230646,""M"":true,""T"":1791514230646,""e"":""trade"",""m"":false,""p"":""82128.94000000"",""q"":""0.00009000"",""s"":""BTCUSDT"",""t"":6750016487}"
1791514230,764723379,spot,depth5,0,0,1969,BTCUSDT,"{""asks"":[[""82128.94000000"",""3.03784000""],[""82128.95000000"",""0.00062000""],[""82128.96000000"",""0.00013000""],[""82128.99000000"",""0.00021000""],[""82129.00000000"",""51.45891000""]],""bids"":[[""82128.93000000"",""14.01251000""],[""82128.92000000"",""0.00013000""],[""82128.91000000"",""0.00013000""],[""82128.89000000"",""0.00745000""],[""82128.64000000"",""0.00014000""]],""lastUpdateId"":101228076981}"
1791514230,765515579,spot,depth_diff,0,0,1970,BTCUSDT,"{""E"":1791514230714,""U"":101228076958,""a"":[[""82128.94000000"",""3.03784000""],[""82133.28000000"",""0.03165000""],[""82140.85000000"",""0.00196000""],[""82149.67000000"",""0.00243000""],[""82149.70000000"",""0.00000000""],[""82152.59000000"",""0.02000000""],[""82165.02000000"",""0.00000000""],[""82169.95000000"",""0.00000000""],[""82178.35000000"",""0.52581000""],[""82204.32000000"",""0.44049000""],[""82212.84000000"",""0.00000000""],[""82219.52000000"",""0.02000000""]],""b"":[[""82080.52000000"",""0.52565000""],[""82077.06000000"",""0.00000000""],[""80897.00000000"",""0.00064000""],[""80865.43000000"",""0.03126000""],[""80855.40000000"",""0.00000000""],[""73916.04000000"",""0.00210000""],[""73916.03000000"",""0.00008000""],[""65703.00000000"",""0.00000000""]],""e"":""depthUpdate"",""s"":""BTCUSDT"",""u"":101228076981}"
1791514230,819106288,spot,trade,0,0,1971,BTCUSDT,"{""E"":1791514230767,""M"":true,""T"":1791514230767,""e"":""trade"",""m"":true,""p"":""82128.93000000"",""q"":""0.00062000"",""s"":""BTCUSDT"",""t"":6750016488}"
1791514230,846480493,spot,trade,0,0,1972,BTCUSDT,"{""E"":1791514230796,""M"":true,""T"":1791514230795,""e"":""trade"",""m"":true,""p"":""82128.93000000"",""q"":""0.00023000"",""s"":""BTCUSDT"",""t"":6750016489}"
1791514230,865244696,spot,depth5,0,0,1973,BTCUSDT,"{""asks"":[[""82128.94000000"",""4.94368000""],[""82128.95000000"",""0.00062000""],[""82128.96000000"",""0.00013000""],[""82128.99000000"",""0.00021000""],[""82129.00000000"",""51.45891000""]],""bids"":[[""82128.93000000"",""11.72010000""],[""82128.92000000"",""0.00013000""],[""82128.91000000"",""0.00013000""],[""82128.89000000"",""0.00745000""],[""82128.64000000"",""0.00014000""]],""lastUpdateId"":101228077046}"
1791514230,866936596,spot,depth_diff,0,0,1974,BTCUSDT,"{""E"":1791514230814,""U"":101228076982,""a"":[[""82128.94000000"",""4.94368000""],[""82132.80000000"",""0.00007000""],[""82134.50000000"",""0.11433000""],[""82134.99000000"",""0.30461000""],[""82139.48000000"",""0.04308000""],[""82140.39000000"",""0.00957000""],[""82141.38000000"",""0.00000000""],[""82141.39000000"",""0.00000000""],[""82143.65000000"",""0.27705000""],[""82145.72000000"",""0.00196000""],[""82148.70000000"",""0.00343000""],[""82149.67000000"",""0.00000000""],[""82165.29000000"",""0.62109000""],[""82171.74000000"",""0.00024000""],[""82176.12000000"",""0.02395000""],[""82176.14000000"",""1.20569000""],[""82197.27000000"",""0.01002000""],[""82322.45000000"",""0.00056000""]],""b"":[[""82128.93000000"",""11.72010000""],[""82127.31000000"",""0.00486000""],[""82126.85000000"",""0.03075000""],[""82126.49000000"",""0.00000000""],[""82126.03000000"",""0.00609000""],[""82125.67000000"",""0.08497000""],[""82125.66000000"",""0.18198000""],[""82125.47000000"",""0.00000000""],[""82125.34000000"",""0.00200000""],[""82124.41000000"",""0.00000000""],[""82122.25000000"",""0.00000000""],[""82121.59000000"",""0.00047000""],[""82121.56000000"",""0.74457000""],[""82121.53000000"",""0.02426000""],[""82115.77000000"",""0.06088000""],[""82105.08000000"",""0.00000000""],[""82101.61000000"",""0.00000000""],[""82075.14000000"",""0.32922000""],[""82064.74000000"",""1.20732000""],[""80897.00000000"",""0.00072000""],[""73916.00000000"",""0.01354000""],[""65703.15000000"",""0.00240000""]],""e"":""depthUpdate"",""s"":""BTCUSDT"",""u"":101228077046}"
1791514230,964943913,spot,depth5,0,0,1975,BTCUSDT,"{""asks"":[[""82128.94000000"",""4.96317000""],[""82128.95000000"",""0.00076000""],[""82128.96000000"",""0.00013000""],[""82128.99000000"",""0.00021000""],[""82129.00000000"",""51.45891000""]],""bids"":[[""82128.93000000"",""9.67704000""],[""82128.92000000"",""0.00013000""],[""82128.91000000"",""0.00013000""],[""82128.89000000"",""0.00745000""],[""82128.65000000"",""0.00014000""]],""lastUpdateId"":101228077243}"
1791514230,966435713,spot,depth_diff,0,0,1976,BTCUSDT,"{""E"":1791514230914,""U"":101228077047,""a"":[[""82128.94000000"",""4.96317000""],[""82128.95000000"",""0.00076000""],[""82128.98000000"",""0.00000000""],[""82128.99000000"",""0.00021000""],[""82129.75000000"",""0.00620000""],[""82133.28000000"",""0.03158000""],[""82134.50000000"",""0.11440000""],[""82135.18000000"",""0.00000000""],[""82137.15000000"",""0.00208000""],[""82138.38000000"",""0.00400000""],[""82139.48000000"",""0.38681000""],[""82139.49000000"",""0.00000000""],[""82140.44000000"",""0.00400000""],[""82140.85000000"",""0.00000000""],[""82141.57000000"",""1.27465000""],[""82143.48000000"",""0.00200000""],[""82143.64000000"",""0.00200000""],[""82144.62000000"",""0.00000000""],[""82145.65000000"",""0.00243000""],[""82145.66000000"",""0.00000000""],[""82145.72000000"",""0.00000000""],[""82145.74000000"",""0.02400000""],[""82146.10000000"",""0.03652000""],[""82146.61000000"",""0.00000000""],[""82147.15000000"",""0.00000000""],[""82147.65000000"",""1.49992000""],[""82148.70000000"",""0.00100000""],[""82149.08000000"",""1.78441000""],[""82150.11000000"",""0.00000000""],[""82154.44000000"",""0.32891000""],[""82157.20000000"",""0.60907000""],[""82170.11000000"",""0.02401000""],[""82170.57000000"",""0.00029000""],[""82171.14000000"",""0.00000000""],[""82171.34000000"",""0.00000000""],[""82171.36000000"",""0.00007000""],[""82173.40000000"",""0.00000000""],[""82173.88000000"",""0.00000000""],[""82176.12000000"",""0.00000000""],[""82188.85000000"",""0.00800000""],[""82198.75000000"",""0.02400000""],[""82203.67000000"",""0.02000000""]],""b"":[[""82128.93000000"",""9.67704000""],[""82128.92000000"",""0.00013000""],[""82128.65000000"",""0.00014000""],[""82128.64000000"",""0.41025000""],[""82128.63000000"",""0.31122000""],[""82128.54000000"",""0.00000000""],[""82128.13000000"",""0.00000000""],[""82128.12000000"",""0.00000000""],[""82128.11000000"",""0.00021000""],[""82128.10000000"",""0.43285000""],[""82128.09000000"",""0.51378000""],[""82126.85000000"",""0.03068000""],[""82126.03000000"",""0.00000000""],[""82125.86000000"",""0.00000000""],[""82125.68000000"",""0.00000000""],[""82125.67000000"",""0.03247000""],[""82125.66000000"",""0.00000000""],[""82125.48000000"",""0.00609000""],[""82125.34000000"",""0.00000000""],[""82124.01000000"",""0.00609000""],[""82123.45000000"",""0.04236000""],[""82122.44000000"",""0.00609000""],[""82122.43000000"",""0.00200000""],[""82121.59000000"",""1.34263000""],[""82121.58000000"",""0.00000000""],[""82121.57000000"",""0.00000000""],[""82121.56000000"",""0.74464000""],[""82121.53000000"",""0.00000000""],[""82121.51000000"",""1.58207000""],[""82121.50000000"",""0.20432000""],[""82120.22000000"",""0.00160000""],[""82117.03000000"",""0.00000000""],[""82116.47000000"",""0.02613000""],[""82115.54000000"",""0.02362000""],[""82114.26000000"",""0.00000000""],[""82106.97000000"",""0.05715000""],[""82105.09000000"",""0.00000000""],[""82104.01000000"",""0.60946000""],[""82103.01000000"",""0.00000000""],[""82101.20000000"",""0.00000000""],[""82099.37000000"",""0.32913000""],[""82026.31000000"",""0.00000000""],[""81969.58000000"",""0.36000000""],[""81742.51000000"",""0.00000000""],[""73916.04000000"",""0.00225000""]],""e"":""depthUpdate"",""s"":""BTCUSDT"",""u"":101228077243}"
1791514231,70958831,spot,depth5,0,0,1977,BTCUSDT,"{""asks"":[[""82128.94000000"",""4.96317000""],[""82128.95000000"",""0.00069000""],[""82128.96000000"",""0.00013000""],[""82128.99000000"",""0.00021000""],[""82129.00000000"",""51.45891000""]],""bids"":[[""82128.93000000"",""9.67582000""],[""82128.92000000"",""0.00013000""],[""82128.91000000"",""0.00013000""],[""82128.89000000"",""0.00745000""],[""82128.65000000"",""0.00014000""]],""lastUpdateId"":101228077269}"
1791514231,174180249,spot,depth_diff,0,0,1978,BTCUSDT,"{""E"":1791514231014,""U"":101228077244,""a"":[[""82128.94000000"",""4.96317000""],[""82128.95000000"",""0.00069000""],[""82141.66000000"",""0.00007000""],[""82143.48000000"",""0.00000000""],[""82143.64000000"",""0.00000000""],[""82144.52000000"",""0.00400000""],[""82145.65000000"",""0.00000000""],[""82145.66000000"",""0.00243000""],[""82157.65000000"",""0.00021000""]],""b"":[[""82128.93000000"",""9.67582000""],[""82128.54000000"",""0.00007000""],[""82108.80000000"",""0.00007000""],[""82104.36000000"",""0.55483000""],[""82078.41000000"",""1.07769000""],[""82034.35000000"",""0.03375000""],[""81952.31000000"",""0.04358000""],[""80897.00000000"",""0.00072000""],[""65703.15000000"",""0.00330000""]],""e"":""depthUpdate"",""s"":""BTCUSDT"",""u"":101228077269}"
1791514231,180767250,spot,trade,0,0,1979,BTCUSDT,"{""E"":1791514231055,""M"":true,""T"":1791514231055,""e"":""trade"",""m"":false,""p"":""82128.94000000"",""q"":""0.00295000"",""s"":""BTCUSDT"",""t"":6750016490}"
1791514231,183617850,spot,depth5,0,0,1980,BTCUSDT,"{""asks"":[[""82128.94000000"",""4.96022000""],[""82128.95000000"",""0.00069000""],[""82128.96000000"",""0.00013000""],[""82128.99000000"",""0.00021000""],[""82129.00000000"",""51.45891000""]],""bids"":[[""82128.93000000"",""10.18836000""],[""82128.92000000"",""0.00013000""],[""82128.91000000"",""0.00013000""],[""82128.89000000"",""0.00745000""],[""82128.65000000"",""0.00014000""]],""lastUpdateId"":101228077288}"
1791514231,184352351,spot,depth_diff,0,0,1981,BTCUSDT,"{""E"":1791514231114,""U"":101228077270,""a"":[[""82128.94000000"",""4.96022000""],[""82140.39000000"",""0.00000000""],[""82149.83000000"",""0.02000000""],[""82219.52000000"",""0.00000000""],[""82220.49000000"",""0.02000000""],[""83360.88000000"",""0.00030000""]],""b"":[[""82128.93000000"",""10.18836000""],[""82120.69000000"",""0.00000000""],[""82113.83000000"",""0.00389000""],[""82079.62000000"",""0.00000000""],[""82072.77000000"",""0.00389000""],[""82068.45000000"",""1.61826000""],[""82046.78000000"",""0.00000000""],[""82039.92000000"",""0.00389000""],[""82039.52000000"",""0.36033000""],[""81870.35000000"",""0.05751000""],[""73916.03000000"",""0.00000000""]],""e"":""depthUpdate"",""s"":""BTCUSDT"",""u"":101228077288}"
1791514231,274313666,spot,depth5,0,0,1982,BTCUSDT,"{""asks"":[[""82128.94000000"",""4.60022000""],[""82128.95000000"",""0.00069000""],[""82128.96000000"",""0.00013000""],[""82128.99000000"",""0.00021000""],[""82129.00000000"",""51.45891000""]],""bids"":[[""82128.93000000"",""10.18843000""],[""82128.92000000"",""0.00013000""],[""82128.91000000"",""0.00013000""],[""82128.89000000"",""0.00745000""],[""82128.65000000"",""0.00014000""]],""lastUpdateId"":101228077302}"
1791514231,281109967,spot,depth_diff,0,0,1983,BTCUSDT,"{""E"":1791514231214,""U"":101228077289,""a"":[[""82128.94000000"",""4.60022000""],[""82144.25000000"",""0.00196000""],[""82145.66000000"",""0.00000000""],[""82220.49000000"",""0.00000000""]],""b"":[[""82128.93000000"",""10.18843000""],[""82119.38000000"",""0.06660000""],[""82103.53000000"",""0.00200000""],[""81575.19000000"",""0.00030000""],[""80896.99000000"",""0.00030000""],[""73916.04000000"",""0.00240000""],[""65703.15000000"",""0.00300000""]],""e"":""depthUpdate"",""s"":""BTCUSDT"",""u"":101228077302}"
1791514231,366830282,spot,depth5,0,0,1984,BTCUSDT,"{""asks"":[[""82128.94000000"",""4.59872000""],[""82128.95000000"",""0.00069000""],[""82128.96000000"",""0.00013000""],[""82128.99000000"",""0.00021000""],[""82129.00000000"",""51.45891000""]],""bids"":[[""82128.93000000"",""10.18843000""],[""82128.92000000"",""0.00013000""],[""82128.91000000"",""0.00013000""],[""82128.89000000"",""0.00745000""],[""82128.65000000"",""0.00014000""]],""lastUpdateId"":101228077324}"
1791514231,367650382,spot,depth_diff,0,0,1985,BTCUSDT,"{""E"":1791514231314,""U"":101228077303,""a"":[[""82128.94000000"",""4.59872000""],[""82134.51000000"",""0.00009000""],[""82145.61000000"",""0.00251000""],[""82145.63000000"",""0.00000000""],[""82146.10000000"",""0.03652000""],[""82148.99000000"",""0.02000000""],[""82150.63000000"",""0.02000000""],[""82156.76000000"",""0.00000000""],[""82174.68000000"",""0.09243000""],[""82212.28000000"",""0.02000000""],[""82222.18000000"",""0.02000000""]],""b"":[[""82124.70000000"",""0.00000000""],[""82121.60000000"",""0.00400000""],[""82013.11000000"",""0.00000000""],[""81788.47000000"",""0.07271000""],[""81706.68000000"",""0.09454000""],[""80897.00000000"",""0.00064000""]],""e"":""depthUpdate"",""s"":""BTCUSDT"",""u"":101228077324}"
1791514231,465086599,spot,depth5,0,0,1986,BTCUSDT,"{""asks"":[[""82128.94000000"",""4.60009000""],[""82128.95000000"",""0.00069000""],[""82128.96000000"",""0.00013000""],[""82128.99000000"",""0.00021000""],[""82129.00000000"",""51.45891000""]],""bids"":[[""82128.93000000"",""11.24331000""],[""82128.92000000"",""0.00013000""],[""82128.91000000"",""0.00013000""],[""82128.89000000"",""0.00745000""],[""82128.65000000"",""0.00014000""]],""lastUpdateId"":101228077356}"
1791514231,465656599,spot,depth_diff,0,0,1987,BTCUSDT,"{""E"":1791514231414,""U"":101228077325,""a"":[[""82128.94000000"",""4.60009000""],[""82134.50000000"",""0.11433000""],[""82138.76000000"",""0.10680000""],[""82144.25000000"",""0.00000000""],[""82145.61000000"",""0.00008000""],[""82147.69000000"",""0.00243000""],[""82150.71000000"",""0.02200000""],[""82165.04000000"",""0.00007000""],[""82171.14000000"",""0.00007000""],[""82171.36000000"",""0.00000000""],[""82177.92000000"",""0.80204000""],[""82181.79000000"",""0.00304000""],[""82222.18000000"",""0.00000000""],[""82243.07000000"",""0.34751000""],[""82264.04000000"",""0.00121000""]],""b"":[[""82128.93000000"",""11.24331000""],[""81624.97000000"",""0.12129000""],[""81543.34000000"",""0.15665000""],[""73916.04000000"",""0.00255000""],[""65703.15000000"",""0.00270000""]],""e"":""depthUpdate"",""s"":""BTCUSDT"",""u"":101228077356}"
1791514231,563976316,spot,depth5,0,0,1988,BTCUSDT,"{""asks"":[[""82128.94000000"",""4.59400000""],[""82128.95000000"",""0.00069000""],[""82128.96000000"",""0.00013000""],[""82128.99000000"",""0.00021000""],[""82129.00000000"",""51.45891000""]],""bids"":[[""82128.93000000"",""11.24331000""],[""82128.92000000"",""0.00013000""],[""82128.91000000"",""0.00013000""],[""82128.89000000"",""0.00745000""],[""82128.65000000"",""0.00014000""]],""lastUpdateId"":101228077368}"
1791514231,564753916,spot,depth_diff,0,0,1989,BTCUSDT,"{""E"":1791514231514,""U"":101228077357,""a"":[[""82128.94000000"",""4.59400000""]],""b"":[[""82113.83000000"",""0.00000000""],[""82111.90000000"",""0.00389000""],[""82072.77000000"",""0.00000000""],[""82070.84000000"",""0.00389000""],[""82061.11000000"",""0.00000000""],[""82058.41000000"",""2.10374000""],[""82039.92000000"",""0.00000000""],[""82037.99000000"",""0.00389000""],[""81461.79000000"",""0.20232000""],[""65703.00000000"",""0.00000000""]],""e"":""depthUpdate"",""s"":""BTCUSDT"",""u"":101228077368}"
1791514231,596983622,spot,trade,0,0,1990,BTCUSDT,"{""E"":1791514231547,""M"":true,""T"":1791514231547,""e"":""trade"",""m"":true,""p"":""82128.93000000"",""q"":""0.00018000"",""s"":""BTCUSDT"",""t"":6750016491}"
1791514231,664379534,spot,depth5,0,0,1991,BTCUSDT,"{""asks"":[[""82128.94000000"",""4.59250000""],[""82128.95000000"",""0.00069000""],[""82128.96000000"",""0.00013000""],[""82128.99000000"",""0.00021000""],[""82129.00000000"",""51.45891000""]],""bids"":[[""82128.93000000"",""11.24313000""],[""82128.92000000"",""0.00013000""],[""82128.91000000"",""0.00013000""],[""82128.89000000"",""0.00745000""],[""82128.65000000"",""0.00014000""]],""lastUpdateId"":101228077388}"
1791514231,665122734,spot,depth_diff,0,0,1992,BTCUSDT,"{""E"":1791514231614,""U"":101228077369,""a"":[[""82128.94000000"",""4.59250000""],[""82144.52000000"",""0.00596000""],[""82147.66000000"",""0.00243000""],[""82147.67000000"",""0.00012000""],[""82147.69000000"",""0.00000000""],[""82159.84000000"",""0.00200000""],[""82181.79000000"",""0.00000000""],[""82206.12000000"",""0.02609000""],[""82212.28000000"",""0.00000000""],[""82212.84000000"",""0.02400000""],[""82264.04000000"",""0.00000000""]],""b"":[[""82128.93000000"",""11.24313000""],[""82128.89000000"",""0.00745000""],[""82062.19000000"",""1.11294000""],[""80897.00000000"",""0.00064000""],[""73916.03000000"",""0.00008000""],[""65703.15000000"",""0.00240000""]],""e"":""depthUpdate"",""s"":""BTCUSDT"",""u"":101228077388}"
1791514231,764400551,spot,depth5,0,0,1993,BTCUSDT,"{""asks"":[[""82128.94000000"",""4.59413000""],[""82128.95000000"",""0.00069000""],[""82128.96000000"",""0.00013000""],[""82128.99000000"",""0.00021000""],[""82129.00000000"",""51.45891000""]],""bids"":[[""82128.93000000"",""11.24313000""],[""82128.92000000"",""0.00013000""],[""82128.91000000"",""0.00013000""],[""82128.89000000"",""0.00745000""],[""82128.65000000"",""0.00014000""]],""lastUpdateId"":101228077398}"
1791514231,765173551,spot,depth_diff,0,0,1994,BTCUSDT,"{""E"":1791514231714,""U"":101228077389,""a"":[[""82128.94000000"",""4.59413000""],[""82144.55000000"",""0.00400000""],[""82181.79000000"",""0.00304000""],[""82264.04000000"",""0.00121000""]],""b"":[[""82124.88000000"",""0.00200000""],[""82121.50000000"",""0.20425000""],[""81380.32000000"",""0.26135000""],[""73916.04000000"",""0.00270000""]],""e"":""depthUpdate"",""s"":""BTCUSDT"",""u"":101228077398}"
1791514231,867552069,spot,depth5,0,0,1995,BTCUSDT,"{""asks"":[[""82128.94000000"",""4.59413000""],[""82128.95000000"",""0.00069000""],[""82128.96000000"",""0.00013000""],[""82128.99000000"",""0.00021000""],[""82129.00000000"",""51.45891000""]],""bids"":[[""82128.93000000"",""11.24313000""],[""82128.92000000"",""0.00013000""],[""82128.91000000"",""0.00013000""],[""82128.89000000"",""0.00745000""],[""82128.65000000"",""0.00014000""]],""lastUpdateId"":101228077403}"
1791514231,869009669,spot,depth_diff,0,0,1996,BTCUSDT,"{""E"":1791514231814,""U"":101228077399,""a"":[[""82128.94000000"",""4.59413000""],[""82147.66000000"",""0.00000000""]],""b"":[[""80897.00000000"",""0.00056000""],[""65703.15000000"",""0.00210000""]],""e"":""depthUpdate"",""s"":""BTCUSDT"",""u"":101228077403}"
1791514231,966725086,spot,depth5,0,0,1997,BTCUSDT,"{""asks"":[[""82128.94000000"",""4.59263000""],[""82128.95000000"",""0.00069000""],[""82128.96000000"",""0.00013000""],[""82128.99000000"",""0.00021000""],[""82129.00000000"",""51.45891000""]],""bids"":[[""82128.93000000"",""11.24313000""],[""82128.92000000"",""0.00013000""],[""82128.91000000"",""0.00013000""],[""82128.89000000"",""0.00745000""],[""82128.65000000"",""0.00014000""]],""lastUpdateId"":101228077420}"
1791514231,967476386,spot,depth_diff,0,0,1998,BTCUSDT,"{""E"":1791514231914,""U"":101228077404,""a"":[[""82128.94000000"",""4.59263000""],[""82134.50000000"",""0.00000000""],[""82138.75000000"",""0.00000000""],[""82139.48000000"",""0.00016000""],[""82141.57000000"",""0.00000000""],[""82147.67000000"",""0.00255000""],[""82150.56000000"",""0.02000000""],[""82156.78000000"",""0.02600000""],[""82162.57000000"",""0.00000000""]],""b"":[[""81882.01000000"",""0.00000000""],[""81876.01000000"",""0.00756000""],[""80897.00000000"",""0.00064000""],[""73916.00000000"",""0.01354000""]],""e"":""depthUpdate"",""s"":""BTCUSDT"",""u"":101228077420}"
1791514231,978634288,spot,trade,0,0,1999,BTCUSDT,"{""E"":1791514231927,""M"":true,""T"":1791514231927,""e"":""trade"",""m"":false,""p"":""82128.94000000"",""q"":""0.02649000"",""s"":""BTCUSDT"",""t"":6750016492}"
1791514231,979492188,spot,trade,0,0,2000,BTCUSDT,"{""E"":1791514231927,""M"":true,""T"":1791514231927,""e"":""trade"",""m"":false,""p"":""82128.94000000"",""q"":""0.01175000"",""s"":""BTCUSDT"",""t"":6750016493}"
1791514231,979994288,spot,trade,0,0,2001,BTCUSDT,"{""E"":1791514231928,""M"":true,""T"":1791514231927,""e"":""trade"",""m"":false,""p"":""82128.94000000"",""q"":""0.02662000"",""s"":""BTCUSDT"",""t"":6750016494}"
1791514231,980630088,spot,trade,0,0,2002,BTCUSDT,"{""E"":1791514231928,""M"":true,""T"":1791514231927,""e"":""trade"",""m"":false,""p"":""82128.94000000"",""q"":""0.00013000"",""s"":""BTCUSDT"",""t"":6750016495}"
1791514231,981015289,spot,trade,0,0,2003,BTCUSDT,"{""E"":1791514231928,""M"":true,""T"":1791514231927,""e"":""trade"",""m"":false,""p"":""82128.94000000"",""q"":""0.01236000"",""s"":""BTCUSDT"",""t"":6750016496}"
1791514231,981386589,spot,trade,0,0,2004,BTCUSDT,"{""E"":1791514231928,""M"":true,""T"":1791514231927,""e"":""trade"",""m"":false,""p"":""82128.94000000"",""q"":""0.05000000"",""s"":""BTCUSDT"",""t"":6750016497}"
1791514231,981856089,spot,trade,0,0,2005,BTCUSDT,"{""E"":1791514231928,""M"":true,""T"":1791514231927,""e"":""trade"",""m"":false,""p"":""82128.94000000"",""q"":""0.06794000"",""s"":""BTCUSDT"",""t"":6750016498}"
1791514231,982423689,spot,trade,0,0,2006,BTCUSDT,"{""E"":1791514231928,""M"":true,""T"":1791514231928,""e"":""trade"",""m"":false,""p"":""82128.94000000"",""q"":""0.10699000"",""s"":""BTCUSDT"",""t"":6750016499}"
1791514231,982919589,spot,trade,0,0,2007,BTCUSDT,"{""E"":1791514231928,""M"":true,""T"":1791514231928,""e"":""trade"",""m"":false,""p"":""82128.94000000"",""q"":""0.18875000"",""s"":""BTCUSDT"",""t"":6750016500}"
1791514231,983397489,spot,trade,0,0,2008,BTCUSDT,"{""E"":1791514231928,""M"":true,""T"":1791514231928,""e"":""trade"",""m"":false,""p"":""82128.94000000"",""q"":""0.03949000"",""s"":""BTCUSDT"",""t"":6750016501}"
1791514231,983782289,spot,trade,0,0,2009,BTCUSDT,"{""E"":1791514231928,""M"":true,""T"":1791514231928,""e"":""trade"",""m"":false,""p"":""82128.94000000"",""q"":""0.34511000"",""s"":""BTCUSDT"",""t"":6750016502}"
1791514231,984139089,spot,trade,0,0,2010,BTCUSDT,"{""E"":1791514231928,""M"":true,""T"":1791514231928,""e"":""trade"",""m"":false,""p"":""82128.94000000"",""q"":""0.03118000"",""s"":""BTCUSDT"",""t"":6750016503}"
1791514232,65079503,spot,depth5,0,0,2011,BTCUSDT,"{""asks"":[[""82128.94000000"",""3.62550000""],[""82128.95000000"",""0.00062000""],[""82128.96000000"",""0.00013000""],[""82128.99000000"",""0.00021000""],[""82129.00000000"",""51.45891000""]],""bids"":[[""82128.93000000"",""12.30897000""],[""82128.92000000"",""0.00013000""],[""82128.91000000"",""0.00013000""],[""82128.89000000"",""0.00745000""],[""82128.65000000"",""0.00014000""]],""lastUpdateId"":101228077507}"
1791514232,65880103,spot,depth_diff,0,0,2012,BTCUSDT,"{""E"":1791514232014,""U"":101228077421,""a"":[[""82128.94000000"",""3.62550000""],[""82128.95000000"",""0.00062000""],[""82129.75000000"",""0.00008000""],[""82132.80000000"",""0.00000000""],[""82133.28000000"",""0.03151000""],[""82133.89000000"",""0.00597000""],[""82138.76000000"",""0.00000000""],[""82141.10000000"",""0.00000000""],[""82141.66000000"",""0.00000000""],[""82143.38000000"",""0.00000000""],[""82143.46000000"",""0.00939000""],[""82143.99000000"",""0.00609000""],[""82144.52000000"",""0.00000000""],[""82144.55000000"",""0.00000000""],[""82144.94000000"",""0.00208000""],[""82145.50000000"",""0.00196000""],[""82145.57000000"",""0.00200000""],[""82147.67000000"",""0.00012000""],[""82148.61000000"",""0.00243000""],[""82149.11000000"",""0.00000000""],[""82149.96000000"",""0.04000000""],[""82150.96000000"",""0.00000000""],[""82152.06000000"",""0.08000000""],[""82153.33000000"",""0.30462000""],[""82155.04000000"",""0.00000000""],[""82159.84000000"",""0.00000000""],[""82160.91000000"",""0.00200000""],[""82161.62000000"",""0.30462000""],[""82163.24000000"",""0.00000000""],[""82164.55000000"",""0.00000000""],[""82164.83000000"",""0.38851000""],[""82208.99000000"",""0.00000000""],[""82333.46000000"",""3.64662000""]],""b"":[[""82128.93000000"",""12.30897000""],[""82125.48000000"",""0.00000000""],[""82124.88000000"",""0.00000000""],[""82122.44000000"",""0.00000000""],[""82121.50000000"",""0.20432000""],[""82116.95000000"",""0.36562000""],[""82115.43000000"",""0.32906000""],[""82108.80000000"",""0.00000000""],[""82100.68000000"",""0.00000000""],[""82093.97000000"",""0.00000000""],[""82092.01000000"",""1.20692000""],[""82085.04000000"",""0.00007000""],[""82043.99000000"",""0.00000000""],[""82043.57000000"",""0.00000000""],[""82043.56000000"",""0.00000000""],[""81793.87000000"",""0.00000000""],[""73916.04000000"",""0.00285000""],[""73916.03000000"",""0.00000000""],[""73916.02000000"",""0.00008000""],[""65703.15000000"",""0.00300000""]],""e"":""depthUpdate"",""s"":""BTCUSDT"",""u"":101228077507}"
1791514232,164009821,spot,depth5,0,0,2013,BTCUSDT,"{""asks"":[[""82128.94000000"",""2.56090000""],[""82128.95000000"",""0.00062000""],[""82128.96000000"",""0.00013000""],[""82128.99000000"",""0.00021000""],[""82129.00000000"",""51.45891000""]],""bids"":[[""82128.93000000"",""12.84596000""],[""82128.92000000"",""0.00013000""],[""82128.91000000"",""0.00013000""],[""82128.89000000"",""0.00745000""],[""82128.65000000"",""0.00014000""]],""lastUpdateId"":101228077542}"
1791514232,164931021,spot,depth_diff,0,0,2014,BTCUSDT,"{""E"":1791514232114,""U"":101228077508,""a"":[[""82128.94000000"",""2.56090000""],[""82138.39000000"",""0.04435000""],[""82140.64000000"",""0.10680000""],[""82141.66000000"",""0.00007000""],[""82144.94000000"",""0.00008000""],[""82145.47000000"",""0.00000000""],[""82145.50000000"",""0.00000000""],[""82145.99000000"",""0.00000000""],[""82146.07000000"",""0.02000000""],[""82146.09000000"",""0.00600000""],[""82146.28000000"",""0.00000000""],[""82148.61000000"",""0.00000000""],[""82149.58000000"",""0.00243000""],[""82206.70000000"",""0.00000000""],[""83360.88000000"",""0.00030000""]],""b"":[[""82128.93000000"",""12.84596000""],[""82128.11000000"",""0.00007000""],[""82128.10000000"",""0.43271000""],[""82127.31000000"",""0.00000000""],[""82126.47000000"",""0.00200000""],[""82108.80000000"",""0.00007000""],[""80897.00000000"",""0.00064000""]],""e"":""depthUpdate"",""s"":""BTCUSDT"",""u"":101228077542}"
1791514232,263411438,spot,depth5,0,0,2015,BTCUSDT,"{""asks"":[[""82128.94000000"",""2.56090000""],[""82128.95000000"",""0.00062000""],[""82128.96000000"",""0.00013000""],[""82128.99000000"",""0.00021000""],[""82129.00000000"",""51.45891000""]],""bids"":[[""82128.93000000"",""12.84596000""],[""82128.92000000"",""0.00013000""],[""82128.91000000"",""0.00013000""],[""82128.89000000"",""0.00745000""],[""82128.65000000"",""0.00014000""]],""lastUpdateId"":101228077554}"
1791514232,264703738,spot,depth_diff,0,0,2016,BTCUSDT,"{""E"":1791514232214,""U"":101228077543,""a"":[[""82145.57000000"",""0.00000000""],[""82146.46000000"",""0.00200000""],[""82149.58000000"",""0.00000000""],[""82149.59000000"",""0.00243000""],[""82157.20000000"",""0.00000000""],[""82160.91000000"",""0.00000000""]],""b"":[[""82080.52000000"",""0.75950000""],[""82043.35000000"",""0.92565000""],[""80896.99000000"",""0.00030000""],[""73916.04000000"",""0.00300000""],[""65703.15000000"",""0.00270000""]],""e"":""depthUpdate"",""s"":""BTCUSDT"",""u"":101228077554}"
1791514232,363098856,spot,depth5,0,0,2017,BTCUSDT,"{""asks"":[[""82128.94000000"",""2.56090000""],[""82128.95000000"",""0.00062000""],[""82128.96000000"",""0.00013000""],[""82128.99000000"",""0.00021000""],[""82129.00000000"",""51.45891000""]],""bids"":[[""82128.93000000"",""12.80944000""],[""82128.92000000"",""0.00013000""],[""82128.91000000"",""0.00013000""],[""82128.89000000"",""0.00745000""],[""82128.65000000"",""0.00014000""]],""lastUpdateId"":101228077562}"
1791514232,363891656,spot,depth_diff,0,0,2018,BTCUSDT,"{""E"":1791514232314,""U"":101228077555,""a"":[[""82137.15000000"",""0.00012000""],[""82149.59000000"",""0.00000000""],[""82149.60000000"",""0.00243000""],[""82157.25000000"",""0.12186000""],[""82172.68000000"",""0.60896000""]],""b"":[[""82128.93000000"",""12.80944000""],[""82013.95000000"",""0.00030000""]],""e"":""depthUpdate"",""s"":""BTCUSDT"",""u"":101228077562}"
1791514232,508472423,spot,depth5,0,0,2019,BTCUSDT,"{""asks"":[[""82128.94000000"",""2.56090000""],[""82128.95000000"",""0.00062000""],[""82128.96000000"",""0.00013000""],[""82128.99000000"",""0.00021000""],[""82129.00000000"",""51.45891000""]],""bids"":[[""82128.93000000"",""12.85304000""],[""82128.92000000"",""0.00013000""],[""82128.91000000"",""0.00013000""],[""82128.89000000"",""0.00745000""],[""82128.65000000"",""0.00014000""]],""lastUpdateId"":101228077577}"
1791514232,509352523,spot,depth_diff,0,0,2020,BTCUSDT,"{""E"":1791514232414,""U"":101228077563,""a"":[[""82149.60000000"",""0.00000000""],[""82149.62000000"",""0.00243000""],[""82157.25000000"",""0.00000000""]],""b"":[[""82128.93000000"",""12.85304000""],[""82126.02000000"",""0.00400000""],[""82125.67000000"",""0.01984000""],[""82123.45000000"",""0.00007000""],[""82119.38000000"",""0.00000000""],[""82105.70000000"",""0.00200000""],[""82103.53000000"",""0.00000000""],[""80897.00000000"",""0.00064000""],[""65703.15000000"",""0.00240000""]],""e"":""depthUpdate"",""s"":""BTCUSDT"",""u"":101228077577}"
1791514232,567978603,spot,depth5,0,0,2021,BTCUSDT,"{""asks"":[[""82128.94000000"",""2.56090000""],[""82128.95000000"",""0.00062000""],[""82128.96000000"",""0.00013000""],[""82128.99000000"",""0.00021000""],[""82129.00000000"",""51.45891000""]],""bids"":[[""82128.93000000"",""12.85304000""],[""82128.92000000"",""0.00013000""],[""82128.91000000"",""0.00013000""],[""82128.89000000"",""0.00745000""],[""82128.65000000"",""0.00014000""]],""lastUpdateId"":101228077582}"
1791514232,569483103,spot,depth_diff,0,0,2022,BTCUSDT,"{""E"":1791514232514,""U"":101228077578,""a"":[[""82146.54000000"",""0.00196000""],[""82243.91000000"",""0.00030000""]],""b"":[[""73916.04000000"",""0.00315000""],[""65703.00000000"",""0.00000000""]],""e"":""depthUpdate"",""s"":""BTCUSDT"",""u"":101228077582}"
1791514232,665605971,spot,depth5,0,0,2023,BTCUSDT,"{""asks"":[[""82128.94000000"",""2.56090000""],[""82128.95000000"",""0.00062000""],[""82128.96000000"",""0.00013000""],[""82128.99000000"",""0.00021000""],[""82129.00000000"",""51.45891000""]],""bids"":[[""82128.93000000"",""12.85304000""],[""82128.92000000"",""0.00013000""],[""82128.91000000"",""0.00013000""],[""82128.89000000"",""0.00745000""],[""82128.65000000"",""0.00014000""]],""lastUpdateId"":101228077592}"
1791514232,667107970,spot,depth_diff,0,0,2024,BTCUSDT,"{""E"":1791514232614,""U"":101228077583,""a"":[[""82141.64000000"",""0.00200000""],[""82146.09000000"",""0.00200000""],[""82146.61000000"",""0.00400000""],[""82149.62000000"",""0.00000000""],[""82149.63000000"",""0.00000000""],[""82149.64000000"",""0.00243000""]],""b"":[[""65703.15000000"",""0.00210000""]],""e"":""depthUpdate"",""s"":""BTCUSDT"",""u"":101228077592}"
1791514232,764533438,spot,depth5,0,0,2025,BTCUSDT,"{""asks"":[[""82128.94000000"",""2.58290000""],[""82128.95000000"",""0.00062000""],[""82128.96000000"",""0.00013000""],[""82128.99000000"",""0.00021000""],[""82129.00000000"",""51.45891000""]],""bids"":[[""82128.93000000"",""12.85304000""],[""82128.92000000"",""0.00013000""],[""82128.91000000"",""0.00013000""],[""82128.89000000"",""0.00745000""],[""82128.65000000"",""0.00014000""]],""lastUpdateId"":101228077602}"
1791514232,765438837,spot,depth_diff,0,0,2026,BTCUSDT,"{""E"":1791514232714,""U"":101228077593,""a"":[[""82128.94000000"",""2.58290000""],[""82149.64000000"",""0.00000000""],[""82149.66000000"",""0.00250000""],[""82157.19000000"",""0.00000000""],[""82157.23000000"",""0.00307000""]],""b"":[[""80897.00000000"",""0.00064000""],[""73916.04000000"",""0.00330000""]],""e"":""depthUpdate"",""s"":""BTCUSDT"",""u"":101228077602}"
1791514232,863988805,spot,depth5,0,0,2027,BTCUSDT,"{""asks"":[[""82128.94000000"",""2.58290000""],[""82128.95000000"",""0.00062000""],[""82128.96000000"",""0.00013000""],[""82128.99000000"",""0.00021000""],[""82129.00000000"",""51.45891000""]],""bids"":[[""82128.93000000"",""12.86644000""],[""82128.92000000"",""0.00013000""],[""82128.91000000"",""0.00013000""],[""82128.89000000"",""0.00745000""],[""82128.65000000"",""0.00014000""]],""lastUpdateId"":101228077609}"
1791514232,864801504,spot,depth_diff,0,0,2028,BTCUSDT,"{""E"":1791514232814,""U"":101228077603,""a"":[[""82313.54000000"",""0.00000000""]],""b"":[[""82128.93000000"",""12.86644000""],[""81934.68000000"",""0.00000000""],[""75543.28000000"",""0.00014000""],[""65703.15000000"",""0.00180000""]],""e"":""depthUpdate"",""s"":""BTCUSDT"",""u"":101228077609}"
1791514232,876988600,spot,trade,0,0,2029,BTCUSDT,"{""E"":1791514232827,""M"":true,""T"":1791514232826,""e"":""trade"",""m"":false,""p"":""82128.94000000"",""q"":""0.02207000"",""s"":""BTCUSDT"",""t"":6750016504}"
1791514232,877611500,spot,trade,0,0,2030,BTCUSDT,"{""E"":1791514232827,""M"":true,""T"":1791514232827,""e"":""trade"",""m"":false,""p"":""82128.94000000"",""q"":""0.03160000"",""s"":""BTCUSDT"",""t"":6750016505}"
1791514232,889500696,spot,trade,0,0,2031,BTCUSDT,"{""E"":1791514232836,""M"":true,""T"":1791514232836,""e"":""trade"",""m"":false,""p"":""82128.94000000"",""q"":""0.03220000"",""s"":""BTCUSDT"",""t"":6750016506}"
1791514232,890914996,spot,trade,0,0,2032,BTCUSDT,"{""E"":1791514232836,""M"":true,""T"":1791514232836,""e"":""trade"",""m"":false,""p"":""82128.94000000"",""q"":""0.03110000"",""s"":""BTCUSDT"",""t"":6750016507}"
1791514232,965252271,spot,depth5,0,0,2033,BTCUSDT,"{""asks"":[[""82128.94000000"",""2.25274000""],[""82128.95000000"",""0.00062000""],[""82128.96000000"",""0.00013000""],[""82128.99000000"",""0.00021000""],[""82129.00000000"",""51.45891000""]],""bids"":[[""82128.93000000"",""13.33362000""],[""82128.92000000"",""0.00013000""],[""82128.91000000"",""0.00013000""],[""82128.89000000"",""0.00745000""],[""82128.64000000"",""0.41011000""]],""lastUpdateId"":101228077685}"
1791514232,966191770,spot,depth_diff,0,0,2034,BTCUSDT,"{""E"":1791514232914,""U"":101228077610,""a"":[[""82128.94000000"",""2.25274000""],[""82133.89000000"",""0.00000000""],[""82137.06000000"",""0.00000000""],[""82138.38000000"",""0.00000000""],[""82138.39000000"",""0.00000000""],[""82139.56000000"",""0.00000000""],[""82140.44000000"",""0.00000000""],[""82140.64000000"",""0.00000000""],[""82141.64000000"",""0.00000000""],[""82143.01000000"",""0.00200000""],[""82145.73000000"",""0.00000000""],[""82146.09000000"",""0.00000000""],[""82146.46000000"",""0.00000000""],[""82146.54000000"",""0.00000000""],[""82146.61000000"",""0.00000000""],[""82147.35000000"",""0.00000000""],[""82147.64000000"",""0.00200000""],[""82148.69000000"",""0.00200000""],[""82149.66000000"",""0.00007000""],[""82149.96000000"",""0.00000000""],[""82151.56000000"",""0.00000000""],[""82151.57000000"",""0.00243000""],[""82152.06000000"",""0.00000000""],[""82154.32000000"",""0.00000000""],[""82154.44000000"",""0.00000000""],[""82154.98000000"",""0.00000000""],[""82159.54000000"",""0.00000000""],[""82162.83000000"",""0.00000000""],[""82164.37000000"",""0.00121000""],[""82168.76000000"",""0.32885000""],[""82171.34000000"",""0.00400000""],[""82173.27000000"",""0.03548000""],[""82175.40000000"",""0.00007000""],[""82175.46000000"",""0.00400000""],[""82176.45000000"",""0.00000000""],[""82181.18000000"",""0.05711000""]],""b"":[[""82128.93000000"",""13.33362000""],[""82128.65000000"",""0.00000000""],[""82128.64000000"",""0.41011000""],[""82128.53000000"",""0.00024000""],[""82128.09000000"",""0.39378000""],[""82126.47000000"",""0.00000000""],[""82124.55000000"",""0.00200000""],[""82124.01000000"",""0.00200000""],[""82121.91000000"",""0.00000000""],[""82121.60000000"",""0.00000000""],[""82121.59000000"",""1.34063000""],[""82115.20000000"",""0.32906000""],[""82105.70000000"",""0.00000000""],[""82099.37000000"",""0.00000000""],[""82043.51000000"",""0.00736000""],[""80897.00000000"",""0.00056000""],[""73916.02000000"",""0.00000000""]],""e"":""depthUpdate"",""s"":""BTCUSDT"",""u"":101228077685}"
1791514233,63808138,spot,depth5,0,0,2035,BTCUSDT,"{""asks"":[[""82128.94000000"",""3.49474000""],[""82128.95000000"",""0.00062000""],[""82128.96000000"",""0.00013000""],[""82128.99000000"",""0.00021000""],[""82129.00000000"",""51.45891000""]],""bids"":[[""82128.93000000"",""13.33369000""],[""82128.92000000"",""0.00013000""],[""82128.91000000"",""0.00013000""],[""82128.89000000"",""0.00745000""],[""82128.64000000"",""0.41011000""]],""lastUpdateId"":101228077719}"
1791514233,65137638,spot,depth_diff,0,0,2036,BTCUSDT,"{""E"":1791514233014,""U"":101228077686,""a"":[[""82128.94000000"",""3.49474000""],[""82151.57000000"",""0.00000000""],[""82156.06000000"",""0.08000000""],[""82160.26000000"",""0.03654000""],[""82165.50000000"",""0.08283000""],[""82334.46000000"",""0.96105000""]],""b"":[[""82128.93000000"",""13.33369000""],[""82128.53000000"",""0.00000000""],[""82128.29000000"",""0.00000000""],[""82124.55000000"",""0.00000000""],[""82124.01000000"",""0.00000000""],[""82123.46000000"",""0.00000000""],[""82122.44000000"",""0.00400000""],[""82122.25000000"",""0.00000000""],[""82096.78000000"",""0.00000000""],[""82093.69000000"",""0.00000000""],[""81950.90000000"",""5.55432000""],[""80897.00000000"",""0.00064000""],[""73916.04000000"",""0.00345000""],[""73916.00000000"",""0.01354000""],[""65703.15000000"",""0.00270000""]],""e"":""depthUpdate"",""s"":""BTCUSDT"",""u"":101228077719}"
1791514233,163126005,spot,depth5,0,0,2037,BTCUSDT,"{""asks"":[[""82128.94000000"",""3.49474000""],[""82128.95000000"",""0.00062000""],[""82128.96000000"",""0.00013000""],[""82128.99000000"",""0.00021000""],[""82129.00000000"",""51.45891000""]],""bids"":[[""82128.93000000"",""13.33369000""],[""82128.92000000"",""0.00013000""],[""82128.91000000"",""0.00013000""],[""82128.89000000"",""0.00745000""],[""82128.64000000"",""0.41011000""]],""lastUpdateId"":101228077737}"
1791514233,164536505,spot,depth_diff,0,0,2038,BTCUSDT,"{""E"":1791514233114,""U"":101228077720,""a"":[[""82137.06000000"",""0.00007000""],[""82141.66000000"",""0.00007000""],[""82151.57000000"",""0.00243000""],[""82151.58000000"",""0.00000000""],[""82155.63000000"",""0.66631000""],[""82181.18000000"",""0.00000000""]],""b"":[[""82122.44000000"",""0.00200000""],[""82121.60000000"",""0.00200000""],[""82119.35000000"",""0.00389000""],[""82111.90000000"",""0.00000000""],[""82108.80000000"",""0.00007000""],[""82078.29000000"",""0.00389000""],[""82070.84000000"",""0.00000000""],[""82045.44000000"",""0.00389000""],[""82037.99000000"",""0.00000000""],[""81878.01000000"",""0.00756000""],[""81876.01000000"",""0.00000000""]],""e"":""depthUpdate"",""s"":""BTCUSDT"",""u"":101228077737}"
1791514233,183759298,spot,trade,0,0,2039,BTCUSDT,"{""E"":1791514233130,""M"":true,""T"":1791514233130,""e"":""trade"",""m"":false,""p"":""82128.94000000"",""q"":""0.00012000"",""s"":""BTCUSDT"",""t"":6750016508}"
1791514233,217317587,spot,trade,0,0,2040,BTCUSDT,"{""E"":1791514233157,""M"":true,""T"":1791514233157,""e"":""trade"",""m"":false,""p"":""82128.94000000"",""q"":""0.01624000"",""s"":""BTCUSDT"",""t"":6750016509}"
1791514233,266700671,spot,trade,0,0,2041,BTCUSDT,"{""E"":1791514233212,""M"":true,""T"":1791514233212,""e"":""trade"",""m"":false,""p"":""82128.94000000"",""q"":""0.00035000"",""s"":""BTCUSDT"",""t"":6750016510}"
1791514233,267793371,spot,depth5,0,0,2042,BTCUSDT,"{""asks"":[[""82128.94000000"",""3.47803000""],[""82128.95000000"",""0.00062000""],[""82128.96000000"",""0.00013000""],[""82128.99000000"",""0.00021000""],[""82129.00000000"",""51.45891000""]],""bids"":[[""82128.93000000"",""13.33369000""],[""82128.92000000"",""0.00013000""],[""82128.91000000"",""0.00013000""],[""82128.89000000"",""0.00745000""],[""82128.64000000"",""0.41011000""]],""lastUpdateId"":101228077755}"
1791514233,268477670,spot,depth_diff,0,0,2043,BTCUSDT,"{""E"":1791514233214,""U"":101228077738,""a"":[[""82128.94000000"",""3.47803000""],[""82151.57000000"",""0.00000000""],[""82157.18000000"",""0.00000000""],[""83360.88000000"",""0.00030000""]],""b"":[[""82096.01000000"",""0.47576000""],[""82058.43000000"",""0.91528000""],[""82034.36000000"",""0.02792000""],[""82034.01000000"",""0.00000000""],[""80897.00000000"",""0.00056000""],[""80896.99000000"",""0.00030000""],[""73916.04000000"",""0.00338000""],[""65703.15000000"",""0.00240000""]],""e"":""depthUpdate"",""s"":""BTCUSDT"",""u"":101228077755}"
1791514233,394897828,spot,depth5,0,0,2044,BTCUSDT,"{""asks"":[[""82128.94000000"",""3.47803000""],[""82128.95000000"",""0.00062000""],[""82128.96000000"",""0.00013000""],[""82128.99000000"",""0.00021000""],[""82129.00000000"",""51.45891000""]],""bids"":[[""82128.93000000"",""13.33369000""],[""82128.92000000"",""0.00013000""],[""82128.91000000"",""0.00013000""],[""82128.89000000"",""0.00745000""],[""82128.64000000"",""0.41011000""]],""lastUpdateId"":101228077771}"
1791514233,414030722,spot,depth_diff,0,0,2045,BTCUSDT,"{""E"":1791514233314,""U"":101228077756,""a"":[[""82146.54000000"",""0.00196000""],[""82150.77000000"",""0.00243000""],[""82151.56000000"",""0.00000000""],[""82157.19000000"",""0.00000000""],[""82157.21000000"",""0.00000000""],[""82228.49000000"",""0.00000000""]],""b"":[[""82105.76000000"",""0.00200000""],[""82061.11000000"",""2.10374000""],[""82058.43000000"",""0.32505000""],[""82058.41000000"",""0.00000000""],[""80897.00000000"",""0.00064000""],[""75543.28000000"",""0.00000000""],[""73916.04000000"",""0.00353000""]],""e"":""depthUpdate"",""s"":""BTCUSDT"",""u"":101228077771}"
1791514233,417137721,spot,trade,0,0,2046,BTCUSDT,"{""E"":1791514233317,""M"":true,""T"":1791514233317,""e"":""trade"",""m"":false,""p"":""82128.94000000"",""q"":""0.00332000"",""s"":""BTCUSDT"",""t"":6750016511}"
1791514233,463839406,spot,depth5,0,0,2047,BTCUSDT,"{""asks"":[[""82128.94000000"",""3.47471000""],[""82128.95000000"",""0.00062000""],[""82128.96000000"",""0.00013000""],[""82128.99000000"",""0.00021000""],[""82129.00000000"",""51.45891000""]],""bids"":[[""82128.93000000"",""13.33369000""],[""82128.92000000"",""0.00013000""],[""82128.91000000"",""0.00013000""],[""82128.89000000"",""0.00745000""],[""82128.64000000"",""0.41011000""]],""lastUpdateId"":101228077779}"
1791514233,464565705,spot,depth_diff,0,0,2048,BTCUSDT,"{""E"":1791514233414,""U"":101228077772,""a"":[[""82128.94000000"",""3.47471000""],[""82150.76000000"",""0.00243000""],[""82150.77000000"",""0.00000000""]],""b"":[[""82126.67000000"",""0.00200000""],[""82121.60000000"",""0.00600000""],[""70091.00000000"",""0.02154000""],[""65703.15000000"",""0.00210000""]],""e"":""depthUpdate"",""s"":""BTCUSDT"",""u"":101228077779}"
1791514233,564435272,spot,depth5,0,0,2049,BTCUSDT,"{""asks"":[[""82128.94000000"",""3.47471000""],[""82128.95000000"",""0.00062000""],[""82128.96000000"",""0.00013000""],[""82128.99000000"",""0.00021000""],[""82129.00000000"",""51.45891000""]],""bids"":[[""82128.93000000"",""13.33369000""],[""82128.92000000"",""0.00013000""],[""82128.91000000"",""0.00013000""],[""82128.89000000"",""0.00745000""],[""82128.64000000"",""0.41011000""]],""lastUpdateId"":101228077787}"
1791514233,566360672,spot,depth_diff,0,0,2050,BTCUSDT,"{""E"":1791514233514,""U"":101228077780,""a"":[],""b"":[[""80897.00000000"",""0.00064000""],[""73916.04000000"",""0.00353000""],[""65703.15000000"",""0.00330000""]],""e"":""depthUpdate"",""s"":""BTCUSDT"",""u"":101228077787}"
1791514233,665955239,spot,depth5,0,0,2051,BTCUSDT,"{""asks"":[[""82128.94000000"",""2.43224000""],[""82128.95000000"",""0.00062000""],[""82128.96000000"",""0.00013000""],[""82128.99000000"",""0.00021000""],[""82129.00000000"",""51.45891000""]],""bids"":[[""82128.93000000"",""13.33376000""],[""82128.92000000"",""0.00013000""],[""82128.91000000"",""0.00013000""],[""82128.89000000"",""0.00745000""],[""82128.64000000"",""0.41011000""]],""lastUpdateId"":101228077806}"
1791514233,673976536,spot,depth_diff,0,0,2052,BTCUSDT,"{""E"":1791514233614,""U"":101228077788,""a"":[[""82128.94000000"",""2.43224000""],[""82150.74000000"",""0.00650000""],[""82150.75000000"",""0.00000000""],[""82150.76000000"",""0.00000000""],[""82157.23000000"",""0.00307000""]],""b"":[[""82128.93000000"",""13.33376000""],[""82126.85000000"",""0.03075000""],[""82126.63000000"",""0.24321000""],[""82115.51000000"",""0.03654000""],[""82097.46000000"",""0.00250000""],[""82094.04000000"",""0.00000000""],[""81438.49000000"",""0.00000000""],[""65703.15000000"",""0.00300000""],[""65703.00000000"",""0.00000000""]],""e"":""depthUpdate"",""s"":""BTCUSDT"",""u"":101228077806}"
