tsec,tnsec,seqNo,id,type,side,bid0,bid1,bid2,bid3,bid4,bid_size0,bid_size1,bid_size2,bid_size3,bid_size4,ask0,ask1,ask2,ask3,ask4,ask_size0,ask_size1,ask_size2,ask_size3,ask_size4
1791427295,239199799,1,1747767917,D,N,8315400000000,8315390000000,8315380000000,8315370000000,8315330000000,930100000,300000,100000,2500000,70000000,8315410000000,8315420000000,8315470000000,8315480000000,8315500000000,285600000,3100000,1800000,300000,100000
1791427295,305620752,2,1747767917,D,N,8315400000000,8315390000000,8315380000000,8315370000000,8315330000000,930500000,300000,100000,2500000,70000000,8315410000000,8315420000000,8315460000000,8315470000000,8315480000000,285600000,3100000,200000,1800000,300000
1791427295,403626197,3,1747767917,D,N,8315400000000,8315390000000,8315380000000,8315370000000,8315330000000,882200000,300000,100000,2500000,70000000,8315410000000,8315420000000,8315460000000,8315470000000,8315480000000,284800000,3100000,200000,1800000,300000
1791427295,553609572,4,1747767917,D,N,8315400000000,8315390000000,8315380000000,8315370000000,8315280000000,827000000,300000,100000,2500000,100000,8315410000000,8315420000000,8315460000000,8315470000000,8315480000000,279500000,3100000,200000,1800000,300000
1791427295,610953590,5,1747767917,D,N,8315400000000,8315390000000,8315380000000,8315370000000,8315280000000,827000000,300000,100000,2500000,100000,8315410000000,8315420000000,8315460000000,8315470000000,8315480000000,280100000,3100000,200000,1800000,300000
1791427295,699652321,6,1747767917,D,N,8315400000000,8315390000000,8315380000000,8315370000000,8315280000000,825400000,300000,100000,2500000,100000,8315410000000,8315420000000,8315460000000,8315470000000,8315480000000,279400000,3100000,200000,1800000,300000
1791427295,812230209,7,1747767917,D,N,8315400000000,8315390000000,8315380000000,8315370000000,8315280000000,709500000,300000,100000,2500000,100000,8315410000000,8315420000000,8315460000000,8315470000000,8315480000000,282300000,3100000,200000,1800000,300000
1791427295,932089523,8,1747767917,D,N,8315400000000,8315390000000,8315380000000,8315280000000,8315240000000,772300000,300000,100000,100000,200000,8315410000000,8315420000000,8315460000000,8315470000000,8315480000000,282400000,3100000,200000,1800000,300000
1791427295,944664674,9,1747767917,S,N,8315400000000,8315390000000,8315380000000,8315280000000,8315240000000,772300000,300000,100000,100000,200000,8315410000000,8315420000000,8315460000000,8315470000000,8315480000000,282400000,3100000,200000,1800000,300000
1791427295,996702762,10,1747767917,D,N,8315400000000,8315390000000,8315380000000,8315280000000,8315240000000,772300000,300000,100000,100000,200000,8315410000000,8315420000000,8315460000000,8315470000000,8315480000000,282400000,3100000,200000,1800000,300000
1791427296,95304449,11,1747767917,D,N,8315400000000,8315390000000,8315380000000,8315280000000,8315240000000,827300000,300000,100000,100000,1200000,8315410000000,8315420000000,8315460000000,8315470000000,8315480000000,263400000,3100000,200000,1800000,300000
1791427296,207420843,12,1747767917,D,N,8315400000000,8315390000000,8315380000000,8315280000000,8315240000000,873000000,300000,100000,100000,1200000,8315410000000,8315420000000,8315460000000,8315470000000,8315480000000,260700000,3100000,200000,1800000,300000
1791427296,304807087,13,1747767917,D,N,8315400000000,8315390000000,8315380000000,8315280000000,8315240000000,873200000,300000,100000,100000,1200000,8315410000000,8315420000000,8315460000000,8315470000000,8315480000000,260800000,3100000,200000,1800000,300000
1791427296,339089347,14,1747767917,S,N,8315400000000,8315390000000,8315380000000,8315280000000,8315240000000,873200000,300000,100000,100000,1200000,8315410000000,8315420000000,8315460000000,8315470000000,8315480000000,260800000,3100000,200000,1800000,300000
1791427296,397079980,15,1747767917,D,N,8315400000000,8315390000000,8315380000000,8315280000000,8315240000000,873200000,300000,100000,100000,1200000,8315410000000,8315420000000,8315460000000,8315470000000,8315480000000,260800000,3100000,200000,1800000,300000
1791427296,498926953,16,1747767917,D,N,8315400000000,8315390000000,8315380000000,8315280000000,8315240000000,871100000,300000,100000,100000,1200000,8315410000000,8315420000000,8315460000000,8315470000000,8315480000000,260800000,3100000,200000,1800000,300000
1791427296,543704150,17,1747767917,S,N,8315400000000,8315390000000,8315380000000,8315280000000,8315240000000,871100000,300000,100000,100000,1200000,8315410000000,8315420000000,8315460000000,8315470000000,8315480000000,260800000,3100000,200000,1800000,300000
1791427296,590638380,18,1747767917,D,N,8315400000000,8315390000000,8315380000000,8315280000000,8315240000000,871100000,300000,100000,100000,1200000,8315410000000,8315420000000,8315460000000,8315470000000,8315480000000,260800000,3100000,200000,1800000,300000
1791427296,702905893,19,1747767917,D,N,8315400000000,8315390000000,8315380000000,8315280000000,8315240000000,871100000,300000,100000,100000,1200000,8315410000000,8315420000000,8315460000000,8315470000000,8315480000000,260800000,3100000,200000,1800000,300000
1791427296,788111930,20,1747767917,D,N,8315400000000,8315390000000,8315380000000,8315280000000,8315240000000,865100000,300000,100000,100000,1200000,8315410000000,8315420000000,8315460000000,8315470000000,8315480000000,195700000,3100000,200000,1800000,300000
1791427296,810639345,21,1747767917,S,N,8315400000000,8315390000000,8315380000000,8315280000000,8315240000000,865100000,300000,100000,100000,1200000,8315410000000,8315420000000,8315460000000,8315470000000,8315480000000,195700000,3100000,200000,1800000,300000
1791427296,923343457,22,1747767917,D,N,8315400000000,8315390000000,8315380000000,8315280000000,8315240000000,865100000,300000,100000,100000,1200000,8315410000000,8315420000000,8315460000000,8315470000000,8315480000000,195700000,3100000,200000,1800000,300000
1791427297,10972729,23,1747767917,D,N,8315400000000,8315390000000,8315380000000,8315280000000,8315240000000,865200000,300000,100000,100000,1200000,8315410000000,8315420000000,8315460000000,8315470000000,8315480000000,247600000,3100000,200000,1800000,300000
1791427297,85520504,24,1747767917,D,N,8315400000000,8315390000000,8315380000000,8315330000000,8315280000000,866800000,300000,100000,70000000,100000,8315410000000,8315420000000,8315460000000,8315470000000,8315480000000,247600000,3100000,200000,1800000,300000
1791427297,132917101,25,1747767917,S,N,8315400000000,8315390000000,8315380000000,8315330000000,8315280000000,866800000,300000,100000,70000000,100000,8315410000000,8315420000000,8315460000000,8315470000000,8315480000000,247600000,3100000,200000,1800000,300000
1791427297,198301822,26,1747767917,D,N,8315400000000,8315390000000,8315380000000,8315330000000,8315280000000,866800000,300000,100000,70000000,100000,8315410000000,8315420000000,8315460000000,8315470000000,8315480000000,247600000,3100000,200000,1800000,300000
1791427297,281735405,27,1747767917,D,N,8315400000000,8315390000000,8315380000000,8315330000000,8315280000000,867200000,300000,100000,70000000,100000,8315410000000,8315420000000,8315460000000,8315470000000,8315480000000,247700000,3100000,200000,1800000,300000
1791427297,332572966,28,1747767917,S,N,8315400000000,8315390000000,8315380000000,8315330000000,8315280000000,867200000,300000,100000,70000000,100000,8315410000000,8315420000000,8315460000000,8315470000000,8315480000000,247700000,3100000,200000,1800000,300000
1791427297,392439899,29,1747767917,D,N,8315400000000,8315390000000,8315380000000,8315330000000,8315300000000,806800000,300000,100000,70000000,6100000,8315410000000,8315420000000,8315460000000,8315470000000,8315480000000,311200000,3100000,200000,1800000,300000
1791427297,512340370,30,1747767917,D,N,8315400000000,8315390000000,8315380000000,8315280000000,8315240000000,694500000,300000,100000,100000,1200000,8315410000000,8315420000000,8315460000000,8315470000000,8315480000000,321000000,3100000,200000,1800000,300000
1791427297,592793070,31,1747767917,D,N,8315400000000,8315390000000,8315380000000,8315320000000,8315280000000,694400000,300000,100000,6100000,100000,8315410000000,8315420000000,8315460000000,8315470000000,8315480000000,321100000,3100000,200000,1800000,300000
1791427297,725022270,32,1747767917,D,N,8315400000000,8315390000000,8315380000000,8315280000000,8315240000000,694400000,300000,100000,100000,1200000,8315410000000,8315420000000,8315460000000,8315470000000,8315480000000,321100000,3100000,200000,1800000,300000
1791427297,791054270,33,1747767917,D,N,8315400000000,8315390000000,8315380000000,8315280000000,8315240000000,694400000,300000,100000,100000,1200000,8315410000000,8315420000000,8315460000000,8315470000000,8315480000000,357100000,3100000,200000,1800000,300000
1791427297,885225170,34,1747767917,D,N,8315400000000,8315390000000,8315380000000,8315280000000,8315240000000,694400000,300000,100000,100000,1300000,8315410000000,8315420000000,8315460000000,8315470000000,8315480000000,357000000,3300000,200000,1800000,300000
1791427297,887139870,35,1747767917,S,N,8315400000000,8315390000000,8315380000000,8315280000000,8315240000000,694400000,300000,100000,100000,1300000,8315410000000,8315420000000,8315460000000,8315470000000,8315480000000,357000000,3300000,200000,1800000,300000
1791427298,4353870,36,1747767917,D,N,8315400000000,8315390000000,8315380000000,8315280000000,8315240000000,359800000,200000,100000,100000,1300000,8315410000000,8315420000000,8315460000000,8315470000000,8315480000000,424500000,3300000,200000,1800000,300000
1791427298,7271970,37,1747767917,S,N,8315400000000,8315390000000,8315380000000,8315280000000,8315240000000,359800000,200000,100000,100000,1300000,8315410000000,8315420000000,8315460000000,8315470000000,8315480000000,424500000,3300000,200000,1800000,300000
1791427298,126524470,38,1747767917,D,N,8315400000000,8315390000000,8315380000000,8315280000000,8315260000000,184700000,200000,100000,100000,100000,8315410000000,8315420000000,8315440000000,8315460000000,8315470000000,873500000,3300000,6100000,200000,1800000
1791427298,132875970,39,1747767917,S,N,8315400000000,8315390000000,8315380000000,8315280000000,8315260000000,184700000,200000,100000,100000,100000,8315410000000,8315420000000,8315440000000,8315460000000,8315470000000,873500000,3300000,6100000,200000,1800000
1791427298,196782670,40,1747767917,D,N,8315400000000,8315390000000,8315380000000,8315280000000,8315260000000,300600000,200000,100000,100000,100000,8315410000000,8315420000000,8315440000000,8315460000000,8315470000000,872600000,3300000,6100000,200000,1800000
1791427298,201649470,41,1747767917,S,N,8315400000000,8315390000000,8315380000000,8315280000000,8315260000000,300600000,200000,100000,100000,100000,8315410000000,8315420000000,8315440000000,8315460000000,8315470000000,872600000,3300000,6100000,200000,1800000
1791427298,314407870,42,1747767917,D,N,8315400000000,8315390000000,8315380000000,8315280000000,8315260000000,297700000,200000,100000,100000,100000,8315410000000,8315420000000,8315440000000,8315460000000,8315470000000,872700000,3300000,6100000,200000,1800000
1791427298,316718970,43,1747767917,S,N,8315400000000,8315390000000,8315380000000,8315280000000,8315260000000,297700000,200000,100000,100000,100000,8315410000000,8315420000000,8315440000000,8315460000000,8315470000000,872700000,3300000,6100000,200000,1800000
1791427298,401053870,44,1747767917,D,N,8315400000000,8315390000000,8315380000000,8315280000000,8315260000000,298800000,200000,100000,100000,100000,8315410000000,8315420000000,8315440000000,8315460000000,8315470000000,829700000,3300000,6100000,200000,1800000
1791427298,519757170,45,1747767917,D,N,8315400000000,8315390000000,8315380000000,8315280000000,8315260000000,282700000,200000,100000,100000,100000,8315410000000,8315420000000,8315440000000,8315460000000,8315470000000,867600000,3300000,6100000,200000,1800000
1791427298,522201970,46,1747767917,S,N,8315400000000,8315390000000,8315380000000,8315280000000,8315260000000,282700000,200000,100000,100000,100000,8315410000000,8315420000000,8315440000000,8315460000000,8315470000000,867600000,3300000,6100000,200000,1800000
1791427298,599861870,47,1747767917,D,N,8315400000000,8315390000000,8315380000000,8315280000000,8315260000000,156100000,100000,100000,100000,100000,8315410000000,8315420000000,8315440000000,8315460000000,8315470000000,907600000,3300000,6100000,200000,1800000
1791427298,601851870,48,1747767917,S,N,8315400000000,8315390000000,8315380000000,8315280000000,8315260000000,156100000,100000,100000,100000,100000,8315410000000,8315420000000,8315440000000,8315460000000,8315470000000,907600000,3300000,6100000,200000,1800000
1791427298,722280870,49,1747767917,D,N,8315400000000,8315390000000,8315380000000,8315280000000,8315260000000,156300000,200000,100000,100000,100000,8315410000000,8315420000000,8315440000000,8315460000000,8315470000000,907600000,3300000,6100000,200000,1800000
1791427298,724202070,50,1747767917,S,N,8315400000000,8315390000000,8315380000000,8315280000000,8315260000000,156300000,200000,100000,100000,100000,8315410000000,8315420000000,8315440000000,8315460000000,8315470000000,907600000,3300000,6100000,200000,1800000
1791427298,836303270,51,1747767917,D,N,8315400000000,8315390000000,8315380000000,8315280000000,8315260000000,77100000,100000,100000,100000,100000,8315410000000,8315420000000,8315440000000,8315460000000,8315470000000,953400000,3300000,6100000,200000,1800000
1791427298,919316070,52,1747767917,D,N,8315000000000,8314990000000,8314970000000,8314950000000,8314920000000,244200000,1300000,600000,900000,1700000,8315010000000,8315020000000,8315030000000,8315060000000,8315080000000,1889100000,511400000,30100000,100000,100000
1791427298,923947470,53,1747767917,S,N,8315000000000,8314990000000,8314970000000,8314950000000,8314920000000,244200000,1300000,600000,900000,1700000,8315010000000,8315020000000,8315030000000,8315060000000,8315080000000,1889100000,511400000,30100000,100000,100000
1791427299,45915570,54,1747767917,D,N,8314320000000,8314310000000,8314300000000,8314290000000,8314280000000,27300000,900000,200000,100000,100000,8314330000000,8314340000000,8314390000000,8314410000000,8314420000000,3223500000,591400000,200000,105900000,111200000
1791427299,115532870,55,1747767917,D,N,8314320000000,8314310000000,8314300000000,8314290000000,8314280000000,32800000,900000,200000,100000,100000,8314330000000,8314340000000,8314350000000,8314390000000,8314400000000,2087600000,551800000,100000,200000,1500000
1791427299,118114570,56,1747767917,S,N,8314320000000,8314310000000,8314300000000,8314290000000,8314280000000,32800000,900000,200000,100000,100000,8314330000000,8314340000000,8314350000000,8314390000000,8314400000000,2087600000,551800000,100000,200000,1500000
1791427299,240715170,57,1747767917,D,N,8314320000000,8314310000000,8314300000000,8314290000000,8314280000000,33200000,2500000,300000,100000,100000,8314330000000,8314340000000,8314350000000,8314390000000,8314400000000,2091400000,551900000,100000,200000,1500000
1791427299,242541570,58,1747767917,S,N,8314320000000,8314310000000,8314300000000,8314290000000,8314280000000,33200000,2500000,300000,100000,100000,8314330000000,8314340000000,8314350000000,8314390000000,8314400000000,2091400000,551900000,100000,200000,1500000
1791427299,321932770,59,1747767917,D,N,8314320000000,8314310000000,8314300000000,8314290000000,8314280000000,64100000,2500000,300000,100000,100000,8314330000000,8314340000000,8314350000000,8314390000000,8314400000000,2004700000,544600000,100000,200000,1500000
1791427299,441448470,60,1747767917,D,N,8314320000000,8314310000000,8314300000000,8314290000000,8314280000000,10200000,2500000,300000,100000,100000,8314330000000,8314340000000,8314350000000,8314390000000,8314400000000,2099100000,544600000,100000,200000,1500000
1791427299,442979670,61,1747767917,S,N,8314320000000,8314310000000,8314300000000,8314290000000,8314280000000,10200000,2500000,300000,100000,100000,8314330000000,8314340000000,8314350000000,8314390000000,8314400000000,2099100000,544600000,100000,200000,1500000
1791427299,573431170,62,1747767917,D,N,8314320000000,8314310000000,8314300000000,8314290000000,8314280000000,10300000,2500000,300000,100000,100000,8314330000000,8314340000000,8314350000000,8314390000000,8314400000000,2107500000,544600000,100000,200000,1500000
1791427299,575063670,63,1747767917,S,N,8314320000000,8314310000000,8314300000000,8314290000000,8314280000000,10300000,2500000,300000,100000,100000,8314330000000,8314340000000,8314350000000,8314390000000,8314400000000,2107500000,544600000,100000,200000,1500000
1791427299,631032570,64,1747767917,D,N,8314320000000,8314310000000,8314300000000,8314290000000,8314280000000,8400000,2500000,300000,100000,100000,8314330000000,8314340000000,8314350000000,8314390000000,8314400000000,2060900000,544600000,100000,200000,1900000
1791427299,632395270,65,1747767917,S,N,8314320000000,8314310000000,8314300000000,8314290000000,8314280000000,8400000,2500000,300000,100000,100000,8314330000000,8314340000000,8314350000000,8314390000000,8314400000000,2060900000,544600000,100000,200000,1900000
1791427299,747932970,66,1747767917,D,N,8314320000000,8314310000000,8314300000000,8314290000000,8314280000000,7600000,2500000,300000,100000,100000,8314330000000,8314340000000,8314350000000,8314390000000,8314400000000,2109000000,544800000,300000,200000,1900000
1791427299,752588770,67,1747767917,S,N,8314320000000,8314310000000,8314300000000,8314290000000,8314280000000,7600000,2500000,300000,100000,100000,8314330000000,8314340000000,8314350000000,8314390000000,8314400000000,2109000000,544800000,300000,200000,1900000
1791427299,839595270,68,1747767917,D,N,8314320000000,8314310000000,8314300000000,8314290000000,8314280000000,7700000,2500000,300000,100000,100000,8314330000000,8314340000000,8314350000000,8314390000000,8314400000000,2060800000,544800000,300000,200000,1900000
1791427299,843773370,69,1747767917,S,N,8314320000000,8314310000000,8314300000000,8314290000000,8314280000000,7700000,2500000,300000,100000,100000,8314330000000,8314340000000,8314350000000,8314390000000,8314400000000,2060800000,544800000,300000,200000,1900000
1791427299,952762270,70,1747767917,D,N,8314320000000,8314310000000,8314300000000,8314290000000,8314280000000,7700000,2500000,300000,100000,100000,8314330000000,8314340000000,8314350000000,8314390000000,8314400000000,2061600000,544800000,300000,600000,1500000
1791427299,956619670,71,1747767917,S,N,8314320000000,8314310000000,8314300000000,8314290000000,8314280000000,7700000,2500000,300000,100000,100000,8314330000000,8314340000000,8314350000000,8314390000000,8314400000000,2061600000,544800000,300000,600000,1500000
1791427300,43477170,72,1747767917,D,N,8314320000000,8314310000000,8314300000000,8314290000000,8314280000000,7700000,2500000,300000,100000,100000,8314330000000,8314340000000,8314350000000,8314390000000,8314400000000,2108800000,544800000,300000,600000,1500000
1791427300,162496370,73,1747767917,D,N,8314320000000,8314310000000,8314300000000,8314290000000,8314280000000,3200000,2500000,300000,100000,100000,8314330000000,8314340000000,8314350000000,8314380000000,8314390000000,2107800000,544800000,300000,400000,200000
1791427300,235940370,74,1747767917,D,N,8314320000000,8314310000000,8314300000000,8314290000000,8314280000000,3300000,2500000,300000,100000,100000,8314330000000,8314340000000,8314350000000,8314390000000,8314400000000,2061700000,544800000,300000,200000,1500000
1791427300,237230870,75,1747767917,S,N,8314320000000,8314310000000,8314300000000,8314290000000,8314280000000,3300000,2500000,300000,100000,100000,8314330000000,8314340000000,8314350000000,8314390000000,8314400000000,2061700000,544800000,300000,200000,1500000
1791427300,377918323,76,1747767917,D,N,8314250000000,8314240000000,8314220000000,8314210000000,8314200000000,51900000,100000,100000,100000,500000,8314260000000,8314270000000,8314280000000,8314290000000,8314300000000,1961000000,100000,73000000,609300000,7500000
1791427300,435040672,77,1747767917,D,N,8314250000000,8314240000000,8314230000000,8314220000000,8314210000000,81800000,100000,100000,100000,100000,8314260000000,8314270000000,8314280000000,8314290000000,8314310000000,1697800000,30300000,1500000,477500000,249700000
1791427300,437880742,78,1747767917,S,N,8314250000000,8314240000000,8314230000000,8314220000000,8314210000000,81800000,100000,100000,100000,100000,8314260000000,8314270000000,8314280000000,8314290000000,8314310000000,1697800000,30300000,1500000,477500000,249700000
1791427300,555291234,79,1747767917,D,N,8314250000000,8314240000000,8314230000000,8314220000000,8314210000000,82000000,100000,100000,100000,100000,8314260000000,8314270000000,8314280000000,8314290000000,8314310000000,1723500000,30400000,1500000,477500000,250100000
1791427300,557020910,80,1747767917,S,N,8314250000000,8314240000000,8314230000000,8314220000000,8314210000000,82000000,100000,100000,100000,100000,8314260000000,8314270000000,8314280000000,8314290000000,8314310000000,1723500000,30400000,1500000,477500000,250100000
1791427300,668201648,81,1747767917,D,N,8314250000000,8314240000000,8314230000000,8314220000000,8314210000000,81900000,100000,100000,100000,100000,8314260000000,8314270000000,8314280000000,8314290000000,8314310000000,1733700000,30400000,1900000,477500000,249700000
1791427300,669963868,82,1747767917,S,N,8314250000000,8314240000000,8314230000000,8314220000000,8314210000000,81900000,100000,100000,100000,100000,8314260000000,8314270000000,8314280000000,8314290000000,8314310000000,1733700000,30400000,1900000,477500000,249700000
1791427301,47105770,83,1747767917,D,N,8314250000000,8314240000000,8314230000000,8314220000000,8314210000000,110700000,100000,100000,100000,100000,8314260000000,8314270000000,8314280000000,8314290000000,8314310000000,1733700000,30400000,1900000,477500000,249700000
1791427301,48744686,84,1747767917,S,N,8314250000000,8314240000000,8314230000000,8314220000000,8314210000000,110700000,100000,100000,100000,100000,8314260000000,8314270000000,8314280000000,8314290000000,8314310000000,1733700000,30400000,1900000,477500000,249700000
1791427301,50181566,85,1747767917,D,N,8314250000000,8314240000000,8314230000000,8314220000000,8314210000000,82700000,100000,100000,100000,100000,8314260000000,8314270000000,8314280000000,8314290000000,8314310000000,1734600000,30400000,1900000,477500000,249700000
1791427301,51875262,86,1747767917,S,N,8314250000000,8314240000000,8314230000000,8314220000000,8314210000000,82700000,100000,100000,100000,100000,8314260000000,8314270000000,8314280000000,8314290000000,8314310000000,1734600000,30400000,1900000,477500000,249700000
1791427301,172072285,87,1747767917,D,N,8314250000000,8314240000000,8314230000000,8314220000000,8314210000000,4000000,100000,100000,100000,100000,8314260000000,8314270000000,8314280000000,8314290000000,8314310000000,1780800000,30400000,1900000,477500000,249700000
1791427301,173403612,88,1747767917,S,N,8314250000000,8314240000000,8314230000000,8314220000000,8314210000000,4000000,100000,100000,100000,100000,8314260000000,8314270000000,8314280000000,8314290000000,8314310000000,1780800000,30400000,1900000,477500000,249700000
1791427301,290741000,89,1747767917,D,N,8314250000000,8314240000000,8314230000000,8314220000000,8314210000000,4000000,100000,100000,100000,400000,8314260000000,8314270000000,8314280000000,8314290000000,8314310000000,1850400000,30400000,1900000,477500000,249700000
1791427301,423849228,90,1747767917,D,N,8314250000000,8314240000000,8314230000000,8314220000000,8314210000000,5400000,100000,100000,100000,400000,8314260000000,8314270000000,8314280000000,8314290000000,8314310000000,1659500000,30400000,1900000,477500000,3800000
1791427301,468438489,91,1747767917,D,N,8314000000000,8313990000000,8313980000000,8313930000000,8313910000000,147800000,200000,300000,500000,200000,8314010000000,8314020000000,8314090000000,8314120000000,8314180000000,996100000,300000,33500000,200000,1700000
1791427301,471625849,92,1747767917,S,N,8314000000000,8313990000000,8313980000000,8313930000000,8313910000000,147800000,200000,300000,500000,200000,8314010000000,8314020000000,8314090000000,8314120000000,8314180000000,996100000,300000,33500000,200000,1700000
1791427301,472967484,93,1747767917,D,N,8314000000000,8313990000000,8313980000000,8313930000000,8313910000000,128900000,200000,300000,500000,200000,8314010000000,8314020000000,8314090000000,8314120000000,8314150000000,1003300000,30500000,33500000,200000,400000
1791427301,474125309,94,1747767917,S,N,8314000000000,8313990000000,8313980000000,8313930000000,8313910000000,128900000,200000,300000,500000,200000,8314010000000,8314020000000,8314090000000,8314120000000,8314150000000,1003300000,30500000,33500000,200000,400000
1791427301,475868823,95,1747767917,D,N,8314000000000,8313990000000,8313980000000,8313930000000,8313910000000,131600000,200000,300000,500000,200000,8314010000000,8314020000000,8314090000000,8314120000000,8314180000000,1004300000,30500000,33500000,600000,1700000
1791427301,477035906,96,1747767917,S,N,8314000000000,8313990000000,8313980000000,8313930000000,8313910000000,131600000,200000,300000,500000,200000,8314010000000,8314020000000,8314090000000,8314120000000,8314180000000,1004300000,30500000,33500000,600000,1700000
1791427301,530881186,97,1747767917,D,N,8314000000000,8313990000000,8313980000000,8313930000000,8313910000000,131600000,200000,300000,500000,200000,8314010000000,8314020000000,8314090000000,8314120000000,8314180000000,1004300000,30500000,33500000,600000,1700000
1791427301,617978829,98,1747767917,D,N,8314000000000,8313990000000,8313980000000,8313930000000,8313910000000,131600000,200000,300000,500000,400000,8314010000000,8314020000000,8314090000000,8314110000000,8314120000000,1004400000,30500000,33500000,400000,200000
1791427301,730784264,99,1747767917,D,N,8314000000000,8313990000000,8313980000000,8313930000000,8313910000000,159700000,200000,300000,500000,400000,8314010000000,8314020000000,8314090000000,8314120000000,8314150000000,979500000,30700000,33500000,200000,700000
1791427301,803669150,100,1747767917,D,N,8314000000000,8313990000000,8313980000000,8313960000000,8313930000000,166200000,200000,300000,6100000,500000,8314010000000,8314020000000,8314090000000,8314120000000,8314150000000,934400000,30700000,33500000,200000,700000
1791427301,950832951,101,1747767917,D,N,8314000000000,8313990000000,8313980000000,8313960000000,8313930000000,166300000,200000,300000,6100000,500000,8314010000000,8314020000000,8314090000000,8314120000000,8314150000000,879100000,30700000,33500000,200000,700000
1791427302,70853322,102,1747767917,D,N,8314000000000,8313990000000,8313980000000,8313960000000,8313930000000,166300000,200000,300000,6100000,500000,8314010000000,8314020000000,8314090000000,8314120000000,8314150000000,879300000,30700000,33500000,200000,700000
1791427302,74383010,103,1747767917,S,N,8314000000000,8313990000000,8313980000000,8313960000000,8313930000000,166300000,200000,300000,6100000,500000,8314010000000,8314020000000,8314090000000,8314120000000,8314150000000,879300000,30700000,33500000,200000,700000
1791427302,124399602,104,1747767917,D,N,8314000000000,8313990000000,8313980000000,8313960000000,8313930000000,166300000,200000,300000,6100000,500000,8314010000000,8314020000000,8314070000000,8314090000000,8314120000000,879100000,30700000,200000,33500000,200000
1791427302,196532265,105,1747767917,D,N,8314000000000,8313990000000,8313980000000,8313960000000,8313930000000,171300000,200000,300000,6100000,500000,8314010000000,8314020000000,8314070000000,8314090000000,8314120000000,879100000,30700000,200000,33500000,200000
1791427302,304937638,106,1747767917,D,N,8314000000000,8313990000000,8313980000000,8313960000000,8313930000000,171700000,200000,300000,6100000,500000,8314010000000,8314020000000,8314070000000,8314090000000,8314120000000,879100000,30700000,200000,33500000,200000
1791427302,416830707,107,1747767917,D,N,8314000000000,8313990000000,8313980000000,8313930000000,8313910000000,136100000,200000,300000,6600000,400000,8314010000000,8314020000000,8314070000000,8314090000000,8314120000000,939500000,30700000,200000,33500000,200000
1791427302,496989318,108,1747767917,D,N,8314000000000,8313990000000,8313980000000,8313930000000,8313910000000,144700000,200000,300000,500000,500000,8314010000000,8314020000000,8314070000000,8314090000000,8314120000000,875100000,30700000,200000,33500000,200000
1791427302,614147001,109,1747767917,D,N,8314000000000,8313990000000,8313980000000,8313930000000,8313910000000,178400000,200000,300000,500000,500000,8314010000000,8314020000000,8314070000000,8314090000000,8314120000000,875100000,30700000,200000,33500000,200000
1791427302,749988029,110,1747767917,D,N,8314000000000,8313990000000,8313980000000,8313970000000,8313950000000,469400000,200000,300000,36100000,100000,8314010000000,8314020000000,8314070000000,8314090000000,8314150000000,526100000,30500000,200000,100000,900000
1791427302,837227489,111,1747767917,D,N,8314000000000,8313990000000,8313980000000,8313970000000,8313950000000,469400000,200000,300000,36100000,100000,8314010000000,8314020000000,8314070000000,8314090000000,8314150000000,482500000,30500000,200000,100000,900000
1791427302,876003668,112,1747767917,D,N,8314000000000,8313990000000,8313980000000,8313970000000,8313950000000,506400000,200000,300000,36100000,100000,8314010000000,8314020000000,8314070000000,8314090000000,8314150000000,252900000,30500000,200000,100000,900000
1791427302,997219085,113,1747767917,D,N,8314000000000,8313990000000,8313980000000,8313970000000,8313950000000,506500000,200000,300000,36100000,100000,8314010000000,8314020000000,8314070000000,8314090000000,8314150000000,257000000,30500000,200000,100000,900000
1791427303,103668790,114,1747767917,D,N,8314000000000,8313990000000,8313980000000,8313970000000,8313950000000,507000000,200000,300000,36100000,1600000,8314010000000,8314020000000,8314070000000,8314090000000,8314150000000,257000000,30500000,200000,100000,900000
1791427303,184298185,115,1747767917,D,N,8314000000000,8313990000000,8313980000000,8313970000000,8313950000000,506100000,200000,400000,36100000,1600000,8314010000000,8314020000000,8314070000000,8314090000000,8314150000000,257000000,30500000,200000,100000,700000
1791427303,335431251,116,1747767917,D,N,8314000000000,8313990000000,8313980000000,8313970000000,8313950000000,506600000,300000,400000,36100000,1600000,8314010000000,8314020000000,8314070000000,8314090000000,8314150000000,251300000,30500000,200000,100000,700000
1791427303,377283322,117,1747767917,D,N,8314000000000,8313990000000,8313980000000,8313970000000,8313950000000,504600000,300000,400000,36100000,1600000,8314010000000,8314020000000,8314070000000,8314090000000,8314150000000,251300000,30500000,200000,100000,700000
1791427303,486659371,118,1747767917,D,N,8314000000000,8313990000000,8313980000000,8313970000000,8313950000000,504500000,300000,400000,36100000,1600000,8314010000000,8314020000000,8314070000000,8314090000000,8314150000000,251200000,30500000,200000,100000,700000
1791427303,564933892,119,1747767917,D,N,8314000000000,8313990000000,8313980000000,8313970000000,8313950000000,504500000,300000,400000,36100000,1600000,8314010000000,8314020000000,8314070000000,8314090000000,8314150000000,251200000,30500000,200000,100000,700000
1791427303,684146590,120,1747767917,D,N,8314000000000,8313990000000,8313980000000,8313970000000,8313950000000,466500000,300000,400000,36100000,1600000,8314010000000,8314020000000,8314070000000,8314090000000,8314150000000,251300000,30500000,200000,100000,700000
1791427303,685502636,121,1747767917,S,N,8314000000000,8313990000000,8313980000000,8313970000000,8313950000000,466500000,300000,400000,36100000,1600000,8314010000000,8314020000000,8314070000000,8314090000000,8314150000000,251300000,30500000,200000,100000,700000
1791427303,798043523,122,1747767917,D,N,8314000000000,8313990000000,8313980000000,8313970000000,8313950000000,466500000,300000,400000,36100000,1600000,8314010000000,8314020000000,8314070000000,8314090000000,8314150000000,256900000,30500000,200000,100000,700000
1791427303,799748767,123,1747767917,S,N,8314000000000,8313990000000,8313980000000,8313970000000,8313950000000,466500000,300000,400000,36100000,1600000,8314010000000,8314020000000,8314070000000,8314090000000,8314150000000,256900000,30500000,200000,100000,700000
1791427303,869123243,124,1747767917,D,N,8314000000000,8313990000000,8313980000000,8313970000000,8313950000000,461800000,300000,400000,36100000,1600000,8314010000000,8314020000000,8314070000000,8314090000000,8314150000000,257100000,30500000,200000,100000,700000
1791427303,870322393,125,1747767917,S,N,8314000000000,8313990000000,8313980000000,8313970000000,8313950000000,461800000,300000,400000,36100000,1600000,8314010000000,8314020000000,8314070000000,8314090000000,8314150000000,257100000,30500000,200000,100000,700000
1791427303,937009114,126,1747767917,D,N,8314000000000,8313990000000,8313980000000,8313970000000,8313950000000,461800000,300000,400000,36100000,1600000,8314010000000,8314020000000,8314070000000,8314090000000,8314150000000,257100000,30500000,200000,100000,700000
1791427304,34126357,127,1747767917,D,N,8314000000000,8313990000000,8313980000000,8313970000000,8313950000000,468800000,300000,400000,36100000,1600000,8314010000000,8314020000000,8314070000000,8314090000000,8314150000000,258500000,30500000,200000,100000,700000
1791427304,59878908,128,1747767917,S,N,8314000000000,8313990000000,8313980000000,8313970000000,8313950000000,468800000,300000,400000,36100000,1600000,8314010000000,8314020000000,8314070000000,8314090000000,8314150000000,258500000,30500000,200000,100000,700000
1791427304,131926537,129,1747767917,D,N,8314000000000,8313990000000,8313980000000,8313970000000,8313950000000,468700000,300000,400000,36100000,1600000,8314010000000,8314020000000,8314070000000,8314090000000,8314150000000,258500000,30500000,200000,100000,700000
1791427304,231236032,130,1747767917,D,N,8314000000000,8313990000000,8313980000000,8313970000000,8313950000000,466500000,300000,400000,36100000,1600000,8314010000000,8314020000000,8314070000000,8314090000000,8314150000000,260200000,30500000,200000,100000,700000
1791427304,258702417,131,1747767917,S,N,8314000000000,8313990000000,8313980000000,8313970000000,8313950000000,466500000,300000,400000,36100000,1600000,8314010000000,8314020000000,8314070000000,8314090000000,8314150000000,260200000,30500000,200000,100000,700000
1791427304,326887765,132,1747767917,D,N,8314000000000,8313990000000,8313980000000,8313970000000,8313950000000,466400000,300000,400000,36100000,1600000,8314010000000,8314020000000,8314070000000,8314090000000,8314150000000,260200000,30500000,200000,100000,700000
1791427304,394232655,133,1747767917,S,N,8314000000000,8313990000000,8313980000000,8313970000000,8313950000000,466400000,300000,400000,36100000,1600000,8314010000000,8314020000000,8314070000000,8314090000000,8314150000000,260200000,30500000,200000,100000,700000
1791427304,425578755,134,1747767917,D,N,8314000000000,8313990000000,8313980000000,8313970000000,8313950000000,466400000,300000,400000,36100000,1600000,8314010000000,8314020000000,8314070000000,8314090000000,8314150000000,260200000,30500000,200000,100000,700000
1791427304,527638155,135,1747767917,D,N,8314000000000,8313990000000,8313980000000,8313970000000,8313950000000,466400000,300000,400000,36100000,1600000,8314010000000,8314020000000,8314070000000,8314090000000,8314150000000,260300000,30500000,200000,100000,700000
1791427304,629777255,136,1747767917,D,N,8314000000000,8313990000000,8313980000000,8313970000000,8313950000000,466400000,300000,400000,36100000,1600000,8314010000000,8314020000000,8314070000000,8314090000000,8314150000000,260300000,30500000,200000,100000,700000
1791427304,731639555,137,1747767917,D,N,8314000000000,8313990000000,8313980000000,8313970000000,8313960000000,466300000,300000,400000,36100000,100000,8314010000000,8314020000000,8314070000000,8314090000000,8314150000000,260200000,30500000,200000,100000,700000
1791427304,833979055,138,1747767917,D,N,8314000000000,8313990000000,8313980000000,8313970000000,8313960000000,466400000,300000,400000,36100000,100000,8314010000000,8314020000000,8314070000000,8314090000000,8314150000000,260200000,30500000,200000,100000,700000
1791427304,935346555,139,1747767917,D,N,8314000000000,8313990000000,8313980000000,8313960000000,8313950000000,470600000,300000,400000,100000,1600000,8314010000000,8314020000000,8314070000000,8314090000000,8314150000000,260200000,30500000,200000,100000,700000
1791427305,38974255,140,1747767917,D,N,8314000000000,8313990000000,8313980000000,8313960000000,8313950000000,466400000,300000,300000,100000,1600000,8314010000000,8314020000000,8314070000000,8314090000000,8314150000000,260700000,30500000,200000,100000,700000
1791427305,90767755,141,1747767917,S,N,8314000000000,8313990000000,8313980000000,8313960000000,8313950000000,466400000,300000,300000,100000,1600000,8314010000000,8314020000000,8314070000000,8314090000000,8314150000000,260700000,30500000,200000,100000,700000
1791427305,140254355,142,1747767917,D,N,8314000000000,8313990000000,8313980000000,8313960000000,8313950000000,466400000,300000,300000,100000,1600000,8314010000000,8314020000000,8314070000000,8314090000000,8314150000000,261400000,30500000,200000,100000,700000
1791427305,243764955,143,1747767917,D,N,8314000000000,8313990000000,8313980000000,8313960000000,8313950000000,464600000,300000,300000,100000,1600000,8314010000000,8314020000000,8314070000000,8314090000000,8314150000000,260900000,30500000,200000,100000,700000
1791427305,290010955,144,1747767917,S,N,8314000000000,8313990000000,8313980000000,8313960000000,8313950000000,464600000,300000,300000,100000,1600000,8314010000000,8314020000000,8314070000000,8314090000000,8314150000000,260900000,30500000,200000,100000,700000
1791427305,345402555,145,1747767917,D,N,8314000000000,8313990000000,8313980000000,8313960000000,8313950000000,464600000,300000,300000,100000,1600000,8314010000000,8314020000000,8314070000000,8314090000000,8314150000000,260900000,30500000,200000,100000,700000
1791427305,446010955,146,1747767917,D,N,8314000000000,8313990000000,8313980000000,8313960000000,8313950000000,464600000,300000,300000,100000,1600000,8314010000000,8314020000000,8314070000000,8314090000000,8314150000000,313800000,30500000,200000,100000,700000
1791427305,550133355,147,1747767917,D,N,8314000000000,8313990000000,8313980000000,8313960000000,8313950000000,464600000,300000,300000,100000,1600000,8314010000000,8314020000000,8314070000000,8314090000000,8314150000000,324900000,30500000,200000,100000,700000
1791427305,652817855,148,1747767917,D,N,8314000000000,8313990000000,8313980000000,8313960000000,8313950000000,464600000,300000,300000,100000,1600000,8314010000000,8314020000000,8314070000000,8314090000000,8314150000000,324900000,30500000,200000,100000,700000
1791427305,751971855,149,1747767917,D,N,8314000000000,8313990000000,8313980000000,8313960000000,8313950000000,464400000,300000,300000,100000,1600000,8314010000000,8314020000000,8314070000000,8314090000000,8314150000000,325300000,30500000,200000,100000,700000
1791427305,809889355,150,1747767917,S,N,8314000000000,8313990000000,8313980000000,8313960000000,8313950000000,464400000,300000,300000,100000,1600000,8314010000000,8314020000000,8314070000000,8314090000000,8314150000000,325300000,30500000,200000,100000,700000
1791427305,854283555,151,1747767917,D,N,8314000000000,8313990000000,8313980000000,8313960000000,8313950000000,464400000,300000,300000,100000,1600000,8314010000000,8314020000000,8314070000000,8314090000000,8314150000000,324900000,30500000,200000,100000,700000
1791427305,948733555,152,1747767917,S,N,8314000000000,8313990000000,8313980000000,8313960000000,8313950000000,464400000,300000,300000,100000,1600000,8314010000000,8314020000000,8314070000000,8314090000000,8314150000000,324900000,30500000,200000,100000,700000
1791427305,955513355,153,1747767917,D,N,8314000000000,8313990000000,8313980000000,8313960000000,8313950000000,464400000,300000,300000,100000,1600000,8314010000000,8314020000000,8314070000000,8314090000000,8314150000000,324900000,30500000,200000,100000,700000
1791427306,102502355,154,1747767917,D,N,8314000000000,8313990000000,8313980000000,8313960000000,8313950000000,464300000,300000,300000,100000,1600000,8314010000000,8314020000000,8314070000000,8314090000000,8314150000000,324900000,30500000,200000,100000,700000
1791427306,191683455,155,1747767917,D,N,8314000000000,8313990000000,8313980000000,8313960000000,8313950000000,462300000,300000,300000,100000,1600000,8314010000000,8314020000000,8314070000000,8314090000000,8314150000000,323900000,30500000,200000,100000,700000
1791427306,271824455,156,1747767917,D,N,8314000000000,8313990000000,8313980000000,8313960000000,8313950000000,462900000,300000,300000,100000,1600000,8314010000000,8314020000000,8314070000000,8314090000000,8314150000000,327800000,30500000,200000,100000,700000
1791427306,364796555,157,1747767917,D,N,8314000000000,8313990000000,8313980000000,8313960000000,8313950000000,462900000,300000,300000,100000,1600000,8314010000000,8314020000000,8314070000000,8314090000000,8314150000000,327800000,30500000,200000,100000,700000
1791427306,466762155,158,1747767917,D,N,8314000000000,8313990000000,8313980000000,8313960000000,8313950000000,462900000,300000,300000,100000,1600000,8314010000000,8314020000000,8314070000000,8314090000000,8314150000000,327800000,30500000,200000,100000,700000
1791427306,568077055,159,1747767917,D,N,8314000000000,8313990000000,8313980000000,8313960000000,8313950000000,462900000,300000,300000,100000,1700000,8314010000000,8314020000000,8314070000000,8314090000000,8314150000000,262600000,30500000,200000,100000,700000
1791427306,648048355,160,1747767917,S,N,8314000000000,8313990000000,8313980000000,8313960000000,8313950000000,462900000,300000,300000,100000,1700000,8314010000000,8314020000000,8314070000000,8314090000000,8314150000000,262600000,30500000,200000,100000,700000
1791427306,700643555,161,1747767917,D,N,8314000000000,8313990000000,8313980000000,8313960000000,8313950000000,462900000,300000,300000,100000,1700000,8314010000000,8314020000000,8314070000000,8314090000000,8314150000000,262600000,30500000,200000,100000,700000
1791427306,779320255,162,1747767917,D,N,8314000000000,8313990000000,8313980000000,8313960000000,8313950000000,462900000,300000,300000,100000,1700000,8314010000000,8314020000000,8314070000000,8314090000000,8314150000000,263600000,30700000,200000,100000,700000
1791427306,823823955,163,1747767917,S,N,8314000000000,8313990000000,8313980000000,8313960000000,8313950000000,462900000,300000,300000,100000,1700000,8314010000000,8314020000000,8314070000000,8314090000000,8314150000000,263600000,30700000,200000,100000,700000
1791427306,935621855,164,1747767917,D,N,8314000000000,8313990000000,8313980000000,8313960000000,8313950000000,466600000,300000,300000,100000,1700000,8314010000000,8314020000000,8314070000000,8314090000000,8314150000000,263000000,30700000,200000,100000,700000
1791427307,502655,165,1747767917,D,N,8314000000000,8313990000000,8313980000000,8313960000000,8313950000000,467100000,300000,300000,100000,1700000,8314010000000,8314020000000,8314070000000,8314090000000,8314150000000,264800000,30700000,200000,100000,700000
1791427307,66204255,166,1747767917,S,N,8314000000000,8313990000000,8313980000000,8313960000000,8313950000000,467100000,300000,300000,100000,1700000,8314010000000,8314020000000,8314070000000,8314090000000,8314150000000,264800000,30700000,200000,100000,700000
1791427307,113420555,167,1747767917,D,N,8314000000000,8313990000000,8313980000000,8313960000000,8313950000000,466900000,300000,300000,100000,1700000,8314010000000,8314020000000,8314070000000,8314090000000,8314150000000,264800000,30700000,200000,100000,700000
1791427307,158970455,168,1747767917,S,N,8314000000000,8313990000000,8313980000000,8313960000000,8313950000000,466900000,300000,300000,100000,1700000,8314010000000,8314020000000,8314070000000,8314090000000,8314150000000,264800000,30700000,200000,100000,700000
1791427307,214772955,169,1747767917,D,N,8314000000000,8313990000000,8313980000000,8313960000000,8313950000000,464800000,300000,300000,100000,1700000,8314010000000,8314020000000,8314070000000,8314090000000,8314150000000,264800000,30700000,200000,100000,700000
1791427307,254783755,170,1747767917,S,N,8314000000000,8313990000000,8313980000000,8313960000000,8313950000000,464800000,300000,300000,100000,1700000,8314010000000,8314020000000,8314070000000,8314090000000,8314150000000,264800000,30700000,200000,100000,700000
1791427307,283601755,171,1747767917,D,N,8314000000000,8313990000000,8313980000000,8313960000000,8313950000000,464800000,300000,300000,100000,1700000,8314010000000,8314020000000,8314070000000,8314090000000,8314150000000,264800000,30700000,200000,100000,700000
1791427307,388080655,172,1747767917,D,N,8314000000000,8313990000000,8313980000000,8313960000000,8313950000000,464800000,300000,300000,100000,1700000,8314010000000,8314020000000,8314070000000,8314090000000,8314150000000,264800000,30700000,200000,100000,700000
1791427307,489497655,173,1747767917,D,N,8314000000000,8313990000000,8313980000000,8313960000000,8313950000000,464800000,300000,300000,100000,1700000,8314010000000,8314020000000,8314070000000,8314090000000,8314150000000,264800000,30700000,200000,100000,700000
1791427307,590519455,174,1747767917,D,N,8314000000000,8313990000000,8313980000000,8313960000000,8313950000000,465000000,300000,300000,100000,1700000,8314010000000,8314020000000,8314070000000,8314090000000,8314150000000,264800000,30700000,200000,100000,700000
1791427307,690024255,175,1747767917,D,N,8314000000000,8313990000000,8313980000000,8313960000000,8313950000000,460800000,300000,300000,100000,1700000,8314010000000,8314020000000,8314070000000,8314090000000,8314150000000,264800000,30700000,200000,100000,700000
1791427307,791433955,176,1747767917,D,N,8314000000000,8313990000000,8313980000000,8313960000000,8313950000000,459600000,300000,300000,100000,1700000,8314010000000,8314020000000,8314070000000,8314090000000,8314150000000,263600000,30700000,200000,100000,700000
1791427307,895555855,177,1747767917,D,N,8314000000000,8313990000000,8313980000000,8313960000000,8313950000000,459600000,300000,300000,100000,1700000,8314010000000,8314020000000,8314070000000,8314090000000,8314150000000,263600000,30700000,200000,100000,700000
1791427307,998502155,178,1747767917,D,N,8314000000000,8313990000000,8313980000000,8313960000000,8313950000000,459600000,300000,300000,100000,1700000,8314010000000,8314020000000,8314070000000,8314090000000,8314150000000,263600000,30700000,200000,100000,700000
1791427308,99742955,179,1747767917,D,N,8314000000000,8313990000000,8313980000000,8313960000000,8313950000000,459600000,300000,300000,100000,2700000,8314010000000,8314020000000,8314070000000,8314090000000,8314150000000,263600000,30700000,200000,100000,700000
1791427308,217795455,180,1747767917,D,N,8314000000000,8313990000000,8313980000000,8313960000000,8313950000000,457600000,300000,300000,100000,2700000,8314010000000,8314020000000,8314070000000,8314090000000,8314150000000,263600000,30700000,200000,100000,700000
1791427308,306667055,181,1747767917,D,N,8314000000000,8313990000000,8313980000000,8313960000000,8313950000000,456700000,300000,300000,100000,2700000,8314010000000,8314020000000,8314070000000,8314090000000,8314150000000,263500000,30700000,200000,100000,700000
1791427308,403024092,182,1747767917,D,N,8314000000000,8313990000000,8313980000000,8313960000000,8313950000000,456700000,300000,300000,100000,2700000,8314010000000,8314020000000,8314070000000,8314090000000,8314150000000,263500000,30700000,200000,100000,700000
1791427308,502538056,183,1747767917,D,N,8314000000000,8313990000000,8313980000000,8313960000000,8313950000000,417600000,300000,300000,100000,2700000,8314010000000,8314020000000,8314070000000,8314090000000,8314150000000,263500000,30700000,200000,100000,700000
1791427308,503685373,184,1747767917,S,N,8314000000000,8313990000000,8313980000000,8313960000000,8313950000000,417600000,300000,300000,100000,2700000,8314010000000,8314020000000,8314070000000,8314090000000,8314150000000,263500000,30700000,200000,100000,700000
1791427308,604283063,185,1747767917,D,N,8314000000000,8313990000000,8313980000000,8313960000000,8313950000000,425100000,300000,300000,100000,2700000,8314010000000,8314020000000,8314070000000,8314090000000,8314150000000,262000000,30700000,200000,100000,700000
1791427308,605863217,186,1747767917,S,N,8314000000000,8313990000000,8313980000000,8313960000000,8313950000000,425100000,300000,300000,100000,2700000,8314010000000,8314020000000,8314070000000,8314090000000,8314150000000,262000000,30700000,200000,100000,700000
1791427308,701202789,187,1747767917,D,N,8314000000000,8313990000000,8313980000000,8313960000000,8313950000000,425200000,300000,300000,100000,2700000,8314010000000,8314020000000,8314070000000,8314090000000,8314150000000,327000000,30700000,200000,100000,700000
1791427308,702282865,188,1747767917,S,N,8314000000000,8313990000000,8313980000000,8313960000000,8313950000000,425200000,300000,300000,100000,2700000,8314010000000,8314020000000,8314070000000,8314090000000,8314150000000,327000000,30700000,200000,100000,700000
1791427308,796588661,189,1747767917,D,N,8314000000000,8313990000000,8313980000000,8313960000000,8313950000000,425000000,200000,300000,100000,2700000,8314010000000,8314020000000,8314070000000,8314090000000,8314150000000,327900000,60700000,200000,100000,900000
1791427308,798809906,190,1747767917,S,N,8314000000000,8313990000000,8313980000000,8313960000000,8313950000000,425000000,200000,300000,100000,2700000,8314010000000,8314020000000,8314070000000,8314090000000,8314150000000,327900000,60700000,200000,100000,900000
1791427308,903735489,191,1747767917,D,N,8314000000000,8313990000000,8313980000000,8313960000000,8313950000000,425000000,200000,300000,100000,2700000,8314010000000,8314020000000,8314070000000,8314090000000,8314150000000,328100000,30700000,200000,100000,900000
1791427308,904555920,192,1747767917,S,N,8314000000000,8313990000000,8313980000000,8313960000000,8313950000000,425000000,200000,300000,100000,2700000,8314010000000,8314020000000,8314070000000,8314090000000,8314150000000,328100000,30700000,200000,100000,900000
1791427308,989729483,193,1747767917,D,N,8314000000000,8313990000000,8313980000000,8313960000000,8313950000000,425000000,200000,300000,100000,2700000,8314010000000,8314020000000,8314070000000,8314090000000,8314150000000,358300000,30700000,200000,100000,900000
1791427308,993222824,194,1747767917,S,N,8314000000000,8313990000000,8313980000000,8313960000000,8313950000000,425000000,200000,300000,100000,2700000,8314010000000,8314020000000,8314070000000,8314090000000,8314150000000,358300000,30700000,200000,100000,900000
1791427309,90226120,195,1747767917,D,N,8314000000000,8313990000000,8313980000000,8313960000000,8313950000000,422200000,200000,300000,100000,2700000,8314010000000,8314020000000,8314030000000,8314070000000,8314090000000,326300000,30700000,30000000,200000,100000
1791427309,91325408,196,1747767917,S,N,8314000000000,8313990000000,8313980000000,8313960000000,8313950000000,422200000,200000,300000,100000,2700000,8314010000000,8314020000000,8314030000000,8314070000000,8314090000000,326300000,30700000,30000000,200000,100000
1791427309,187261788,197,1747767917,D,N,8314000000000,8313990000000,8313980000000,8313960000000,8313950000000,313900000,200000,300000,100000,2700000,8314010000000,8314020000000,8314050000000,8314070000000,8314090000000,357600000,30700000,18600000,200000,100000
1791427309,188267611,198,1747767917,S,N,8314000000000,8313990000000,8313980000000,8313960000000,8313950000000,313900000,200000,300000,100000,2700000,8314010000000,8314020000000,8314050000000,8314070000000,8314090000000,357600000,30700000,18600000,200000,100000
1791427309,289938461,199,1747767917,D,N,8314000000000,8313990000000,8313980000000,8313950000000,8313930000000,84700000,100000,300000,2500000,300000,8314010000000,8314020000000,8314040000000,8314050000000,8314070000000,449700000,36800000,13600000,42700000,200000
1791427309,292096308,200,1747767917,S,N,8314000000000,8313990000000,8313980000000,8313950000000,8313930000000,84700000,100000,300000,2500000,300000,8314010000000,8314020000000,8314040000000,8314050000000,8314070000000,449700000,36800000,13600000,42700000,200000
1791427309,382844693,201,1747767917,D,N,8314000000000,8313990000000,8313980000000,8313950000000,8313930000000,88700000,100000,300000,2500000,300000,8314010000000,8314020000000,8314040000000,8314050000000,8314070000000,450000000,36800000,13600000,42700000,200000
1791427309,384011701,202,1747767917,S,N,8314000000000,8313990000000,8313980000000,8313950000000,8313930000000,88700000,100000,300000,2500000,300000,8314010000000,8314020000000,8314040000000,8314050000000,8314070000000,450000000,36800000,13600000,42700000,200000
1791427309,480588500,203,1747767917,D,N,8314000000000,8313990000000,8313980000000,8313950000000,8313930000000,88700000,100000,300000,2500000,300000,8314010000000,8314020000000,8314040000000,8314050000000,8314070000000,404000000,36800000,13600000,42700000,200000
1791427309,481747344,204,1747767917,S,N,8314000000000,8313990000000,8313980000000,8313950000000,8313930000000,88700000,100000,300000,2500000,300000,8314010000000,8314020000000,8314040000000,8314050000000,8314070000000,404000000,36800000,13600000,42700000,200000
1791427309,578870712,205,1747767917,D,N,8314000000000,8313990000000,8313980000000,8313950000000,8313930000000,212400000,200000,300000,2500000,300000,8314010000000,8314020000000,8314040000000,8314050000000,8314070000000,402800000,36800000,13600000,18600000,200000
1791427309,580674009,206,1747767917,S,N,8314000000000,8313990000000,8313980000000,8313950000000,8313930000000,212400000,200000,300000,2500000,300000,8314010000000,8314020000000,8314040000000,8314050000000,8314070000000,402800000,36800000,13600000,18600000,200000
1791427309,676422212,207,1747767917,D,N,8314000000000,8313990000000,8313980000000,8313950000000,8313930000000,218400000,200000,300000,2500000,300000,8314010000000,8314020000000,8314040000000,8314050000000,8314070000000,400400000,30700000,13600000,18600000,200000
1791427309,677409880,208,1747767917,S,N,8314000000000,8313990000000,8313980000000,8313950000000,8313930000000,218400000,200000,300000,2500000,300000,8314010000000,8314020000000,8314040000000,8314050000000,8314070000000,400400000,30700000,13600000,18600000,200000
1791427309,773502739,209,1747767917,D,N,8314000000000,8313990000000,8313980000000,8313950000000,8313930000000,218400000,200000,300000,2500000,300000,8314010000000,8314020000000,8314040000000,8314050000000,8314070000000,400400000,30700000,13600000,18600000,200000
1791427309,872529016,210,1747767917,D,N,8314000000000,8313990000000,8313980000000,8313950000000,8313930000000,277000000,200000,300000,2500000,300000,8314010000000,8314020000000,8314040000000,8314050000000,8314070000000,400400000,30700000,6700000,18600000,200000
1791427309,949168211,211,1747767917,S,N,8314000000000,8313990000000,8313980000000,8313950000000,8313930000000,277000000,200000,300000,2500000,300000,8314010000000,8314020000000,8314040000000,8314050000000,8314070000000,400400000,30700000,6700000,18600000,200000
1791427309,970912858,212,1747767917,D,N,8314000000000,8313990000000,8313980000000,8313950000000,8313930000000,391800000,200000,300000,2500000,300000,8314010000000,8314020000000,8314040000000,8314050000000,8314070000000,367300000,30700000,10200000,18600000,200000
1791427310,13312855,213,1747767917,S,N,8314000000000,8313990000000,8313980000000,8313950000000,8313930000000,391800000,200000,300000,2500000,300000,8314010000000,8314020000000,8314040000000,8314050000000,8314070000000,367300000,30700000,10200000,18600000,200000
1791427310,68540243,214,1747767917,D,N,8314000000000,8313990000000,8313980000000,8313950000000,8313930000000,484400000,200000,300000,2500000,300000,8314010000000,8314020000000,8314040000000,8314050000000,8314070000000,302200000,30700000,10200000,18600000,200000
1791427310,137648588,215,1747767917,S,N,8314000000000,8313990000000,8313980000000,8313950000000,8313930000000,484400000,200000,300000,2500000,300000,8314010000000,8314020000000,8314040000000,8314050000000,8314070000000,302200000,30700000,10200000,18600000,200000
1791427310,166286548,216,1747767917,D,N,8314000000000,8313990000000,8313980000000,8313950000000,8313930000000,484400000,200000,300000,2500000,300000,8314010000000,8314020000000,8314040000000,8314050000000,8314070000000,302200000,30700000,10200000,18600000,200000
1791427310,263745640,217,1747767917,D,N,8314000000000,8313990000000,8313980000000,8313950000000,8313930000000,484400000,200000,300000,2500000,300000,8314010000000,8314020000000,8314040000000,8314050000000,8314070000000,302200000,30700000,10200000,18600000,200000
1791427310,361603276,218,1747767917,D,N,8314000000000,8313990000000,8313980000000,8313950000000,8313930000000,484500000,200000,300000,2500000,300000,8314010000000,8314020000000,8314040000000,8314050000000,8314070000000,262200000,30700000,10200000,18600000,200000
1791427310,386883530,219,1747767917,S,N,8314000000000,8313990000000,8313980000000,8313950000000,8313930000000,484500000,200000,300000,2500000,300000,8314010000000,8314020000000,8314040000000,8314050000000,8314070000000,262200000,30700000,10200000,18600000,200000
1791427310,460261556,220,1747767917,D,N,8314000000000,8313990000000,8313980000000,8313950000000,8313930000000,486700000,200000,300000,2500000,300000,8314010000000,8314020000000,8314040000000,8314050000000,8314070000000,262200000,30700000,10200000,18600000,200000
1791427310,484943464,221,1747767917,S,N,8314000000000,8313990000000,8313980000000,8313950000000,8313930000000,486700000,200000,300000,2500000,300000,8314010000000,8314020000000,8314040000000,8314050000000,8314070000000,262200000,30700000,10200000,18600000,200000
1791427310,559957069,222,1747767917,D,N,8314000000000,8313990000000,8313980000000,8313950000000,8313930000000,486700000,200000,300000,2500000,300000,8314010000000,8314020000000,8314040000000,8314050000000,8314070000000,262200000,30700000,10200000,18600000,200000
1791427310,670985793,223,1747767917,D,N,8314000000000,8313990000000,8313980000000,8313950000000,8313930000000,486500000,200000,300000,2500000,300000,8314010000000,8314020000000,8314040000000,8314050000000,8314070000000,263400000,30700000,10200000,18600000,200000
1791427310,766868861,224,1747767917,D,N,8314000000000,8313990000000,8313980000000,8313950000000,8313930000000,484300000,200000,300000,2500000,300000,8314010000000,8314020000000,8314050000000,8314070000000,8314090000000,265300000,30700000,18600000,200000,100000
1791427310,853517778,225,1747767917,D,N,8314000000000,8313990000000,8313980000000,8313950000000,8313930000000,484300000,200000,300000,2500000,300000,8314010000000,8314020000000,8314050000000,8314070000000,8314090000000,265300000,30700000,18600000,200000,100000
1791427310,951041229,226,1747767917,D,N,8314000000000,8313990000000,8313980000000,8313950000000,8313930000000,482500000,200000,300000,2600000,700000,8314010000000,8314020000000,8314050000000,8314070000000,8314090000000,265300000,30700000,18600000,200000,100000
1791427310,968841735,227,1747767917,S,N,8314000000000,8313990000000,8313980000000,8313950000000,8313930000000,482500000,200000,300000,2600000,700000,8314010000000,8314020000000,8314050000000,8314070000000,8314090000000,265300000,30700000,18600000,200000,100000
1791427311,47622062,228,1747767917,D,N,8314000000000,8313990000000,8313980000000,8313950000000,8313930000000,482500000,200000,300000,2600000,700000,8314010000000,8314020000000,8314050000000,8314070000000,8314090000000,265500000,30700000,18600000,200000,100000
1791427311,72756788,229,1747767917,S,N,8314000000000,8313990000000,8313980000000,8313950000000,8313930000000,482500000,200000,300000,2600000,700000,8314010000000,8314020000000,8314050000000,8314070000000,8314090000000,265500000,30700000,18600000,200000,100000
1791427311,146143363,230,1747767917,D,N,8314000000000,8313990000000,8313980000000,8313950000000,8313940000000,482600000,200000,300000,2600000,100000,8314010000000,8314020000000,8314050000000,8314070000000,8314090000000,254500000,30700000,18600000,200000,100000
1791427311,171298645,231,1747767917,S,N,8314000000000,8313990000000,8313980000000,8313950000000,8313940000000,482600000,200000,300000,2600000,100000,8314010000000,8314020000000,8314050000000,8314070000000,8314090000000,254500000,30700000,18600000,200000,100000
1791427311,245091641,232,1747767917,D,N,8314000000000,8313990000000,8313980000000,8313950000000,8313940000000,482600000,200000,300000,2600000,100000,8314010000000,8314020000000,8314050000000,8314070000000,8314090000000,243600000,30700000,18600000,200000,100000
1791427311,269868167,233,1747767917,S,N,8314000000000,8313990000000,8313980000000,8313950000000,8313940000000,482600000,200000,300000,2600000,100000,8314010000000,8314020000000,8314050000000,8314070000000,8314090000000,243600000,30700000,18600000,200000,100000
1791427311,345721127,234,1747767917,D,N,8314000000000,8313990000000,8313980000000,8313950000000,8313940000000,482500000,200000,300000,2600000,100000,8314010000000,8314020000000,8314050000000,8314070000000,8314090000000,239100000,30700000,18600000,200000,100000
1791427311,440419704,235,1747767917,D,N,8314000000000,8313990000000,8313980000000,8313950000000,8313940000000,430900000,200000,300000,2600000,100000,8314010000000,8314020000000,8314050000000,8314070000000,8314090000000,239000000,30700000,18600000,200000,100000
1791427311,466050953,236,1747767917,S,N,8314000000000,8313990000000,8313980000000,8313950000000,8313940000000,430900000,200000,300000,2600000,100000,8314010000000,8314020000000,8314050000000,8314070000000,8314090000000,239000000,30700000,18600000,200000,100000
1791427311,538744662,237,1747767917,D,N,8314000000000,8313990000000,8313980000000,8313950000000,8313940000000,430900000,200000,300000,2600000,100000,8314010000000,8314020000000,8314050000000,8314070000000,8314090000000,239000000,30700000,18600000,200000,100000
1791427311,639832633,238,1747767917,D,N,8314000000000,8313990000000,8313980000000,8313950000000,8313940000000,430800000,200000,300000,2700000,2600000,8314010000000,8314020000000,8314050000000,8314070000000,8314090000000,239000000,30700000,18600000,200000,100000
1791427311,752743132,239,1747767917,D,N,8314000000000,8313990000000,8313980000000,8313950000000,8313940000000,482500000,2700000,300000,2700000,2600000,8314010000000,8314020000000,8314050000000,8314070000000,8314090000000,239100000,30700000,18600000,200000,100000
1791427311,798307567,240,1747767917,S,N,8314000000000,8313990000000,8313980000000,8313950000000,8313940000000,482500000,2700000,300000,2700000,2600000,8314010000000,8314020000000,8314050000000,8314070000000,8314090000000,239100000,30700000,18600000,200000,100000
1791427311,831639305,241,1747767917,D,N,8314000000000,8313990000000,8313980000000,8313950000000,8313940000000,482500000,2700000,300000,2700000,2600000,8314010000000,8314020000000,8314050000000,8314070000000,8314090000000,239100000,30700000,18600000,200000,100000
1791427311,952263165,242,1747767917,D,N,8314000000000,8313990000000,8313980000000,8313950000000,8313940000000,534900000,200000,300000,2700000,100000,8314010000000,8314020000000,8314050000000,8314070000000,8314090000000,239100000,30700000,18600000,200000,100000
1791427312,57010657,243,1747767917,D,N,8314000000000,8313990000000,8313980000000,8313950000000,8313940000000,535300000,200000,300000,2700000,100000,8314010000000,8314020000000,8314050000000,8314070000000,8314090000000,239000000,30700000,18600000,200000,100000
1791427312,107124398,244,1747767917,S,N,8314000000000,8313990000000,8313980000000,8313950000000,8313940000000,535300000,200000,300000,2700000,100000,8314010000000,8314020000000,8314050000000,8314070000000,8314090000000,239000000,30700000,18600000,200000,100000
1791427312,129773143,245,1747767917,D,N,8314000000000,8313990000000,8313980000000,8313950000000,8313940000000,539600000,200000,300000,2700000,100000,8314010000000,8314020000000,8314050000000,8314070000000,8314090000000,239000000,30700000,18600000,200000,100000
1791427312,232852780,246,1747767917,D,N,8314000000000,8313990000000,8313980000000,8313950000000,8313940000000,535400000,200000,300000,2600000,100000,8314010000000,8314020000000,8314050000000,8314070000000,8314090000000,239000000,30700000,18600000,200000,100000
1791427312,355370327,247,1747767917,D,N,8314000000000,8313990000000,8313980000000,8313950000000,8313940000000,535400000,200000,300000,2600000,100000,8314010000000,8314020000000,8314050000000,8314070000000,8314090000000,236300000,30700000,18600000,200000,100000
1791427312,425518883,248,1747767917,D,N,8314000000000,8313990000000,8313980000000,8313950000000,8313940000000,536700000,200000,300000,2600000,100000,8314010000000,8314020000000,8314040000000,8314050000000,8314070000000,236100000,30700000,10500000,18600000,200000
1791427312,517789403,249,1747767917,D,N,8314000000000,8313990000000,8313980000000,8313950000000,8313940000000,544000000,200000,300000,2600000,200000,8314010000000,8314020000000,8314040000000,8314050000000,8314070000000,236100000,30700000,10500000,18600000,200000
1791427312,629659127,250,1747767917,D,N,8314000000000,8313990000000,8313980000000,8313950000000,8313940000000,544000000,200000,300000,2600000,200000,8314010000000,8314020000000,8314040000000,8314050000000,8314070000000,234900000,30700000,10500000,18600000,200000
1791427312,721261627,251,1747767917,D,N,8314000000000,8313990000000,8313980000000,8313950000000,8313940000000,495000000,200000,300000,2600000,100000,8314010000000,8314020000000,8314040000000,8314050000000,8314070000000,300100000,30700000,10500000,18600000,200000
1791427312,822173527,252,1747767917,D,N,8314000000000,8313990000000,8313980000000,8313950000000,8313940000000,541100000,200000,300000,2600000,100000,8314010000000,8314020000000,8314040000000,8314050000000,8314070000000,300100000,30700000,10500000,18600000,200000
1791427312,936234027,253,1747767917,D,N,8314000000000,8313990000000,8313980000000,8313950000000,8313940000000,541400000,200000,300000,2600000,100000,8314010000000,8314020000000,8314040000000,8314050000000,8314070000000,300400000,30700000,10500000,18600000,200000
1791427313,66385027,254,1747767917,D,N,8314000000000,8313990000000,8313980000000,8313950000000,8313940000000,541500000,200000,300000,2600000,200000,8314010000000,8314020000000,8314040000000,8314050000000,8314070000000,300500000,30700000,10500000,18600000,200000
1791427313,164884727,255,1747767917,D,N,8314000000000,8313990000000,8313980000000,8313950000000,8313940000000,543300000,200000,300000,2600000,200000,8314010000000,8314020000000,8314040000000,8314050000000,8314070000000,300900000,30700000,10500000,18600000,200000
1791427313,231059927,256,1747767917,D,N,8314000000000,8313990000000,8313980000000,8313950000000,8313940000000,388100000,200000,300000,2600000,200000,8314010000000,8314020000000,8314040000000,8314050000000,8314070000000,344200000,30700000,10500000,18600000,200000
1791427313,343055527,257,1747767917,D,N,8314000000000,8313990000000,8313980000000,8313950000000,8313940000000,385500000,200000,300000,2500000,200000,8314010000000,8314020000000,8314040000000,8314050000000,8314070000000,386300000,30700000,17200000,18600000,200000
1791427313,433124027,258,1747767917,D,N,8314000000000,8313990000000,8313980000000,8313950000000,8313940000000,385400000,200000,300000,2500000,200000,8314010000000,8314020000000,8314040000000,8314050000000,8314070000000,385500000,30700000,10500000,18600000,200000
1791427313,539999627,259,1747767917,D,N,8314000000000,8313990000000,8313980000000,8313950000000,8313940000000,385400000,200000,300000,2500000,200000,8314010000000,8314020000000,8314040000000,8314050000000,8314070000000,385700000,30700000,10500000,18600000,200000
1791427313,642474527,260,1747767917,D,N,8314000000000,8313990000000,8313980000000,8313950000000,8313940000000,388700000,200000,200000,2500000,200000,8314010000000,8314020000000,8314040000000,8314050000000,8314070000000,385500000,30700000,10500000,18600000,200000
1791427313,744266827,261,1747767917,D,N,8314000000000,8313990000000,8313980000000,8313950000000,8313940000000,388300000,200000,300000,2500000,200000,8314010000000,8314020000000,8314040000000,8314050000000,8314070000000,385800000,30700000,10500000,18600000,200000
1791427313,840913227,262,1747767917,D,N,8314000000000,8313990000000,8313980000000,8313950000000,8313940000000,388500000,200000,300000,2500000,200000,8314010000000,8314020000000,8314040000000,8314050000000,8314070000000,385800000,30700000,10500000,18600000,200000
1791427313,942990527,263,1747767917,D,N,8314000000000,8313990000000,8313980000000,8313950000000,8313940000000,319900000,200000,300000,2500000,200000,8314010000000,8314020000000,8314040000000,8314050000000,8314070000000,388400000,30700000,10500000,18600000,200000
1791427314,45129427,264,1747767917,D,N,8314000000000,8313990000000,8313980000000,8313950000000,8313940000000,254500000,200000,300000,2500000,200000,8314010000000,8314020000000,8314040000000,8314050000000,8314070000000,434400000,30700000,28700000,18600000,200000
1791427314,194530027,265,1747767917,D,N,8312930000000,8312920000000,8312910000000,8312900000000,8312880000000,3900000,300000,48300000,600000,1400000,8313030000000,8313080000000,8313150000000,8313160000000,8313170000000,172600000,23200000,7000000,62900000,86100000
1791427314,279075727,266,1747767917,D,N,8312930000000,8312920000000,8312900000000,8312880000000,8312870000000,7000000,1500000,500000,1400000,100000,8312940000000,8312950000000,8312960000000,8312970000000,8312980000000,1165700000,85000000,2400000,1500000,2500000
1791427314,359245927,267,1747767917,D,N,8312690000000,8312680000000,8312670000000,8312660000000,8312650000000,5300000,2500000,200000,100000,100000,8312700000000,8312710000000,8312720000000,8312730000000,8312750000000,1809000000,471800000,100000,66000000,200000
1791427314,476246927,268,1747767917,D,N,8312690000000,8312680000000,8312670000000,8312650000000,8312640000000,476400000,2500000,400000,100000,1200000,8312700000000,8312710000000,8312750000000,8312760000000,8312810000000,678600000,33200000,100000,100000,23700000
1791427314,556073227,269,1747767917,D,N,8312690000000,8312680000000,8312670000000,8312650000000,8312640000000,520200000,2500000,300000,100000,1200000,8312700000000,8312710000000,8312750000000,8312760000000,8312790000000,566700000,31700000,100000,100000,6100000
1791427314,684912827,270,1747767917,D,N,8312690000000,8312680000000,8312670000000,8312650000000,8312640000000,698200000,8600000,300000,100000,1200000,8312700000000,8312710000000,8312750000000,8312810000000,8312850000000,86400000,31600000,100000,600000,100000
1791427314,759261827,271,1747767917,D,N,8312690000000,8312680000000,8312670000000,8312650000000,8312640000000,653400000,8600000,300000,100000,1200000,8312700000000,8312710000000,8312750000000,8312810000000,8312850000000,96300000,31600000,100000,600000,100000
1791427315,3711627,272,1747767917,D,N,8312690000000,8312680000000,8312670000000,8312650000000,8312640000000,536800000,8600000,300000,100000,1200000,8312700000000,8312710000000,8312750000000,8312810000000,8312850000000,97000000,31600000,100000,100000,100000
1791427315,8919627,273,1747767917,D,N,8312690000000,8312680000000,8312670000000,8312650000000,8312640000000,548000000,8600000,300000,100000,1200000,8312700000000,8312710000000,8312750000000,8312790000000,8312810000000,198300000,31700000,100000,2500000,100000
1791427315,97102927,274,1747767917,D,N,8312690000000,8312680000000,8312670000000,8312650000000,8312640000000,548200000,8600000,300000,100000,1200000,8312700000000,8312710000000,8312750000000,8312790000000,8312810000000,107300000,31600000,100000,2500000,100000
1791427315,167854027,275,1747767917,D,N,8312690000000,8312680000000,8312670000000,8312650000000,8312640000000,548200000,8700000,300000,100000,1200000,8312700000000,8312710000000,8312750000000,8312790000000,8312810000000,201600000,31700000,100000,2500000,100000
1791427315,264450527,276,1747767917,S,N,8312690000000,8312680000000,8312670000000,8312650000000,8312640000000,548200000,8700000,300000,100000,1200000,8312700000000,8312710000000,8312750000000,8312790000000,8312810000000,201600000,31700000,100000,2500000,100000
1791427315,269149827,277,1747767917,D,N,8312690000000,8312680000000,8312670000000,8312650000000,8312640000000,548200000,8700000,300000,100000,1200000,8312700000000,8312710000000,8312750000000,8312790000000,8312810000000,201600000,31700000,100000,2500000,100000
1791427315,372051827,278,1747767917,D,N,8312690000000,8312680000000,8312670000000,8312650000000,8312640000000,548200000,8700000,300000,100000,1200000,8312700000000,8312710000000,8312750000000,8312790000000,8312810000000,199300000,31700000,100000,2500000,100000
1791427315,472877827,279,1747767917,D,N,8312690000000,8312680000000,8312670000000,8312650000000,8312640000000,548200000,8700000,300000,100000,1200000,8312700000000,8312710000000,8312750000000,8312790000000,8312810000000,173600000,31700000,100000,2500000,100000
1791427315,589378927,280,1747767917,D,N,8312690000000,8312680000000,8312670000000,8312650000000,8312640000000,548300000,8700000,300000,100000,1200000,8312700000000,8312710000000,8312740000000,8312750000000,8312790000000,173600000,31700000,200000,100000,2500000
1791427315,679090927,281,1747767917,D,N,8312690000000,8312680000000,8312670000000,8312650000000,8312640000000,548300000,8800000,300000,100000,1200000,8312700000000,8312710000000,8312740000000,8312750000000,8312790000000,173600000,31700000,200000,100000,2500000
1791427315,780761127,282,1747767917,D,N,8312690000000,8312680000000,8312670000000,8312650000000,8312640000000,547600000,8700000,300000,100000,5300000,8312700000000,8312710000000,8312740000000,8312750000000,8312810000000,172700000,31700000,200000,100000,100000
1791427315,882549627,283,1747767917,D,N,8312690000000,8312680000000,8312670000000,8312650000000,8312640000000,623000000,8700000,300000,100000,5300000,8312700000000,8312710000000,8312740000000,8312750000000,8312810000000,173700000,31700000,200000,100000,100000
1791427315,990868827,284,1747767917,D,N,8312690000000,8312680000000,8312670000000,8312650000000,8312640000000,552700000,8800000,300000,100000,5300000,8312700000000,8312710000000,8312740000000,8312750000000,8312810000000,171400000,31700000,200000,100000,100000
1791427316,85548027,285,1747767917,D,N,8312690000000,8312680000000,8312670000000,8312650000000,8312640000000,552700000,8800000,300000,100000,5300000,8312700000000,8312710000000,8312740000000,8312750000000,8312810000000,171600000,31700000,200000,100000,100000
1791427316,86512827,286,1747767917,S,N,8312690000000,8312680000000,8312670000000,8312650000000,8312640000000,552700000,8800000,300000,100000,5300000,8312700000000,8312710000000,8312740000000,8312750000000,8312810000000,171600000,31700000,200000,100000,100000
1791427316,188842427,287,1747767917,D,N,8312690000000,8312680000000,8312670000000,8312650000000,8312640000000,552600000,8800000,300000,100000,5300000,8312700000000,8312710000000,8312740000000,8312750000000,8312810000000,171800000,31700000,200000,100000,100000
1791427316,192476827,288,1747767917,S,N,8312690000000,8312680000000,8312670000000,8312650000000,8312640000000,552600000,8800000,300000,100000,5300000,8312700000000,8312710000000,8312740000000,8312750000000,8312810000000,171800000,31700000,200000,100000,100000
1791427316,305234227,289,1747767917,D,N,8312690000000,8312680000000,8312670000000,8312650000000,8312640000000,552600000,8800000,300000,100000,5300000,8312700000000,8312710000000,8312740000000,8312750000000,8312810000000,171800000,31700000,200000,100000,100000
1791427316,395668657,290,1747767917,D,N,8313200000000,8313190000000,8313160000000,8313140000000,8313130000000,1275200000,66200000,200000,200000,200000,8313210000000,8313230000000,8313240000000,8313270000000,8313310000000,68000000,100000,100000,100000,100000
1791427316,491426857,291,1747767917,D,N,8313200000000,8313190000000,8313180000000,8313160000000,8313140000000,1201100000,200000,100000,200000,200000,8313210000000,8313230000000,8313240000000,8313270000000,8313310000000,67900000,100000,100000,100000,100000
1791427316,590110393,292,1747767917,D,N,8313200000000,8313190000000,8313180000000,8313160000000,8313140000000,1226000000,200000,100000,200000,200000,8313210000000,8313220000000,8313230000000,8313240000000,8313270000000,68000000,100000,100000,100000,100000
1791427316,689611133,293,1747767917,D,N,8313200000000,8313190000000,8313180000000,8313170000000,8313160000000,1271800000,300000,100000,400000,200000,8313210000000,8313220000000,8313230000000,8313240000000,8313270000000,68100000,100000,100000,300000,100000
1791427316,814109565,294,1747767917,D,N,8313540000000,8313530000000,8313510000000,8313490000000,8313480000000,1103700000,200000,4200000,130800000,100000,8313550000000,8313560000000,8313570000000,8313590000000,8313600000000,4300000,100000,100000,300000,700000
1791427316,888474891,295,1747767917,D,N,8313540000000,8313530000000,8313510000000,8313490000000,8313470000000,1047300000,300000,4200000,130800000,9500000,8313550000000,8313560000000,8313570000000,8313590000000,8313600000000,4800000,100000,100000,300000,700000
1791427317,5512798,296,1747767917,D,N,8313540000000,8313530000000,8313520000000,8313510000000,8313500000000,1052900000,300000,100000,4200000,400000,8313550000000,8313560000000,8313570000000,8313590000000,8313600000000,4900000,200000,100000,300000,500000
1791427317,87402996,297,1747767917,D,N,8313960000000,8313950000000,8313900000000,8313870000000,8313860000000,819100000,300000,200000,100000,11400000,8313970000000,8313980000000,8314000000000,8314010000000,8314020000000,231600000,100000,1700000,60900000,400000
1791427317,183872998,298,1747767917,D,N,8313960000000,8313950000000,8313900000000,8313870000000,8313860000000,821000000,400000,200000,100000,5700000,8313970000000,8313980000000,8314000000000,8314010000000,8314020000000,234000000,200000,1700000,60900000,400000
1791427317,283149540,299,1747767917,D,N,8313960000000,8313950000000,8313900000000,8313870000000,8313860000000,821000000,3500000,200000,100000,5700000,8313970000000,8313980000000,8313990000000,8314000000000,8314010000000,234000000,200000,200000,1600000,60900000
1791427317,383790482,300,1747767917,D,N,8313960000000,8313950000000,8313900000000,8313870000000,8313860000000,821200000,3500000,200000,100000,5700000,8313970000000,8313980000000,8313990000000,8314000000000,8314010000000,234500000,200000,200000,1600000,60900000
1791427317,482130832,301,1747767917,D,N,8313960000000,8313950000000,8313900000000,8313870000000,8313860000000,821200000,3500000,200000,100000,5700000,8313970000000,8313980000000,8313990000000,8314000000000,8314010000000,234600000,200000,200000,1600000,60900000
1791427317,579353301,302,1747767917,D,N,8313960000000,8313950000000,8313900000000,8313870000000,8313860000000,749700000,3500000,200000,6100000,5700000,8313970000000,8313980000000,8313990000000,8314000000000,8314010000000,238800000,200000,200000,1600000,60900000
1791427317,678885778,303,1747767917,S,N,8313960000000,8313950000000,8313900000000,8313870000000,8313860000000,749700000,3500000,200000,6100000,5700000,8313970000000,8313980000000,8313990000000,8314000000000,8314010000000,238800000,200000,200000,1600000,60900000
1791427317,682222919,304,1747767917,D,N,8313960000000,8313950000000,8313900000000,8313870000000,8313860000000,749700000,3500000,200000,6100000,5700000,8313970000000,8313980000000,8313990000000,8314000000000,8314010000000,238800000,200000,200000,1600000,60900000
1791427317,778854808,305,1747767917,D,N,8313960000000,8313950000000,8313900000000,8313870000000,8313860000000,749700000,3500000,200000,6100000,5700000,8313970000000,8313980000000,8313990000000,8314000000000,8314010000000,238800000,200000,200000,1600000,60900000
1791427317,877582213,306,1747767917,D,N,8313960000000,8313950000000,8313900000000,8313870000000,8313860000000,749400000,3500000,200000,6100000,5700000,8313970000000,8313980000000,8313990000000,8314000000000,8314010000000,275300000,300000,200000,1600000,60900000
1791427317,978937771,307,1747767917,D,N,8313960000000,8313950000000,8313910000000,8313900000000,8313870000000,755800000,3500000,6100000,200000,6100000,8313970000000,8313980000000,8313990000000,8314000000000,8314010000000,104200000,200000,2700000,100000,58400000
1791427318,76763535,308,1747767917,D,N,8313960000000,8313950000000,8313940000000,8313920000000,8313910000000,1415600000,6100000,100000,300000,6100000,8313970000000,8313980000000,8313990000000,8314000000000,8314010000000,6800000,200000,200000,100000,52400000
1791427318,178332324,309,1747767917,D,N,8314000000000,8313990000000,8313980000000,8313970000000,8313960000000,1590600000,200000,200000,78600000,170100000,8314010000000,8314020000000,8314040000000,8314050000000,8314060000000,54000000,400000,100000,100000,100000
1791427318,275925446,310,1747767917,D,N,8314000000000,8313990000000,8313980000000,8313970000000,8313960000000,1505000000,200000,300000,78600000,170100000,8314010000000,8314020000000,8314040000000,8314050000000,8314060000000,54000000,500000,100000,100000,100000
1791427318,376017251,311,1747767917,D,N,8314000000000,8313990000000,8313980000000,8313970000000,8313960000000,1472100000,200000,300000,78600000,170100000,8314010000000,8314020000000,8314040000000,8314050000000,8314060000000,58400000,500000,100000,100000,100000
1791427318,473188572,312,1747767917,D,N,8314000000000,8313990000000,8313980000000,8313970000000,8313960000000,1462800000,200000,300000,78600000,170100000,8314010000000,8314020000000,8314040000000,8314050000000,8314060000000,58400000,500000,100000,100000,100000
1791427318,574420677,313,1747767917,D,N,8314000000000,8313990000000,8313980000000,8313970000000,8313960000000,1502700000,200000,300000,78600000,170000000,8314010000000,8314020000000,8314060000000,8314070000000,8314090000000,58500000,500000,100000,200000,100000
1791427318,669741255,314,1747767917,D,N,8314000000000,8313990000000,8313980000000,8313970000000,8313960000000,1461400000,200000,300000,78600000,169900000,8314010000000,8314020000000,8314060000000,8314070000000,8314090000000,58600000,500000,100000,200000,100000
1791427318,772216926,315,1747767917,D,N,8314000000000,8313990000000,8313980000000,8313970000000,8313960000000,1461500000,200000,300000,78600000,168000000,8314010000000,8314020000000,8314060000000,8314070000000,8314090000000,58600000,500000,100000,200000,100000
1791427318,869771324,316,1747767917,D,N,8314000000000,8313990000000,8313980000000,8313970000000,8313960000000,1463000000,200000,300000,78600000,168000000,8314010000000,8314020000000,8314060000000,8314070000000,8314090000000,59200000,500000,100000,200000,100000
1791427319,2978506,317,1747767917,D,N,8314400000000,8314390000000,8314380000000,8314370000000,8314340000000,2811500000,246900000,153400000,9900000,24000000,8314410000000,8314480000000,8314500000000,8314530000000,8314540000000,6900000,100000,300000,100000,100000
1791427319,66342545,318,1747767917,D,N,8314400000000,8314390000000,8314380000000,8314370000000,8314340000000,1222200000,2300000,43300000,9900000,200000,8314410000000,8314480000000,8314500000000,8314530000000,8314540000000,9000000,100000,200000,100000,100000
1791427319,171234110,319,1747767917,D,N,8314590000000,8314580000000,8314570000000,8314520000000,8314500000000,1691500000,6600000,2500000,100000,8600000,8314600000000,8314610000000,8314620000000,8314710000000,8314720000000,270700000,5300000,200000,200000,4700000
1791427319,264711322,320,1747767917,D,N,8314590000000,8314580000000,8314570000000,8314520000000,8314500000000,1691700000,9700000,100000,100000,6100000,8314600000000,8314610000000,8314620000000,8314710000000,8314720000000,290000000,5400000,200000,200000,4700000
1791427319,374898016,321,1747767917,D,N,8314590000000,8314580000000,8314570000000,8314530000000,8314520000000,1295900000,9700000,100000,400000,100000,8314600000000,8314610000000,8314620000000,8314710000000,8314720000000,290100000,5400000,100000,200000,5800000
1791427319,468348150,322,1747767917,D,N,8314590000000,8314580000000,8314570000000,8314530000000,8314520000000,1350800000,9700000,100000,400000,100000,8314600000000,8314610000000,8314620000000,8314650000000,8314710000000,301700000,5400000,100000,200000,100000
1791427319,559559127,323,1747767917,D,N,8314590000000,8314580000000,8314570000000,8314520000000,8314500000000,1274900000,3600000,100000,100000,200000,8314600000000,8314610000000,8314620000000,8314650000000,8314690000000,332700000,5400000,6200000,200000,2500000
1791427319,662058091,324,1747767917,D,N,8314590000000,8314580000000,8314570000000,8314520000000,8314500000000,1270300000,9600000,100000,100000,200000,8314600000000,8314610000000,8314620000000,8314650000000,8314710000000,297200000,5400000,100000,200000,100000
1791427319,757664302,325,1747767917,D,N,8314590000000,8314580000000,8314570000000,8314520000000,8314500000000,1270400000,9600000,100000,100000,200000,8314600000000,8314610000000,8314620000000,8314650000000,8314710000000,280300000,5400000,100000,200000,100000
1791427319,856905129,326,1747767917,D,N,8314590000000,8314580000000,8314570000000,8314520000000,8314500000000,1298700000,10000000,100000,100000,200000,8314600000000,8314610000000,8314620000000,8314650000000,8314710000000,261200000,5400000,100000,200000,100000
1791427319,959213283,327,1747767917,D,N,8314590000000,8314580000000,8314570000000,8314520000000,8314500000000,1308400000,10200000,100000,100000,200000,8314600000000,8314610000000,8314620000000,8314650000000,8314710000000,263000000,5400000,100000,200000,100000
1791427320,53769747,328,1747767917,D,N,8314590000000,8314580000000,8314570000000,8314520000000,8314500000000,1299100000,9900000,100000,100000,200000,8314600000000,8314610000000,8314620000000,8314650000000,8314710000000,263000000,5400000,100000,200000,100000
1791427320,165171473,329,1747767917,D,N,8314590000000,8314580000000,8314570000000,8314520000000,8314500000000,1299100000,9900000,100000,100000,200000,8314600000000,8314610000000,8314620000000,8314650000000,8314710000000,264900000,5400000,100000,200000,100000
1791427320,255320086,330,1747767917,D,N,8315240000000,8315230000000,8315210000000,8315180000000,8315170000000,1297900000,8900000,200000,2500000,100000,8315250000000,8315290000000,8315300000000,8315320000000,8315350000000,5300000,100000,100000,100000,100000
1791427320,357893685,331,1747767917,D,N,8315240000000,8315230000000,8315220000000,8315210000000,8315180000000,1200000000,8900000,200000,200000,2500000,8315250000000,8315260000000,8315290000000,8315300000000,8315320000000,4400000,100000,100000,100000,100000
1791427320,451446697,332,1747767917,D,N,8315240000000,8315230000000,8315220000000,8315210000000,8315180000000,1084800000,12000000,200000,200000,2500000,8315250000000,8315260000000,8315290000000,8315300000000,8315320000000,23900000,100000,100000,100000,300000
1791427320,554106578,333,1747767917,D,N,8315240000000,8315230000000,8315220000000,8315210000000,8315170000000,970900000,9600000,200000,200000,100000,8315250000000,8315260000000,8315300000000,8315320000000,8315350000000,133600000,100000,100000,300000,100000
1791427320,662977886,334,1747767917,D,N,8315240000000,8315230000000,8315220000000,8315210000000,8315170000000,995100000,9600000,200000,200000,100000,8315250000000,8315260000000,8315300000000,8315320000000,8315350000000,133600000,100000,100000,300000,100000
1791427320,749569916,335,1747767917,D,N,8315240000000,8315230000000,8315220000000,8315210000000,8315170000000,972600000,9600000,200000,200000,100000,8315250000000,8315260000000,8315300000000,8315320000000,8315350000000,174600000,100000,100000,300000,100000
1791427320,856317853,336,1747767917,D,N,8315240000000,8315230000000,8315220000000,8315210000000,8315170000000,929200000,9600000,200000,200000,100000,8315250000000,8315260000000,8315300000000,8315320000000,8315350000000,220200000,100000,100000,300000,100000
1791427320,878674484,337,1747767917,S,N,8315240000000,8315230000000,8315220000000,8315210000000,8315170000000,929200000,9600000,200000,200000,100000,8315250000000,8315260000000,8315300000000,8315320000000,8315350000000,220200000,100000,100000,300000,100000
1791427320,945602481,338,1747767917,D,N,8315240000000,8315230000000,8315220000000,8315210000000,8315170000000,926200000,9500000,200000,200000,100000,8315250000000,8315260000000,8315300000000,8315320000000,8315350000000,222300000,100000,100000,300000,100000
1791427321,269709080,339,1747767917,D,N,8315240000000,8315230000000,8315220000000,8315210000000,8315180000000,1051300000,12000000,200000,200000,2500000,8315250000000,8315260000000,8315300000000,8315320000000,8315350000000,22100000,100000,100000,300000,100000
1791427321,272459380,340,1747767917,D,N,8315240000000,8315230000000,8315220000000,8315210000000,8315180000000,1070100000,12000000,200000,200000,2500000,8315250000000,8315260000000,8315300000000,8315320000000,8315350000000,22900000,100000,100000,300000,100000
1791427321,391977080,341,1747767917,D,N,8315240000000,8315230000000,8315220000000,8315210000000,8315180000000,1069800000,12000000,200000,200000,2500000,8315250000000,8315260000000,8315300000000,8315320000000,8315350000000,25400000,100000,100000,300000,100000
1791427321,394116880,342,1747767917,D,N,8315240000000,8315230000000,8315220000000,8315210000000,8315180000000,995300000,12000000,200000,200000,2500000,8315250000000,8315260000000,8315300000000,8315320000000,8315350000000,25400000,100000,100000,300000,100000
1791427321,395074280,343,1747767917,S,N,8315240000000,8315230000000,8315220000000,8315210000000,8315180000000,995300000,12000000,200000,200000,2500000,8315250000000,8315260000000,8315300000000,8315320000000,8315350000000,25400000,100000,100000,300000,100000
1791427321,499335580,344,1747767917,D,N,8315240000000,8315230000000,8315220000000,8315210000000,8315180000000,993900000,12100000,200000,200000,2500000,8315250000000,8315260000000,8315300000000,8315320000000,8315350000000,25500000,100000,100000,300000,100000
1791427321,567865180,345,1747767917,D,N,8315240000000,8315230000000,8315220000000,8315210000000,8315180000000,994400000,12100000,200000,200000,2500000,8315250000000,8315260000000,8315300000000,8315320000000,8315350000000,25600000,100000,100000,300000,100000
1791427321,654327880,346,1747767917,D,N,8315240000000,8315230000000,8315220000000,8315210000000,8315180000000,993900000,12100000,200000,200000,2500000,8315250000000,8315260000000,8315300000000,8315320000000,8315350000000,24300000,100000,100000,300000,100000
1791427321,772335880,347,1747767917,D,N,8315240000000,8315230000000,8315220000000,8315210000000,8315180000000,993700000,12100000,200000,200000,2500000,8315250000000,8315260000000,8315300000000,8315320000000,8315350000000,24400000,100000,100000,300000,100000
1791427321,812813880,348,1747767917,S,N,8315240000000,8315230000000,8315220000000,8315210000000,8315180000000,993700000,12100000,200000,200000,2500000,8315250000000,8315260000000,8315300000000,8315320000000,8315350000000,24400000,100000,100000,300000,100000
1791427321,857788080,349,1747767917,D,N,8315240000000,8315230000000,8315220000000,8315210000000,8315180000000,993700000,12100000,200000,200000,2500000,8315250000000,8315260000000,8315300000000,8315320000000,8315350000000,24400000,100000,100000,300000,100000
1791427322,3563780,350,1747767917,D,N,8315240000000,8315230000000,8315220000000,8315210000000,8315180000000,1030900000,12100000,200000,200000,2500000,8315250000000,8315260000000,8315300000000,8315320000000,8315350000000,21700000,100000,100000,300000,100000
1791427322,63277080,351,1747767917,D,N,8315240000000,8315230000000,8315220000000,8315210000000,8315180000000,1030900000,12000000,200000,200000,2500000,8315250000000,8315260000000,8315300000000,8315320000000,8315350000000,21700000,100000,100000,300000,100000
1791427322,180680080,352,1747767917,D,N,8315240000000,8315230000000,8315220000000,8315210000000,8315180000000,993900000,12000000,200000,200000,2500000,8315250000000,8315260000000,8315300000000,8315320000000,8315350000000,21700000,100000,100000,300000,100000
1791427322,266915280,353,1747767917,D,N,8315240000000,8315230000000,8315220000000,8315210000000,8315180000000,993900000,12000000,200000,200000,2500000,8315250000000,8315260000000,8315300000000,8315320000000,8315350000000,19300000,100000,100000,300000,100000
1791427322,605793780,354,1747767917,D,N,8315240000000,8315230000000,8315220000000,8315210000000,8315180000000,1070000000,12000000,200000,200000,2500000,8315250000000,8315260000000,8315300000000,8315320000000,8315350000000,19900000,100000,100000,300000,100000
1791427322,612193080,355,1747767917,D,N,8315240000000,8315230000000,8315220000000,8315210000000,8315180000000,963000000,12100000,200000,200000,2500000,8315250000000,8315260000000,8315300000000,8315320000000,8315350000000,5700000,100000,100000,300000,100000
1791427322,693695480,356,1747767917,D,N,8315410000000,8315400000000,8315380000000,8315350000000,8315330000000,1466200000,8900000,100000,200000,200000,8315420000000,8315430000000,8315460000000,8315470000000,8315480000000,21800000,16900000,200000,100000,300000
1791427322,702528380,357,1747767917,D,N,8315410000000,8315400000000,8315380000000,8315350000000,8315330000000,1422300000,8900000,100000,200000,200000,8315420000000,8315430000000,8315460000000,8315470000000,8315480000000,21800000,16900000,200000,100000,300000
1791427322,803000980,358,1747767917,D,N,8315410000000,8315400000000,8315380000000,8315350000000,8315330000000,1462300000,9000000,100000,200000,400000,8315420000000,8315430000000,8315460000000,8315470000000,8315480000000,21800000,16900000,200000,100000,300000
1791427322,888113280,359,1747767917,D,N,8315410000000,8315400000000,8315380000000,8315350000000,8315330000000,1462400000,9000000,100000,200000,400000,8315420000000,8315430000000,8315460000000,8315470000000,8315480000000,21800000,17000000,200000,100000,300000
1791427322,991599580,360,1747767917,D,N,8315410000000,8315400000000,8315380000000,8315350000000,8315330000000,1426300000,9000000,100000,200000,400000,8315420000000,8315430000000,8315460000000,8315470000000,8315480000000,23900000,17000000,200000,100000,300000
1791427323,123966680,361,1747767917,D,N,8315410000000,8315400000000,8315380000000,8315350000000,8315330000000,1390200000,12100000,100000,200000,400000,8315420000000,8315430000000,8315460000000,8315470000000,8315480000000,23900000,17000000,200000,100000,300000
1791427323,202191980,362,1747767917,D,N,8315410000000,8315400000000,8315380000000,8315350000000,8315330000000,1390300000,12100000,100000,200000,400000,8315420000000,8315430000000,8315460000000,8315470000000,8315480000000,24500000,17000000,200000,100000,300000
1791427323,238740680,363,1747767917,S,N,8315410000000,8315400000000,8315380000000,8315350000000,8315330000000,1390300000,12100000,100000,200000,400000,8315420000000,8315430000000,8315460000000,8315470000000,8315480000000,24500000,17000000,200000,100000,300000
1791427323,290353980,364,1747767917,D,N,8315410000000,8315400000000,8315380000000,8315350000000,8315330000000,1390000000,12100000,100000,200000,400000,8315420000000,8315430000000,8315460000000,8315470000000,8315480000000,24500000,17000000,200000,100000,300000
1791427323,421971280,365,1747767917,D,N,8315410000000,8315400000000,8315380000000,8315350000000,8315330000000,1460100000,12100000,100000,200000,400000,8315420000000,8315430000000,8315460000000,8315470000000,8315480000000,24500000,17000000,200000,100000,300000
1791427323,492956080,366,1747767917,D,N,8315410000000,8315400000000,8315390000000,8315380000000,8315350000000,1453900000,12100000,100000,100000,200000,8315420000000,8315430000000,8315460000000,8315470000000,8315480000000,24400000,17000000,200000,100000,300000
1791427323,606745080,367,1747767917,D,N,8315410000000,8315400000000,8315390000000,8315380000000,8315350000000,1453900000,12100000,100000,100000,200000,8315420000000,8315430000000,8315460000000,8315470000000,8315480000000,26700000,17000000,200000,100000,300000
1791427323,651540380,368,1747767917,S,N,8315410000000,8315400000000,8315390000000,8315380000000,8315350000000,1453900000,12100000,100000,100000,200000,8315420000000,8315430000000,8315460000000,8315470000000,8315480000000,26700000,17000000,200000,100000,300000
1791427323,698098380,369,1747767917,D,N,8315410000000,8315400000000,8315390000000,8315380000000,8315350000000,1453900000,12100000,100000,100000,4300000,8315420000000,8315430000000,8315460000000,8315470000000,8315480000000,26700000,17000000,200000,100000,300000
1791427323,825798080,370,1747767917,D,N,8315410000000,8315400000000,8315390000000,8315380000000,8315350000000,1456800000,12100000,100000,100000,4400000,8315420000000,8315430000000,8315460000000,8315470000000,8315480000000,26800000,17000000,200000,100000,300000
1791427323,859808480,371,1747767917,S,N,8315410000000,8315400000000,8315390000000,8315380000000,8315350000000,1456800000,12100000,100000,100000,4400000,8315420000000,8315430000000,8315460000000,8315470000000,8315480000000,26800000,17000000,200000,100000,300000
1791427323,903275080,372,1747767917,D,N,8315410000000,8315400000000,8315390000000,8315380000000,8315350000000,1456800000,12100000,100000,100000,4400000,8315420000000,8315430000000,8315460000000,8315470000000,8315480000000,26800000,17000000,200000,100000,300000
1791427324,14427080,373,1747767917,D,N,8315410000000,8315400000000,8315390000000,8315380000000,8315350000000,1456900000,12100000,100000,100000,4400000,8315420000000,8315430000000,8315460000000,8315470000000,8315480000000,27000000,17000000,200000,100000,300000
1791427324,133860980,374,1747767917,D,N,8315410000000,8315400000000,8315390000000,8315380000000,8315350000000,1349200000,12100000,100000,100000,4400000,8315420000000,8315430000000,8315460000000,8315470000000,8315480000000,27000000,17000000,200000,100000,300000
1791427324,204932780,375,1747767917,D,N,8315410000000,8315400000000,8315390000000,8315380000000,8315350000000,1349400000,12100000,100000,100000,4400000,8315420000000,8315430000000,8315460000000,8315470000000,8315480000000,27000000,17000000,200000,100000,300000
1791427324,996065895,376,1747767917,D,N,8315410000000,8315400000000,8315390000000,8315380000000,8315350000000,1387700000,12100000,100000,100000,4400000,8315420000000,8315430000000,8315460000000,8315470000000,8315480000000,27100000,17000000,200000,100000,300000
1791427325,71075095,377,1747767917,D,N,8315410000000,8315400000000,8315390000000,8315380000000,8315350000000,1347900000,12100000,100000,100000,4400000,8315420000000,8315430000000,8315460000000,8315470000000,8315480000000,27100000,17000000,200000,100000,300000
1791427325,217606898,378,1747767917,D,N,8315410000000,8315400000000,8315390000000,8315380000000,8315350000000,1348000000,12100000,100000,100000,4400000,8315420000000,8315430000000,8315460000000,8315470000000,8315480000000,33100000,17000000,200000,100000,300000
1791427325,269978318,379,1747767917,D,N,8315410000000,8315400000000,8315390000000,8315380000000,8315350000000,1348000000,12100000,100000,100000,4400000,8315420000000,8315430000000,8315460000000,8315470000000,8315480000000,33400000,17000000,200000,100000,300000
1791427325,422908238,380,1747767917,D,N,8315410000000,8315400000000,8315390000000,8315380000000,8315350000000,1348000000,12100000,100000,100000,4400000,8315420000000,8315430000000,8315460000000,8315470000000,8315480000000,33900000,17000000,200000,100000,300000
1791427325,470520717,381,1747767917,D,N,8315410000000,8315400000000,8315390000000,8315380000000,8315350000000,1355500000,12100000,100000,100000,4400000,8315420000000,8315430000000,8315460000000,8315470000000,8315480000000,33900000,17000000,200000,100000,300000
1791427325,582678608,382,1747767917,D,N,8315410000000,8315400000000,8315390000000,8315380000000,8315350000000,1365200000,12100000,100000,100000,4400000,8315420000000,8315430000000,8315460000000,8315470000000,8315480000000,33900000,17000000,200000,100000,300000
1791427325,690600822,383,1747767917,D,N,8315600000000,8315590000000,8315580000000,8315560000000,8315480000000,1506300000,103300000,8700000,100000,100000,8315610000000,8315620000000,8315630000000,8315650000000,8315680000000,5500000,100000,100000,600000,200000
1791427325,780440216,384,1747767917,D,N,8315600000000,8315590000000,8315580000000,8315560000000,8315520000000,1449100000,53500000,8700000,100000,300000,8315610000000,8315620000000,8315630000000,8315650000000,8315680000000,5500000,100000,100000,600000,200000
1791427325,891540924,385,1747767917,D,N,8315600000000,8315590000000,8315580000000,8315560000000,8315520000000,1486300000,53500000,8800000,100000,300000,8315610000000,8315620000000,8315630000000,8315650000000,8315680000000,5500000,200000,100000,600000,200000
1791427325,974816021,386,1747767917,D,N,8315600000000,8315590000000,8315580000000,8315560000000,8315520000000,1412000000,53500000,8800000,100000,400000,8315610000000,8315620000000,8315630000000,8315650000000,8315680000000,22400000,200000,100000,600000,200000
1791427326,127172219,387,1747767917,D,N,8315600000000,8315590000000,8315580000000,8315560000000,8315520000000,1456900000,53500000,8800000,100000,400000,8315610000000,8315620000000,8315630000000,8315650000000,8315680000000,22400000,200000,100000,600000,200000
1791427326,172450407,388,1747767917,D,N,8315600000000,8315590000000,8315580000000,8315560000000,8315520000000,1387300000,53500000,8800000,100000,400000,8315610000000,8315620000000,8315630000000,8315650000000,8315680000000,22400000,200000,100000,600000,200000
1791427326,291572548,389,1747767917,D,N,8315600000000,8315590000000,8315580000000,8315560000000,8315520000000,1387500000,53600000,8800000,100000,800000,8315610000000,8315620000000,8315630000000,8315650000000,8315680000000,22500000,200000,100000,600000,200000
1791427326,374691087,390,1747767917,D,N,8315600000000,8315590000000,8315580000000,8315560000000,8315520000000,1387200000,53600000,8800000,100000,800000,8315610000000,8315620000000,8315630000000,8315650000000,8315680000000,22500000,200000,100000,600000,200000
1791427326,488773637,391,1747767917,D,N,8315600000000,8315590000000,8315580000000,8315560000000,8315520000000,1394900000,53600000,8800000,100000,800000,8315610000000,8315620000000,8315630000000,8315650000000,8315680000000,23100000,200000,100000,600000,200000
1791427326,596999481,392,1747767917,D,N,8315600000000,8315590000000,8315580000000,8315560000000,8315520000000,1394800000,53600000,8800000,100000,800000,8315610000000,8315620000000,8315630000000,8315650000000,8315680000000,23100000,200000,100000,600000,200000
1791427326,672696123,393,1747767917,D,N,8315600000000,8315590000000,8315580000000,8315560000000,8315520000000,1394800000,53600000,8800000,100000,800000,8315610000000,8315620000000,8315630000000,8315650000000,8315680000000,23100000,200000,100000,600000,200000
1791427327,2155968,394,1747767917,D,N,8315600000000,8315590000000,8315580000000,8315560000000,8315520000000,1397700000,53600000,8800000,100000,800000,8315610000000,8315620000000,8315630000000,8315640000000,8315650000000,23200000,200000,100000,700000,600000
1791427327,7354757,395,1747767917,D,N,8315600000000,8315590000000,8315580000000,8315560000000,8315520000000,1373500000,53600000,8800000,100000,500000,8315610000000,8315620000000,8315630000000,8315640000000,8315650000000,23200000,200000,100000,800000,600000
1791427327,13063608,396,1747767917,D,N,8315600000000,8315590000000,8315580000000,8315560000000,8315540000000,1282400000,53600000,8800000,100000,400000,8315610000000,8315620000000,8315630000000,8315640000000,8315650000000,23200000,200000,100000,800000,600000
1791427327,124103198,397,1747767917,D,N,8315600000000,8315590000000,8315580000000,8315560000000,8315540000000,1192400000,53500000,8900000,100000,400000,8315610000000,8315620000000,8315630000000,8315640000000,8315650000000,23200000,200000,100000,800000,600000
1791427327,191583319,398,1747767917,D,N,8315600000000,8315590000000,8315580000000,8315560000000,8315550000000,1197400000,53500000,8900000,100000,400000,8315610000000,8315620000000,8315630000000,8315640000000,8315650000000,23200000,200000,100000,800000,600000
1791427327,631116513,399,1747767917,D,N,8315600000000,8315590000000,8315580000000,8315560000000,8315550000000,1234900000,53500000,8900000,100000,400000,8315610000000,8315620000000,8315630000000,8315640000000,8315650000000,23200000,200000,100000,800000,600000
1791427327,632659213,400,1747767917,D,N,8315600000000,8315590000000,8315580000000,8315560000000,8315550000000,1272900000,53500000,8900000,100000,400000,8315610000000,8315620000000,8315630000000,8315640000000,8315650000000,23100000,200000,100000,800000,600000
1791427327,633869826,401,1747767917,D,N,8315600000000,8315590000000,8315580000000,8315560000000,8315550000000,1194000000,53500000,8900000,100000,3900000,8315610000000,8315620000000,8315630000000,8315640000000,8315650000000,23200000,200000,100000,800000,600000
1791427327,635012867,402,1747767917,D,N,8315600000000,8315590000000,8315580000000,8315560000000,8315550000000,1124800000,53500000,8800000,100000,4000000,8315610000000,8315620000000,8315630000000,8315640000000,8315650000000,23200000,200000,100000,800000,600000
1791427327,700717748,403,1747767917,D,N,8315600000000,8315590000000,8315580000000,8315560000000,8315550000000,1198800000,53500000,8900000,100000,4000000,8315610000000,8315620000000,8315630000000,8315640000000,8315650000000,23300000,200000,100000,800000,600000
1791427327,770856426,404,1747767917,D,N,8315600000000,8315590000000,8315580000000,8315560000000,8315550000000,1198800000,53500000,8900000,100000,4000000,8315610000000,8315620000000,8315630000000,8315640000000,8315650000000,23500000,200000,100000,800000,600000
1791427327,901188274,405,1747767917,D,N,8315600000000,8315590000000,8315580000000,8315560000000,8315550000000,1198100000,53500000,8900000,100000,4000000,8315610000000,8315620000000,8315630000000,8315640000000,8315650000000,23400000,200000,100000,800000,600000
1791427327,976430006,406,1747767917,D,N,8315600000000,8315590000000,8315580000000,8315560000000,8315550000000,1233000000,53500000,8900000,100000,4000000,8315610000000,8315620000000,8315630000000,8315640000000,8315650000000,22900000,200000,100000,800000,600000
1791427328,118254755,407,1747767917,D,N,8315600000000,8315590000000,8315580000000,8315560000000,8315550000000,1196700000,53500000,8900000,100000,3600000,8315610000000,8315620000000,8315630000000,8315640000000,8315650000000,22900000,200000,100000,800000,600000
1791427328,190883206,408,1747767917,D,N,8315600000000,8315590000000,8315580000000,8315560000000,8315550000000,1239000000,53500000,8900000,100000,3600000,8315610000000,8315620000000,8315630000000,8315640000000,8315650000000,22800000,200000,100000,800000,600000
1791427328,284100876,409,1747767917,D,N,8315600000000,8315590000000,8315580000000,8315560000000,8315550000000,1203900000,53500000,8900000,100000,3600000,8315610000000,8315620000000,8315630000000,8315640000000,8315650000000,22700000,200000,100000,800000,600000
1791427328,316162849,410,1747767917,S,N,8315600000000,8315590000000,8315580000000,8315560000000,8315550000000,1203900000,53500000,8900000,100000,3600000,8315610000000,8315620000000,8315630000000,8315640000000,8315650000000,22700000,200000,100000,800000,600000
1791427328,393360924,411,1747767917,D,N,8315600000000,8315590000000,8315580000000,8315560000000,8315550000000,1203900000,53500000,8900000,100000,3600000,8315610000000,8315620000000,8315630000000,8315640000000,8315650000000,22700000,200000,100000,800000,600000
1791427328,475285669,412,1747767917,D,N,8315600000000,8315590000000,8315580000000,8315560000000,8315550000000,1204000000,53500000,8900000,100000,3600000,8315610000000,8315620000000,8315630000000,8315640000000,8315650000000,22700000,200000,100000,800000,600000
1791427328,596867271,413,1747767917,D,N,8315600000000,8315590000000,8315580000000,8315560000000,8315550000000,1204200000,53500000,8900000,100000,3600000,8315610000000,8315620000000,8315630000000,8315640000000,8315650000000,22800000,200000,100000,800000,600000
1791427328,633049825,414,1747767917,S,N,8315600000000,8315590000000,8315580000000,8315560000000,8315550000000,1204200000,53500000,8900000,100000,3600000,8315610000000,8315620000000,8315630000000,8315640000000,8315650000000,22800000,200000,100000,800000,600000
1791427328,672212072,415,1747767917,D,N,8315600000000,8315590000000,8315580000000,8315560000000,8315550000000,1204200000,53500000,8900000,100000,3600000,8315610000000,8315620000000,8315630000000,8315640000000,8315650000000,22800000,200000,100000,800000,600000
1791427328,824087644,416,1747767917,D,N,8315600000000,8315590000000,8315580000000,8315560000000,8315550000000,1245000000,53500000,8900000,100000,3600000,8315610000000,8315620000000,8315630000000,8315640000000,8315650000000,20100000,200000,100000,800000,600000
1791427328,872678979,417,1747767917,D,N,8315600000000,8315590000000,8315580000000,8315560000000,8315550000000,1208200000,53500000,8900000,100000,4500000,8315610000000,8315620000000,8315630000000,8315640000000,8315650000000,19000000,200000,100000,800000,600000
1791427328,988753760,418,1747767917,D,N,8315600000000,8315590000000,8315580000000,8315560000000,8315550000000,1208700000,53500000,8900000,100000,4500000,8315610000000,8315620000000,8315630000000,8315640000000,8315650000000,19000000,200000,100000,800000,600000
1791427329,99846351,419,1747767917,D,N,8315600000000,8315590000000,8315580000000,8315560000000,8315550000000,1208800000,53500000,8900000,100000,4500000,8315610000000,8315620000000,8315630000000,8315640000000,8315650000000,19000000,200000,100000,1200000,600000
1791427329,175975507,420,1747767917,D,N,8315600000000,8315590000000,8315580000000,8315560000000,8315550000000,1208900000,53500000,8900000,100000,4500000,8315610000000,8315620000000,8315630000000,8315640000000,8315650000000,19100000,200000,100000,1200000,600000
1791427329,301426474,421,1747767917,D,N,8315600000000,8315590000000,8315580000000,8315560000000,8315550000000,1210900000,53500000,8900000,100000,4500000,8315610000000,8315620000000,8315630000000,8315640000000,8315650000000,19100000,200000,100000,1200000,600000
1791427329,303089746,422,1747767917,S,N,8315600000000,8315590000000,8315580000000,8315560000000,8315550000000,1210900000,53500000,8900000,100000,4500000,8315610000000,8315620000000,8315630000000,8315640000000,8315650000000,19100000,200000,100000,1200000,600000
1791427329,376104069,423,1747767917,D,N,8315600000000,8315590000000,8315580000000,8315560000000,8315550000000,1210700000,53500000,8900000,100000,4500000,8315610000000,8315620000000,8315630000000,8315640000000,8315650000000,19100000,200000,100000,1200000,600000
1791427329,377913436,424,1747767917,S,N,8315600000000,8315590000000,8315580000000,8315560000000,8315550000000,1210700000,53500000,8900000,100000,4500000,8315610000000,8315620000000,8315630000000,8315640000000,8315650000000,19100000,200000,100000,1200000,600000
1791427329,525952598,425,1747767917,D,N,8315600000000,8315590000000,8315580000000,8315560000000,8315550000000,1283800000,53500000,8900000,100000,4500000,8315610000000,8315620000000,8315630000000,8315640000000,8315650000000,19100000,200000,100000,1200000,600000
1791427329,530697750,426,1747767917,S,N,8315600000000,8315590000000,8315580000000,8315560000000,8315550000000,1283800000,53500000,8900000,100000,4500000,8315610000000,8315620000000,8315630000000,8315640000000,8315650000000,19100000,200000,100000,1200000,600000
1791427329,655645794,427,1747767917,D,N,8315990000000,8315980000000,8315970000000,8315950000000,8315930000000,1389100000,2900000,6100000,100000,200000,8316000000000,8316010000000,8316030000000,8316040000000,8316050000000,7100000,1400000,100000,100000,1100000
1791427329,694165379,428,1747767917,D,N,8315990000000,8315980000000,8315970000000,8315950000000,8315930000000,1287300000,7000000,6200000,100000,36700000,8316000000000,8316010000000,8316030000000,8316050000000,8316070000000,7200000,1400000,100000,100000,300000
1791427329,796587421,429,1747767917,D,N,8315990000000,8315980000000,8315970000000,8315950000000,8315930000000,1268900000,7000000,6200000,100000,36700000,8316000000000,8316010000000,8316030000000,8316050000000,8316070000000,7100000,1500000,100000,100000,300000
1791427329,885648034,430,1747767917,D,N,8315990000000,8315980000000,8315970000000,8315950000000,8315930000000,1129000000,10000000,6200000,100000,36800000,8316000000000,8316010000000,8316030000000,8316050000000,8316070000000,24000000,1500000,100000,100000,300000
1791427330,3310008,431,1747767917,D,N,8315990000000,8315980000000,8315970000000,8315950000000,8315930000000,1097900000,10000000,6200000,100000,36800000,8316000000000,8316010000000,8316030000000,8316050000000,8316070000000,24000000,1500000,100000,100000,300000
1791427330,75978259,432,1747767917,D,N,8315990000000,8315980000000,8315970000000,8315950000000,8315930000000,1058600000,9900000,6200000,100000,36800000,8316000000000,8316010000000,8316030000000,8316050000000,8316070000000,24000000,1500000,100000,100000,300000
1791427330,77419456,433,1747767917,S,N,8315990000000,8315980000000,8315970000000,8315950000000,8315930000000,1058600000,9900000,6200000,100000,36800000,8316000000000,8316010000000,8316030000000,8316050000000,8316070000000,24000000,1500000,100000,100000,300000
1791427330,158121854,434,1747767917,D,N,8315990000000,8315980000000,8315970000000,8315950000000,8315930000000,1068000000,9900000,6200000,100000,36800000,8316000000000,8316010000000,8316030000000,8316050000000,8316070000000,24000000,1500000,100000,100000,300000
1791427330,228987290,435,1747767917,S,N,8315990000000,8315980000000,8315970000000,8315950000000,8315930000000,1068000000,9900000,6200000,100000,36800000,8316000000000,8316010000000,8316030000000,8316050000000,8316070000000,24000000,1500000,100000,100000,300000
1791427330,258422585,436,1747767917,D,N,8315990000000,8315980000000,8315970000000,8315950000000,8315930000000,1068200000,9900000,6200000,100000,36800000,8316000000000,8316010000000,8316030000000,8316050000000,8316070000000,24600000,1500000,100000,100000,300000
1791427330,268674069,437,1747767917,S,N,8315990000000,8315980000000,8315970000000,8315950000000,8315930000000,1068200000,9900000,6200000,100000,36800000,8316000000000,8316010000000,8316030000000,8316050000000,8316070000000,24600000,1500000,100000,100000,300000
1791427330,357383917,438,1747767917,D,N,8315990000000,8315980000000,8315970000000,8315950000000,8315930000000,1068200000,9900000,6200000,100000,36800000,8316000000000,8316010000000,8316030000000,8316050000000,8316070000000,24800000,1500000,100000,100000,300000
1791427330,398547391,439,1747767917,S,N,8315990000000,8315980000000,8315970000000,8315950000000,8315930000000,1068200000,9900000,6200000,100000,36800000,8316000000000,8316010000000,8316030000000,8316050000000,8316070000000,24800000,1500000,100000,100000,300000
1791427330,456872619,440,1747767917,D,N,8315990000000,8315980000000,8315970000000,8315950000000,8315930000000,1117100000,9900000,6200000,100000,36800000,8316000000000,8316010000000,8316030000000,8316050000000,8316070000000,26000000,1500000,100000,100000,300000
1791427330,458261304,441,1747767917,S,N,8315990000000,8315980000000,8315970000000,8315950000000,8315930000000,1117100000,9900000,6200000,100000,36800000,8316000000000,8316010000000,8316030000000,8316050000000,8316070000000,26000000,1500000,100000,100000,300000
1791427330,556762642,442,1747767917,D,N,8315990000000,8315980000000,8315970000000,8315950000000,8315930000000,1117000000,9900000,6200000,100000,36800000,8316000000000,8316010000000,8316030000000,8316050000000,8316070000000,26400000,1500000,100000,100000,300000
1791427330,558401174,443,1747767917,S,N,8315990000000,8315980000000,8315970000000,8315950000000,8315930000000,1117000000,9900000,6200000,100000,36800000,8316000000000,8316010000000,8316030000000,8316050000000,8316070000000,26400000,1500000,100000,100000,300000
1791427330,657383727,444,1747767917,D,N,8315990000000,8315980000000,8315970000000,8315950000000,8315930000000,1084100000,9900000,6200000,100000,36800000,8316000000000,8316010000000,8316030000000,8316050000000,8316070000000,24400000,1500000,100000,100000,300000
1791427330,758648065,445,1747767917,D,N,8315990000000,8315980000000,8315970000000,8315950000000,8315930000000,1116800000,10000000,6200000,100000,36800000,8316000000000,8316010000000,8316030000000,8316050000000,8316070000000,24000000,1500000,100000,100000,300000
1791427330,760217965,446,1747767917,S,N,8315990000000,8315980000000,8315970000000,8315950000000,8315930000000,1116800000,10000000,6200000,100000,36800000,8316000000000,8316010000000,8316030000000,8316050000000,8316070000000,24000000,1500000,100000,100000,300000
1791427330,859632265,447,1747767917,D,N,8315990000000,8315980000000,8315970000000,8315950000000,8315930000000,1117000000,10000000,6200000,100000,700000,8316000000000,8316010000000,8316030000000,8316050000000,8316070000000,24000000,1500000,100000,100000,300000
1791427330,861249665,448,1747767917,S,N,8315990000000,8315980000000,8315970000000,8315950000000,8315930000000,1117000000,10000000,6200000,100000,700000,8316000000000,8316010000000,8316030000000,8316050000000,8316070000000,24000000,1500000,100000,100000,300000
1791427330,961988765,449,1747767917,D,N,8315990000000,8315980000000,8315970000000,8315950000000,8315930000000,1117200000,10000000,6200000,100000,700000,8316000000000,8316010000000,8316030000000,8316050000000,8316070000000,24000000,1500000,100000,100000,300000
1791427330,963434865,450,1747767917,S,N,8315990000000,8315980000000,8315970000000,8315950000000,8315930000000,1117200000,10000000,6200000,100000,700000,8316000000000,8316010000000,8316030000000,8316050000000,8316070000000,24000000,1500000,100000,100000,300000
1791427331,63696965,451,1747767917,D,N,8315990000000,8315980000000,8315970000000,8315950000000,8315930000000,1119300000,10000000,6200000,100000,700000,8316000000000,8316010000000,8316030000000,8316050000000,8316070000000,24100000,1500000,100000,100000,300000
1791427331,65133465,452,1747767917,S,N,8315990000000,8315980000000,8315970000000,8315950000000,8315930000000,1119300000,10000000,6200000,100000,700000,8316000000000,8316010000000,8316030000000,8316050000000,8316070000000,24100000,1500000,100000,100000,300000
1791427331,166799965,453,1747767917,D,N,8315990000000,8315980000000,8315970000000,8315950000000,8315930000000,1138700000,10000000,6200000,100000,700000,8316000000000,8316010000000,8316030000000,8316050000000,8316070000000,24200000,1500000,100000,100000,300000
1791427331,269122165,454,1747767917,D,N,8315990000000,8315980000000,8315970000000,8315950000000,8315930000000,1119300000,9900000,6200000,36200000,700000,8316000000000,8316010000000,8316030000000,8316050000000,8316070000000,24200000,1500000,100000,100000,300000
1791427331,273417065,455,1747767917,S,N,8315990000000,8315980000000,8315970000000,8315950000000,8315930000000,1119300000,9900000,6200000,36200000,700000,8316000000000,8316010000000,8316030000000,8316050000000,8316070000000,24200000,1500000,100000,100000,300000
1791427331,370935065,456,1747767917,D,N,8315990000000,8315980000000,8315970000000,8315950000000,8315930000000,1119500000,9900000,6200000,36200000,700000,8316000000000,8316010000000,8316030000000,8316050000000,8316070000000,24200000,1500000,100000,100000,300000
1791427331,374349065,457,1747767917,S,N,8315990000000,8315980000000,8315970000000,8315950000000,8315930000000,1119500000,9900000,6200000,36200000,700000,8316000000000,8316010000000,8316030000000,8316050000000,8316070000000,24200000,1500000,100000,100000,300000
1791427331,471938965,458,1747767917,D,N,8315990000000,8315980000000,8315970000000,8315950000000,8315930000000,1119100000,9900000,6200000,100000,700000,8316000000000,8316010000000,8316030000000,8316050000000,8316070000000,24200000,1500000,100000,100000,300000
1791427331,474104965,459,1747767917,S,N,8315990000000,8315980000000,8315970000000,8315950000000,8315930000000,1119100000,9900000,6200000,100000,700000,8316000000000,8316010000000,8316030000000,8316050000000,8316070000000,24200000,1500000,100000,100000,300000
1791427331,574606965,460,1747767917,D,N,8315990000000,8315980000000,8315970000000,8315950000000,8315930000000,1118900000,9900000,6200000,100000,700000,8316000000000,8316010000000,8316030000000,8316050000000,8316070000000,24200000,1500000,100000,100000,300000
1791427331,576453665,461,1747767917,S,N,8315990000000,8315980000000,8315970000000,8315950000000,8315930000000,1118900000,9900000,6200000,100000,700000,8316000000000,8316010000000,8316030000000,8316050000000,8316070000000,24200000,1500000,100000,100000,300000
1791427331,675796565,462,1747767917,D,N,8315990000000,8315980000000,8315970000000,8315950000000,8315930000000,1118900000,9900000,6200000,100000,700000,8316000000000,8316010000000,8316030000000,8316050000000,8316070000000,24200000,1500000,100000,100000,300000
1791427331,780371765,463,1747767917,D,N,8315990000000,8315980000000,8315970000000,8315950000000,8315930000000,1055600000,10000000,6200000,100000,700000,8316000000000,8316010000000,8316030000000,8316050000000,8316070000000,24100000,1500000,100000,100000,300000
1791427331,882124765,464,1747767917,D,N,8315990000000,8315980000000,8315970000000,8315950000000,8315930000000,1121000000,10000000,6200000,100000,700000,8316000000000,8316010000000,8316030000000,8316050000000,8316070000000,24200000,1500000,100000,100000,300000
1791427331,982471165,465,1747767917,D,N,8315990000000,8315980000000,8315970000000,8315950000000,8315930000000,1121000000,10000000,6200000,100000,700000,8316000000000,8316010000000,8316030000000,8316050000000,8316070000000,24300000,1500000,100000,100000,300000
1791427332,47615865,466,1747767917,S,N,8315990000000,8315980000000,8315970000000,8315950000000,8315930000000,1121000000,10000000,6200000,100000,700000,8316000000000,8316010000000,8316030000000,8316050000000,8316070000000,24300000,1500000,100000,100000,300000
1791427332,85420465,467,1747767917,D,N,8315990000000,8315980000000,8315970000000,8315950000000,8315930000000,1125800000,10000000,6200000,36200000,700000,8316000000000,8316010000000,8316030000000,8316050000000,8316070000000,24300000,1500000,100000,100000,300000
1791427332,185749565,468,1747767917,D,N,8315990000000,8315980000000,8315970000000,8315950000000,8315930000000,1055600000,10000000,6200000,36200000,700000,8316000000000,8316010000000,8316030000000,8316050000000,8316070000000,24300000,1500000,100000,100000,300000
1791427332,288612565,469,1747767917,D,N,8315990000000,8315980000000,8315970000000,8315950000000,8315930000000,1056000000,10000000,6200000,36200000,700000,8316000000000,8316010000000,8316030000000,8316050000000,8316070000000,24200000,1500000,100000,100000,300000
1791427332,390156165,470,1747767917,D,N,8315990000000,8315980000000,8315970000000,8315950000000,8315930000000,1051200000,9900000,6200000,36200000,700000,8316000000000,8316010000000,8316030000000,8316050000000,8316070000000,24300000,1500000,100000,100000,300000
1791427332,492667965,471,1747767917,D,N,8315990000000,8315980000000,8315970000000,8315950000000,8315930000000,1089200000,9900000,6200000,36200000,700000,8316000000000,8316010000000,8316030000000,8316050000000,8316070000000,24000000,1500000,100000,100000,300000
1791427332,595309765,472,1747767917,D,N,8315990000000,8315980000000,8315970000000,8315950000000,8315930000000,1056100000,9900000,6200000,36200000,700000,8316000000000,8316010000000,8316030000000,8316050000000,8316070000000,24100000,1500000,100000,100000,300000
1791427332,660314365,473,1747767917,S,N,8315990000000,8315980000000,8315970000000,8315950000000,8315930000000,1056100000,9900000,6200000,36200000,700000,8316000000000,8316010000000,8316030000000,8316050000000,8316070000000,24100000,1500000,100000,100000,300000
1791427332,696368865,474,1747767917,D,N,8315990000000,8315980000000,8315970000000,8315950000000,8315930000000,1056100000,9900000,6200000,36200000,700000,8316000000000,8316010000000,8316030000000,8316050000000,8316070000000,24100000,1500000,100000,100000,300000
1791427332,798502765,475,1747767917,D,N,8315990000000,8315980000000,8315970000000,8315950000000,8315930000000,1056300000,9900000,6200000,36200000,700000,8316000000000,8316010000000,8316030000000,8316050000000,8316070000000,24100000,1500000,100000,100000,300000
1791427332,901676265,476,1747767917,D,N,8315990000000,8315980000000,8315970000000,8315950000000,8315930000000,1056300000,9900000,6200000,36200000,700000,8316000000000,8316010000000,8316030000000,8316050000000,8316070000000,24100000,1500000,100000,100000,300000
1791427333,7971665,477,1747767917,D,N,8315990000000,8315980000000,8315970000000,8315950000000,8315930000000,1051300000,9900000,6200000,100000,300000,8316000000000,8316010000000,8316030000000,8316050000000,8316070000000,24000000,1500000,100000,100000,300000
1791427333,31576065,478,1747767917,S,N,8315990000000,8315980000000,8315970000000,8315950000000,8315930000000,1051300000,9900000,6200000,100000,300000,8316000000000,8316010000000,8316030000000,8316050000000,8316070000000,24000000,1500000,100000,100000,300000
1791427333,147560974,479,1747767917,D,N,8316370000000,8316360000000,8316330000000,8316320000000,8316210000000,1344600000,400000,100000,2500000,400000,8316380000000,8316390000000,8316400000000,8316420000000,8316440000000,123900000,200000,500000,300000,100000
1791427333,202627027,480,1747767917,D,N,8316370000000,8316360000000,8316350000000,8316330000000,8316320000000,1379400000,400000,100000,100000,2500000,8316380000000,8316390000000,8316400000000,8316420000000,8316440000000,93800000,200000,500000,300000,100000
1791427333,299003164,481,1747767917,D,N,8316370000000,8316360000000,8316350000000,8316330000000,8316320000000,1378000000,400000,200000,100000,2500000,8316380000000,8316390000000,8316400000000,8316420000000,8316440000000,32100000,200000,500000,300000,100000
1791427333,392666764,482,1747767917,D,N,8316370000000,8316360000000,8316350000000,8316330000000,8316320000000,1394700000,400000,100000,100000,2500000,8316380000000,8316390000000,8316400000000,8316420000000,8316440000000,32100000,200000,500000,300000,100000
1791427333,488714356,483,1747767917,D,N,8316370000000,8316360000000,8316350000000,8316330000000,8316320000000,1388000000,400000,100000,300000,2500000,8316380000000,8316390000000,8316400000000,8316420000000,8316440000000,34400000,200000,500000,300000,100000
1791427333,590216599,484,1747767917,D,N,8316370000000,8316360000000,8316350000000,8316330000000,8316320000000,1488500000,400000,100000,300000,2600000,8316380000000,8316390000000,8316400000000,8316420000000,8316440000000,34400000,200000,500000,300000,100000
1791427333,682621848,485,1747767917,D,N,8316370000000,8316360000000,8316350000000,8316330000000,8316320000000,1491400000,400000,100000,300000,2600000,8316380000000,8316390000000,8316400000000,8316420000000,8316440000000,34400000,200000,500000,300000,100000
1791427333,790034401,486,1747767917,D,N,8316500000000,8316490000000,8316410000000,8316390000000,8316380000000,1018600000,160000000,160000000,129000000,320000000,8316510000000,8316530000000,8316560000000,8316580000000,8316600000000,31800000,100000,200000,100000,100000
1791427333,881365954,487,1747767917,D,N,8316500000000,8316490000000,8316480000000,8316470000000,8316450000000,1640000000,300000,100000,100000,400000,8316510000000,8316530000000,8316560000000,8316580000000,8316610000000,32100000,100000,200000,100000,100000
1791427333,976713515,488,1747767917,D,N,8316500000000,8316490000000,8316480000000,8316470000000,8316440000000,1651800000,500000,100000,100000,400000,8316510000000,8316520000000,8316530000000,8316560000000,8316580000000,32100000,100000,100000,200000,100000
1791427334,74922246,489,1747767917,D,N,8316500000000,8316490000000,8316480000000,8316470000000,8316440000000,1652000000,500000,100000,100000,400000,8316510000000,8316520000000,8316530000000,8316560000000,8316580000000,29800000,100000,100000,200000,100000
1791427334,166895818,490,1747767917,D,N,8316500000000,8316490000000,8316480000000,8316470000000,8316440000000,1655200000,500000,100000,100000,400000,8316510000000,8316520000000,8316530000000,8316560000000,8316580000000,29800000,100000,100000,200000,100000
1791427334,270118801,491,1747767917,D,N,8317010000000,8317000000000,8316980000000,8316960000000,8316950000000,651500000,400000,100000,100000,7100000,8317020000000,8317030000000,8317040000000,8317050000000,8317060000000,212300000,100000,1100000,100000,1100000
1791427334,365049945,492,1747767917,D,N,8317010000000,8317000000000,8316980000000,8316960000000,8316950000000,608200000,400000,100000,100000,7100000,8317020000000,8317030000000,8317040000000,8317050000000,8317060000000,227900000,200000,1100000,100000,1100000
1791427334,457475006,493,1747767917,D,N,8317010000000,8317000000000,8316980000000,8316960000000,8316950000000,636900000,400000,100000,100000,7100000,8317020000000,8317030000000,8317040000000,8317050000000,8317060000000,293100000,200000,1100000,100000,1100000
1791427334,515957420,494,1747767917,S,N,8317010000000,8317000000000,8316980000000,8316960000000,8316950000000,636900000,400000,100000,100000,7100000,8317020000000,8317030000000,8317040000000,8317050000000,8317060000000,293100000,200000,1100000,100000,1100000
1791427334,560795150,495,1747767917,D,N,8317010000000,8317000000000,8316990000000,8316980000000,8316960000000,638700000,400000,200000,100000,100000,8317020000000,8317030000000,8317040000000,8317050000000,8317060000000,293700000,200000,1100000,100000,1100000
1791427334,589976354,496,1747767917,S,N,8317010000000,8317000000000,8316990000000,8316980000000,8316960000000,638700000,400000,200000,100000,100000,8317020000000,8317030000000,8317040000000,8317050000000,8317060000000,293700000,200000,1100000,100000,1100000
1791427334,662748881,497,1747767917,D,N,8317010000000,8317000000000,8316990000000,8316980000000,8316960000000,692300000,400000,200000,100000,100000,8317020000000,8317030000000,8317040000000,8317050000000,8317060000000,223100000,17100000,1100000,100000,1100000
1791427334,728352844,498,1747767917,S,N,8317010000000,8317000000000,8316990000000,8316980000000,8316960000000,692300000,400000,200000,100000,100000,8317020000000,8317030000000,8317040000000,8317050000000,8317060000000,223100000,17100000,1100000,100000,1100000
1791427334,750261117,499,1747767917,D,N,8317010000000,8317000000000,8316990000000,8316980000000,8316960000000,694000000,400000,200000,100000,100000,8317020000000,8317030000000,8317040000000,8317050000000,8317060000000,213200000,17100000,1100000,100000,1100000
1791427334,776395740,500,1747767917,S,N,8317010000000,8317000000000,8316990000000,8316980000000,8316960000000,694000000,400000,200000,100000,100000,8317020000000,8317030000000,8317040000000,8317050000000,8317060000000,213200000,17100000,1100000,100000,1100000
1791427334,845744229,501,1747767917,D,N,8317010000000,8317000000000,8316990000000,8316980000000,8316960000000,704100000,4400000,200000,100000,200000,8317020000000,8317030000000,8317040000000,8317050000000,8317060000000,209200000,17100000,1100000,100000,1100000
1791427334,890438351,502,1747767917,S,N,8317010000000,8317000000000,8316990000000,8316980000000,8316960000000,704100000,4400000,200000,100000,200000,8317020000000,8317030000000,8317040000000,8317050000000,8317060000000,209200000,17100000,1100000,100000,1100000
1791427334,949811799,503,1747767917,D,N,8317010000000,8317000000000,8316990000000,8316980000000,8316960000000,704100000,4400000,200000,100000,200000,8317020000000,8317030000000,8317040000000,8317050000000,8317060000000,209200000,17100000,1100000,100000,1100000
1791427335,45365625,504,1747767917,D,N,8317010000000,8317000000000,8316990000000,8316980000000,8316960000000,703900000,4400000,200000,100000,200000,8317020000000,8317030000000,8317040000000,8317050000000,8317060000000,209300000,17100000,1100000,100000,1100000
1791427335,137453041,505,1747767917,D,N,8317010000000,8317000000000,8316990000000,8316980000000,8316960000000,704200000,4400000,200000,100000,200000,8317020000000,8317030000000,8317040000000,8317050000000,8317060000000,209300000,17100000,1100000,100000,1100000
1791427335,230996920,506,1747767917,D,N,8317010000000,8317000000000,8316990000000,8316980000000,8316960000000,704200000,15700000,200000,100000,200000,8317020000000,8317030000000,8317040000000,8317050000000,8317060000000,209300000,17100000,1100000,100000,1100000
1791427335,327213240,507,1747767917,D,N,8317010000000,8317000000000,8316990000000,8316980000000,8316960000000,704200000,15700000,200000,100000,200000,8317020000000,8317030000000,8317040000000,8317050000000,8317060000000,209700000,17100000,1100000,100000,1100000
1791427335,423939346,508,1747767917,D,N,8317010000000,8317000000000,8316990000000,8316980000000,8316960000000,697000000,15700000,200000,100000,200000,8317020000000,8317030000000,8317040000000,8317050000000,8317060000000,163700000,17100000,1100000,100000,1100000
1791427335,519779251,509,1747767917,D,N,8317010000000,8317000000000,8316990000000,8316980000000,8316960000000,698000000,21800000,200000,100000,200000,8317020000000,8317030000000,8317040000000,8317050000000,8317060000000,194600000,17100000,1100000,100000,1100000
1791427335,679642669,510,1747767917,D,N,8317010000000,8317000000000,8316990000000,8316980000000,8316960000000,697500000,21800000,200000,100000,200000,8317020000000,8317030000000,8317040000000,8317050000000,8317060000000,195100000,17100000,1100000,100000,1100000
1791427335,728307584,511,1747767917,D,N,8317010000000,8317000000000,8316990000000,8316980000000,8316960000000,697500000,15700000,200000,100000,200000,8317020000000,8317030000000,8317040000000,8317050000000,8317060000000,195100000,200000,1100000,100000,1100000
1791427335,793644899,512,1747767917,S,N,8317010000000,8317000000000,8316990000000,8316980000000,8316960000000,697500000,15700000,200000,100000,200000,8317020000000,8317030000000,8317040000000,8317050000000,8317060000000,195100000,200000,1100000,100000,1100000
1791427335,809702391,513,1747767917,D,N,8317010000000,8317000000000,8316990000000,8316980000000,8316960000000,697500000,15900000,200000,100000,200000,8317020000000,8317030000000,8317040000000,8317050000000,8317060000000,195100000,200000,1100000,100000,1100000
1791427335,897494829,514,1747767917,S,N,8317010000000,8317000000000,8316990000000,8316980000000,8316960000000,697500000,15900000,200000,100000,200000,8317020000000,8317030000000,8317040000000,8317050000000,8317060000000,195100000,200000,1100000,100000,1100000
1791427335,907469586,515,1747767917,D,N,8317010000000,8317000000000,8316990000000,8316980000000,8316960000000,697500000,15900000,200000,100000,200000,8317020000000,8317030000000,8317040000000,8317050000000,8317060000000,195100000,200000,1100000,100000,1100000
1791427336,6439773,516,1747767917,D,N,8317010000000,8317000000000,8316990000000,8316980000000,8316960000000,627500000,15900000,200000,100000,200000,8317020000000,8317030000000,8317040000000,8317050000000,8317060000000,311700000,6300000,1100000,100000,1100000
1791427336,102305556,517,1747767917,D,N,8317010000000,8317000000000,8316990000000,8316980000000,8316960000000,627500000,15900000,200000,100000,200000,8317020000000,8317030000000,8317040000000,8317050000000,8317060000000,311800000,6300000,1100000,100000,1100000
1791427336,197457658,518,1747767917,D,N,8317010000000,8317000000000,8316990000000,8316980000000,8316960000000,660900000,15900000,200000,100000,200000,8317020000000,8317030000000,8317040000000,8317050000000,8317060000000,306400000,6300000,1100000,100000,1100000
1791427336,293139167,519,1747767917,D,N,8317010000000,8317000000000,8316990000000,8316980000000,8316960000000,661200000,15900000,200000,100000,200000,8317020000000,8317030000000,8317040000000,8317050000000,8317060000000,245600000,6300000,1100000,100000,1100000
1791427336,390085472,520,1747767917,D,N,8317010000000,8317000000000,8316990000000,8316980000000,8316960000000,661000000,15900000,200000,100000,200000,8317020000000,8317030000000,8317040000000,8317050000000,8317060000000,245600000,6300000,1100000,100000,1100000
1791427336,486136193,521,1747767917,D,N,8317010000000,8317000000000,8316990000000,8316980000000,8316960000000,661000000,22000000,200000,100000,200000,8317020000000,8317030000000,8317040000000,8317050000000,8317060000000,237700000,200000,1100000,100000,1100000
1791427336,487891911,522,1747767917,S,N,8317010000000,8317000000000,8316990000000,8316980000000,8316960000000,661000000,22000000,200000,100000,200000,8317020000000,8317030000000,8317040000000,8317050000000,8317060000000,237700000,200000,1100000,100000,1100000
1791427336,587995936,523,1747767917,D,N,8317010000000,8317000000000,8316990000000,8316980000000,8316960000000,661700000,22000000,200000,100000,200000,8317020000000,8317030000000,8317040000000,8317050000000,8317060000000,233700000,200000,1100000,100000,1100000
1791427336,594682936,524,1747767917,S,N,8317010000000,8317000000000,8316990000000,8316980000000,8316960000000,661700000,22000000,200000,100000,200000,8317020000000,8317030000000,8317040000000,8317050000000,8317060000000,233700000,200000,1100000,100000,1100000
1791427336,689005836,525,1747767917,D,N,8317010000000,8317000000000,8316990000000,8316980000000,8316960000000,661700000,22000000,200000,100000,200000,8317020000000,8317030000000,8317040000000,8317050000000,8317060000000,233700000,200000,1100000,100000,1100000
1791427336,791349736,526,1747767917,D,N,8317010000000,8317000000000,8316990000000,8316980000000,8316960000000,661700000,22000000,200000,100000,200000,8317020000000,8317030000000,8317040000000,8317050000000,8317060000000,142700000,200000,1100000,100000,1100000
1791427336,893715636,527,1747767917,D,N,8317010000000,8317000000000,8316990000000,8316980000000,8316960000000,666500000,22000000,200000,100000,200000,8317020000000,8317030000000,8317040000000,8317050000000,8317060000000,142700000,200000,1100000,100000,1100000
1791427336,995968636,528,1747767917,D,N,8317010000000,8317000000000,8316990000000,8316980000000,8316960000000,743000000,22000000,200000,100000,200000,8317020000000,8317030000000,8317040000000,8317050000000,8317060000000,43600000,100000,1100000,100000,1100000
1791427337,99236836,529,1747767917,D,N,8317010000000,8317000000000,8316990000000,8316980000000,8316960000000,767400000,22000000,200000,100000,200000,8317020000000,8317030000000,8317040000000,8317050000000,8317060000000,7800000,100000,1100000,100000,1100000
1791427337,199534936,530,1747767917,D,N,8317010000000,8317000000000,8316990000000,8316980000000,8316960000000,731200000,24500000,200000,100000,200000,8317020000000,8317030000000,8317040000000,8317050000000,8317060000000,7800000,100000,100000,100000,1100000
1791427337,302514036,531,1747767917,D,N,8317010000000,8317000000000,8316990000000,8316980000000,8316960000000,837200000,24500000,200000,100000,200000,8317020000000,8317030000000,8317040000000,8317050000000,8317060000000,6800000,100000,100000,100000,1100000
1791427337,408109236,532,1747767917,D,N,8317140000000,8317130000000,8317110000000,8317020000000,8317010000000,1603300000,6300000,100000,1400000,115900000,8317150000000,8317170000000,8317210000000,8317230000000,8317260000000,25200000,200000,18900000,300000,400000
1791427337,504594436,533,1747767917,D,N,8317140000000,8317130000000,8317120000000,8317110000000,8317020000000,1591900000,6400000,100000,100000,1400000,8317150000000,8317170000000,8317210000000,8317230000000,8317260000000,26100000,200000,18900000,300000,400000
1791427337,609513436,534,1747767917,D,N,8317140000000,8317130000000,8317120000000,8317110000000,8317020000000,1597900000,6400000,100000,100000,1400000,8317150000000,8317160000000,8317170000000,8317210000000,8317230000000,26100000,100000,200000,18900000,300000
1791427337,714441236,535,1747767917,D,N,8317140000000,8317130000000,8317120000000,8317110000000,8317070000000,1422000000,6400000,100000,100000,200000,8317150000000,8317160000000,8317170000000,8317210000000,8317230000000,26100000,100000,200000,18900000,300000
1791427337,810850236,536,1747767917,D,N,8317140000000,8317130000000,8317120000000,8317110000000,8317070000000,1466000000,6400000,100000,100000,200000,8317150000000,8317160000000,8317170000000,8317210000000,8317230000000,26200000,100000,200000,18900000,300000
1791427337,917339236,537,1747767917,D,N,8317140000000,8317130000000,8317120000000,8317110000000,8317070000000,1136900000,4200000,100000,100000,300000,8317150000000,8317160000000,8317170000000,8317210000000,8317230000000,195300000,200000,200000,18900000,2800000
1791427338,19436437,538,1747767917,D,N,8317140000000,8317130000000,8317120000000,8317110000000,8317070000000,929400000,4200000,100000,100000,300000,8317150000000,8317160000000,8317170000000,8317180000000,8317210000000,207700000,200000,200000,2500000,18900000
1791427338,119117737,539,1747767917,D,N,8317140000000,8317130000000,8317120000000,8317110000000,8317070000000,785400000,4200000,100000,100000,300000,8317150000000,8317160000000,8317170000000,8317180000000,8317200000000,261100000,200000,200000,2500000,400000
1791427338,222531137,540,1747767917,D,N,8317140000000,8317130000000,8317120000000,8317110000000,8317070000000,786900000,4200000,100000,100000,300000,8317150000000,8317160000000,8317170000000,8317180000000,8317210000000,245500000,200000,200000,2500000,18900000
1791427338,321602537,541,1747767917,D,N,8317140000000,8317130000000,8317120000000,8317110000000,8317100000000,517300000,15500000,100000,100000,6000000,8317150000000,8317160000000,8317170000000,8317180000000,8317200000000,320500000,30600000,200000,2500000,29000000
1791427338,424148237,542,1747767917,D,N,8317140000000,8317130000000,8317120000000,8317110000000,8317100000000,563500000,15500000,100000,100000,6000000,8317150000000,8317160000000,8317170000000,8317180000000,8317200000000,249900000,30300000,200000,2500000,29000000
1791427338,476194337,543,1747767917,S,N,8317140000000,8317130000000,8317120000000,8317110000000,8317100000000,563500000,15500000,100000,100000,6000000,8317150000000,8317160000000,8317170000000,8317180000000,8317200000000,249900000,30300000,200000,2500000,29000000
1791427338,530373037,544,1747767917,D,N,8317140000000,8317130000000,8317120000000,8317110000000,8317100000000,565600000,15500000,100000,100000,6000000,8317150000000,8317160000000,8317170000000,8317180000000,8317200000000,249900000,30300000,200000,2500000,29000000
1791427338,601038037,545,1747767917,S,N,8317140000000,8317130000000,8317120000000,8317110000000,8317100000000,565600000,15500000,100000,100000,6000000,8317150000000,8317160000000,8317170000000,8317180000000,8317200000000,249900000,30300000,200000,2500000,29000000
1791427338,628465737,546,1747767917,D,N,8317140000000,8317130000000,8317120000000,8317110000000,8317100000000,565600000,15500000,100000,100000,6100000,8317150000000,8317160000000,8317170000000,8317180000000,8317200000000,249900000,30300000,200000,2500000,29000000
1791427338,733846437,547,1747767917,D,N,8317140000000,8317130000000,8317120000000,8317110000000,8317100000000,564100000,15500000,100000,100000,6000000,8317150000000,8317160000000,8317170000000,8317180000000,8317200000000,249900000,30300000,200000,2500000,29000000
1791427338,835727337,548,1747767917,D,N,8317140000000,8317130000000,8317120000000,8317110000000,8317100000000,566100000,15500000,100000,100000,6000000,8317150000000,8317160000000,8317170000000,8317180000000,8317200000000,203800000,30300000,200000,2500000,29000000
1791427338,886207437,549,1747767917,S,N,8317140000000,8317130000000,8317120000000,8317110000000,8317100000000,566100000,15500000,100000,100000,6000000,8317150000000,8317160000000,8317170000000,8317180000000,8317200000000,203800000,30300000,200000,2500000,29000000
1791427338,934897737,550,1747767917,D,N,8317140000000,8317130000000,8317120000000,8317110000000,8317100000000,566100000,15500000,100000,100000,6100000,8317150000000,8317160000000,8317170000000,8317180000000,8317200000000,203800000,30300000,200000,2500000,29000000
1791427339,32228637,551,1747767917,S,N,8317140000000,8317130000000,8317120000000,8317110000000,8317100000000,566100000,15500000,100000,100000,6100000,8317150000000,8317160000000,8317170000000,8317180000000,8317200000000,203800000,30300000,200000,2500000,29000000
1791427339,41175437,552,1747767917,D,N,8317140000000,8317130000000,8317120000000,8317110000000,8317100000000,567100000,15500000,100000,100000,8000000,8317150000000,8317160000000,8317170000000,8317180000000,8317200000000,199800000,30300000,200000,2500000,29000000
1791427339,83345937,553,1747767917,S,N,8317140000000,8317130000000,8317120000000,8317110000000,8317100000000,567100000,15500000,100000,100000,8000000,8317150000000,8317160000000,8317170000000,8317180000000,8317200000000,199800000,30300000,200000,2500000,29000000
1791427339,142613037,554,1747767917,D,N,8317140000000,8317130000000,8317120000000,8317110000000,8317100000000,567100000,15500000,100000,100000,8000000,8317150000000,8317160000000,8317170000000,8317180000000,8317200000000,193700000,30300000,200000,2500000,29000000
1791427339,242248537,555,1747767917,D,N,8317140000000,8317130000000,8317120000000,8317110000000,8317100000000,666900000,15600000,100000,100000,8000000,8317150000000,8317160000000,8317170000000,8317180000000,8317200000000,199900000,30300000,200000,2500000,29000000
1791427339,341298237,556,1747767917,D,N,8317140000000,8317130000000,8317120000000,8317110000000,8317100000000,667100000,15600000,100000,100000,8000000,8317150000000,8317160000000,8317170000000,8317180000000,8317200000000,208300000,30300000,200000,2500000,29000000
1791427339,452081337,557,1747767917,D,N,8317140000000,8317130000000,8317120000000,8317110000000,8317100000000,666600000,15600000,100000,100000,8000000,8317150000000,8317160000000,8317170000000,8317180000000,8317200000000,204300000,30300000,200000,2500000,29000000
1791427339,547839537,558,1747767917,D,N,8317140000000,8317130000000,8317120000000,8317110000000,8317100000000,683500000,15600000,100000,100000,8000000,8317150000000,8317160000000,8317170000000,8317180000000,8317200000000,197900000,30300000,200000,2500000,29000000
1791427339,645935738,559,1747767917,D,N,8317140000000,8317130000000,8317120000000,8317110000000,8317100000000,666600000,15600000,100000,100000,8000000,8317150000000,8317160000000,8317170000000,8317180000000,8317200000000,199800000,30300000,200000,2500000,29000000
1791427339,648084938,560,1747767917,S,N,8317140000000,8317130000000,8317120000000,8317110000000,8317100000000,666600000,15600000,100000,100000,8000000,8317150000000,8317160000000,8317170000000,8317180000000,8317200000000,199800000,30300000,200000,2500000,29000000
1791427339,760804538,561,1747767917,D,N,8317140000000,8317130000000,8317120000000,8317110000000,8317100000000,668300000,15600000,100000,100000,8000000,8317150000000,8317160000000,8317170000000,8317180000000,8317200000000,199900000,30300000,200000,2500000,29000000
1791427339,763071638,562,1747767917,S,N,8317140000000,8317130000000,8317120000000,8317110000000,8317100000000,668300000,15600000,100000,100000,8000000,8317150000000,8317160000000,8317170000000,8317180000000,8317200000000,199900000,30300000,200000,2500000,29000000
1791427339,855313038,563,1747767917,D,N,8317140000000,8317130000000,8317120000000,8317110000000,8317100000000,668700000,15600000,100000,100000,8000000,8317150000000,8317160000000,8317170000000,8317180000000,8317200000000,104400000,30200000,200000,2500000,29000000
1791427339,857273038,564,1747767917,S,N,8317140000000,8317130000000,8317120000000,8317110000000,8317100000000,668700000,15600000,100000,100000,8000000,8317150000000,8317160000000,8317170000000,8317180000000,8317200000000,104400000,30200000,200000,2500000,29000000
1791427339,956131038,565,1747767917,D,N,8317140000000,8317130000000,8317120000000,8317110000000,8317100000000,668700000,15600000,100000,100000,8000000,8317150000000,8317160000000,8317170000000,8317210000000,8317230000000,98000000,30200000,200000,18900000,300000
1791427339,958298738,566,1747767917,S,N,8317140000000,8317130000000,8317120000000,8317110000000,8317100000000,668700000,15600000,100000,100000,8000000,8317150000000,8317160000000,8317170000000,8317210000000,8317230000000,98000000,30200000,200000,18900000,300000
1791427340,54692938,567,1747767917,D,N,8317140000000,8317130000000,8317120000000,8317110000000,8317100000000,668900000,15600000,100000,100000,12100000,8317150000000,8317160000000,8317170000000,8317210000000,8317230000000,97900000,30200000,200000,18900000,300000
1791427340,56728138,568,1747767917,S,N,8317140000000,8317130000000,8317120000000,8317110000000,8317100000000,668900000,15600000,100000,100000,12100000,8317150000000,8317160000000,8317170000000,8317210000000,8317230000000,97900000,30200000,200000,18900000,300000
1791427340,156061138,569,1747767917,D,N,8317140000000,8317130000000,8317120000000,8317110000000,8317100000000,663500000,15600000,100000,6200000,12100000,8317150000000,8317160000000,8317170000000,8317210000000,8317230000000,97900000,30200000,200000,18900000,300000
1791427340,258365438,570,1747767917,D,N,8317140000000,8317130000000,8317120000000,8317110000000,8317100000000,663500000,15600000,100000,100000,12100000,8317150000000,8317160000000,8317170000000,8317210000000,8317230000000,139900000,30300000,200000,18900000,300000
1791427340,262461538,571,1747767917,S,N,8317140000000,8317130000000,8317120000000,8317110000000,8317100000000,663500000,15600000,100000,100000,12100000,8317150000000,8317160000000,8317170000000,8317210000000,8317230000000,139900000,30300000,200000,18900000,300000
1791427340,365943738,572,1747767917,D,N,8317140000000,8317130000000,8317120000000,8317110000000,8317100000000,663500000,15600000,100000,6200000,12100000,8317150000000,8317160000000,8317170000000,8317210000000,8317230000000,100200000,30200000,200000,18900000,300000
1791427340,369245638,573,1747767917,S,N,8317140000000,8317130000000,8317120000000,8317110000000,8317100000000,663500000,15600000,100000,6200000,12100000,8317150000000,8317160000000,8317170000000,8317210000000,8317230000000,100200000,30200000,200000,18900000,300000
1791427340,462988838,574,1747767917,D,N,8317140000000,8317130000000,8317120000000,8317110000000,8317100000000,663500000,15600000,100000,6200000,12100000,8317150000000,8317160000000,8317170000000,8317210000000,8317230000000,55300000,30200000,200000,18900000,300000
1791427340,467266738,575,1747767917,S,N,8317140000000,8317130000000,8317120000000,8317110000000,8317100000000,663500000,15600000,100000,6200000,12100000,8317150000000,8317160000000,8317170000000,8317210000000,8317230000000,55300000,30200000,200000,18900000,300000
1791427340,590114538,576,1747767917,D,N,8317640000000,8317620000000,8317590000000,8317580000000,8317560000000,245900000,522300000,21100000,1114600000,3000000,8317650000000,8317660000000,8317670000000,8317680000000,8317710000000,200000,300000,300000,400000,100000
1791427340,697442638,577,1747767917,D,N,8317930000000,8317920000000,8317910000000,8317900000000,8317870000000,1230700000,55400000,1400000,100000,100000,8317940000000,8317950000000,8317960000000,8317970000000,8318000000000,20700000,100000,100000,100000,200000
1791427340,703212438,578,1747767917,S,N,8317930000000,8317920000000,8317910000000,8317900000000,8317870000000,1230700000,55400000,1400000,100000,100000,8317940000000,8317950000000,8317960000000,8317970000000,8318000000000,20700000,100000,100000,100000,200000
1791427340,769672638,579,1747767917,D,N,8317930000000,8317920000000,8317910000000,8317900000000,8317870000000,1318300000,55400000,1400000,100000,100000,8317940000000,8317950000000,8317960000000,8317970000000,8318000000000,33300000,200000,100000,100000,200000
1791427340,771477938,580,1747767917,S,N,8317930000000,8317920000000,8317910000000,8317900000000,8317870000000,1318300000,55400000,1400000,100000,100000,8317940000000,8317950000000,8317960000000,8317970000000,8318000000000,33300000,200000,100000,100000,200000
1791427340,871601838,581,1747767917,D,N,8317930000000,8317920000000,8317910000000,8317900000000,8317870000000,1087400000,6600000,1400000,100000,200000,8317940000000,8317950000000,8317960000000,8317970000000,8318000000000,247400000,200000,100000,100000,200000
1791427340,874546738,582,1747767917,S,N,8317930000000,8317920000000,8317910000000,8317900000000,8317870000000,1087400000,6600000,1400000,100000,200000,8317940000000,8317950000000,8317960000000,8317970000000,8318000000000,247400000,200000,100000,100000,200000
1791427340,974860338,583,1747767917,D,N,8317930000000,8317920000000,8317910000000,8317900000000,8317870000000,1070000000,17900000,1600000,100000,200000,8317940000000,8317950000000,8317960000000,8317970000000,8318000000000,322200000,200000,100000,100000,200000
1791427340,977073738,584,1747767917,S,N,8317930000000,8317920000000,8317910000000,8317900000000,8317870000000,1070000000,17900000,1600000,100000,200000,8317940000000,8317950000000,8317960000000,8317970000000,8318000000000,322200000,200000,100000,100000,200000
1791427341,88404239,585,1747767917,D,N,8317930000000,8317920000000,8317910000000,8317900000000,8317870000000,937200000,15800000,1600000,100000,200000,8317940000000,8317950000000,8317960000000,8317970000000,8317990000000,327700000,200000,100000,100000,234100000
1791427341,89942539,586,1747767917,S,N,8317930000000,8317920000000,8317910000000,8317900000000,8317870000000,937200000,15800000,1600000,100000,200000,8317940000000,8317950000000,8317960000000,8317970000000,8317990000000,327700000,200000,100000,100000,234100000
1791427341,351805955,587,1747767917,D,N,8317930000000,8317920000000,8317910000000,8317900000000,8317870000000,937400000,15800000,1600000,100000,200000,8317940000000,8317950000000,8317960000000,8317970000000,8317990000000,329000000,200000,100000,100000,234100000
1791427341,352920463,588,1747767917,S,N,8317930000000,8317920000000,8317910000000,8317900000000,8317870000000,937400000,15800000,1600000,100000,200000,8317940000000,8317950000000,8317960000000,8317970000000,8317990000000,329000000,200000,100000,100000,234100000
1791427341,354416688,589,1747767917,D,N,8317930000000,8317920000000,8317910000000,8317870000000,8317820000000,116400000,15400000,800000,200000,200000,8317940000000,8317950000000,8317960000000,8317970000000,8317980000000,961900000,200000,200000,100000,114300000
1791427341,356147055,590,1747767917,S,N,8317930000000,8317920000000,8317910000000,8317870000000,8317820000000,116400000,15400000,800000,200000,200000,8317940000000,8317950000000,8317960000000,8317970000000,8317980000000,961900000,200000,200000,100000,114300000
1791427341,359662333,591,1747767917,D,N,8317930000000,8317920000000,8317910000000,8317870000000,8317820000000,116400000,15400000,1000000,200000,200000,8317940000000,8317950000000,8317960000000,8317970000000,8317980000000,1004400000,200000,200000,100000,114300000
1791427341,369070679,592,1747767917,S,N,8317930000000,8317920000000,8317910000000,8317870000000,8317820000000,116400000,15400000,1000000,200000,200000,8317940000000,8317950000000,8317960000000,8317970000000,8317980000000,1004400000,200000,200000,100000,114300000
1791427341,458988852,593,1747767917,D,N,8317930000000,8317920000000,8317910000000,8317870000000,8317820000000,116400000,15400000,1000000,200000,200000,8317940000000,8317950000000,8317960000000,8317970000000,8317980000000,1004400000,200000,200000,100000,114300000
1791427341,548853034,594,1747767917,D,N,8317930000000,8317920000000,8317910000000,8317870000000,8317820000000,116500000,15400000,1000000,200000,200000,8317940000000,8317950000000,8317960000000,8317970000000,8317980000000,1004700000,200000,200000,100000,114300000
1791427341,642273749,595,1747767917,D,N,8317930000000,8317920000000,8317910000000,8317870000000,8317820000000,117000000,15400000,500000,200000,200000,8317940000000,8317950000000,8317960000000,8317970000000,8317980000000,1005300000,200000,200000,100000,114300000
1791427341,738237824,596,1747767917,D,N,8317930000000,8317920000000,8317910000000,8317870000000,8317820000000,117000000,15400000,500000,200000,200000,8317940000000,8317950000000,8317960000000,8317970000000,8317980000000,1005400000,200000,200000,3700000,114300000
1791427341,836809309,597,1747767917,D,N,8317930000000,8317920000000,8317910000000,8317870000000,8317820000000,117400000,15400000,500000,200000,200000,8317940000000,8317950000000,8317960000000,8317970000000,8317980000000,1005700000,200000,200000,3700000,114300000
1791427341,924922082,598,1747767917,D,N,8317930000000,8317920000000,8317910000000,8317870000000,8317820000000,117400000,15400000,500000,200000,200000,8317940000000,8317950000000,8317960000000,8317970000000,8317980000000,1005700000,200000,200000,3700000,114500000
1791427342,20506656,599,1747767917,D,N,8317930000000,8317920000000,8317910000000,8317870000000,8317820000000,111700000,15400000,500000,200000,200000,8317940000000,8317950000000,8317960000000,8317970000000,8317980000000,1005000000,200000,200000,3700000,114500000
1791427342,112509963,600,1747767917,D,N,8317930000000,8317920000000,8317910000000,8317870000000,8317820000000,111700000,15400000,500000,200000,200000,8317940000000,8317950000000,8317960000000,8317970000000,8317980000000,1004600000,200000,200000,3700000,114500000
1791427342,210673705,601,1747767917,D,N,8317930000000,8317920000000,8317910000000,8317870000000,8317820000000,111700000,15400000,500000,200000,200000,8317940000000,8317950000000,8317960000000,8317970000000,8317980000000,1008700000,200000,200000,3700000,114900000
1791427342,308730390,602,1747767917,D,N,8317930000000,8317920000000,8317910000000,8317870000000,8317820000000,111700000,15400000,500000,200000,200000,8317940000000,8317950000000,8317960000000,8317970000000,8317980000000,1008700000,200000,200000,3700000,114900000
1791427342,397621731,603,1747767917,D,N,8317930000000,8317920000000,8317910000000,8317870000000,8317820000000,111700000,15400000,500000,200000,200000,8317940000000,8317950000000,8317960000000,8317970000000,8317980000000,1008700000,200000,200000,3700000,114900000
1791427342,489761999,604,1747767917,D,N,8317930000000,8317920000000,8317910000000,8317870000000,8317820000000,111700000,15400000,500000,200000,200000,8317940000000,8317950000000,8317960000000,8317970000000,8317980000000,1008700000,200000,200000,3700000,114900000
1791427342,584725268,605,1747767917,D,N,8317930000000,8317920000000,8317910000000,8317870000000,8317820000000,111700000,15400000,500000,200000,200000,8317940000000,8317950000000,8317960000000,8317970000000,8317980000000,1008700000,200000,200000,3700000,114900000
1791427342,677135949,606,1747767917,D,N,8317930000000,8317920000000,8317910000000,8317870000000,8317820000000,111700000,15400000,500000,200000,200000,8317940000000,8317950000000,8317960000000,8317970000000,8317980000000,1008700000,200000,200000,3700000,114900000
1791427342,772798139,607,1747767917,D,N,8317930000000,8317920000000,8317910000000,8317870000000,8317820000000,111500000,15400000,500000,200000,200000,8317940000000,8317950000000,8317960000000,8317970000000,8317980000000,984800000,200000,200000,3700000,114500000
1791427342,859334302,608,1747767917,S,N,8317930000000,8317920000000,8317910000000,8317870000000,8317820000000,111500000,15400000,500000,200000,200000,8317940000000,8317950000000,8317960000000,8317970000000,8317980000000,984800000,200000,200000,3700000,114500000
1791427342,865557865,609,1747767917,D,N,8317930000000,8317920000000,8317910000000,8317870000000,8317820000000,112400000,15400000,500000,200000,200000,8317940000000,8317950000000,8317960000000,8317970000000,8317980000000,984900000,200000,200000,3700000,114500000
1791427342,956666317,610,1747767917,S,N,8317930000000,8317920000000,8317910000000,8317870000000,8317820000000,112400000,15400000,500000,200000,200000,8317940000000,8317950000000,8317960000000,8317970000000,8317980000000,984900000,200000,200000,3700000,114500000
1791427342,959912843,611,1747767917,D,N,8317930000000,8317920000000,8317910000000,8317870000000,8317820000000,112500000,15400000,500000,200000,200000,8317940000000,8317950000000,8317960000000,8317970000000,8317980000000,984900000,200000,200000,3700000,114500000
1791427343,33925095,612,1747767917,S,N,8317930000000,8317920000000,8317910000000,8317870000000,8317820000000,112500000,15400000,500000,200000,200000,8317940000000,8317950000000,8317960000000,8317970000000,8317980000000,984900000,200000,200000,3700000,114500000
1791427343,55370239,613,1747767917,D,N,8317930000000,8317920000000,8317910000000,8317870000000,8317820000000,111200000,15400000,500000,200000,200000,8317940000000,8317950000000,8317960000000,8317970000000,8317980000000,984900000,200000,200000,3700000,114500000
1791427343,148531616,614,1747767917,D,N,8317930000000,8317920000000,8317910000000,8317890000000,8317870000000,111200000,15400000,500000,200000,200000,8317940000000,8317950000000,8317960000000,8317970000000,8317980000000,984900000,200000,200000,3700000,114500000
1791427343,243323409,615,1747767917,D,N,8317930000000,8317920000000,8317910000000,8317890000000,8317870000000,111100000,15400000,500000,200000,200000,8317940000000,8317950000000,8317960000000,8317970000000,8317980000000,984600000,200000,200000,3700000,114500000
1791427343,337725732,616,1747767917,D,N,8317930000000,8317920000000,8317910000000,8317890000000,8317870000000,110900000,15400000,500000,200000,200000,8317940000000,8317950000000,8317960000000,8317970000000,8317980000000,981900000,200000,200000,3700000,114500000
1791427343,431008657,617,1747767917,D,N,8317930000000,8317920000000,8317910000000,8317890000000,8317870000000,111700000,15400000,500000,200000,200000,8317940000000,8317950000000,8317960000000,8317970000000,8317980000000,981900000,200000,200000,3700000,114500000
1791427343,524199290,618,1747767917,D,N,8317930000000,8317920000000,8317910000000,8317890000000,8317870000000,111700000,15400000,500000,200000,200000,8317940000000,8317950000000,8317960000000,8317970000000,8317980000000,981900000,200000,200000,3700000,114500000
1791427343,619212858,619,1747767917,D,N,8317930000000,8317920000000,8317910000000,8317890000000,8317870000000,116500000,15400000,500000,200000,200000,8317940000000,8317950000000,8317960000000,8317970000000,8317980000000,978000000,200000,200000,3700000,114500000
1791427343,714349265,620,1747767917,D,N,8317930000000,8317920000000,8317910000000,8317890000000,8317870000000,131700000,15500000,500000,200000,200000,8317940000000,8317950000000,8317960000000,8317970000000,8317980000000,977900000,200000,200000,3700000,114500000
1791427343,731035877,621,1747767917,S,N,8317930000000,8317920000000,8317910000000,8317890000000,8317870000000,131700000,15500000,500000,200000,200000,8317940000000,8317950000000,8317960000000,8317970000000,8317980000000,977900000,200000,200000,3700000,114500000
1791427343,806900228,622,1747767917,D,N,8317930000000,8317920000000,8317910000000,8317890000000,8317870000000,131900000,15500000,500000,200000,200000,8317940000000,8317950000000,8317960000000,8317970000000,8317980000000,978000000,200000,200000,3700000,114500000
1791427343,830574573,623,1747767917,S,N,8317930000000,8317920000000,8317910000000,8317890000000,8317870000000,131900000,15500000,500000,200000,200000,8317940000000,8317950000000,8317960000000,8317970000000,8317980000000,978000000,200000,200000,3700000,114500000
1791427343,902675383,624,1747767917,D,N,8317930000000,8317920000000,8317910000000,8317890000000,8317870000000,132100000,15500000,500000,200000,200000,8317940000000,8317950000000,8317960000000,8317970000000,8317980000000,978000000,200000,200000,3700000,114500000
1791427343,928270584,625,1747767917,S,N,8317930000000,8317920000000,8317910000000,8317890000000,8317870000000,132100000,15500000,500000,200000,200000,8317940000000,8317950000000,8317960000000,8317970000000,8317980000000,978000000,200000,200000,3700000,114500000
1791427343,998057470,626,1747767917,D,N,8317930000000,8317920000000,8317910000000,8317890000000,8317870000000,132100000,15500000,500000,200000,200000,8317940000000,8317950000000,8317960000000,8317970000000,8317980000000,978000000,200000,200000,3700000,114500000
1791427344,93192770,627,1747767917,D,N,8317140000000,8317120000000,8317110000000,8317100000000,8317070000000,101200000,100000,1300000,12000000,200000,8317150000000,8317160000000,8317170000000,8317180000000,8317200000000,1640600000,300000,242500000,433700000,4400000
1791427344,218854570,628,1747767917,D,N,8317140000000,8317130000000,8317120000000,8317110000000,8317100000000,156200000,300000,200000,100000,12000000,8317150000000,8317160000000,8317170000000,8317180000000,8317230000000,1556000000,1900000,137900000,433800000,30400000
1791427344,286894598,629,1747767917,D,N,8317140000000,8317130000000,8317120000000,8317110000000,8317100000000,206300000,300000,200000,100000,12000000,8317150000000,8317160000000,8317170000000,8317180000000,8317230000000,1509600000,2000000,137900000,433800000,30400000
1791427344,332707117,630,1747767917,S,N,8317140000000,8317130000000,8317120000000,8317110000000,8317100000000,206300000,300000,200000,100000,12000000,8317150000000,8317160000000,8317170000000,8317180000000,8317230000000,1509600000,2000000,137900000,433800000,30400000
1791427344,386711413,631,1747767917,D,N,8317140000000,8317130000000,8317120000000,8317110000000,8317100000000,206300000,300000,200000,100000,12000000,8317150000000,8317160000000,8317170000000,8317180000000,8317230000000,1510200000,2000000,137900000,433800000,30400000
1791427344,487063499,632,1747767917,D,N,8317140000000,8317130000000,8317120000000,8317110000000,8317100000000,156200000,500000,200000,100000,12000000,8317150000000,8317160000000,8317170000000,8317180000000,8317230000000,1511200000,2000000,137900000,433800000,30400000
1791427344,590449218,633,1747767917,D,N,8317140000000,8317130000000,8317120000000,8317110000000,8317100000000,154600000,500000,200000,100000,12000000,8317150000000,8317160000000,8317170000000,8317180000000,8317230000000,1511100000,2000000,137900000,433800000,30400000
1791427344,688778196,634,1747767917,D,N,8317140000000,8317130000000,8317120000000,8317110000000,8317100000000,241800000,500000,200000,100000,12000000,8317150000000,8317160000000,8317170000000,8317180000000,8317230000000,1397700000,500000,137900000,433800000,30500000
1791427344,790344598,635,1747767917,D,N,8317140000000,8317130000000,8317120000000,8317110000000,8317100000000,307500000,500000,200000,100000,12000000,8317150000000,8317160000000,8317170000000,8317180000000,8317230000000,1397700000,500000,137900000,433800000,30500000
1791427344,890828983,636,1747767917,D,N,8317140000000,8317130000000,8317120000000,8317110000000,8317100000000,338000000,500000,200000,100000,12000000,8317150000000,8317160000000,8317170000000,8317180000000,8317230000000,1416900000,2000000,136400000,433800000,30500000
1791427344,993950301,637,1747767917,D,N,8317140000000,8317130000000,8317120000000,8317110000000,8317100000000,372000000,500000,200000,100000,12000000,8317150000000,8317160000000,8317170000000,8317180000000,8317230000000,1401100000,2000000,136400000,433800000,30500000
1791427345,92488465,638,1747767917,D,N,8317140000000,8317130000000,8317120000000,8317110000000,8317100000000,372100000,500000,200000,100000,12000000,8317150000000,8317160000000,8317170000000,8317180000000,8317230000000,1401100000,2200000,136600000,433800000,30500000
1791427345,192537708,639,1747767917,D,N,8317140000000,8317130000000,8317120000000,8317110000000,8317100000000,372100000,500000,200000,100000,12000000,8317150000000,8317160000000,8317170000000,8317180000000,8317230000000,1401100000,2200000,136600000,433800000,30500000
1791427345,315684155,640,1747767917,D,N,8317140000000,8317130000000,8317120000000,8317110000000,8317100000000,372100000,500000,200000,100000,12000000,8317150000000,8317160000000,8317170000000,8317180000000,8317230000000,1401100000,2200000,136600000,433800000,30500000
1791427345,396613172,641,1747767917,D,N,8317140000000,8317130000000,8317120000000,8317110000000,8317100000000,369100000,500000,200000,100000,12000000,8317150000000,8317160000000,8317170000000,8317180000000,8317230000000,1369200000,2200000,136600000,433800000,30300000
1791427345,510356762,642,1747767917,D,N,8317140000000,8317130000000,8317120000000,8317110000000,8317100000000,369100000,500000,200000,100000,6000000,8317150000000,8317160000000,8317170000000,8317180000000,8317230000000,1359400000,2200000,136600000,433800000,30300000
1791427345,514091798,643,1747767917,S,N,8317140000000,8317130000000,8317120000000,8317110000000,8317100000000,369100000,500000,200000,100000,6000000,8317150000000,8317160000000,8317170000000,8317180000000,8317230000000,1359400000,2200000,136600000,433800000,30300000
1791427345,586779708,644,1747767917,D,N,8317140000000,8317130000000,8317120000000,8317110000000,8317100000000,369100000,500000,200000,100000,6000000,8317150000000,8317160000000,8317170000000,8317180000000,8317230000000,1359400000,2200000,136600000,433800000,30300000
1791427345,690519953,645,1747767917,D,N,8317140000000,8317130000000,8317120000000,8317110000000,8317100000000,369100000,500000,200000,100000,6000000,8317150000000,8317160000000,8317170000000,8317180000000,8317230000000,1359300000,2200000,136600000,433800000,30300000
1791427345,786824451,646,1747767917,D,N,8317140000000,8317130000000,8317120000000,8317110000000,8317100000000,369100000,500000,200000,100000,6000000,8317150000000,8317160000000,8317170000000,8317180000000,8317230000000,1359300000,2200000,136600000,433800000,30300000
1791427345,888286309,647,1747767917,D,N,8317140000000,8317130000000,8317120000000,8317110000000,8317100000000,369100000,500000,200000,100000,6000000,8317150000000,8317160000000,8317170000000,8317180000000,8317230000000,1359400000,2200000,136600000,433800000,30300000
1791427345,997501175,648,1747767917,D,N,8317140000000,8317130000000,8317120000000,8317110000000,8317100000000,369100000,500000,200000,100000,6000000,8317150000000,8317160000000,8317170000000,8317180000000,8317230000000,1359400000,2200000,136600000,433800000,30500000
1791427346,86791042,649,1747767917,D,N,8317140000000,8317130000000,8317120000000,8317110000000,8317100000000,369100000,500000,200000,100000,6000000,8317150000000,8317160000000,8317170000000,8317180000000,8317230000000,1359400000,2200000,136600000,433800000,30500000
1791427346,219440280,650,1747767917,D,N,8317140000000,8317130000000,8317120000000,8317110000000,8317100000000,371000000,500000,200000,100000,6000000,8317150000000,8317160000000,8317170000000,8317180000000,8317230000000,1359400000,2200000,136600000,433800000,30500000
1791427346,287001329,651,1747767917,D,N,8317140000000,8317130000000,8317120000000,8317110000000,8317100000000,371000000,500000,200000,100000,6000000,8317150000000,8317160000000,8317170000000,8317180000000,8317230000000,1332200000,2200000,136600000,433800000,6400000
1791427346,380851501,652,1747767917,S,N,8317140000000,8317130000000,8317120000000,8317110000000,8317100000000,371000000,500000,200000,100000,6000000,8317150000000,8317160000000,8317170000000,8317180000000,8317230000000,1332200000,2200000,136600000,433800000,6400000
1791427346,387394900,653,1747767917,D,N,8317140000000,8317130000000,8317120000000,8317110000000,8317100000000,371000000,500000,200000,100000,6000000,8317150000000,8317160000000,8317170000000,8317180000000,8317230000000,1332200000,2200000,136600000,433800000,6400000
1791427346,494733077,654,1747767917,D,N,8317140000000,8317130000000,8317120000000,8317110000000,8317100000000,371000000,500000,200000,100000,6000000,8317150000000,8317160000000,8317170000000,8317180000000,8317230000000,1331700000,2200000,136600000,433800000,6400000
1791427346,587063148,655,1747767917,D,N,8317140000000,8317130000000,8317120000000,8317110000000,8317100000000,373100000,500000,200000,100000,6000000,8317150000000,8317160000000,8317170000000,8317180000000,8317230000000,1332300000,2200000,136600000,433800000,6400000
1791427346,698997622,656,1747767917,D,N,8317140000000,8317130000000,8317120000000,8317110000000,8317100000000,388900000,500000,200000,100000,6000000,8317150000000,8317160000000,8317170000000,8317180000000,8317230000000,1332500000,2200000,136600000,433800000,6400000
1791427346,787199685,657,1747767917,D,N,8317140000000,8317130000000,8317120000000,8317110000000,8317100000000,176200000,500000,200000,100000,6000000,8317150000000,8317160000000,8317170000000,8317180000000,8317230000000,1332500000,2200000,136600000,433800000,6400000
1791427346,895494154,658,1747767917,D,N,8317140000000,8317130000000,8317120000000,8317110000000,8317100000000,327200000,500000,200000,100000,6000000,8317150000000,8317160000000,8317170000000,8317180000000,8317230000000,1326900000,2200000,136600000,433800000,6400000
1791427346,987243153,659,1747767917,D,N,8317140000000,8317130000000,8317120000000,8317110000000,8317100000000,376000000,500000,200000,100000,6000000,8317150000000,8317160000000,8317170000000,8317180000000,8317230000000,1179400000,2200000,136600000,433800000,6400000
1791427346,989654328,660,1747767917,S,N,8317140000000,8317130000000,8317120000000,8317110000000,8317100000000,376000000,500000,200000,100000,6000000,8317150000000,8317160000000,8317170000000,8317180000000,8317230000000,1179400000,2200000,136600000,433800000,6400000
1791427347,89125835,661,1747767917,D,N,8317140000000,8317130000000,8317120000000,8317110000000,8317100000000,376000000,500000,200000,100000,6000000,8317150000000,8317160000000,8317170000000,8317180000000,8317230000000,1178400000,2200000,136600000,433800000,6400000
1791427347,95985807,662,1747767917,S,N,8317140000000,8317130000000,8317120000000,8317110000000,8317100000000,376000000,500000,200000,100000,6000000,8317150000000,8317160000000,8317170000000,8317180000000,8317230000000,1178400000,2200000,136600000,433800000,6400000
1791427347,192778993,663,1747767917,D,N,8317140000000,8317130000000,8317120000000,8317110000000,8317100000000,381900000,500000,200000,100000,6000000,8317150000000,8317160000000,8317170000000,8317180000000,8317230000000,1178400000,2200000,136600000,433800000,6400000
1791427347,198608336,664,1747767917,S,N,8317140000000,8317130000000,8317120000000,8317110000000,8317100000000,381900000,500000,200000,100000,6000000,8317150000000,8317160000000,8317170000000,8317180000000,8317230000000,1178400000,2200000,136600000,433800000,6400000
1791427347,287567410,665,1747767917,D,N,8317140000000,8317130000000,8317120000000,8317110000000,8317100000000,234200000,500000,200000,100000,6000000,8317150000000,8317160000000,8317170000000,8317180000000,8317230000000,1178500000,2200000,136600000,433800000,6400000
1791427347,297744047,666,1747767917,S,N,8317140000000,8317130000000,8317120000000,8317110000000,8317100000000,234200000,500000,200000,100000,6000000,8317150000000,8317160000000,8317170000000,8317180000000,8317230000000,1178500000,2200000,136600000,433800000,6400000
1791427347,400645098,667,1747767917,D,N,8317140000000,8317130000000,8317120000000,8317110000000,8317100000000,234400000,500000,200000,100000,6000000,8317150000000,8317160000000,8317170000000,8317180000000,8317230000000,1178400000,2200000,136600000,433800000,6400000
1791427347,404477715,668,1747767917,S,N,8317140000000,8317130000000,8317120000000,8317110000000,8317100000000,234400000,500000,200000,100000,6000000,8317150000000,8317160000000,8317170000000,8317180000000,8317230000000,1178400000,2200000,136600000,433800000,6400000
1791427347,510566369,669,1747767917,D,N,8317140000000,8317130000000,8317120000000,8317110000000,8317100000000,96600000,400000,200000,100000,6000000,8317150000000,8317160000000,8317170000000,8317180000000,8317200000000,1221400000,3700000,137000000,433800000,400000
1791427347,590844881,670,1747767917,D,N,8317140000000,8317130000000,8317120000000,8317110000000,8317100000000,96600000,400000,200000,100000,6000000,8317150000000,8317160000000,8317170000000,8317180000000,8317200000000,1235400000,3700000,137000000,433800000,400000
1791427347,603447991,671,1747767917,S,N,8317140000000,8317130000000,8317120000000,8317110000000,8317100000000,96600000,400000,200000,100000,6000000,8317150000000,8317160000000,8317170000000,8317180000000,8317200000000,1235400000,3700000,137000000,433800000,400000
1791427347,687846075,672,1747767917,D,N,8317140000000,8317130000000,8317120000000,8317110000000,8317100000000,270300000,500000,200000,100000,6000000,8317150000000,8317160000000,8317170000000,8317180000000,8317230000000,1220400000,2200000,137000000,433800000,6300000
1791427347,802447689,673,1747767917,D,N,8317140000000,8317130000000,8317120000000,8317110000000,8317100000000,300500000,500000,200000,100000,6000000,8317150000000,8317160000000,8317170000000,8317180000000,8317200000000,1220400000,2200000,137000000,433800000,100000
1791427347,887843940,674,1747767917,D,N,8317140000000,8317130000000,8317120000000,8317110000000,8317100000000,243100000,500000,200000,100000,6000000,8317150000000,8317160000000,8317170000000,8317180000000,8317200000000,1220500000,2200000,137000000,433800000,100000
1791427347,990240514,675,1747767917,D,N,8317140000000,8317130000000,8317120000000,8317110000000,8317100000000,243100000,500000,200000,100000,6000000,8317150000000,8317160000000,8317170000000,8317180000000,8317200000000,1223300000,2200000,137000000,433800000,100000
1791427348,96649272,676,1747767917,D,N,8317140000000,8317130000000,8317120000000,8317110000000,8317100000000,296100000,500000,200000,100000,6000000,8317150000000,8317160000000,8317170000000,8317180000000,8317200000000,1223300000,2200000,137000000,433800000,100000
1791427348,119741376,677,1747767917,S,N,8317140000000,8317130000000,8317120000000,8317110000000,8317100000000,296100000,500000,200000,100000,6000000,8317150000000,8317160000000,8317170000000,8317180000000,8317200000000,1223300000,2200000,137000000,433800000,100000
1791427348,193419804,678,1747767917,D,N,8317140000000,8317130000000,8317120000000,8317110000000,8317100000000,243100000,500000,200000,100000,6000000,8317150000000,8317160000000,8317170000000,8317180000000,8317200000000,1223400000,2200000,137000000,433800000,100000
1791427348,297799080,679,1747767917,D,N,8317140000000,8317130000000,8317120000000,8317110000000,8317100000000,305700000,500000,200000,100000,6000000,8317150000000,8317160000000,8317170000000,8317180000000,8317200000000,1223300000,2200000,137000000,433800000,100000
1791427348,318824238,680,1747767917,S,N,8317140000000,8317130000000,8317120000000,8317110000000,8317100000000,305700000,500000,200000,100000,6000000,8317150000000,8317160000000,8317170000000,8317180000000,8317200000000,1223300000,2200000,137000000,433800000,100000
1791427348,387797511,681,1747767917,D,N,8317140000000,8317130000000,8317120000000,8317110000000,8317100000000,305700000,500000,200000,100000,6000000,8317150000000,8317160000000,8317170000000,8317180000000,8317200000000,1223300000,2200000,137000000,433800000,100000
1791427348,502660582,682,1747767917,D,N,8317140000000,8317130000000,8317120000000,8317110000000,8317100000000,97600000,400000,200000,100000,6000000,8317150000000,8317160000000,8317170000000,8317180000000,8317200000000,1251900000,33800000,137000000,433800000,100000
1791427348,588086549,683,1747767917,D,N,8317140000000,8317130000000,8317120000000,8317110000000,8317100000000,97600000,400000,200000,100000,6000000,8317150000000,8317160000000,8317170000000,8317180000000,8317200000000,1248700000,33800000,137000000,433800000,4500000
1791427348,619328946,684,1747767917,S,N,8317140000000,8317130000000,8317120000000,8317110000000,8317100000000,97600000,400000,200000,100000,6000000,8317150000000,8317160000000,8317170000000,8317180000000,8317200000000,1248700000,33800000,137000000,433800000,4500000
1791427348,706359747,685,1747767917,D,N,8317140000000,8317130000000,8317120000000,8317110000000,8317100000000,97500000,400000,200000,100000,6000000,8317150000000,8317160000000,8317170000000,8317180000000,8317200000000,1248700000,34400000,137400000,433800000,100000
1791427348,819821285,686,1747767917,D,N,8317140000000,8317130000000,8317120000000,8317110000000,8317100000000,97500000,400000,200000,100000,6000000,8317150000000,8317160000000,8317170000000,8317180000000,8317200000000,1248100000,33800000,137000000,433800000,100000
1791427348,919881022,687,1747767917,D,N,8316370000000,8316330000000,8316320000000,8316250000000,8316240000000,29000000,300000,200000,100000,200000,8316380000000,8316420000000,8316430000000,8316450000000,8316460000000,1852300000,41600000,160600000,160000000,167200000
1791427349,8636010,688,1747767917,D,N,8316370000000,8316350000000,8316330000000,8316320000000,8316270000000,335100000,6200000,300000,600000,6100000,8316380000000,8316390000000,8316400000000,8316440000000,8316480000000,987600000,42600000,2500000,300000,18400000
1791427349,88164866,689,1747767917,D,N,8316370000000,8316350000000,8316330000000,8316320000000,8316270000000,384300000,6200000,300000,600000,6100000,8316380000000,8316390000000,8316440000000,8316490000000,8316500000000,606600000,30600000,300000,10500000,600000
1791427349,207066717,690,1747767917,D,N,8316370000000,8316360000000,8316350000000,8316330000000,8316320000000,386900000,200000,6200000,300000,600000,8316380000000,8316390000000,8316440000000,8316460000000,8316470000000,540300000,30400000,300000,52400000,267000000
1791427349,289158509,691,1747767917,D,N,8316370000000,8316360000000,8316350000000,8316330000000,8316320000000,442800000,200000,6200000,300000,600000,8316380000000,8316390000000,8316440000000,8316460000000,8316470000000,540400000,30400000,300000,52400000,267000000
1791427349,412176107,692,1747767917,D,N,8316370000000,8316360000000,8316350000000,8316330000000,8316320000000,395000000,200000,100000,300000,600000,8316380000000,8316390000000,8316410000000,8316440000000,8316460000000,540600000,30400000,2500000,6400000,52400000
1791427349,433835940,693,1747767917,S,N,8316370000000,8316360000000,8316350000000,8316330000000,8316320000000,395000000,200000,100000,300000,600000,8316380000000,8316390000000,8316410000000,8316440000000,8316460000000,540600000,30400000,2500000,6400000,52400000
1791427349,515595914,694,1747767917,D,N,8316370000000,8316360000000,8316350000000,8316330000000,8316320000000,395000000,200000,100000,300000,600000,8316380000000,8316390000000,8316410000000,8316440000000,8316460000000,540600000,30400000,2500000,6400000,52400000
1791427349,596055595,695,1747767917,D,N,8316370000000,8316360000000,8316350000000,8316330000000,8316320000000,395000000,200000,100000,300000,600000,8316380000000,8316390000000,8316410000000,8316440000000,8316460000000,540600000,30400000,2500000,6400000,52400000
1791427349,704160497,696,1747767917,D,N,8316370000000,8316360000000,8316350000000,8316330000000,8316320000000,395000000,200000,100000,300000,600000,8316380000000,8316390000000,8316410000000,8316440000000,8316460000000,540500000,30400000,2500000,6400000,52500000
1791427349,792384062,697,1747767917,D,N,8316370000000,8316360000000,8316350000000,8316330000000,8316320000000,335900000,200000,6200000,300000,600000,8316380000000,8316390000000,8316410000000,8316440000000,8316460000000,540500000,30400000,2500000,300000,52500000
1791427349,911815823,698,1747767917,D,N,8316370000000,8316360000000,8316350000000,8316330000000,8316320000000,335300000,200000,100000,300000,600000,8316380000000,8316390000000,8316410000000,8316440000000,8316460000000,546600000,30400000,2500000,300000,52500000
1791427349,994698505,699,1747767917,D,N,8316370000000,8316360000000,8316350000000,8316330000000,8316320000000,390800000,200000,100000,300000,600000,8316380000000,8316390000000,8316410000000,8316440000000,8316460000000,546800000,30400000,2500000,300000,52500000
1791427350,141971419,700,1747767917,D,N,8316370000000,8316360000000,8316350000000,8316330000000,8316320000000,446300000,200000,100000,300000,600000,8316380000000,8316390000000,8316440000000,8316460000000,8316470000000,540700000,30400000,300000,52500000,269700000
1791427350,144291891,701,1747767917,S,N,8316370000000,8316360000000,8316350000000,8316330000000,8316320000000,446300000,200000,100000,300000,600000,8316380000000,8316390000000,8316440000000,8316460000000,8316470000000,540700000,30400000,300000,52500000,269700000
1791427350,188620062,702,1747767917,D,N,8316370000000,8316360000000,8316350000000,8316330000000,8316320000000,341400000,200000,100000,300000,600000,8316380000000,8316390000000,8316440000000,8316460000000,8316470000000,540500000,30400000,300000,52500000,267200000
1791427350,310526333,703,1747767917,D,N,8316370000000,8316360000000,8316350000000,8316330000000,8316320000000,404400000,200000,100000,300000,600000,8316380000000,8316390000000,8316400000000,8316440000000,8316460000000,540500000,30400000,200000,300000,52400000
1791427350,388749331,704,1747767917,D,N,8316370000000,8316360000000,8316350000000,8316330000000,8316320000000,396300000,300000,100000,300000,600000,8316380000000,8316390000000,8316400000000,8316440000000,8316460000000,540100000,30400000,200000,300000,52400000
1791427350,501146974,705,1747767917,D,N,8316370000000,8316360000000,8316350000000,8316330000000,8316320000000,446200000,300000,100000,300000,600000,8316380000000,8316390000000,8316400000000,8316440000000,8316460000000,540100000,30400000,200000,300000,52400000
1791427350,608590791,706,1747767917,D,N,8316370000000,8316360000000,8316350000000,8316330000000,8316320000000,438000000,300000,100000,300000,600000,8316380000000,8316390000000,8316400000000,8316440000000,8316460000000,505000000,30400000,200000,300000,52400000
1791427350,699656298,707,1747767917,D,N,8316370000000,8316360000000,8316350000000,8316330000000,8316320000000,447500000,300000,100000,300000,600000,8316380000000,8316390000000,8316400000000,8316440000000,8316460000000,180100000,30400000,200000,200000,100000
1791427350,820519333,708,1747767917,D,N,8316370000000,8316360000000,8316350000000,8316330000000,8316320000000,391700000,300000,100000,300000,600000,8316380000000,8316390000000,8316400000000,8316440000000,8316460000000,180000000,30400000,200000,200000,100000
1791427350,892821698,709,1747767917,D,N,8316370000000,8316360000000,8316350000000,8316330000000,8316320000000,443100000,300000,100000,300000,600000,8316380000000,8316390000000,8316400000000,8316440000000,8316460000000,181400000,30400000,200000,200000,100000
1791427351,16435627,710,1747767917,D,N,8316370000000,8316360000000,8316350000000,8316330000000,8316320000000,397900000,300000,100000,300000,600000,8316380000000,8316390000000,8316400000000,8316440000000,8316460000000,181400000,30400000,200000,200000,100000
1791427351,90576925,711,1747767917,D,N,8316370000000,8316360000000,8316350000000,8316330000000,8316320000000,391500000,17200000,100000,300000,600000,8316380000000,8316390000000,8316400000000,8316440000000,8316460000000,193400000,30400000,200000,200000,100000
1791427351,213878560,712,1747767917,D,N,8316370000000,8316360000000,8316350000000,8316330000000,8316320000000,454100000,17200000,100000,300000,600000,8316380000000,8316390000000,8316400000000,8316440000000,8316460000000,181400000,30400000,200000,200000,100000
1791427351,292698772,713,1747767917,D,N,8316370000000,8316360000000,8316350000000,8316330000000,8316320000000,391700000,17200000,100000,300000,600000,8316380000000,8316390000000,8316400000000,8316440000000,8316460000000,193300000,30400000,200000,200000,100000
1791427351,403568697,714,1747767917,D,N,8316370000000,8316360000000,8316350000000,8316330000000,8316320000000,446800000,17200000,100000,300000,600000,8316380000000,8316390000000,8316400000000,8316440000000,8316460000000,193400000,30400000,200000,200000,100000
1791427351,527130626,715,1747767917,D,N,8316370000000,8316360000000,8316350000000,8316330000000,8316320000000,391700000,17200000,100000,300000,600000,8316380000000,8316390000000,8316400000000,8316440000000,8316460000000,193200000,30400000,200000,200000,100000
1791427351,594909586,716,1747767917,D,N,8316370000000,8316360000000,8316350000000,8316330000000,8316320000000,344900000,17200000,100000,400000,600000,8316380000000,8316390000000,8316400000000,8316440000000,8316460000000,193200000,30400000,200000,200000,100000
1791427351,718404798,717,1747767917,D,N,8316370000000,8316360000000,8316350000000,8316330000000,8316320000000,447200000,17200000,100000,400000,600000,8316380000000,8316390000000,8316400000000,8316440000000,8316460000000,181200000,30400000,200000,300000,100000
1791427351,795768718,718,1747767917,D,N,8316370000000,8316360000000,8316350000000,8316330000000,8316320000000,344900000,17200000,100000,400000,600000,8316380000000,8316390000000,8316400000000,8316440000000,8316460000000,181200000,30400000,200000,300000,100000
1791427351,923255660,719,1747767917,D,N,8316370000000,8316360000000,8316350000000,8316330000000,8316320000000,450500000,17200000,100000,400000,600000,8316380000000,8316390000000,8316400000000,8316440000000,8316460000000,193300000,30400000,200000,300000,100000
1791427352,3300912,720,1747767917,D,N,8316370000000,8316360000000,8316350000000,8316330000000,8316320000000,342400000,17200000,100000,300000,600000,8316380000000,8316390000000,8316400000000,8316440000000,8316460000000,199200000,30400000,200000,300000,46500000
1791427352,115508805,721,1747767917,D,N,8316370000000,8316360000000,8316350000000,8316330000000,8316320000000,365000000,17200000,100000,300000,600000,8316380000000,8316390000000,8316400000000,8316440000000,8316460000000,308000000,36500000,200000,300000,46500000
1791427352,234018009,722,1747767917,D,N,8316370000000,8316360000000,8316350000000,8316330000000,8316320000000,302700000,17200000,100000,300000,600000,8316380000000,8316390000000,8316400000000,8316440000000,8316460000000,308000000,36500000,200000,300000,46500000
1791427352,297712424,723,1747767917,D,N,8316370000000,8316360000000,8316350000000,8316330000000,8316320000000,297000000,17200000,100000,300000,600000,8316380000000,8316390000000,8316400000000,8316440000000,8316460000000,307200000,36500000,200000,300000,46500000
1791427352,299986586,724,1747767917,S,N,8316370000000,8316360000000,8316350000000,8316330000000,8316320000000,297000000,17200000,100000,300000,600000,8316380000000,8316390000000,8316400000000,8316440000000,8316460000000,307200000,36500000,200000,300000,46500000
1791427352,422768909,725,1747767917,D,N,8316370000000,8316360000000,8316350000000,8316330000000,8316320000000,184400000,17200000,100000,300000,600000,8316380000000,8316390000000,8316400000000,8316430000000,8316440000000,353200000,36500000,200000,100000,300000
1791427352,425006083,726,1747767917,S,N,8316370000000,8316360000000,8316350000000,8316330000000,8316320000000,184400000,17200000,100000,300000,600000,8316380000000,8316390000000,8316400000000,8316430000000,8316440000000,353200000,36500000,200000,100000,300000
1791427352,498477073,727,1747767917,D,N,8316370000000,8316360000000,8316350000000,8316330000000,8316320000000,243400000,17200000,100000,300000,400000,8316380000000,8316390000000,8316400000000,8316430000000,8316440000000,355800000,36500000,200000,2600000,300000
1791427352,869769101,728,1747767917,D,N,8316370000000,8316360000000,8316350000000,8316330000000,8316320000000,148000000,17200000,100000,300000,400000,8316380000000,8316390000000,8316400000000,8316430000000,8316440000000,353300000,36500000,200000,2600000,300000
1791427352,873155768,729,1747767917,S,N,8316370000000,8316360000000,8316350000000,8316330000000,8316320000000,148000000,17200000,100000,300000,400000,8316380000000,8316390000000,8316400000000,8316430000000,8316440000000,353300000,36500000,200000,2600000,300000
1791427352,948600007,730,1747767917,D,N,8316370000000,8316360000000,8316350000000,8316330000000,8316320000000,271500000,17200000,100000,300000,400000,8316380000000,8316390000000,8316400000000,8316430000000,8316440000000,307300000,36500000,200000,100000,400000
1791427352,953282650,731,1747767917,D,N,8316370000000,8316360000000,8316350000000,8316330000000,8316320000000,324700000,17200000,100000,300000,400000,8316380000000,8316390000000,8316400000000,8316430000000,8316440000000,307500000,36500000,200000,100000,400000
1791427352,957257308,732,1747767917,S,N,8316370000000,8316360000000,8316350000000,8316330000000,8316320000000,324700000,17200000,100000,300000,400000,8316380000000,8316390000000,8316400000000,8316430000000,8316440000000,307500000,36500000,200000,100000,400000
1791427352,967887467,733,1747767917,D,N,8316370000000,8316360000000,8316350000000,8316330000000,8316320000000,316800000,17200000,100000,300000,400000,8316380000000,8316390000000,8316400000000,8316430000000,8316440000000,242300000,30400000,200000,100000,400000
1791427352,971659816,734,1747767917,S,N,8316370000000,8316360000000,8316350000000,8316330000000,8316320000000,316800000,17200000,100000,300000,400000,8316380000000,8316390000000,8316400000000,8316430000000,8316440000000,242300000,30400000,200000,100000,400000
1791427353,8994193,735,1747767917,D,N,8316370000000,8316360000000,8316350000000,8316330000000,8316320000000,316800000,17200000,100000,300000,400000,8316380000000,8316390000000,8316400000000,8316430000000,8316440000000,239300000,30400000,200000,100000,400000
1791427353,119986464,736,1747767917,D,N,8316370000000,8316360000000,8316350000000,8316330000000,8316320000000,370100000,17200000,100000,300000,400000,8316380000000,8316390000000,8316400000000,8316430000000,8316440000000,236400000,30400000,200000,100000,400000
1791427353,123578678,737,1747767917,S,N,8316370000000,8316360000000,8316350000000,8316330000000,8316320000000,370100000,17200000,100000,300000,400000,8316380000000,8316390000000,8316400000000,8316430000000,8316440000000,236400000,30400000,200000,100000,400000
1791427353,209316646,738,1747767917,D,N,8316370000000,8316360000000,8316350000000,8316330000000,8316320000000,370100000,17200000,100000,300000,400000,8316380000000,8316390000000,8316400000000,8316430000000,8316440000000,236400000,30400000,200000,100000,400000
1791427353,358353143,739,1747767917,D,N,8316370000000,8316360000000,8316350000000,8316330000000,8316320000000,312600000,17200000,100000,300000,400000,8316380000000,8316390000000,8316400000000,8316430000000,8316440000000,236400000,30400000,200000,100000,400000
1791427353,392788867,740,1747767917,D,N,8316370000000,8316360000000,8316350000000,8316330000000,8316320000000,318900000,17200000,100000,300000,400000,8316380000000,8316390000000,8316400000000,8316430000000,8316440000000,230100000,30400000,200000,100000,400000
1791427353,555641940,741,1747767917,D,N,8316370000000,8316360000000,8316350000000,8316330000000,8316320000000,319100000,17200000,100000,300000,400000,8316380000000,8316390000000,8316400000000,8316440000000,8316460000000,229900000,30400000,200000,400000,46400000
1791427353,596043724,742,1747767917,D,N,8316370000000,8316360000000,8316350000000,8316330000000,8316320000000,319100000,17200000,100000,300000,400000,8316380000000,8316390000000,8316400000000,8316440000000,8316460000000,230100000,30400000,200000,300000,46400000
1791427353,722302978,743,1747767917,D,N,8316370000000,8316360000000,8316350000000,8316330000000,8316320000000,373200000,17200000,100000,300000,400000,8316380000000,8316390000000,8316400000000,8316440000000,8316460000000,230100000,30400000,200000,300000,46500000
1791427353,771138365,744,1747767917,S,N,8316370000000,8316360000000,8316350000000,8316330000000,8316320000000,373200000,17200000,100000,300000,400000,8316380000000,8316390000000,8316400000000,8316440000000,8316460000000,230100000,30400000,200000,300000,46500000
1791427353,804258393,745,1747767917,D,N,8316370000000,8316360000000,8316350000000,8316330000000,8316320000000,319000000,17200000,100000,300000,400000,8316380000000,8316390000000,8316400000000,8316440000000,8316460000000,230100000,30400000,200000,300000,46500000
1791427353,914682688,746,1747767917,D,N,8316370000000,8316360000000,8316350000000,8316330000000,8316320000000,378900000,17200000,100000,300000,400000,8316380000000,8316390000000,8316400000000,8316440000000,8316460000000,231800000,30400000,200000,300000,46500000
1791427354,29355770,747,1747767917,D,N,8316370000000,8316360000000,8316350000000,8316330000000,8316320000000,384100000,17200000,100000,300000,400000,8316380000000,8316390000000,8316400000000,8316440000000,8316460000000,234800000,30400000,200000,300000,46500000
1791427354,104996628,748,1747767917,D,N,8316370000000,8316360000000,8316350000000,8316330000000,8316320000000,384600000,17200000,100000,400000,400000,8316380000000,8316390000000,8316400000000,8316440000000,8316460000000,231800000,30400000,200000,300000,46500000
1791427354,261637377,749,1747767917,D,N,8316370000000,8316360000000,8316350000000,8316340000000,8316330000000,414400000,17200000,100000,400000,400000,8316380000000,8316390000000,8316400000000,8316440000000,8316460000000,95400000,30300000,200000,300000,100000
1791427354,299961617,750,1747767917,D,N,8316370000000,8316360000000,8316350000000,8316340000000,8316330000000,350300000,17200000,100000,400000,400000,8316380000000,8316390000000,8316400000000,8316440000000,8316460000000,86000000,30300000,200000,200000,100000
1791427354,430595242,751,1747767917,D,N,8316370000000,8316360000000,8316350000000,8316340000000,8316330000000,407200000,17200000,100000,400000,400000,8316380000000,8316390000000,8316400000000,8316440000000,8316460000000,86300000,30300000,200000,200000,100000
1791427354,507967305,752,1747767917,D,N,8316370000000,8316360000000,8316350000000,8316330000000,8316320000000,350800000,17200000,100000,400000,400000,8316380000000,8316390000000,8316400000000,8316440000000,8316460000000,86500000,30300000,200000,200000,100000
1791427354,625887144,753,1747767917,D,N,8316370000000,8316360000000,8316350000000,8316330000000,8316320000000,350800000,17200000,100000,400000,500000,8316380000000,8316390000000,8316400000000,8316440000000,8316460000000,86600000,30300000,200000,200000,100000
1791427354,729053427,754,1747767917,D,N,8316380000000,8316370000000,8316360000000,8316350000000,8316330000000,1595500000,75200000,17300000,24200000,400000,8316390000000,8316400000000,8316440000000,8316460000000,8316470000000,32600000,200000,200000,100000,267000000
1791427354,816632977,755,1747767917,D,N,8316380000000,8316370000000,8316360000000,8316350000000,8316330000000,1588600000,75200000,17400000,24100000,400000,8316390000000,8316400000000,8316440000000,8316460000000,8316470000000,32900000,200000,200000,100000,267000000
1791427354,931729024,756,1747767917,D,N,8316460000000,8316450000000,8316440000000,8316420000000,8316380000000,1330400000,8800000,200000,200000,92200000,8316470000000,8316480000000,8316500000000,8316530000000,8316610000000,267300000,30400000,400000,100000,100000
1791427355,6559959,757,1747767917,D,N,8316460000000,8316450000000,8316440000000,8316420000000,8316390000000,1296600000,9100000,200000,200000,100000,8316470000000,8316480000000,8316500000000,8316530000000,8316610000000,267300000,30500000,400000,100000,100000
1791427355,135810680,758,1747767917,D,N,8316460000000,8316450000000,8316440000000,8316420000000,8316390000000,1299000000,9100000,200000,200000,100000,8316470000000,8316480000000,8316500000000,8316530000000,8316610000000,267300000,30500000,400000,100000,100000
1791427355,206393024,759,1747767917,D,N,8316460000000,8316450000000,8316440000000,8316420000000,8316390000000,1299000000,9100000,200000,200000,100000,8316470000000,8316480000000,8316500000000,8316530000000,8316610000000,267300000,30500000,400000,100000,100000
1791427355,336236545,760,1747767917,D,N,8316460000000,8316450000000,8316440000000,8316420000000,8316390000000,1299000000,9100000,200000,200000,100000,8316470000000,8316480000000,8316500000000,8316530000000,8316610000000,267300000,30500000,400000,100000,100000
1791427355,338728322,761,1747767917,S,N,8316460000000,8316450000000,8316440000000,8316420000000,8316390000000,1299000000,9100000,200000,200000,100000,8316470000000,8316480000000,8316500000000,8316530000000,8316610000000,267300000,30500000,400000,100000,100000
1791427355,437664264,762,1747767917,D,N,8316460000000,8316450000000,8316440000000,8316420000000,8316390000000,1333500000,9100000,200000,200000,100000,8316470000000,8316480000000,8316500000000,8316530000000,8316610000000,239900000,30500000,400000,100000,100000
1791427355,528506368,763,1747767917,D,N,8316460000000,8316450000000,8316440000000,8316420000000,8316390000000,1299300000,9100000,200000,200000,100000,8316470000000,8316480000000,8316500000000,8316530000000,8316610000000,239900000,30500000,400000,100000,100000
1791427355,592695665,764,1747767917,D,N,8316460000000,8316450000000,8316440000000,8316420000000,8316390000000,1299300000,9100000,200000,200000,100000,8316470000000,8316480000000,8316500000000,8316530000000,8316610000000,239900000,30500000,400000,100000,100000
1791427355,692161712,765,1747767917,D,N,8316460000000,8316450000000,8316440000000,8316420000000,8316390000000,1298900000,9100000,200000,200000,100000,8316470000000,8316480000000,8316500000000,8316530000000,8316610000000,240600000,30500000,400000,100000,100000
1791427355,719763861,766,1747767917,S,N,8316460000000,8316450000000,8316440000000,8316420000000,8316390000000,1298900000,9100000,200000,200000,100000,8316470000000,8316480000000,8316500000000,8316530000000,8316610000000,240600000,30500000,400000,100000,100000
1791427355,792628708,767,1747767917,D,N,8316460000000,8316450000000,8316440000000,8316420000000,8316390000000,1343300000,9100000,200000,200000,100000,8316470000000,8316480000000,8316500000000,8316530000000,8316610000000,240500000,30500000,400000,100000,100000
1791427355,842064645,768,1747767917,S,N,8316460000000,8316450000000,8316440000000,8316420000000,8316390000000,1343300000,9100000,200000,200000,100000,8316470000000,8316480000000,8316500000000,8316530000000,8316610000000,240500000,30500000,400000,100000,100000
1791427355,892929893,769,1747767917,D,N,8316460000000,8316450000000,8316440000000,8316420000000,8316390000000,1344700000,9100000,200000,200000,100000,8316470000000,8316480000000,8316500000000,8316530000000,8316610000000,240500000,30500000,400000,100000,100000
1791427355,915662691,770,1747767917,S,N,8316460000000,8316450000000,8316440000000,8316420000000,8316390000000,1344700000,9100000,200000,200000,100000,8316470000000,8316480000000,8316500000000,8316530000000,8316610000000,240500000,30500000,400000,100000,100000
1791427355,992968724,771,1747767917,D,N,8316460000000,8316450000000,8316440000000,8316420000000,8316390000000,1344700000,9100000,200000,200000,100000,8316470000000,8316480000000,8316500000000,8316530000000,8316610000000,240600000,30500000,400000,100000,100000
1791427356,93000392,772,1747767917,D,N,8316460000000,8316450000000,8316440000000,8316420000000,8316390000000,1344900000,9100000,200000,200000,100000,8316470000000,8316480000000,8316500000000,8316530000000,8316610000000,240600000,30500000,400000,100000,100000
1791427356,192836423,773,1747767917,D,N,8316460000000,8316450000000,8316440000000,8316420000000,8316390000000,1344800000,9100000,200000,200000,100000,8316470000000,8316480000000,8316500000000,8316530000000,8316610000000,237900000,30500000,400000,100000,100000
1791427356,263184179,774,1747767917,S,N,8316460000000,8316450000000,8316440000000,8316420000000,8316390000000,1344800000,9100000,200000,200000,100000,8316470000000,8316480000000,8316500000000,8316530000000,8316610000000,237900000,30500000,400000,100000,100000
1791427356,292813148,775,1747767917,D,N,8316460000000,8316450000000,8316440000000,8316420000000,8316390000000,1344800000,9100000,200000,200000,100000,8316470000000,8316480000000,8316500000000,8316530000000,8316610000000,238000000,30500000,400000,100000,100000
1791427356,393247277,776,1747767917,D,N,8316460000000,8316450000000,8316440000000,8316420000000,8316390000000,1345100000,9100000,200000,200000,100000,8316470000000,8316480000000,8316500000000,8316530000000,8316610000000,230000000,30500000,400000,100000,100000
1791427356,444685898,777,1747767917,S,N,8316460000000,8316450000000,8316440000000,8316420000000,8316390000000,1345100000,9100000,200000,200000,100000,8316470000000,8316480000000,8316500000000,8316530000000,8316610000000,230000000,30500000,400000,100000,100000
1791427356,493110779,778,1747767917,D,N,8316460000000,8316450000000,8316440000000,8316420000000,8316390000000,1345100000,9100000,200000,200000,100000,8316470000000,8316480000000,8316500000000,8316530000000,8316610000000,230000000,30500000,400000,100000,100000
1791427356,594160567,779,1747767917,D,N,8316460000000,8316450000000,8316440000000,8316420000000,8316390000000,1345300000,9100000,200000,200000,100000,8316470000000,8316480000000,8316500000000,8316530000000,8316610000000,230100000,30500000,400000,100000,100000
1791427356,693811164,780,1747767917,D,N,8316460000000,8316450000000,8316440000000,8316420000000,8316390000000,1345200000,9100000,200000,200000,100000,8316470000000,8316480000000,8316500000000,8316530000000,8316610000000,230300000,30500000,400000,100000,100000
1791427356,795053548,781,1747767917,D,N,8316460000000,8316450000000,8316440000000,8316420000000,8316390000000,1345200000,9100000,200000,200000,100000,8316470000000,8316480000000,8316500000000,8316530000000,8316610000000,248100000,30500000,400000,100000,100000
1791427356,895021639,782,1747767917,D,N,8316460000000,8316450000000,8316440000000,8316420000000,8316390000000,1345200000,9100000,200000,200000,100000,8316470000000,8316480000000,8316500000000,8316530000000,8316610000000,248300000,30500000,400000,100000,100000
1791427356,994118879,783,1747767917,D,N,8316460000000,8316450000000,8316440000000,8316420000000,8316380000000,1345200000,9100000,200000,200000,92100000,8316470000000,8316480000000,8316500000000,8316530000000,8316610000000,248300000,30600000,400000,100000,100000
1791427357,49808641,784,1747767917,S,N,8316460000000,8316450000000,8316440000000,8316420000000,8316380000000,1345200000,9100000,200000,200000,92100000,8316470000000,8316480000000,8316500000000,8316530000000,8316610000000,248300000,30600000,400000,100000,100000
1791427357,94297227,785,1747767917,D,N,8316460000000,8316450000000,8316440000000,8316420000000,8316380000000,1338300000,9100000,200000,200000,92100000,8316470000000,8316480000000,8316500000000,8316530000000,8316610000000,248300000,30600000,400000,100000,100000
1791427357,168241327,786,1747767917,S,N,8316460000000,8316450000000,8316440000000,8316420000000,8316380000000,1338300000,9100000,200000,200000,92100000,8316470000000,8316480000000,8316500000000,8316530000000,8316610000000,248300000,30600000,400000,100000,100000
1791427357,195022457,787,1747767917,D,N,8316460000000,8316450000000,8316440000000,8316420000000,8316380000000,1338300000,9100000,200000,200000,92100000,8316470000000,8316480000000,8316500000000,8316530000000,8316610000000,248300000,30600000,400000,100000,100000
1791427357,297447134,788,1747767917,D,N,8316470000000,8316460000000,8316450000000,8316440000000,8316420000000,1423900000,128200000,8900000,200000,200000,8316480000000,8316500000000,8316530000000,8316610000000,8316720000000,30700000,100000,100000,100000,100000
1791427358,227819240,789,1747767917,D,N,8316820000000,8316810000000,8316790000000,8316780000000,8316770000000,852100000,4300000,1900000,36500000,400000,8316830000000,8316840000000,8316850000000,8316890000000,8316920000000,29000000,100000,100000,100000,100000
1791427358,327550948,790,1747767917,D,N,8316820000000,8316810000000,8316800000000,8316790000000,8316780000000,851100000,4300000,100000,1900000,36500000,8316830000000,8316840000000,8316850000000,8316890000000,8316920000000,29000000,200000,100000,100000,100000
1791427358,427986314,791,1747767917,D,N,8316820000000,8316810000000,8316800000000,8316790000000,8316780000000,881700000,4400000,100000,1900000,36500000,8316830000000,8316840000000,8316850000000,8316890000000,8316920000000,28800000,200000,100000,100000,200000
1791427358,529541616,792,1747767917,D,N,8316820000000,8316810000000,8316800000000,8316790000000,8316780000000,849600000,4400000,100000,1900000,36500000,8316830000000,8316840000000,8316850000000,8316890000000,8316920000000,26100000,200000,100000,100000,200000
1791427358,631416446,793,1747767917,D,N,8316820000000,8316810000000,8316800000000,8316790000000,8316780000000,813500000,4400000,100000,1900000,36500000,8316830000000,8316840000000,8316850000000,8316890000000,8316900000000,26100000,200000,100000,100000,200000
1791427358,732324455,794,1747767917,D,N,8316820000000,8316810000000,8316800000000,8316790000000,8316780000000,849100000,4400000,100000,1900000,36500000,8316830000000,8316840000000,8316850000000,8316890000000,8316900000000,26200000,200000,100000,100000,200000
1791427358,834076535,795,1747767917,D,N,8316820000000,8316810000000,8316800000000,8316790000000,8316780000000,848400000,4400000,100000,1900000,36500000,8316830000000,8316840000000,8316850000000,8316890000000,8316900000000,26800000,200000,100000,100000,200000
1791427358,936115793,796,1747767917,D,N,8316820000000,8316810000000,8316800000000,8316790000000,8316780000000,849700000,4400000,100000,1900000,36500000,8316830000000,8316840000000,8316850000000,8316890000000,8316900000000,26900000,200000,100000,100000,300000
1791427359,36662497,797,1747767917,D,N,8316820000000,8316810000000,8316800000000,8316790000000,8316780000000,813800000,4300000,100000,1900000,36500000,8316830000000,8316840000000,8316850000000,8316890000000,8316900000000,27000000,200000,100000,100000,300000
1791427359,114448372,798,1747767917,S,N,8316820000000,8316810000000,8316800000000,8316790000000,8316780000000,813800000,4300000,100000,1900000,36500000,8316830000000,8316840000000,8316850000000,8316890000000,8316900000000,27000000,200000,100000,100000,300000
1791427359,137385041,799,1747767917,D,N,8316820000000,8316810000000,8316800000000,8316790000000,8316780000000,813800000,4300000,100000,1900000,36500000,8316830000000,8316840000000,8316850000000,8316890000000,8316900000000,27000000,200000,100000,100000,300000
1791427359,238772045,800,1747767917,D,N,8316820000000,8316810000000,8316800000000,8316790000000,8316780000000,832300000,4300000,100000,1900000,36500000,8316830000000,8316840000000,8316850000000,8316890000000,8316900000000,27000000,200000,100000,100000,300000
1791427359,341110489,801,1747767917,D,N,8317140000000,8317130000000,8317120000000,8317100000000,8317030000000,1575000000,38900000,8600000,100000,2600000,8317150000000,8317260000000,8317270000000,8317280000000,8317300000000,7700000,200000,100000,100000,200000
1791427359,441711176,802,1747767917,D,N,8317140000000,8317130000000,8317120000000,8317100000000,8317030000000,1394800000,38900000,8700000,100000,2600000,8317150000000,8317260000000,8317270000000,8317280000000,8317300000000,7900000,200000,100000,100000,200000
1791427359,542150907,803,1747767917,D,N,8317140000000,8317130000000,8317120000000,8317100000000,8317030000000,1340600000,38900000,8700000,100000,2600000,8317150000000,8317160000000,8317260000000,8317270000000,8317280000000,8000000,100000,200000,100000,100000
1791427359,648899238,804,1747767917,D,N,8317140000000,8317130000000,8317120000000,8317100000000,8317030000000,1375700000,44400000,8700000,100000,2600000,8317150000000,8317160000000,8317260000000,8317270000000,8317280000000,8200000,100000,200000,100000,100000
1791427359,745913468,805,1747767917,D,N,8317140000000,8317130000000,8317120000000,8317100000000,8317030000000,1442300000,44700000,8700000,100000,2600000,8317150000000,8317160000000,8317230000000,8317260000000,8317270000000,8000000,100000,200000,200000,100000
1791427359,847190324,806,1747767917,D,N,8317140000000,8317130000000,8317120000000,8317100000000,8317040000000,1478200000,44700000,8800000,100000,5300000,8317150000000,8317160000000,8317230000000,8317260000000,8317270000000,8700000,100000,200000,200000,100000
1791427359,948407938,807,1747767917,D,N,8317140000000,8317130000000,8317120000000,8317100000000,8317040000000,1478400000,44600000,8800000,100000,5300000,8317150000000,8317160000000,8317230000000,8317260000000,8317270000000,6000000,100000,200000,200000,100000
1791427360,50310057,808,1747767917,D,N,8317140000000,8317130000000,8317120000000,8317100000000,8317040000000,1442100000,44400000,8800000,100000,5300000,8317150000000,8317160000000,8317230000000,8317260000000,8317270000000,6000000,100000,200000,200000,100000
1791427360,150645297,809,1747767917,D,N,8317140000000,8317130000000,8317120000000,8317100000000,8317040000000,1444500000,44400000,8800000,100000,5300000,8317150000000,8317160000000,8317230000000,8317260000000,8317270000000,6100000,100000,200000,200000,100000
1791427360,253376801,810,1747767917,D,N,8317590000000,8317580000000,8317570000000,8317560000000,8317550000000,786100000,12600000,300000,100000,2600000,8317600000000,8317630000000,8317650000000,8317660000000,8317670000000,78700000,100000,200000,100000,100000
1791427360,353788549,811,1747767917,D,N,8317590000000,8317580000000,8317570000000,8317550000000,8317540000000,786400000,12600000,400000,2600000,400000,8317600000000,8317610000000,8317630000000,8317650000000,8317660000000,91300000,100000,100000,200000,100000
1791427360,455614656,812,1747767917,D,N,8317590000000,8317580000000,8317570000000,8317550000000,8317540000000,830300000,12600000,400000,2600000,3800000,8317600000000,8317610000000,8317630000000,8317650000000,8317660000000,91300000,100000,100000,200000,100000
1791427360,556980424,813,1747767917,D,N,8317590000000,8317580000000,8317570000000,8317550000000,8317540000000,795000000,12600000,400000,2600000,3800000,8317600000000,8317610000000,8317630000000,8317650000000,8317660000000,92400000,100000,100000,200000,100000
1791427360,660821643,814,1747767917,D,N,8317590000000,8317580000000,8317570000000,8317550000000,8317540000000,795100000,10100000,400000,100000,3800000,8317600000000,8317610000000,8317630000000,8317650000000,8317660000000,191200000,200000,100000,200000,100000
1791427360,761137830,815,1747767917,D,N,8317590000000,8317580000000,8317570000000,8317550000000,8317540000000,718900000,4000000,400000,100000,3800000,8317600000000,8317610000000,8317630000000,8317650000000,8317660000000,206500000,2700000,100000,200000,6200000
1791427360,861690588,816,1747767917,D,N,8317590000000,8317580000000,8317570000000,8317550000000,8317540000000,682700000,4000000,400000,100000,3800000,8317600000000,8317610000000,8317630000000,8317650000000,8317660000000,275000000,2700000,100000,200000,6200000
1791427360,959084283,817,1747767917,D,N,8317590000000,8317580000000,8317570000000,8317550000000,8317540000000,682700000,4000000,400000,100000,3800000,8317600000000,8317610000000,8317630000000,8317650000000,8317660000000,275200000,2700000,100000,200000,6200000
1791427361,62804438,818,1747767917,D,N,8317590000000,8317580000000,8317570000000,8317550000000,8317540000000,682700000,4000000,400000,100000,3800000,8317600000000,8317610000000,8317630000000,8317650000000,8317660000000,275300000,2700000,100000,200000,6200000
1791427361,166744393,819,1747767917,D,N,8317590000000,8317580000000,8317570000000,8317550000000,8317540000000,682700000,4000000,400000,100000,3800000,8317600000000,8317610000000,8317630000000,8317650000000,8317660000000,275300000,2700000,100000,200000,6200000
1791427361,267671157,820,1747767917,D,N,8317590000000,8317580000000,8317570000000,8317550000000,8317540000000,557700000,3900000,400000,100000,3800000,8317600000000,8317610000000,8317630000000,8317650000000,8317660000000,276100000,2700000,100000,200000,6200000
1791427361,278589695,821,1747767917,S,N,8317590000000,8317580000000,8317570000000,8317550000000,8317540000000,557700000,3900000,400000,100000,3800000,8317600000000,8317610000000,8317630000000,8317650000000,8317660000000,276100000,2700000,100000,200000,6200000
1791427361,366164744,822,1747767917,D,N,8317590000000,8317580000000,8317570000000,8317550000000,8317540000000,557700000,3900000,400000,100000,3800000,8317600000000,8317610000000,8317630000000,8317650000000,8317660000000,276200000,2700000,100000,200000,6200000
1791427361,380644434,823,1747767917,S,N,8317590000000,8317580000000,8317570000000,8317550000000,8317540000000,557700000,3900000,400000,100000,3800000,8317600000000,8317610000000,8317630000000,8317650000000,8317660000000,276200000,2700000,100000,200000,6200000
1791427361,465030749,824,1747767917,D,N,8317590000000,8317580000000,8317570000000,8317550000000,8317540000000,557700000,3900000,400000,100000,3800000,8317600000000,8317610000000,8317630000000,8317650000000,8317660000000,276200000,2700000,100000,200000,6400000
1791427361,481321231,825,1747767917,S,N,8317590000000,8317580000000,8317570000000,8317550000000,8317540000000,557700000,3900000,400000,100000,3800000,8317600000000,8317610000000,8317630000000,8317650000000,8317660000000,276200000,2700000,100000,200000,6400000
1791427361,566122239,826,1747767917,D,N,8317590000000,8317580000000,8317570000000,8317550000000,8317540000000,563200000,3900000,400000,100000,3800000,8317600000000,8317610000000,8317630000000,8317650000000,8317660000000,276200000,2700000,100000,200000,35900000
1791427361,581849181,827,1747767917,S,N,8317590000000,8317580000000,8317570000000,8317550000000,8317540000000,563200000,3900000,400000,100000,3800000,8317600000000,8317610000000,8317630000000,8317650000000,8317660000000,276200000,2700000,100000,200000,35900000
1791427361,666876934,828,1747767917,D,N,8317590000000,8317580000000,8317570000000,8317550000000,8317540000000,563200000,3900000,400000,100000,3800000,8317600000000,8317610000000,8317630000000,8317650000000,8317660000000,275600000,2700000,100000,200000,36000000
1791427361,769697846,829,1747767917,D,N,8317590000000,8317580000000,8317570000000,8317560000000,8317550000000,609400000,3900000,400000,100000,100000,8317600000000,8317610000000,8317630000000,8317650000000,8317660000000,275000000,2700000,100000,200000,36000000
1791427361,787412313,830,1747767917,S,N,8317590000000,8317580000000,8317570000000,8317560000000,8317550000000,609400000,3900000,400000,100000,100000,8317600000000,8317610000000,8317630000000,8317650000000,8317660000000,275000000,2700000,100000,200000,36000000
1791427361,870758772,831,1747767917,D,N,8317590000000,8317580000000,8317570000000,8317560000000,8317550000000,609400000,3900000,300000,100000,100000,8317600000000,8317610000000,8317630000000,8317650000000,8317660000000,275000000,2700000,100000,200000,36000000
1791427361,891530191,832,1747767917,S,N,8317590000000,8317580000000,8317570000000,8317560000000,8317550000000,609400000,3900000,300000,100000,100000,8317600000000,8317610000000,8317630000000,8317650000000,8317660000000,275000000,2700000,100000,200000,36000000
1791427361,980168118,833,1747767917,D,N,8317590000000,8317580000000,8317570000000,8317560000000,8317550000000,609400000,3900000,300000,100000,100000,8317600000000,8317610000000,8317630000000,8317650000000,8317660000000,275000000,2700000,100000,300000,36000000
1791427362,7781311,834,1747767917,S,N,8317590000000,8317580000000,8317570000000,8317560000000,8317550000000,609400000,3900000,300000,100000,100000,8317600000000,8317610000000,8317630000000,8317650000000,8317660000000,275000000,2700000,100000,300000,36000000
1791427362,72009365,835,1747767917,D,N,8317590000000,8317580000000,8317570000000,8317560000000,8317550000000,609400000,3900000,300000,100000,100000,8317600000000,8317610000000,8317630000000,8317650000000,8317660000000,275000000,2700000,100000,300000,36000000
1791427362,172479561,836,1747767917,D,N,8317590000000,8317580000000,8317570000000,8317560000000,8317550000000,609400000,3900000,300000,100000,100000,8317600000000,8317610000000,8317630000000,8317650000000,8317660000000,275000000,2700000,100000,300000,36000000
1791427362,275057750,837,1747767917,D,N,8317590000000,8317580000000,8317570000000,8317560000000,8317550000000,609400000,3900000,300000,100000,100000,8317600000000,8317610000000,8317630000000,8317640000000,8317650000000,275300000,2700000,100000,100000,300000
1791427362,325616246,838,1747767917,S,N,8317590000000,8317580000000,8317570000000,8317560000000,8317550000000,609400000,3900000,300000,100000,100000,8317600000000,8317610000000,8317630000000,8317640000000,8317650000000,275300000,2700000,100000,100000,300000
1791427362,374797695,839,1747767917,D,N,8317590000000,8317580000000,8317570000000,8317560000000,8317550000000,609400000,3900000,300000,100000,100000,8317600000000,8317610000000,8317630000000,8317640000000,8317650000000,275300000,2700000,100000,100000,300000
1791427362,478097403,840,1747767917,D,N,8317590000000,8317580000000,8317570000000,8317550000000,8317540000000,322300000,3900000,300000,100000,3800000,8317600000000,8317610000000,8317620000000,8317630000000,8317640000000,434000000,2700000,100000,100000,100000
1791427362,520991389,841,1747767917,S,N,8317590000000,8317580000000,8317570000000,8317550000000,8317540000000,322300000,3900000,300000,100000,3800000,8317600000000,8317610000000,8317620000000,8317630000000,8317640000000,434000000,2700000,100000,100000,100000
1791427362,579343794,842,1747767917,D,N,8317590000000,8317580000000,8317570000000,8317550000000,8317540000000,20100000,3800000,300000,100000,3800000,8317600000000,8317610000000,8317620000000,8317630000000,8317640000000,947700000,2900000,500000,100000,100000
1791427362,680293382,843,1747767917,D,N,8317590000000,8317580000000,8317570000000,8317550000000,8317540000000,77400000,3800000,300000,100000,3800000,8317600000000,8317610000000,8317620000000,8317630000000,8317640000000,947900000,7300000,100000,100000,100000
1791427362,781386956,844,1747767917,D,N,8317590000000,8317580000000,8317570000000,8317550000000,8317540000000,127400000,3900000,300000,100000,3800000,8317600000000,8317610000000,8317620000000,8317630000000,8317640000000,947900000,2900000,100000,100000,100000
1791427362,849040709,845,1747767917,S,N,8317590000000,8317580000000,8317570000000,8317550000000,8317540000000,127400000,3900000,300000,100000,3800000,8317600000000,8317610000000,8317620000000,8317630000000,8317640000000,947900000,2900000,100000,100000,100000
1791427362,881617009,846,1747767917,D,N,8317590000000,8317580000000,8317570000000,8317550000000,8317540000000,180300000,3900000,300000,100000,3800000,8317600000000,8317610000000,8317620000000,8317630000000,8317640000000,945100000,2900000,100000,100000,100000
1791427362,982884438,847,1747767917,D,N,8317590000000,8317580000000,8317570000000,8317550000000,8317540000000,188300000,3900000,300000,100000,3800000,8317600000000,8317610000000,8317620000000,8317630000000,8317640000000,945200000,2900000,100000,100000,100000
1791427363,86236342,848,1747767917,D,N,8317590000000,8317580000000,8317570000000,8317550000000,8317540000000,137700000,3900000,300000,100000,3800000,8317600000000,8317610000000,8317620000000,8317630000000,8317640000000,944800000,2900000,100000,100000,100000
1791427363,188708155,849,1747767917,D,N,8317590000000,8317580000000,8317570000000,8317550000000,8317540000000,137700000,3900000,300000,100000,3800000,8317600000000,8317610000000,8317620000000,8317630000000,8317640000000,944900000,2900000,100000,100000,100000
1791427363,286262407,850,1747767917,D,N,8317590000000,8317580000000,8317570000000,8317550000000,8317540000000,249100000,3900000,300000,100000,3800000,8317600000000,8317610000000,8317630000000,8317640000000,8317650000000,262400000,2700000,100000,100000,400000
1791427363,390519311,851,1747767917,D,N,8317590000000,8317580000000,8317570000000,8317550000000,8317540000000,307500000,3900000,300000,100000,3800000,8317600000000,8317610000000,8317630000000,8317650000000,8317660000000,191600000,2700000,100000,200000,400000
1791427363,491538460,852,1747767917,D,N,8317590000000,8317580000000,8317570000000,8317550000000,8317540000000,308200000,3900000,300000,100000,4800000,8317600000000,8317610000000,8317630000000,8317650000000,8317660000000,188700000,2700000,100000,200000,400000
1791427363,593785809,853,1747767917,D,N,8317590000000,8317580000000,8317570000000,8317550000000,8317540000000,308400000,3900000,300000,100000,4800000,8317600000000,8317610000000,8317630000000,8317650000000,8317660000000,192900000,200000,100000,200000,400000
1791427363,691875822,854,1747767917,D,N,8317590000000,8317580000000,8317570000000,8317550000000,8317540000000,308400000,3900000,300000,100000,4800000,8317600000000,8317610000000,8317630000000,8317650000000,8317660000000,242700000,2700000,100000,200000,400000
1791427363,792457104,855,1747767917,D,N,8317590000000,8317580000000,8317570000000,8317550000000,8317540000000,308400000,3900000,300000,100000,4800000,8317600000000,8317610000000,8317630000000,8317650000000,8317660000000,245700000,2700000,100000,200000,400000
1791427363,891469394,856,1747767917,D,N,8317590000000,8317580000000,8317570000000,8317550000000,8317540000000,308400000,3900000,300000,100000,4800000,8317600000000,8317610000000,8317630000000,8317650000000,8317660000000,245700000,2700000,100000,200000,400000
1791427363,993631735,857,1747767917,D,N,8317590000000,8317580000000,8317570000000,8317550000000,8317540000000,308400000,3900000,300000,100000,4800000,8317600000000,8317610000000,8317630000000,8317650000000,8317660000000,287600000,2700000,100000,200000,400000
1791427364,53935712,858,1747767917,S,N,8317590000000,8317580000000,8317570000000,8317550000000,8317540000000,308400000,3900000,300000,100000,4800000,8317600000000,8317610000000,8317630000000,8317650000000,8317660000000,287600000,2700000,100000,200000,400000
1791427364,92311176,859,1747767917,D,N,8317590000000,8317580000000,8317570000000,8317550000000,8317540000000,308400000,3900000,300000,100000,4800000,8317600000000,8317610000000,8317630000000,8317650000000,8317660000000,287600000,2700000,100000,200000,400000
1791427364,192816530,860,1747767917,D,N,8317590000000,8317580000000,8317570000000,8317550000000,8317540000000,261800000,3900000,300000,100000,4800000,8317600000000,8317610000000,8317630000000,8317650000000,8317660000000,287500000,2700000,100000,200000,29900000
1791427364,293534268,861,1747767917,D,N,8317590000000,8317580000000,8317570000000,8317550000000,8317540000000,262200000,3900000,300000,100000,4800000,8317600000000,8317610000000,8317630000000,8317650000000,8317660000000,287600000,2700000,100000,200000,29900000
1791427364,392547931,862,1747767917,D,N,8317590000000,8317580000000,8317570000000,8317550000000,8317540000000,262100000,3900000,300000,100000,4800000,8317600000000,8317610000000,8317630000000,8317650000000,8317660000000,287600000,2700000,100000,200000,29900000
1791427364,493559082,863,1747767917,D,N,8317590000000,8317580000000,8317570000000,8317550000000,8317540000000,261900000,3900000,300000,100000,4800000,8317600000000,8317610000000,8317630000000,8317650000000,8317660000000,287800000,2700000,100000,200000,29900000
1791427364,592070676,864,1747767917,D,N,8317590000000,8317580000000,8317570000000,8317550000000,8317540000000,261900000,9400000,300000,100000,4800000,8317600000000,8317610000000,8317630000000,8317650000000,8317660000000,287800000,2700000,100000,200000,30000000
1791427364,595804415,865,1747767917,S,N,8317590000000,8317580000000,8317570000000,8317550000000,8317540000000,261900000,9400000,300000,100000,4800000,8317600000000,8317610000000,8317630000000,8317650000000,8317660000000,287800000,2700000,100000,200000,30000000
1791427364,725371733,866,1747767917,D,N,8317580000000,8317570000000,8317550000000,8317540000000,8317490000000,9800000,300000,100000,4800000,400000,8317590000000,8317600000000,8317610000000,8317630000000,8317640000000,1730900000,48700000,2800000,100000,4400000
1791427364,731825652,867,1747767917,S,N,8317580000000,8317570000000,8317550000000,8317540000000,8317490000000,9800000,300000,100000,4800000,400000,8317590000000,8317600000000,8317610000000,8317630000000,8317640000000,1730900000,48700000,2800000,100000,4400000
1791427364,795651082,868,1747767917,D,N,8317580000000,8317570000000,8317560000000,8317550000000,8317540000000,9900000,200000,100000,100000,4800000,8317590000000,8317600000000,8317610000000,8317630000000,8317640000000,1733200000,48700000,2700000,100000,4400000
1791427364,895453264,869,1747767917,D,N,8317580000000,8317570000000,8317560000000,8317550000000,8317540000000,9800000,200000,100000,100000,4800000,8317590000000,8317600000000,8317610000000,8317630000000,8317640000000,1730700000,48800000,2700000,100000,4400000
1791427364,992869487,870,1747767917,D,N,8317580000000,8317570000000,8317560000000,8317550000000,8317540000000,9900000,400000,100000,100000,4800000,8317590000000,8317600000000,8317610000000,8317630000000,8317640000000,1724100000,48400000,2700000,100000,4400000
1791427364,995533948,871,1747767917,S,N,8317580000000,8317570000000,8317560000000,8317550000000,8317540000000,9900000,400000,100000,100000,4800000,8317590000000,8317600000000,8317610000000,8317630000000,8317640000000,1724100000,48400000,2700000,100000,4400000
1791427365,93117527,872,1747767917,D,N,8317580000000,8317570000000,8317560000000,8317550000000,8317540000000,9900000,400000,100000,100000,4800000,8317590000000,8317600000000,8317610000000,8317630000000,8317640000000,1779400000,48400000,2700000,100000,4400000
1791427365,193588154,873,1747767917,D,N,8317580000000,8317570000000,8317560000000,8317550000000,8317540000000,8900000,400000,100000,100000,4800000,8317590000000,8317600000000,8317610000000,8317630000000,8317640000000,1705900000,48400000,2700000,100000,4400000
1791427365,197570573,874,1747767917,S,N,8317580000000,8317570000000,8317560000000,8317550000000,8317540000000,8900000,400000,100000,100000,4800000,8317590000000,8317600000000,8317610000000,8317630000000,8317640000000,1705900000,48400000,2700000,100000,4400000
1791427365,294248308,875,1747767917,D,N,8317580000000,8317570000000,8317560000000,8317550000000,8317540000000,8900000,400000,100000,100000,4800000,8317590000000,8317600000000,8317610000000,8317630000000,8317640000000,1706000000,48300000,2700000,100000,4400000
1791427365,298008729,876,1747767917,S,N,8317580000000,8317570000000,8317560000000,8317550000000,8317540000000,8900000,400000,100000,100000,4800000,8317590000000,8317600000000,8317610000000,8317630000000,8317640000000,1706000000,48300000,2700000,100000,4400000
1791427365,397680047,877,1747767917,D,N,8317580000000,8317570000000,8317560000000,8317550000000,8317540000000,8900000,400000,100000,100000,4800000,8317590000000,8317600000000,8317610000000,8317630000000,8317640000000,1742800000,48300000,2700000,100000,4400000
1791427365,399362638,878,1747767917,S,N,8317580000000,8317570000000,8317560000000,8317550000000,8317540000000,8900000,400000,100000,100000,4800000,8317590000000,8317600000000,8317610000000,8317630000000,8317640000000,1742800000,48300000,2700000,100000,4400000
1791427365,494829834,879,1747767917,D,N,8317580000000,8317570000000,8317560000000,8317550000000,8317540000000,9200000,400000,100000,100000,4800000,8317590000000,8317600000000,8317610000000,8317630000000,8317640000000,1705900000,48300000,2700000,100000,4400000
1791427365,595145563,880,1747767917,D,N,8317580000000,8317570000000,8317560000000,8317550000000,8317540000000,9200000,400000,100000,100000,4800000,8317590000000,8317600000000,8317610000000,8317630000000,8317640000000,1706300000,48300000,2700000,100000,4400000
1791427365,699903499,881,1747767917,D,N,8317580000000,8317570000000,8317560000000,8317550000000,8317540000000,11300000,400000,100000,100000,4800000,8317590000000,8317600000000,8317610000000,8317630000000,8317640000000,1742900000,48300000,2700000,100000,4400000
1791427365,703936046,882,1747767917,S,N,8317580000000,8317570000000,8317560000000,8317550000000,8317540000000,11300000,400000,100000,100000,4800000,8317590000000,8317600000000,8317610000000,8317630000000,8317640000000,1742900000,48300000,2700000,100000,4400000
1791427365,795755733,883,1747767917,D,N,8317580000000,8317570000000,8317560000000,8317550000000,8317540000000,11300000,400000,100000,100000,4800000,8317590000000,8317600000000,8317610000000,8317630000000,8317640000000,1706100000,48300000,2700000,100000,4400000
1791427365,799753357,884,1747767917,S,N,8317580000000,8317570000000,8317560000000,8317550000000,8317540000000,11300000,400000,100000,100000,4800000,8317590000000,8317600000000,8317610000000,8317630000000,8317640000000,1706100000,48300000,2700000,100000,4400000
1791427365,894281453,885,1747767917,D,N,8317580000000,8317570000000,8317560000000,8317550000000,8317540000000,11300000,400000,100000,100000,4800000,8317590000000,8317600000000,8317610000000,8317630000000,8317640000000,1756200000,48300000,2700000,100000,4400000
1791427365,993727994,886,1747767917,D,N,8317580000000,8317570000000,8317560000000,8317550000000,8317540000000,11300000,400000,100000,100000,4800000,8317590000000,8317600000000,8317610000000,8317630000000,8317640000000,1706000000,48300000,2700000,100000,4400000
1791427366,75974129,887,1747767917,S,N,8317580000000,8317570000000,8317560000000,8317550000000,8317540000000,11300000,400000,100000,100000,4800000,8317590000000,8317600000000,8317610000000,8317630000000,8317640000000,1706000000,48300000,2700000,100000,4400000
1791427366,100540765,888,1747767917,D,N,8317580000000,8317570000000,8317560000000,8317550000000,8317540000000,11300000,400000,100000,100000,4800000,8317590000000,8317600000000,8317610000000,8317630000000,8317640000000,1706100000,48300000,2700000,100000,4400000
1791427366,273229851,889,1747767917,D,N,8316390000000,8316380000000,8316370000000,8316360000000,8316330000000,32700000,42000000,24100000,16900000,300000,8316400000000,8316410000000,8316430000000,8316440000000,8316470000000,1107500000,100000,2500000,200000,7700000
1791427366,292566410,890,1747767917,D,N,8316390000000,8316380000000,8316370000000,8316360000000,8316330000000,169300000,300000,3700000,16900000,300000,8316400000000,8316410000000,8316430000000,8316440000000,8316470000000,1049200000,30300000,2500000,200000,7700000
1791427366,399617422,891,1747767917,D,N,8316390000000,8316380000000,8316370000000,8316360000000,8316330000000,169600000,300000,3700000,16900000,300000,8316400000000,8316410000000,8316430000000,8316440000000,8316470000000,1050300000,30300000,2500000,200000,7700000
1791427366,491041348,892,1747767917,D,N,8316390000000,8316380000000,8316370000000,8316360000000,8316330000000,177900000,200000,3700000,16900000,300000,8316400000000,8316410000000,8316430000000,8316440000000,8316470000000,1091800000,30400000,2500000,200000,7700000
1791427366,590789167,893,1747767917,D,N,8316390000000,8316380000000,8316370000000,8316360000000,8316330000000,169800000,200000,3700000,16900000,300000,8316400000000,8316410000000,8316430000000,8316440000000,8316470000000,1116000000,30400000,2500000,200000,7700000
1791427366,689979885,894,1747767917,D,N,8316390000000,8316380000000,8316370000000,8316360000000,8316330000000,169800000,200000,3700000,16900000,300000,8316400000000,8316410000000,8316430000000,8316440000000,8316470000000,1116300000,30400000,2500000,200000,7700000
1791427366,791478545,895,1747767917,D,N,8316390000000,8316380000000,8316370000000,8316360000000,8316330000000,169800000,200000,3700000,16900000,300000,8316400000000,8316410000000,8316430000000,8316440000000,8316470000000,1116500000,30400000,2500000,200000,7700000
1791427366,854075997,896,1747767917,S,N,8316390000000,8316380000000,8316370000000,8316360000000,8316330000000,169800000,200000,3700000,16900000,300000,8316400000000,8316410000000,8316430000000,8316440000000,8316470000000,1116500000,30400000,2500000,200000,7700000
1791427366,889694340,897,1747767917,D,N,8316390000000,8316380000000,8316370000000,8316360000000,8316330000000,169800000,200000,3700000,16900000,300000,8316400000000,8316410000000,8316430000000,8316440000000,8316470000000,1116500000,30400000,2500000,200000,7700000
1791427366,987943222,898,1747767917,D,N,8316390000000,8316380000000,8316370000000,8316360000000,8316330000000,169800000,200000,3700000,16900000,300000,8316400000000,8316410000000,8316430000000,8316440000000,8316470000000,1116600000,30400000,2500000,200000,7700000
1791427367,87142822,899,1747767917,D,N,8316390000000,8316380000000,8316370000000,8316360000000,8316330000000,169800000,3200000,3700000,16900000,300000,8316400000000,8316410000000,8316430000000,8316440000000,8316470000000,1116600000,30400000,2500000,200000,7700000
1791427367,188403827,900,1747767917,D,N,8316390000000,8316380000000,8316370000000,8316360000000,8316330000000,175300000,3200000,3700000,16900000,300000,8316400000000,8316410000000,8316430000000,8316440000000,8316470000000,1117200000,30400000,2500000,200000,7700000
1791427367,290332121,901,1747767917,D,N,8316390000000,8316380000000,8316370000000,8316360000000,8316330000000,178400000,3200000,3700000,16900000,300000,8316400000000,8316410000000,8316440000000,8316470000000,8316480000000,1077500000,30400000,200000,5200000,200000
1791427367,388058746,902,1747767917,D,N,8316390000000,8316380000000,8316370000000,8316360000000,8316330000000,305600000,3200000,3700000,16900000,300000,8316400000000,8316410000000,8316440000000,8316470000000,8316480000000,1007500000,30400000,200000,5200000,200000
1791427367,392495533,903,1747767917,S,N,8316390000000,8316380000000,8316370000000,8316360000000,8316330000000,305600000,3200000,3700000,16900000,300000,8316400000000,8316410000000,8316440000000,8316470000000,8316480000000,1007500000,30400000,200000,5200000,200000
1791427367,486419672,904,1747767917,D,N,8316390000000,8316380000000,8316370000000,8316360000000,8316330000000,305600000,3200000,3700000,16900000,300000,8316400000000,8316410000000,8316440000000,8316470000000,8316500000000,999400000,30400000,200000,5200000,300000
1791427367,488466534,905,1747767917,S,N,8316390000000,8316380000000,8316370000000,8316360000000,8316330000000,305600000,3200000,3700000,16900000,300000,8316400000000,8316410000000,8316440000000,8316470000000,8316500000000,999400000,30400000,200000,5200000,300000
1791427367,585322959,906,1747767917,D,N,8316390000000,8316380000000,8316370000000,8316360000000,8316330000000,296400000,3200000,3700000,16900000,300000,8316400000000,8316410000000,8316440000000,8316470000000,8316500000000,1045400000,30400000,200000,5200000,300000
1791427367,588590696,907,1747767917,S,N,8316390000000,8316380000000,8316370000000,8316360000000,8316330000000,296400000,3200000,3700000,16900000,300000,8316400000000,8316410000000,8316440000000,8316470000000,8316500000000,1045400000,30400000,200000,5200000,300000
1791427367,699200000,908,1747767917,D,N,8316390000000,8316380000000,8316370000000,8316360000000,8316330000000,241800000,3200000,3700000,16900000,300000,8316400000000,8316410000000,8316440000000,8316470000000,8316500000000,1045500000,30400000,200000,5200000,300000
1791427367,700508910,909,1747767917,S,N,8316390000000,8316380000000,8316370000000,8316360000000,8316330000000,241800000,3200000,3700000,16900000,300000,8316400000000,8316410000000,8316440000000,8316470000000,8316500000000,1045500000,30400000,200000,5200000,300000
1791427367,784893845,910,1747767917,D,N,8316390000000,8316380000000,8316370000000,8316360000000,8316330000000,295700000,3200000,3700000,16900000,300000,8316400000000,8316410000000,8316440000000,8316470000000,8316480000000,1045500000,30400000,200000,5200000,200000
1791427367,786821538,911,1747767917,S,N,8316390000000,8316380000000,8316370000000,8316360000000,8316330000000,295700000,3200000,3700000,16900000,300000,8316400000000,8316410000000,8316440000000,8316470000000,8316480000000,1045500000,30400000,200000,5200000,200000
1791427367,883840565,912,1747767917,D,N,8316390000000,8316380000000,8316370000000,8316360000000,8316330000000,295700000,3200000,3700000,16900000,300000,8316400000000,8316410000000,8316440000000,8316470000000,8316480000000,1045500000,30400000,200000,5200000,200000
1791427367,984724444,913,1747767917,D,N,8316390000000,8316380000000,8316370000000,8316360000000,8316330000000,295300000,3200000,3700000,16900000,300000,8316400000000,8316410000000,8316440000000,8316470000000,8316480000000,999600000,30400000,200000,5200000,200000
1791427368,84049850,914,1747767917,D,N,8316390000000,8316380000000,8316370000000,8316360000000,8316330000000,295200000,3200000,3700000,16900000,300000,8316400000000,8316410000000,8316440000000,8316470000000,8316480000000,985700000,30400000,200000,5200000,200000
1791427368,113130866,915,1747767917,S,N,8316390000000,8316380000000,8316370000000,8316360000000,8316330000000,295200000,3200000,3700000,16900000,300000,8316400000000,8316410000000,8316440000000,8316470000000,8316480000000,985700000,30400000,200000,5200000,200000
1791427368,183432743,916,1747767917,D,N,8316390000000,8316380000000,8316370000000,8316360000000,8316330000000,292800000,9300000,3700000,16900000,300000,8316400000000,8316410000000,8316440000000,8316470000000,8316480000000,937800000,30400000,200000,200000,200000
1791427368,283417729,917,1747767917,D,N,8316390000000,8316380000000,8316370000000,8316360000000,8316330000000,354400000,9300000,3700000,16900000,300000,8316400000000,8316410000000,8316440000000,8316470000000,8316480000000,937600000,30400000,200000,200000,200000
1791427368,316645660,918,1747767917,S,N,8316390000000,8316380000000,8316370000000,8316360000000,8316330000000,354400000,9300000,3700000,16900000,300000,8316400000000,8316410000000,8316440000000,8316470000000,8316480000000,937600000,30400000,200000,200000,200000
1791427368,382189647,919,1747767917,D,N,8316390000000,8316380000000,8316370000000,8316360000000,8316330000000,354400000,9300000,3700000,16900000,300000,8316400000000,8316410000000,8316440000000,8316470000000,8316480000000,937600000,30400000,200000,200000,200000
1791427368,550412373,920,1747767917,D,N,8316390000000,8316380000000,8316370000000,8316360000000,8316330000000,354900000,9300000,3700000,16900000,300000,8316400000000,8316410000000,8316440000000,8316470000000,8316480000000,937500000,30400000,200000,200000,200000
1791427368,621253001,921,1747767917,S,N,8316390000000,8316380000000,8316370000000,8316360000000,8316330000000,354900000,9300000,3700000,16900000,300000,8316400000000,8316410000000,8316440000000,8316470000000,8316480000000,937500000,30400000,200000,200000,200000
1791427368,702422610,922,1747767917,D,N,8316390000000,8316380000000,8316370000000,8316360000000,8316330000000,354900000,9300000,3700000,16900000,300000,8316400000000,8316410000000,8316440000000,8316470000000,8316480000000,937600000,30400000,200000,200000,200000
1791427368,707607304,923,1747767917,D,N,8316390000000,8316380000000,8316370000000,8316360000000,8316330000000,293300000,9300000,3700000,16900000,300000,8316400000000,8316410000000,8316440000000,8316470000000,8316480000000,937100000,30400000,200000,200000,200000
1791427368,800278262,924,1747767917,D,N,8316390000000,8316380000000,8316370000000,8316360000000,8316330000000,293300000,3200000,3700000,16900000,300000,8316400000000,8316410000000,8316430000000,8316440000000,8316470000000,936900000,30400000,100000,200000,6300000
1791427368,880845974,925,1747767917,D,N,8316390000000,8316380000000,8316370000000,8316360000000,8316330000000,300400000,3200000,3700000,16900000,300000,8316400000000,8316410000000,8316430000000,8316440000000,8316470000000,936800000,30400000,100000,200000,6300000
1791427368,979179279,926,1747767917,D,N,8316390000000,8316380000000,8316370000000,8316360000000,8316330000000,180000000,3200000,3700000,16900000,300000,8316400000000,8316410000000,8316430000000,8316440000000,8316470000000,984000000,30400000,100000,200000,6300000
1791427369,66240008,927,1747767917,S,N,8316390000000,8316380000000,8316370000000,8316360000000,8316330000000,180000000,3200000,3700000,16900000,300000,8316400000000,8316410000000,8316430000000,8316440000000,8316470000000,984000000,30400000,100000,200000,6300000
1791427369,79441740,928,1747767917,D,N,8316390000000,8316380000000,8316370000000,8316360000000,8316330000000,173500000,3200000,3700000,16900000,300000,8316400000000,8316410000000,8316430000000,8316440000000,8316470000000,984100000,30400000,100000,200000,6300000
1791427369,178350396,929,1747767917,D,N,8316390000000,8316380000000,8316370000000,8316360000000,8316330000000,6800000,3100000,3700000,16900000,300000,8316400000000,8316410000000,8316430000000,8316440000000,8316470000000,1073100000,30400000,100000,200000,6300000
1791427369,278246858,930,1747767917,D,N,8316390000000,8316380000000,8316370000000,8316360000000,8316330000000,7000000,3100000,3700000,16900000,300000,8316400000000,8316410000000,8316420000000,8316430000000,8316440000000,1518600000,30600000,200000,100000,200000
1791427369,377593151,931,1747767917,D,N,8316390000000,8316380000000,8316370000000,8316360000000,8316330000000,7000000,3100000,3700000,16900000,500000,8316400000000,8316410000000,8316420000000,8316430000000,8316440000000,1580900000,30600000,200000,100000,200000
1791427369,499508507,932,1747767917,D,N,8316390000000,8316380000000,8316370000000,8316360000000,8316330000000,7100000,3100000,3700000,16900000,500000,8316400000000,8316410000000,8316420000000,8316430000000,8316440000000,1519300000,30600000,200000,100000,200000
1791427369,666019626,933,1747767917,D,N,8316390000000,8316380000000,8316370000000,8316360000000,8316330000000,7100000,3100000,3700000,16900000,500000,8316400000000,8316410000000,8316420000000,8316430000000,8316440000000,1485300000,30600000,200000,100000,200000
1791427369,676965926,934,1747767917,D,N,8316390000000,8316380000000,8316370000000,8316360000000,8316330000000,7100000,3100000,3700000,16900000,500000,8316400000000,8316410000000,8316420000000,8316430000000,8316440000000,1485300000,30600000,200000,100000,200000
1791427369,778871089,935,1747767917,D,N,8316390000000,8316380000000,8316370000000,8316360000000,8316330000000,219400000,3200000,3700000,16900000,500000,8316400000000,8316410000000,8316420000000,8316430000000,8316440000000,1456900000,30600000,200000,100000,200000
1791427370,102823968,936,1747767917,D,N,8316390000000,8316380000000,8316370000000,8316360000000,8316330000000,211600000,3200000,3700000,16900000,500000,8316400000000,8316410000000,8316420000000,8316430000000,8316440000000,1456000000,30600000,200000,100000,200000
1791427370,104201198,937,1747767917,D,N,8316390000000,8316380000000,8316370000000,8316360000000,8316330000000,309700000,3200000,3700000,16900000,300000,8316400000000,8316410000000,8316420000000,8316430000000,8316440000000,1456100000,30600000,200000,100000,200000
1791427370,105335307,938,1747767917,D,N,8316390000000,8316380000000,8316370000000,8316360000000,8316330000000,355400000,3200000,3700000,16900000,6400000,8316400000000,8316410000000,8316430000000,8316440000000,8316470000000,722100000,48800000,100000,200000,100000
1791427370,106615621,939,1747767917,S,N,8316390000000,8316380000000,8316370000000,8316360000000,8316330000000,355400000,3200000,3700000,16900000,6400000,8316400000000,8316410000000,8316430000000,8316440000000,8316470000000,722100000,48800000,100000,200000,100000
1791427370,208248481,940,1747767917,D,N,8316390000000,8316380000000,8316370000000,8316360000000,8316330000000,350400000,3200000,3700000,16900000,6400000,8316400000000,8316410000000,8316430000000,8316440000000,8316470000000,719600000,30400000,100000,100000,100000
1791427370,278921139,941,1747767917,D,N,8316390000000,8316380000000,8316370000000,8316360000000,8316330000000,410300000,3200000,3700000,16900000,6400000,8316400000000,8316410000000,8316430000000,8316440000000,8316480000000,719800000,30400000,100000,200000,200000
1791427370,376122678,942,1747767917,D,N,8316390000000,8316380000000,8316370000000,8316360000000,8316330000000,350400000,3200000,3700000,16900000,6400000,8316400000000,8316410000000,8316430000000,8316440000000,8316480000000,615300000,30400000,100000,100000,200000
1791427370,392548617,943,1747767917,S,N,8316390000000,8316380000000,8316370000000,8316360000000,8316330000000,350400000,3200000,3700000,16900000,6400000,8316400000000,8316410000000,8316430000000,8316440000000,8316480000000,615300000,30400000,100000,100000,200000
1791427370,473139362,944,1747767917,D,N,8316390000000,8316380000000,8316370000000,8316360000000,8316330000000,408200000,5700000,3700000,16900000,8000000,8316400000000,8316410000000,8316430000000,8316440000000,8316480000000,616700000,30400000,100000,100000,200000
1791427370,487429819,945,1747767917,S,N,8316390000000,8316380000000,8316370000000,8316360000000,8316330000000,408200000,5700000,3700000,16900000,8000000,8316400000000,8316410000000,8316430000000,8316440000000,8316480000000,616700000,30400000,100000,100000,200000
1791427370,577327774,946,1747767917,D,N,8316390000000,8316380000000,8316370000000,8316360000000,8316330000000,417800000,5700000,3700000,16900000,8000000,8316400000000,8316410000000,8316430000000,8316440000000,8316480000000,570300000,30400000,100000,100000,200000
1791427370,593836575,947,1747767917,S,N,8316390000000,8316380000000,8316370000000,8316360000000,8316330000000,417800000,5700000,3700000,16900000,8000000,8316400000000,8316410000000,8316430000000,8316440000000,8316480000000,570300000,30400000,100000,100000,200000
1791427370,672063455,948,1747767917,D,N,8316390000000,8316380000000,8316370000000,8316360000000,8316330000000,417800000,5700000,3700000,16900000,8000000,8316400000000,8316410000000,8316430000000,8316440000000,8316480000000,570400000,30400000,100000,100000,200000
1791427370,686444387,949,1747767917,S,N,8316390000000,8316380000000,8316370000000,8316360000000,8316330000000,417800000,5700000,3700000,16900000,8000000,8316400000000,8316410000000,8316430000000,8316440000000,8316480000000,570400000,30400000,100000,100000,200000
1791427370,774349940,950,1747767917,D,N,8316390000000,8316380000000,8316370000000,8316360000000,8316330000000,359000000,5700000,3700000,16900000,8000000,8316400000000,8316410000000,8316430000000,8316440000000,8316480000000,570400000,30400000,100000,100000,200000
1791427370,873749229,951,1747767917,D,N,8316390000000,8316380000000,8316370000000,8316360000000,8316330000000,407800000,3200000,3700000,16900000,8000000,8316400000000,8316410000000,8316430000000,8316440000000,8316480000000,571000000,30400000,100000,100000,200000
1791427370,975461828,952,1747767917,D,N,8316390000000,8316380000000,8316370000000,8316360000000,8316330000000,410700000,3200000,3700000,16900000,1900000,8316400000000,8316410000000,8316430000000,8316440000000,8316480000000,571000000,30400000,100000,100000,200000
1791427371,72579235,953,1747767917,D,N,8316390000000,8316380000000,8316370000000,8316360000000,8316330000000,416600000,3200000,3700000,16900000,1900000,8316400000000,8316410000000,8316430000000,8316440000000,8316480000000,570900000,30400000,100000,100000,200000
1791427371,95450174,954,1747767917,S,N,8316390000000,8316380000000,8316370000000,8316360000000,8316330000000,416600000,3200000,3700000,16900000,1900000,8316400000000,8316410000000,8316430000000,8316440000000,8316480000000,570900000,30400000,100000,100000,200000
1791427371,169333181,955,1747767917,D,N,8316390000000,8316380000000,8316370000000,8316360000000,8316330000000,416700000,3200000,3700000,16900000,1900000,8316400000000,8316410000000,8316430000000,8316440000000,8316480000000,533700000,30400000,100000,100000,200000
1791427371,271252399,956,1747767917,D,N,8316390000000,8316380000000,8316370000000,8316360000000,8316330000000,422900000,3200000,3700000,16900000,1900000,8316400000000,8316410000000,8316430000000,8316440000000,8316480000000,533100000,31000000,100000,100000,200000
1791427371,372279847,957,1747767917,D,N,8316390000000,8316380000000,8316370000000,8316360000000,8316330000000,357100000,3200000,3700000,16900000,1900000,8316400000000,8316410000000,8316430000000,8316440000000,8316480000000,532700000,30400000,100000,100000,200000
1791427371,498719146,958,1747767917,D,N,8316390000000,8316380000000,8316370000000,8316360000000,8316330000000,413800000,3200000,42300000,17300000,1900000,8316400000000,8316410000000,8316430000000,8316440000000,8316480000000,401100000,30400000,100000,100000,200000
1791427371,619466818,959,1747767917,D,N,8316400000000,8316390000000,8316380000000,8316370000000,8316360000000,2077300000,124900000,3100000,42300000,17300000,8316410000000,8316430000000,8316440000000,8316480000000,8316500000000,88900000,100000,100000,200000,100000
1791427371,667739945,960,1747767917,D,N,8316400000000,8316390000000,8316380000000,8316370000000,8316360000000,1520700000,122000000,3200000,42200000,17300000,8316410000000,8316430000000,8316440000000,8316480000000,8316500000000,31400000,100000,100000,200000,100000
1791427371,772583153,961,1747767917,D,N,8316400000000,8316390000000,8316380000000,8316370000000,8316360000000,1557500000,120500000,3200000,42200000,17300000,8316410000000,8316420000000,8316430000000,8316440000000,8316480000000,67500000,100000,100000,100000,200000
1791427371,872392069,962,1747767917,D,N,8316400000000,8316390000000,8316380000000,8316370000000,8316360000000,1393400000,120300000,3300000,42200000,17300000,8316410000000,8316420000000,8316430000000,8316440000000,8316480000000,117600000,100000,100000,100000,200000
1791427371,885799834,963,1747767917,S,N,8316400000000,8316390000000,8316380000000,8316370000000,8316360000000,1393400000,120300000,3300000,42200000,17300000,8316410000000,8316420000000,8316430000000,8316440000000,8316480000000,117600000,100000,100000,100000,200000
1791427371,974822416,964,1747767917,D,N,8316400000000,8316390000000,8316380000000,8316370000000,8316360000000,1395600000,120300000,3300000,42200000,17300000,8316410000000,8316420000000,8316430000000,8316440000000,8316480000000,67500000,100000,100000,100000,200000
1791427372,65599451,965,1747767917,D,N,8316400000000,8316390000000,8316380000000,8316370000000,8316360000000,1396100000,120300000,3300000,42200000,17300000,8316410000000,8316420000000,8316430000000,8316440000000,8316480000000,67500000,100000,100000,100000,200000
1791427372,202356312,966,1747767917,D,N,8316400000000,8316390000000,8316380000000,8316370000000,8316360000000,1361400000,120300000,3300000,42200000,17300000,8316410000000,8316420000000,8316430000000,8316440000000,8316480000000,70000000,100000,100000,100000,200000
1791427372,285820003,967,1747767917,D,N,8316400000000,8316390000000,8316380000000,8316370000000,8316360000000,1362000000,120300000,3300000,42200000,17300000,8316410000000,8316420000000,8316430000000,8316440000000,8316480000000,71300000,100000,100000,100000,200000
1791427372,286755985,968,1747767917,S,N,8316400000000,8316390000000,8316380000000,8316370000000,8316360000000,1362000000,120300000,3300000,42200000,17300000,8316410000000,8316420000000,8316430000000,8316440000000,8316480000000,71300000,100000,100000,100000,200000
1791427372,403371186,969,1747767917,D,N,8316400000000,8316390000000,8316380000000,8316370000000,8316360000000,1370200000,118100000,3300000,42400000,17300000,8316410000000,8316420000000,8316430000000,8316440000000,8316480000000,72000000,100000,100000,100000,200000
1791427372,464472141,970,1747767917,D,N,8316400000000,8316390000000,8316380000000,8316370000000,8316360000000,1394200000,117900000,3300000,42200000,17300000,8316410000000,8316420000000,8316430000000,8316440000000,8316480000000,72100000,100000,100000,100000,200000
1791427372,564741044,971,1747767917,D,N,8316400000000,8316390000000,8316380000000,8316370000000,8316360000000,1464300000,117900000,3300000,42200000,17300000,8316410000000,8316420000000,8316430000000,8316440000000,8316480000000,72200000,100000,100000,100000,200000
1791427372,598071650,972,1747767917,S,N,8316400000000,8316390000000,8316380000000,8316370000000,8316360000000,1464300000,117900000,3300000,42200000,17300000,8316410000000,8316420000000,8316430000000,8316440000000,8316480000000,72200000,100000,100000,100000,200000
1791427372,669269981,973,1747767917,D,N,8316400000000,8316390000000,8316380000000,8316370000000,8316360000000,1464300000,117900000,3300000,42200000,17300000,8316410000000,8316420000000,8316430000000,8316440000000,8316480000000,72200000,100000,100000,100000,200000
1791427372,763213835,974,1747767917,D,N,8316400000000,8316390000000,8316380000000,8316370000000,8316360000000,1394400000,117900000,3300000,42200000,17300000,8316410000000,8316420000000,8316430000000,8316440000000,8316480000000,72100000,100000,100000,100000,200000
1791427372,796590410,975,1747767917,S,N,8316400000000,8316390000000,8316380000000,8316370000000,8316360000000,1394400000,117900000,3300000,42200000,17300000,8316410000000,8316420000000,8316430000000,8316440000000,8316480000000,72100000,100000,100000,100000,200000
1791427372,897674467,976,1747767917,D,N,8316400000000,8316390000000,8316380000000,8316370000000,8316360000000,1396000000,117900000,3300000,42200000,17300000,8316410000000,8316420000000,8316430000000,8316440000000,8316480000000,72200000,100000,100000,100000,200000
1791427372,963330889,977,1747767917,D,N,8316400000000,8316390000000,8316380000000,8316370000000,8316360000000,1437800000,117900000,3700000,42200000,17300000,8316410000000,8316420000000,8316430000000,8316440000000,8316480000000,73000000,100000,100000,100000,200000
1791427373,504192,978,1747767917,S,N,8316400000000,8316390000000,8316380000000,8316370000000,8316360000000,1437800000,117900000,3700000,42200000,17300000,8316410000000,8316420000000,8316430000000,8316440000000,8316480000000,73000000,100000,100000,100000,200000
1791427373,101846595,979,1747767917,D,N,8316400000000,8316390000000,8316380000000,8316370000000,8316360000000,1474500000,117900000,3700000,42200000,17300000,8316410000000,8316420000000,8316430000000,8316440000000,8316480000000,73200000,100000,100000,100000,200000
1791427373,106021326,980,1747767917,S,N,8316400000000,8316390000000,8316380000000,8316370000000,8316360000000,1474500000,117900000,3700000,42200000,17300000,8316410000000,8316420000000,8316430000000,8316440000000,8316480000000,73200000,100000,100000,100000,200000
1791427373,161642250,981,1747767917,D,N,8316400000000,8316390000000,8316380000000,8316370000000,8316360000000,1447500000,117900000,3700000,42200000,17300000,8316410000000,8316420000000,8316430000000,8316440000000,8316480000000,72400000,100000,100000,100000,200000
1791427373,279801772,982,1747767917,D,N,8316400000000,8316390000000,8316380000000,8316370000000,8316360000000,1437800000,117900000,3700000,42200000,17300000,8316410000000,8316420000000,8316430000000,8316440000000,8316480000000,72400000,100000,100000,100000,200000
1791427373,304402374,983,1747767917,S,N,8316400000000,8316390000000,8316380000000,8316370000000,8316360000000,1437800000,117900000,3700000,42200000,17300000,8316410000000,8316420000000,8316430000000,8316440000000,8316480000000,72400000,100000,100000,100000,200000
1791427373,368321325,984,1747767917,D,N,8316400000000,8316390000000,8316380000000,8316370000000,8316360000000,1507800000,117900000,3700000,42200000,17300000,8316410000000,8316420000000,8316430000000,8316440000000,8316480000000,36200000,100000,100000,100000,200000
1791427373,460221929,985,1747767917,D,N,8316400000000,8316390000000,8316380000000,8316370000000,8316360000000,1508600000,117900000,3300000,42200000,19600000,8316410000000,8316420000000,8316430000000,8316440000000,8316480000000,35700000,100000,100000,100000,200000
1791427373,596045053,986,1747767917,D,N,8316400000000,8316390000000,8316380000000,8316370000000,8316360000000,1519100000,117900000,3300000,42200000,19600000,8316410000000,8316420000000,8316430000000,8316440000000,8316480000000,116700000,100000,100000,100000,200000
1791427373,658894214,987,1747767917,D,N,8316400000000,8316390000000,8316380000000,8316370000000,8316360000000,1431000000,112800000,3300000,42200000,19600000,8316410000000,8316420000000,8316430000000,8316440000000,8316480000000,116700000,100000,100000,100000,200000
1791427373,768952664,988,1747767917,D,N,8316400000000,8316390000000,8316380000000,8316370000000,8316360000000,1406700000,112800000,3300000,6100000,19200000,8316410000000,8316420000000,8316430000000,8316440000000,8316480000000,144400000,100000,100000,100000,200000
1791427373,871281898,989,1747767917,D,N,8316400000000,8316390000000,8316380000000,8316370000000,8316360000000,1406700000,112800000,3300000,6100000,19200000,8316410000000,8316420000000,8316430000000,8316440000000,8316480000000,144600000,200000,100000,100000,200000
1791427373,957996539,990,1747767917,D,N,8316400000000,8316390000000,8316380000000,8316370000000,8316360000000,1406700000,112800000,3300000,6100000,19200000,8316410000000,8316420000000,8316430000000,8316440000000,8316480000000,140400000,200000,100000,100000,200000
1791427374,63083667,991,1747767917,D,N,8316400000000,8316390000000,8316380000000,8316370000000,8316360000000,1406900000,112800000,3300000,6100000,19200000,8316410000000,8316420000000,8316430000000,8316440000000,8316480000000,114100000,100000,100000,100000,200000
1791427374,151762091,992,1747767917,D,N,8316400000000,8316390000000,8316380000000,8316370000000,8316360000000,1410800000,112800000,3300000,6100000,19200000,8316410000000,8316420000000,8316430000000,8316440000000,8316480000000,113900000,100000,100000,100000,200000
1791427374,265635259,993,1747767917,D,N,8316400000000,8316390000000,8316380000000,8316370000000,8316360000000,1486200000,112800000,3300000,6100000,19200000,8316410000000,8316420000000,8316430000000,8316440000000,8316480000000,32800000,100000,100000,100000,200000
1791427374,345292642,994,1747767917,D,N,8316400000000,8316390000000,8316380000000,8316370000000,8316360000000,1511700000,112800000,3300000,6100000,19200000,8316410000000,8316420000000,8316430000000,8316440000000,8316480000000,32800000,100000,100000,100000,200000
1791427374,459428914,995,1747767917,D,N,8316400000000,8316390000000,8316380000000,8316370000000,8316360000000,1510200000,112800000,3300000,6100000,19200000,8316410000000,8316420000000,8316430000000,8316440000000,8316480000000,37600000,100000,100000,100000,200000
1791427374,552994264,996,1747767917,D,N,8316400000000,8316390000000,8316380000000,8316370000000,8316360000000,1510300000,112800000,3300000,6100000,19200000,8316410000000,8316420000000,8316430000000,8316440000000,8316480000000,37600000,100000,100000,100000,200000
1791427374,644769362,997,1747767917,D,N,8316400000000,8316390000000,8316380000000,8316370000000,8316360000000,1583000000,112900000,3300000,6000000,19200000,8316410000000,8316420000000,8316430000000,8316440000000,8316480000000,32400000,100000,100000,100000,200000
1791427374,731813027,998,1747767917,D,N,8316400000000,8316390000000,8316380000000,8316370000000,8316360000000,1511800000,112900000,3300000,6000000,19200000,8316410000000,8316420000000,8316430000000,8316440000000,8316480000000,32500000,100000,100000,100000,200000
1791427374,835704228,999,1747767917,D,N,8316400000000,8316390000000,8316380000000,8316370000000,8316360000000,1506700000,112900000,3300000,6000000,19200000,8316410000000,8316420000000,8316430000000,8316440000000,8316480000000,13300000,100000,100000,100000,200000
1791427374,945930145,1000,1747767917,D,N,8316400000000,8316390000000,8316380000000,8316370000000,8316360000000,1506500000,112900000,3300000,6000000,19200000,8316410000000,8316420000000,8316430000000,8316440000000,8316480000000,13400000,100000,100000,100000,200000
1791427375,22087994,1001,1747767917,D,N,8316400000000,8316390000000,8316380000000,8316370000000,8316360000000,1506900000,112900000,3300000,6000000,19200000,8316410000000,8316420000000,8316430000000,8316440000000,8316480000000,13500000,100000,100000,100000,200000
1791427375,138450656,1002,1747767917,D,N,8316400000000,8316390000000,8316380000000,8316370000000,8316360000000,1512000000,112900000,3300000,6000000,19200000,8316410000000,8316420000000,8316430000000,8316440000000,8316480000000,13500000,100000,100000,100000,200000
1791427375,215161927,1003,1747767917,D,N,8316400000000,8316390000000,8316380000000,8316370000000,8316360000000,1511900000,112900000,3300000,6000000,19200000,8316410000000,8316420000000,8316430000000,8316440000000,8316480000000,14700000,100000,100000,100000,200000
1791427375,329696792,1004,1747767917,D,N,8316400000000,8316390000000,8316380000000,8316370000000,8316360000000,1511800000,112900000,3300000,6000000,19200000,8316410000000,8316420000000,8316430000000,8316440000000,8316480000000,14700000,100000,100000,100000,200000
1791427375,409867396,1005,1747767917,D,N,8316400000000,8316390000000,8316380000000,8316370000000,8316360000000,1519600000,112900000,3300000,6000000,35400000,8316410000000,8316420000000,8316430000000,8316440000000,8316480000000,15400000,100000,100000,100000,200000
1791427375,480218257,1006,1747767917,S,N,8316400000000,8316390000000,8316380000000,8316370000000,8316360000000,1519600000,112900000,3300000,6000000,35400000,8316410000000,8316420000000,8316430000000,8316440000000,8316480000000,15400000,100000,100000,100000,200000
1791427375,550352377,1007,1747767917,D,N,8316400000000,8316390000000,8316380000000,8316370000000,8316360000000,1519600000,112900000,3300000,6000000,35400000,8316410000000,8316420000000,8316430000000,8316440000000,8316480000000,15400000,100000,100000,100000,200000
1791427375,603795116,1008,1747767917,D,N,8316400000000,8316390000000,8316380000000,8316370000000,8316360000000,1519500000,112900000,3300000,6000000,35400000,8316410000000,8316420000000,8316430000000,8316440000000,8316480000000,15500000,100000,100000,100000,200000
1791427375,729273253,1009,1747767917,D,N,8316400000000,8316390000000,8316380000000,8316370000000,8316360000000,1519700000,112900000,3300000,6000000,35400000,8316410000000,8316420000000,8316430000000,8316440000000,8316480000000,15500000,100000,100000,100000,200000
1791427375,815923540,1010,1747767917,D,N,8316400000000,8316390000000,8316380000000,8316370000000,8316360000000,1519700000,112900000,3300000,6000000,35400000,8316410000000,8316420000000,8316430000000,8316440000000,8316480000000,15500000,100000,100000,100000,200000
1791427375,898117729,1011,1747767917,D,N,8316400000000,8316390000000,8316380000000,8316370000000,8316360000000,1554700000,112900000,3300000,6000000,35400000,8316410000000,8316420000000,8316430000000,8316440000000,8316480000000,15400000,100000,100000,100000,200000
1791427375,917690939,1012,1747767917,S,N,8316400000000,8316390000000,8316380000000,8316370000000,8316360000000,1554700000,112900000,3300000,6000000,35400000,8316410000000,8316420000000,8316430000000,8316440000000,8316480000000,15400000,100000,100000,100000,200000
1791427376,11772733,1013,1747767917,D,N,8316400000000,8316390000000,8316380000000,8316370000000,8316360000000,1519600000,112900000,3300000,6000000,35400000,8316410000000,8316420000000,8316430000000,8316440000000,8316480000000,14800000,100000,100000,100000,200000
1791427376,20531332,1014,1747767917,S,N,8316400000000,8316390000000,8316380000000,8316370000000,8316360000000,1519600000,112900000,3300000,6000000,35400000,8316410000000,8316420000000,8316430000000,8316440000000,8316480000000,14800000,100000,100000,100000,200000
1791427376,85707985,1015,1747767917,D,N,8316400000000,8316390000000,8316380000000,8316370000000,8316360000000,1519800000,112900000,3300000,6000000,35400000,8316410000000,8316420000000,8316430000000,8316440000000,8316480000000,14800000,100000,100000,100000,200000
1791427376,244080219,1016,1747767917,D,N,8316400000000,8316390000000,8316380000000,8316370000000,8316360000000,1521700000,112900000,3300000,6000000,35400000,8316410000000,8316420000000,8316430000000,8316440000000,8316480000000,15000000,100000,100000,100000,200000
1791427376,281525416,1017,1747767917,D,N,8316400000000,8316390000000,8316380000000,8316370000000,8316360000000,1492200000,112900000,3300000,6000000,35600000,8316410000000,8316420000000,8316430000000,8316440000000,8316480000000,65200000,100000,100000,100000,200000
1791427376,391725543,1018,1747767917,D,N,8316400000000,8316390000000,8316380000000,8316370000000,8316360000000,1492000000,112900000,3300000,6000000,35800000,8316410000000,8316420000000,8316430000000,8316440000000,8316480000000,65200000,100000,100000,100000,200000
1791427376,496133758,1019,1747767917,D,N,8316400000000,8316390000000,8316380000000,8316370000000,8316360000000,1492000000,112900000,3300000,6000000,35800000,8316410000000,8316420000000,8316430000000,8316440000000,8316480000000,99800000,100000,100000,100000,200000
1791427376,581887212,1020,1747767917,D,N,8316400000000,8316390000000,8316380000000,8316370000000,8316360000000,1457400000,112900000,3300000,6000000,35800000,8316410000000,8316420000000,8316430000000,8316440000000,8316480000000,45700000,100000,100000,100000,200000
1791427376,685587082,1021,1747767917,D,N,8316400000000,8316390000000,8316380000000,8316370000000,8316360000000,1421900000,112900000,3300000,6000000,35800000,8316410000000,8316420000000,8316430000000,8316440000000,8316480000000,95900000,100000,100000,100000,200000
1791427376,744155201,1022,1747767917,S,N,8316400000000,8316390000000,8316380000000,8316370000000,8316360000000,1421900000,112900000,3300000,6000000,35800000,8316410000000,8316420000000,8316430000000,8316440000000,8316480000000,95900000,100000,100000,100000,200000
1791427376,768462405,1023,1747767917,D,N,8316400000000,8316390000000,8316380000000,8316370000000,8316360000000,1421900000,112900000,3300000,6000000,35800000,8316410000000,8316420000000,8316430000000,8316440000000,8316480000000,95900000,100000,100000,100000,200000
1791427376,885437083,1024,1747767917,D,N,8316400000000,8316390000000,8316380000000,8316370000000,8316360000000,1421900000,110800000,3300000,6000000,35800000,8316410000000,8316420000000,8316430000000,8316440000000,8316480000000,95900000,100000,100000,100000,200000
1791427376,955921251,1025,1747767917,D,N,8316400000000,8316390000000,8316380000000,8316370000000,8316360000000,1422000000,110800000,3300000,6000000,35800000,8316410000000,8316420000000,8316430000000,8316440000000,8316480000000,95700000,100000,100000,100000,200000
1791427377,100099278,1026,1747767917,D,N,8316400000000,8316390000000,8316380000000,8316370000000,8316360000000,1424400000,110800000,3300000,6000000,35800000,8316410000000,8316420000000,8316430000000,8316440000000,8316480000000,95700000,100000,100000,100000,200000
1791427377,149599046,1027,1747767917,D,N,8316400000000,8316390000000,8316380000000,8316370000000,8316360000000,1429500000,110800000,3300000,6000000,36200000,8316410000000,8316420000000,8316430000000,8316440000000,8316480000000,95700000,100000,100000,100000,200000
1791427377,263214987,1028,1747767917,D,N,8316400000000,8316390000000,8316380000000,8316370000000,8316360000000,1429500000,110800000,3300000,6000000,36200000,8316410000000,8316420000000,8316430000000,8316440000000,8316480000000,95700000,100000,100000,100000,200000
1791427377,379112404,1029,1747767917,D,N,8316400000000,8316390000000,8316380000000,8316370000000,8316360000000,1429900000,110800000,3300000,6000000,35800000,8316410000000,8316420000000,8316430000000,8316440000000,8316480000000,95700000,100000,100000,100000,200000
1791427377,420680433,1030,1747767917,S,N,8316400000000,8316390000000,8316380000000,8316370000000,8316360000000,1429900000,110800000,3300000,6000000,35800000,8316410000000,8316420000000,8316430000000,8316440000000,8316480000000,95700000,100000,100000,100000,200000
1791427377,480101202,1031,1747767917,D,N,8316400000000,8316390000000,8316380000000,8316370000000,8316360000000,1429800000,110800000,3300000,6000000,35800000,8316410000000,8316420000000,8316430000000,8316440000000,8316480000000,95700000,100000,100000,100000,200000
1791427377,487616808,1032,1747767917,S,N,8316400000000,8316390000000,8316380000000,8316370000000,8316360000000,1429800000,110800000,3300000,6000000,35800000,8316410000000,8316420000000,8316430000000,8316440000000,8316480000000,95700000,100000,100000,100000,200000
1791427377,556520734,1033,1747767917,D,N,8316400000000,8316390000000,8316380000000,8316370000000,8316360000000,1429800000,110800000,3300000,6000000,35800000,8316410000000,8316420000000,8316430000000,8316440000000,8316480000000,95700000,100000,100000,100000,200000
1791427377,635763406,1034,1747767917,D,N,8316400000000,8316390000000,8316380000000,8316370000000,8316360000000,1429800000,110800000,3300000,6000000,35800000,8316410000000,8316420000000,8316430000000,8316440000000,8316480000000,95700000,100000,100000,100000,200000
1791427377,754335013,1035,1747767917,D,N,8316400000000,8316390000000,8316380000000,8316370000000,8316360000000,1427400000,110800000,3300000,6000000,35800000,8316410000000,8316420000000,8316430000000,8316440000000,8316480000000,94000000,100000,100000,100000,200000
1791427377,830160639,1036,1747767917,D,N,8316400000000,8316390000000,8316380000000,8316370000000,8316360000000,1427500000,110800000,3300000,6000000,35800000,8316410000000,8316420000000,8316430000000,8316440000000,8316480000000,94100000,100000,100000,100000,200000
1791427377,834554919,1037,1747767917,S,N,8316400000000,8316390000000,8316380000000,8316370000000,8316360000000,1427500000,110800000,3300000,6000000,35800000,8316410000000,8316420000000,8316430000000,8316440000000,8316480000000,94100000,100000,100000,100000,200000
1791427377,942280817,1038,1747767917,D,N,8316400000000,8316390000000,8316380000000,8316370000000,8316360000000,1427400000,110800000,3300000,6000000,35800000,8316410000000,8316420000000,8316430000000,8316440000000,8316480000000,94100000,100000,100000,100000,200000
1791427377,949757834,1039,1747767917,S,N,8316400000000,8316390000000,8316380000000,8316370000000,8316360000000,1427400000,110800000,3300000,6000000,35800000,8316410000000,8316420000000,8316430000000,8316440000000,8316480000000,94100000,100000,100000,100000,200000
1791427378,88912616,1040,1747767917,D,N,8316400000000,8316390000000,8316380000000,8316370000000,8316360000000,1427300000,110800000,3300000,6000000,35800000,8316410000000,8316420000000,8316430000000,8316440000000,8316480000000,94100000,100000,100000,100000,200000
1791427378,90162574,1041,1747767917,S,N,8316400000000,8316390000000,8316380000000,8316370000000,8316360000000,1427300000,110800000,3300000,6000000,35800000,8316410000000,8316420000000,8316430000000,8316440000000,8316480000000,94100000,100000,100000,100000,200000
1791427378,126618249,1042,1747767917,D,N,8316400000000,8316390000000,8316380000000,8316370000000,8316360000000,1429800000,110800000,3300000,6000000,35800000,8316410000000,8316420000000,8316430000000,8316440000000,8316480000000,95000000,100000,100000,100000,200000
1791427378,141436765,1043,1747767917,S,N,8316400000000,8316390000000,8316380000000,8316370000000,8316360000000,1429800000,110800000,3300000,6000000,35800000,8316410000000,8316420000000,8316430000000,8316440000000,8316480000000,95000000,100000,100000,100000,200000
1791427378,255029079,1044,1747767917,D,N,8316400000000,8316390000000,8316380000000,8316370000000,8316360000000,1424200000,110800000,3300000,6000000,35400000,8316410000000,8316420000000,8316430000000,8316440000000,8316480000000,95000000,100000,100000,100000,200000
1791427378,256165798,1045,1747767917,S,N,8316400000000,8316390000000,8316380000000,8316370000000,8316360000000,1424200000,110800000,3300000,6000000,35400000,8316410000000,8316420000000,8316430000000,8316440000000,8316480000000,95000000,100000,100000,100000,200000
1791427378,327913173,1046,1747767917,D,N,8316400000000,8316390000000,8316380000000,8316370000000,8316360000000,1424000000,110800000,3300000,6000000,35400000,8316410000000,8316420000000,8316430000000,8316440000000,8316480000000,95000000,100000,100000,100000,200000
1791427378,342625213,1047,1747767917,S,N,8316400000000,8316390000000,8316380000000,8316370000000,8316360000000,1424000000,110800000,3300000,6000000,35400000,8316410000000,8316420000000,8316430000000,8316440000000,8316480000000,95000000,100000,100000,100000,200000
1791427378,479128960,1048,1747767917,D,N,8316400000000,8316390000000,8316380000000,8316370000000,8316360000000,1424000000,110800000,3300000,6000000,35400000,8316410000000,8316420000000,8316430000000,8316440000000,8316480000000,95000000,100000,100000,100000,200000
1791427378,521122729,1049,1747767917,D,N,8316400000000,8316390000000,8316380000000,8316370000000,8316360000000,1424200000,110800000,3300000,6000000,35400000,8316410000000,8316420000000,8316430000000,8316440000000,8316480000000,95000000,100000,100000,100000,200000
1791427378,676502431,1050,1747767917,D,N,8316400000000,8316390000000,8316380000000,8316370000000,8316360000000,1424200000,110800000,3300000,6000000,35400000,8316410000000,8316420000000,8316430000000,8316440000000,8316480000000,44200000,100000,100000,100000,200000
1791427378,752273224,1051,1747767917,D,N,8316400000000,8316390000000,8316380000000,8316370000000,8316360000000,1424000000,110800000,3300000,6000000,35400000,8316410000000,8316420000000,8316430000000,8316440000000,8316480000000,44200000,100000,100000,100000,200000
1791427378,847560687,1052,1747767917,D,N,8316400000000,8316390000000,8316380000000,8316370000000,8316360000000,1424000000,110800000,3300000,6000000,35400000,8316410000000,8316420000000,8316430000000,8316440000000,8316480000000,44200000,100000,100000,100000,200000
1791427378,956652895,1053,1747767917,D,N,8316400000000,8316390000000,8316380000000,8316370000000,8316360000000,1429100000,110800000,3300000,6000000,71900000,8316410000000,8316420000000,8316430000000,8316440000000,8316480000000,44200000,100000,100000,100000,200000
1791427379,42603268,1054,1747767917,D,N,8316400000000,8316390000000,8316380000000,8316370000000,8316360000000,1547700000,110800000,3700000,6000000,71900000,8316410000000,8316420000000,8316430000000,8316440000000,8316480000000,13500000,100000,100000,100000,200000
1791427379,153362709,1055,1747767917,D,N,8316400000000,8316390000000,8316380000000,8316370000000,8316360000000,1523800000,110800000,3300000,6000000,71900000,8316410000000,8316420000000,8316430000000,8316440000000,8316480000000,16000000,100000,100000,100000,200000
1791427379,156750902,1056,1747767917,S,N,8316400000000,8316390000000,8316380000000,8316370000000,8316360000000,1523800000,110800000,3300000,6000000,71900000,8316410000000,8316420000000,8316430000000,8316440000000,8316480000000,16000000,100000,100000,100000,200000
1791427379,236319613,1057,1747767917,D,N,8316400000000,8316390000000,8316380000000,8316370000000,8316360000000,1558200000,110800000,3300000,6400000,71900000,8316410000000,8316420000000,8316430000000,8316440000000,8316480000000,16000000,100000,100000,100000,200000
1791427379,240409308,1058,1747767917,S,N,8316400000000,8316390000000,8316380000000,8316370000000,8316360000000,1558200000,110800000,3300000,6400000,71900000,8316410000000,8316420000000,8316430000000,8316440000000,8316480000000,16000000,100000,100000,100000,200000
1791427379,396736013,1059,1747767917,D,N,8316400000000,8316390000000,8316380000000,8316370000000,8316360000000,1522100000,110600000,3300000,6000000,71900000,8316410000000,8316420000000,8316430000000,8316440000000,8316480000000,16000000,100000,100000,100000,200000
1791427379,400199210,1060,1747767917,S,N,8316400000000,8316390000000,8316380000000,8316370000000,8316360000000,1522100000,110600000,3300000,6000000,71900000,8316410000000,8316420000000,8316430000000,8316440000000,8316480000000,16000000,100000,100000,100000,200000
1791427379,427440741,1061,1747767917,D,N,8316400000000,8316390000000,8316380000000,8316370000000,8316360000000,1522100000,110600000,3300000,6000000,71900000,8316410000000,8316420000000,8316430000000,8316440000000,8316480000000,16600000,100000,100000,100000,200000
1791427379,580055905,1062,1747767917,D,N,8316400000000,8316390000000,8316380000000,8316370000000,8316360000000,1594700000,110600000,3300000,6000000,71900000,8316410000000,8316420000000,8316430000000,8316440000000,8316480000000,16600000,100000,100000,100000,200000
1791427379,630157298,1063,1747767917,D,N,8316400000000,8316390000000,8316380000000,8316370000000,8316360000000,1522200000,110700000,3300000,6000000,71900000,8316410000000,8316420000000,8316430000000,8316440000000,8316480000000,16700000,100000,100000,100000,200000
1791427379,637335565,1064,1747767917,S,N,8316400000000,8316390000000,8316380000000,8316370000000,8316360000000,1522200000,110700000,3300000,6000000,71900000,8316410000000,8316420000000,8316430000000,8316440000000,8316480000000,16700000,100000,100000,100000,200000
1791427379,744865937,1065,1747767917,D,N,8316400000000,8316390000000,8316380000000,8316370000000,8316360000000,1522300000,110700000,3300000,6000000,71900000,8316410000000,8316420000000,8316430000000,8316440000000,8316480000000,17400000,100000,100000,100000,200000
1791427379,859068671,1066,1747767917,D,N,8316400000000,8316390000000,8316380000000,8316370000000,8316360000000,1522400000,110700000,3300000,6000000,71900000,8316410000000,8316420000000,8316430000000,8316440000000,8316480000000,17400000,100000,100000,100000,200000
1791427379,933214586,1067,1747767917,D,N,8316400000000,8316390000000,8316380000000,8316370000000,8316360000000,1522400000,110700000,3300000,6000000,71900000,8316410000000,8316420000000,8316430000000,8316440000000,8316480000000,17300000,100000,100000,100000,200000
1791427380,90389860,1068,1747767917,D,N,8316400000000,8316390000000,8316380000000,8316370000000,8316360000000,1497800000,110700000,3500000,6200000,35400000,8316410000000,8316420000000,8316430000000,8316440000000,8316480000000,101100000,100000,100000,100000,200000
1791427380,127102213,1069,1747767917,D,N,8316400000000,8316390000000,8316380000000,8316370000000,8316360000000,1492800000,110700000,3300000,6000000,35400000,8316410000000,8316420000000,8316430000000,8316440000000,8316480000000,97600000,100000,100000,100000,200000
1791427380,147355289,1070,1747767917,S,N,8316400000000,8316390000000,8316380000000,8316370000000,8316360000000,1492800000,110700000,3300000,6000000,35400000,8316410000000,8316420000000,8316430000000,8316440000000,8316480000000,97600000,100000,100000,100000,200000
1791427380,260817892,1071,1747767917,D,N,8316400000000,8316390000000,8316380000000,8316370000000,8316360000000,1492800000,110700000,3300000,6000000,35400000,8316410000000,8316420000000,8316430000000,8316440000000,8316480000000,47500000,100000,100000,100000,200000
1791427380,263070543,1072,1747767917,S,N,8316400000000,8316390000000,8316380000000,8316370000000,8316360000000,1492800000,110700000,3300000,6000000,35400000,8316410000000,8316420000000,8316430000000,8316440000000,8316480000000,47500000,100000,100000,100000,200000
1791427380,335023810,1073,1747767917,D,N,8316400000000,8316390000000,8316380000000,8316370000000,8316360000000,1492800000,110700000,3300000,5100000,35400000,8316410000000,8316420000000,8316430000000,8316440000000,8316480000000,47600000,100000,100000,100000,200000
1791427380,450724749,1074,1747767917,D,N,8316400000000,8316390000000,8316380000000,8316370000000,8316360000000,1497900000,110700000,3300000,2700000,35400000,8316410000000,8316420000000,8316430000000,8316440000000,8316480000000,47700000,100000,100000,100000,200000
1791427380,452943575,1075,1747767917,S,N,8316400000000,8316390000000,8316380000000,8316370000000,8316360000000,1497900000,110700000,3300000,2700000,35400000,8316410000000,8316420000000,8316430000000,8316440000000,8316480000000,47700000,100000,100000,100000,200000
1791427380,565102099,1076,1747767917,D,N,8316400000000,8316390000000,8316380000000,8316370000000,8316360000000,1453300000,110700000,3300000,2700000,35400000,8316410000000,8316420000000,8316430000000,8316440000000,8316480000000,47700000,100000,100000,100000,200000
1791427380,647613983,1077,1747767917,D,N,8316400000000,8316390000000,8316380000000,8316370000000,8316360000000,1453700000,110700000,3300000,2700000,35400000,8316410000000,8316420000000,8316430000000,8316440000000,8316480000000,14000000,100000,100000,100000,200000
1791427380,653050406,1078,1747767917,S,N,8316400000000,8316390000000,8316380000000,8316370000000,8316360000000,1453700000,110700000,3300000,2700000,35400000,8316410000000,8316420000000,8316430000000,8316440000000,8316480000000,14000000,100000,100000,100000,200000
1791427380,763950735,1079,1747767917,D,N,8316400000000,8316390000000,8316380000000,8316370000000,8316360000000,1482800000,110700000,3300000,3100000,35400000,8316410000000,8316420000000,8316430000000,8316440000000,8316480000000,14600000,100000,100000,100000,200000
1791427380,845700329,1080,1747767917,D,N,8316400000000,8316390000000,8316380000000,8316370000000,8316360000000,1523600000,110700000,3300000,3100000,35400000,8316410000000,8316420000000,8316430000000,8316440000000,8316480000000,14600000,100000,100000,100000,200000
1791427380,965006236,1081,1747767917,D,N,8316400000000,8316390000000,8316380000000,8316370000000,8316360000000,1523900000,110700000,3300000,3100000,35400000,8316410000000,8316420000000,8316430000000,8316440000000,8316480000000,14800000,100000,100000,100000,200000
1791427381,34663026,1082,1747767917,D,N,8316400000000,8316390000000,8316380000000,8316370000000,8316360000000,1596400000,110700000,3300000,3100000,35400000,8316410000000,8316420000000,8316430000000,8316440000000,8316480000000,13600000,100000,100000,100000,200000
1791427381,188269314,1083,1747767917,D,N,8316930000000,8316920000000,8316910000000,8316900000000,8316890000000,638000000,2259000000,100000,7000000,100000,8316940000000,8316980000000,8316990000000,8317000000000,8317030000000,35400000,300000,500000,200000,200000
1791427381,238074614,1084,1747767917,D,N,8317170000000,8317160000000,8317150000000,8317110000000,8317100000000,1183800000,200000,2500000,2000000,6200000,8317180000000,8317190000000,8317230000000,8317260000000,8317300000000,314700000,500000,300000,300000,200000
1791427381,355417687,1085,1747767917,D,N,8317170000000,8317160000000,8317150000000,8317110000000,8317100000000,1185200000,200000,2500000,2000000,6200000,8317180000000,8317190000000,8317230000000,8317260000000,8317300000000,314800000,100000,300000,300000,200000
1791427381,475118220,1086,1747767917,D,N,8317170000000,8317160000000,8317150000000,8317110000000,8317100000000,1229700000,300000,2500000,2000000,6200000,8317180000000,8317190000000,8317230000000,8317260000000,8317300000000,314800000,100000,300000,300000,200000
1791427381,540864244,1087,1747767917,D,N,8317170000000,8317160000000,8317150000000,8317110000000,8317100000000,1256100000,300000,2500000,2000000,6200000,8317180000000,8317190000000,8317230000000,8317260000000,8317300000000,315000000,100000,300000,300000,200000
1791427381,669514595,1088,1747767917,D,N,8317170000000,8317160000000,8317150000000,8317110000000,8317100000000,1256400000,500000,2500000,2000000,6200000,8317180000000,8317190000000,8317230000000,8317260000000,8317300000000,315000000,100000,300000,200000,200000
1791427381,746282982,1089,1747767917,D,N,8317170000000,8317160000000,8317150000000,8317110000000,8317100000000,1256500000,600000,2500000,2000000,6200000,8317180000000,8317190000000,8317230000000,8317260000000,8317300000000,225600000,100000,300000,200000,200000
1791427381,868731385,1090,1747767917,D,N,8317170000000,8317160000000,8317150000000,8317110000000,8317100000000,1145500000,500000,2600000,2000000,6200000,8317180000000,8317190000000,8317230000000,8317260000000,8317300000000,225700000,200000,300000,200000,200000
1791427381,939201447,1091,1747767917,D,N,8317170000000,8317160000000,8317150000000,8317110000000,8317100000000,1145400000,600000,100000,4500000,6200000,8317180000000,8317190000000,8317230000000,8317260000000,8317300000000,217100000,200000,300000,200000,200000
1791427382,20987617,1092,1747767917,D,N,8317170000000,8317160000000,8317150000000,8317110000000,8317100000000,1194500000,600000,100000,4500000,6200000,8317180000000,8317190000000,8317230000000,8317260000000,8317300000000,217100000,200000,300000,200000,200000
1791427382,121162812,1093,1747767917,D,N,8317170000000,8317160000000,8317150000000,8317110000000,8317100000000,1194500000,600000,100000,4500000,6200000,8317180000000,8317190000000,8317230000000,8317260000000,8317300000000,217100000,200000,300000,200000,200000
1791427382,221904798,1094,1747767917,D,N,8317170000000,8317160000000,8317150000000,8317110000000,8317100000000,1170600000,600000,100000,4500000,6200000,8317180000000,8317190000000,8317230000000,8317260000000,8317300000000,185600000,200000,300000,200000,200000
1791427382,253190916,1095,1747767917,S,N,8317170000000,8317160000000,8317150000000,8317110000000,8317100000000,1170600000,600000,100000,4500000,6200000,8317180000000,8317190000000,8317230000000,8317260000000,8317300000000,185600000,200000,300000,200000,200000
1791427382,321976673,1096,1747767917,D,N,8317170000000,8317160000000,8317150000000,8317110000000,8317100000000,1170700000,600000,100000,4500000,6200000,8317180000000,8317190000000,8317230000000,8317260000000,8317300000000,183800000,200000,300000,200000,200000
1791427382,366643441,1097,1747767917,S,N,8317170000000,8317160000000,8317150000000,8317110000000,8317100000000,1170700000,600000,100000,4500000,6200000,8317180000000,8317190000000,8317230000000,8317260000000,8317300000000,183800000,200000,300000,200000,200000
1791427382,421732706,1098,1747767917,D,N,8317170000000,8317160000000,8317150000000,8317110000000,8317100000000,1165700000,500000,100000,4500000,6200000,8317180000000,8317190000000,8317230000000,8317260000000,8317300000000,183800000,200000,300000,200000,200000
1791427382,443293002,1099,1747767917,S,N,8317170000000,8317160000000,8317150000000,8317110000000,8317100000000,1165700000,500000,100000,4500000,6200000,8317180000000,8317190000000,8317230000000,8317260000000,8317300000000,183800000,200000,300000,200000,200000
1791427382,521442569,1100,1747767917,D,N,8317170000000,8317160000000,8317150000000,8317110000000,8317100000000,1165700000,500000,100000,4500000,6200000,8317180000000,8317190000000,8317230000000,8317260000000,8317300000000,183800000,200000,300000,200000,200000
1791427382,621910080,1101,1747767917,D,N,8317170000000,8317160000000,8317150000000,8317110000000,8317100000000,1203600000,600000,100000,2000000,6200000,8317180000000,8317190000000,8317230000000,8317260000000,8317300000000,133500000,200000,300000,300000,200000
1791427382,720620854,1102,1747767917,D,N,8317170000000,8317160000000,8317150000000,8317110000000,8317100000000,1178200000,600000,100000,2000000,6200000,8317180000000,8317190000000,8317230000000,8317260000000,8317300000000,133400000,200000,300000,200000,200000
1791427382,821524780,1103,1747767917,D,N,8317170000000,8317160000000,8317150000000,8317110000000,8317100000000,1171700000,600000,100000,2000000,6200000,8317180000000,8317190000000,8317230000000,8317260000000,8317300000000,133500000,200000,300000,200000,200000
1791427382,921856916,1104,1747767917,D,N,8317170000000,8317160000000,8317150000000,8317110000000,8317100000000,1171500000,600000,100000,2000000,6200000,8317180000000,8317190000000,8317230000000,8317260000000,8317300000000,133500000,200000,300000,200000,200000
1791427383,21219470,1105,1747767917,D,N,8317170000000,8317160000000,8317150000000,8317110000000,8317100000000,1174100000,600000,100000,2000000,6200000,8317180000000,8317190000000,8317230000000,8317260000000,8317300000000,133500000,200000,300000,200000,200000
1791427383,122226618,1106,1747767917,D,N,8317170000000,8317160000000,8317150000000,8317110000000,8317100000000,1174100000,500000,100000,2000000,6200000,8317180000000,8317190000000,8317230000000,8317260000000,8317300000000,133700000,200000,300000,200000,200000
1791427383,170659181,1107,1747767917,S,N,8317170000000,8317160000000,8317150000000,8317110000000,8317100000000,1174100000,500000,100000,2000000,6200000,8317180000000,8317190000000,8317230000000,8317260000000,8317300000000,133700000,200000,300000,200000,200000
1791427383,221254018,1108,1747767917,D,N,8317170000000,8317160000000,8317150000000,8317110000000,8317100000000,1174100000,500000,100000,2000000,6200000,8317180000000,8317190000000,8317230000000,8317260000000,8317300000000,133700000,200000,300000,200000,200000
1791427383,353504839,1109,1747767917,D,N,8317170000000,8317160000000,8317150000000,8317110000000,8317100000000,1174100000,500000,100000,2000000,6200000,8317180000000,8317190000000,8317230000000,8317260000000,8317300000000,133700000,200000,300000,200000,200000
1791427383,421826146,1110,1747767917,D,N,8317170000000,8317160000000,8317150000000,8317110000000,8317100000000,1174100000,500000,100000,2000000,6200000,8317180000000,8317190000000,8317230000000,8317260000000,8317300000000,133700000,200000,300000,200000,200000
1791427383,698389879,1111,1747767917,D,N,8317170000000,8317160000000,8317150000000,8317110000000,8317100000000,1174100000,500000,100000,2000000,6200000,8317180000000,8317190000000,8317230000000,8317260000000,8317300000000,133700000,200000,300000,200000,200000
1791427383,703150842,1112,1747767917,D,N,8317170000000,8317160000000,8317150000000,8317110000000,8317100000000,1176100000,500000,100000,2000000,6200000,8317180000000,8317190000000,8317230000000,8317260000000,8317300000000,133800000,200000,300000,200000,200000
1791427383,721660937,1113,1747767917,D,N,8317170000000,8317160000000,8317150000000,8317110000000,8317100000000,1176100000,500000,100000,2000000,6200000,8317180000000,8317190000000,8317230000000,8317260000000,8317300000000,133900000,200000,300000,200000,200000
1791427383,821273165,1114,1747767917,D,N,8317170000000,8317160000000,8317150000000,8317110000000,8317100000000,1294200000,600000,100000,2000000,6200000,8317180000000,8317190000000,8317230000000,8317260000000,8317300000000,134100000,200000,300000,200000,200000
1791427383,921691075,1115,1747767917,D,N,8317170000000,8317160000000,8317150000000,8317110000000,8317100000000,1294200000,600000,100000,2000000,6200000,8317180000000,8317190000000,8317230000000,8317260000000,8317300000000,140500000,200000,300000,200000,200000
1791427384,21452107,1116,1747767917,D,N,8317170000000,8317160000000,8317150000000,8317110000000,8317100000000,1294100000,600000,100000,2000000,6200000,8317180000000,8317190000000,8317230000000,8317260000000,8317300000000,141700000,200000,300000,200000,200000
1791427384,77385677,1117,1747767917,S,N,8317170000000,8317160000000,8317150000000,8317110000000,8317100000000,1294100000,600000,100000,2000000,6200000,8317180000000,8317190000000,8317230000000,8317260000000,8317300000000,141700000,200000,300000,200000,200000
1791427384,120562340,1118,1747767917,D,N,8317170000000,8317160000000,8317150000000,8317110000000,8317100000000,1294100000,600000,100000,2000000,6200000,8317180000000,8317190000000,8317230000000,8317260000000,8317300000000,141700000,200000,300000,200000,200000
1791427384,220392089,1119,1747767917,D,N,8317170000000,8317160000000,8317150000000,8317110000000,8317100000000,1294000000,600000,100000,2000000,6200000,8317180000000,8317190000000,8317230000000,8317260000000,8317300000000,141500000,200000,300000,200000,200000
1791427384,321732136,1120,1747767917,D,N,8317170000000,8317160000000,8317150000000,8317110000000,8317100000000,1248900000,600000,100000,2000000,6200000,8317180000000,8317190000000,8317230000000,8317260000000,8317300000000,141500000,200000,300000,200000,200000
1791427384,424272423,1121,1747767917,D,N,8317170000000,8317160000000,8317150000000,8317110000000,8317100000000,1249100000,600000,100000,2000000,6200000,8317180000000,8317190000000,8317230000000,8317260000000,8317300000000,141500000,200000,300000,200000,200000
1791427384,520559290,1122,1747767917,D,N,8317170000000,8317160000000,8317150000000,8317110000000,8317100000000,1259600000,600000,100000,2000000,6200000,8317180000000,8317190000000,8317230000000,8317260000000,8317300000000,141600000,200000,300000,200000,200000
1791427384,621031702,1123,1747767917,D,N,8317170000000,8317160000000,8317150000000,8317110000000,8317100000000,1249100000,600000,100000,2000000,6200000,8317180000000,8317190000000,8317230000000,8317260000000,8317300000000,141700000,200000,300000,200000,200000
1791427384,720714411,1124,1747767917,D,N,8317170000000,8317160000000,8317150000000,8317110000000,8317100000000,1319000000,600000,100000,2000000,6200000,8317180000000,8317190000000,8317230000000,8317260000000,8317300000000,141700000,200000,300000,200000,200000
1791427384,818099961,1125,1747767917,S,N,8317170000000,8317160000000,8317150000000,8317110000000,8317100000000,1319000000,600000,100000,2000000,6200000,8317180000000,8317190000000,8317230000000,8317260000000,8317300000000,141700000,200000,300000,200000,200000
1791427384,820775993,1126,1747767917,D,N,8317170000000,8317160000000,8317150000000,8317110000000,8317100000000,1319000000,600000,100000,2000000,6200000,8317180000000,8317190000000,8317230000000,8317260000000,8317300000000,141700000,200000,300000,200000,200000
1791427384,920181777,1127,1747767917,D,N,8317170000000,8317160000000,8317150000000,8317110000000,8317100000000,1319000000,600000,100000,2000000,6200000,8317180000000,8317190000000,8317230000000,8317260000000,8317300000000,141700000,200000,300000,200000,200000
1791427385,20876612,1128,1747767917,D,N,8317170000000,8317160000000,8317150000000,8317110000000,8317100000000,1319800000,600000,100000,2000000,6200000,8317180000000,8317190000000,8317230000000,8317260000000,8317300000000,141700000,200000,300000,200000,200000
1791427385,120458255,1129,1747767917,D,N,8317170000000,8317160000000,8317150000000,8317110000000,8317100000000,1321000000,600000,100000,2000000,6200000,8317180000000,8317190000000,8317230000000,8317260000000,8317300000000,141700000,200000,300000,200000,200000
1791427385,220578850,1130,1747767917,D,N,8317170000000,8317160000000,8317150000000,8317110000000,8317100000000,1321000000,600000,100000,2000000,6200000,8317180000000,8317190000000,8317230000000,8317260000000,8317300000000,141700000,200000,300000,200000,200000
1791427385,320506626,1131,1747767917,D,N,8317170000000,8317160000000,8317150000000,8317110000000,8317100000000,1321000000,600000,100000,2000000,6200000,8317180000000,8317190000000,8317230000000,8317260000000,8317300000000,141800000,200000,300000,200000,200000
1791427385,420472828,1132,1747767917,D,N,8317170000000,8317160000000,8317150000000,8317110000000,8317100000000,1323500000,600000,100000,2000000,6200000,8317180000000,8317190000000,8317230000000,8317260000000,8317300000000,141800000,200000,300000,200000,200000
1791427385,520643318,1133,1747767917,D,N,8317170000000,8317160000000,8317150000000,8317110000000,8317100000000,1325600000,600000,100000,2000000,6200000,8317180000000,8317190000000,8317230000000,8317260000000,8317300000000,141900000,200000,300000,200000,200000
1791427385,620873017,1134,1747767917,D,N,8317170000000,8317160000000,8317150000000,8317110000000,8317100000000,1325700000,600000,100000,2000000,6200000,8317180000000,8317190000000,8317230000000,8317260000000,8317300000000,141800000,200000,300000,200000,200000
1791427385,721565793,1135,1747767917,D,N,8317170000000,8317160000000,8317150000000,8317110000000,8317100000000,1325300000,600000,100000,2000000,6200000,8317180000000,8317190000000,8317230000000,8317260000000,8317300000000,142100000,200000,300000,200000,200000
1791427385,821523075,1136,1747767917,D,N,8317170000000,8317160000000,8317150000000,8317110000000,8317100000000,1324300000,600000,100000,2000000,6200000,8317180000000,8317190000000,8317230000000,8317260000000,8317300000000,142100000,200000,300000,200000,200000
1791427385,922375341,1137,1747767917,D,N,8317170000000,8317160000000,8317150000000,8317110000000,8317100000000,1324300000,600000,100000,2000000,6200000,8317180000000,8317190000000,8317230000000,8317260000000,8317300000000,142100000,200000,300000,200000,200000
1791427386,22576514,1138,1747767917,D,N,8317170000000,8317160000000,8317150000000,8317110000000,8317100000000,1324300000,600000,100000,2000000,6200000,8317180000000,8317190000000,8317230000000,8317260000000,8317300000000,142100000,200000,300000,200000,200000
1791427386,123416624,1139,1747767917,D,N,8317170000000,8317160000000,8317150000000,8317110000000,8317100000000,1317800000,600000,100000,2000000,6200000,8317180000000,8317190000000,8317210000000,8317230000000,8317260000000,192200000,200000,400000,300000,200000
1791427386,224469943,1140,1747767917,D,N,8317170000000,8317160000000,8317150000000,8317110000000,8317100000000,1247800000,600000,100000,2000000,6200000,8317180000000,8317190000000,8317210000000,8317230000000,8317260000000,192600000,200000,500000,300000,200000
1791427386,257556910,1141,1747767917,S,N,8317170000000,8317160000000,8317150000000,8317110000000,8317100000000,1247800000,600000,100000,2000000,6200000,8317180000000,8317190000000,8317210000000,8317230000000,8317260000000,192600000,200000,500000,300000,200000
1791427386,320002788,1142,1747767917,D,N,8317170000000,8317160000000,8317150000000,8317110000000,8317100000000,1247800000,600000,100000,2000000,6200000,8317180000000,8317190000000,8317210000000,8317230000000,8317260000000,192400000,200000,500000,300000,200000
1791427386,373504804,1143,1747767917,S,N,8317170000000,8317160000000,8317150000000,8317110000000,8317100000000,1247800000,600000,100000,2000000,6200000,8317180000000,8317190000000,8317210000000,8317230000000,8317260000000,192400000,200000,500000,300000,200000
1791427386,420390408,1144,1747767917,D,N,8317170000000,8317160000000,8317150000000,8317110000000,8317100000000,1247900000,600000,100000,2000000,6200000,8317180000000,8317190000000,8317210000000,8317230000000,8317260000000,192400000,200000,500000,300000,200000
1791427386,476665992,1145,1747767917,S,N,8317170000000,8317160000000,8317150000000,8317110000000,8317100000000,1247900000,600000,100000,2000000,6200000,8317180000000,8317190000000,8317210000000,8317230000000,8317260000000,192400000,200000,500000,300000,200000
1791427386,519601314,1146,1747767917,D,N,8317170000000,8317160000000,8317150000000,8317110000000,8317100000000,1247900000,600000,100000,2000000,6200000,8317180000000,8317190000000,8317210000000,8317230000000,8317260000000,192400000,200000,500000,300000,200000
1791427386,620295561,1147,1747767917,D,N,8317170000000,8317160000000,8317150000000,8317110000000,8317100000000,1247800000,600000,100000,2000000,6200000,8317180000000,8317190000000,8317210000000,8317230000000,8317260000000,192700000,200000,500000,300000,200000
1791427386,721526504,1148,1747767917,D,N,8317170000000,8317160000000,8317150000000,8317110000000,8317100000000,1247700000,600000,100000,2000000,6200000,8317180000000,8317190000000,8317210000000,8317230000000,8317260000000,192500000,200000,500000,300000,200000
1791427386,798820591,1149,1747767917,S,N,8317170000000,8317160000000,8317150000000,8317110000000,8317100000000,1247700000,600000,100000,2000000,6200000,8317180000000,8317190000000,8317210000000,8317230000000,8317260000000,192500000,200000,500000,300000,200000
1791427386,820676144,1150,1747767917,D,N,8317170000000,8317160000000,8317150000000,8317110000000,8317100000000,1247800000,600000,100000,2000000,6200000,8317180000000,8317190000000,8317210000000,8317230000000,8317260000000,192500000,200000,500000,300000,200000
1791427386,920624799,1151,1747767917,D,N,8317170000000,8317160000000,8317150000000,8317110000000,8317100000000,1247800000,600000,100000,2000000,6200000,8317180000000,8317190000000,8317210000000,8317230000000,8317260000000,194000000,200000,500000,300000,200000
1791427387,31316598,1152,1747767917,D,N,8317170000000,8317160000000,8317150000000,8317110000000,8317100000000,1245400000,600000,100000,2000000,6200000,8317180000000,8317190000000,8317210000000,8317230000000,8317260000000,194100000,200000,500000,300000,200000
1791427387,120078540,1153,1747767917,D,N,8317170000000,8317160000000,8317150000000,8317110000000,8317100000000,1205900000,600000,100000,2000000,6200000,8317180000000,8317190000000,8317210000000,8317230000000,8317260000000,229900000,200000,500000,300000,200000
1791427387,123805516,1154,1747767917,S,N,8317170000000,8317160000000,8317150000000,8317110000000,8317100000000,1205900000,600000,100000,2000000,6200000,8317180000000,8317190000000,8317210000000,8317230000000,8317260000000,229900000,200000,500000,300000,200000
1791427387,220580752,1155,1747767917,D,N,8317170000000,8317160000000,8317150000000,8317120000000,8317110000000,1155200000,500000,100000,400000,2000000,8317180000000,8317190000000,8317210000000,8317230000000,8317260000000,263800000,200000,500000,300000,200000
1791427387,223982868,1156,1747767917,S,N,8317170000000,8317160000000,8317150000000,8317120000000,8317110000000,1155200000,500000,100000,400000,2000000,8317180000000,8317190000000,8317210000000,8317230000000,8317260000000,263800000,200000,500000,300000,200000
1791427387,320716541,1157,1747767917,D,N,8317170000000,8317160000000,8317150000000,8317120000000,8317110000000,897900000,500000,100000,400000,2000000,8317180000000,8317190000000,8317210000000,8317230000000,8317260000000,267800000,2700000,500000,300000,200000
1791427387,322751184,1158,1747767917,S,N,8317170000000,8317160000000,8317150000000,8317120000000,8317110000000,897900000,500000,100000,400000,2000000,8317180000000,8317190000000,8317210000000,8317230000000,8317260000000,267800000,2700000,500000,300000,200000
1791427387,421728198,1159,1747767917,D,N,8317170000000,8317160000000,8317150000000,8317110000000,8317100000000,891300000,500000,100000,2000000,200000,8317180000000,8317190000000,8317210000000,8317220000000,8317230000000,322200000,2800000,500000,6100000,300000
1791427387,520927047,1160,1747767917,D,N,8317170000000,8317160000000,8317150000000,8317110000000,8317100000000,894700000,500000,100000,8100000,100000,8317180000000,8317190000000,8317210000000,8317220000000,8317230000000,310100000,2800000,500000,6100000,400000
1791427387,525146608,1161,1747767917,S,N,8317170000000,8317160000000,8317150000000,8317110000000,8317100000000,894700000,500000,100000,8100000,100000,8317180000000,8317190000000,8317210000000,8317220000000,8317230000000,310100000,2800000,500000,6100000,400000
1791427387,628916935,1162,1747767917,D,N,8317170000000,8317160000000,8317150000000,8317110000000,8317100000000,900800000,500000,100000,2000000,100000,8317180000000,8317190000000,8317210000000,8317230000000,8317260000000,309300000,2800000,500000,400000,6300000
1791427387,720488029,1163,1747767917,D,N,8317170000000,8317160000000,8317150000000,8317110000000,8317100000000,900800000,500000,100000,2000000,100000,8317180000000,8317190000000,8317210000000,8317230000000,8317260000000,309300000,2800000,500000,400000,6300000
1791427387,723170825,1164,1747767917,S,N,8317170000000,8317160000000,8317150000000,8317110000000,8317100000000,900800000,500000,100000,2000000,100000,8317180000000,8317190000000,8317210000000,8317230000000,8317260000000,309300000,2800000,500000,400000,6300000
1791427387,820890450,1165,1747767917,D,N,8317170000000,8317160000000,8317150000000,8317110000000,8317070000000,141500000,400000,100000,2000000,500000,8317180000000,8317190000000,8317210000000,8317230000000,8317260000000,486500000,2800000,500000,400000,7000000
1791427387,920270355,1166,1747767917,D,N,8317170000000,8317160000000,8317150000000,8317070000000,8317010000000,139400000,400000,100000,500000,100000,8317180000000,8317190000000,8317210000000,8317230000000,8317260000000,487100000,2800000,500000,600000,10000000
1791427388,20725710,1167,1747767917,D,N,8317170000000,8317160000000,8317150000000,8317070000000,8317010000000,139300000,400000,100000,500000,100000,8317180000000,8317190000000,8317210000000,8317230000000,8317260000000,487200000,2800000,500000,600000,10000000
1791427388,23039632,1168,1747767917,S,N,8317170000000,8317160000000,8317150000000,8317070000000,8317010000000,139300000,400000,100000,500000,100000,8317180000000,8317190000000,8317210000000,8317230000000,8317260000000,487200000,2800000,500000,600000,10000000
1791427388,120810133,1169,1747767917,D,N,8317170000000,8317160000000,8317150000000,8317070000000,8317010000000,247400000,400000,100000,300000,100000,8317180000000,8317190000000,8317210000000,8317230000000,8317250000000,440300000,2800000,500000,600000,100000
1791427388,220948568,1170,1747767917,D,N,8317170000000,8317160000000,8317150000000,8317070000000,8317010000000,293300000,400000,100000,300000,100000,8317180000000,8317190000000,8317210000000,8317230000000,8317250000000,440300000,2800000,700000,600000,100000
1791427388,224565657,1171,1747767917,S,N,8317170000000,8317160000000,8317150000000,8317070000000,8317010000000,293300000,400000,100000,300000,100000,8317180000000,8317190000000,8317210000000,8317230000000,8317250000000,440300000,2800000,700000,600000,100000
1791427388,322707582,1172,1747767917,D,N,8317170000000,8317160000000,8317150000000,8317070000000,8317010000000,290700000,400000,100000,300000,100000,8317180000000,8317190000000,8317210000000,8317230000000,8317250000000,440400000,2800000,700000,600000,100000
1791427388,331886512,1173,1747767917,S,N,8317170000000,8317160000000,8317150000000,8317070000000,8317010000000,290700000,400000,100000,300000,100000,8317180000000,8317190000000,8317210000000,8317230000000,8317250000000,440400000,2800000,700000,600000,100000
1791427388,718824241,1174,1747767917,D,N,8317170000000,8317160000000,8317150000000,8317070000000,8317030000000,303500000,400000,100000,6400000,100000,8317180000000,8317190000000,8317210000000,8317230000000,8317250000000,285400000,200000,700000,400000,6100000
1791427388,722507007,1175,1747767917,D,N,8317170000000,8317160000000,8317150000000,8317070000000,8317030000000,303500000,400000,100000,6400000,100000,8317180000000,8317190000000,8317210000000,8317230000000,8317250000000,282700000,300000,700000,400000,6100000
1791427388,724440781,1176,1747767917,D,N,8317170000000,8317160000000,8317150000000,8317070000000,8317030000000,303400000,400000,100000,300000,100000,8317180000000,8317190000000,8317210000000,8317230000000,8317250000000,281900000,300000,700000,400000,6100000
1791427388,725727088,1177,1747767917,S,N,8317170000000,8317160000000,8317150000000,8317070000000,8317030000000,303400000,400000,100000,300000,100000,8317180000000,8317190000000,8317210000000,8317230000000,8317250000000,281900000,300000,700000,400000,6100000
1791427388,726858415,1178,1747767917,D,N,8317170000000,8317160000000,8317150000000,8317090000000,8317070000000,303200000,400000,100000,6100000,300000,8317180000000,8317190000000,8317210000000,8317230000000,8317250000000,282100000,300000,700000,400000,6100000
1791427388,824545495,1179,1747767917,D,N,8317170000000,8317160000000,8317150000000,8317070000000,8317030000000,303500000,400000,100000,300000,100000,8317180000000,8317190000000,8317210000000,8317230000000,8317250000000,282100000,300000,700000,400000,6100000
1791427388,846663073,1180,1747767917,S,N,8317170000000,8317160000000,8317150000000,8317070000000,8317030000000,303500000,400000,100000,300000,100000,8317180000000,8317190000000,8317210000000,8317230000000,8317250000000,282100000,300000,700000,400000,6100000
1791427388,920790014,1181,1747767917,D,N,8317170000000,8317160000000,8317150000000,8317070000000,8317030000000,303500000,400000,100000,300000,100000,8317180000000,8317190000000,8317210000000,8317230000000,8317250000000,282200000,300000,700000,400000,6100000
1791427388,989221895,1182,1747767917,S,N,8317170000000,8317160000000,8317150000000,8317070000000,8317030000000,303500000,400000,100000,300000,100000,8317180000000,8317190000000,8317210000000,8317230000000,8317250000000,282200000,300000,700000,400000,6100000
1791427389,20911001,1183,1747767917,D,N,8317170000000,8317160000000,8317150000000,8317070000000,8317030000000,303500000,400000,100000,300000,100000,8317180000000,8317190000000,8317210000000,8317230000000,8317250000000,282200000,300000,700000,400000,6100000
1791427389,120044172,1184,1747767917,D,N,8317170000000,8317160000000,8317150000000,8317070000000,8317030000000,303500000,400000,100000,300000,100000,8317180000000,8317190000000,8317200000000,8317210000000,8317230000000,217600000,300000,6100000,700000,400000
1791427389,218863461,1185,1747767917,D,N,8317170000000,8317160000000,8317150000000,8317080000000,8317070000000,303600000,400000,100000,6100000,300000,8317180000000,8317190000000,8317200000000,8317210000000,8317230000000,217600000,300000,6100000,700000,400000
1791427389,319836202,1186,1747767917,D,N,8317170000000,8317160000000,8317150000000,8317080000000,8317070000000,303600000,400000,100000,6100000,300000,8317180000000,8317190000000,8317200000000,8317210000000,8317230000000,217600000,300000,6100000,700000,400000
1791427389,420550545,1187,1747767917,D,N,8317170000000,8317160000000,8317150000000,8317080000000,8317070000000,306000000,400000,100000,6100000,300000,8317180000000,8317190000000,8317200000000,8317210000000,8317230000000,217600000,300000,6100000,700000,400000
1791427389,521455549,1188,1747767917,D,N,8317170000000,8317160000000,8317150000000,8317070000000,8317030000000,309800000,400000,100000,300000,100000,8317180000000,8317190000000,8317200000000,8317210000000,8317230000000,217600000,300000,6100000,700000,400000
1791427389,547187471,1189,1747767917,S,N,8317170000000,8317160000000,8317150000000,8317070000000,8317030000000,309800000,400000,100000,300000,100000,8317180000000,8317190000000,8317200000000,8317210000000,8317230000000,217600000,300000,6100000,700000,400000
1791427389,620663319,1190,1747767917,D,N,8317170000000,8317160000000,8317150000000,8317070000000,8317030000000,309800000,400000,100000,300000,100000,8317180000000,8317190000000,8317200000000,8317210000000,8317230000000,217600000,300000,6100000,700000,400000
1791427389,720039890,1191,1747767917,D,N,8317170000000,8317160000000,8317150000000,8317070000000,8317030000000,309700000,400000,100000,300000,100000,8317180000000,8317190000000,8317200000000,8317210000000,8317230000000,217600000,300000,6100000,700000,400000
1791427389,821408561,1192,1747767917,D,N,8317170000000,8317160000000,8317150000000,8317070000000,8317030000000,309700000,400000,100000,300000,100000,8317180000000,8317190000000,8317200000000,8317210000000,8317230000000,217500000,300000,6100000,700000,400000
1791427389,920074537,1193,1747767917,D,N,8317170000000,8317160000000,8317150000000,8317070000000,8317030000000,309800000,400000,100000,300000,100000,8317180000000,8317190000000,8317200000000,8317210000000,8317230000000,218700000,300000,6100000,700000,400000
1791427390,21945787,1194,1747767917,D,N,8317170000000,8317160000000,8317150000000,8317070000000,8317030000000,309800000,400000,100000,300000,100000,8317180000000,8317190000000,8317200000000,8317210000000,8317230000000,218700000,30400000,6100000,700000,400000
1791427390,122336158,1195,1747767917,D,N,8317170000000,8317160000000,8317150000000,8317070000000,8317030000000,309800000,400000,100000,300000,100000,8317180000000,8317190000000,8317200000000,8317210000000,8317230000000,254300000,30400000,6100000,3200000,400000
1791427390,224367110,1196,1747767917,D,N,8317170000000,8317160000000,8317150000000,8317070000000,8317030000000,309700000,400000,100000,300000,100000,8317180000000,8317190000000,8317200000000,8317210000000,8317230000000,254300000,30400000,6100000,3200000,400000
1791427390,325899421,1197,1747767917,D,N,8317170000000,8317160000000,8317150000000,8317070000000,8317030000000,212200000,400000,100000,300000,100000,8317180000000,8317190000000,8317200000000,8317210000000,8317230000000,300400000,30400000,6100000,3200000,400000
1791427390,423354944,1198,1747767917,D,N,8317170000000,8317160000000,8317150000000,8317070000000,8317030000000,269800000,400000,100000,300000,100000,8317180000000,8317190000000,8317200000000,8317210000000,8317230000000,300400000,30400000,6100000,3200000,400000
1791427390,522017072,1199,1747767917,D,N,8317170000000,8317160000000,8317150000000,8317070000000,8317030000000,269800000,400000,100000,300000,100000,8317180000000,8317190000000,8317200000000,8317210000000,8317230000000,300400000,30400000,6100000,3200000,400000
1791427390,624086745,1200,1747767917,D,N,8317170000000,8317160000000,8317150000000,8317070000000,8317030000000,272900000,400000,100000,300000,100000,8317180000000,8317190000000,8317200000000,8317210000000,8317220000000,254400000,30400000,6100000,3200000,200000
1791427390,723329867,1201,1747767917,D,N,8317170000000,8317160000000,8317150000000,8317070000000,8317030000000,269700000,400000,100000,300000,100000,8317180000000,8317190000000,8317200000000,8317210000000,8317220000000,254500000,30400000,6100000,3200000,200000
1791427391,579554801,1202,1747767917,D,N,8317170000000,8317160000000,8317150000000,8317070000000,8317030000000,275400000,400000,100000,300000,100000,8317180000000,8317190000000,8317200000000,8317210000000,8317230000000,254500000,30400000,6100000,3200000,400000
1791427391,596191564,1203,1747767917,S,N,8317170000000,8317160000000,8317150000000,8317070000000,8317030000000,275400000,400000,100000,300000,100000,8317180000000,8317190000000,8317200000000,8317210000000,8317230000000,254500000,30400000,6100000,3200000,400000
1791427391,678836545,1204,1747767917,D,N,8317170000000,8317160000000,8317150000000,8317070000000,8317030000000,331600000,400000,100000,300000,100000,8317180000000,8317190000000,8317200000000,8317210000000,8317230000000,254500000,30400000,6100000,3200000,400000
1791427391,776335898,1205,1747767917,D,N,8317170000000,8317160000000,8317150000000,8317070000000,8317030000000,376600000,400000,100000,300000,100000,8317180000000,8317190000000,8317200000000,8317210000000,8317230000000,254600000,30400000,6100000,3200000,400000
1791427391,878482322,1206,1747767917,D,N,8317170000000,8317160000000,8317150000000,8317070000000,8317030000000,376600000,400000,100000,300000,100000,8317180000000,8317190000000,8317200000000,8317210000000,8317230000000,254400000,30400000,6100000,3200000,400000
1791427391,976509700,1207,1747767917,D,N,8317170000000,8317160000000,8317150000000,8317070000000,8317030000000,377100000,400000,100000,300000,100000,8317180000000,8317190000000,8317200000000,8317210000000,8317230000000,235200000,30400000,8600000,700000,400000
1791427392,8491320,1208,1747767917,S,N,8317170000000,8317160000000,8317150000000,8317070000000,8317030000000,377100000,400000,100000,300000,100000,8317180000000,8317190000000,8317200000000,8317210000000,8317230000000,235200000,30400000,8600000,700000,400000
1791427392,80911507,1209,1747767917,D,N,8317170000000,8317160000000,8317150000000,8317070000000,8317030000000,377100000,400000,100000,300000,100000,8317180000000,8317190000000,8317200000000,8317210000000,8317230000000,235200000,30400000,8600000,700000,400000
1791427392,183306858,1210,1747767917,D,N,8317170000000,8317160000000,8317150000000,8317070000000,8317030000000,377500000,400000,100000,300000,100000,8317180000000,8317190000000,8317200000000,8317210000000,8317230000000,234400000,30400000,8600000,700000,400000
1791427392,280480728,1211,1747767917,D,N,8317170000000,8317160000000,8317150000000,8317070000000,8317030000000,386100000,400000,100000,300000,100000,8317180000000,8317190000000,8317200000000,8317210000000,8317230000000,234300000,30400000,8600000,700000,400000
1791427392,376858581,1212,1747767917,D,N,8317170000000,8317160000000,8317150000000,8317070000000,8317030000000,386100000,400000,100000,300000,100000,8317180000000,8317190000000,8317200000000,8317210000000,8317230000000,234300000,30400000,8600000,700000,400000
1791427392,477003464,1213,1747767917,D,N,8317170000000,8317160000000,8317150000000,8317070000000,8317030000000,386400000,400000,100000,300000,100000,8317180000000,8317190000000,8317200000000,8317210000000,8317230000000,234400000,30400000,8600000,700000,400000
1791427392,486444918,1214,1747767917,S,N,8317170000000,8317160000000,8317150000000,8317070000000,8317030000000,386400000,400000,100000,300000,100000,8317180000000,8317190000000,8317200000000,8317210000000,8317230000000,234400000,30400000,8600000,700000,400000
1791427392,579053383,1215,1747767917,D,N,8317170000000,8317160000000,8317150000000,8317070000000,8317030000000,386400000,400000,100000,300000,100000,8317180000000,8317190000000,8317200000000,8317210000000,8317230000000,234400000,30400000,8600000,700000,400000
1791427392,678077453,1216,1747767917,D,N,8317170000000,8317160000000,8317150000000,8317070000000,8317030000000,386100000,400000,100000,300000,100000,8317180000000,8317190000000,8317200000000,8317210000000,8317230000000,234400000,30400000,8600000,700000,400000
1791427392,777903929,1217,1747767917,D,N,8317170000000,8317160000000,8317150000000,8317070000000,8317030000000,386100000,400000,100000,300000,100000,8317180000000,8317190000000,8317200000000,8317210000000,8317230000000,234400000,30400000,8600000,700000,400000
1791427392,892665165,1218,1747767917,D,N,8317170000000,8317160000000,8317150000000,8317070000000,8317030000000,373900000,400000,100000,300000,100000,8317180000000,8317190000000,8317200000000,8317210000000,8317230000000,222400000,30400000,8600000,800000,400000
1791427392,895587826,1219,1747767917,S,N,8317170000000,8317160000000,8317150000000,8317070000000,8317030000000,373900000,400000,100000,300000,100000,8317180000000,8317190000000,8317200000000,8317210000000,8317230000000,222400000,30400000,8600000,800000,400000
1791427392,979042288,1220,1747767917,D,N,8317170000000,8317160000000,8317150000000,8317070000000,8317030000000,373900000,400000,100000,300000,100000,8317180000000,8317190000000,8317200000000,8317210000000,8317230000000,222400000,30400000,8600000,800000,400000
1791427393,78201583,1221,1747767917,D,N,8317170000000,8317160000000,8317150000000,8317070000000,8317030000000,373600000,400000,100000,300000,100000,8317180000000,8317190000000,8317200000000,8317210000000,8317230000000,222400000,30400000,8600000,800000,400000
1791427393,179007749,1222,1747767917,D,N,8317170000000,8317160000000,8317150000000,8317070000000,8317030000000,374200000,400000,100000,300000,100000,8317180000000,8317190000000,8317200000000,8317210000000,8317230000000,175100000,30400000,6100000,800000,2900000
1791427393,279326282,1223,1747767917,D,N,8317170000000,8317160000000,8317150000000,8317070000000,8317030000000,374200000,400000,100000,300000,100000,8317180000000,8317190000000,8317200000000,8317210000000,8317230000000,191400000,30400000,6100000,800000,2900000
1791427393,317975972,1224,1747767917,S,N,8317170000000,8317160000000,8317150000000,8317070000000,8317030000000,374200000,400000,100000,300000,100000,8317180000000,8317190000000,8317200000000,8317210000000,8317230000000,191400000,30400000,6100000,800000,2900000
1791427393,379799398,1225,1747767917,D,N,8317170000000,8317160000000,8317150000000,8317070000000,8317030000000,374200000,400000,100000,300000,100000,8317180000000,8317190000000,8317200000000,8317210000000,8317230000000,191400000,30400000,6100000,800000,2900000
1791427393,480366661,1226,1747767917,D,N,8317170000000,8317160000000,8317150000000,8317070000000,8317040000000,374300000,400000,100000,300000,6100000,8317180000000,8317190000000,8317200000000,8317210000000,8317230000000,189000000,30400000,6100000,800000,400000
1791427393,594501893,1227,1747767917,D,N,8317170000000,8317160000000,8317150000000,8317070000000,8317030000000,374300000,400000,100000,300000,100000,8317180000000,8317190000000,8317200000000,8317210000000,8317230000000,190200000,30400000,6100000,800000,400000
1791427393,680949970,1228,1747767917,D,N,8317170000000,8317160000000,8317150000000,8317070000000,8317030000000,389700000,400000,100000,300000,100000,8317180000000,8317190000000,8317200000000,8317210000000,8317230000000,190300000,30400000,6100000,800000,400000
1791427393,763978808,1229,1747767917,S,N,8317170000000,8317160000000,8317150000000,8317070000000,8317030000000,389700000,400000,100000,300000,100000,8317180000000,8317190000000,8317200000000,8317210000000,8317230000000,190300000,30400000,6100000,800000,400000
1791427393,780435436,1230,1747767917,D,N,8317170000000,8317160000000,8317150000000,8317070000000,8317030000000,389700000,400000,100000,300000,100000,8317180000000,8317190000000,8317200000000,8317210000000,8317230000000,190300000,30400000,6100000,800000,400000
1791427393,880809198,1231,1747767917,D,N,8317170000000,8317160000000,8317150000000,8317070000000,8317030000000,389700000,400000,100000,300000,100000,8317180000000,8317190000000,8317200000000,8317210000000,8317230000000,190400000,30400000,6100000,800000,400000
1791427393,981488395,1232,1747767917,D,N,8317170000000,8317160000000,8317150000000,8317070000000,8317030000000,389700000,400000,100000,300000,100000,8317180000000,8317190000000,8317200000000,8317210000000,8317230000000,190400000,30400000,6100000,800000,400000
1791427394,81306812,1233,1747767917,D,N,8317170000000,8317160000000,8317150000000,8317070000000,8317030000000,389700000,400000,100000,300000,100000,8317180000000,8317190000000,8317200000000,8317210000000,8317230000000,190400000,30400000,6100000,800000,400000
1791427394,181882330,1234,1747767917,D,N,8317170000000,8317160000000,8317150000000,8317070000000,8317040000000,389700000,400000,100000,300000,100000,8317180000000,8317190000000,8317200000000,8317210000000,8317230000000,190400000,30400000,6100000,800000,400000
1791427394,296807388,1235,1747767917,D,N,8317170000000,8317160000000,8317150000000,8317070000000,8317040000000,389700000,400000,100000,300000,100000,8317180000000,8317190000000,8317200000000,8317210000000,8317230000000,190400000,30400000,6100000,800000,400000
1791427394,381664511,1236,1747767917,D,N,8317170000000,8317160000000,8317150000000,8317070000000,8317040000000,389700000,400000,100000,300000,100000,8317180000000,8317190000000,8317200000000,8317210000000,8317230000000,190400000,30400000,6100000,800000,400000
1791427394,482063333,1237,1747767917,D,N,8317170000000,8317160000000,8317150000000,8317070000000,8317040000000,389700000,400000,100000,300000,100000,8317180000000,8317190000000,8317200000000,8317210000000,8317220000000,190600000,30400000,6100000,800000,2500000
1791427394,502217608,1238,1747767917,S,N,8317170000000,8317160000000,8317150000000,8317070000000,8317040000000,389700000,400000,100000,300000,100000,8317180000000,8317190000000,8317200000000,8317210000000,8317220000000,190600000,30400000,6100000,800000,2500000
1791427394,582020905,1239,1747767917,D,N,8317170000000,8317160000000,8317150000000,8317070000000,8317040000000,389900000,400000,100000,300000,100000,8317180000000,8317190000000,8317200000000,8317210000000,8317220000000,190600000,30400000,6100000,800000,2500000
1791427394,682306712,1240,1747767917,D,N,8317170000000,8317160000000,8317150000000,8317070000000,8317040000000,389900000,400000,100000,300000,100000,8317180000000,8317190000000,8317200000000,8317210000000,8317220000000,190600000,30400000,6100000,800000,2500000
1791427394,709187335,1241,1747767917,S,N,8317170000000,8317160000000,8317150000000,8317070000000,8317040000000,389900000,400000,100000,300000,100000,8317180000000,8317190000000,8317200000000,8317210000000,8317220000000,190600000,30400000,6100000,800000,2500000
1791427394,784214626,1242,1747767917,D,N,8317170000000,8317160000000,8317150000000,8317070000000,8317040000000,389900000,400000,100000,300000,100000,8317180000000,8317190000000,8317200000000,8317210000000,8317220000000,190600000,30400000,6100000,800000,2500000
1791427394,897539886,1243,1747767917,D,N,8317170000000,8317160000000,8317150000000,8317070000000,8317040000000,389900000,400000,100000,300000,100000,8317180000000,8317190000000,8317200000000,8317210000000,8317220000000,194200000,30400000,6100000,800000,2500000
1791427394,983023504,1244,1747767917,D,N,8317170000000,8317160000000,8317150000000,8317070000000,8317040000000,390100000,400000,100000,300000,100000,8317180000000,8317190000000,8317200000000,8317210000000,8317220000000,194200000,30400000,6100000,800000,2500000
1791427395,83918019,1245,1747767917,D,N,8317170000000,8317160000000,8317150000000,8317070000000,8317040000000,390100000,400000,100000,300000,100000,8317180000000,8317190000000,8317200000000,8317210000000,8317220000000,194200000,52000000,6100000,800000,2500000
1791427395,184645566,1246,1747767917,D,N,8317170000000,8317160000000,8317150000000,8317070000000,8317040000000,407400000,400000,100000,300000,100000,8317180000000,8317190000000,8317200000000,8317210000000,8317220000000,215900000,30400000,6100000,800000,2500000
1791427395,281451598,1247,1747767917,S,N,8317170000000,8317160000000,8317150000000,8317070000000,8317040000000,407400000,400000,100000,300000,100000,8317180000000,8317190000000,8317200000000,8317210000000,8317220000000,215900000,30400000,6100000,800000,2500000
1791427395,285286731,1248,1747767917,D,N,8317170000000,8317160000000,8317150000000,8317070000000,8317040000000,407400000,400000,100000,300000,100000,8317180000000,8317190000000,8317200000000,8317210000000,8317220000000,215900000,30400000,6100000,800000,2500000
1791427395,398115905,1249,1747767917,D,N,8317170000000,8317160000000,8317150000000,8317070000000,8317040000000,407400000,400000,100000,300000,100000,8317180000000,8317190000000,8317200000000,8317210000000,8317220000000,215900000,30400000,6100000,800000,2500000
1791427395,487656165,1250,1747767917,D,N,8317170000000,8317160000000,8317150000000,8317070000000,8317030000000,304900000,400000,100000,300000,100000,8317180000000,8317190000000,8317200000000,8317210000000,8317220000000,370100000,30400000,6100000,800000,2500000
1791427395,585394913,1251,1747767917,D,N,8317170000000,8317160000000,8317150000000,8317070000000,8317030000000,226700000,400000,100000,300000,100000,8317180000000,8317190000000,8317200000000,8317210000000,8317220000000,385800000,30400000,6100000,800000,2500000
1791427395,685294603,1252,1747767917,D,N,8317170000000,8317160000000,8317150000000,8317070000000,8317030000000,228400000,400000,100000,300000,100000,8317180000000,8317190000000,8317200000000,8317210000000,8317220000000,385800000,30400000,6100000,800000,2500000
1791427395,787353170,1253,1747767917,D,N,8317170000000,8317160000000,8317150000000,8317070000000,8317030000000,68600000,300000,100000,300000,100000,8317180000000,8317190000000,8317200000000,8317210000000,8317220000000,443800000,30400000,6300000,800000,2500000
1791427395,885677826,1254,1747767917,D,N,8317170000000,8317160000000,8317150000000,8317070000000,8317030000000,68600000,300000,100000,300000,100000,8317180000000,8317190000000,8317200000000,8317210000000,8317220000000,969500000,30400000,6300000,800000,2500000
1791427395,906248586,1255,1747767917,S,N,8317170000000,8317160000000,8317150000000,8317070000000,8317030000000,68600000,300000,100000,300000,100000,8317180000000,8317190000000,8317200000000,8317210000000,8317220000000,969500000,30400000,6300000,800000,2500000
1791427395,985596286,1256,1747767917,D,N,8317170000000,8317160000000,8317150000000,8317070000000,8317030000000,68400000,300000,100000,300000,100000,8317180000000,8317190000000,8317200000000,8317210000000,8317220000000,969900000,30400000,6300000,800000,2500000
1791427396,6504517,1257,1747767917,S,N,8317170000000,8317160000000,8317150000000,8317070000000,8317030000000,68400000,300000,100000,300000,100000,8317180000000,8317190000000,8317200000000,8317210000000,8317220000000,969900000,30400000,6300000,800000,2500000
1791427396,85455486,1258,1747767917,D,N,8317170000000,8317160000000,8317150000000,8317070000000,8317030000000,68400000,1000000,100000,300000,100000,8317180000000,8317190000000,8317200000000,8317210000000,8317220000000,969800000,30400000,6300000,800000,2500000
1791427396,202976052,1259,1747767917,D,N,8317170000000,8317160000000,8317150000000,8317070000000,8317030000000,74300000,1200000,100000,300000,100000,8317180000000,8317190000000,8317200000000,8317210000000,8317220000000,969800000,30400000,6100000,800000,2500000
1791427396,217771558,1260,1747767917,S,N,8317170000000,8317160000000,8317150000000,8317070000000,8317030000000,74300000,1200000,100000,300000,100000,8317180000000,8317190000000,8317200000000,8317210000000,8317220000000,969800000,30400000,6100000,800000,2500000
1791427396,287097007,1261,1747767917,D,N,8317170000000,8317160000000,8317150000000,8317070000000,8317030000000,74200000,1200000,100000,300000,100000,8317180000000,8317190000000,8317200000000,8317210000000,8317220000000,945600000,30400000,6100000,800000,2500000
1791427396,402860242,1262,1747767917,D,N,8317170000000,8317160000000,8317150000000,8317070000000,8317030000000,75100000,1200000,100000,300000,100000,8317180000000,8317190000000,8317200000000,8317210000000,8317220000000,945500000,30600000,6100000,800000,2500000
1791427396,486282568,1263,1747767917,D,N,8317170000000,8317160000000,8317150000000,8317070000000,8317030000000,75100000,1200000,100000,300000,100000,8317180000000,8317190000000,8317200000000,8317210000000,8317220000000,922300000,30600000,6100000,800000,2500000
1791427396,518725386,1264,1747767917,S,N,8317170000000,8317160000000,8317150000000,8317070000000,8317030000000,75100000,1200000,100000,300000,100000,8317180000000,8317190000000,8317200000000,8317210000000,8317220000000,922300000,30600000,6100000,800000,2500000
1791427396,598989587,1265,1747767917,D,N,8317170000000,8317160000000,8317150000000,8317070000000,8317030000000,75100000,1200000,100000,300000,100000,8317180000000,8317190000000,8317200000000,8317210000000,8317220000000,922300000,30600000,6100000,800000,2500000
1791427396,738879224,1266,1747767917,D,N,8317170000000,8317160000000,8317150000000,8317070000000,8317030000000,75100000,1200000,100000,300000,100000,8317180000000,8317190000000,8317200000000,8317210000000,8317220000000,946400000,30600000,6100000,800000,2500000
1791427396,837077304,1267,1747767917,D,N,8317170000000,8317160000000,8317150000000,8317070000000,8317030000000,75100000,1200000,100000,300000,100000,8317180000000,8317190000000,8317200000000,8317210000000,8317220000000,939900000,30600000,6100000,800000,2500000
1791427396,854394416,1268,1747767917,S,N,8317170000000,8317160000000,8317150000000,8317070000000,8317030000000,75100000,1200000,100000,300000,100000,8317180000000,8317190000000,8317200000000,8317210000000,8317220000000,939900000,30600000,6100000,800000,2500000
1791427396,898367890,1269,1747767917,D,N,8317170000000,8317160000000,8317150000000,8317070000000,8317030000000,75100000,1200000,100000,300000,100000,8317180000000,8317190000000,8317200000000,8317210000000,8317220000000,939900000,30600000,6100000,800000,2500000
1791427396,991970296,1270,1747767917,D,N,8317170000000,8317160000000,8317150000000,8317070000000,8317030000000,75100000,1200000,100000,300000,100000,8317180000000,8317190000000,8317200000000,8317210000000,8317220000000,939900000,30600000,6100000,800000,2500000
1791427397,97913035,1271,1747767917,D,N,8317170000000,8317160000000,8317150000000,8317070000000,8317030000000,75000000,1200000,100000,300000,100000,8317180000000,8317190000000,8317200000000,8317210000000,8317220000000,940100000,30600000,6100000,800000,2500000
1791427397,192292491,1272,1747767917,D,N,8317170000000,8317160000000,8317150000000,8317070000000,8317030000000,75100000,1200000,100000,300000,100000,8317180000000,8317190000000,8317200000000,8317210000000,8317220000000,940400000,30600000,6100000,800000,2500000
1791427397,285530400,1273,1747767917,S,N,8317170000000,8317160000000,8317150000000,8317070000000,8317030000000,75100000,1200000,100000,300000,100000,8317180000000,8317190000000,8317200000000,8317210000000,8317220000000,940400000,30600000,6100000,800000,2500000
1791427397,289277676,1274,1747767917,D,N,8317170000000,8317160000000,8317150000000,8317070000000,8317030000000,75100000,1200000,100000,300000,100000,8317180000000,8317190000000,8317200000000,8317210000000,8317220000000,940400000,30600000,6100000,800000,2500000
1791427397,392690456,1275,1747767917,D,N,8317170000000,8317160000000,8317150000000,8317070000000,8317030000000,75100000,1200000,100000,300000,100000,8317180000000,8317190000000,8317200000000,8317210000000,8317220000000,940400000,30600000,6100000,800000,2500000
1791427397,533516347,1276,1747767917,D,N,8317170000000,8317160000000,8317150000000,8317070000000,8317030000000,75100000,1200000,100000,300000,100000,8317180000000,8317190000000,8317200000000,8317210000000,8317220000000,940400000,30600000,6100000,800000,2500000
1791427397,634516506,1277,1747767917,D,N,8317170000000,8317160000000,8317150000000,8317070000000,8317030000000,75100000,1200000,100000,300000,100000,8317180000000,8317190000000,8317200000000,8317210000000,8317220000000,940400000,30600000,6100000,800000,2500000
1791427397,689466666,1278,1747767917,D,N,8317170000000,8317160000000,8317150000000,8317070000000,8317030000000,75100000,1200000,100000,300000,100000,8317180000000,8317190000000,8317200000000,8317210000000,8317220000000,940300000,30600000,6100000,800000,2500000
1791427397,693674945,1279,1747767917,S,N,8317170000000,8317160000000,8317150000000,8317070000000,8317030000000,75100000,1200000,100000,300000,100000,8317180000000,8317190000000,8317200000000,8317210000000,8317220000000,940300000,30600000,6100000,800000,2500000
1791427397,789638476,1280,1747767917,D,N,8317170000000,8317160000000,8317150000000,8317070000000,8317030000000,75100000,1200000,100000,300000,100000,8317180000000,8317190000000,8317200000000,8317210000000,8317220000000,940300000,30600000,6100000,800000,2500000
1791427397,910408070,1281,1747767917,D,N,8317170000000,8317160000000,8317150000000,8317070000000,8317030000000,75000000,1200000,100000,300000,100000,8317180000000,8317190000000,8317200000000,8317210000000,8317220000000,940300000,30600000,6100000,800000,2500000
1791427397,991085709,1282,1747767917,D,N,8317170000000,8317160000000,8317150000000,8317070000000,8317030000000,75000000,1200000,100000,300000,100000,8317180000000,8317190000000,8317200000000,8317210000000,8317220000000,940300000,30600000,6100000,800000,2500000
1791427398,98504520,1283,1747767917,D,N,8317170000000,8317160000000,8317150000000,8317070000000,8317030000000,75000000,1200000,100000,300000,100000,8317180000000,8317190000000,8317200000000,8317210000000,8317220000000,939900000,30600000,6100000,800000,2500000
1791427398,239345250,1284,1747767917,D,N,8317170000000,8317160000000,8317150000000,8317070000000,8317030000000,75000000,1200000,100000,300000,100000,8317180000000,8317190000000,8317200000000,8317210000000,8317220000000,939900000,30600000,6100000,800000,2500000
1791427398,290963242,1285,1747767917,D,N,8317170000000,8317160000000,8317150000000,8317070000000,8317030000000,75000000,1200000,100000,300000,100000,8317180000000,8317190000000,8317200000000,8317210000000,8317220000000,940000000,30600000,6100000,800000,2500000
1791427398,395262058,1286,1747767917,D,N,8317170000000,8317160000000,8317150000000,8317070000000,8317030000000,75000000,1200000,100000,300000,100000,8317180000000,8317190000000,8317200000000,8317210000000,8317220000000,940000000,30600000,6100000,800000,2500000
1791427398,491124367,1287,1747767917,D,N,8317170000000,8317160000000,8317150000000,8317070000000,8317030000000,75000000,1200000,100000,300000,100000,8317180000000,8317190000000,8317200000000,8317210000000,8317220000000,940000000,30600000,6100000,800000,2500000
1791427398,602084276,1288,1747767917,D,N,8317000000000,8316990000000,8316910000000,8316880000000,8316850000000,16400000,200000,200000,100000,100000,8317010000000,8317020000000,8317100000000,8317140000000,8317150000000,956000000,30400000,33300000,3600000,29500000
1791427398,696755605,1289,1747767917,D,N,8317000000000,8316990000000,8316980000000,8316910000000,8316880000000,294500000,300000,100000,200000,100000,8317010000000,8317020000000,8317030000000,8317100000000,8317140000000,1310900000,30700000,100000,33300000,3600000
1791427398,791664481,1290,1747767917,D,N,8317000000000,8316990000000,8316980000000,8316910000000,8316880000000,26900000,200000,100000,200000,100000,8317010000000,8317020000000,8317030000000,8317060000000,8317100000000,1343400000,30800000,100000,2500000,33600000
1791427398,839148116,1291,1747767917,S,N,8317000000000,8316990000000,8316980000000,8316910000000,8316880000000,26900000,200000,100000,200000,100000,8317010000000,8317020000000,8317030000000,8317060000000,8317100000000,1343400000,30800000,100000,2500000,33600000
1791427398,893705267,1292,1747767917,D,N,8317000000000,8316990000000,8316980000000,8316910000000,8316880000000,16400000,200000,100000,200000,100000,8317010000000,8317020000000,8317030000000,8317060000000,8317100000000,1343400000,30800000,100000,2500000,33600000
1791427398,983293793,1293,1747767917,D,N,8317000000000,8316990000000,8316980000000,8316910000000,8316880000000,282900000,500000,100000,200000,100000,8317010000000,8317020000000,8317030000000,8317060000000,8317100000000,1315900000,30800000,100000,2500000,33300000
1791427399,25818636,1294,1747767917,S,N,8317000000000,8316990000000,8316980000000,8316910000000,8316880000000,282900000,500000,100000,200000,100000,8317010000000,8317020000000,8317030000000,8317060000000,8317100000000,1315900000,30800000,100000,2500000,33300000
1791427399,87417969,1295,1747767917,D,N,8317000000000,8316990000000,8316980000000,8316910000000,8316880000000,294400000,500000,100000,200000,100000,8317010000000,8317020000000,8317030000000,8317060000000,8317100000000,1301200000,30800000,100000,2500000,33300000
1791427399,121792268,1296,1747767917,S,N,8317000000000,8316990000000,8316980000000,8316910000000,8316880000000,294400000,500000,100000,200000,100000,8317010000000,8317020000000,8317030000000,8317060000000,8317100000000,1301200000,30800000,100000,2500000,33300000
1791427399,175275684,1297,1747767917,D,N,8317000000000,8316990000000,8316980000000,8316910000000,8316880000000,294400000,500000,100000,200000,100000,8317010000000,8317020000000,8317030000000,8317060000000,8317100000000,1301200000,30800000,100000,2500000,33300000
1791427399,314737142,1298,1747767917,D,N,8317000000000,8316990000000,8316980000000,8316910000000,8316880000000,288000000,500000,100000,200000,100000,8317010000000,8317020000000,8317030000000,8317060000000,8317100000000,1301300000,30800000,100000,2500000,33300000
1791427399,367612977,1299,1747767917,D,N,8317000000000,8316990000000,8316980000000,8316910000000,8316880000000,204300000,500000,100000,200000,100000,8317010000000,8317020000000,8317030000000,8317060000000,8317100000000,1301200000,30800000,100000,2500000,33300000
1791427399,507662539,1300,1747767917,D,N,8317000000000,8316990000000,8316980000000,8316910000000,8316880000000,32400000,400000,100000,200000,100000,8317010000000,8317020000000,8317030000000,8317060000000,8317100000000,1302600000,30800000,500000,2500000,33300000
1791427399,561629893,1301,1747767917,D,N,8317000000000,8316990000000,8316980000000,8316910000000,8316890000000,34800000,400000,100000,200000,27300000,8317010000000,8317020000000,8317030000000,8317060000000,8317100000000,1302800000,30800000,500000,2700000,33300000
1791427399,603378535,1302,1747767917,S,N,8317000000000,8316990000000,8316980000000,8316910000000,8316890000000,34800000,400000,100000,200000,27300000,8317010000000,8317020000000,8317030000000,8317060000000,8317100000000,1302800000,30800000,500000,2700000,33300000
1791427399,677628296,1303,1747767917,D,N,8317000000000,8316990000000,8316980000000,8316910000000,8316890000000,40700000,400000,100000,200000,27300000,8317010000000,8317020000000,8317030000000,8317060000000,8317100000000,1302800000,30800000,500000,2700000,33300000
1791427399,697759583,1304,1747767917,S,N,8317000000000,8316990000000,8316980000000,8316910000000,8316890000000,40700000,400000,100000,200000,27300000,8317010000000,8317020000000,8317030000000,8317060000000,8317100000000,1302800000,30800000,500000,2700000,33300000
1791427399,911388468,1305,1747767917,D,N,8317000000000,8316990000000,8316980000000,8316910000000,8316890000000,40700000,400000,100000,200000,27300000,8317010000000,8317020000000,8317030000000,8317060000000,8317100000000,1302800000,30800000,500000,2700000,33300000
1791427399,912857409,1306,1747767917,D,N,8317000000000,8316990000000,8316980000000,8316910000000,8316890000000,82300000,400000,100000,200000,27300000,8317010000000,8317020000000,8317030000000,8317060000000,8317100000000,1302700000,30800000,500000,2700000,33300000
1791427399,993186556,1307,1747767917,D,N,8317000000000,8316990000000,8316980000000,8316910000000,8316890000000,66700000,400000,100000,200000,27300000,8317010000000,8317020000000,8317030000000,8317060000000,8317100000000,1181500000,30800000,500000,2700000,33300000
1791427400,39304663,1308,1747767917,D,N,8317000000000,8316990000000,8316980000000,8316910000000,8316890000000,64400000,400000,100000,200000,27300000,8317010000000,8317020000000,8317030000000,8317060000000,8317100000000,1181700000,30800000,500000,2700000,33300000
1791427400,150229570,1309,1747767917,D,N,8317000000000,8316990000000,8316980000000,8316910000000,8316890000000,25800000,400000,100000,200000,27300000,8317010000000,8317020000000,8317030000000,8317040000000,8317060000000,1181700000,30800000,500000,500000,2700000
1791427400,231369924,1310,1747767917,D,N,8317000000000,8316990000000,8316980000000,8316910000000,8316890000000,25800000,400000,100000,200000,27300000,8317010000000,8317020000000,8317030000000,8317040000000,8317060000000,1181700000,30800000,500000,700000,2700000
1791427400,356194483,1311,1747767917,D,N,8317000000000,8316990000000,8316980000000,8316910000000,8316890000000,25800000,400000,100000,200000,27300000,8317010000000,8317020000000,8317030000000,8317040000000,8317060000000,1181900000,30800000,500000,700000,2700000
1791427400,422951999,1312,1747767917,D,N,8317000000000,8316990000000,8316980000000,8316910000000,8316890000000,28700000,400000,100000,200000,27300000,8317010000000,8317020000000,8317030000000,8317040000000,8317060000000,1182000000,30800000,500000,700000,2700000
1791427400,520477658,1313,1747767917,D,N,8317000000000,8316990000000,8316980000000,8316910000000,8316890000000,25800000,400000,100000,200000,27300000,8317010000000,8317020000000,8317030000000,8317040000000,8317060000000,1181900000,30800000,500000,700000,2700000
1791427400,669502615,1314,1747767917,D,N,8317000000000,8316990000000,8316980000000,8316910000000,8316890000000,134700000,500000,100000,200000,27300000,8317010000000,8317020000000,8317030000000,8317040000000,8317060000000,1179300000,30800000,100000,700000,2700000
1791427400,764523049,1315,1747767917,D,N,8317000000000,8316990000000,8316980000000,8316910000000,8316890000000,200900000,500000,100000,200000,27300000,8317010000000,8317020000000,8317030000000,8317040000000,8317060000000,1179300000,30800000,100000,700000,2700000
1791427400,851474050,1316,1747767917,D,N,8317000000000,8316990000000,8316980000000,8316910000000,8316890000000,207400000,500000,100000,200000,27300000,8317010000000,8317020000000,8317030000000,8317040000000,8317060000000,1176600000,30800000,100000,700000,2700000
1791427400,911306345,1317,1747767917,D,N,8317000000000,8316990000000,8316980000000,8316910000000,8316890000000,345000000,500000,100000,200000,27300000,8317010000000,8317020000000,8317030000000,8317040000000,8317060000000,669400000,30800000,100000,700000,2700000
1791427401,41544464,1318,1747767917,D,N,8317000000000,8316990000000,8316980000000,8316910000000,8316900000000,575500000,300000,100000,2700000,700000,8317010000000,8317020000000,8317030000000,8317040000000,8317060000000,43600000,30300000,100000,700000,200000
1791427401,157920005,1319,1747767917,D,N,8317010000000,8317000000000,8316990000000,8316980000000,8316910000000,1524700000,66700000,200000,100000,2700000,8317020000000,8317030000000,8317040000000,8317060000000,8317160000000,30400000,100000,700000,200000,100000
1791427401,199476125,1320,1747767917,D,N,8317010000000,8317000000000,8316990000000,8316920000000,8316910000000,756000000,66700000,200000,400000,2700000,8317020000000,8317030000000,8317040000000,8317060000000,8317090000000,64900000,200000,700000,200000,15400000
1791427401,300382013,1321,1747767917,D,N,8317010000000,8317000000000,8316990000000,8316920000000,8316910000000,755300000,66700000,200000,400000,2700000,8317020000000,8317030000000,8317040000000,8317060000000,8317090000000,65000000,200000,700000,200000,15400000
1791427401,387110193,1322,1747767917,D,N,8317010000000,8317000000000,8316990000000,8316920000000,8316910000000,744300000,66700000,200000,400000,2700000,8317020000000,8317030000000,8317040000000,8317060000000,8317090000000,63200000,200000,700000,200000,15400000
1791427401,490382703,1323,1747767917,S,N,8317010000000,8317000000000,8316990000000,8316920000000,8316910000000,744300000,66700000,200000,400000,2700000,8317020000000,8317030000000,8317040000000,8317060000000,8317090000000,63200000,200000,700000,200000,15400000
1791427401,491739480,1324,1747767917,D,N,8317010000000,8317000000000,8316990000000,8316920000000,8316910000000,744300000,66700000,200000,400000,2700000,8317020000000,8317030000000,8317040000000,8317060000000,8317090000000,63200000,200000,700000,200000,15400000
1791427401,577242806,1325,1747767917,D,N,8317010000000,8317000000000,8316990000000,8316920000000,8316910000000,714700000,61500000,200000,400000,2700000,8317020000000,8317030000000,8317040000000,8317060000000,8317090000000,63300000,200000,700000,200000,15400000
1791427401,730754001,1326,1747767917,D,N,8317010000000,8317000000000,8316990000000,8316920000000,8316910000000,715400000,60800000,200000,400000,2700000,8317020000000,8317030000000,8317040000000,8317060000000,8317090000000,63900000,200000,700000,200000,15400000
1791427401,826398766,1327,1747767917,D,N,8317010000000,8317000000000,8316990000000,8316920000000,8316910000000,715400000,60800000,200000,400000,2700000,8317020000000,8317030000000,8317040000000,8317060000000,8317090000000,63900000,200000,700000,200000,15400000
1791427401,866720622,1328,1747767917,D,N,8317010000000,8317000000000,8316990000000,8316920000000,8316910000000,716200000,60800000,200000,400000,2700000,8317020000000,8317030000000,8317040000000,8317060000000,8317090000000,63900000,200000,700000,200000,15400000
1791427401,988272035,1329,1747767917,D,N,8317010000000,8317000000000,8316990000000,8316920000000,8316910000000,698200000,60800000,200000,400000,2700000,8317020000000,8317030000000,8317040000000,8317060000000,8317090000000,63900000,200000,700000,200000,15400000
1791427402,59258059,1330,1747767917,D,N,8317010000000,8317000000000,8316990000000,8316920000000,8316910000000,698100000,60800000,200000,400000,2700000,8317020000000,8317030000000,8317040000000,8317060000000,8317090000000,64000000,200000,700000,200000,15400000
1791427402,165963679,1331,1747767917,D,N,8317010000000,8317000000000,8316990000000,8316920000000,8316910000000,698200000,60800000,200000,400000,2700000,8317020000000,8317030000000,8317040000000,8317060000000,8317090000000,64400000,200000,700000,200000,15400000
1791427402,255126324,1332,1747767917,D,N,8317010000000,8317000000000,8316990000000,8316920000000,8316910000000,698200000,60800000,200000,400000,2700000,8317020000000,8317030000000,8317040000000,8317060000000,8317090000000,64600000,200000,700000,200000,15400000
1791427402,404654979,1333,1747767917,D,N,8317010000000,8317000000000,8316990000000,8316920000000,8316910000000,628200000,60800000,200000,400000,2700000,8317020000000,8317030000000,8317040000000,8317060000000,8317090000000,64800000,200000,700000,200000,15400000
1791427402,500764486,1334,1747767917,D,N,8317010000000,8317000000000,8316990000000,8316920000000,8316910000000,698200000,60800000,200000,400000,2700000,8317020000000,8317030000000,8317040000000,8317060000000,8317090000000,64800000,200000,700000,200000,15400000
1791427402,542793535,1335,1747767917,D,N,8317010000000,8317000000000,8316990000000,8316920000000,8316910000000,698200000,60800000,200000,400000,2700000,8317020000000,8317030000000,8317040000000,8317060000000,8317090000000,64800000,200000,700000,200000,15400000
1791427402,635896306,1336,1747767917,D,N,8317010000000,8317000000000,8316990000000,8316920000000,8316910000000,704000000,60800000,200000,400000,2700000,8317020000000,8317030000000,8317040000000,8317060000000,8317090000000,78700000,200000,700000,200000,15400000
1791427402,706262750,1337,1747767917,S,N,8317010000000,8317000000000,8316990000000,8316920000000,8316910000000,704000000,60800000,200000,400000,2700000,8317020000000,8317030000000,8317040000000,8317060000000,8317090000000,78700000,200000,700000,200000,15400000
1791427402,775920742,1338,1747767917,D,N,8317010000000,8317000000000,8316990000000,8316920000000,8316910000000,704000000,60800000,200000,400000,2700000,8317020000000,8317030000000,8317040000000,8317060000000,8317090000000,78700000,200000,700000,200000,15400000
1791427402,832150405,1339,1747767917,D,N,8317010000000,8317000000000,8316990000000,8316920000000,8316910000000,704000000,60800000,200000,400000,2700000,8317020000000,8317030000000,8317040000000,8317060000000,8317090000000,78700000,200000,700000,200000,15400000
1791427402,941730922,1340,1747767917,D,N,8317010000000,8317000000000,8316990000000,8316920000000,8316910000000,704200000,63200000,200000,400000,2700000,8317020000000,8317030000000,8317040000000,8317060000000,8317090000000,78700000,200000,700000,200000,15400000
1791427402,969040142,1341,1747767917,S,N,8317010000000,8317000000000,8316990000000,8316920000000,8316910000000,704200000,63200000,200000,400000,2700000,8317020000000,8317030000000,8317040000000,8317060000000,8317090000000,78700000,200000,700000,200000,15400000
1791427403,57339555,1342,1747767917,D,N,8317010000000,8317000000000,8316990000000,8316920000000,8316910000000,703400000,63200000,200000,400000,2700000,8317020000000,8317030000000,8317040000000,8317060000000,8317090000000,78700000,200000,700000,200000,15400000
1791427403,138537782,1343,1747767917,D,N,8317010000000,8317000000000,8316990000000,8316920000000,8316910000000,705700000,63200000,200000,400000,2700000,8317020000000,8317030000000,8317040000000,8317060000000,8317090000000,64900000,200000,700000,200000,15400000
1791427403,260893963,1344,1747767917,D,N,8317010000000,8317000000000,8316990000000,8316920000000,8316910000000,705700000,63200000,200000,400000,2700000,8317020000000,8317030000000,8317040000000,8317060000000,8317090000000,64900000,200000,700000,200000,15400000
1791427403,332808098,1345,1747767917,D,N,8317010000000,8317000000000,8316990000000,8316920000000,8316910000000,699100000,63200000,200000,200000,2700000,8317020000000,8317030000000,8317040000000,8317060000000,8317090000000,78700000,200000,700000,200000,15400000
1791427403,498497589,1346,1747767917,D,N,8317010000000,8317000000000,8316990000000,8316910000000,8316890000000,699100000,63200000,200000,2700000,33500000,8317020000000,8317030000000,8317040000000,8317060000000,8317090000000,78800000,200000,700000,200000,15400000
1791427403,500172539,1347,1747767917,S,N,8317010000000,8317000000000,8316990000000,8316910000000,8316890000000,699100000,63200000,200000,2700000,33500000,8317020000000,8317030000000,8317040000000,8317060000000,8317090000000,78800000,200000,700000,200000,15400000
1791427403,533844100,1348,1747767917,D,N,8317010000000,8317000000000,8316990000000,8316910000000,8316890000000,699200000,63200000,200000,2700000,33500000,8317020000000,8317030000000,8317040000000,8317060000000,8317090000000,69000000,200000,700000,200000,15400000
1791427403,563895752,1349,1747767917,S,N,8317010000000,8317000000000,8316990000000,8316910000000,8316890000000,699200000,63200000,200000,2700000,33500000,8317020000000,8317030000000,8317040000000,8317060000000,8317090000000,69000000,200000,700000,200000,15400000
1791427403,649957943,1350,1747767917,D,N,8317010000000,8317000000000,8316990000000,8316910000000,8316890000000,699200000,63200000,200000,2700000,33500000,8317020000000,8317030000000,8317040000000,8317060000000,8317090000000,69000000,200000,700000,200000,15400000
1791427403,735423745,1351,1747767917,D,N,8317010000000,8317000000000,8316990000000,8316910000000,8316890000000,699200000,63200000,200000,2700000,33500000,8317020000000,8317030000000,8317040000000,8317060000000,8317090000000,69000000,200000,700000,200000,15400000
1791427403,851004239,1352,1747767917,D,N,8317010000000,8317000000000,8316990000000,8316910000000,8316890000000,699200000,63200000,200000,2700000,33500000,8317020000000,8317030000000,8317040000000,8317060000000,8317090000000,69000000,200000,700000,200000,15400000
1791427403,961538902,1353,1747767917,D,N,8317010000000,8317000000000,8316990000000,8316910000000,8316890000000,699200000,63200000,200000,2700000,33500000,8317020000000,8317030000000,8317040000000,8317060000000,8317090000000,69000000,200000,700000,200000,15400000
1791427404,36163214,1354,1747767917,D,N,8317010000000,8317000000000,8316990000000,8316910000000,8316890000000,698900000,63200000,200000,2700000,33500000,8317020000000,8317030000000,8317040000000,8317060000000,8317090000000,66700000,200000,700000,200000,15400000
1791427404,53231844,1355,1747767917,S,N,8317010000000,8317000000000,8316990000000,8316910000000,8316890000000,698900000,63200000,200000,2700000,33500000,8317020000000,8317030000000,8317040000000,8317060000000,8317090000000,66700000,200000,700000,200000,15400000
1791427404,202318601,1356,1747767917,D,N,8317010000000,8317000000000,8316990000000,8316910000000,8316890000000,698900000,63200000,200000,2700000,33500000,8317020000000,8317030000000,8317040000000,8317060000000,8317090000000,66700000,200000,700000,200000,15400000
1791427404,265816709,1357,1747767917,D,N,8317010000000,8317000000000,8316990000000,8316910000000,8316890000000,686200000,63200000,200000,2700000,33500000,8317020000000,8317030000000,8317040000000,8317060000000,8317090000000,80400000,200000,700000,200000,15400000
1791427404,347488087,1358,1747767917,D,N,8317010000000,8317000000000,8316990000000,8316910000000,8316890000000,685300000,63200000,200000,2700000,33500000,8317020000000,8317030000000,8317040000000,8317060000000,8317090000000,122400000,300000,700000,200000,15400000
1791427404,369509507,1359,1747767917,S,N,8317010000000,8317000000000,8316990000000,8316910000000,8316890000000,685300000,63200000,200000,2700000,33500000,8317020000000,8317030000000,8317040000000,8317060000000,8317090000000,122400000,300000,700000,200000,15400000
1791427404,445173065,1360,1747767917,D,N,8317010000000,8317000000000,8316990000000,8316910000000,8316890000000,685300000,63200000,200000,2700000,33500000,8317020000000,8317030000000,8317040000000,8317060000000,8317090000000,122400000,300000,700000,200000,15400000
1791427404,588098369,1361,1747767917,D,N,8317010000000,8317000000000,8316990000000,8316910000000,8316890000000,685300000,63200000,200000,2700000,33700000,8317020000000,8317030000000,8317040000000,8317060000000,8317090000000,118000000,200000,700000,200000,15400000
1791427404,590211175,1362,1747767917,S,N,8317010000000,8317000000000,8316990000000,8316910000000,8316890000000,685300000,63200000,200000,2700000,33700000,8317020000000,8317030000000,8317040000000,8317060000000,8317090000000,118000000,200000,700000,200000,15400000
1791427404,634133522,1363,1747767917,D,N,8317010000000,8317000000000,8316990000000,8316910000000,8316890000000,685300000,63200000,200000,2700000,33700000,8317020000000,8317030000000,8317040000000,8317060000000,8317090000000,118000000,200000,700000,200000,15400000
1791427404,749557835,1364,1747767917,D,N,8317010000000,8317000000000,8316990000000,8316910000000,8316890000000,690600000,63200000,200000,2700000,33700000,8317020000000,8317030000000,8317040000000,8317060000000,8317090000000,118100000,200000,700000,200000,15400000
1791427404,865050975,1365,1747767917,D,N,8317010000000,8317000000000,8316990000000,8316910000000,8316890000000,613200000,63200000,200000,2700000,33500000,8317020000000,8317030000000,8317040000000,8317060000000,8317090000000,76400000,200000,700000,200000,15400000
1791427404,943963842,1366,1747767917,D,N,8317010000000,8317000000000,8316990000000,8316910000000,8316890000000,613300000,63200000,200000,2700000,33500000,8317020000000,8317030000000,8317040000000,8317060000000,8317090000000,76400000,200000,700000,200000,15400000
1791427405,67505056,1367,1747767917,D,N,8317010000000,8317000000000,8316990000000,8316910000000,8316890000000,613600000,63200000,200000,2700000,33500000,8317020000000,8317030000000,8317040000000,8317060000000,8317090000000,76400000,200000,700000,200000,15400000
1791427405,137080889,1368,1747767917,D,N,8317010000000,8317000000000,8316990000000,8316910000000,8316890000000,613600000,63200000,200000,2700000,33500000,8317020000000,8317030000000,8317040000000,8317060000000,8317090000000,62700000,200000,700000,200000,15400000
1791427405,304139733,1369,1747767917,D,N,8317010000000,8317000000000,8316990000000,8316910000000,8316890000000,613700000,63200000,200000,2700000,33500000,8317020000000,8317030000000,8317040000000,8317060000000,8317090000000,76700000,200000,700000,200000,15400000
1791427405,318044547,1370,1747767917,S,N,8317010000000,8317000000000,8316990000000,8316910000000,8316890000000,613700000,63200000,200000,2700000,33500000,8317020000000,8317030000000,8317040000000,8317060000000,8317090000000,76700000,200000,700000,200000,15400000
1791427405,697180103,1371,1747767917,D,N,8317010000000,8317000000000,8316990000000,8316910000000,8316890000000,613600000,63200000,200000,2700000,33500000,8317020000000,8317030000000,8317040000000,8317060000000,8317090000000,76700000,200000,700000,200000,15400000
1791427405,699016431,1372,1747767917,S,N,8317010000000,8317000000000,8316990000000,8316910000000,8316890000000,613600000,63200000,200000,2700000,33500000,8317020000000,8317030000000,8317040000000,8317060000000,8317090000000,76700000,200000,700000,200000,15400000
1791427405,771926870,1373,1747767917,D,N,8317010000000,8317000000000,8316990000000,8316910000000,8316890000000,613600000,63200000,200000,2700000,33500000,8317020000000,8317030000000,8317040000000,8317060000000,8317090000000,76800000,200000,700000,200000,15400000
1791427405,773497111,1374,1747767917,S,N,8317010000000,8317000000000,8316990000000,8316910000000,8316890000000,613600000,63200000,200000,2700000,33500000,8317020000000,8317030000000,8317040000000,8317060000000,8317090000000,76800000,200000,700000,200000,15400000
1791427405,774469100,1375,1747767917,D,N,8317010000000,8317000000000,8316990000000,8316910000000,8316890000000,613500000,63200000,200000,2700000,33500000,8317020000000,8317030000000,8317040000000,8317060000000,8317090000000,76800000,200000,700000,200000,15400000
1791427405,819527754,1376,1747767917,D,N,8317010000000,8317000000000,8316990000000,8316910000000,8316890000000,613600000,63200000,200000,2700000,33500000,8317020000000,8317030000000,8317040000000,8317060000000,8317090000000,76800000,200000,700000,200000,15400000
1791427405,822030572,1377,1747767917,D,N,8317010000000,8317000000000,8316990000000,8316910000000,8316890000000,613900000,63200000,200000,2700000,33500000,8317020000000,8317030000000,8317040000000,8317060000000,8317090000000,76200000,200000,700000,200000,15400000
1791427405,895266216,1378,1747767917,D,N,8317010000000,8317000000000,8316990000000,8316910000000,8316890000000,613800000,63200000,200000,2700000,33500000,8317020000000,8317030000000,8317040000000,8317060000000,8317090000000,76200000,200000,700000,200000,15400000
1791427406,11955566,1379,1747767917,D,N,8317010000000,8317000000000,8316990000000,8316910000000,8316890000000,613800000,63200000,200000,2700000,33500000,8317020000000,8317030000000,8317040000000,8317060000000,8317090000000,76200000,200000,700000,200000,15400000
1791427406,36242052,1380,1747767917,D,N,8317010000000,8317000000000,8316990000000,8316910000000,8316890000000,613800000,63200000,200000,2700000,33500000,8317020000000,8317030000000,8317040000000,8317060000000,8317090000000,76200000,200000,700000,200000,15400000
1791427406,163238856,1381,1747767917,D,N,8317010000000,8317000000000,8316990000000,8316910000000,8316890000000,613800000,63200000,200000,2700000,33500000,8317020000000,8317030000000,8317040000000,8317060000000,8317090000000,76300000,200000,700000,200000,15400000
1791427406,246948333,1382,1747767917,D,N,8317010000000,8317000000000,8316990000000,8316910000000,8316890000000,613700000,63200000,200000,2700000,33500000,8317020000000,8317030000000,8317040000000,8317060000000,8317090000000,280800000,300000,700000,200000,15400000
1791427406,388784782,1383,1747767917,D,N,8317010000000,8317000000000,8316990000000,8316910000000,8316890000000,543700000,63200000,200000,2700000,33500000,8317020000000,8317030000000,8317040000000,8317060000000,8317090000000,280800000,300000,700000,200000,15400000
1791427406,457226660,1384,1747767917,D,N,8317010000000,8317000000000,8316990000000,8316910000000,8316890000000,543700000,63000000,200000,2700000,33500000,8317020000000,8317030000000,8317040000000,8317060000000,8317090000000,251900000,300000,700000,200000,15400000
1791427406,559523830,1385,1747767917,D,N,8317010000000,8317000000000,8316990000000,8316910000000,8316890000000,543900000,63000000,200000,2700000,33500000,8317020000000,8317030000000,8317040000000,8317060000000,8317090000000,252000000,300000,700000,200000,15400000
1791427406,711862739,1386,1747767917,D,N,8317010000000,8317000000000,8316990000000,8316910000000,8316890000000,543900000,63000000,200000,2700000,33500000,8317020000000,8317030000000,8317040000000,8317060000000,8317090000000,252000000,300000,700000,200000,15400000
1791427406,741477712,1387,1747767917,D,N,8317010000000,8317000000000,8316990000000,8316910000000,8316890000000,543900000,63000000,200000,2700000,33500000,8317020000000,8317030000000,8317040000000,8317060000000,8317090000000,252000000,300000,700000,200000,15400000
1791427406,875285773,1388,1747767917,D,N,8317010000000,8317000000000,8316990000000,8316910000000,8316900000000,544300000,63000000,200000,2700000,200000,8317020000000,8317030000000,8317040000000,8317060000000,8317090000000,252000000,300000,700000,200000,15400000
1791427406,947717065,1389,1747767917,D,N,8317010000000,8317000000000,8316990000000,8316910000000,8316900000000,544300000,63000000,200000,2900000,200000,8317020000000,8317030000000,8317040000000,8317060000000,8317090000000,249400000,300000,700000,200000,15400000
1791427406,953213226,1390,1747767917,S,N,8317010000000,8317000000000,8316990000000,8316910000000,8316900000000,544300000,63000000,200000,2900000,200000,8317020000000,8317030000000,8317040000000,8317060000000,8317090000000,249400000,300000,700000,200000,15400000
1791427407,98002620,1391,1747767917,D,N,8317010000000,8317000000000,8316990000000,8316910000000,8316900000000,544200000,63000000,200000,2900000,200000,8317020000000,8317030000000,8317040000000,8317060000000,8317090000000,239500000,300000,700000,200000,15400000
1791427407,99878933,1392,1747767917,S,N,8317010000000,8317000000000,8316990000000,8316910000000,8316900000000,544200000,63000000,200000,2900000,200000,8317020000000,8317030000000,8317040000000,8317060000000,8317090000000,239500000,300000,700000,200000,15400000
1791427407,140357036,1393,1747767917,D,N,8317010000000,8317000000000,8316990000000,8316910000000,8316900000000,614200000,63000000,200000,2900000,200000,8317020000000,8317030000000,8317040000000,8317060000000,8317090000000,239500000,300000,700000,200000,15400000
1791427407,151603172,1394,1747767917,S,N,8317010000000,8317000000000,8316990000000,8316910000000,8316900000000,614200000,63000000,200000,2900000,200000,8317020000000,8317030000000,8317040000000,8317060000000,8317090000000,239500000,300000,700000,200000,15400000
1791427407,258753199,1395,1747767917,D,N,8317010000000,8317000000000,8316990000000,8316910000000,8316900000000,614200000,63100000,200000,2900000,200000,8317020000000,8317030000000,8317040000000,8317060000000,8317090000000,239500000,300000,700000,200000,15400000
1791427407,366880912,1396,1747767917,D,N,8317010000000,8317000000000,8316990000000,8316910000000,8316890000000,612900000,63100000,200000,2700000,33500000,8317020000000,8317030000000,8317040000000,8317060000000,8317090000000,243900000,300000,700000,200000,15400000
1791427407,370144597,1397,1747767917,S,N,8317010000000,8317000000000,8316990000000,8316910000000,8316890000000,612900000,63100000,200000,2700000,33500000,8317020000000,8317030000000,8317040000000,8317060000000,8317090000000,243900000,300000,700000,200000,15400000
1791427407,449652668,1398,1747767917,D,N,8317010000000,8317000000000,8316990000000,8316910000000,8316890000000,612900000,63100000,200000,2700000,33500000,8317020000000,8317030000000,8317040000000,8317060000000,8317090000000,243900000,300000,700000,200000,15400000
1791427407,571562906,1399,1747767917,D,N,8317010000000,8317000000000,8316990000000,8316910000000,8316890000000,612900000,63100000,200000,2700000,33500000,8317020000000,8317030000000,8317040000000,8317060000000,8317090000000,243900000,300000,700000,200000,15400000
1791427407,645083625,1400,1747767917,D,N,8317010000000,8317000000000,8316990000000,8316910000000,8316890000000,612900000,60600000,200000,2700000,33500000,8317020000000,8317030000000,8317040000000,8317060000000,8317090000000,243900000,300000,700000,200000,15400000
1791427407,823630507,1401,1747767917,D,N,8317010000000,8317000000000,8316990000000,8316950000000,8316910000000,613100000,60600000,2700000,2500000,2700000,8317020000000,8317030000000,8317040000000,8317060000000,8317090000000,243900000,300000,700000,200000,15400000
1791427407,839294920,1402,1747767917,D,N,8317010000000,8317000000000,8316990000000,8316950000000,8316910000000,613100000,60600000,2700000,2500000,2700000,8317020000000,8317030000000,8317040000000,8317060000000,8317090000000,243900000,300000,700000,200000,15400000
1791427407,988223632,1403,1747767917,D,N,8317010000000,8317000000000,8316990000000,8316950000000,8316910000000,613100000,60600000,2700000,2500000,2700000,8317020000000,8317030000000,8317040000000,8317060000000,8317090000000,243900000,300000,700000,200000,15400000
1791427408,29129131,1404,1747767917,D,N,8317010000000,8317000000000,8316990000000,8316950000000,8316910000000,613000000,60600000,2700000,2500000,2700000,8317020000000,8317030000000,8317040000000,8317060000000,8317090000000,243800000,300000,700000,200000,15400000
1791427408,128827918,1405,1747767917,D,N,8317010000000,8317000000000,8316990000000,8316950000000,8316910000000,612900000,60600000,2700000,2500000,2700000,8317020000000,8317030000000,8317040000000,8317060000000,8317090000000,243900000,300000,700000,200000,15400000
1791427408,185325032,1406,1747767917,S,N,8317010000000,8317000000000,8316990000000,8316950000000,8316910000000,612900000,60600000,2700000,2500000,2700000,8317020000000,8317030000000,8317040000000,8317060000000,8317090000000,243900000,300000,700000,200000,15400000
1791427408,228854296,1407,1747767917,D,N,8317010000000,8317000000000,8316990000000,8316950000000,8316910000000,612900000,60600000,2700000,2500000,2700000,8317020000000,8317030000000,8317040000000,8317060000000,8317090000000,239500000,300000,700000,200000,15400000
1791427408,328430383,1408,1747767917,D,N,8317010000000,8317000000000,8316990000000,8316950000000,8316910000000,613000000,60600000,2700000,2500000,2700000,8317020000000,8317030000000,8317040000000,8317060000000,8317090000000,238300000,300000,700000,200000,15400000
1791427408,390194891,1409,1747767917,S,N,8317010000000,8317000000000,8316990000000,8316950000000,8316910000000,613000000,60600000,2700000,2500000,2700000,8317020000000,8317030000000,8317040000000,8317060000000,8317090000000,238300000,300000,700000,200000,15400000
1791427408,428889539,1410,1747767917,D,N,8317010000000,8317000000000,8316990000000,8316950000000,8316910000000,613000000,60600000,2700000,2500000,2700000,8317020000000,8317030000000,8317040000000,8317060000000,8317090000000,238300000,300000,700000,200000,15400000
1791427408,528353102,1411,1747767917,D,N,8317010000000,8317000000000,8316990000000,8316950000000,8316910000000,619000000,60600000,2700000,2500000,2700000,8317020000000,8317030000000,8317040000000,8317060000000,8317090000000,239100000,300000,700000,200000,15400000
1791427408,595873554,1412,1747767917,S,N,8317010000000,8317000000000,8316990000000,8316950000000,8316910000000,619000000,60600000,2700000,2500000,2700000,8317020000000,8317030000000,8317040000000,8317060000000,8317090000000,239100000,300000,700000,200000,15400000
1791427408,628813627,1413,1747767917,D,N,8317010000000,8317000000000,8316990000000,8316950000000,8316910000000,618900000,60600000,2700000,2500000,2700000,8317020000000,8317030000000,8317040000000,8317060000000,8317090000000,226800000,300000,700000,200000,15400000
1791427408,701098149,1414,1747767917,S,N,8317010000000,8317000000000,8316990000000,8316950000000,8316910000000,618900000,60600000,2700000,2500000,2700000,8317020000000,8317030000000,8317040000000,8317060000000,8317090000000,226800000,300000,700000,200000,15400000
1791427408,727796174,1415,1747767917,D,N,8317010000000,8317000000000,8316990000000,8316950000000,8316910000000,621400000,60600000,2700000,2500000,2700000,8317020000000,8317030000000,8317040000000,8317060000000,8317090000000,226800000,300000,700000,200000,15400000
1791427408,827668640,1416,1747767917,D,N,8317010000000,8317000000000,8316990000000,8316950000000,8316910000000,621700000,60600000,2700000,2500000,2700000,8317020000000,8317030000000,8317040000000,8317060000000,8317090000000,226800000,300000,700000,200000,15400000
1791427408,927511947,1417,1747767917,D,N,8317010000000,8317000000000,8316990000000,8316950000000,8316910000000,621200000,61300000,2700000,2500000,2700000,8317020000000,8317030000000,8317040000000,8317060000000,8317090000000,227400000,300000,700000,200000,15400000
1791427409,26585296,1418,1747767917,D,N,8317010000000,8317000000000,8316990000000,8316950000000,8316910000000,621200000,61300000,2700000,2500000,2700000,8317020000000,8317030000000,8317040000000,8317060000000,8317090000000,227300000,300000,700000,200000,15400000
1791427409,126620089,1419,1747767917,D,N,8317010000000,8317000000000,8316990000000,8316950000000,8316910000000,669200000,61300000,2700000,2500000,2700000,8317020000000,8317030000000,8317040000000,8317060000000,8317090000000,234700000,300000,700000,200000,15400000
1791427409,227078658,1420,1747767917,D,N,8317010000000,8317000000000,8316990000000,8316960000000,8316950000000,671100000,59100000,2700000,200000,2500000,8317020000000,8317030000000,8317040000000,8317060000000,8317090000000,234800000,300000,700000,200000,15400000
1791427409,326605528,1421,1747767917,D,N,8317010000000,8317000000000,8316990000000,8316950000000,8316930000000,666100000,59100000,2700000,2500000,200000,8317020000000,8317030000000,8317040000000,8317060000000,8317090000000,232100000,300000,700000,200000,15400000
1791427409,426850888,1422,1747767917,D,N,8317010000000,8317000000000,8316990000000,8316950000000,8316930000000,666100000,59100000,2700000,2500000,200000,8317020000000,8317030000000,8317040000000,8317060000000,8317090000000,232200000,300000,700000,200000,15400000
1791427409,649150320,1423,1747767917,D,N,8317080000000,8317070000000,8317050000000,8317040000000,8317030000000,3681500000,2500000,3000000,7000000,16700000,8317090000000,8317100000000,8317150000000,8317160000000,8317180000000,1200000,100000,200000,100000,3400000
1791427409,775302711,1424,1747767917,D,N,8317530000000,8317520000000,8317460000000,8317450000000,8317420000000,1001800000,8800000,4900000,4000000,200000,8317540000000,8317550000000,8317560000000,8317570000000,8317580000000,23900000,100000,22600000,34700000,1300000
1791427409,892839190,1425,1747767917,D,N,8317750000000,8317740000000,8317720000000,8317690000000,8317680000000,1435300000,200000,100000,3000000,100000,8317760000000,8317770000000,8317790000000,8317800000000,8317810000000,1074900000,100000,100000,4900000,200000
1791427409,902118993,1426,1747767917,D,N,8317750000000,8317740000000,8317730000000,8317720000000,8317680000000,1484500000,500000,500000,100000,100000,8317760000000,8317770000000,8317790000000,8317800000000,8317810000000,1073800000,100000,100000,100000,200000
1791427409,925485527,1427,1747767917,D,N,8317750000000,8317740000000,8317730000000,8317720000000,8317680000000,1578900000,500000,100000,100000,100000,8317760000000,8317770000000,8317790000000,8317800000000,8317810000000,1074000000,200000,100000,100000,200000
1791427410,150076240,1428,1747767917,D,N,8318530000000,8318500000000,8318490000000,8318480000000,8318470000000,1523500000,69900000,1500000,800000,469400000,8318560000000,8318570000000,8318600000000,8318620000000,8318630000000,200000,300000,200000,5700000,300000
1791427410,317818667,1429,1747767917,D,N,8318550000000,8318540000000,8318530000000,8318510000000,8318490000000,976600000,200000,4700000,100000,200000,8318560000000,8318570000000,8318630000000,8318640000000,8318670000000,104000000,300000,200000,200000,100000
1791427410,326365303,1430,1747767917,D,N,8318550000000,8318540000000,8318530000000,8318510000000,8318500000000,987600000,300000,4800000,100000,400000,8318560000000,8318570000000,8318630000000,8318640000000,8318670000000,104700000,400000,200000,200000,100000
1791427410,502728535,1431,1747767917,D,N,8318550000000,8318540000000,8318530000000,8318510000000,8318490000000,643500000,300000,2300000,100000,500000,8318560000000,8318570000000,8318610000000,8318630000000,8318640000000,231900000,400000,6100000,200000,300000
1791427410,507412663,1432,1747767917,D,N,8318550000000,8318540000000,8318530000000,8318510000000,8318490000000,565300000,200000,2300000,100000,400000,8318560000000,8318570000000,8318610000000,8318630000000,8318640000000,281500000,36500000,6100000,200000,300000
1791427410,524953879,1433,1747767917,D,N,8318550000000,8318540000000,8318530000000,8318510000000,8318490000000,599700000,200000,2200000,100000,400000,8318560000000,8318570000000,8318610000000,8318640000000,8318670000000,261800000,400000,6100000,300000,100000
1791427410,624383000,1434,1747767917,D,N,8318550000000,8318540000000,8318530000000,8318510000000,8318490000000,605300000,300000,4700000,100000,400000,8318560000000,8318570000000,8318640000000,8318670000000,8318680000000,256500000,400000,300000,100000,44000000
1791427410,725215246,1435,1747767917,D,N,8318550000000,8318540000000,8318530000000,8318510000000,8318490000000,605300000,300000,4700000,100000,400000,8318560000000,8318570000000,8318640000000,8318670000000,8318680000000,256600000,400000,300000,100000,44000000
1791427410,824619220,1436,1747767917,D,N,8318550000000,8318540000000,8318530000000,8318510000000,8318490000000,599700000,300000,4700000,100000,400000,8318560000000,8318570000000,8318640000000,8318670000000,8318680000000,246800000,400000,300000,100000,44000000
1791427410,922525157,1437,1747767917,D,N,8318550000000,8318540000000,8318530000000,8318510000000,8318490000000,600300000,300000,4700000,100000,400000,8318560000000,8318570000000,8318640000000,8318670000000,8318680000000,246800000,400000,300000,100000,44000000
1791427411,23015037,1438,1747767917,D,N,8318550000000,8318540000000,8318530000000,8318510000000,8318490000000,600300000,300000,4700000,100000,400000,8318560000000,8318570000000,8318640000000,8318670000000,8318680000000,247900000,400000,300000,100000,44000000
1791427411,26637526,1439,1747767917,S,N,8318550000000,8318540000000,8318530000000,8318510000000,8318490000000,600300000,300000,4700000,100000,400000,8318560000000,8318570000000,8318640000000,8318670000000,8318680000000,247900000,400000,300000,100000,44000000
1791427411,123270573,1440,1747767917,D,N,8318550000000,8318540000000,8318530000000,8318510000000,8318490000000,604900000,300000,4700000,100000,400000,8318560000000,8318570000000,8318640000000,8318670000000,8318680000000,248000000,400000,300000,100000,50100000
1791427411,126532203,1441,1747767917,S,N,8318550000000,8318540000000,8318530000000,8318510000000,8318490000000,604900000,300000,4700000,100000,400000,8318560000000,8318570000000,8318640000000,8318670000000,8318680000000,248000000,400000,300000,100000,50100000
1791427411,222763392,1442,1747767917,D,N,8318550000000,8318540000000,8318530000000,8318510000000,8318490000000,604900000,200000,2200000,100000,400000,8318560000000,8318570000000,8318640000000,8318670000000,8318680000000,269700000,400000,300000,100000,50100000
1791427411,225294595,1443,1747767917,S,N,8318550000000,8318540000000,8318530000000,8318510000000,8318490000000,604900000,200000,2200000,100000,400000,8318560000000,8318570000000,8318640000000,8318670000000,8318680000000,269700000,400000,300000,100000,50100000
1791427411,325827820,1444,1747767917,D,N,8318550000000,8318540000000,8318530000000,8318510000000,8318490000000,501400000,200000,2200000,100000,400000,8318560000000,8318570000000,8318640000000,8318670000000,8318680000000,316700000,400000,300000,100000,50100000
1791427411,422137581,1445,1747767917,D,N,8318550000000,8318540000000,8318530000000,8318510000000,8318490000000,626000000,300000,2200000,100000,400000,8318560000000,8318570000000,8318640000000,8318670000000,8318680000000,316700000,400000,300000,100000,50100000
1791427411,432257204,1446,1747767917,S,N,8318550000000,8318540000000,8318530000000,8318510000000,8318490000000,626000000,300000,2200000,100000,400000,8318560000000,8318570000000,8318640000000,8318670000000,8318680000000,316700000,400000,300000,100000,50100000
1791427411,523823443,1447,1747767917,D,N,8318550000000,8318540000000,8318530000000,8318510000000,8318490000000,626000000,300000,2200000,100000,400000,8318560000000,8318570000000,8318640000000,8318670000000,8318680000000,316700000,500000,300000,100000,50100000
1791427411,530744157,1448,1747767917,S,N,8318550000000,8318540000000,8318530000000,8318510000000,8318490000000,626000000,300000,2200000,100000,400000,8318560000000,8318570000000,8318640000000,8318670000000,8318680000000,316700000,500000,300000,100000,50100000
1791427411,622206189,1449,1747767917,D,N,8318550000000,8318540000000,8318530000000,8318510000000,8318490000000,626300000,300000,2200000,100000,400000,8318560000000,8318570000000,8318640000000,8318670000000,8318680000000,316700000,500000,300000,100000,50100000
1791427411,722777771,1450,1747767917,D,N,8318550000000,8318540000000,8318530000000,8318510000000,8318490000000,631000000,300000,2200000,100000,12700000,8318560000000,8318570000000,8318640000000,8318670000000,8318680000000,316700000,500000,300000,100000,50100000
1791427411,731786636,1451,1747767917,S,N,8318550000000,8318540000000,8318530000000,8318510000000,8318490000000,631000000,300000,2200000,100000,12700000,8318560000000,8318570000000,8318640000000,8318670000000,8318680000000,316700000,500000,300000,100000,50100000
1791427411,823052680,1452,1747767917,D,N,8318550000000,8318540000000,8318530000000,8318520000000,8318510000000,639500000,300000,2200000,6100000,100000,8318560000000,8318570000000,8318640000000,8318670000000,8318680000000,268700000,500000,300000,100000,50100000
1791427411,922617124,1453,1747767917,D,N,8318550000000,8318540000000,8318530000000,8318520000000,8318510000000,639600000,300000,2200000,6100000,100000,8318560000000,8318570000000,8318640000000,8318670000000,8318680000000,241000000,500000,300000,100000,44000000
1791427411,933013458,1454,1747767917,S,N,8318550000000,8318540000000,8318530000000,8318520000000,8318510000000,639600000,300000,2200000,6100000,100000,8318560000000,8318570000000,8318640000000,8318670000000,8318680000000,241000000,500000,300000,100000,44000000
1791427412,22708375,1455,1747767917,D,N,8318550000000,8318540000000,8318530000000,8318520000000,8318510000000,639600000,300000,2200000,6100000,100000,8318560000000,8318570000000,8318640000000,8318670000000,8318680000000,241000000,500000,300000,100000,44000000
1791427412,123901676,1456,1747767917,D,N,8318550000000,8318540000000,8318530000000,8318520000000,8318510000000,639200000,300000,2200000,6100000,100000,8318560000000,8318570000000,8318640000000,8318670000000,8318680000000,243900000,500000,300000,100000,44000000
1791427412,222451055,1457,1747767917,D,N,8318550000000,8318540000000,8318530000000,8318520000000,8318510000000,639400000,300000,2200000,6100000,100000,8318560000000,8318570000000,8318640000000,8318670000000,8318680000000,240200000,500000,300000,100000,44000000
1791427412,296342810,1458,1747767917,S,N,8318550000000,8318540000000,8318530000000,8318520000000,8318510000000,639400000,300000,2200000,6100000,100000,8318560000000,8318570000000,8318640000000,8318670000000,8318680000000,240200000,500000,300000,100000,44000000
1791427412,322821855,1459,1747767917,D,N,8318550000000,8318540000000,8318530000000,8318520000000,8318510000000,647200000,300000,2200000,6100000,100000,8318560000000,8318570000000,8318640000000,8318670000000,8318680000000,240200000,500000,300000,100000,44000000
1791427412,424259675,1460,1747767917,D,N,8318550000000,8318540000000,8318530000000,8318520000000,8318510000000,647300000,300000,2200000,6100000,100000,8318560000000,8318570000000,8318640000000,8318670000000,8318680000000,282700000,500000,300000,100000,44000000
1791427412,523595156,1461,1747767917,D,N,8318550000000,8318540000000,8318530000000,8318510000000,8318490000000,641700000,300000,2200000,100000,12700000,8318560000000,8318570000000,8318620000000,8318640000000,8318670000000,285300000,500000,6100000,300000,100000
1791427412,571757571,1462,1747767917,S,N,8318550000000,8318540000000,8318530000000,8318510000000,8318490000000,641700000,300000,2200000,100000,12700000,8318560000000,8318570000000,8318620000000,8318640000000,8318670000000,285300000,500000,6100000,300000,100000
1791427412,624273196,1463,1747767917,D,N,8318550000000,8318540000000,8318530000000,8318510000000,8318490000000,641800000,300000,2200000,100000,12700000,8318560000000,8318570000000,8318620000000,8318630000000,8318640000000,300900000,500000,6100000,36100000,300000
1791427412,725500743,1464,1747767917,D,N,8318550000000,8318540000000,8318530000000,8318510000000,8318490000000,655200000,300000,2200000,100000,12700000,8318560000000,8318570000000,8318620000000,8318630000000,8318640000000,300900000,500000,6100000,36100000,300000
1791427412,822608739,1465,1747767917,S,N,8318550000000,8318540000000,8318530000000,8318510000000,8318490000000,655200000,300000,2200000,100000,12700000,8318560000000,8318570000000,8318620000000,8318630000000,8318640000000,300900000,500000,6100000,36100000,300000
1791427412,824515286,1466,1747767917,D,N,8318550000000,8318540000000,8318530000000,8318510000000,8318490000000,655200000,300000,2200000,100000,12700000,8318560000000,8318570000000,8318620000000,8318630000000,8318640000000,300900000,500000,6100000,36100000,300000
1791427412,921242658,1467,1747767917,D,N,8318550000000,8318540000000,8318530000000,8318510000000,8318490000000,655200000,300000,2200000,100000,12700000,8318560000000,8318570000000,8318620000000,8318630000000,8318640000000,300900000,500000,6100000,36100000,300000
1791427413,19253096,1468,1747767917,D,N,8318550000000,8318540000000,8318530000000,8318510000000,8318490000000,656200000,300000,2200000,100000,12700000,8318560000000,8318570000000,8318620000000,8318630000000,8318640000000,298900000,500000,6100000,36100000,300000
1791427413,118818322,1469,1747767917,D,N,8318550000000,8318540000000,8318530000000,8318510000000,8318490000000,656200000,300000,2200000,100000,12700000,8318560000000,8318570000000,8318620000000,8318630000000,8318640000000,299000000,500000,6100000,36100000,300000
1791427413,219092742,1470,1747767917,D,N,8318550000000,8318540000000,8318530000000,8318510000000,8318490000000,645000000,300000,300000,100000,12700000,8318560000000,8318570000000,8318620000000,8318630000000,8318640000000,301500000,4600000,24000000,38600000,300000
1791427413,318996519,1471,1747767917,D,N,8318550000000,8318540000000,8318530000000,8318510000000,8318490000000,645000000,300000,300000,100000,12600000,8318560000000,8318570000000,8318620000000,8318630000000,8318640000000,299000000,4600000,6100000,38600000,300000
1791427413,418677987,1472,1747767917,D,N,8318550000000,8318540000000,8318530000000,8318510000000,8318490000000,642000000,300000,300000,100000,12600000,8318560000000,8318570000000,8318620000000,8318630000000,8318640000000,301600000,4600000,6100000,38600000,300000
1791427413,511024359,1473,1747767917,S,N,8318550000000,8318540000000,8318530000000,8318510000000,8318490000000,642000000,300000,300000,100000,12600000,8318560000000,8318570000000,8318620000000,8318630000000,8318640000000,301600000,4600000,6100000,38600000,300000
1791427413,518429513,1474,1747767917,D,N,8318550000000,8318540000000,8318530000000,8318510000000,8318490000000,596000000,300000,300000,100000,12600000,8318560000000,8318570000000,8318620000000,8318630000000,8318640000000,301600000,4600000,6100000,38600000,300000
1791427413,617969103,1475,1747767917,D,N,8318550000000,8318540000000,8318530000000,8318510000000,8318490000000,647800000,300000,300000,100000,12700000,8318560000000,8318570000000,8318620000000,8318630000000,8318640000000,307300000,4600000,25000000,38600000,300000
1791427413,717306639,1476,1747767917,D,N,8318550000000,8318540000000,8318530000000,8318510000000,8318490000000,647700000,300000,300000,100000,12700000,8318560000000,8318570000000,8318620000000,8318630000000,8318640000000,307300000,4600000,25000000,38600000,300000
1791427413,817774895,1477,1747767917,D,N,8318550000000,8318540000000,8318530000000,8318510000000,8318490000000,648300000,300000,300000,100000,12700000,8318560000000,8318570000000,8318620000000,8318630000000,8318640000000,307300000,4600000,25000000,38600000,300000
1791427413,929122653,1478,1747767917,D,N,8318550000000,8318540000000,8318530000000,8318510000000,8318490000000,648200000,300000,300000,100000,12600000,8318560000000,8318570000000,8318620000000,8318630000000,8318640000000,307300000,4600000,25000000,38600000,300000
1791427414,18020802,1479,1747767917,D,N,8318550000000,8318540000000,8318530000000,8318510000000,8318490000000,649600000,300000,300000,100000,12700000,8318560000000,8318570000000,8318620000000,8318630000000,8318640000000,308500000,4600000,25000000,38600000,300000
1791427414,119833865,1480,1747767917,D,N,8318550000000,8318540000000,8318530000000,8318510000000,8318490000000,652000000,300000,300000,100000,12700000,8318560000000,8318570000000,8318620000000,8318630000000,8318640000000,308500000,4600000,25000000,38600000,300000
1791427414,216816617,1481,1747767917,D,N,8318550000000,8318540000000,8318530000000,8318510000000,8318490000000,652000000,300000,300000,100000,12700000,8318560000000,8318570000000,8318620000000,8318630000000,8318640000000,308500000,4600000,25000000,38600000,300000
1791427414,317300430,1482,1747767917,D,N,8318550000000,8318540000000,8318530000000,8318510000000,8318490000000,651800000,300000,300000,100000,12700000,8318560000000,8318570000000,8318620000000,8318630000000,8318640000000,307700000,4600000,25000000,38600000,300000
1791427414,326719567,1483,1747767917,S,N,8318550000000,8318540000000,8318530000000,8318510000000,8318490000000,651800000,300000,300000,100000,12700000,8318560000000,8318570000000,8318620000000,8318630000000,8318640000000,307700000,4600000,25000000,38600000,300000
1791427414,416831311,1484,1747767917,D,N,8318550000000,8318540000000,8318530000000,8318510000000,8318490000000,651800000,300000,300000,100000,12700000,8318560000000,8318570000000,8318620000000,8318630000000,8318640000000,307700000,4600000,25000000,38600000,300000
1791427414,517084695,1485,1747767917,D,N,8318550000000,8318540000000,8318530000000,8318510000000,8318490000000,650400000,300000,300000,100000,12700000,8318560000000,8318570000000,8318620000000,8318630000000,8318640000000,316700000,4700000,25000000,38600000,300000
1791427414,627080600,1486,1747767917,D,N,8318550000000,8318540000000,8318530000000,8318510000000,8318490000000,650400000,300000,300000,100000,12700000,8318560000000,8318570000000,8318620000000,8318630000000,8318640000000,329400000,4600000,25000000,38600000,300000
1791427414,717195084,1487,1747767917,D,N,8318550000000,8318540000000,8318530000000,8318510000000,8318490000000,650500000,300000,300000,100000,12700000,8318560000000,8318570000000,8318620000000,8318630000000,8318640000000,329500000,4600000,25000000,38600000,300000
1791427414,820253646,1488,1747767917,D,N,8318550000000,8318540000000,8318530000000,8318510000000,8318490000000,650500000,300000,300000,100000,12700000,8318560000000,8318570000000,8318620000000,8318630000000,8318640000000,329300000,4700000,25000000,38600000,300000
1791427414,822054790,1489,1747767917,S,N,8318550000000,8318540000000,8318530000000,8318510000000,8318490000000,650500000,300000,300000,100000,12700000,8318560000000,8318570000000,8318620000000,8318630000000,8318640000000,329300000,4700000,25000000,38600000,300000
1791427414,918842261,1490,1747767917,D,N,8318550000000,8318540000000,8318530000000,8318510000000,8318490000000,650700000,300000,300000,100000,12700000,8318560000000,8318570000000,8318620000000,8318630000000,8318640000000,329400000,4700000,25000000,38600000,300000
1791427414,926274392,1491,1747767917,S,N,8318550000000,8318540000000,8318530000000,8318510000000,8318490000000,650700000,300000,300000,100000,12700000,8318560000000,8318570000000,8318620000000,8318630000000,8318640000000,329400000,4700000,25000000,38600000,300000
1791427415,15122899,1492,1747767917,D,N,8318550000000,8318540000000,8318530000000,8318510000000,8318490000000,651100000,300000,300000,100000,12700000,8318560000000,8318570000000,8318620000000,8318630000000,8318640000000,329500000,4700000,25000000,38600000,300000
1791427415,26016750,1493,1747767917,S,N,8318550000000,8318540000000,8318530000000,8318510000000,8318490000000,651100000,300000,300000,100000,12700000,8318560000000,8318570000000,8318620000000,8318630000000,8318640000000,329500000,4700000,25000000,38600000,300000
1791427415,115441933,1494,1747767917,D,N,8318550000000,8318540000000,8318530000000,8318510000000,8318490000000,651100000,300000,300000,100000,12700000,8318560000000,8318570000000,8318620000000,8318630000000,8318640000000,329500000,4700000,25000000,38600000,300000
1791427415,215869111,1495,1747767917,D,N,8318550000000,8318540000000,8318530000000,8318510000000,8318490000000,651100000,300000,300000,100000,12700000,8318560000000,8318570000000,8318620000000,8318630000000,8318640000000,329500000,4700000,25000000,38600000,300000
1791427415,334895867,1496,1747767917,D,N,8318550000000,8318540000000,8318530000000,8318510000000,8318490000000,651100000,300000,300000,100000,12600000,8318560000000,8318570000000,8318620000000,8318630000000,8318640000000,329200000,4600000,25000000,38600000,300000
1791427415,367329587,1497,1747767917,S,N,8318550000000,8318540000000,8318530000000,8318510000000,8318490000000,651100000,300000,300000,100000,12600000,8318560000000,8318570000000,8318620000000,8318630000000,8318640000000,329200000,4600000,25000000,38600000,300000
1791427415,414921540,1498,1747767917,D,N,8318550000000,8318540000000,8318530000000,8318510000000,8318490000000,651100000,300000,300000,100000,12600000,8318560000000,8318570000000,8318620000000,8318630000000,8318640000000,329200000,4600000,25000000,38700000,300000
1791427415,478909420,1499,1747767917,S,N,8318550000000,8318540000000,8318530000000,8318510000000,8318490000000,651100000,300000,300000,100000,12600000,8318560000000,8318570000000,8318620000000,8318630000000,8318640000000,329200000,4600000,25000000,38700000,300000
1791427415,515379967,1500,1747767917,D,N,8318550000000,8318540000000,8318530000000,8318510000000,8318490000000,651200000,300000,300000,100000,12600000,8318560000000,8318570000000,8318580000000,8318620000000,8318630000000,307500000,4700000,21800000,15400000,38700000
1791427415,616278713,1501,1747767917,D,N,8318550000000,8318540000000,8318530000000,8318510000000,8318490000000,651200000,300000,300000,100000,12600000,8318560000000,8318570000000,8318620000000,8318630000000,8318640000000,307500000,4600000,9400000,2600000,300000
1791427415,718256068,1502,1747767917,D,N,8318550000000,8318540000000,8318530000000,8318510000000,8318490000000,651300000,300000,300000,100000,12600000,8318560000000,8318570000000,8318620000000,8318630000000,8318640000000,299000000,4600000,12300000,2600000,300000
1791427415,772562125,1503,1747767917,S,N,8318550000000,8318540000000,8318530000000,8318510000000,8318490000000,651300000,300000,300000,100000,12600000,8318560000000,8318570000000,8318620000000,8318630000000,8318640000000,299000000,4600000,12300000,2600000,300000
1791427415,815159814,1504,1747767917,D,N,8318550000000,8318540000000,8318530000000,8318510000000,8318490000000,651300000,300000,300000,100000,12600000,8318560000000,8318570000000,8318620000000,8318630000000,8318640000000,299000000,4600000,12300000,2600000,300000
1791427415,915418408,1505,1747767917,D,N,8318550000000,8318540000000,8318530000000,8318510000000,8318490000000,651300000,300000,300000,100000,12600000,8318560000000,8318570000000,8318620000000,8318630000000,8318640000000,299100000,4600000,12300000,2600000,300000
1791427416,14399048,1506,1747767917,D,N,8318550000000,8318540000000,8318530000000,8318510000000,8318490000000,651300000,300000,300000,100000,12600000,8318560000000,8318570000000,8318620000000,8318630000000,8318640000000,299100000,4600000,12300000,2600000,300000
1791427416,115582948,1507,1747767917,D,N,8318550000000,8318540000000,8318530000000,8318510000000,8318490000000,651300000,300000,300000,100000,12600000,8318560000000,8318570000000,8318610000000,8318620000000,8318630000000,299100000,4600000,100000,12300000,2600000
1791427416,215752204,1508,1747767917,D,N,8318550000000,8318540000000,8318530000000,8318510000000,8318490000000,651300000,300000,300000,100000,12600000,8318560000000,8318570000000,8318610000000,8318620000000,8318630000000,299100000,4600000,100000,12300000,100000
1791427416,314590708,1509,1747767917,D,N,8318550000000,8318540000000,8318530000000,8318510000000,8318490000000,651300000,300000,300000,100000,12600000,8318560000000,8318570000000,8318610000000,8318620000000,8318630000000,299100000,4600000,100000,12300000,100000
