tsec,tnsec,seqNo,id,type,side,bid0,bid1,bid2,bid3,bid4,bid_size0,bid_size1,bid_size2,bid_size3,bid_size4,ask0,ask1,ask2,ask3,ask4,ask_size0,ask_size1,ask_size2,ask_size3,ask_size4
1791427043,371543754,1,1747767917,S,N,8317289000000,8317288000000,8317287000000,8317280000000,8317249000000,61610000,83000,13000,120000,8000,8317290000000,8317291000000,8317292000000,8317316000000,8317327000000,367640000,69000,13000,8000,7000
1791427043,389547024,2,1747767917,D,N,8317289000000,8317288000000,8317287000000,8317280000000,8317249000000,61610000,83000,13000,120000,8000,8317290000000,8317291000000,8317292000000,8317316000000,8317327000000,367640000,69000,13000,8000,7000
1791427043,419703788,3,1747767917,D,N,8317289000000,8317288000000,8317287000000,8317280000000,8317249000000,61410000,83000,13000,120000,8000,8317290000000,8317291000000,8317292000000,8317316000000,8317327000000,367640000,69000,13000,8000,7000
1791427043,429017633,4,1747767917,S,N,8317289000000,8317288000000,8317287000000,8317280000000,8317249000000,61410000,83000,13000,120000,8000,8317290000000,8317291000000,8317292000000,8317316000000,8317327000000,367640000,69000,13000,8000,7000
1791427043,451233031,5,1747767917,D,N,8317289000000,8317288000000,8317287000000,8317280000000,8317249000000,61410000,83000,13000,120000,8000,8317290000000,8317291000000,8317292000000,8317316000000,8317327000000,367640000,69000,13000,8000,7000
1791427043,535414079,6,1747767917,D,N,8317289000000,8317288000000,8317287000000,8317280000000,8317249000000,61210000,83000,13000,120000,8000,8317290000000,8317291000000,8317292000000,8317316000000,8317327000000,367640000,69000,13000,8000,7000
1791427043,650844829,7,1747767917,D,N,8317289000000,8317288000000,8317287000000,8317280000000,8317249000000,39047000,83000,13000,120000,8000,8317290000000,8317291000000,8317292000000,8317316000000,8317327000000,367563000,13000,13000,8000,7000
1791427043,702206377,8,1747767917,D,N,8317289000000,8317288000000,8317287000000,8317280000000,8317249000000,75018000,83000,13000,120000,8000,8317290000000,8317291000000,8317292000000,8317316000000,8317327000000,366823000,62000,13000,8000,7000
1791427043,872220294,9,1747767917,D,N,8317289000000,8317288000000,8317287000000,8317280000000,8317249000000,38779000,83000,13000,120000,8000,8317290000000,8317291000000,8317292000000,8317316000000,8317327000000,370833000,13000,13000,8000,7000
1791427043,905972002,10,1747767917,S,N,8317289000000,8317288000000,8317287000000,8317280000000,8317249000000,38779000,83000,13000,120000,8000,8317290000000,8317291000000,8317292000000,8317316000000,8317327000000,370833000,13000,13000,8000,7000
1791427043,907740223,11,1747767917,D,N,8317289000000,8317288000000,8317287000000,8317280000000,8317249000000,38779000,83000,13000,120000,8000,8317290000000,8317291000000,8317292000000,8317316000000,8317327000000,370833000,13000,13000,8000,7000
1791427043,991869806,12,1747767917,D,N,8317289000000,8317288000000,8317287000000,8317280000000,8317249000000,38579000,83000,13000,120000,8000,8317290000000,8317291000000,8317292000000,8317316000000,8317327000000,370833000,13000,13000,8000,7000
1791427044,93920142,13,1747767917,S,N,8317289000000,8317288000000,8317287000000,8317280000000,8317249000000,38579000,83000,13000,120000,8000,8317290000000,8317291000000,8317292000000,8317316000000,8317327000000,370833000,13000,13000,8000,7000
1791427044,96468653,14,1747767917,D,N,8317289000000,8317288000000,8317287000000,8317280000000,8317249000000,38579000,83000,13000,120000,8000,8317290000000,8317291000000,8317292000000,8317316000000,8317327000000,370833000,13000,13000,8000,7000
1791427044,195617569,15,1747767917,D,N,8317289000000,8317288000000,8317287000000,8317280000000,8317249000000,38379000,83000,13000,120000,8000,8317290000000,8317291000000,8317292000000,8317316000000,8317327000000,366640000,13000,13000,8000,7000
1791427044,299427939,16,1747767917,D,N,8317289000000,8317288000000,8317287000000,8317280000000,8317249000000,38379000,83000,13000,120000,8000,8317290000000,8317291000000,8317292000000,8317316000000,8317327000000,366653000,13000,13000,8000,7000
1791427044,394592760,17,1747767917,S,N,8317289000000,8317288000000,8317287000000,8317280000000,8317249000000,38379000,83000,13000,120000,8000,8317290000000,8317291000000,8317292000000,8317316000000,8317327000000,366653000,13000,13000,8000,7000
1791427044,396550502,18,1747767917,D,N,8317289000000,8317288000000,8317287000000,8317280000000,8317249000000,38379000,83000,13000,120000,8000,8317290000000,8317291000000,8317292000000,8317316000000,8317327000000,366653000,13000,13000,8000,7000
1791427044,494742195,19,1747767917,D,N,8317289000000,8317288000000,8317287000000,8317280000000,8317249000000,38179000,83000,13000,120000,8000,8317290000000,8317291000000,8317292000000,8317316000000,8317327000000,366653000,13000,13000,8000,7000
1791427044,596502405,20,1747767917,S,N,8317289000000,8317288000000,8317287000000,8317280000000,8317249000000,38179000,83000,13000,120000,8000,8317290000000,8317291000000,8317292000000,8317316000000,8317327000000,366653000,13000,13000,8000,7000
1791427044,599329273,21,1747767917,D,N,8317289000000,8317288000000,8317287000000,8317280000000,8317249000000,38179000,83000,13000,120000,8000,8317290000000,8317291000000,8317292000000,8317316000000,8317327000000,366653000,13000,13000,8000,7000
1791427044,696360223,22,1747767917,D,N,8317289000000,8317288000000,8317287000000,8317280000000,8317249000000,38084000,83000,13000,120000,8000,8317290000000,8317291000000,8317292000000,8317316000000,8317327000000,366545000,13000,13000,8000,7000
1791427044,805936636,23,1747767917,D,N,8317289000000,8317288000000,8317287000000,8317280000000,8317249000000,35960000,76000,13000,120000,8000,8317290000000,8317291000000,8317292000000,8317316000000,8317326000000,367346000,13000,13000,8000,377000
1791427044,904465451,24,1747767917,D,N,8317289000000,8317288000000,8317287000000,8317280000000,8317249000000,35967000,83000,13000,120000,8000,8317290000000,8317291000000,8317292000000,8317316000000,8317326000000,367346000,13000,13000,8000,377000
1791427044,998626539,25,1747767917,D,N,8317289000000,8317288000000,8317287000000,8317280000000,8317249000000,35767000,83000,13000,120000,8000,8317290000000,8317291000000,8317292000000,8317316000000,8317326000000,367346000,13000,13000,8000,377000
1791427045,97417125,26,1747767917,D,N,8317289000000,8317288000000,8317287000000,8317280000000,8317249000000,35767000,83000,13000,120000,8000,8317290000000,8317291000000,8317292000000,8317316000000,8317327000000,367346000,13000,13000,8000,7000
1791427045,195909690,27,1747767917,S,N,8317289000000,8317288000000,8317287000000,8317280000000,8317249000000,35767000,83000,13000,120000,8000,8317290000000,8317291000000,8317292000000,8317316000000,8317327000000,367346000,13000,13000,8000,7000
1791427045,197246476,28,1747767917,D,N,8317289000000,8317288000000,8317287000000,8317280000000,8317249000000,35767000,83000,13000,120000,8000,8317290000000,8317291000000,8317292000000,8317316000000,8317327000000,367346000,13000,13000,8000,7000
1791427045,316172842,29,1747767917,D,N,8317289000000,8317288000000,8317287000000,8317280000000,8317249000000,35567000,83000,13000,120000,8000,8317290000000,8317291000000,8317292000000,8317316000000,8317327000000,367339000,13000,13000,8000,7000
1791427045,400675386,30,1747767917,D,N,8317289000000,8317288000000,8317287000000,8317280000000,8317249000000,35567000,83000,13000,120000,8000,8317290000000,8317291000000,8317292000000,8317316000000,8317327000000,367331000,13000,13000,8000,7000
1791427045,503788924,31,1747767917,D,N,8317289000000,8317288000000,8317287000000,8317280000000,8317249000000,38086000,83000,13000,120000,8000,8317290000000,8317291000000,8317292000000,8317316000000,8317327000000,367331000,13000,13000,8000,7000
1791427045,605603726,32,1747767917,D,N,8317289000000,8317288000000,8317287000000,8317280000000,8317249000000,38681000,83000,13000,120000,8000,8317290000000,8317291000000,8317292000000,8317316000000,8317327000000,367331000,13000,13000,8000,7000
1791427045,720576959,33,1747767917,D,N,8317289000000,8317288000000,8317287000000,8317280000000,8317249000000,19428000,83000,13000,120000,8000,8317290000000,8317291000000,8317292000000,8317316000000,8317327000000,368075000,13000,13000,8000,7000
1791427045,800081842,34,1747767917,S,N,8317289000000,8317288000000,8317287000000,8317280000000,8317249000000,19428000,83000,13000,120000,8000,8317290000000,8317291000000,8317292000000,8317316000000,8317327000000,368075000,13000,13000,8000,7000
1791427045,801735983,35,1747767917,D,N,8317289000000,8317288000000,8317287000000,8317280000000,8317249000000,19428000,83000,13000,120000,8000,8317290000000,8317291000000,8317292000000,8317316000000,8317327000000,368075000,13000,13000,8000,7000
1791427045,903747463,36,1747767917,D,N,8317289000000,8317288000000,8317287000000,8317280000000,8317249000000,19401000,83000,13000,120000,8000,8317290000000,8317291000000,8317292000000,8317316000000,8317327000000,368075000,13000,13000,8000,7000
1791427046,2331389,37,1747767917,D,N,8317289000000,8317288000000,8317287000000,8317280000000,8317249000000,19201000,83000,13000,120000,8000,8317290000000,8317291000000,8317292000000,8317316000000,8317327000000,368065000,13000,13000,8000,7000
1791427046,102337650,38,1747767917,S,N,8317289000000,8317288000000,8317287000000,8317280000000,8317249000000,19201000,83000,13000,120000,8000,8317290000000,8317291000000,8317292000000,8317316000000,8317327000000,368065000,13000,13000,8000,7000
1791427046,105188419,39,1747767917,D,N,8317289000000,8317288000000,8317287000000,8317280000000,8317249000000,19201000,83000,13000,120000,8000,8317290000000,8317291000000,8317292000000,8317316000000,8317327000000,368065000,13000,13000,8000,7000
1791427046,226056125,40,1747767917,D,N,8317289000000,8317288000000,8317287000000,8317280000000,8317249000000,19201000,83000,13000,120000,8000,8317290000000,8317291000000,8317292000000,8317296000000,8317316000000,368065000,13000,13000,400000,8000
1791427046,302008348,41,1747767917,S,N,8317289000000,8317288000000,8317287000000,8317280000000,8317249000000,19201000,83000,13000,120000,8000,8317290000000,8317291000000,8317292000000,8317296000000,8317316000000,368065000,13000,13000,400000,8000
1791427046,304706086,42,1747767917,D,N,8317289000000,8317288000000,8317287000000,8317280000000,8317249000000,19201000,83000,13000,120000,8000,8317290000000,8317291000000,8317292000000,8317296000000,8317316000000,368065000,13000,13000,400000,8000
1791427046,445849781,43,1747767917,S,N,8317289000000,8317288000000,8317287000000,8317280000000,8317249000000,19201000,83000,13000,120000,8000,8317290000000,8317291000000,8317292000000,8317296000000,8317316000000,368065000,13000,13000,400000,8000
1791427046,448333680,44,1747767917,D,N,8317289000000,8317288000000,8317287000000,8317280000000,8317249000000,19201000,83000,13000,120000,8000,8317290000000,8317291000000,8317292000000,8317296000000,8317316000000,368065000,13000,13000,400000,8000
1791427046,502647096,45,1747767917,D,N,8317289000000,8317288000000,8317287000000,8317280000000,8317249000000,19001000,83000,13000,120000,8000,8317290000000,8317291000000,8317292000000,8317296000000,8317316000000,368065000,13000,13000,400000,8000
1791427046,633352356,46,1747767917,S,N,8317289000000,8317288000000,8317287000000,8317280000000,8317249000000,19001000,83000,13000,120000,8000,8317290000000,8317291000000,8317292000000,8317296000000,8317316000000,368065000,13000,13000,400000,8000
1791427046,634990226,47,1747767917,D,N,8317289000000,8317288000000,8317287000000,8317280000000,8317249000000,19001000,83000,13000,120000,8000,8317290000000,8317291000000,8317292000000,8317296000000,8317316000000,368065000,13000,13000,400000,8000
1791427046,703555879,48,1747767917,D,N,8317289000000,8317288000000,8317287000000,8317280000000,8317249000000,18801000,83000,13000,120000,8000,8317290000000,8317291000000,8317292000000,8317296000000,8317316000000,368065000,13000,13000,400000,8000
1791427046,803446835,49,1747767917,D,N,8317289000000,8317288000000,8317287000000,8317280000000,8317249000000,38149000,83000,13000,120000,8000,8317290000000,8317291000000,8317292000000,8317296000000,8317316000000,368041000,13000,13000,400000,8000
1791427046,910069458,50,1747767917,D,N,8317289000000,8317288000000,8317287000000,8317280000000,8317249000000,37942000,83000,13000,120000,8000,8317290000000,8317291000000,8317292000000,8317296000000,8317316000000,368033000,13000,13000,400000,8000
1791427047,20428086,51,1747767917,S,N,8317289000000,8317288000000,8317287000000,8317280000000,8317249000000,37942000,83000,13000,120000,8000,8317290000000,8317291000000,8317292000000,8317296000000,8317316000000,368033000,13000,13000,400000,8000
1791427047,22042900,52,1747767917,D,N,8317289000000,8317288000000,8317287000000,8317280000000,8317249000000,37942000,83000,13000,120000,8000,8317290000000,8317291000000,8317292000000,8317296000000,8317316000000,368033000,13000,13000,400000,8000
1791427047,153511581,53,1747767917,D,N,8317289000000,8317288000000,8317287000000,8317280000000,8317249000000,37949000,90000,13000,120000,8000,8317290000000,8317291000000,8317292000000,8317296000000,8317316000000,367313000,13000,13000,400000,8000
1791427047,189617999,54,1747767917,S,N,8317289000000,8317288000000,8317287000000,8317280000000,8317249000000,37949000,90000,13000,120000,8000,8317290000000,8317291000000,8317292000000,8317296000000,8317316000000,367313000,13000,13000,400000,8000
1791427047,190649027,55,1747767917,D,N,8317289000000,8317288000000,8317287000000,8317280000000,8317249000000,37949000,90000,13000,120000,8000,8317290000000,8317291000000,8317292000000,8317296000000,8317316000000,367313000,13000,13000,400000,8000
1791427047,305517764,56,1747767917,D,N,8317289000000,8317288000000,8317287000000,8317280000000,8317249000000,126532000,90000,13000,120000,8000,8317290000000,8317291000000,8317292000000,8317296000000,8317316000000,366278000,62000,13000,400000,8000
1791427047,386664074,57,1747767917,D,N,8317289000000,8317288000000,8317287000000,8317280000000,8317249000000,130863000,104000,13000,120000,8000,8317290000000,8317291000000,8317292000000,8317296000000,8317316000000,366278000,62000,13000,400000,8000
1791427047,533340195,58,1747767917,D,N,8317289000000,8317288000000,8317287000000,8317280000000,8317249000000,151657000,90000,13000,120000,8000,8317290000000,8317291000000,8317292000000,8317296000000,8317316000000,366271000,62000,13000,400000,8000
1791427047,578791761,59,1747767917,D,N,8317289000000,8317288000000,8317287000000,8317280000000,8317249000000,117900000,90000,13000,120000,8000,8317290000000,8317291000000,8317292000000,8317296000000,8317316000000,366603000,62000,13000,400000,8000
1791427047,718669922,60,1747767917,D,N,8317289000000,8317288000000,8317287000000,8317280000000,8317249000000,117700000,90000,13000,120000,8000,8317290000000,8317291000000,8317292000000,8317296000000,8317316000000,367459000,62000,13000,400000,8000
1791427047,800388874,61,1747767917,S,N,8317289000000,8317288000000,8317287000000,8317280000000,8317249000000,117700000,90000,13000,120000,8000,8317290000000,8317291000000,8317292000000,8317296000000,8317316000000,367459000,62000,13000,400000,8000
1791427047,801691444,62,1747767917,D,N,8317289000000,8317288000000,8317287000000,8317280000000,8317249000000,117700000,90000,13000,120000,8000,8317290000000,8317291000000,8317292000000,8317296000000,8317316000000,367459000,62000,13000,400000,8000
1791427047,882070226,63,1747767917,D,N,8317289000000,8317288000000,8317287000000,8317280000000,8317249000000,117500000,90000,13000,120000,8000,8317290000000,8317291000000,8317292000000,8317296000000,8317316000000,367459000,62000,13000,400000,8000
1791427048,4816550,64,1747767917,S,N,8317289000000,8317288000000,8317287000000,8317280000000,8317249000000,117500000,90000,13000,120000,8000,8317290000000,8317291000000,8317292000000,8317296000000,8317316000000,367459000,62000,13000,400000,8000
1791427048,6026193,65,1747767917,D,N,8317289000000,8317288000000,8317287000000,8317280000000,8317249000000,117500000,90000,13000,120000,8000,8317290000000,8317291000000,8317292000000,8317296000000,8317316000000,367459000,62000,13000,400000,8000
1791427048,80650445,66,1747767917,D,N,8317289000000,8317288000000,8317287000000,8317280000000,8317249000000,117300000,90000,13000,120000,8000,8317290000000,8317291000000,8317292000000,8317296000000,8317316000000,367459000,62000,13000,400000,8000
1791427048,252085495,67,1747767917,S,N,8317289000000,8317288000000,8317287000000,8317280000000,8317249000000,117300000,90000,13000,120000,8000,8317290000000,8317291000000,8317292000000,8317296000000,8317316000000,367459000,62000,13000,400000,8000
1791427048,323630663,68,1747767917,D,N,8317289000000,8317288000000,8317287000000,8317280000000,8317249000000,117300000,90000,13000,120000,8000,8317290000000,8317291000000,8317292000000,8317296000000,8317316000000,367459000,62000,13000,400000,8000
1791427048,383686593,69,1747767917,D,N,8317289000000,8317288000000,8317287000000,8317280000000,8317249000000,151043000,90000,13000,120000,8000,8317290000000,8317291000000,8317292000000,8317296000000,8317316000000,362455000,62000,13000,400000,8000
1791427048,388326966,70,1747767917,D,N,8317289000000,8317288000000,8317287000000,8317280000000,8317249000000,150843000,90000,13000,120000,8000,8317290000000,8317291000000,8317292000000,8317296000000,8317316000000,362455000,62000,13000,400000,8000
1791427048,452082156,71,1747767917,D,N,8317289000000,8317288000000,8317287000000,8317280000000,8317249000000,150843000,90000,13000,120000,8000,8317290000000,8317291000000,8317292000000,8317296000000,8317316000000,362462000,69000,13000,400000,8000
1791427048,548732921,72,1747767917,D,N,8317289000000,8317288000000,8317287000000,8317280000000,8317249000000,150636000,90000,13000,120000,8000,8317290000000,8317291000000,8317292000000,8317296000000,8317316000000,362462000,69000,13000,400000,8000
1791427048,650824805,73,1747767917,D,N,8317289000000,8317288000000,8317287000000,8317280000000,8317249000000,210624000,90000,13000,120000,8000,8317290000000,8317291000000,8317292000000,8317296000000,8317316000000,306869000,69000,13000,400000,8000
1791427048,741361384,74,1747767917,D,N,8317289000000,8317288000000,8317287000000,8317280000000,8317279000000,468188000,83000,13000,134000,2000000,8317290000000,8317291000000,8317292000000,8317316000000,8317327000000,247388000,69000,13000,8000,7000
1791427048,839787623,75,1747767917,D,N,8317289000000,8317288000000,8317287000000,8317280000000,8317279000000,468297000,83000,13000,134000,2000000,8317290000000,8317291000000,8317292000000,8317316000000,8317327000000,281124000,62000,13000,8000,7000
1791427048,939888396,76,1747767917,D,N,8317289000000,8317288000000,8317287000000,8317280000000,8317279000000,468284000,83000,13000,134000,2000000,8317290000000,8317291000000,8317292000000,8317316000000,8317327000000,281117000,62000,13000,8000,7000
1791427049,67123596,77,1747767917,D,N,8317289000000,8317288000000,8317287000000,8317280000000,8317279000000,468291000,83000,13000,134000,2000000,8317290000000,8317291000000,8317292000000,8317316000000,8317327000000,281117000,62000,13000,8000,7000
1791427049,172854418,78,1747767917,D,N,8317289000000,8317288000000,8317287000000,8317280000000,8317279000000,411010000,83000,13000,134000,2000000,8317290000000,8317291000000,8317292000000,8317316000000,8317327000000,247367000,62000,13000,8000,7000
1791427049,232817302,79,1747767917,D,N,8317289000000,8317288000000,8317287000000,8317280000000,8317279000000,350233000,83000,13000,134000,2000000,8317290000000,8317291000000,8317292000000,8317316000000,8317327000000,281104000,62000,13000,8000,7000
1791427049,322548099,80,1747767917,D,N,8317289000000,8317288000000,8317287000000,8317280000000,8317279000000,349985000,83000,13000,134000,2000000,8317290000000,8317291000000,8317292000000,8317316000000,8317327000000,281104000,62000,13000,8000,7000
1791427049,418583597,81,1747767917,D,N,8317289000000,8317288000000,8317287000000,8317280000000,8317279000000,349945000,83000,13000,134000,2000000,8317290000000,8317291000000,8317292000000,8317316000000,8317327000000,281104000,62000,13000,8000,7000
1791427049,636333507,82,1747767917,D,N,8317289000000,8317288000000,8317287000000,8317280000000,8317279000000,349738000,83000,13000,134000,2000000,8317290000000,8317291000000,8317292000000,8317316000000,8317327000000,281104000,62000,13000,8000,7000
1791427049,638272508,83,1747767917,D,N,8317289000000,8317288000000,8317287000000,8317280000000,8317279000000,349731000,83000,13000,134000,2000000,8317290000000,8317291000000,8317292000000,8317316000000,8317327000000,281111000,62000,13000,8000,7000
1791427049,721831608,84,1747767917,S,N,8317289000000,8317288000000,8317287000000,8317280000000,8317279000000,349731000,83000,13000,134000,2000000,8317290000000,8317291000000,8317292000000,8317316000000,8317327000000,281111000,62000,13000,8000,7000
1791427049,722854483,85,1747767917,D,N,8317289000000,8317288000000,8317287000000,8317280000000,8317279000000,349731000,83000,13000,134000,2000000,8317290000000,8317291000000,8317292000000,8317316000000,8317327000000,281111000,62000,13000,8000,7000
1791427049,813929934,86,1747767917,S,N,8317289000000,8317288000000,8317287000000,8317280000000,8317279000000,349731000,83000,13000,134000,2000000,8317290000000,8317291000000,8317292000000,8317316000000,8317327000000,281111000,62000,13000,8000,7000
1791427049,815434427,87,1747767917,D,N,8317289000000,8317288000000,8317287000000,8317280000000,8317279000000,349731000,83000,13000,134000,2000000,8317290000000,8317291000000,8317292000000,8317316000000,8317327000000,281111000,62000,13000,8000,7000
1791427049,915173593,88,1747767917,D,N,8317289000000,8317288000000,8317287000000,8317280000000,8317279000000,349531000,83000,13000,134000,2000000,8317290000000,8317291000000,8317292000000,8317316000000,8317327000000,281111000,62000,13000,8000,7000
1791427050,37545747,89,1747767917,D,N,8317289000000,8317288000000,8317287000000,8317280000000,8317279000000,118608000,83000,13000,134000,2000000,8317290000000,8317291000000,8317292000000,8317316000000,8317327000000,339619000,62000,13000,8000,7000
1791427050,118243832,90,1747767917,D,N,8317289000000,8317288000000,8317287000000,8317280000000,8317249000000,82452000,83000,13000,120000,8000,8317290000000,8317291000000,8317292000000,8317316000000,8317327000000,360938000,62000,13000,8000,7000
1791427050,225913627,91,1747767917,D,N,8317289000000,8317288000000,8317287000000,8317280000000,8317249000000,82438000,83000,13000,120000,8000,8317290000000,8317291000000,8317292000000,8317316000000,8317327000000,360952000,62000,13000,8000,7000
1791427050,321122499,92,1747767917,D,N,8317289000000,8317288000000,8317287000000,8317280000000,8317249000000,61258000,90000,13000,120000,8000,8317290000000,8317291000000,8317292000000,8317316000000,8317327000000,360959000,62000,13000,8000,7000
1791427050,420872300,93,1747767917,D,N,8317289000000,8317288000000,8317287000000,8317280000000,8317249000000,61258000,90000,13000,120000,8000,8317290000000,8317291000000,8317292000000,8317316000000,8317327000000,360945000,62000,13000,8000,7000
1791427050,518974552,94,1747767917,D,N,8317289000000,8317288000000,8317287000000,8317280000000,8317249000000,61054000,90000,13000,120000,8000,8317290000000,8317291000000,8317292000000,8317316000000,8317327000000,360945000,69000,13000,8000,7000
1791427050,617503672,95,1747767917,D,N,8317289000000,8317288000000,8317287000000,8317280000000,8317249000000,61055000,90000,13000,120000,8000,8317290000000,8317291000000,8317292000000,8317316000000,8317327000000,360896000,62000,13000,8000,7000
1791427050,765538692,96,1747767917,D,N,8317289000000,8317288000000,8317287000000,8317280000000,8317249000000,60978000,83000,13000,120000,8000,8317290000000,8317291000000,8317292000000,8317316000000,8317327000000,360889000,62000,13000,8000,7000
1791427050,819539025,97,1747767917,D,N,8317289000000,8317288000000,8317287000000,8317280000000,8317249000000,60778000,83000,13000,120000,8000,8317290000000,8317291000000,8317292000000,8317316000000,8317327000000,360896000,69000,13000,8000,7000
1791427050,938250357,98,1747767917,D,N,8317289000000,8317288000000,8317287000000,8317280000000,8317249000000,60778000,83000,13000,120000,8000,8317290000000,8317291000000,8317292000000,8317316000000,8317327000000,366875000,69000,13000,8000,7000
1791427051,36239218,99,1747767917,D,N,8317289000000,8317288000000,8317287000000,8317280000000,8317249000000,60308000,83000,13000,120000,8000,8317290000000,8317291000000,8317292000000,8317316000000,8317327000000,366882000,69000,13000,8000,7000
1791427051,119113111,100,1747767917,S,N,8317289000000,8317288000000,8317287000000,8317280000000,8317249000000,60308000,83000,13000,120000,8000,8317290000000,8317291000000,8317292000000,8317316000000,8317327000000,366882000,69000,13000,8000,7000
1791427051,122171651,101,1747767917,D,N,8317289000000,8317288000000,8317287000000,8317280000000,8317249000000,60308000,83000,13000,120000,8000,8317290000000,8317291000000,8317292000000,8317316000000,8317327000000,366882000,69000,13000,8000,7000
1791427051,233185392,102,1747767917,D,N,8317289000000,8317288000000,8317287000000,8317280000000,8317249000000,60101000,83000,13000,120000,8000,8317290000000,8317291000000,8317292000000,8317316000000,8317327000000,366874000,62000,13000,8000,7000
1791427051,323634358,103,1747767917,D,N,8317289000000,8317288000000,8317287000000,8317280000000,8317249000000,60183000,83000,13000,120000,8000,8317290000000,8317291000000,8317292000000,8317316000000,8317327000000,366874000,62000,13000,8000,7000
1791427051,486208701,104,1747767917,D,N,8317289000000,8317288000000,8317287000000,8317280000000,8317249000000,59983000,83000,13000,120000,8000,8317290000000,8317291000000,8317292000000,8317316000000,8317327000000,366881000,62000,13000,8000,7000
1791427051,519132757,105,1747767917,D,N,8317289000000,8317288000000,8317287000000,8317280000000,8317249000000,80783000,83000,13000,120000,8000,8317290000000,8317291000000,8317292000000,8317316000000,8317327000000,366881000,62000,13000,8000,7000
1791427051,644757785,106,1747767917,D,N,8317289000000,8317288000000,8317287000000,8317280000000,8317249000000,80790000,90000,13000,120000,8000,8317290000000,8317291000000,8317292000000,8317316000000,8317327000000,366874000,55000,13000,8000,7000
1791427052,50530229,107,1747767917,S,N,8317289000000,8317288000000,8317287000000,8317280000000,8317249000000,80790000,90000,13000,120000,8000,8317290000000,8317291000000,8317292000000,8317316000000,8317327000000,366874000,55000,13000,8000,7000
1791427052,51410198,108,1747767917,D,N,8317289000000,8317288000000,8317287000000,8317280000000,8317249000000,80790000,90000,13000,120000,8000,8317290000000,8317291000000,8317292000000,8317316000000,8317327000000,366874000,55000,13000,8000,7000
1791427052,52682078,109,1747767917,D,N,8317289000000,8317288000000,8317287000000,8317280000000,8317249000000,80790000,90000,73000,120000,8000,8317290000000,8317291000000,8317292000000,8317316000000,8317327000000,366874000,55000,13000,8000,7000
1791427052,53263884,110,1747767917,S,N,8317289000000,8317288000000,8317287000000,8317280000000,8317249000000,80790000,90000,73000,120000,8000,8317290000000,8317291000000,8317292000000,8317316000000,8317327000000,366874000,55000,13000,8000,7000
1791427052,53862215,111,1747767917,D,N,8317289000000,8317288000000,8317287000000,8317280000000,8317249000000,80790000,90000,73000,120000,8000,8317290000000,8317291000000,8317292000000,8317316000000,8317327000000,366874000,55000,13000,8000,7000
1791427052,54390237,112,1747767917,S,N,8317289000000,8317288000000,8317287000000,8317280000000,8317249000000,80790000,90000,73000,120000,8000,8317290000000,8317291000000,8317292000000,8317316000000,8317327000000,366874000,55000,13000,8000,7000
1791427052,54958522,113,1747767917,D,N,8317289000000,8317288000000,8317287000000,8317280000000,8317249000000,80790000,90000,73000,120000,8000,8317290000000,8317291000000,8317292000000,8317316000000,8317327000000,366874000,55000,13000,8000,7000
1791427052,173819035,114,1747767917,S,N,8317289000000,8317288000000,8317287000000,8317280000000,8317249000000,80790000,90000,73000,120000,8000,8317290000000,8317291000000,8317292000000,8317316000000,8317327000000,366874000,55000,13000,8000,7000
1791427052,175073988,115,1747767917,D,N,8317289000000,8317288000000,8317287000000,8317280000000,8317249000000,80790000,90000,73000,120000,8000,8317290000000,8317291000000,8317292000000,8317316000000,8317327000000,366874000,55000,13000,8000,7000
1791427052,234215846,116,1747767917,D,N,8317289000000,8317288000000,8317287000000,8317280000000,8317249000000,81067000,90000,73000,120000,8000,8317290000000,8317291000000,8317292000000,8317316000000,8317327000000,366874000,55000,13000,8000,7000
1791427052,359028024,117,1747767917,D,N,8317289000000,8317288000000,8317287000000,8317280000000,8317249000000,80867000,90000,73000,120000,8000,8317290000000,8317291000000,8317292000000,8317316000000,8317327000000,366874000,55000,13000,8000,7000
1791427052,479154407,118,1747767917,S,N,8317289000000,8317288000000,8317287000000,8317280000000,8317249000000,80867000,90000,73000,120000,8000,8317290000000,8317291000000,8317292000000,8317316000000,8317327000000,366874000,55000,13000,8000,7000
1791427052,480125319,119,1747767917,D,N,8317289000000,8317288000000,8317287000000,8317280000000,8317249000000,80867000,90000,73000,120000,8000,8317290000000,8317291000000,8317292000000,8317316000000,8317327000000,366874000,55000,13000,8000,7000
1791427052,596977606,120,1747767917,D,N,8317289000000,8317288000000,8317287000000,8317280000000,8317249000000,80667000,90000,73000,120000,8000,8317290000000,8317291000000,8317292000000,8317316000000,8317327000000,366874000,55000,13000,8000,7000
1791427052,620511338,121,1747767917,D,N,8317289000000,8317288000000,8317287000000,8317280000000,8317249000000,80667000,90000,133000,120000,8000,8317290000000,8317291000000,8317292000000,8317316000000,8317327000000,366874000,55000,13000,8000,7000
1791427052,726481987,122,1747767917,D,N,8317289000000,8317288000000,8317287000000,8317280000000,8317249000000,80467000,90000,133000,120000,8000,8317290000000,8317291000000,8317292000000,8317316000000,8317327000000,366895000,55000,13000,8000,7000
1791427052,823080649,123,1747767917,D,N,8317289000000,8317288000000,8317287000000,8317280000000,8317249000000,246106000,97000,133000,120000,8000,8317290000000,8317291000000,8317292000000,8317316000000,8317327000000,287095000,62000,13000,8000,7000
1791427052,922839128,124,1747767917,D,N,8317289000000,8317288000000,8317287000000,8317280000000,8317249000000,186520000,76000,133000,120000,8000,8317290000000,8317291000000,8317292000000,8317316000000,8317327000000,287102000,62000,13000,8000,7000
1791427053,23118710,125,1747767917,D,N,8317289000000,8317288000000,8317287000000,8317280000000,8317249000000,114719000,97000,133000,120000,8000,8317290000000,8317291000000,8317292000000,8317316000000,8317327000000,287102000,62000,13000,8000,7000
1791427053,123922330,126,1747767917,S,N,8317289000000,8317288000000,8317287000000,8317280000000,8317249000000,114719000,97000,133000,120000,8000,8317290000000,8317291000000,8317292000000,8317316000000,8317327000000,287102000,62000,13000,8000,7000
1791427053,125759533,127,1747767917,D,N,8317289000000,8317288000000,8317287000000,8317280000000,8317249000000,114719000,97000,133000,120000,8000,8317290000000,8317291000000,8317292000000,8317316000000,8317327000000,287102000,62000,13000,8000,7000
1791427053,222428421,128,1747767917,S,N,8317289000000,8317288000000,8317287000000,8317280000000,8317249000000,114719000,97000,133000,120000,8000,8317290000000,8317291000000,8317292000000,8317316000000,8317327000000,287102000,62000,13000,8000,7000
1791427053,224195728,129,1747767917,D,N,8317289000000,8317288000000,8317287000000,8317280000000,8317249000000,114719000,97000,133000,120000,8000,8317290000000,8317291000000,8317292000000,8317316000000,8317327000000,287102000,62000,13000,8000,7000
1791427053,332441687,130,1747767917,D,N,8317289000000,8317288000000,8317287000000,8317280000000,8317249000000,114519000,97000,133000,120000,8000,8317290000000,8317291000000,8317292000000,8317316000000,8317327000000,366584000,62000,13000,8000,7000
1791427053,427841645,131,1747767917,S,N,8317289000000,8317288000000,8317287000000,8317280000000,8317249000000,114519000,97000,133000,120000,8000,8317290000000,8317291000000,8317292000000,8317316000000,8317327000000,366584000,62000,13000,8000,7000
1791427053,429758356,132,1747767917,D,N,8317289000000,8317288000000,8317287000000,8317280000000,8317249000000,114519000,97000,133000,120000,8000,8317290000000,8317291000000,8317292000000,8317316000000,8317327000000,366584000,62000,13000,8000,7000
1791427053,522972037,133,1747767917,D,N,8317289000000,8317288000000,8317287000000,8317280000000,8317249000000,80569000,97000,133000,120000,8000,8317290000000,8317291000000,8317292000000,8317316000000,8317327000000,366916000,62000,13000,8000,7000
1791427053,622914284,134,1747767917,D,N,8317289000000,8317288000000,8317287000000,8317280000000,8317249000000,80555000,83000,133000,120000,8000,8317290000000,8317291000000,8317292000000,8317316000000,8317327000000,367699000,69000,13000,8000,7000
1791427053,738857228,135,1747767917,D,N,8317289000000,8317288000000,8317287000000,8317280000000,8317249000000,80562000,90000,133000,120000,8000,8317290000000,8317291000000,8317292000000,8317316000000,8317327000000,367699000,69000,13000,8000,7000
1791427053,822453006,136,1747767917,D,N,8317289000000,8317288000000,8317287000000,8317280000000,8317249000000,80362000,90000,133000,120000,8000,8317290000000,8317291000000,8317292000000,8317316000000,8317327000000,367699000,69000,13000,8000,7000
1791427053,923505165,137,1747767917,D,N,8317289000000,8317288000000,8317287000000,8317280000000,8317249000000,80362000,90000,133000,120000,8000,8317290000000,8317291000000,8317292000000,8317316000000,8317327000000,367706000,69000,13000,8000,7000
1791427054,23588873,138,1747767917,D,N,8317289000000,8317288000000,8317287000000,8317280000000,8317249000000,80162000,90000,133000,120000,8000,8317290000000,8317291000000,8317292000000,8317316000000,8317327000000,367706000,69000,13000,8000,7000
1791427054,124624225,139,1747767917,S,N,8317289000000,8317288000000,8317287000000,8317280000000,8317249000000,80162000,90000,133000,120000,8000,8317290000000,8317291000000,8317292000000,8317316000000,8317327000000,367706000,69000,13000,8000,7000
1791427054,125770992,140,1747767917,D,N,8317289000000,8317288000000,8317287000000,8317280000000,8317249000000,80162000,90000,133000,120000,8000,8317290000000,8317291000000,8317292000000,8317316000000,8317327000000,367706000,69000,13000,8000,7000
1791427054,222157401,141,1747767917,D,N,8317289000000,8317288000000,8317287000000,8317280000000,8317249000000,80162000,90000,133000,120000,8000,8317290000000,8317291000000,8317292000000,8317316000000,8317327000000,367692000,62000,13000,8000,7000
1791427054,326434618,142,1747767917,D,N,8317289000000,8317288000000,8317287000000,8317280000000,8317249000000,79962000,90000,133000,120000,8000,8317290000000,8317291000000,8317292000000,8317316000000,8317327000000,367692000,62000,13000,8000,7000
1791427054,460847361,143,1747767917,D,N,8317289000000,8317288000000,8317287000000,8317280000000,8317249000000,79976000,104000,133000,120000,8000,8317290000000,8317291000000,8317292000000,8317316000000,8317327000000,384073000,62000,13000,8000,7000
1791427054,524670049,144,1747767917,D,N,8317289000000,8317288000000,8317287000000,8317280000000,8317249000000,79374000,104000,133000,120000,8000,8317290000000,8317291000000,8317292000000,8317316000000,8317327000000,384073000,62000,13000,8000,7000
1791427054,623238260,145,1747767917,D,N,8317289000000,8317288000000,8317287000000,8317280000000,8317249000000,79174000,104000,133000,120000,8000,8317290000000,8317291000000,8317292000000,8317316000000,8317327000000,383297000,62000,13000,8000,7000
1791427054,732063999,146,1747767917,D,N,8317289000000,8317288000000,8317287000000,8317280000000,8317249000000,79181000,104000,133000,120000,8000,8317290000000,8317291000000,8317292000000,8317316000000,8317327000000,383324000,69000,13000,8000,7000
1791427054,823140845,147,1747767917,S,N,8317289000000,8317288000000,8317287000000,8317280000000,8317249000000,79181000,104000,133000,120000,8000,8317290000000,8317291000000,8317292000000,8317316000000,8317327000000,383324000,69000,13000,8000,7000
1791427054,824189035,148,1747767917,D,N,8317289000000,8317288000000,8317287000000,8317280000000,8317249000000,79181000,104000,133000,120000,8000,8317290000000,8317291000000,8317292000000,8317316000000,8317327000000,383324000,69000,13000,8000,7000
1791427054,922767987,149,1747767917,D,N,8317289000000,8317288000000,8317287000000,8317280000000,8317249000000,78985000,104000,133000,120000,8000,8317290000000,8317291000000,8317292000000,8317316000000,8317327000000,383324000,69000,13000,8000,7000
1791427055,23424888,150,1747767917,S,N,8317289000000,8317288000000,8317287000000,8317280000000,8317249000000,78985000,104000,133000,120000,8000,8317290000000,8317291000000,8317292000000,8317316000000,8317327000000,383324000,69000,13000,8000,7000
1791427055,24609490,151,1747767917,D,N,8317289000000,8317288000000,8317287000000,8317280000000,8317249000000,78985000,104000,133000,120000,8000,8317290000000,8317291000000,8317292000000,8317316000000,8317327000000,383324000,69000,13000,8000,7000
1791427055,169716594,152,1747767917,D,N,8317289000000,8317288000000,8317287000000,8317280000000,8317249000000,78785000,104000,133000,120000,8000,8317290000000,8317291000000,8317292000000,8317316000000,8317327000000,383324000,69000,13000,8000,7000
1791427055,219792136,153,1747767917,D,N,8317289000000,8317288000000,8317287000000,8317280000000,8317249000000,76813000,104000,133000,120000,8000,8317290000000,8317291000000,8317292000000,8317316000000,8317327000000,383324000,69000,13000,8000,7000
1791427055,320461497,154,1747767917,S,N,8317289000000,8317288000000,8317287000000,8317280000000,8317249000000,76813000,104000,133000,120000,8000,8317290000000,8317291000000,8317292000000,8317316000000,8317327000000,383324000,69000,13000,8000,7000
1791427055,321211250,155,1747767917,D,N,8317289000000,8317288000000,8317287000000,8317280000000,8317249000000,76813000,104000,133000,120000,8000,8317290000000,8317291000000,8317292000000,8317316000000,8317327000000,383324000,69000,13000,8000,7000
1791427055,673035587,156,1747767917,D,N,8317289000000,8317288000000,8317287000000,8317280000000,8317249000000,76605000,104000,133000,120000,8000,8317290000000,8317291000000,8317292000000,8317316000000,8317327000000,381104000,69000,13000,8000,7000
1791427055,676503494,157,1747767917,D,N,8317289000000,8317288000000,8317287000000,8317280000000,8317249000000,76605000,104000,133000,120000,8000,8317290000000,8317291000000,8317292000000,8317316000000,8317327000000,381190000,69000,13000,8000,7000
1791427055,678379164,158,1747767917,S,N,8317289000000,8317288000000,8317287000000,8317280000000,8317249000000,76605000,104000,133000,120000,8000,8317290000000,8317291000000,8317292000000,8317316000000,8317327000000,381190000,69000,13000,8000,7000
1791427055,679703307,159,1747767917,D,N,8317289000000,8317288000000,8317287000000,8317280000000,8317249000000,76605000,104000,133000,120000,8000,8317290000000,8317291000000,8317292000000,8317316000000,8317327000000,381190000,69000,13000,8000,7000
1791427055,751214220,160,1747767917,D,N,8317289000000,8317288000000,8317287000000,8317280000000,8317249000000,76405000,104000,133000,120000,8000,8317290000000,8317291000000,8317292000000,8317316000000,8317327000000,381190000,69000,13000,8000,7000
1791427056,75782109,161,1747767917,D,N,8317289000000,8317288000000,8317287000000,8317280000000,8317249000000,76384000,90000,133000,120000,8000,8317290000000,8317291000000,8317292000000,8317316000000,8317327000000,381190000,69000,13000,8000,7000
1791427056,76475263,162,1747767917,S,N,8317289000000,8317288000000,8317287000000,8317280000000,8317249000000,76384000,90000,133000,120000,8000,8317290000000,8317291000000,8317292000000,8317316000000,8317327000000,381190000,69000,13000,8000,7000
1791427056,77178905,163,1747767917,D,N,8317289000000,8317288000000,8317287000000,8317280000000,8317249000000,76384000,90000,133000,120000,8000,8317290000000,8317291000000,8317292000000,8317316000000,8317327000000,381190000,69000,13000,8000,7000
1791427056,77705524,164,1747767917,S,N,8317289000000,8317288000000,8317287000000,8317280000000,8317249000000,76384000,90000,133000,120000,8000,8317290000000,8317291000000,8317292000000,8317316000000,8317327000000,381190000,69000,13000,8000,7000
1791427056,78235210,165,1747767917,D,N,8317289000000,8317288000000,8317287000000,8317280000000,8317249000000,76384000,90000,133000,120000,8000,8317290000000,8317291000000,8317292000000,8317316000000,8317327000000,381190000,69000,13000,8000,7000
1791427056,266537359,166,1747767917,D,N,8317289000000,8317288000000,8317287000000,8317280000000,8317249000000,76049000,90000,133000,120000,8000,8317290000000,8317291000000,8317292000000,8317316000000,8317327000000,383832000,69000,13000,8000,7000
1791427056,287404990,167,1747767917,D,N,8317289000000,8317288000000,8317287000000,8317280000000,8317249000000,76049000,83000,133000,120000,8000,8317290000000,8317291000000,8317292000000,8317316000000,8317327000000,383832000,69000,13000,8000,7000
1791427056,391456088,168,1747767917,D,N,8317289000000,8317288000000,8317287000000,8317280000000,8317249000000,75849000,83000,133000,120000,8000,8317290000000,8317291000000,8317292000000,8317316000000,8317327000000,383832000,69000,13000,8000,7000
1791427056,452294779,169,1747767917,S,N,8317289000000,8317288000000,8317287000000,8317280000000,8317249000000,75849000,83000,133000,120000,8000,8317290000000,8317291000000,8317292000000,8317316000000,8317327000000,383832000,69000,13000,8000,7000
1791427056,453656942,170,1747767917,D,N,8317289000000,8317288000000,8317287000000,8317280000000,8317249000000,75849000,83000,133000,120000,8000,8317290000000,8317291000000,8317292000000,8317316000000,8317327000000,383832000,69000,13000,8000,7000
1791427056,536059981,171,1747767917,D,N,8317289000000,8317288000000,8317287000000,8317280000000,8317249000000,75656000,83000,133000,120000,8000,8317290000000,8317291000000,8317292000000,8317316000000,8317327000000,383832000,69000,13000,8000,7000
1791427056,662206002,172,1747767917,D,N,8317289000000,8317288000000,8317287000000,8317280000000,8317249000000,169982000,97000,133000,120000,8000,8317290000000,8317291000000,8317292000000,8317316000000,8317327000000,308376000,69000,13000,8000,7000
1791427056,786545173,173,1747767917,D,N,8317289000000,8317288000000,8317287000000,8317280000000,8317249000000,424231000,27000,133000,120000,8000,8317290000000,8317291000000,8317292000000,8317316000000,8317327000000,239380000,62000,13000,8000,7000
1791427056,901616472,174,1747767917,D,N,8317289000000,8317288000000,8317287000000,8317280000000,8317249000000,367264000,48000,133000,120000,8000,8317290000000,8317291000000,8317292000000,8317316000000,8317327000000,244167000,62000,13000,8000,7000
1791427056,903109745,175,1747767917,D,N,8317289000000,8317288000000,8317287000000,8317280000000,8317249000000,367547000,48000,133000,120000,8000,8317290000000,8317291000000,8317292000000,8317316000000,8317327000000,244180000,62000,13000,8000,7000
1791427057,2111540,176,1747767917,S,N,8317289000000,8317288000000,8317287000000,8317280000000,8317249000000,367547000,48000,133000,120000,8000,8317290000000,8317291000000,8317292000000,8317316000000,8317327000000,244180000,62000,13000,8000,7000
1791427057,3460387,177,1747767917,D,N,8317289000000,8317288000000,8317287000000,8317280000000,8317249000000,367547000,48000,133000,120000,8000,8317290000000,8317291000000,8317292000000,8317316000000,8317327000000,244180000,62000,13000,8000,7000
1791427057,101020002,178,1747767917,D,N,8317289000000,8317288000000,8317287000000,8317280000000,8317249000000,367512000,20000,133000,120000,8000,8317290000000,8317291000000,8317292000000,8317316000000,8317327000000,242780000,62000,13000,8000,7000
1791427057,447611062,179,1747767917,D,N,8317289000000,8317288000000,8317287000000,8317280000000,8317249000000,293634000,20000,133000,120000,8000,8317290000000,8317291000000,8317292000000,8317316000000,8317327000000,315180000,62000,13000,8000,7000
1791427057,449641604,180,1747767917,D,N,8317289000000,8317288000000,8317287000000,8317280000000,8317249000000,295552000,20000,133000,120000,8000,8317290000000,8317291000000,8317292000000,8317316000000,8317327000000,315167000,62000,13000,8000,7000
1791427057,451571722,181,1747767917,D,N,8317289000000,8317288000000,8317287000000,8317280000000,8317249000000,98486000,20000,133000,120000,8000,8317290000000,8317291000000,8317292000000,8317316000000,8317327000000,315180000,62000,13000,8000,7000
1791427057,537082643,182,1747767917,D,N,8317289000000,8317288000000,8317287000000,8317280000000,8317249000000,97877000,20000,133000,120000,8000,8317290000000,8317291000000,8317292000000,8317316000000,8317327000000,315516000,62000,13000,8000,7000
1791427057,661352450,183,1747767917,D,N,8317289000000,8317288000000,8317287000000,8317280000000,8317249000000,97607000,20000,133000,120000,8000,8317290000000,8317291000000,8317292000000,8317316000000,8317327000000,315516000,62000,13000,8000,7000
1791427057,691870044,184,1747767917,D,N,8317289000000,8317288000000,8317287000000,8317280000000,8317249000000,101206000,20000,133000,120000,8000,8317290000000,8317291000000,8317292000000,8317316000000,8317327000000,315516000,62000,13000,8000,7000
1791427057,795854119,185,1747767917,S,N,8317289000000,8317288000000,8317287000000,8317280000000,8317249000000,101206000,20000,133000,120000,8000,8317290000000,8317291000000,8317292000000,8317316000000,8317327000000,315516000,62000,13000,8000,7000
1791427057,797085030,186,1747767917,D,N,8317289000000,8317288000000,8317287000000,8317280000000,8317249000000,101206000,20000,133000,120000,8000,8317290000000,8317291000000,8317292000000,8317316000000,8317327000000,315516000,62000,13000,8000,7000
1791427057,889709032,187,1747767917,S,N,8317289000000,8317288000000,8317287000000,8317280000000,8317249000000,101206000,20000,133000,120000,8000,8317290000000,8317291000000,8317292000000,8317316000000,8317327000000,315516000,62000,13000,8000,7000
1791427057,891065497,188,1747767917,D,N,8317289000000,8317288000000,8317287000000,8317280000000,8317249000000,101206000,20000,133000,120000,8000,8317290000000,8317291000000,8317292000000,8317316000000,8317327000000,315516000,62000,13000,8000,7000
1791427057,990314807,189,1747767917,S,N,8317289000000,8317288000000,8317287000000,8317280000000,8317249000000,101206000,20000,133000,120000,8000,8317290000000,8317291000000,8317292000000,8317316000000,8317327000000,315516000,62000,13000,8000,7000
1791427057,991350113,190,1747767917,D,N,8317289000000,8317288000000,8317287000000,8317280000000,8317249000000,101206000,20000,133000,120000,8000,8317290000000,8317291000000,8317292000000,8317316000000,8317327000000,315516000,62000,13000,8000,7000
1791427058,88226579,191,1747767917,S,N,8317289000000,8317288000000,8317287000000,8317280000000,8317249000000,101206000,20000,133000,120000,8000,8317290000000,8317291000000,8317292000000,8317316000000,8317327000000,315516000,62000,13000,8000,7000
1791427058,89635538,192,1747767917,D,N,8317289000000,8317288000000,8317287000000,8317280000000,8317249000000,101206000,20000,133000,120000,8000,8317290000000,8317291000000,8317292000000,8317316000000,8317327000000,315516000,62000,13000,8000,7000
1791427058,187726741,193,1747767917,S,N,8317289000000,8317288000000,8317287000000,8317280000000,8317249000000,101206000,20000,133000,120000,8000,8317290000000,8317291000000,8317292000000,8317316000000,8317327000000,315516000,62000,13000,8000,7000
1791427058,191153373,194,1747767917,D,N,8317289000000,8317288000000,8317287000000,8317280000000,8317249000000,101206000,20000,133000,120000,8000,8317290000000,8317291000000,8317292000000,8317316000000,8317327000000,315516000,62000,13000,8000,7000
1791427058,292163995,195,1747767917,S,N,8317289000000,8317288000000,8317287000000,8317280000000,8317249000000,101206000,20000,133000,120000,8000,8317290000000,8317291000000,8317292000000,8317316000000,8317327000000,315516000,62000,13000,8000,7000
1791427058,293729263,196,1747767917,D,N,8317289000000,8317288000000,8317287000000,8317280000000,8317249000000,101206000,20000,133000,120000,8000,8317290000000,8317291000000,8317292000000,8317316000000,8317327000000,315516000,62000,13000,8000,7000
1791427058,383918050,197,1747767917,S,N,8317289000000,8317288000000,8317287000000,8317280000000,8317249000000,101206000,20000,133000,120000,8000,8317290000000,8317291000000,8317292000000,8317316000000,8317327000000,315516000,62000,13000,8000,7000
1791427058,385935625,198,1747767917,D,N,8317289000000,8317288000000,8317287000000,8317280000000,8317249000000,101206000,20000,133000,120000,8000,8317290000000,8317291000000,8317292000000,8317316000000,8317327000000,315516000,62000,13000,8000,7000
1791427058,483831144,199,1747767917,S,N,8317289000000,8317288000000,8317287000000,8317280000000,8317249000000,101206000,20000,133000,120000,8000,8317290000000,8317291000000,8317292000000,8317316000000,8317327000000,315516000,62000,13000,8000,7000
1791427058,485685584,200,1747767917,D,N,8317289000000,8317288000000,8317287000000,8317280000000,8317249000000,101206000,20000,133000,120000,8000,8317290000000,8317291000000,8317292000000,8317316000000,8317327000000,315516000,62000,13000,8000,7000
1791427058,582853673,201,1747767917,S,N,8317289000000,8317288000000,8317287000000,8317280000000,8317249000000,101206000,20000,133000,120000,8000,8317290000000,8317291000000,8317292000000,8317316000000,8317327000000,315516000,62000,13000,8000,7000
1791427058,584664583,202,1747767917,D,N,8317289000000,8317288000000,8317287000000,8317280000000,8317249000000,101206000,20000,133000,120000,8000,8317290000000,8317291000000,8317292000000,8317316000000,8317327000000,315516000,62000,13000,8000,7000
1791427058,681508281,203,1747767917,S,N,8317289000000,8317288000000,8317287000000,8317280000000,8317249000000,101206000,20000,133000,120000,8000,8317290000000,8317291000000,8317292000000,8317316000000,8317327000000,315516000,62000,13000,8000,7000
1791427058,683253007,204,1747767917,D,N,8317289000000,8317288000000,8317287000000,8317280000000,8317249000000,101206000,20000,133000,120000,8000,8317290000000,8317291000000,8317292000000,8317316000000,8317327000000,315516000,62000,13000,8000,7000
1791427058,799080944,205,1747767917,D,N,8317289000000,8317288000000,8317287000000,8317280000000,8317249000000,101493000,20000,133000,120000,8000,8317290000000,8317291000000,8317292000000,8317316000000,8317327000000,315516000,62000,13000,8000,7000
1791427058,880939641,206,1747767917,D,N,8317289000000,8317288000000,8317287000000,8317280000000,8317249000000,67743000,20000,133000,120000,8000,8317290000000,8317291000000,8317292000000,8317316000000,8317327000000,378790000,62000,13000,8000,7000
1791427058,982196599,207,1747767917,D,N,8317289000000,8317288000000,8317287000000,8317280000000,8317249000000,67750000,20000,133000,120000,8000,8317290000000,8317291000000,8317292000000,8317316000000,8317327000000,378790000,62000,13000,8000,7000
1791427059,102759521,208,1747767917,S,N,8317289000000,8317288000000,8317287000000,8317280000000,8317249000000,67750000,20000,133000,120000,8000,8317290000000,8317291000000,8317292000000,8317316000000,8317327000000,378790000,62000,13000,8000,7000
1791427059,714156556,209,1747767917,D,N,8317289000000,8317288000000,8317287000000,8317280000000,8317249000000,67750000,20000,133000,120000,8000,8317290000000,8317291000000,8317292000000,8317316000000,8317327000000,378790000,62000,13000,8000,7000
1791427059,786158088,210,1747767917,D,N,8317289000000,8317288000000,8317287000000,8317280000000,8317249000000,68352000,20000,133000,120000,8000,8317290000000,8317291000000,8317292000000,8317316000000,8317327000000,378803000,62000,13000,8000,7000
1791427059,885892368,211,1747767917,S,N,8317289000000,8317288000000,8317287000000,8317280000000,8317249000000,68352000,20000,133000,120000,8000,8317290000000,8317291000000,8317292000000,8317316000000,8317327000000,378803000,62000,13000,8000,7000
1791427059,888496238,212,1747767917,D,N,8317289000000,8317288000000,8317287000000,8317280000000,8317249000000,68352000,20000,133000,120000,8000,8317290000000,8317291000000,8317292000000,8317316000000,8317327000000,378803000,62000,13000,8000,7000
1791427059,986717669,213,1747767917,S,N,8317289000000,8317288000000,8317287000000,8317280000000,8317249000000,68352000,20000,133000,120000,8000,8317290000000,8317291000000,8317292000000,8317316000000,8317327000000,378803000,62000,13000,8000,7000
1791427059,989877354,214,1747767917,D,N,8317289000000,8317288000000,8317287000000,8317280000000,8317249000000,68352000,20000,133000,120000,8000,8317290000000,8317291000000,8317292000000,8317316000000,8317327000000,378803000,62000,13000,8000,7000
1791427060,86775641,215,1747767917,D,N,8317289000000,8317288000000,8317287000000,8317280000000,8317249000000,102095000,20000,133000,120000,8000,8317290000000,8317291000000,8317292000000,8317316000000,8317327000000,378803000,62000,13000,8000,7000
1791427060,197862509,216,1747767917,D,N,8317289000000,8317288000000,8317287000000,8317280000000,8317249000000,102102000,20000,133000,120000,8000,8317290000000,8317291000000,8317292000000,8317316000000,8317327000000,379624000,62000,13000,8000,7000
1791427060,285016199,217,1747767917,D,N,8317289000000,8317288000000,8317287000000,8317280000000,8317249000000,101499000,69000,133000,120000,8000,8317290000000,8317291000000,8317292000000,8317316000000,8317327000000,379624000,62000,13000,8000,7000
1791427060,405806857,218,1747767917,S,N,8317289000000,8317288000000,8317287000000,8317280000000,8317249000000,101499000,69000,133000,120000,8000,8317290000000,8317291000000,8317292000000,8317316000000,8317327000000,379624000,62000,13000,8000,7000
1791427060,408521174,219,1747767917,D,N,8317289000000,8317288000000,8317287000000,8317280000000,8317249000000,101499000,69000,133000,120000,8000,8317290000000,8317291000000,8317292000000,8317316000000,8317327000000,379624000,62000,13000,8000,7000
1791427060,518489669,220,1747767917,D,N,8317289000000,8317288000000,8317287000000,8317280000000,8317249000000,67816000,69000,133000,120000,8000,8317290000000,8317291000000,8317292000000,8317316000000,8317327000000,379468000,62000,13000,8000,7000
1791427060,595731537,221,1747767917,S,N,8317289000000,8317288000000,8317287000000,8317280000000,8317249000000,67816000,69000,133000,120000,8000,8317290000000,8317291000000,8317292000000,8317316000000,8317327000000,379468000,62000,13000,8000,7000
1791427060,597449801,222,1747767917,D,N,8317289000000,8317288000000,8317287000000,8317280000000,8317249000000,67816000,69000,133000,120000,8000,8317290000000,8317291000000,8317292000000,8317316000000,8317327000000,379468000,62000,13000,8000,7000
1791427060,686110222,223,1747767917,S,N,8317289000000,8317288000000,8317287000000,8317280000000,8317249000000,67816000,69000,133000,120000,8000,8317290000000,8317291000000,8317292000000,8317316000000,8317327000000,379468000,62000,13000,8000,7000
1791427060,687742673,224,1747767917,D,N,8317289000000,8317288000000,8317287000000,8317280000000,8317249000000,67816000,69000,133000,120000,8000,8317290000000,8317291000000,8317292000000,8317316000000,8317327000000,379468000,62000,13000,8000,7000
1791427060,798194243,225,1747767917,S,N,8317289000000,8317288000000,8317287000000,8317280000000,8317249000000,67816000,69000,133000,120000,8000,8317290000000,8317291000000,8317292000000,8317316000000,8317327000000,379468000,62000,13000,8000,7000
1791427060,800347974,226,1747767917,D,N,8317289000000,8317288000000,8317287000000,8317280000000,8317249000000,67816000,69000,133000,120000,8000,8317290000000,8317291000000,8317292000000,8317316000000,8317327000000,379468000,62000,13000,8000,7000
1791427060,911790196,227,1747767917,D,N,8317289000000,8317288000000,8317287000000,8317280000000,8317249000000,68483000,69000,133000,120000,8000,8317290000000,8317291000000,8317292000000,8317316000000,8317327000000,379468000,62000,13000,8000,7000
1791427061,4970212,228,1747767917,S,N,8317289000000,8317288000000,8317287000000,8317280000000,8317249000000,68483000,69000,133000,120000,8000,8317290000000,8317291000000,8317292000000,8317316000000,8317327000000,379468000,62000,13000,8000,7000
1791427061,5902155,229,1747767917,D,N,8317289000000,8317288000000,8317287000000,8317280000000,8317249000000,68483000,69000,133000,120000,8000,8317290000000,8317291000000,8317292000000,8317316000000,8317327000000,379468000,62000,13000,8000,7000
1791427061,117205755,230,1747767917,D,N,8317289000000,8317288000000,8317287000000,8317280000000,8317249000000,68497000,69000,133000,120000,8000,8317290000000,8317291000000,8317292000000,8317316000000,8317327000000,379475000,69000,13000,8000,7000
1791427061,244414600,231,1747767917,S,N,8317289000000,8317288000000,8317287000000,8317280000000,8317249000000,68497000,69000,133000,120000,8000,8317290000000,8317291000000,8317292000000,8317316000000,8317327000000,379475000,69000,13000,8000,7000
1791427061,245770908,232,1747767917,D,N,8317289000000,8317288000000,8317287000000,8317280000000,8317249000000,68497000,69000,133000,120000,8000,8317290000000,8317291000000,8317292000000,8317316000000,8317327000000,379475000,69000,13000,8000,7000
1791427061,312372441,233,1747767917,D,N,8317289000000,8317288000000,8317287000000,8317280000000,8317249000000,68467000,69000,133000,120000,8000,8317290000000,8317291000000,8317292000000,8317316000000,8317327000000,378619000,76000,13000,8000,7000
1791427061,521637092,234,1747767917,S,N,8317289000000,8317288000000,8317287000000,8317280000000,8317249000000,68467000,69000,133000,120000,8000,8317290000000,8317291000000,8317292000000,8317316000000,8317327000000,378619000,76000,13000,8000,7000
1791427061,522854979,235,1747767917,D,N,8317289000000,8317288000000,8317287000000,8317280000000,8317249000000,68467000,69000,133000,120000,8000,8317290000000,8317291000000,8317292000000,8317316000000,8317327000000,378619000,76000,13000,8000,7000
1791427061,583398281,236,1747767917,S,N,8317289000000,8317288000000,8317287000000,8317280000000,8317249000000,68467000,69000,133000,120000,8000,8317290000000,8317291000000,8317292000000,8317316000000,8317327000000,378619000,76000,13000,8000,7000
1791427061,584710082,237,1747767917,D,N,8317289000000,8317288000000,8317287000000,8317280000000,8317249000000,68467000,69000,133000,120000,8000,8317290000000,8317291000000,8317292000000,8317316000000,8317327000000,378619000,76000,13000,8000,7000
1791427061,684624233,238,1747767917,S,N,8317289000000,8317288000000,8317287000000,8317280000000,8317249000000,68467000,69000,133000,120000,8000,8317290000000,8317291000000,8317292000000,8317316000000,8317327000000,378619000,76000,13000,8000,7000
1791427061,685945636,239,1747767917,D,N,8317289000000,8317288000000,8317287000000,8317280000000,8317249000000,68467000,69000,133000,120000,8000,8317290000000,8317291000000,8317292000000,8317316000000,8317327000000,378619000,76000,13000,8000,7000
1791427061,833935273,240,1747767917,S,N,8317289000000,8317288000000,8317287000000,8317280000000,8317249000000,68467000,69000,133000,120000,8000,8317290000000,8317291000000,8317292000000,8317316000000,8317327000000,378619000,76000,13000,8000,7000
1791427061,835055945,241,1747767917,D,N,8317289000000,8317288000000,8317287000000,8317280000000,8317249000000,68467000,69000,133000,120000,8000,8317290000000,8317291000000,8317292000000,8317316000000,8317327000000,378619000,76000,13000,8000,7000
1791427061,889766951,242,1747767917,S,N,8317289000000,8317288000000,8317287000000,8317280000000,8317249000000,68467000,69000,133000,120000,8000,8317290000000,8317291000000,8317292000000,8317316000000,8317327000000,378619000,76000,13000,8000,7000
1791427061,892244432,243,1747767917,D,N,8317289000000,8317288000000,8317287000000,8317280000000,8317249000000,68467000,69000,133000,120000,8000,8317290000000,8317291000000,8317292000000,8317316000000,8317327000000,378619000,76000,13000,8000,7000
1791427061,985936726,244,1747767917,S,N,8317289000000,8317288000000,8317287000000,8317280000000,8317249000000,68467000,69000,133000,120000,8000,8317290000000,8317291000000,8317292000000,8317316000000,8317327000000,378619000,76000,13000,8000,7000
1791427061,988264684,245,1747767917,D,N,8317289000000,8317288000000,8317287000000,8317280000000,8317249000000,68467000,69000,133000,120000,8000,8317290000000,8317291000000,8317292000000,8317316000000,8317327000000,378619000,76000,13000,8000,7000
1791427062,86095415,246,1747767917,S,N,8317289000000,8317288000000,8317287000000,8317280000000,8317249000000,68467000,69000,133000,120000,8000,8317290000000,8317291000000,8317292000000,8317316000000,8317327000000,378619000,76000,13000,8000,7000
1791427062,88528888,247,1747767917,D,N,8317289000000,8317288000000,8317287000000,8317280000000,8317249000000,68467000,69000,133000,120000,8000,8317290000000,8317291000000,8317292000000,8317316000000,8317327000000,378619000,76000,13000,8000,7000
1791427062,187486792,248,1747767917,D,N,8317289000000,8317288000000,8317287000000,8317280000000,8317249000000,68481000,69000,133000,120000,8000,8317290000000,8317291000000,8317292000000,8317316000000,8317327000000,378619000,76000,13000,8000,7000
1791427062,293921845,249,1747767917,D,N,8317289000000,8317288000000,8317287000000,8317280000000,8317249000000,68435000,69000,133000,120000,8000,8317290000000,8317291000000,8317292000000,8317316000000,8317327000000,378619000,76000,13000,8000,7000
1791427062,383853662,250,1747767917,S,N,8317289000000,8317288000000,8317287000000,8317280000000,8317249000000,68435000,69000,133000,120000,8000,8317290000000,8317291000000,8317292000000,8317316000000,8317327000000,378619000,76000,13000,8000,7000
1791427062,386525172,251,1747767917,D,N,8317289000000,8317288000000,8317287000000,8317280000000,8317249000000,68435000,69000,133000,120000,8000,8317290000000,8317291000000,8317292000000,8317316000000,8317327000000,378619000,76000,13000,8000,7000
1791427062,485264642,252,1747767917,S,N,8317289000000,8317288000000,8317287000000,8317280000000,8317249000000,68435000,69000,133000,120000,8000,8317290000000,8317291000000,8317292000000,8317316000000,8317327000000,378619000,76000,13000,8000,7000
1791427062,487471081,253,1747767917,D,N,8317289000000,8317288000000,8317287000000,8317280000000,8317249000000,68435000,69000,133000,120000,8000,8317290000000,8317291000000,8317292000000,8317316000000,8317327000000,378619000,76000,13000,8000,7000
1791427062,583618353,254,1747767917,S,N,8317289000000,8317288000000,8317287000000,8317280000000,8317249000000,68435000,69000,133000,120000,8000,8317290000000,8317291000000,8317292000000,8317316000000,8317327000000,378619000,76000,13000,8000,7000
1791427062,585950712,255,1747767917,D,N,8317289000000,8317288000000,8317287000000,8317280000000,8317249000000,68435000,69000,133000,120000,8000,8317290000000,8317291000000,8317292000000,8317316000000,8317327000000,378619000,76000,13000,8000,7000
1791427062,683784743,256,1747767917,S,N,8317289000000,8317288000000,8317287000000,8317280000000,8317249000000,68435000,69000,133000,120000,8000,8317290000000,8317291000000,8317292000000,8317316000000,8317327000000,378619000,76000,13000,8000,7000
1791427062,685971479,257,1747767917,D,N,8317289000000,8317288000000,8317287000000,8317280000000,8317249000000,68435000,69000,133000,120000,8000,8317290000000,8317291000000,8317292000000,8317316000000,8317327000000,378619000,76000,13000,8000,7000
1791427062,784295385,258,1747767917,S,N,8317289000000,8317288000000,8317287000000,8317280000000,8317249000000,68435000,69000,133000,120000,8000,8317290000000,8317291000000,8317292000000,8317316000000,8317327000000,378619000,76000,13000,8000,7000
1791427062,786529328,259,1747767917,D,N,8317289000000,8317288000000,8317287000000,8317280000000,8317249000000,68435000,69000,133000,120000,8000,8317290000000,8317291000000,8317292000000,8317316000000,8317327000000,378619000,76000,13000,8000,7000
1791427062,889046979,260,1747767917,S,N,8317289000000,8317288000000,8317287000000,8317280000000,8317249000000,68435000,69000,133000,120000,8000,8317290000000,8317291000000,8317292000000,8317316000000,8317327000000,378619000,76000,13000,8000,7000
1791427062,891437546,261,1747767917,D,N,8317289000000,8317288000000,8317287000000,8317280000000,8317249000000,68435000,69000,133000,120000,8000,8317290000000,8317291000000,8317292000000,8317316000000,8317327000000,378619000,76000,13000,8000,7000
1791427062,989666138,262,1747767917,S,N,8317289000000,8317288000000,8317287000000,8317280000000,8317249000000,68435000,69000,133000,120000,8000,8317290000000,8317291000000,8317292000000,8317316000000,8317327000000,378619000,76000,13000,8000,7000
1791427062,992307544,263,1747767917,D,N,8317289000000,8317288000000,8317287000000,8317280000000,8317249000000,68435000,69000,133000,120000,8000,8317290000000,8317291000000,8317292000000,8317316000000,8317327000000,378619000,76000,13000,8000,7000
1791427063,86246277,264,1747767917,D,N,8317289000000,8317288000000,8317287000000,8317280000000,8317249000000,68442000,69000,133000,120000,8000,8317290000000,8317291000000,8317292000000,8317316000000,8317327000000,378619000,76000,13000,8000,7000
1791427063,186481777,265,1747767917,S,N,8317289000000,8317288000000,8317287000000,8317280000000,8317249000000,68442000,69000,133000,120000,8000,8317290000000,8317291000000,8317292000000,8317316000000,8317327000000,378619000,76000,13000,8000,7000
1791427063,187360612,266,1747767917,D,N,8317289000000,8317288000000,8317287000000,8317280000000,8317249000000,68442000,69000,133000,120000,8000,8317290000000,8317291000000,8317292000000,8317316000000,8317327000000,378619000,76000,13000,8000,7000
1791427063,284205091,267,1747767917,D,N,8317289000000,8317288000000,8317287000000,8317280000000,8317249000000,68442000,69000,133000,120000,8000,8317290000000,8317291000000,8317292000000,8317316000000,8317327000000,378688000,76000,13000,8000,7000
1791427063,382413679,268,1747767917,S,N,8317289000000,8317288000000,8317287000000,8317280000000,8317249000000,68442000,69000,133000,120000,8000,8317290000000,8317291000000,8317292000000,8317316000000,8317327000000,378688000,76000,13000,8000,7000
1791427063,383649369,269,1747767917,D,N,8317289000000,8317288000000,8317287000000,8317280000000,8317249000000,68442000,69000,133000,120000,8000,8317290000000,8317291000000,8317292000000,8317316000000,8317327000000,378688000,76000,13000,8000,7000
1791427063,484235833,270,1747767917,S,N,8317289000000,8317288000000,8317287000000,8317280000000,8317249000000,68442000,69000,133000,120000,8000,8317290000000,8317291000000,8317292000000,8317316000000,8317327000000,378688000,76000,13000,8000,7000
1791427063,486224293,271,1747767917,D,N,8317289000000,8317288000000,8317287000000,8317280000000,8317249000000,68442000,69000,133000,120000,8000,8317290000000,8317291000000,8317292000000,8317316000000,8317327000000,378688000,76000,13000,8000,7000
1791427063,572048556,272,1747767917,S,N,8317289000000,8317288000000,8317287000000,8317280000000,8317249000000,68442000,69000,133000,120000,8000,8317290000000,8317291000000,8317292000000,8317316000000,8317327000000,378688000,76000,13000,8000,7000
1791427063,573860202,273,1747767917,D,N,8317289000000,8317288000000,8317287000000,8317280000000,8317249000000,68442000,69000,133000,120000,8000,8317290000000,8317291000000,8317292000000,8317316000000,8317327000000,378688000,76000,13000,8000,7000
1791427063,696179629,274,1747767917,S,N,8317289000000,8317288000000,8317287000000,8317280000000,8317249000000,68442000,69000,133000,120000,8000,8317290000000,8317291000000,8317292000000,8317316000000,8317327000000,378688000,76000,13000,8000,7000
1791427063,698009550,275,1747767917,D,N,8317289000000,8317288000000,8317287000000,8317280000000,8317249000000,68442000,69000,133000,120000,8000,8317290000000,8317291000000,8317292000000,8317316000000,8317327000000,378688000,76000,13000,8000,7000
1791427063,757904711,276,1747767917,S,N,8317289000000,8317288000000,8317287000000,8317280000000,8317249000000,68442000,69000,133000,120000,8000,8317290000000,8317291000000,8317292000000,8317316000000,8317327000000,378688000,76000,13000,8000,7000
1791427063,759738621,277,1747767917,D,N,8317289000000,8317288000000,8317287000000,8317280000000,8317249000000,68442000,69000,133000,120000,8000,8317290000000,8317291000000,8317292000000,8317316000000,8317327000000,378688000,76000,13000,8000,7000
1791427063,875125204,278,1747767917,S,N,8317289000000,8317288000000,8317287000000,8317280000000,8317249000000,68442000,69000,133000,120000,8000,8317290000000,8317291000000,8317292000000,8317316000000,8317327000000,378688000,76000,13000,8000,7000
1791427063,877113663,279,1747767917,D,N,8317289000000,8317288000000,8317287000000,8317280000000,8317249000000,68442000,69000,133000,120000,8000,8317290000000,8317291000000,8317292000000,8317316000000,8317327000000,378688000,76000,13000,8000,7000
1791427063,943685447,280,1747767917,S,N,8317289000000,8317288000000,8317287000000,8317280000000,8317249000000,68442000,69000,133000,120000,8000,8317290000000,8317291000000,8317292000000,8317316000000,8317327000000,378688000,76000,13000,8000,7000
1791427063,945031402,281,1747767917,D,N,8317289000000,8317288000000,8317287000000,8317280000000,8317249000000,68442000,69000,133000,120000,8000,8317290000000,8317291000000,8317292000000,8317316000000,8317327000000,378688000,76000,13000,8000,7000
1791427064,39209700,282,1747767917,D,N,8317289000000,8317288000000,8317287000000,8317280000000,8317249000000,68449000,69000,133000,120000,8000,8317290000000,8317291000000,8317292000000,8317316000000,8317327000000,378688000,76000,13000,8000,7000
1791427064,141503250,283,1747767917,D,N,8317289000000,8317288000000,8317287000000,8317280000000,8317249000000,68248000,69000,133000,120000,8000,8317290000000,8317291000000,8317292000000,8317316000000,8317327000000,379416000,76000,13000,8000,7000
1791427064,224041708,284,1747767917,S,N,8317289000000,8317288000000,8317287000000,8317280000000,8317249000000,68248000,69000,133000,120000,8000,8317290000000,8317291000000,8317292000000,8317316000000,8317327000000,379416000,76000,13000,8000,7000
1791427064,225000547,285,1747767917,D,N,8317289000000,8317288000000,8317287000000,8317280000000,8317249000000,68248000,69000,133000,120000,8000,8317290000000,8317291000000,8317292000000,8317316000000,8317327000000,379416000,76000,13000,8000,7000
1791427064,330719238,286,1747767917,D,N,8317289000000,8317288000000,8317287000000,8317280000000,8317249000000,317155000,69000,133000,120000,8000,8317290000000,8317291000000,8317292000000,8317316000000,8317327000000,361958000,76000,13000,8000,7000
1791427064,408174346,287,1747767917,D,N,8317289000000,8317288000000,8317287000000,8317280000000,8317249000000,374390000,69000,133000,120000,8000,8317290000000,8317291000000,8317292000000,8317316000000,8317327000000,303463000,69000,13000,8000,7000
1791427064,523548962,288,1747767917,D,N,8317289000000,8317288000000,8317287000000,8317280000000,8317249000000,374383000,62000,133000,120000,8000,8317290000000,8317291000000,8317292000000,8317316000000,8317327000000,286094000,69000,13000,8000,7000
1791427064,594999267,289,1747767917,D,N,8317289000000,8317288000000,8317287000000,8317280000000,8317249000000,374383000,62000,133000,120000,8000,8317290000000,8317291000000,8317292000000,8317316000000,8317327000000,285323000,69000,13000,8000,7000
1791427064,707566941,290,1747767917,D,N,8317289000000,8317288000000,8317287000000,8317280000000,8317249000000,374369000,48000,133000,120000,8000,8317290000000,8317291000000,8317292000000,8317316000000,8317327000000,285309000,62000,13000,8000,7000
1791427064,815824106,291,1747767917,D,N,8317289000000,8317288000000,8317287000000,8317280000000,8317249000000,374099000,48000,133000,120000,8000,8317290000000,8317291000000,8317292000000,8317316000000,8317327000000,285315000,62000,13000,8000,7000
1791427064,884425166,292,1747767917,D,N,8317289000000,8317288000000,8317287000000,8317280000000,8317249000000,374099000,48000,133000,120000,8000,8317290000000,8317291000000,8317292000000,8317316000000,8317327000000,285322000,62000,13000,8000,7000
1791427065,4205192,293,1747767917,S,N,8317289000000,8317288000000,8317287000000,8317280000000,8317249000000,374099000,48000,133000,120000,8000,8317290000000,8317291000000,8317292000000,8317316000000,8317327000000,285322000,62000,13000,8000,7000
1791427065,6851554,294,1747767917,D,N,8317289000000,8317288000000,8317287000000,8317280000000,8317249000000,374099000,48000,133000,120000,8000,8317290000000,8317291000000,8317292000000,8317316000000,8317327000000,285322000,62000,13000,8000,7000
1791427065,65706427,295,1747767917,S,N,8317289000000,8317288000000,8317287000000,8317280000000,8317249000000,374099000,48000,133000,120000,8000,8317290000000,8317291000000,8317292000000,8317316000000,8317327000000,285322000,62000,13000,8000,7000
1791427065,68488044,296,1747767917,D,N,8317289000000,8317288000000,8317287000000,8317280000000,8317249000000,374099000,48000,133000,120000,8000,8317290000000,8317291000000,8317292000000,8317316000000,8317327000000,285322000,62000,13000,8000,7000
1791427065,181830321,297,1747767917,D,N,8317289000000,8317288000000,8317287000000,8317280000000,8317249000000,374099000,48000,133000,120000,8000,8317290000000,8317291000000,8317292000000,8317316000000,8317327000000,285329000,69000,13000,8000,7000
1791427065,262424756,298,1747767917,D,N,8317289000000,8317288000000,8317287000000,8317280000000,8317249000000,376283000,69000,133000,120000,8000,8317290000000,8317291000000,8317292000000,8317316000000,8317327000000,143536000,62000,13000,8000,7000
1791427065,633940957,299,1747767917,D,N,8318192000000,8318191000000,8318190000000,8318164000000,8318163000000,676423000,13000,13000,10000,68360000,8318193000000,8318194000000,8318200000000,8318201000000,8318266000000,6135000,56000,14000,2807000,14000
1791427065,686364390,300,1747767917,D,N,8318200000000,8318199000000,8318198000000,8318193000000,8318192000000,964069000,13000,13000,25533000,295766000,8318201000000,8318202000000,8318348000000,8318380000000,8318381000000,2074000,21000,10000,8000,7000
1791427065,688400996,301,1747767917,D,N,8318200000000,8318199000000,8318198000000,8318193000000,8318192000000,912572000,13000,13000,2302000,262009000,8318201000000,8318202000000,8318380000000,8318381000000,8318383000000,295000,35000,8000,7000,7000
1791427065,770116704,302,1747767917,D,N,8318400000000,8318399000000,8318398000000,8318336000000,8318286000000,1042807000,13000,13000,400000,8000,8318401000000,8318402000000,8318417000000,8318458000000,8318462000000,127255000,21000,193000,606000,8000
1791427065,771152818,303,1747767917,D,N,8318400000000,8318399000000,8318398000000,8318336000000,8318286000000,1123793000,13000,13000,400000,8000,8318401000000,8318402000000,8318417000000,8318462000000,8318502000000,91411000,21000,193000,8000,7000
1791427065,801118396,304,1747767917,D,N,8318400000000,8318399000000,8318398000000,8318336000000,8318286000000,1124621000,13000,13000,400000,8000,8318401000000,8318402000000,8318417000000,8318462000000,8318502000000,54434000,28000,193000,8000,7000
1791427065,892320915,305,1747767917,D,N,8318400000000,8318399000000,8318398000000,8318336000000,8318286000000,1125272000,13000,13000,400000,8000,8318401000000,8318402000000,8318417000000,8318462000000,8318502000000,18631000,42000,193000,8000,7000
1791427065,987566218,306,1747767917,S,N,8318400000000,8318399000000,8318398000000,8318336000000,8318286000000,1125272000,13000,13000,400000,8000,8318401000000,8318402000000,8318417000000,8318462000000,8318502000000,18631000,42000,193000,8000,7000
1791427065,991346378,307,1747767917,D,N,8318400000000,8318399000000,8318398000000,8318336000000,8318286000000,1125272000,13000,13000,400000,8000,8318401000000,8318402000000,8318417000000,8318462000000,8318502000000,18631000,42000,193000,8000,7000
1791427066,77023142,308,1747767917,D,N,8318400000000,8318399000000,8318398000000,8318336000000,8318286000000,1125272000,13000,13000,400000,8000,8318401000000,8318402000000,8318417000000,8318462000000,8318502000000,18645000,42000,193000,8000,7000
1791427066,170035731,309,1747767917,D,N,8318400000000,8318399000000,8318398000000,8318336000000,8318286000000,1124671000,13000,13000,400000,8000,8318401000000,8318402000000,8318417000000,8318462000000,8318502000000,18645000,42000,193000,8000,7000
1791427066,266504537,310,1747767917,D,N,8318400000000,8318399000000,8318398000000,8318336000000,8318286000000,1124671000,13000,13000,400000,8000,8318401000000,8318402000000,8318417000000,8318462000000,8318502000000,18625000,42000,193000,8000,7000
1791427066,359477606,311,1747767917,D,N,8318400000000,8318399000000,8318398000000,8318336000000,8318286000000,1124671000,13000,13000,400000,8000,8318401000000,8318402000000,8318417000000,8318462000000,8318502000000,17624000,42000,193000,8000,7000
1791427066,448059738,312,1747767917,D,N,8318400000000,8318399000000,8318398000000,8318336000000,8318286000000,1125279000,13000,13000,400000,8000,8318401000000,8318402000000,8318417000000,8318462000000,8318502000000,53607000,42000,193000,8000,7000
1791427066,541439127,313,1747767917,D,N,8318400000000,8318399000000,8318398000000,8318336000000,8318286000000,1132491000,13000,13000,400000,8000,8318401000000,8318402000000,8318417000000,8318462000000,8318502000000,17644000,42000,193000,8000,7000
1791427066,631844593,314,1747767917,S,N,8318400000000,8318399000000,8318398000000,8318336000000,8318286000000,1132491000,13000,13000,400000,8000,8318401000000,8318402000000,8318417000000,8318462000000,8318502000000,17644000,42000,193000,8000,7000
1791427066,633571171,315,1747767917,D,N,8318400000000,8318399000000,8318398000000,8318336000000,8318286000000,1132491000,13000,13000,400000,8000,8318401000000,8318402000000,8318417000000,8318462000000,8318502000000,17644000,42000,193000,8000,7000
1791427066,747309286,316,1747767917,D,N,8318769000000,8318768000000,8318767000000,8318673000000,8318503000000,891558000,13000,13000,14660000,8000,8318770000000,8318771000000,8318772000000,8318777000000,8318787000000,292023000,48000,13000,7000,7000
1791427066,820953436,317,1747767917,D,N,8318769000000,8318768000000,8318767000000,8318674000000,8318673000000,893992000,13000,13000,14000,14667000,8318770000000,8318771000000,8318772000000,8318777000000,8318787000000,256530000,48000,13000,7000,7000
1791427066,913762864,318,1747767917,D,N,8318769000000,8318768000000,8318767000000,8318674000000,8318673000000,894852000,13000,13000,14000,14667000,8318770000000,8318771000000,8318772000000,8318787000000,8318791000000,256537000,55000,13000,7000,194000
1791427067,5969029,319,1747767917,S,N,8318769000000,8318768000000,8318767000000,8318674000000,8318673000000,894852000,13000,13000,14000,14667000,8318770000000,8318771000000,8318772000000,8318787000000,8318791000000,256537000,55000,13000,7000,194000
1791427067,7578907,320,1747767917,D,N,8318769000000,8318768000000,8318767000000,8318674000000,8318673000000,894852000,13000,13000,14000,14667000,8318770000000,8318771000000,8318772000000,8318787000000,8318791000000,256537000,55000,13000,7000,194000
1791427067,102225956,321,1747767917,D,N,8318769000000,8318768000000,8318767000000,8318765000000,8318674000000,895011000,13000,13000,705000,14000,8318770000000,8318771000000,8318772000000,8318787000000,8318791000000,127897000,48000,13000,7000,194000
1791427067,211075438,322,1747767917,D,N,8318769000000,8318768000000,8318767000000,8318765000000,8318674000000,895011000,13000,13000,705000,14000,8318770000000,8318771000000,8318772000000,8318787000000,8318791000000,145015000,48000,13000,7000,194000
1791427067,282273045,323,1747767917,S,N,8318769000000,8318768000000,8318767000000,8318765000000,8318674000000,895011000,13000,13000,705000,14000,8318770000000,8318771000000,8318772000000,8318787000000,8318791000000,145015000,48000,13000,7000,194000
1791427067,284073002,324,1747767917,D,N,8318769000000,8318768000000,8318767000000,8318765000000,8318674000000,895011000,13000,13000,705000,14000,8318770000000,8318771000000,8318772000000,8318787000000,8318791000000,145015000,48000,13000,7000,194000
1791427067,375341294,325,1747767917,D,N,8318769000000,8318768000000,8318767000000,8318765000000,8318674000000,894410000,13000,13000,705000,14000,8318770000000,8318771000000,8318772000000,8318787000000,8318791000000,145015000,48000,13000,7000,194000
1791427067,472372917,326,1747767917,D,N,8318769000000,8318768000000,8318767000000,8318765000000,8318674000000,894417000,13000,13000,705000,14000,8318770000000,8318771000000,8318772000000,8318787000000,8318791000000,161503000,48000,13000,7000,194000
1791427067,563515695,327,1747767917,D,N,8318769000000,8318768000000,8318767000000,8318765000000,8318674000000,898023000,13000,13000,705000,14000,8318770000000,8318771000000,8318772000000,8318787000000,8318791000000,199889000,48000,13000,7000,194000
1791427067,657978826,328,1747767917,D,N,8318769000000,8318768000000,8318767000000,8318765000000,8318674000000,898624000,13000,13000,705000,14000,8318770000000,8318771000000,8318772000000,8318787000000,8318791000000,199889000,48000,13000,7000,194000
1791427067,759130226,329,1747767917,D,N,8318769000000,8318768000000,8318767000000,8318765000000,8318674000000,898624000,13000,13000,705000,14000,8318770000000,8318771000000,8318772000000,8318787000000,8318791000000,204668000,48000,13000,7000,194000
1791427067,857358926,330,1747767917,D,N,8318769000000,8318768000000,8318767000000,8318765000000,8318752000000,917642000,13000,13000,705000,400000,8318770000000,8318771000000,8318772000000,8318787000000,8318800000000,27244000,48000,13000,7000,14000
1791427067,962161526,331,1747767917,D,N,8318769000000,8318768000000,8318767000000,8318765000000,8318752000000,913196000,13000,13000,705000,400000,8318770000000,8318771000000,8318772000000,8318787000000,8318800000000,157574000,62000,13000,7000,14000
1791427068,58064526,332,1747767917,D,N,8318769000000,8318768000000,8318767000000,8318765000000,8318752000000,913575000,13000,13000,705000,400000,8318770000000,8318771000000,8318772000000,8318787000000,8318800000000,157574000,62000,13000,7000,14000
1791427068,160484626,333,1747767917,D,N,8318769000000,8318768000000,8318767000000,8318765000000,8318752000000,913575000,13000,13000,705000,400000,8318770000000,8318771000000,8318772000000,8318787000000,8318800000000,140733000,76000,13000,7000,14000
1791427068,276592927,334,1747767917,D,N,8318769000000,8318768000000,8318767000000,8318765000000,8318752000000,913673000,62000,13000,705000,400000,8318770000000,8318771000000,8318772000000,8318787000000,8318800000000,140726000,76000,13000,7000,14000
1791427068,358560727,335,1747767917,D,N,8318769000000,8318768000000,8318767000000,8318765000000,8318752000000,913666000,62000,13000,705000,400000,8318770000000,8318771000000,8318772000000,8318787000000,8318800000000,140726000,76000,13000,7000,14000
1791427068,475789827,336,1747767917,D,N,8318769000000,8318768000000,8318767000000,8318765000000,8318752000000,913620000,76000,13000,705000,400000,8318770000000,8318771000000,8318772000000,8318787000000,8318800000000,155005000,76000,13000,7000,14000
1791427068,565351927,337,1747767917,S,N,8318769000000,8318768000000,8318767000000,8318765000000,8318752000000,913620000,76000,13000,705000,400000,8318770000000,8318771000000,8318772000000,8318787000000,8318800000000,155005000,76000,13000,7000,14000
1791427068,566891727,338,1747767917,D,N,8318769000000,8318768000000,8318767000000,8318765000000,8318752000000,913620000,76000,13000,705000,400000,8318770000000,8318771000000,8318772000000,8318787000000,8318800000000,155005000,76000,13000,7000,14000
1791427068,678629227,339,1747767917,D,N,8318769000000,8318768000000,8318767000000,8318765000000,8318752000000,913620000,69000,13000,705000,400000,8318770000000,8318771000000,8318772000000,8318787000000,8318800000000,193371000,76000,13000,7000,14000
1791427068,790842527,340,1747767917,D,N,8318769000000,8318768000000,8318767000000,8318765000000,8318752000000,913620000,69000,13000,705000,400000,8318770000000,8318771000000,8318772000000,8318787000000,8318800000000,193548000,76000,13000,7000,14000
1791427068,872406427,341,1747767917,D,N,8318769000000,8318768000000,8318767000000,8318765000000,8318752000000,488057000,62000,13000,705000,400000,8318770000000,8318771000000,8318772000000,8318787000000,8318800000000,336669000,69000,13000,7000,14000
1791427069,24274427,342,1747767917,D,N,8318769000000,8318768000000,8318767000000,8318765000000,8318675000000,466189000,62000,13000,705000,7000,8318770000000,8318771000000,8318772000000,8318787000000,8318800000000,371877000,55000,13000,7000,14000
1791427069,64145427,343,1747767917,S,N,8318769000000,8318768000000,8318767000000,8318765000000,8318675000000,466189000,62000,13000,705000,7000,8318770000000,8318771000000,8318772000000,8318787000000,8318800000000,371877000,55000,13000,7000,14000
1791427069,66938127,344,1747767917,D,N,8318769000000,8318768000000,8318767000000,8318765000000,8318675000000,466189000,62000,13000,705000,7000,8318770000000,8318771000000,8318772000000,8318787000000,8318800000000,371877000,55000,13000,7000,14000
1791427069,187981527,345,1747767917,S,N,8318769000000,8318768000000,8318767000000,8318765000000,8318675000000,466189000,62000,13000,705000,7000,8318770000000,8318771000000,8318772000000,8318787000000,8318800000000,371877000,55000,13000,7000,14000
1791427069,188926427,346,1747767917,D,N,8318769000000,8318768000000,8318767000000,8318765000000,8318675000000,466189000,62000,13000,705000,7000,8318770000000,8318771000000,8318772000000,8318787000000,8318800000000,371877000,55000,13000,7000,14000
1791427069,265166927,347,1747767917,D,N,8318769000000,8318768000000,8318767000000,8318765000000,8318673000000,466189000,62000,13000,705000,7000,8318770000000,8318771000000,8318772000000,8318787000000,8318800000000,371456000,62000,13000,7000,14000
1791427069,428943227,348,1747767917,S,N,8318769000000,8318768000000,8318767000000,8318765000000,8318673000000,466189000,62000,13000,705000,7000,8318770000000,8318771000000,8318772000000,8318787000000,8318800000000,371456000,62000,13000,7000,14000
1791427069,430197427,349,1747767917,D,N,8318769000000,8318768000000,8318767000000,8318765000000,8318673000000,466189000,62000,13000,705000,7000,8318770000000,8318771000000,8318772000000,8318787000000,8318800000000,371456000,62000,13000,7000,14000
1791427069,477063727,350,1747767917,S,N,8318769000000,8318768000000,8318767000000,8318765000000,8318673000000,466189000,62000,13000,705000,7000,8318770000000,8318771000000,8318772000000,8318787000000,8318800000000,371456000,62000,13000,7000,14000
1791427069,478729227,351,1747767917,D,N,8318769000000,8318768000000,8318767000000,8318765000000,8318673000000,466189000,62000,13000,705000,7000,8318770000000,8318771000000,8318772000000,8318787000000,8318800000000,371456000,62000,13000,7000,14000
1791427069,623996327,352,1747767917,D,N,8318769000000,8318768000000,8318767000000,8318765000000,8318673000000,466189000,62000,13000,705000,7000,8318770000000,8318771000000,8318772000000,8318787000000,8318800000000,373338000,62000,13000,7000,14000
1791427069,675605328,353,1747767917,D,N,8318769000000,8318768000000,8318767000000,8318765000000,8318673000000,466182000,62000,13000,705000,7000,8318770000000,8318771000000,8318772000000,8318787000000,8318800000000,373338000,62000,13000,7000,14000
1791427069,757329328,354,1747767917,D,N,8318769000000,8318768000000,8318767000000,8318765000000,8318673000000,466182000,62000,13000,705000,7000,8318770000000,8318771000000,8318772000000,8318787000000,8318800000000,380019000,62000,13000,7000,14000
1791427069,861285728,355,1747767917,D,N,8318769000000,8318768000000,8318767000000,8318765000000,8318673000000,466182000,62000,13000,705000,7000,8318770000000,8318771000000,8318772000000,8318787000000,8318800000000,379960000,62000,13000,7000,14000
1791427069,960580628,356,1747767917,D,N,8318769000000,8318768000000,8318767000000,8318765000000,8318636000000,25500000,62000,13000,705000,14000,8318770000000,8318771000000,8318772000000,8318787000000,8318800000000,454348000,13000,13000,7000,14000
1791427070,60966828,357,1747767917,D,N,8318769000000,8318768000000,8318767000000,8318636000000,8318635000000,38062000,62000,13000,14000,1433000,8318770000000,8318771000000,8318772000000,8318787000000,8318800000000,454385000,13000,13000,7000,14000
1791427070,162770728,358,1747767917,D,N,8318769000000,8318768000000,8318767000000,8318636000000,8318635000000,38082000,76000,13000,14000,1433000,8318770000000,8318771000000,8318772000000,8318787000000,8318800000000,470585000,13000,13000,7000,14000
1791427070,257406628,359,1747767917,D,N,8318769000000,8318768000000,8318767000000,8318636000000,8318635000000,38069000,76000,13000,14000,1433000,8318770000000,8318771000000,8318772000000,8318787000000,8318800000000,470585000,13000,13000,7000,14000
1791427070,361461128,360,1747767917,D,N,8318769000000,8318768000000,8318767000000,8318636000000,8318635000000,39884000,76000,13000,14000,1433000,8318770000000,8318771000000,8318772000000,8318787000000,8318800000000,470585000,13000,13000,7000,14000
1791427070,463271628,361,1747767917,D,N,8318769000000,8318768000000,8318767000000,8318636000000,8318635000000,75258000,69000,13000,14000,1433000,8318770000000,8318771000000,8318772000000,8318787000000,8318800000000,471997000,13000,13000,7000,14000
1791427070,565496828,362,1747767917,D,N,8318769000000,8318768000000,8318767000000,8318636000000,8318635000000,39288000,69000,13000,14000,1433000,8318770000000,8318771000000,8318772000000,8318787000000,8318800000000,471997000,13000,13000,7000,14000
1791427070,673413228,363,1747767917,S,N,8318769000000,8318768000000,8318767000000,8318636000000,8318635000000,39288000,69000,13000,14000,1433000,8318770000000,8318771000000,8318772000000,8318787000000,8318800000000,471997000,13000,13000,7000,14000
1791427070,675041528,364,1747767917,D,N,8318769000000,8318768000000,8318767000000,8318636000000,8318635000000,39288000,69000,13000,14000,1433000,8318770000000,8318771000000,8318772000000,8318787000000,8318800000000,471997000,13000,13000,7000,14000
1791427070,757664628,365,1747767917,D,N,8318769000000,8318768000000,8318767000000,8318636000000,8318635000000,39295000,76000,13000,14000,1433000,8318770000000,8318771000000,8318772000000,8318787000000,8318800000000,471997000,13000,13000,7000,14000
1791427070,857779228,366,1747767917,D,N,8318769000000,8318768000000,8318767000000,8318636000000,8318635000000,75265000,76000,13000,14000,1433000,8318770000000,8318771000000,8318772000000,8318787000000,8318800000000,472677000,13000,13000,7000,14000
1791427070,957169328,367,1747767917,D,N,8318769000000,8318768000000,8318767000000,8318636000000,8318635000000,75251000,76000,13000,14000,1433000,8318770000000,8318771000000,8318772000000,8318787000000,8318800000000,472670000,13000,13000,7000,14000
1791427071,85262328,368,1747767917,S,N,8318769000000,8318768000000,8318767000000,8318636000000,8318635000000,75251000,76000,13000,14000,1433000,8318770000000,8318771000000,8318772000000,8318787000000,8318800000000,472670000,13000,13000,7000,14000
1791427071,88472728,369,1747767917,D,N,8318769000000,8318768000000,8318767000000,8318636000000,8318635000000,75251000,76000,13000,14000,1433000,8318770000000,8318771000000,8318772000000,8318787000000,8318800000000,472670000,13000,13000,7000,14000
1791427071,158289529,370,1747767917,S,N,8318769000000,8318768000000,8318767000000,8318636000000,8318635000000,75251000,76000,13000,14000,1433000,8318770000000,8318771000000,8318772000000,8318787000000,8318800000000,472670000,13000,13000,7000,14000
1791427071,160886029,371,1747767917,D,N,8318769000000,8318768000000,8318767000000,8318636000000,8318635000000,75251000,76000,13000,14000,1433000,8318770000000,8318771000000,8318772000000,8318787000000,8318800000000,472670000,13000,13000,7000,14000
1791427071,265153129,372,1747767917,S,N,8318769000000,8318768000000,8318767000000,8318636000000,8318635000000,75251000,76000,13000,14000,1433000,8318770000000,8318771000000,8318772000000,8318787000000,8318800000000,472670000,13000,13000,7000,14000
1791427071,268385529,373,1747767917,D,N,8318769000000,8318768000000,8318767000000,8318636000000,8318635000000,75251000,76000,13000,14000,1433000,8318770000000,8318771000000,8318772000000,8318787000000,8318800000000,472670000,13000,13000,7000,14000
1791427071,358271429,374,1747767917,D,N,8318769000000,8318768000000,8318767000000,8318636000000,8318635000000,5847000,62000,13000,14000,1433000,8318770000000,8318771000000,8318772000000,8318787000000,8318801000000,478138000,13000,13000,7000,2800000
1791427071,457247528,375,1747767917,D,N,8318400000000,8318399000000,8318352000000,8318282000000,8318281000000,9219000,56000,601000,14000,4228000,8318401000000,8318402000000,8318403000000,8318491000000,8318502000000,773246000,13000,13000,8000,14000
1791427071,580385363,376,1747767917,D,N,8318200000000,8318199000000,8318192000000,8318165000000,8318096000000,26095000,49000,12000,8000,699000,8318201000000,8318202000000,8318203000000,8318231000000,8318282000000,902969000,128078000,13000,742000,75584000
1791427071,642735063,377,1747767917,D,N,8318200000000,8318199000000,8318192000000,8318165000000,8318096000000,40537000,70000,12000,8000,699000,8318201000000,8318202000000,8318203000000,8318231000000,8318282000000,906761000,94328000,13000,742000,75584000
1791427071,739774561,378,1747767917,D,N,8318200000000,8318199000000,8318192000000,8318165000000,8318096000000,40558000,70000,12000,8000,699000,8318201000000,8318202000000,8318203000000,8318231000000,8318282000000,907756000,94321000,13000,742000,14000
1791427071,831634092,379,1747767917,D,N,8318200000000,8318199000000,8318192000000,8318165000000,8318096000000,40592000,77000,12000,8000,699000,8318201000000,8318202000000,8318203000000,8318231000000,8318282000000,905821000,94321000,13000,742000,14000
1791427071,925006334,380,1747767917,D,N,8318200000000,8318199000000,8318192000000,8318165000000,8318096000000,40585000,77000,12000,8000,699000,8318201000000,8318202000000,8318203000000,8318231000000,8318282000000,905821000,94321000,13000,742000,14000
1791427072,16364150,381,1747767917,S,N,8318200000000,8318199000000,8318192000000,8318165000000,8318096000000,40585000,77000,12000,8000,699000,8318201000000,8318202000000,8318203000000,8318231000000,8318282000000,905821000,94321000,13000,742000,14000
1791427072,17572433,382,1747767917,D,N,8318200000000,8318199000000,8318192000000,8318165000000,8318096000000,40585000,77000,12000,8000,699000,8318201000000,8318202000000,8318203000000,8318231000000,8318282000000,905821000,94321000,13000,742000,14000
1791427072,133749310,383,1747767917,S,N,8318200000000,8318199000000,8318192000000,8318165000000,8318096000000,40585000,77000,12000,8000,699000,8318201000000,8318202000000,8318203000000,8318231000000,8318282000000,905821000,94321000,13000,742000,14000
1791427072,135839493,384,1747767917,D,N,8318200000000,8318199000000,8318192000000,8318165000000,8318096000000,40585000,77000,12000,8000,699000,8318201000000,8318202000000,8318203000000,8318231000000,8318282000000,905821000,94321000,13000,742000,14000
1791427072,203185606,385,1747767917,D,N,8318200000000,8318199000000,8318192000000,8318165000000,8318096000000,40572000,77000,12000,8000,699000,8318201000000,8318202000000,8318203000000,8318231000000,8318282000000,905821000,94321000,13000,742000,14000
1791427072,298371720,386,1747767917,D,N,8318200000000,8318199000000,8318192000000,8318165000000,8318096000000,26016000,70000,12000,8000,699000,8318201000000,8318202000000,8318203000000,8318231000000,8318282000000,905841000,94321000,13000,742000,14000
1791427072,397654691,387,1747767917,D,N,8318200000000,8318199000000,8318192000000,8318165000000,8318096000000,26293000,70000,12000,8000,699000,8318201000000,8318202000000,8318203000000,8318231000000,8318282000000,905841000,94321000,13000,742000,14000
1791427072,486958753,388,1747767917,S,N,8318200000000,8318199000000,8318192000000,8318165000000,8318096000000,26293000,70000,12000,8000,699000,8318201000000,8318202000000,8318203000000,8318231000000,8318282000000,905841000,94321000,13000,742000,14000
1791427072,487823280,389,1747767917,D,N,8318200000000,8318199000000,8318192000000,8318165000000,8318096000000,26293000,70000,12000,8000,699000,8318201000000,8318202000000,8318203000000,8318231000000,8318282000000,905841000,94321000,13000,742000,14000
1791427072,625119455,390,1747767917,S,N,8318200000000,8318199000000,8318192000000,8318165000000,8318096000000,26293000,70000,12000,8000,699000,8318201000000,8318202000000,8318203000000,8318231000000,8318282000000,905841000,94321000,13000,742000,14000
1791427072,626606759,391,1747767917,D,N,8318200000000,8318199000000,8318192000000,8318165000000,8318096000000,26293000,70000,12000,8000,699000,8318201000000,8318202000000,8318203000000,8318231000000,8318282000000,905841000,94321000,13000,742000,14000
1791427072,676011071,392,1747767917,S,N,8318200000000,8318199000000,8318192000000,8318165000000,8318096000000,26293000,70000,12000,8000,699000,8318201000000,8318202000000,8318203000000,8318231000000,8318282000000,905841000,94321000,13000,742000,14000
1791427072,677591506,393,1747767917,D,N,8318200000000,8318199000000,8318192000000,8318165000000,8318096000000,26293000,70000,12000,8000,699000,8318201000000,8318202000000,8318203000000,8318231000000,8318282000000,905841000,94321000,13000,742000,14000
1791427072,790041718,394,1747767917,S,N,8318200000000,8318199000000,8318192000000,8318165000000,8318096000000,26293000,70000,12000,8000,699000,8318201000000,8318202000000,8318203000000,8318231000000,8318282000000,905841000,94321000,13000,742000,14000
1791427072,791718274,395,1747767917,D,N,8318200000000,8318199000000,8318192000000,8318165000000,8318096000000,26293000,70000,12000,8000,699000,8318201000000,8318202000000,8318203000000,8318231000000,8318282000000,905841000,94321000,13000,742000,14000
1791427072,857652186,396,1747767917,D,N,8318200000000,8318199000000,8318198000000,8318192000000,8318165000000,26299000,83000,13000,12000,8000,8318201000000,8318202000000,8318203000000,8318231000000,8318282000000,905057000,94321000,13000,742000,14000
1791427072,970135372,397,1747767917,D,N,8318200000000,8318199000000,8318198000000,8318192000000,8318165000000,26309000,83000,13000,12000,8000,8318201000000,8318202000000,8318203000000,8318231000000,8318282000000,905064000,94321000,13000,742000,14000
1791427073,46910010,398,1747767917,D,N,8318200000000,8318199000000,8318198000000,8318192000000,8318165000000,26309000,83000,13000,12000,8000,8318201000000,8318202000000,8318203000000,8318231000000,8318282000000,905023000,94321000,13000,742000,14000
1791427073,155121005,399,1747767917,D,N,8318200000000,8318199000000,8318198000000,8318192000000,8318165000000,26316000,83000,13000,12000,8000,8318201000000,8318202000000,8318203000000,8318231000000,8318282000000,905101000,94321000,13000,742000,14000
1791427073,296072479,400,1747767917,D,N,8318200000000,8318199000000,8318198000000,8318192000000,8318165000000,8019000,83000,13000,12000,8000,8318201000000,8318202000000,8318203000000,8318231000000,8318282000000,905087000,94321000,13000,742000,14000
1791427073,333330356,401,1747767917,D,N,8318200000000,8318199000000,8318198000000,8318192000000,8318165000000,8005000,76000,13000,12000,8000,8318201000000,8318202000000,8318203000000,8318231000000,8318282000000,905101000,106009000,13000,742000,14000
1791427073,453625201,402,1747767917,S,N,8318200000000,8318199000000,8318198000000,8318192000000,8318165000000,8005000,76000,13000,12000,8000,8318201000000,8318202000000,8318203000000,8318231000000,8318282000000,905101000,106009000,13000,742000,14000
1791427073,462391623,403,1747767917,D,N,8318200000000,8318199000000,8318198000000,8318192000000,8318165000000,8005000,76000,13000,12000,8000,8318201000000,8318202000000,8318203000000,8318231000000,8318282000000,905101000,106009000,13000,742000,14000
1791427073,526199015,404,1747767917,D,N,8318200000000,8318199000000,8318198000000,8318192000000,8318165000000,26088000,76000,13000,12000,8000,8318201000000,8318202000000,8318203000000,8318231000000,8318282000000,905101000,106009000,13000,742000,14000
1791427073,642363188,405,1747767917,S,N,8318200000000,8318199000000,8318198000000,8318192000000,8318165000000,26088000,76000,13000,12000,8000,8318201000000,8318202000000,8318203000000,8318231000000,8318282000000,905101000,106009000,13000,742000,14000
1791427073,643081618,406,1747767917,D,N,8318200000000,8318199000000,8318198000000,8318192000000,8318165000000,26088000,76000,13000,12000,8000,8318201000000,8318202000000,8318203000000,8318231000000,8318282000000,905101000,106009000,13000,742000,14000
1791427073,716200023,407,1747767917,S,N,8318200000000,8318199000000,8318198000000,8318192000000,8318165000000,26088000,76000,13000,12000,8000,8318201000000,8318202000000,8318203000000,8318231000000,8318282000000,905101000,106009000,13000,742000,14000
1791427073,717488453,408,1747767917,D,N,8318200000000,8318199000000,8318198000000,8318192000000,8318165000000,26088000,76000,13000,12000,8000,8318201000000,8318202000000,8318203000000,8318231000000,8318282000000,905101000,106009000,13000,742000,14000
1791427073,789187278,409,1747767917,S,N,8318200000000,8318199000000,8318198000000,8318192000000,8318165000000,26088000,76000,13000,12000,8000,8318201000000,8318202000000,8318203000000,8318231000000,8318282000000,905101000,106009000,13000,742000,14000
1791427073,789999214,410,1747767917,D,N,8318200000000,8318199000000,8318198000000,8318192000000,8318165000000,26088000,76000,13000,12000,8000,8318201000000,8318202000000,8318203000000,8318231000000,8318282000000,905101000,106009000,13000,742000,14000
1791427073,883759115,411,1747767917,S,N,8318200000000,8318199000000,8318198000000,8318192000000,8318165000000,26088000,76000,13000,12000,8000,8318201000000,8318202000000,8318203000000,8318231000000,8318282000000,905101000,106009000,13000,742000,14000
1791427073,884488942,412,1747767917,D,N,8318200000000,8318199000000,8318198000000,8318192000000,8318165000000,26088000,76000,13000,12000,8000,8318201000000,8318202000000,8318203000000,8318231000000,8318282000000,905101000,106009000,13000,742000,14000
1791427074,10483124,413,1747767917,S,N,8318200000000,8318199000000,8318198000000,8318192000000,8318165000000,26088000,76000,13000,12000,8000,8318201000000,8318202000000,8318203000000,8318231000000,8318282000000,905101000,106009000,13000,742000,14000
1791427074,12178736,414,1747767917,D,N,8318200000000,8318199000000,8318198000000,8318192000000,8318165000000,26088000,76000,13000,12000,8000,8318201000000,8318202000000,8318203000000,8318231000000,8318282000000,905101000,106009000,13000,742000,14000
1791427074,75317206,415,1747767917,D,N,8318200000000,8318199000000,8318198000000,8318192000000,8318165000000,26095000,76000,13000,12000,8000,8318201000000,8318202000000,8318203000000,8318231000000,8318282000000,908707000,106009000,13000,742000,14000
1791427074,166236827,416,1747767917,D,N,8318200000000,8318199000000,8318198000000,8318192000000,8318165000000,26102000,76000,13000,12000,8000,8318201000000,8318202000000,8318203000000,8318231000000,8318282000000,905101000,106009000,13000,742000,14000
1791427074,342035498,417,1747767917,D,N,8318200000000,8318199000000,8318198000000,8318192000000,8318165000000,26102000,76000,13000,12000,8000,8318201000000,8318202000000,8318203000000,8318231000000,8318282000000,905089000,106009000,13000,742000,14000
1791427074,352329017,418,1747767917,D,N,8318200000000,8318199000000,8318198000000,8318192000000,8318165000000,26109000,76000,13000,12000,8000,8318201000000,8318202000000,8318203000000,8318231000000,8318282000000,905089000,106009000,13000,742000,14000
1791427074,451463462,419,1747767917,D,N,8318200000000,8318199000000,8318198000000,8318192000000,8318165000000,38660000,83000,13000,12000,8000,8318201000000,8318202000000,8318203000000,8318231000000,8318282000000,905096000,106009000,13000,742000,14000
1791427074,542611849,420,1747767917,D,N,8318200000000,8318199000000,8318198000000,8318192000000,8318165000000,40579000,83000,13000,12000,8000,8318201000000,8318202000000,8318203000000,8318231000000,8318282000000,905096000,106009000,13000,742000,14000
1791427074,632968663,421,1747767917,D,N,8318200000000,8318199000000,8318198000000,8318192000000,8318165000000,28069000,83000,13000,12000,8000,8318201000000,8318202000000,8318203000000,8318231000000,8318282000000,905096000,106009000,13000,742000,14000
1791427074,729456564,422,1747767917,D,N,8318200000000,8318199000000,8318198000000,8318192000000,8318165000000,28035000,83000,13000,12000,8000,8318201000000,8318202000000,8318203000000,8318231000000,8318282000000,905096000,106009000,13000,742000,14000
1791427074,839888519,423,1747767917,D,N,8318200000000,8318199000000,8318198000000,8318192000000,8318165000000,28035000,83000,13000,12000,8000,8318201000000,8318202000000,8318203000000,8318231000000,8318282000000,905296000,106009000,13000,742000,14000
1791427074,912560042,424,1747767917,S,N,8318200000000,8318199000000,8318198000000,8318192000000,8318165000000,28035000,83000,13000,12000,8000,8318201000000,8318202000000,8318203000000,8318231000000,8318282000000,905296000,106009000,13000,742000,14000
1791427074,913754966,425,1747767917,D,N,8318200000000,8318199000000,8318198000000,8318192000000,8318165000000,28035000,83000,13000,12000,8000,8318201000000,8318202000000,8318203000000,8318231000000,8318282000000,905296000,106009000,13000,742000,14000
1791427075,22214437,426,1747767917,S,N,8318200000000,8318199000000,8318198000000,8318192000000,8318165000000,28035000,83000,13000,12000,8000,8318201000000,8318202000000,8318203000000,8318231000000,8318282000000,905296000,106009000,13000,742000,14000
1791427075,25806589,427,1747767917,D,N,8318200000000,8318199000000,8318198000000,8318192000000,8318165000000,28035000,83000,13000,12000,8000,8318201000000,8318202000000,8318203000000,8318231000000,8318282000000,905296000,106009000,13000,742000,14000
1791427075,100664883,428,1747767917,D,N,8318200000000,8318199000000,8318198000000,8318192000000,8318165000000,28028000,83000,13000,12000,8000,8318201000000,8318202000000,8318203000000,8318231000000,8318282000000,905344000,106009000,13000,742000,14000
1791427075,217839191,429,1747767917,D,N,8318200000000,8318199000000,8318198000000,8318192000000,8318165000000,28028000,83000,13000,12000,8000,8318201000000,8318202000000,8318203000000,8318231000000,8318282000000,905392000,106009000,13000,742000,14000
1791427075,297623491,430,1747767917,D,N,8318200000000,8318199000000,8318198000000,8318192000000,8318165000000,28028000,83000,13000,12000,8000,8318201000000,8318202000000,8318203000000,8318231000000,8318282000000,905385000,106009000,13000,742000,14000
1791427075,400154491,431,1747767917,S,N,8318200000000,8318199000000,8318198000000,8318192000000,8318165000000,28028000,83000,13000,12000,8000,8318201000000,8318202000000,8318203000000,8318231000000,8318282000000,905385000,106009000,13000,742000,14000
1791427075,401519291,432,1747767917,D,N,8318200000000,8318199000000,8318198000000,8318192000000,8318165000000,28028000,83000,13000,12000,8000,8318201000000,8318202000000,8318203000000,8318231000000,8318282000000,905385000,106009000,13000,742000,14000
1791427075,493434891,433,1747767917,D,N,8318200000000,8318199000000,8318198000000,8318192000000,8318165000000,28028000,83000,13000,12000,8000,8318201000000,8318202000000,8318203000000,8318231000000,8318282000000,905453000,106009000,13000,742000,14000
1791427075,595005391,434,1747767917,S,N,8318200000000,8318199000000,8318198000000,8318192000000,8318165000000,28028000,83000,13000,12000,8000,8318201000000,8318202000000,8318203000000,8318231000000,8318282000000,905453000,106009000,13000,742000,14000
1791427075,602371291,435,1747767917,D,N,8318200000000,8318199000000,8318198000000,8318192000000,8318165000000,28028000,83000,13000,12000,8000,8318201000000,8318202000000,8318203000000,8318231000000,8318282000000,905453000,106009000,13000,742000,14000
1791427075,719103591,436,1747767917,S,N,8318200000000,8318199000000,8318198000000,8318192000000,8318165000000,28028000,83000,13000,12000,8000,8318201000000,8318202000000,8318203000000,8318231000000,8318282000000,905453000,106009000,13000,742000,14000
1791427075,720217891,437,1747767917,D,N,8318200000000,8318199000000,8318198000000,8318192000000,8318165000000,28028000,83000,13000,12000,8000,8318201000000,8318202000000,8318203000000,8318231000000,8318282000000,905453000,106009000,13000,742000,14000
1791427075,795172191,438,1747767917,S,N,8318200000000,8318199000000,8318198000000,8318192000000,8318165000000,28028000,83000,13000,12000,8000,8318201000000,8318202000000,8318203000000,8318231000000,8318282000000,905453000,106009000,13000,742000,14000
1791427075,801347391,439,1747767917,D,N,8318200000000,8318199000000,8318198000000,8318192000000,8318165000000,28028000,83000,13000,12000,8000,8318201000000,8318202000000,8318203000000,8318231000000,8318282000000,905453000,106009000,13000,742000,14000
1791427075,891189091,440,1747767917,S,N,8318200000000,8318199000000,8318198000000,8318192000000,8318165000000,28028000,83000,13000,12000,8000,8318201000000,8318202000000,8318203000000,8318231000000,8318282000000,905453000,106009000,13000,742000,14000
1791427075,892186891,441,1747767917,D,N,8318200000000,8318199000000,8318198000000,8318192000000,8318165000000,28028000,83000,13000,12000,8000,8318201000000,8318202000000,8318203000000,8318231000000,8318282000000,905453000,106009000,13000,742000,14000
1791427075,990437691,442,1747767917,S,N,8318200000000,8318199000000,8318198000000,8318192000000,8318165000000,28028000,83000,13000,12000,8000,8318201000000,8318202000000,8318203000000,8318231000000,8318282000000,905453000,106009000,13000,742000,14000
1791427075,991412891,443,1747767917,D,N,8318200000000,8318199000000,8318198000000,8318192000000,8318165000000,28028000,83000,13000,12000,8000,8318201000000,8318202000000,8318203000000,8318231000000,8318282000000,905453000,106009000,13000,742000,14000
1791427076,91360491,444,1747767917,S,N,8318200000000,8318199000000,8318198000000,8318192000000,8318165000000,28028000,83000,13000,12000,8000,8318201000000,8318202000000,8318203000000,8318231000000,8318282000000,905453000,106009000,13000,742000,14000
1791427076,93116991,445,1747767917,D,N,8318200000000,8318199000000,8318198000000,8318192000000,8318165000000,28028000,83000,13000,12000,8000,8318201000000,8318202000000,8318203000000,8318231000000,8318282000000,905453000,106009000,13000,742000,14000
1791427076,193999891,446,1747767917,S,N,8318200000000,8318199000000,8318198000000,8318192000000,8318165000000,28028000,83000,13000,12000,8000,8318201000000,8318202000000,8318203000000,8318231000000,8318282000000,905453000,106009000,13000,742000,14000
1791427076,195743691,447,1747767917,D,N,8318200000000,8318199000000,8318198000000,8318192000000,8318165000000,28028000,83000,13000,12000,8000,8318201000000,8318202000000,8318203000000,8318231000000,8318282000000,905453000,106009000,13000,742000,14000
1791427076,291163292,448,1747767917,D,N,8318200000000,8318199000000,8318198000000,8318192000000,8318165000000,28165000,83000,13000,12000,8000,8318201000000,8318202000000,8318203000000,8318231000000,8318282000000,982335000,106009000,13000,742000,14000
1791427076,398832192,449,1747767917,D,N,8318200000000,8318199000000,8318198000000,8318192000000,8318165000000,28165000,83000,13000,12000,8000,8318201000000,8318202000000,8318203000000,8318231000000,8318282000000,982335000,89809000,13000,742000,14000
1791427076,527464092,450,1747767917,D,N,8318200000000,8318199000000,8318198000000,8318192000000,8318165000000,10075000,83000,13000,12000,8000,8318201000000,8318202000000,8318203000000,8318231000000,8318282000000,984217000,89809000,13000,742000,14000
1791427076,592337292,451,1747767917,D,N,8317811000000,8317810000000,8317801000000,8317800000000,8317700000000,29311000,56000,14000,2800000,1000000,8317812000000,8317813000000,8317814000000,8317885000000,8317920000000,793451000,13000,13000,2908000,400000
1791427076,691280192,452,1747767917,D,N,8317811000000,8317810000000,8317801000000,8317800000000,8317700000000,9889000,56000,14000,2800000,1000000,8317812000000,8317813000000,8317814000000,8317864000000,8317885000000,873356000,13000,13000,8000,2915000
1791427076,844879192,453,1747767917,D,N,8317811000000,8317810000000,8317801000000,8317800000000,8317700000000,11208000,63000,14000,2800000,1000000,8317812000000,8317813000000,8317814000000,8317864000000,8317885000000,931080000,13000,13000,8000,2915000
1791427076,896785492,454,1747767917,D,N,8317811000000,8317810000000,8317801000000,8317800000000,8317700000000,10612000,63000,14000,2800000,1000000,8317812000000,8317813000000,8317814000000,8317864000000,8317885000000,951143000,13000,13000,8000,2915000
1791427077,13506692,455,1747767917,S,N,8317811000000,8317810000000,8317801000000,8317800000000,8317700000000,10612000,63000,14000,2800000,1000000,8317812000000,8317813000000,8317814000000,8317864000000,8317885000000,951143000,13000,13000,8000,2915000
1791427077,14889492,456,1747767917,D,N,8317811000000,8317810000000,8317801000000,8317800000000,8317700000000,10612000,63000,14000,2800000,1000000,8317812000000,8317813000000,8317814000000,8317864000000,8317885000000,951143000,13000,13000,8000,2915000
1791427077,91093892,457,1747767917,D,N,8317811000000,8317810000000,8317801000000,8317800000000,8317700000000,10612000,63000,14000,2800000,1000000,8317812000000,8317813000000,8317814000000,8317864000000,8317885000000,951150000,13000,13000,8000,2915000
1791427077,213495992,458,1747767917,D,N,8317811000000,8317810000000,8317801000000,8317800000000,8317760000000,10612000,63000,14000,2800000,7000,8317812000000,8317813000000,8317814000000,8317864000000,8317885000000,951150000,13000,13000,8000,2915000
1791427077,313859892,459,1747767917,S,N,8317811000000,8317810000000,8317801000000,8317800000000,8317760000000,10612000,63000,14000,2800000,7000,8317812000000,8317813000000,8317814000000,8317864000000,8317885000000,951150000,13000,13000,8000,2915000
1791427077,315156992,460,1747767917,D,N,8317811000000,8317810000000,8317801000000,8317800000000,8317760000000,10612000,63000,14000,2800000,7000,8317812000000,8317813000000,8317814000000,8317864000000,8317885000000,951150000,13000,13000,8000,2915000
1791427077,407621992,461,1747767917,D,N,8317811000000,8317810000000,8317801000000,8317800000000,8317760000000,28780000,63000,14000,2800000,7000,8317812000000,8317813000000,8317814000000,8317864000000,8317885000000,965888000,13000,13000,8000,2915000
1791427077,567452092,462,1747767917,D,N,8317811000000,8317810000000,8317801000000,8317800000000,8317760000000,21661000,63000,14000,2800000,7000,8317812000000,8317813000000,8317814000000,8317864000000,8317885000000,965888000,13000,13000,8000,2915000
1791427077,599360392,463,1747767917,D,N,8317811000000,8317810000000,8317801000000,8317800000000,8317760000000,19689000,63000,14000,2800000,7000,8317812000000,8317813000000,8317814000000,8317864000000,8317885000000,965888000,13000,13000,8000,2915000
1791427077,733055092,464,1747767917,D,N,8317811000000,8317810000000,8317809000000,8317801000000,8317800000000,19702000,76000,13000,14000,2800000,8317812000000,8317813000000,8317814000000,8317864000000,8317885000000,969888000,13000,13000,8000,2915000
1791427077,810885292,465,1747767917,D,N,8317811000000,8317810000000,8317809000000,8317801000000,8317800000000,19719000,76000,13000,14000,2800000,8317812000000,8317813000000,8317814000000,8317864000000,8317885000000,969880000,13000,13000,8000,2915000
1791427077,955364892,466,1747767917,D,N,8317811000000,8317810000000,8317809000000,8317801000000,8317800000000,19719000,83000,13000,14000,2800000,8317812000000,8317813000000,8317814000000,8317864000000,8317885000000,969880000,13000,13000,8000,2915000
1791427077,990642392,467,1747767917,D,N,8317811000000,8317810000000,8317809000000,8317801000000,8317800000000,19738000,83000,13000,14000,2800000,8317812000000,8317813000000,8317814000000,8317864000000,8317885000000,969880000,13000,13000,8000,2915000
1791427078,93398492,468,1747767917,D,N,8317811000000,8317810000000,8317809000000,8317801000000,8317800000000,19730000,83000,13000,14000,2800000,8317812000000,8317813000000,8317814000000,8317864000000,8317885000000,969278000,13000,13000,8000,2915000
1791427078,193569392,469,1747767917,D,N,8317811000000,8317810000000,8317809000000,8317801000000,8317800000000,32109000,83000,13000,14000,2800000,8317812000000,8317813000000,8317814000000,8317864000000,8317884000000,969278000,13000,13000,8000,14000
1791427078,293399392,470,1747767917,D,N,8317811000000,8317810000000,8317809000000,8317801000000,8317800000000,31138000,90000,13000,14000,2800000,8317812000000,8317813000000,8317814000000,8317864000000,8317884000000,969325000,13000,13000,8000,14000
1791427078,394428792,471,1747767917,D,N,8317811000000,8317810000000,8317809000000,8317801000000,8317800000000,31145000,97000,13000,14000,2800000,8317812000000,8317813000000,8317814000000,8317864000000,8317884000000,969338000,13000,13000,8000,14000
1791427078,490267992,472,1747767917,S,N,8317811000000,8317810000000,8317809000000,8317801000000,8317800000000,31145000,97000,13000,14000,2800000,8317812000000,8317813000000,8317814000000,8317864000000,8317884000000,969338000,13000,13000,8000,14000
1791427078,491498692,473,1747767917,D,N,8317811000000,8317810000000,8317809000000,8317801000000,8317800000000,31145000,97000,13000,14000,2800000,8317812000000,8317813000000,8317814000000,8317864000000,8317884000000,969338000,13000,13000,8000,14000
1791427078,592420092,474,1747767917,D,N,8317811000000,8317810000000,8317809000000,8317801000000,8317800000000,31138000,90000,13000,14000,2800000,8317812000000,8317813000000,8317814000000,8317864000000,8317884000000,969338000,13000,13000,8000,14000
1791427078,693873292,475,1747767917,D,N,8317811000000,8317810000000,8317809000000,8317801000000,8317800000000,18759000,90000,13000,14000,2800000,8317812000000,8317813000000,8317814000000,8317864000000,8317884000000,969338000,13000,13000,8000,14000
1791427078,791291592,476,1747767917,D,N,8317811000000,8317810000000,8317809000000,8317801000000,8317800000000,18766000,90000,13000,14000,2800000,8317812000000,8317813000000,8317814000000,8317864000000,8317884000000,969338000,13000,13000,8000,14000
1791427078,994213892,477,1747767917,D,N,8317811000000,8317810000000,8317809000000,8317801000000,8317800000000,18766000,83000,13000,14000,2800000,8317812000000,8317813000000,8317814000000,8317864000000,8317884000000,969416000,13000,13000,8000,14000
1791427079,9525492,478,1747767917,D,N,8317811000000,8317810000000,8317809000000,8317801000000,8317800000000,18773000,83000,13000,14000,2800000,8317812000000,8317813000000,8317814000000,8317864000000,8317884000000,969416000,13000,13000,8000,14000
1791427079,108622492,479,1747767917,D,N,8317811000000,8317810000000,8317809000000,8317801000000,8317800000000,18773000,83000,13000,14000,2800000,8317812000000,8317813000000,8317814000000,8317864000000,8317884000000,969176000,13000,13000,8000,14000
1791427079,219833492,480,1747767917,D,N,8317811000000,8317810000000,8317809000000,8317801000000,8317800000000,31612000,83000,13000,14000,2800000,8317812000000,8317813000000,8317814000000,8317864000000,8317884000000,969176000,13000,13000,8000,14000
1791427079,294087692,481,1747767917,S,N,8317811000000,8317810000000,8317809000000,8317801000000,8317800000000,31612000,83000,13000,14000,2800000,8317812000000,8317813000000,8317814000000,8317864000000,8317884000000,969176000,13000,13000,8000,14000
1791427079,295343492,482,1747767917,D,N,8317811000000,8317810000000,8317809000000,8317801000000,8317800000000,31612000,83000,13000,14000,2800000,8317812000000,8317813000000,8317814000000,8317864000000,8317884000000,969176000,13000,13000,8000,14000
1791427079,412429192,483,1747767917,S,N,8317811000000,8317810000000,8317809000000,8317801000000,8317800000000,31612000,83000,13000,14000,2800000,8317812000000,8317813000000,8317814000000,8317864000000,8317884000000,969176000,13000,13000,8000,14000
1791427079,413569492,484,1747767917,D,N,8317811000000,8317810000000,8317809000000,8317801000000,8317800000000,31612000,83000,13000,14000,2800000,8317812000000,8317813000000,8317814000000,8317864000000,8317884000000,969176000,13000,13000,8000,14000
1791427079,516395683,485,1747767917,D,N,8317811000000,8317810000000,8317809000000,8317801000000,8317800000000,31612000,83000,13000,14000,2800000,8317812000000,8317813000000,8317814000000,8317863000000,8317864000000,968820000,13000,13000,354000,8000
1791427079,589979911,486,1747767917,D,N,8317811000000,8317810000000,8317809000000,8317801000000,8317800000000,31619000,83000,13000,14000,2800000,8317812000000,8317813000000,8317814000000,8317863000000,8317864000000,968820000,13000,13000,354000,8000
1791427079,689990031,487,1747767917,D,N,8317811000000,8317810000000,8317809000000,8317801000000,8317800000000,67603000,90000,13000,14000,2800000,8317812000000,8317813000000,8317814000000,8317863000000,8317864000000,968820000,253000,13000,114000,8000
1791427079,795847248,488,1747767917,D,N,8317811000000,8317810000000,8317809000000,8317801000000,8317800000000,67589000,83000,13000,14000,2800000,8317812000000,8317813000000,8317814000000,8317863000000,8317864000000,968820000,253000,13000,114000,8000
1791427079,891211735,489,1747767917,D,N,8317811000000,8317810000000,8317809000000,8317801000000,8317800000000,67596000,83000,13000,14000,2800000,8317812000000,8317813000000,8317814000000,8317863000000,8317864000000,968820000,253000,13000,114000,8000
1791427080,131020428,490,1747767917,D,N,8317811000000,8317810000000,8317809000000,8317801000000,8317800000000,67596000,83000,13000,14000,2800000,8317812000000,8317813000000,8317814000000,8317863000000,8317864000000,968827000,260000,13000,114000,8000
1791427080,289842448,491,1747767917,D,N,8317811000000,8317810000000,8317809000000,8317801000000,8317800000000,67596000,83000,13000,14000,2800000,8317812000000,8317813000000,8317814000000,8317863000000,8317864000000,968820000,253000,13000,114000,8000
1791427080,292851878,492,1747767917,D,N,8317811000000,8317810000000,8317809000000,8317801000000,8317800000000,31626000,83000,13000,14000,2800000,8317812000000,8317813000000,8317814000000,8317863000000,8317864000000,968792000,253000,13000,114000,8000
1791427080,294287240,493,1747767917,S,N,8317811000000,8317810000000,8317809000000,8317801000000,8317800000000,31626000,83000,13000,14000,2800000,8317812000000,8317813000000,8317814000000,8317863000000,8317864000000,968792000,253000,13000,114000,8000
1791427080,295559300,494,1747767917,D,N,8317811000000,8317810000000,8317809000000,8317801000000,8317800000000,31626000,83000,13000,14000,2800000,8317812000000,8317813000000,8317814000000,8317863000000,8317864000000,968792000,253000,13000,114000,8000
1791427080,412946112,495,1747767917,D,N,8317811000000,8317810000000,8317809000000,8317801000000,8317800000000,67596000,83000,13000,14000,2800000,8317812000000,8317813000000,8317814000000,8317863000000,8317864000000,968792000,253000,13000,114000,8000
1791427080,540057737,496,1747767917,D,N,8317811000000,8317810000000,8317809000000,8317801000000,8317800000000,67596000,83000,13000,14000,2800000,8317812000000,8317813000000,8317814000000,8317862000000,8317863000000,971819000,27000,13000,240000,114000
1791427080,587800174,497,1747767917,D,N,8317811000000,8317810000000,8317809000000,8317801000000,8317800000000,67596000,83000,13000,14000,2800000,8317812000000,8317813000000,8317814000000,8317862000000,8317863000000,971798000,13000,13000,240000,114000
1791427080,698048711,498,1747767917,D,N,8317811000000,8317810000000,8317809000000,8317801000000,8317800000000,67596000,83000,13000,14000,2800000,8317812000000,8317813000000,8317814000000,8317862000000,8317863000000,971805000,20000,13000,240000,114000
1791427080,797569923,499,1747767917,D,N,8317811000000,8317810000000,8317809000000,8317801000000,8317800000000,67596000,83000,13000,14000,2800000,8317812000000,8317813000000,8317814000000,8317862000000,8317863000000,971819000,27000,13000,240000,114000
1791427080,888940988,500,1747767917,D,N,8317811000000,8317810000000,8317809000000,8317801000000,8317800000000,67596000,83000,13000,14000,2800000,8317812000000,8317813000000,8317814000000,8317862000000,8317863000000,971807000,27000,13000,240000,114000
1791427081,15812241,501,1747767917,S,N,8317811000000,8317810000000,8317809000000,8317801000000,8317800000000,67596000,83000,13000,14000,2800000,8317812000000,8317813000000,8317814000000,8317862000000,8317863000000,971807000,27000,13000,240000,114000
1791427081,17061499,502,1747767917,D,N,8317811000000,8317810000000,8317809000000,8317801000000,8317800000000,67596000,83000,13000,14000,2800000,8317812000000,8317813000000,8317814000000,8317862000000,8317863000000,971807000,27000,13000,240000,114000
1791427081,125182534,503,1747767917,D,N,8317811000000,8317810000000,8317809000000,8317801000000,8317800000000,67596000,83000,13000,14000,2800000,8317812000000,8317813000000,8317814000000,8317862000000,8317863000000,971786000,13000,13000,240000,114000
1791427081,247294340,504,1747767917,D,N,8317811000000,8317810000000,8317809000000,8317801000000,8317800000000,67596000,83000,13000,14000,2800000,8317812000000,8317813000000,8317814000000,8317862000000,8317863000000,971793000,20000,13000,240000,114000
1791427081,290115621,505,1747767917,D,N,8317811000000,8317810000000,8317809000000,8317801000000,8317800000000,31626000,83000,13000,14000,2800000,8317812000000,8317813000000,8317814000000,8317862000000,8317863000000,971786000,13000,13000,240000,114000
1791427081,403259976,506,1747767917,D,N,8317811000000,8317810000000,8317809000000,8317801000000,8317800000000,31626000,83000,13000,14000,2800000,8317812000000,8317813000000,8317814000000,8317862000000,8317863000000,972326000,13000,13000,240000,114000
1791427081,511088363,507,1747767917,D,N,8317811000000,8317810000000,8317809000000,8317801000000,8317800000000,31633000,83000,13000,14000,2800000,8317812000000,8317813000000,8317814000000,8317862000000,8317863000000,972333000,13000,13000,240000,114000
1791427081,605450835,508,1747767917,D,N,8317811000000,8317810000000,8317809000000,8317801000000,8317800000000,18780000,83000,13000,14000,2800000,8317812000000,8317813000000,8317814000000,8317864000000,8317875000000,973410000,13000,13000,8000,7000
1791427081,712396696,509,1747767917,D,N,8317811000000,8317810000000,8317809000000,8317801000000,8317800000000,18780000,76000,13000,14000,2800000,8317812000000,8317813000000,8317814000000,8317864000000,8317875000000,973410000,13000,13000,8000,7000
1791427081,791545229,510,1747767917,D,N,8317811000000,8317810000000,8317809000000,8317801000000,8317800000000,18780000,76000,13000,14000,2800000,8317812000000,8317813000000,8317814000000,8317864000000,8317875000000,973364000,13000,13000,8000,7000
1791427081,963193200,511,1747767917,S,N,8317811000000,8317810000000,8317809000000,8317801000000,8317800000000,18780000,76000,13000,14000,2800000,8317812000000,8317813000000,8317814000000,8317864000000,8317875000000,973364000,13000,13000,8000,7000
1791427081,967548177,512,1747767917,D,N,8317811000000,8317810000000,8317809000000,8317801000000,8317800000000,18780000,76000,13000,14000,2800000,8317812000000,8317813000000,8317814000000,8317864000000,8317875000000,973364000,13000,13000,8000,7000
1791427082,21313258,513,1747767917,S,N,8317811000000,8317810000000,8317809000000,8317801000000,8317800000000,18780000,76000,13000,14000,2800000,8317812000000,8317813000000,8317814000000,8317864000000,8317875000000,973364000,13000,13000,8000,7000
1791427082,22557637,514,1747767917,D,N,8317811000000,8317810000000,8317809000000,8317801000000,8317800000000,18780000,76000,13000,14000,2800000,8317812000000,8317813000000,8317814000000,8317864000000,8317875000000,973364000,13000,13000,8000,7000
1791427082,115663881,515,1747767917,S,N,8317811000000,8317810000000,8317809000000,8317801000000,8317800000000,18780000,76000,13000,14000,2800000,8317812000000,8317813000000,8317814000000,8317864000000,8317875000000,973364000,13000,13000,8000,7000
1791427082,116901887,516,1747767917,D,N,8317811000000,8317810000000,8317809000000,8317801000000,8317800000000,18780000,76000,13000,14000,2800000,8317812000000,8317813000000,8317814000000,8317864000000,8317875000000,973364000,13000,13000,8000,7000
1791427082,201144336,517,1747767917,S,N,8317811000000,8317810000000,8317809000000,8317801000000,8317800000000,18780000,76000,13000,14000,2800000,8317812000000,8317813000000,8317814000000,8317864000000,8317875000000,973364000,13000,13000,8000,7000
1791427082,204944286,518,1747767917,D,N,8317811000000,8317810000000,8317809000000,8317801000000,8317800000000,18780000,76000,13000,14000,2800000,8317812000000,8317813000000,8317814000000,8317864000000,8317875000000,973364000,13000,13000,8000,7000
1791427082,280211417,519,1747767917,S,N,8317811000000,8317810000000,8317809000000,8317801000000,8317800000000,18780000,76000,13000,14000,2800000,8317812000000,8317813000000,8317814000000,8317864000000,8317875000000,973364000,13000,13000,8000,7000
1791427082,283052866,520,1747767917,D,N,8317811000000,8317810000000,8317809000000,8317801000000,8317800000000,18780000,76000,13000,14000,2800000,8317812000000,8317813000000,8317814000000,8317864000000,8317875000000,973364000,13000,13000,8000,7000
1791427082,397072676,521,1747767917,D,N,8317811000000,8317810000000,8317809000000,8317801000000,8317800000000,19195000,76000,13000,14000,2800000,8317812000000,8317813000000,8317814000000,8317864000000,8317875000000,973364000,13000,13000,8000,7000
1791427082,478471386,522,1747767917,S,N,8317811000000,8317810000000,8317809000000,8317801000000,8317800000000,19195000,76000,13000,14000,2800000,8317812000000,8317813000000,8317814000000,8317864000000,8317875000000,973364000,13000,13000,8000,7000
1791427082,479250156,523,1747767917,D,N,8317811000000,8317810000000,8317809000000,8317801000000,8317800000000,19195000,76000,13000,14000,2800000,8317812000000,8317813000000,8317814000000,8317864000000,8317875000000,973364000,13000,13000,8000,7000
1791427082,581630740,524,1747767917,S,N,8317811000000,8317810000000,8317809000000,8317801000000,8317800000000,19195000,76000,13000,14000,2800000,8317812000000,8317813000000,8317814000000,8317864000000,8317875000000,973364000,13000,13000,8000,7000
1791427082,582466367,525,1747767917,D,N,8317811000000,8317810000000,8317809000000,8317801000000,8317800000000,19195000,76000,13000,14000,2800000,8317812000000,8317813000000,8317814000000,8317864000000,8317875000000,973364000,13000,13000,8000,7000
1791427082,676129330,526,1747767917,S,N,8317811000000,8317810000000,8317809000000,8317801000000,8317800000000,19195000,76000,13000,14000,2800000,8317812000000,8317813000000,8317814000000,8317864000000,8317875000000,973364000,13000,13000,8000,7000
1791427082,676862794,527,1747767917,D,N,8317811000000,8317810000000,8317809000000,8317801000000,8317800000000,19195000,76000,13000,14000,2800000,8317812000000,8317813000000,8317814000000,8317864000000,8317875000000,973364000,13000,13000,8000,7000
1791427082,776984438,528,1747767917,S,N,8317811000000,8317810000000,8317809000000,8317801000000,8317800000000,19195000,76000,13000,14000,2800000,8317812000000,8317813000000,8317814000000,8317864000000,8317875000000,973364000,13000,13000,8000,7000
1791427082,786464498,529,1747767917,D,N,8317811000000,8317810000000,8317809000000,8317801000000,8317800000000,19195000,76000,13000,14000,2800000,8317812000000,8317813000000,8317814000000,8317864000000,8317875000000,973364000,13000,13000,8000,7000
1791427082,879094479,530,1747767917,S,N,8317811000000,8317810000000,8317809000000,8317801000000,8317800000000,19195000,76000,13000,14000,2800000,8317812000000,8317813000000,8317814000000,8317864000000,8317875000000,973364000,13000,13000,8000,7000
1791427082,881804390,531,1747767917,D,N,8317811000000,8317810000000,8317809000000,8317801000000,8317800000000,19195000,76000,13000,14000,2800000,8317812000000,8317813000000,8317814000000,8317864000000,8317875000000,973364000,13000,13000,8000,7000
1791427082,975141248,532,1747767917,S,N,8317811000000,8317810000000,8317809000000,8317801000000,8317800000000,19195000,76000,13000,14000,2800000,8317812000000,8317813000000,8317814000000,8317864000000,8317875000000,973364000,13000,13000,8000,7000
1791427082,980101835,533,1747767917,D,N,8317811000000,8317810000000,8317809000000,8317801000000,8317800000000,19195000,76000,13000,14000,2800000,8317812000000,8317813000000,8317814000000,8317864000000,8317875000000,973364000,13000,13000,8000,7000
1791427083,82388222,534,1747767917,D,N,8317811000000,8317810000000,8317809000000,8317801000000,8317800000000,1105000,69000,13000,14000,2800000,8317812000000,8317813000000,8317814000000,8317864000000,8317876000000,977372000,13000,13000,8000,2137000
1791427083,177243586,535,1747767917,D,N,8317811000000,8317810000000,8317809000000,8317801000000,8317800000000,19195000,69000,13000,14000,2800000,8317812000000,8317813000000,8317814000000,8317864000000,8317876000000,972290000,13000,13000,8000,2137000
1791427083,277698206,536,1747767917,D,N,8317811000000,8317810000000,8317809000000,8317801000000,8317800000000,19195000,69000,13000,14000,2800000,8317812000000,8317813000000,8317814000000,8317864000000,8317876000000,972237000,13000,13000,8000,2137000
1791427083,374586477,537,1747767917,D,N,8317811000000,8317810000000,8317809000000,8317801000000,8317800000000,20095000,69000,13000,14000,2800000,8317812000000,8317813000000,8317814000000,8317864000000,8317876000000,972477000,13000,13000,8000,2137000
1791427083,472074085,538,1747767917,S,N,8317811000000,8317810000000,8317809000000,8317801000000,8317800000000,20095000,69000,13000,14000,2800000,8317812000000,8317813000000,8317814000000,8317864000000,8317876000000,972477000,13000,13000,8000,2137000
1791427083,473550173,539,1747767917,D,N,8317811000000,8317810000000,8317809000000,8317801000000,8317800000000,20095000,69000,13000,14000,2800000,8317812000000,8317813000000,8317814000000,8317864000000,8317876000000,972477000,13000,13000,8000,2137000
1791427083,573002380,540,1747767917,S,N,8317811000000,8317810000000,8317809000000,8317801000000,8317800000000,20095000,69000,13000,14000,2800000,8317812000000,8317813000000,8317814000000,8317864000000,8317876000000,972477000,13000,13000,8000,2137000
1791427083,574019431,541,1747767917,D,N,8317811000000,8317810000000,8317809000000,8317801000000,8317800000000,20095000,69000,13000,14000,2800000,8317812000000,8317813000000,8317814000000,8317864000000,8317876000000,972477000,13000,13000,8000,2137000
1791427083,673439176,542,1747767917,S,N,8317811000000,8317810000000,8317809000000,8317801000000,8317800000000,20095000,69000,13000,14000,2800000,8317812000000,8317813000000,8317814000000,8317864000000,8317876000000,972477000,13000,13000,8000,2137000
1791427083,674543553,543,1747767917,D,N,8317811000000,8317810000000,8317809000000,8317801000000,8317800000000,20095000,69000,13000,14000,2800000,8317812000000,8317813000000,8317814000000,8317864000000,8317876000000,972477000,13000,13000,8000,2137000
1791427083,795881170,544,1747767917,S,N,8317811000000,8317810000000,8317809000000,8317801000000,8317800000000,20095000,69000,13000,14000,2800000,8317812000000,8317813000000,8317814000000,8317864000000,8317876000000,972477000,13000,13000,8000,2137000
1791427083,797161296,545,1747767917,D,N,8317811000000,8317810000000,8317809000000,8317801000000,8317800000000,20095000,69000,13000,14000,2800000,8317812000000,8317813000000,8317814000000,8317864000000,8317876000000,972477000,13000,13000,8000,2137000
1791427083,871222086,546,1747767917,D,N,8317811000000,8317810000000,8317809000000,8317801000000,8317800000000,20116000,76000,13000,14000,2800000,8317812000000,8317813000000,8317814000000,8317864000000,8317876000000,972486000,13000,13000,8000,2137000
1791427083,970885290,547,1747767917,D,N,8317811000000,8317810000000,8317809000000,8317801000000,8317800000000,20095000,76000,13000,14000,2800000,8317812000000,8317813000000,8317814000000,8317864000000,8317876000000,972486000,13000,13000,8000,2137000
1791427084,70670672,548,1747767917,S,N,8317811000000,8317810000000,8317809000000,8317801000000,8317800000000,20095000,76000,13000,14000,2800000,8317812000000,8317813000000,8317814000000,8317864000000,8317876000000,972486000,13000,13000,8000,2137000
1791427084,72063317,549,1747767917,D,N,8317811000000,8317810000000,8317809000000,8317801000000,8317800000000,20095000,76000,13000,14000,2800000,8317812000000,8317813000000,8317814000000,8317864000000,8317876000000,972486000,13000,13000,8000,2137000
1791427084,172292202,550,1747767917,D,N,8317811000000,8317810000000,8317809000000,8317801000000,8317800000000,20102000,76000,13000,14000,2800000,8317812000000,8317813000000,8317814000000,8317864000000,8317876000000,972477000,13000,13000,8000,2137000
1791427084,270437896,551,1747767917,S,N,8317811000000,8317810000000,8317809000000,8317801000000,8317800000000,20102000,76000,13000,14000,2800000,8317812000000,8317813000000,8317814000000,8317864000000,8317876000000,972477000,13000,13000,8000,2137000
1791427084,272716651,552,1747767917,D,N,8317811000000,8317810000000,8317809000000,8317801000000,8317800000000,20102000,76000,13000,14000,2800000,8317812000000,8317813000000,8317814000000,8317864000000,8317876000000,972477000,13000,13000,8000,2137000
1791427084,371010611,553,1747767917,D,N,8317811000000,8317810000000,8317809000000,8317801000000,8317800000000,20135000,90000,13000,14000,2800000,8317812000000,8317813000000,8317814000000,8317864000000,8317875000000,972477000,13000,13000,8000,14000
1791427084,516867375,554,1747767917,D,N,8317811000000,8317810000000,8317809000000,8317801000000,8317800000000,69896000,90000,13000,14000,2800000,8317812000000,8317813000000,8317814000000,8317864000000,8317874000000,968905000,13000,13000,8000,366000
1791427084,576094399,555,1747767917,S,N,8317811000000,8317810000000,8317809000000,8317801000000,8317800000000,69896000,90000,13000,14000,2800000,8317812000000,8317813000000,8317814000000,8317864000000,8317874000000,968905000,13000,13000,8000,366000
1791427084,578310423,556,1747767917,D,N,8317811000000,8317810000000,8317809000000,8317801000000,8317800000000,69896000,90000,13000,14000,2800000,8317812000000,8317813000000,8317814000000,8317864000000,8317874000000,968905000,13000,13000,8000,366000
1791427084,669182521,557,1747767917,S,N,8317811000000,8317810000000,8317809000000,8317801000000,8317800000000,69896000,90000,13000,14000,2800000,8317812000000,8317813000000,8317814000000,8317864000000,8317874000000,968905000,13000,13000,8000,366000
1791427084,671677253,558,1747767917,D,N,8317811000000,8317810000000,8317809000000,8317801000000,8317800000000,69896000,90000,13000,14000,2800000,8317812000000,8317813000000,8317814000000,8317864000000,8317874000000,968905000,13000,13000,8000,366000
1791427084,770711248,559,1747767917,D,N,8317811000000,8317810000000,8317809000000,8317801000000,8317800000000,69896000,90000,13000,14000,2800000,8317812000000,8317813000000,8317814000000,8317864000000,8317874000000,968304000,13000,13000,8000,366000
1791427084,908258347,560,1747767917,S,N,8317811000000,8317810000000,8317809000000,8317801000000,8317800000000,69896000,90000,13000,14000,2800000,8317812000000,8317813000000,8317814000000,8317864000000,8317874000000,968304000,13000,13000,8000,366000
1791427084,909321401,561,1747767917,D,N,8317811000000,8317810000000,8317809000000,8317801000000,8317800000000,69896000,90000,13000,14000,2800000,8317812000000,8317813000000,8317814000000,8317864000000,8317874000000,968304000,13000,13000,8000,366000
1791427084,966555946,562,1747767917,S,N,8317811000000,8317810000000,8317809000000,8317801000000,8317800000000,69896000,90000,13000,14000,2800000,8317812000000,8317813000000,8317814000000,8317864000000,8317874000000,968304000,13000,13000,8000,366000
1791427084,967683125,563,1747767917,D,N,8317811000000,8317810000000,8317809000000,8317801000000,8317800000000,69896000,90000,13000,14000,2800000,8317812000000,8317813000000,8317814000000,8317864000000,8317874000000,968304000,13000,13000,8000,366000
1791427085,67241677,564,1747767917,S,N,8317811000000,8317810000000,8317809000000,8317801000000,8317800000000,69896000,90000,13000,14000,2800000,8317812000000,8317813000000,8317814000000,8317864000000,8317874000000,968304000,13000,13000,8000,366000
1791427085,68567806,565,1747767917,D,N,8317811000000,8317810000000,8317809000000,8317801000000,8317800000000,69896000,90000,13000,14000,2800000,8317812000000,8317813000000,8317814000000,8317864000000,8317874000000,968304000,13000,13000,8000,366000
1791427085,188184483,566,1747767917,D,N,8317811000000,8317810000000,8317809000000,8317801000000,8317800000000,224889000,76000,13000,14000,2800000,8317812000000,8317813000000,8317814000000,8317864000000,8317875000000,893295000,13000,13000,8000,14000
1791427085,267152786,567,1747767917,S,N,8317811000000,8317810000000,8317809000000,8317801000000,8317800000000,224889000,76000,13000,14000,2800000,8317812000000,8317813000000,8317814000000,8317864000000,8317875000000,893295000,13000,13000,8000,14000
1791427085,269725584,568,1747767917,D,N,8317811000000,8317810000000,8317809000000,8317801000000,8317800000000,224889000,76000,13000,14000,2800000,8317812000000,8317813000000,8317814000000,8317864000000,8317875000000,893295000,13000,13000,8000,14000
1791427085,381011585,569,1747767917,S,N,8317811000000,8317810000000,8317809000000,8317801000000,8317800000000,224889000,76000,13000,14000,2800000,8317812000000,8317813000000,8317814000000,8317864000000,8317875000000,893295000,13000,13000,8000,14000
1791427085,383878923,570,1747767917,D,N,8317811000000,8317810000000,8317809000000,8317801000000,8317800000000,224889000,76000,13000,14000,2800000,8317812000000,8317813000000,8317814000000,8317864000000,8317875000000,893295000,13000,13000,8000,14000
1791427085,465146394,571,1747767917,D,N,8317811000000,8317810000000,8317809000000,8317801000000,8317800000000,224889000,76000,13000,14000,2800000,8317812000000,8317813000000,8317814000000,8317864000000,8317875000000,893288000,13000,13000,8000,14000
1791427085,632846847,572,1747767917,S,N,8317811000000,8317810000000,8317809000000,8317801000000,8317800000000,224889000,76000,13000,14000,2800000,8317812000000,8317813000000,8317814000000,8317864000000,8317875000000,893288000,13000,13000,8000,14000
1791427085,635588423,573,1747767917,D,N,8317811000000,8317810000000,8317809000000,8317801000000,8317800000000,224889000,76000,13000,14000,2800000,8317812000000,8317813000000,8317814000000,8317864000000,8317875000000,893288000,13000,13000,8000,14000
1791427085,666310644,574,1747767917,D,N,8317811000000,8317810000000,8317809000000,8317801000000,8317800000000,227101000,76000,13000,14000,2800000,8317812000000,8317813000000,8317814000000,8317864000000,8317875000000,893288000,13000,13000,8000,14000
1791427085,784816869,575,1747767917,D,N,8317811000000,8317810000000,8317809000000,8317801000000,8317800000000,260858000,76000,13000,14000,2800000,8317812000000,8317813000000,8317814000000,8317864000000,8317875000000,893302000,20000,13000,8000,14000
1791427085,894064188,576,1747767917,D,N,8317811000000,8317810000000,8317809000000,8317801000000,8317800000000,227108000,76000,13000,14000,2800000,8317812000000,8317813000000,8317814000000,8317864000000,8317875000000,893288000,13000,13000,8000,14000
1791427085,981661192,577,1747767917,S,N,8317811000000,8317810000000,8317809000000,8317801000000,8317800000000,227108000,76000,13000,14000,2800000,8317812000000,8317813000000,8317814000000,8317864000000,8317875000000,893288000,13000,13000,8000,14000
1791427085,982448724,578,1747767917,D,N,8317811000000,8317810000000,8317809000000,8317801000000,8317800000000,227108000,76000,13000,14000,2800000,8317812000000,8317813000000,8317814000000,8317864000000,8317875000000,893288000,13000,13000,8000,14000
1791427086,96087066,579,1747767917,S,N,8317811000000,8317810000000,8317809000000,8317801000000,8317800000000,227108000,76000,13000,14000,2800000,8317812000000,8317813000000,8317814000000,8317864000000,8317875000000,893288000,13000,13000,8000,14000
1791427086,97365200,580,1747767917,D,N,8317811000000,8317810000000,8317809000000,8317801000000,8317800000000,227108000,76000,13000,14000,2800000,8317812000000,8317813000000,8317814000000,8317864000000,8317875000000,893288000,13000,13000,8000,14000
1791427086,175757069,581,1747767917,S,N,8317811000000,8317810000000,8317809000000,8317801000000,8317800000000,227108000,76000,13000,14000,2800000,8317812000000,8317813000000,8317814000000,8317864000000,8317875000000,893288000,13000,13000,8000,14000
1791427086,177058005,582,1747767917,D,N,8317811000000,8317810000000,8317809000000,8317801000000,8317800000000,227108000,76000,13000,14000,2800000,8317812000000,8317813000000,8317814000000,8317864000000,8317875000000,893288000,13000,13000,8000,14000
1791427086,344919868,583,1747767917,S,N,8317811000000,8317810000000,8317809000000,8317801000000,8317800000000,227108000,76000,13000,14000,2800000,8317812000000,8317813000000,8317814000000,8317864000000,8317875000000,893288000,13000,13000,8000,14000
1791427086,347430730,584,1747767917,D,N,8317811000000,8317810000000,8317809000000,8317801000000,8317800000000,227108000,76000,13000,14000,2800000,8317812000000,8317813000000,8317814000000,8317864000000,8317875000000,893288000,13000,13000,8000,14000
1791427086,449663745,585,1747767917,S,N,8317811000000,8317810000000,8317809000000,8317801000000,8317800000000,227108000,76000,13000,14000,2800000,8317812000000,8317813000000,8317814000000,8317864000000,8317875000000,893288000,13000,13000,8000,14000
1791427086,451468229,586,1747767917,D,N,8317811000000,8317810000000,8317809000000,8317801000000,8317800000000,227108000,76000,13000,14000,2800000,8317812000000,8317813000000,8317814000000,8317864000000,8317875000000,893288000,13000,13000,8000,14000
1791427086,468315982,587,1747767917,D,N,8317811000000,8317810000000,8317809000000,8317801000000,8317800000000,227108000,76000,13000,14000,2800000,8317812000000,8317813000000,8317814000000,8317843000000,8317864000000,893062000,20000,13000,240000,8000
1791427086,560780869,588,1747767917,D,N,8317811000000,8317810000000,8317809000000,8317801000000,8317800000000,227108000,76000,13000,14000,2800000,8317812000000,8317813000000,8317814000000,8317843000000,8317864000000,893069000,27000,13000,240000,8000
1791427086,661045900,589,1747767917,D,N,8317811000000,8317810000000,8317809000000,8317801000000,8317800000000,227108000,76000,13000,14000,2800000,8317812000000,8317813000000,8317814000000,8317844000000,8317864000000,893069000,27000,13000,240000,8000
1791427086,799823039,590,1747767917,D,N,8317811000000,8317810000000,8317809000000,8317801000000,8317800000000,227108000,76000,13000,14000,2800000,8317812000000,8317813000000,8317814000000,8317845000000,8317864000000,896048000,20000,13000,240000,8000
1791427086,869543888,591,1747767917,D,N,8317811000000,8317810000000,8317809000000,8317801000000,8317800000000,227108000,76000,13000,14000,2800000,8317812000000,8317813000000,8317814000000,8317845000000,8317864000000,896041000,13000,13000,240000,8000
1791427086,959858072,592,1747767917,D,N,8317811000000,8317810000000,8317809000000,8317801000000,8317800000000,227108000,76000,13000,14000,2800000,8317812000000,8317813000000,8317814000000,8317864000000,8317875000000,896058000,27000,13000,8000,14000
1791427087,58422774,593,1747767917,D,N,8317811000000,8317810000000,8317809000000,8317801000000,8317800000000,227108000,76000,13000,14000,2800000,8317812000000,8317813000000,8317814000000,8317846000000,8317864000000,896051000,20000,13000,240000,8000
1791427087,160194462,594,1747767917,D,N,8317811000000,8317810000000,8317809000000,8317801000000,8317800000000,227108000,76000,13000,14000,2800000,8317812000000,8317813000000,8317814000000,8317864000000,8317875000000,896051000,20000,13000,8000,14000
1791427087,258798993,595,1747767917,D,N,8317811000000,8317810000000,8317809000000,8317801000000,8317800000000,227108000,76000,13000,14000,2800000,8317812000000,8317813000000,8317814000000,8317864000000,8317875000000,896037000,13000,13000,8000,14000
1791427087,356828584,596,1747767917,S,N,8317811000000,8317810000000,8317809000000,8317801000000,8317800000000,227108000,76000,13000,14000,2800000,8317812000000,8317813000000,8317814000000,8317864000000,8317875000000,896037000,13000,13000,8000,14000
1791427087,359495579,597,1747767917,D,N,8317811000000,8317810000000,8317809000000,8317801000000,8317800000000,227108000,76000,13000,14000,2800000,8317812000000,8317813000000,8317814000000,8317864000000,8317875000000,896037000,13000,13000,8000,14000
1791427087,460876537,598,1747767917,S,N,8317811000000,8317810000000,8317809000000,8317801000000,8317800000000,227108000,76000,13000,14000,2800000,8317812000000,8317813000000,8317814000000,8317864000000,8317875000000,896037000,13000,13000,8000,14000
1791427087,464560769,599,1747767917,D,N,8317811000000,8317810000000,8317809000000,8317801000000,8317800000000,227108000,76000,13000,14000,2800000,8317812000000,8317813000000,8317814000000,8317864000000,8317875000000,896037000,13000,13000,8000,14000
1791427087,561488528,600,1747767917,S,N,8317811000000,8317810000000,8317809000000,8317801000000,8317800000000,227108000,76000,13000,14000,2800000,8317812000000,8317813000000,8317814000000,8317864000000,8317875000000,896037000,13000,13000,8000,14000
1791427087,565470258,601,1747767917,D,N,8317811000000,8317810000000,8317809000000,8317801000000,8317800000000,227108000,76000,13000,14000,2800000,8317812000000,8317813000000,8317814000000,8317864000000,8317875000000,896037000,13000,13000,8000,14000
1791427087,662659408,602,1747767917,D,N,8317811000000,8317810000000,8317809000000,8317801000000,8317800000000,227108000,76000,13000,14000,2800000,8317812000000,8317813000000,8317814000000,8317864000000,8317875000000,896051000,20000,13000,8000,14000
1791427087,756425571,603,1747767917,S,N,8317811000000,8317810000000,8317809000000,8317801000000,8317800000000,227108000,76000,13000,14000,2800000,8317812000000,8317813000000,8317814000000,8317864000000,8317875000000,896051000,20000,13000,8000,14000
1791427087,759708001,604,1747767917,D,N,8317811000000,8317810000000,8317809000000,8317801000000,8317800000000,227108000,76000,13000,14000,2800000,8317812000000,8317813000000,8317814000000,8317864000000,8317875000000,896051000,20000,13000,8000,14000
1791427088,12634405,605,1747767917,S,N,8317811000000,8317810000000,8317809000000,8317801000000,8317800000000,227108000,76000,13000,14000,2800000,8317812000000,8317813000000,8317814000000,8317864000000,8317875000000,896051000,20000,13000,8000,14000
1791427088,15253296,606,1747767917,D,N,8317811000000,8317810000000,8317809000000,8317801000000,8317800000000,227108000,76000,13000,14000,2800000,8317812000000,8317813000000,8317814000000,8317864000000,8317875000000,896051000,20000,13000,8000,14000
1791427088,19641856,607,1747767917,D,N,8317811000000,8317810000000,8317809000000,8317801000000,8317800000000,227108000,76000,13000,14000,2800000,8317812000000,8317813000000,8317814000000,8317864000000,8317875000000,896027000,13000,13000,8000,14000
1791427088,351292186,608,1747767917,D,N,8317811000000,8317810000000,8317809000000,8317801000000,8317800000000,227108000,76000,13000,14000,2800000,8317812000000,8317813000000,8317814000000,8317864000000,8317875000000,896153000,20000,13000,8000,14000
1791427088,353753984,609,1747767917,S,N,8317811000000,8317810000000,8317809000000,8317801000000,8317800000000,227108000,76000,13000,14000,2800000,8317812000000,8317813000000,8317814000000,8317864000000,8317875000000,896153000,20000,13000,8000,14000
1791427088,355803373,610,1747767917,D,N,8317811000000,8317810000000,8317809000000,8317801000000,8317800000000,227108000,76000,13000,14000,2800000,8317812000000,8317813000000,8317814000000,8317864000000,8317875000000,896153000,20000,13000,8000,14000
1791427088,358025894,611,1747767917,S,N,8317811000000,8317810000000,8317809000000,8317801000000,8317800000000,227108000,76000,13000,14000,2800000,8317812000000,8317813000000,8317814000000,8317864000000,8317875000000,896153000,20000,13000,8000,14000
1791427088,360693896,612,1747767917,D,N,8317811000000,8317810000000,8317809000000,8317801000000,8317800000000,227108000,76000,13000,14000,2800000,8317812000000,8317813000000,8317814000000,8317864000000,8317875000000,896153000,20000,13000,8000,14000
1791427088,482280472,613,1747767917,D,N,8317811000000,8317810000000,8317809000000,8317801000000,8317800000000,227311000,76000,13000,14000,2800000,8317812000000,8317813000000,8317814000000,8317864000000,8317875000000,896139000,13000,13000,8000,14000
1791427088,484607988,614,1747767917,S,N,8317811000000,8317810000000,8317809000000,8317801000000,8317800000000,227311000,76000,13000,14000,2800000,8317812000000,8317813000000,8317814000000,8317864000000,8317875000000,896139000,13000,13000,8000,14000
1791427088,486799329,615,1747767917,D,N,8317811000000,8317810000000,8317809000000,8317801000000,8317800000000,227311000,76000,13000,14000,2800000,8317812000000,8317813000000,8317814000000,8317864000000,8317875000000,896139000,13000,13000,8000,14000
1791427088,590908567,616,1747767917,D,N,8317811000000,8317810000000,8317809000000,8317801000000,8317800000000,227311000,76000,13000,14000,2800000,8317812000000,8317813000000,8317814000000,8317864000000,8317875000000,896153000,20000,13000,8000,14000
1791427088,692363651,617,1747767917,D,N,8317811000000,8317810000000,8317809000000,8317801000000,8317800000000,227311000,76000,13000,14000,2800000,8317812000000,8317813000000,8317814000000,8317864000000,8317875000000,896139000,13000,13000,8000,14000
1791427088,981397381,618,1747767917,D,N,8317811000000,8317810000000,8317809000000,8317801000000,8317800000000,227311000,76000,13000,14000,2800000,8317812000000,8317813000000,8317814000000,8317864000000,8317875000000,896153000,20000,13000,8000,14000
1791427088,982277982,619,1747767917,S,N,8317811000000,8317810000000,8317809000000,8317801000000,8317800000000,227311000,76000,13000,14000,2800000,8317812000000,8317813000000,8317814000000,8317864000000,8317875000000,896153000,20000,13000,8000,14000
1791427088,983142943,620,1747767917,D,N,8317811000000,8317810000000,8317809000000,8317801000000,8317800000000,227311000,76000,13000,14000,2800000,8317812000000,8317813000000,8317814000000,8317864000000,8317875000000,896153000,20000,13000,8000,14000
1791427088,984151849,621,1747767917,S,N,8317811000000,8317810000000,8317809000000,8317801000000,8317800000000,227311000,76000,13000,14000,2800000,8317812000000,8317813000000,8317814000000,8317864000000,8317875000000,896153000,20000,13000,8000,14000
1791427088,985036833,622,1747767917,D,N,8317811000000,8317810000000,8317809000000,8317801000000,8317800000000,227311000,76000,13000,14000,2800000,8317812000000,8317813000000,8317814000000,8317864000000,8317875000000,896153000,20000,13000,8000,14000
1791427089,49313724,623,1747767917,S,N,8317811000000,8317810000000,8317809000000,8317801000000,8317800000000,227311000,76000,13000,14000,2800000,8317812000000,8317813000000,8317814000000,8317864000000,8317875000000,896153000,20000,13000,8000,14000
1791427089,50445356,624,1747767917,D,N,8317811000000,8317810000000,8317809000000,8317801000000,8317800000000,227311000,76000,13000,14000,2800000,8317812000000,8317813000000,8317814000000,8317864000000,8317875000000,896153000,20000,13000,8000,14000
1791427089,168139158,625,1747767917,D,N,8317811000000,8317810000000,8317809000000,8317801000000,8317800000000,227311000,76000,13000,14000,2800000,8317812000000,8317813000000,8317814000000,8317864000000,8317875000000,896139000,13000,13000,8000,14000
1791427089,284148263,626,1747767917,D,N,8317811000000,8317810000000,8317809000000,8317801000000,8317800000000,227311000,76000,13000,14000,2800000,8317812000000,8317813000000,8317814000000,8317864000000,8317875000000,826589000,13000,13000,8000,14000
1791427089,351388814,627,1747767917,D,N,8317811000000,8317810000000,8317809000000,8317801000000,8317800000000,227311000,76000,13000,14000,2800000,8317812000000,8317813000000,8317814000000,8317864000000,8317875000000,826610000,27000,13000,8000,14000
1791427089,453044822,628,1747767917,D,N,8317811000000,8317810000000,8317809000000,8317801000000,8317800000000,227311000,76000,13000,14000,2800000,8317812000000,8317813000000,8317814000000,8317864000000,8317875000000,826589000,13000,13000,8000,14000
1791427089,561458047,629,1747767917,D,N,8317811000000,8317810000000,8317809000000,8317801000000,8317800000000,261054000,76000,13000,14000,2800000,8317812000000,8317813000000,8317814000000,8317864000000,8317875000000,825049000,62000,13000,8000,14000
1791427089,652520247,630,1747767917,D,N,8317811000000,8317810000000,8317809000000,8317801000000,8317800000000,261109000,76000,13000,14000,2800000,8317812000000,8317813000000,8317814000000,8317864000000,8317875000000,824441000,55000,13000,8000,14000
1791427089,808337194,631,1747767917,D,N,8317811000000,8317810000000,8317809000000,8317801000000,8317800000000,498646000,90000,13000,14000,2807000,8317812000000,8317813000000,8317814000000,8317864000000,8317875000000,717335000,62000,13000,8000,14000
1791427089,847203669,632,1747767917,D,N,8317811000000,8317810000000,8317809000000,8317801000000,8317800000000,482051000,76000,13000,14000,2807000,8317812000000,8317813000000,8317814000000,8317864000000,8317875000000,716968000,55000,13000,8000,14000
1791427090,17785523,633,1747767917,D,N,8317811000000,8317810000000,8317809000000,8317801000000,8317800000000,482079000,76000,13000,14000,2807000,8317812000000,8317813000000,8317814000000,8317864000000,8317875000000,716968000,55000,13000,8000,14000
1791427090,71031693,634,1747767917,S,N,8317811000000,8317810000000,8317809000000,8317801000000,8317800000000,482079000,76000,13000,14000,2807000,8317812000000,8317813000000,8317814000000,8317864000000,8317875000000,716968000,55000,13000,8000,14000
1791427090,73417883,635,1747767917,D,N,8317811000000,8317810000000,8317809000000,8317801000000,8317800000000,482079000,76000,13000,14000,2807000,8317812000000,8317813000000,8317814000000,8317864000000,8317875000000,716968000,55000,13000,8000,14000
1791427090,160323826,636,1747767917,S,N,8317811000000,8317810000000,8317809000000,8317801000000,8317800000000,482079000,76000,13000,14000,2807000,8317812000000,8317813000000,8317814000000,8317864000000,8317875000000,716968000,55000,13000,8000,14000
1791427090,162958556,637,1747767917,D,N,8317811000000,8317810000000,8317809000000,8317801000000,8317800000000,482079000,76000,13000,14000,2807000,8317812000000,8317813000000,8317814000000,8317864000000,8317875000000,716968000,55000,13000,8000,14000
1791427090,278464403,638,1747767917,S,N,8317811000000,8317810000000,8317809000000,8317801000000,8317800000000,482079000,76000,13000,14000,2807000,8317812000000,8317813000000,8317814000000,8317864000000,8317875000000,716968000,55000,13000,8000,14000
1791427090,281153424,639,1747767917,D,N,8317811000000,8317810000000,8317809000000,8317801000000,8317800000000,482079000,76000,13000,14000,2807000,8317812000000,8317813000000,8317814000000,8317864000000,8317875000000,716968000,55000,13000,8000,14000
1791427090,370394453,640,1747767917,D,N,8317811000000,8317810000000,8317809000000,8317801000000,8317800000000,482044000,69000,13000,14000,2807000,8317812000000,8317813000000,8317814000000,8317864000000,8317875000000,716968000,55000,13000,8000,14000
1791427090,484062395,641,1747767917,D,N,8317811000000,8317810000000,8317809000000,8317801000000,8317800000000,482072000,69000,13000,14000,2807000,8317812000000,8317813000000,8317814000000,8317864000000,8317875000000,716975000,55000,13000,8000,14000
1791427090,560563501,642,1747767917,D,N,8317811000000,8317810000000,8317809000000,8317801000000,8317800000000,482058000,69000,13000,14000,2807000,8317812000000,8317813000000,8317814000000,8317864000000,8317875000000,716975000,55000,13000,8000,14000
1791427090,682832244,643,1747767917,S,N,8317811000000,8317810000000,8317809000000,8317801000000,8317800000000,482058000,69000,13000,14000,2807000,8317812000000,8317813000000,8317814000000,8317864000000,8317875000000,716975000,55000,13000,8000,14000
1791427090,684276469,644,1747767917,D,N,8317811000000,8317810000000,8317809000000,8317801000000,8317800000000,482058000,69000,13000,14000,2807000,8317812000000,8317813000000,8317814000000,8317864000000,8317875000000,716975000,55000,13000,8000,14000
1791427090,744648134,645,1747767917,D,N,8317811000000,8317810000000,8317809000000,8317801000000,8317800000000,482058000,69000,13000,14000,2807000,8317812000000,8317813000000,8317814000000,8317864000000,8317875000000,712968000,55000,13000,8000,14000
1791427090,842416847,646,1747767917,S,N,8317811000000,8317810000000,8317809000000,8317801000000,8317800000000,482058000,69000,13000,14000,2807000,8317812000000,8317813000000,8317814000000,8317864000000,8317875000000,712968000,55000,13000,8000,14000
1791427090,843833778,647,1747767917,D,N,8317811000000,8317810000000,8317809000000,8317801000000,8317800000000,482058000,69000,13000,14000,2807000,8317812000000,8317813000000,8317814000000,8317864000000,8317875000000,712968000,55000,13000,8000,14000
1791427090,944736493,648,1747767917,D,N,8317811000000,8317810000000,8317809000000,8317801000000,8317800000000,482072000,69000,13000,14000,2807000,8317812000000,8317813000000,8317814000000,8317864000000,8317875000000,712968000,55000,13000,8000,14000
1791427091,41873046,649,1747767917,S,N,8317811000000,8317810000000,8317809000000,8317801000000,8317800000000,482072000,69000,13000,14000,2807000,8317812000000,8317813000000,8317814000000,8317864000000,8317875000000,712968000,55000,13000,8000,14000
1791427091,43169940,650,1747767917,D,N,8317811000000,8317810000000,8317809000000,8317801000000,8317800000000,482072000,69000,13000,14000,2807000,8317812000000,8317813000000,8317814000000,8317864000000,8317875000000,712968000,55000,13000,8000,14000
1791427091,141346280,651,1747767917,S,N,8317811000000,8317810000000,8317809000000,8317801000000,8317800000000,482072000,69000,13000,14000,2807000,8317812000000,8317813000000,8317814000000,8317864000000,8317875000000,712968000,55000,13000,8000,14000
1791427091,142826466,652,1747767917,D,N,8317811000000,8317810000000,8317809000000,8317801000000,8317800000000,482072000,69000,13000,14000,2807000,8317812000000,8317813000000,8317814000000,8317864000000,8317875000000,712968000,55000,13000,8000,14000
1791427091,242160238,653,1747767917,S,N,8317811000000,8317810000000,8317809000000,8317801000000,8317800000000,482072000,69000,13000,14000,2807000,8317812000000,8317813000000,8317814000000,8317864000000,8317875000000,712968000,55000,13000,8000,14000
1791427091,243464603,654,1747767917,D,N,8317811000000,8317810000000,8317809000000,8317801000000,8317800000000,482072000,69000,13000,14000,2807000,8317812000000,8317813000000,8317814000000,8317864000000,8317875000000,712968000,55000,13000,8000,14000
1791427091,343737052,655,1747767917,D,N,8317811000000,8317810000000,8317809000000,8317801000000,8317800000000,482058000,69000,13000,14000,2807000,8317812000000,8317813000000,8317814000000,8317864000000,8317875000000,712968000,55000,13000,8000,14000
1791427091,442613489,656,1747767917,D,N,8317811000000,8317810000000,8317809000000,8317801000000,8317800000000,482037000,69000,13000,14000,2807000,8317812000000,8317813000000,8317814000000,8317864000000,8317875000000,712968000,55000,13000,8000,14000
1791427091,540581731,657,1747767917,D,N,8317811000000,8317810000000,8317809000000,8317801000000,8317800000000,543034000,48000,13000,14000,2807000,8317812000000,8317813000000,8317814000000,8317864000000,8317875000000,632293000,55000,13000,8000,14000
1791427091,640737630,658,1747767917,D,N,8317811000000,8317810000000,8317809000000,8317801000000,8317800000000,601477000,41000,13000,14000,2807000,8317812000000,8317813000000,8317814000000,8317864000000,8317875000000,149260000,55000,13000,8000,14000
1791427091,740131669,659,1747767917,D,N,8317811000000,8317810000000,8317809000000,8317801000000,8317800000000,602620000,13000,13000,14000,2807000,8317812000000,8317813000000,8317814000000,8317864000000,8317885000000,40935000,62000,13000,8000,7000
1791427091,877817302,660,1747767917,D,N,8318095000000,8318094000000,8318093000000,8318076000000,8317944000000,1140658000,13000,13000,14000,13311000,8318096000000,8318097000000,8318175000000,8318199000000,8318200000000,77861000,49000,7000,21000,6969000
1791427091,940223116,661,1747767917,D,N,8318095000000,8318094000000,8318093000000,8318076000000,8318047000000,1123353000,20000,13000,14000,732000,8318096000000,8318097000000,8318175000000,8318183000000,8318199000000,94035000,63000,7000,710000,21000
1791427092,39429878,662,1747767917,D,N,8318095000000,8318094000000,8318093000000,8318076000000,8318047000000,1123353000,20000,13000,14000,732000,8318096000000,8318097000000,8318175000000,8318183000000,8318199000000,94035000,63000,7000,710000,7000
1791427092,139232042,663,1747767917,D,N,8318095000000,8318094000000,8318093000000,8318076000000,8318047000000,1123360000,27000,13000,14000,732000,8318096000000,8318097000000,8318175000000,8318183000000,8318199000000,59248000,63000,7000,710000,7000
1791427092,890582018,664,1747767917,D,N,8318095000000,8318094000000,8318093000000,8318076000000,8318047000000,1130475000,34000,13000,14000,732000,8318096000000,8318097000000,8318175000000,8318183000000,8318199000000,59248000,63000,7000,710000,7000
1791427092,991546993,665,1747767917,D,N,8318095000000,8318094000000,8318093000000,8318076000000,8318047000000,1130475000,34000,13000,14000,732000,8318096000000,8318097000000,8318183000000,8318199000000,8318200000000,59248000,63000,710000,7000,14000
1791427093,85279386,666,1747767917,D,N,8318095000000,8318094000000,8318093000000,8318076000000,8318047000000,1130496000,48000,13000,14000,732000,8318096000000,8318097000000,8318183000000,8318199000000,8318200000000,59261000,63000,710000,7000,14000
1791427093,207517647,667,1747767917,S,N,8318095000000,8318094000000,8318093000000,8318076000000,8318047000000,1130496000,48000,13000,14000,732000,8318096000000,8318097000000,8318183000000,8318199000000,8318200000000,59261000,63000,710000,7000,14000
1791427093,209510952,668,1747767917,D,N,8318095000000,8318094000000,8318093000000,8318076000000,8318047000000,1130496000,48000,13000,14000,732000,8318096000000,8318097000000,8318183000000,8318199000000,8318200000000,59261000,63000,710000,7000,14000
1791427093,284645633,669,1747767917,D,N,8318095000000,8318094000000,8318093000000,8318076000000,8318047000000,1130489000,41000,13000,14000,732000,8318096000000,8318097000000,8318098000000,8318183000000,8318199000000,59274000,76000,13000,710000,7000
1791427093,386927624,670,1747767917,D,N,8318200000000,8318199000000,8318198000000,8318128000000,8318096000000,1350187000,13000,13000,400000,254455000,8318201000000,8318202000000,8318203000000,8318217000000,8318258000000,10465000,48000,13000,8000,7000
1791427093,496353540,671,1747767917,D,N,8318511000000,8318510000000,8318509000000,8318502000000,8318400000000,1135766000,13000,13000,14000,199150000,8318512000000,8318513000000,8318542000000,8318600000000,8318601000000,54443000,35000,7000,14000,2800000
1791427093,604141180,672,1747767917,D,N,8318511000000,8318510000000,8318509000000,8318502000000,8318401000000,1137086000,13000,13000,14000,34292000,8318512000000,8318513000000,8318542000000,8318600000000,8318601000000,35450000,42000,7000,14000,2800000
1791427093,682313535,673,1747767917,D,N,8318511000000,8318510000000,8318509000000,8318502000000,8318401000000,1137279000,13000,13000,14000,34292000,8318512000000,8318513000000,8318542000000,8318600000000,8318601000000,35450000,42000,7000,14000,2800000
1791427093,782365036,674,1747767917,S,N,8318511000000,8318510000000,8318509000000,8318502000000,8318401000000,1137279000,13000,13000,14000,34292000,8318512000000,8318513000000,8318542000000,8318600000000,8318601000000,35450000,42000,7000,14000,2800000
1791427093,783711339,675,1747767917,D,N,8318511000000,8318510000000,8318509000000,8318502000000,8318401000000,1137279000,13000,13000,14000,34292000,8318512000000,8318513000000,8318542000000,8318600000000,8318601000000,35450000,42000,7000,14000,2800000
1791427093,883048498,676,1747767917,S,N,8318511000000,8318510000000,8318509000000,8318502000000,8318401000000,1137279000,13000,13000,14000,34292000,8318512000000,8318513000000,8318542000000,8318600000000,8318601000000,35450000,42000,7000,14000,2800000
1791427093,885866720,677,1747767917,D,N,8318511000000,8318510000000,8318509000000,8318502000000,8318401000000,1137279000,13000,13000,14000,34292000,8318512000000,8318513000000,8318542000000,8318600000000,8318601000000,35450000,42000,7000,14000,2800000
1791427093,983056268,678,1747767917,D,N,8318511000000,8318510000000,8318509000000,8318502000000,8318401000000,997279000,13000,13000,14000,34292000,8318512000000,8318513000000,8318542000000,8318600000000,8318601000000,35464000,49000,7000,14000,2800000
1791427094,80442159,679,1747767917,S,N,8318511000000,8318510000000,8318509000000,8318502000000,8318401000000,997279000,13000,13000,14000,34292000,8318512000000,8318513000000,8318542000000,8318600000000,8318601000000,35464000,49000,7000,14000,2800000
1791427094,83664620,680,1747767917,D,N,8318511000000,8318510000000,8318509000000,8318502000000,8318401000000,997279000,13000,13000,14000,34292000,8318512000000,8318513000000,8318542000000,8318600000000,8318601000000,35464000,49000,7000,14000,2800000
1791427094,195122194,681,1747767917,D,N,8318511000000,8318510000000,8318509000000,8318502000000,8318401000000,997279000,13000,13000,14000,34292000,8318512000000,8318513000000,8318542000000,8318600000000,8318601000000,35457000,49000,7000,14000,2800000
1791427094,327170089,682,1747767917,D,N,8318511000000,8318510000000,8318509000000,8318502000000,8318401000000,997286000,13000,13000,14000,34292000,8318512000000,8318513000000,8318514000000,8318542000000,8318591000000,35483000,62000,13000,7000,7000
1791427094,384154131,683,1747767917,D,N,8318511000000,8318510000000,8318509000000,8318502000000,8318401000000,1013718000,13000,13000,14000,34292000,8318512000000,8318513000000,8318514000000,8318542000000,8318591000000,35483000,62000,13000,7000,7000
1791427094,513236174,684,1747767917,S,N,8318511000000,8318510000000,8318509000000,8318502000000,8318401000000,1013718000,13000,13000,14000,34292000,8318512000000,8318513000000,8318514000000,8318542000000,8318591000000,35483000,62000,13000,7000,7000
1791427094,514712874,685,1747767917,D,N,8318511000000,8318510000000,8318509000000,8318502000000,8318401000000,1013718000,13000,13000,14000,34292000,8318512000000,8318513000000,8318514000000,8318542000000,8318591000000,35483000,62000,13000,7000,7000
1791427094,587682312,686,1747767917,D,N,8318511000000,8318510000000,8318509000000,8318502000000,8318401000000,1057797000,13000,13000,14000,34292000,8318512000000,8318513000000,8318514000000,8318542000000,8318591000000,35483000,62000,13000,7000,7000
1791427094,684667250,687,1747767917,D,N,8318511000000,8318510000000,8318509000000,8318502000000,8318401000000,1023031000,13000,13000,14000,34292000,8318512000000,8318513000000,8318514000000,8318542000000,8318591000000,35490000,62000,13000,7000,7000
1791427094,798699586,688,1747767917,D,N,8318511000000,8318510000000,8318509000000,8318502000000,8318401000000,1019425000,13000,13000,14000,34292000,8318512000000,8318513000000,8318514000000,8318542000000,8318591000000,35404000,62000,13000,7000,7000
1791427094,905073084,689,1747767917,D,N,8318511000000,8318510000000,8318509000000,8318502000000,8318401000000,1021531000,13000,13000,14000,34299000,8318512000000,8318513000000,8318514000000,8318542000000,8318591000000,33503000,62000,13000,7000,7000
1791427095,18857476,690,1747767917,D,N,8318511000000,8318510000000,8318509000000,8318502000000,8318401000000,1059910000,13000,13000,14000,34299000,8318512000000,8318513000000,8318514000000,8318542000000,8318591000000,33484000,69000,13000,7000,7000
1791427095,100995723,691,1747767917,D,N,8318511000000,8318510000000,8318509000000,8318502000000,8318401000000,1059930000,13000,13000,14000,34299000,8318512000000,8318513000000,8318514000000,8318542000000,8318591000000,33484000,69000,13000,7000,7000
1791427095,194566938,692,1747767917,S,N,8318511000000,8318510000000,8318509000000,8318502000000,8318401000000,1059930000,13000,13000,14000,34299000,8318512000000,8318513000000,8318514000000,8318542000000,8318591000000,33484000,69000,13000,7000,7000
1791427095,196575684,693,1747767917,D,N,8318511000000,8318510000000,8318509000000,8318502000000,8318401000000,1059930000,13000,13000,14000,34299000,8318512000000,8318513000000,8318514000000,8318542000000,8318591000000,33484000,69000,13000,7000,7000
1791427095,308934579,694,1747767917,D,N,8318511000000,8318510000000,8318509000000,8318502000000,8318401000000,1021544000,13000,13000,14000,34299000,8318512000000,8318513000000,8318514000000,8318542000000,8318591000000,33435000,69000,13000,7000,7000
1791427095,438275124,695,1747767917,D,N,8318511000000,8318510000000,8318509000000,8318502000000,8318401000000,1059930000,13000,13000,14000,34299000,8318512000000,8318513000000,8318514000000,8318542000000,8318591000000,33398000,69000,13000,7000,7000
1791427095,506167261,696,1747767917,D,N,8318511000000,8318510000000,8318509000000,8318502000000,8318401000000,1059930000,13000,13000,14000,34299000,8318512000000,8318513000000,8318514000000,8318542000000,8318591000000,33361000,69000,13000,7000,7000
1791427095,598699287,697,1747767917,S,N,8318511000000,8318510000000,8318509000000,8318502000000,8318401000000,1059930000,13000,13000,14000,34299000,8318512000000,8318513000000,8318514000000,8318542000000,8318591000000,33361000,69000,13000,7000,7000
1791427095,600423631,698,1747767917,D,N,8318511000000,8318510000000,8318509000000,8318502000000,8318401000000,1059930000,13000,13000,14000,34299000,8318512000000,8318513000000,8318514000000,8318542000000,8318591000000,33361000,69000,13000,7000,7000
1791427095,676245260,699,1747767917,D,N,8318511000000,8318510000000,8318509000000,8318502000000,8318401000000,1059930000,13000,13000,14000,34299000,8318512000000,8318513000000,8318514000000,8318542000000,8318591000000,33346000,69000,13000,7000,7000
1791427095,777711998,700,1747767917,D,N,8318511000000,8318510000000,8318509000000,8318502000000,8318401000000,1060051000,13000,13000,14000,34299000,8318512000000,8318513000000,8318514000000,8318542000000,8318591000000,42516000,69000,13000,7000,7000
1791427095,877985642,701,1747767917,D,N,8318511000000,8318510000000,8318509000000,8318502000000,8318401000000,1060051000,13000,13000,14000,34299000,8318512000000,8318513000000,8318514000000,8318542000000,8318591000000,38723000,69000,13000,7000,7000
1791427095,972887123,702,1747767917,D,N,8318511000000,8318510000000,8318509000000,8318502000000,8318401000000,1021665000,13000,13000,14000,34299000,8318512000000,8318513000000,8318514000000,8318542000000,8318591000000,38715000,69000,13000,7000,7000
1791427096,72551917,703,1747767917,S,N,8318511000000,8318510000000,8318509000000,8318502000000,8318401000000,1021665000,13000,13000,14000,34299000,8318512000000,8318513000000,8318514000000,8318542000000,8318591000000,38715000,69000,13000,7000,7000
1791427096,73765034,704,1747767917,D,N,8318511000000,8318510000000,8318509000000,8318502000000,8318401000000,1021665000,13000,13000,14000,34299000,8318512000000,8318513000000,8318514000000,8318542000000,8318591000000,38715000,69000,13000,7000,7000
1791427096,173369876,705,1747767917,D,N,8318511000000,8318510000000,8318509000000,8318502000000,8318401000000,1060051000,13000,13000,14000,34299000,8318512000000,8318513000000,8318514000000,8318542000000,8318591000000,36494000,69000,13000,7000,7000
1791427096,271626546,706,1747767917,D,N,8318511000000,8318510000000,8318509000000,8318502000000,8318401000000,1092523000,13000,13000,14000,34299000,8318512000000,8318513000000,8318514000000,8318542000000,8318591000000,11611000,69000,13000,7000,7000
1791427096,368461230,707,1747767917,S,N,8318511000000,8318510000000,8318509000000,8318502000000,8318401000000,1092523000,13000,13000,14000,34299000,8318512000000,8318513000000,8318514000000,8318542000000,8318591000000,11611000,69000,13000,7000,7000
1791427096,369714820,708,1747767917,D,N,8318511000000,8318510000000,8318509000000,8318502000000,8318401000000,1092523000,13000,13000,14000,34299000,8318512000000,8318513000000,8318514000000,8318542000000,8318591000000,11611000,69000,13000,7000,7000
1791427096,477436835,709,1747767917,D,N,8318511000000,8318510000000,8318509000000,8318502000000,8318401000000,1092523000,13000,13000,14000,34299000,8318512000000,8318513000000,8318514000000,8318542000000,8318591000000,11605000,69000,13000,7000,7000
1791427096,562076126,710,1747767917,D,N,8318511000000,8318510000000,8318509000000,8318502000000,8318401000000,1092583000,13000,13000,14000,34299000,8318512000000,8318513000000,8318514000000,8318542000000,8318556000000,11426000,69000,13000,7000,8000
1791427096,662883983,711,1747767917,D,N,8318511000000,8318510000000,8318509000000,8318502000000,8318423000000,1054204000,13000,13000,14000,4186000,8318512000000,8318513000000,8318514000000,8318542000000,8318556000000,11426000,69000,13000,7000,8000
1791427096,762231030,712,1747767917,D,N,8318511000000,8318510000000,8318509000000,8318502000000,8318424000000,1054302000,62000,13000,14000,14000,8318512000000,8318513000000,8318514000000,8318542000000,8318556000000,48257000,69000,13000,7000,8000
1791427096,854992303,713,1747767917,D,N,8318511000000,8318510000000,8318509000000,8318502000000,8318424000000,1054281000,62000,13000,14000,14000,8318512000000,8318513000000,8318514000000,8318542000000,8318556000000,67362000,83000,13000,7000,8000
1791427096,953446806,714,1747767917,D,N,8318511000000,8318510000000,8318509000000,8318502000000,8318424000000,1054081000,62000,213000,14000,14000,8318512000000,8318513000000,8318514000000,8318542000000,8318556000000,67362000,83000,13000,7000,8000
1791427097,51830605,715,1747767917,D,N,8318511000000,8318510000000,8318509000000,8318502000000,8318424000000,1095855000,13000,213000,14000,14000,8318512000000,8318513000000,8318514000000,8318542000000,8318556000000,11914000,62000,13000,7000,8000
1791427097,151336367,716,1747767917,D,N,8318892000000,8318891000000,8318890000000,8318788000000,8318787000000,485593000,69000,13000,14000,20155000,8318893000000,8318894000000,8318912000000,8318913000000,8318914000000,201517000,77000,14000,19933000,800000
1791427097,249867343,717,1747767917,D,N,8318892000000,8318891000000,8318890000000,8318788000000,8318787000000,491023000,62000,13000,14000,20155000,8318893000000,8318894000000,8318912000000,8318913000000,8318914000000,163220000,77000,14000,19933000,800000
1791427097,346945332,718,1747767917,D,N,8318892000000,8318891000000,8318890000000,8318788000000,8318787000000,491057000,76000,13000,14000,20155000,8318893000000,8318894000000,8318912000000,8318913000000,8318914000000,211307000,84000,14000,19933000,800000
1791427097,443815513,719,1747767917,D,N,8318892000000,8318891000000,8318890000000,8318788000000,8318787000000,491085000,76000,13000,14000,114186000,8318893000000,8318894000000,8318912000000,8318913000000,8318914000000,300363000,84000,14000,19933000,800000
1791427097,541000877,720,1747767917,D,N,8318892000000,8318891000000,8318890000000,8318868000000,8318788000000,491085000,76000,13000,8000,14000,8318893000000,8318894000000,8318912000000,8318913000000,8318914000000,261977000,84000,14000,19933000,800000
1791427097,639484424,721,1747767917,D,N,8318892000000,8318891000000,8318890000000,8318868000000,8318788000000,491085000,76000,13000,8000,14000,8318893000000,8318894000000,8318912000000,8318913000000,8318914000000,261984000,91000,14000,19933000,800000
1791427097,745721083,722,1747767917,D,N,8318892000000,8318891000000,8318890000000,8318868000000,8318788000000,491092000,76000,13000,8000,14000,8318893000000,8318894000000,8318914000000,8318927000000,8318928000000,243679000,91000,800000,14000,7000
1791427097,834922938,723,1747767917,D,N,8318892000000,8318891000000,8318890000000,8318868000000,8318788000000,491099000,83000,13000,8000,14000,8318893000000,8318894000000,8318914000000,8318927000000,8318928000000,243672000,84000,800000,14000,7000
1791427097,950374203,724,1747767917,D,N,8318892000000,8318891000000,8318890000000,8318868000000,8318788000000,491220000,83000,13000,8000,14000,8318893000000,8318894000000,8318914000000,8318927000000,8318928000000,208748000,84000,800000,14000,7000
1791427098,30869283,725,1747767917,D,N,8318892000000,8318891000000,8318890000000,8318868000000,8318788000000,491227000,83000,13000,8000,14000,8318893000000,8318894000000,8318914000000,8318927000000,8318928000000,208748000,84000,800000,14000,7000
1791427098,136167045,726,1747767917,D,N,8318892000000,8318891000000,8318890000000,8318868000000,8318788000000,491227000,83000,13000,8000,14000,8318893000000,8318894000000,8318914000000,8318927000000,8318928000000,218092000,84000,800000,14000,7000
1791427098,227692526,727,1747767917,D,N,8318892000000,8318891000000,8318890000000,8318868000000,8318800000000,508283000,97000,13000,8000,1000000,8318893000000,8318894000000,8318895000000,8318914000000,8318927000000,218112000,104000,13000,800000,14000
1791427098,368191440,728,1747767917,D,N,8318892000000,8318891000000,8318890000000,8318868000000,8318800000000,508293000,97000,13000,8000,1000000,8318893000000,8318894000000,8318895000000,8318914000000,8318927000000,218112000,104000,13000,800000,14000
1791427098,422991197,729,1747767917,D,N,8318892000000,8318891000000,8318890000000,8318868000000,8318800000000,508293000,97000,13000,8000,2000000,8318893000000,8318894000000,8318895000000,8318914000000,8318927000000,256485000,104000,13000,800000,14000
1791427098,534626635,730,1747767917,S,N,8318892000000,8318891000000,8318890000000,8318868000000,8318800000000,508293000,97000,13000,8000,2000000,8318893000000,8318894000000,8318895000000,8318914000000,8318927000000,256485000,104000,13000,800000,14000
1791427098,537296150,731,1747767917,D,N,8318892000000,8318891000000,8318890000000,8318868000000,8318800000000,508293000,97000,13000,8000,2000000,8318893000000,8318894000000,8318895000000,8318914000000,8318927000000,256485000,104000,13000,800000,14000
1791427098,648915061,732,1747767917,D,N,8318892000000,8318891000000,8318890000000,8318868000000,8318800000000,508293000,97000,13000,8000,2000000,8318893000000,8318894000000,8318895000000,8318914000000,8318927000000,255882000,104000,13000,800000,14000
1791427098,731673625,733,1747767917,D,N,8318892000000,8318891000000,8318890000000,8318868000000,8318800000000,508293000,97000,13000,8000,2000000,8318893000000,8318894000000,8318895000000,8318914000000,8318927000000,255732000,104000,13000,800000,14000
1791427098,811751722,734,1747767917,D,N,8318892000000,8318891000000,8318890000000,8318868000000,8318800000000,508232000,97000,13000,8000,2000000,8318893000000,8318894000000,8318895000000,8318914000000,8318927000000,255732000,104000,13000,800000,14000
1791427098,930641632,735,1747767917,S,N,8318892000000,8318891000000,8318890000000,8318868000000,8318800000000,508232000,97000,13000,8000,2000000,8318893000000,8318894000000,8318895000000,8318914000000,8318927000000,255732000,104000,13000,800000,14000
1791427098,932157108,736,1747767917,D,N,8318892000000,8318891000000,8318890000000,8318868000000,8318800000000,508232000,97000,13000,8000,2000000,8318893000000,8318894000000,8318895000000,8318914000000,8318927000000,255732000,104000,13000,800000,14000
1791427099,32500944,737,1747767917,S,N,8318892000000,8318891000000,8318890000000,8318868000000,8318800000000,508232000,97000,13000,8000,2000000,8318893000000,8318894000000,8318895000000,8318914000000,8318927000000,255732000,104000,13000,800000,14000
1791427099,33745831,738,1747767917,D,N,8318892000000,8318891000000,8318890000000,8318868000000,8318800000000,508232000,97000,13000,8000,2000000,8318893000000,8318894000000,8318895000000,8318914000000,8318927000000,255732000,104000,13000,800000,14000
1791427099,118728664,739,1747767917,D,N,8318892000000,8318891000000,8318890000000,8318868000000,8318800000000,508232000,97000,13000,8000,2000000,8318893000000,8318894000000,8318895000000,8318914000000,8318927000000,217346000,104000,13000,800000,14000
1791427099,236216048,740,1747767917,D,N,8318892000000,8318891000000,8318890000000,8318868000000,8318800000000,507781000,97000,13000,8000,2000000,8318893000000,8318894000000,8318895000000,8318914000000,8318927000000,217346000,104000,13000,800000,14000
1791427099,310249257,741,1747767917,D,N,8318892000000,8318891000000,8318890000000,8318868000000,8318801000000,484622000,97000,13000,8000,7000,8318893000000,8318894000000,8318895000000,8318914000000,8318927000000,238469000,104000,13000,800000,14000
1791427099,436721241,742,1747767917,D,N,8318892000000,8318891000000,8318890000000,8318868000000,8318801000000,81264000,90000,13000,8000,14000,8318893000000,8318894000000,8318895000000,8318914000000,8318927000000,327146000,104000,13000,800000,14000
1791427099,512374171,743,1747767917,D,N,8318892000000,8318891000000,8318890000000,8318868000000,8318801000000,110519000,83000,13000,8000,14000,8318893000000,8318894000000,8318895000000,8318914000000,8318927000000,327340000,104000,13000,800000,14000
1791427099,632968198,744,1747767917,D,N,8318892000000,8318891000000,8318890000000,8318871000000,8318870000000,99862000,90000,13000,14000,2000000,8318893000000,8318894000000,8318895000000,8318914000000,8318927000000,328162000,104000,13000,800000,14000
1791427099,743512673,745,1747767917,S,N,8318892000000,8318891000000,8318890000000,8318871000000,8318870000000,99862000,90000,13000,14000,2000000,8318893000000,8318894000000,8318895000000,8318914000000,8318927000000,328162000,104000,13000,800000,14000
1791427099,744944341,746,1747767917,D,N,8318892000000,8318891000000,8318890000000,8318871000000,8318870000000,99862000,90000,13000,14000,2000000,8318893000000,8318894000000,8318895000000,8318914000000,8318927000000,328162000,104000,13000,800000,14000
1791427099,788910259,747,1747767917,S,N,8318892000000,8318891000000,8318890000000,8318871000000,8318870000000,99862000,90000,13000,14000,2000000,8318893000000,8318894000000,8318895000000,8318914000000,8318927000000,328162000,104000,13000,800000,14000
1791427099,790104392,748,1747767917,D,N,8318892000000,8318891000000,8318890000000,8318871000000,8318870000000,99862000,90000,13000,14000,2000000,8318893000000,8318894000000,8318895000000,8318914000000,8318927000000,328162000,104000,13000,800000,14000
1791427099,887586064,749,1747767917,D,N,8318892000000,8318891000000,8318890000000,8318871000000,8318870000000,99862000,90000,13000,14000,2000000,8318893000000,8318894000000,8318895000000,8318914000000,8318927000000,328352000,104000,13000,800000,14000
1791427099,985855154,750,1747767917,S,N,8318892000000,8318891000000,8318890000000,8318871000000,8318870000000,99862000,90000,13000,14000,2000000,8318893000000,8318894000000,8318895000000,8318914000000,8318927000000,328352000,104000,13000,800000,14000
1791427099,987073246,751,1747767917,D,N,8318892000000,8318891000000,8318890000000,8318871000000,8318870000000,99862000,90000,13000,14000,2000000,8318893000000,8318894000000,8318895000000,8318914000000,8318927000000,328352000,104000,13000,800000,14000
1791427100,85055807,752,1747767917,D,N,8318892000000,8318891000000,8318890000000,8318871000000,8318870000000,154599000,90000,13000,14000,2000000,8318893000000,8318894000000,8318895000000,8318914000000,8318927000000,328167000,104000,13000,800000,14000
1791427100,184498494,753,1747767917,D,N,8318892000000,8318891000000,8318890000000,8318871000000,8318870000000,154599000,90000,13000,14000,2000000,8318893000000,8318894000000,8318895000000,8318914000000,8318927000000,328002000,104000,13000,800000,14000
1791427100,278756467,754,1747767917,D,N,8318892000000,8318891000000,8318890000000,8318871000000,8318870000000,154405000,83000,13000,14000,2000000,8318893000000,8318894000000,8318895000000,8318914000000,8318927000000,331996000,111000,13000,800000,14000
1791427100,375522696,755,1747767917,S,N,8318892000000,8318891000000,8318890000000,8318871000000,8318870000000,154405000,83000,13000,14000,2000000,8318893000000,8318894000000,8318895000000,8318914000000,8318927000000,331996000,111000,13000,800000,14000
1791427100,376595763,756,1747767917,D,N,8318892000000,8318891000000,8318890000000,8318871000000,8318870000000,154405000,83000,13000,14000,2000000,8318893000000,8318894000000,8318895000000,8318914000000,8318927000000,331996000,111000,13000,800000,14000
1791427100,477125207,757,1747767917,D,N,8318892000000,8318891000000,8318890000000,8318871000000,8318870000000,154597000,83000,13000,14000,2000000,8318893000000,8318894000000,8318895000000,8318914000000,8318927000000,332009000,111000,13000,800000,14000
1791427100,573066956,758,1747767917,D,N,8318892000000,8318891000000,8318890000000,8318871000000,8318870000000,154597000,83000,13000,14000,2000000,8318893000000,8318894000000,8318895000000,8318914000000,8318927000000,330807000,111000,13000,800000,14000
1791427100,671031327,759,1747767917,D,N,8318892000000,8318891000000,8318890000000,8318871000000,8318870000000,154597000,83000,13000,14000,2000000,8318893000000,8318894000000,8318895000000,8318914000000,8318927000000,322791000,111000,13000,800000,14000
1791427100,767543787,760,1747767917,S,N,8318892000000,8318891000000,8318890000000,8318871000000,8318870000000,154597000,83000,13000,14000,2000000,8318893000000,8318894000000,8318895000000,8318914000000,8318927000000,322791000,111000,13000,800000,14000
1791427100,770472449,761,1747767917,D,N,8318892000000,8318891000000,8318890000000,8318871000000,8318870000000,154597000,83000,13000,14000,2000000,8318893000000,8318894000000,8318895000000,8318914000000,8318927000000,322791000,111000,13000,800000,14000
1791427100,965193662,762,1747767917,S,N,8318892000000,8318891000000,8318890000000,8318871000000,8318870000000,154597000,83000,13000,14000,2000000,8318893000000,8318894000000,8318895000000,8318914000000,8318927000000,322791000,111000,13000,800000,14000
1791427100,967030676,763,1747767917,D,N,8318892000000,8318891000000,8318890000000,8318871000000,8318870000000,154597000,83000,13000,14000,2000000,8318893000000,8318894000000,8318895000000,8318914000000,8318927000000,322791000,111000,13000,800000,14000
1791427101,61147536,764,1747767917,D,N,8318892000000,8318891000000,8318890000000,8318871000000,8318870000000,156810000,83000,13000,14000,2000000,8318893000000,8318894000000,8318895000000,8318914000000,8318927000000,322578000,111000,13000,800000,14000
1791427101,157934790,765,1747767917,D,N,8318892000000,8318891000000,8318890000000,8318871000000,8318870000000,156817000,83000,13000,14000,2000000,8318893000000,8318894000000,8318895000000,8318914000000,8318927000000,322765000,111000,13000,800000,14000
1791427101,258133504,766,1747767917,D,N,8318892000000,8318891000000,8318890000000,8318871000000,8318870000000,156817000,83000,13000,14000,2000000,8318893000000,8318894000000,8318895000000,8318914000000,8318927000000,322766000,111000,13000,800000,14000
1791427101,359774252,767,1747767917,D,N,8318892000000,8318891000000,8318890000000,8318871000000,8318870000000,337172000,83000,13000,14000,2000000,8318893000000,8318894000000,8318895000000,8318914000000,8318927000000,322585000,111000,13000,800000,14000
1791427101,451575994,768,1747767917,D,N,8318892000000,8318891000000,8318890000000,8318871000000,8318870000000,394143000,83000,13000,14000,2000000,8318893000000,8318894000000,8318895000000,8318914000000,8318927000000,321976000,104000,13000,800000,14000
1791427101,578440807,769,1747767917,D,N,8318892000000,8318891000000,8318890000000,8318871000000,8318870000000,394143000,83000,13000,14000,2000000,8318893000000,8318894000000,8318895000000,8318914000000,8318927000000,321928000,104000,13000,800000,14000
1791427101,651533945,770,1747767917,D,N,8318892000000,8318891000000,8318890000000,8318871000000,8318870000000,337336000,83000,13000,14000,2000000,8318893000000,8318894000000,8318895000000,8318914000000,8318927000000,321928000,104000,13000,800000,14000
1791427101,747861286,771,1747767917,D,N,8318892000000,8318891000000,8318890000000,8318871000000,8318870000000,394307000,83000,13000,14000,2000000,8318893000000,8318894000000,8318895000000,8318914000000,8318927000000,288204000,104000,13000,800000,14000
1791427101,845320368,772,1747767917,S,N,8318892000000,8318891000000,8318890000000,8318871000000,8318870000000,394307000,83000,13000,14000,2000000,8318893000000,8318894000000,8318895000000,8318914000000,8318927000000,288204000,104000,13000,800000,14000
1791427101,847557057,773,1747767917,D,N,8318892000000,8318891000000,8318890000000,8318871000000,8318870000000,394307000,83000,13000,14000,2000000,8318893000000,8318894000000,8318895000000,8318914000000,8318927000000,288204000,104000,13000,800000,14000
1791427101,941098022,774,1747767917,S,N,8318892000000,8318891000000,8318890000000,8318871000000,8318870000000,394307000,83000,13000,14000,2000000,8318893000000,8318894000000,8318895000000,8318914000000,8318927000000,288204000,104000,13000,800000,14000
1791427101,944016514,775,1747767917,D,N,8318892000000,8318891000000,8318890000000,8318871000000,8318870000000,394307000,83000,13000,14000,2000000,8318893000000,8318894000000,8318895000000,8318914000000,8318927000000,288204000,104000,13000,800000,14000
1791427102,38882261,776,1747767917,S,N,8318892000000,8318891000000,8318890000000,8318871000000,8318870000000,394307000,83000,13000,14000,2000000,8318893000000,8318894000000,8318895000000,8318914000000,8318927000000,288204000,104000,13000,800000,14000
1791427102,41543170,777,1747767917,D,N,8318892000000,8318891000000,8318890000000,8318871000000,8318870000000,394307000,83000,13000,14000,2000000,8318893000000,8318894000000,8318895000000,8318914000000,8318927000000,288204000,104000,13000,800000,14000
1791427102,141958981,778,1747767917,D,N,8318892000000,8318891000000,8318890000000,8318868000000,8318801000000,406114000,41000,13000,8000,14000,8318893000000,8318894000000,8318895000000,8318914000000,8318927000000,137792000,104000,13000,800000,14000
1791427102,281168513,779,1747767917,D,N,8318892000000,8318891000000,8318890000000,8318868000000,8318801000000,406149000,34000,13000,8000,14000,8318893000000,8318894000000,8318895000000,8318914000000,8318927000000,137806000,90000,13000,800000,14000
1791427102,332261579,780,1747767917,S,N,8318892000000,8318891000000,8318890000000,8318868000000,8318801000000,406149000,34000,13000,8000,14000,8318893000000,8318894000000,8318895000000,8318914000000,8318927000000,137806000,90000,13000,800000,14000
1791427102,334275205,781,1747767917,D,N,8318892000000,8318891000000,8318890000000,8318868000000,8318801000000,406149000,34000,13000,8000,14000,8318893000000,8318894000000,8318895000000,8318914000000,8318927000000,137806000,90000,13000,800000,14000
1791427102,431486093,782,1747767917,S,N,8318892000000,8318891000000,8318890000000,8318868000000,8318801000000,406149000,34000,13000,8000,14000,8318893000000,8318894000000,8318895000000,8318914000000,8318927000000,137806000,90000,13000,800000,14000
1791427102,432550065,783,1747767917,D,N,8318892000000,8318891000000,8318890000000,8318868000000,8318801000000,406149000,34000,13000,8000,14000,8318893000000,8318894000000,8318895000000,8318914000000,8318927000000,137806000,90000,13000,800000,14000
1791427102,531461059,784,1747767917,D,N,8318892000000,8318891000000,8318890000000,8318868000000,8318801000000,406141000,34000,13000,8000,14000,8318893000000,8318894000000,8318895000000,8318914000000,8318927000000,137806000,90000,13000,800000,14000
1791427102,633871426,785,1747767917,D,N,8318892000000,8318891000000,8318890000000,8318868000000,8318801000000,406148000,41000,13000,8000,14000,8318893000000,8318894000000,8318895000000,8318914000000,8318927000000,137813000,97000,13000,800000,14000
1791427102,723362647,786,1747767917,S,N,8318892000000,8318891000000,8318890000000,8318868000000,8318801000000,406148000,41000,13000,8000,14000,8318893000000,8318894000000,8318895000000,8318914000000,8318927000000,137813000,97000,13000,800000,14000
1791427102,724686256,787,1747767917,D,N,8318892000000,8318891000000,8318890000000,8318868000000,8318801000000,406148000,41000,13000,8000,14000,8318893000000,8318894000000,8318895000000,8318914000000,8318927000000,137813000,97000,13000,800000,14000
1791427102,840338874,788,1747767917,S,N,8318892000000,8318891000000,8318890000000,8318868000000,8318801000000,406148000,41000,13000,8000,14000,8318893000000,8318894000000,8318895000000,8318914000000,8318927000000,137813000,97000,13000,800000,14000
1791427102,842090321,789,1747767917,D,N,8318892000000,8318891000000,8318890000000,8318868000000,8318801000000,406148000,41000,13000,8000,14000,8318893000000,8318894000000,8318895000000,8318914000000,8318927000000,137813000,97000,13000,800000,14000
1791427102,981867533,790,1747767917,D,N,8318892000000,8318891000000,8318890000000,8318868000000,8318801000000,406148000,41000,13000,8000,14000,8318893000000,8318894000000,8318895000000,8318914000000,8318927000000,137606000,97000,13000,800000,14000
1791427103,34351097,791,1747767917,S,N,8318892000000,8318891000000,8318890000000,8318868000000,8318801000000,406148000,41000,13000,8000,14000,8318893000000,8318894000000,8318895000000,8318914000000,8318927000000,137606000,97000,13000,800000,14000
1791427103,234969826,792,1747767917,D,N,8318892000000,8318891000000,8318890000000,8318868000000,8318801000000,406148000,41000,13000,8000,14000,8318893000000,8318894000000,8318895000000,8318914000000,8318927000000,137606000,97000,13000,800000,14000
1791427103,236002016,793,1747767917,S,N,8318892000000,8318891000000,8318890000000,8318868000000,8318801000000,406148000,41000,13000,8000,14000,8318893000000,8318894000000,8318895000000,8318914000000,8318927000000,137606000,97000,13000,800000,14000
1791427103,236582703,794,1747767917,D,N,8318892000000,8318891000000,8318890000000,8318868000000,8318801000000,406148000,41000,13000,8000,14000,8318893000000,8318894000000,8318895000000,8318914000000,8318927000000,137606000,97000,13000,800000,14000
1791427103,237369045,795,1747767917,D,N,8318892000000,8318891000000,8318890000000,8318868000000,8318801000000,406197000,62000,13000,8000,14000,8318893000000,8318894000000,8318895000000,8318914000000,8318927000000,175979000,104000,13000,800000,14000
1791427103,351563493,796,1747767917,D,N,8318892000000,8318891000000,8318890000000,8318868000000,8318801000000,406197000,62000,13000,8000,14000,8318893000000,8318894000000,8318895000000,8318914000000,8318927000000,194403000,111000,13000,800000,14000
1791427103,661351063,797,1747767917,D,N,8318892000000,8318891000000,8318890000000,8318868000000,8318801000000,406218000,62000,13000,8000,14000,8318893000000,8318894000000,8318895000000,8318914000000,8318927000000,250664000,104000,13000,800000,14000
1791427103,666218149,798,1747767917,D,N,8318892000000,8318891000000,8318890000000,8318868000000,8318801000000,406218000,62000,13000,8000,14000,8318893000000,8318894000000,8318895000000,8318914000000,8318927000000,285003000,104000,13000,800000,14000
1791427103,668981446,799,1747767917,S,N,8318892000000,8318891000000,8318890000000,8318868000000,8318801000000,406218000,62000,13000,8000,14000,8318893000000,8318894000000,8318895000000,8318914000000,8318927000000,285003000,104000,13000,800000,14000
1791427103,671561774,800,1747767917,D,N,8318892000000,8318891000000,8318890000000,8318868000000,8318801000000,406218000,62000,13000,8000,14000,8318893000000,8318894000000,8318895000000,8318914000000,8318927000000,285003000,104000,13000,800000,14000
1791427103,742520123,801,1747767917,D,N,8318892000000,8318891000000,8318890000000,8318868000000,8318801000000,406218000,62000,13000,8000,14000,8318893000000,8318894000000,8318895000000,8318914000000,8318927000000,284337000,104000,13000,800000,14000
1791427103,814732676,802,1747767917,D,N,8318892000000,8318891000000,8318890000000,8318868000000,8318801000000,406211000,62000,13000,8000,14000,8318893000000,8318894000000,8318895000000,8318914000000,8318927000000,298891000,104000,13000,800000,14000
1791427103,941135176,803,1747767917,S,N,8318892000000,8318891000000,8318890000000,8318868000000,8318801000000,406211000,62000,13000,8000,14000,8318893000000,8318894000000,8318895000000,8318914000000,8318927000000,298891000,104000,13000,800000,14000
1791427103,943895476,804,1747767917,D,N,8318892000000,8318891000000,8318890000000,8318868000000,8318801000000,406211000,62000,13000,8000,14000,8318893000000,8318894000000,8318895000000,8318914000000,8318927000000,298891000,104000,13000,800000,14000
1791427104,417376,805,1747767917,D,N,8318892000000,8318891000000,8318890000000,8318868000000,8318801000000,406197000,62000,13000,8000,14000,8318893000000,8318894000000,8318895000000,8318914000000,8318927000000,265087000,104000,13000,800000,14000
1791427104,100333376,806,1747767917,D,N,8318892000000,8318891000000,8318890000000,8318868000000,8318801000000,406155000,48000,13000,8000,14000,8318893000000,8318894000000,8318895000000,8318914000000,8318927000000,264485000,104000,13000,800000,14000
1791427104,203662586,807,1747767917,D,N,8318892000000,8318891000000,8318890000000,8318868000000,8318801000000,406162000,55000,13000,8000,14000,8318893000000,8318894000000,8318895000000,8318914000000,8318927000000,264485000,104000,13000,800000,14000
1791427104,463623058,808,1747767917,S,N,8318892000000,8318891000000,8318890000000,8318868000000,8318801000000,406162000,55000,13000,8000,14000,8318893000000,8318894000000,8318895000000,8318914000000,8318927000000,264485000,104000,13000,800000,14000
1791427104,465360797,809,1747767917,D,N,8318892000000,8318891000000,8318890000000,8318868000000,8318801000000,406162000,55000,13000,8000,14000,8318893000000,8318894000000,8318895000000,8318914000000,8318927000000,264485000,104000,13000,800000,14000
1791427104,467428871,810,1747767917,D,N,8318892000000,8318891000000,8318890000000,8318868000000,8318801000000,406162000,55000,13000,8000,14000,8318893000000,8318894000000,8318895000000,8318914000000,8318927000000,264335000,104000,13000,800000,14000
1791427104,530610269,811,1747767917,S,N,8318892000000,8318891000000,8318890000000,8318868000000,8318801000000,406162000,55000,13000,8000,14000,8318893000000,8318894000000,8318895000000,8318914000000,8318927000000,264335000,104000,13000,800000,14000
1791427104,532319485,812,1747767917,D,N,8318892000000,8318891000000,8318890000000,8318868000000,8318801000000,406162000,55000,13000,8000,14000,8318893000000,8318894000000,8318895000000,8318914000000,8318927000000,264335000,104000,13000,800000,14000
1791427104,596676237,813,1747767917,S,N,8318892000000,8318891000000,8318890000000,8318868000000,8318801000000,406162000,55000,13000,8000,14000,8318893000000,8318894000000,8318895000000,8318914000000,8318927000000,264335000,104000,13000,800000,14000
1791427104,598258547,814,1747767917,D,N,8318892000000,8318891000000,8318890000000,8318868000000,8318801000000,406162000,55000,13000,8000,14000,8318893000000,8318894000000,8318895000000,8318914000000,8318927000000,264335000,104000,13000,800000,14000
1791427104,694774296,815,1747767917,D,N,8318892000000,8318891000000,8318890000000,8318868000000,8318801000000,406211000,62000,13000,8000,14000,8318893000000,8318894000000,8318895000000,8318914000000,8318927000000,264368000,104000,13000,800000,14000
1791427104,795071410,816,1747767917,D,N,8318892000000,8318891000000,8318890000000,8318868000000,8318801000000,406211000,62000,13000,8000,14000,8318893000000,8318894000000,8318895000000,8318914000000,8318927000000,264320000,104000,13000,800000,14000
1791427104,894098859,817,1747767917,D,N,8318892000000,8318891000000,8318890000000,8318868000000,8318801000000,406190000,62000,13000,8000,14000,8318893000000,8318894000000,8318895000000,8318914000000,8318927000000,264320000,104000,13000,800000,14000
1791427104,993864694,818,1747767917,D,N,8318892000000,8318891000000,8318890000000,8318868000000,8318801000000,408162000,62000,13000,8000,14000,8318893000000,8318894000000,8318895000000,8318914000000,8318927000000,264320000,104000,13000,800000,14000
1791427105,262360815,819,1747767917,D,N,8318892000000,8318891000000,8318890000000,8318868000000,8318801000000,408169000,62000,13000,8000,14000,8318893000000,8318894000000,8318895000000,8318914000000,8318927000000,264320000,104000,13000,800000,14000
1791427105,264936516,820,1747767917,D,N,8318892000000,8318891000000,8318890000000,8318868000000,8318801000000,408169000,62000,13000,8000,14000,8318893000000,8318894000000,8318895000000,8318914000000,8318927000000,261880000,104000,13000,800000,14000
1791427105,318259333,821,1747767917,D,N,8318892000000,8318891000000,8318890000000,8318868000000,8318801000000,408169000,62000,13000,8000,14000,8318893000000,8318894000000,8318895000000,8318914000000,8318927000000,261695000,104000,13000,800000,14000
1791427105,392606542,822,1747767917,D,N,8318892000000,8318891000000,8318890000000,8318868000000,8318801000000,408183000,62000,13000,8000,14000,8318893000000,8318894000000,8318895000000,8318927000000,8318928000000,213936000,90000,13000,14000,7000
1791427105,492307681,823,1747767917,D,N,8318892000000,8318891000000,8318890000000,8318868000000,8318801000000,408190000,69000,13000,8000,14000,8318893000000,8318894000000,8318895000000,8318927000000,8318928000000,252284000,90000,13000,14000,7000
1791427105,610445088,824,1747767917,D,N,8318892000000,8318891000000,8318890000000,8318868000000,8318801000000,408183000,62000,13000,8000,14000,8318893000000,8318894000000,8318895000000,8318927000000,8318928000000,252284000,90000,13000,14000,7000
1791427105,690458779,825,1747767917,D,N,8318892000000,8318891000000,8318890000000,8318868000000,8318801000000,408136000,62000,13000,8000,14000,8318893000000,8318894000000,8318895000000,8318927000000,8318928000000,252274000,90000,13000,14000,7000
1791427105,789962849,826,1747767917,D,N,8318892000000,8318891000000,8318890000000,8318868000000,8318801000000,408136000,62000,13000,8000,14000,8318893000000,8318894000000,8318895000000,8318927000000,8318928000000,252262000,90000,13000,14000,7000
1791427105,889471094,827,1747767917,S,N,8318892000000,8318891000000,8318890000000,8318868000000,8318801000000,408136000,62000,13000,8000,14000,8318893000000,8318894000000,8318895000000,8318927000000,8318928000000,252262000,90000,13000,14000,7000
1791427105,893096137,828,1747767917,D,N,8318892000000,8318891000000,8318890000000,8318868000000,8318801000000,408136000,62000,13000,8000,14000,8318893000000,8318894000000,8318895000000,8318927000000,8318928000000,252262000,90000,13000,14000,7000
1791427105,989424457,829,1747767917,D,N,8318892000000,8318891000000,8318890000000,8318868000000,8318801000000,408143000,62000,13000,8000,14000,8318893000000,8318894000000,8318895000000,8318927000000,8318928000000,252262000,90000,13000,14000,7000
1791427106,91422638,830,1747767917,S,N,8318892000000,8318891000000,8318890000000,8318868000000,8318801000000,408143000,62000,13000,8000,14000,8318893000000,8318894000000,8318895000000,8318927000000,8318928000000,252262000,90000,13000,14000,7000
1791427106,92833222,831,1747767917,D,N,8318892000000,8318891000000,8318890000000,8318868000000,8318801000000,408143000,62000,13000,8000,14000,8318893000000,8318894000000,8318895000000,8318927000000,8318928000000,252262000,90000,13000,14000,7000
1791427106,188509815,832,1747767917,D,N,8318892000000,8318891000000,8318890000000,8318868000000,8318801000000,408143000,62000,13000,8000,14000,8318893000000,8318894000000,8318895000000,8318927000000,8318928000000,252152000,90000,13000,14000,7000
1791427106,285301340,833,1747767917,S,N,8318892000000,8318891000000,8318890000000,8318868000000,8318801000000,408143000,62000,13000,8000,14000,8318893000000,8318894000000,8318895000000,8318927000000,8318928000000,252152000,90000,13000,14000,7000
1791427106,287826457,834,1747767917,D,N,8318892000000,8318891000000,8318890000000,8318868000000,8318801000000,408143000,62000,13000,8000,14000,8318893000000,8318894000000,8318895000000,8318927000000,8318928000000,252152000,90000,13000,14000,7000
1791427106,386897038,835,1747767917,S,N,8318892000000,8318891000000,8318890000000,8318868000000,8318801000000,408143000,62000,13000,8000,14000,8318893000000,8318894000000,8318895000000,8318927000000,8318928000000,252152000,90000,13000,14000,7000
1791427106,389995571,836,1747767917,D,N,8318892000000,8318891000000,8318890000000,8318868000000,8318801000000,408143000,62000,13000,8000,14000,8318893000000,8318894000000,8318895000000,8318927000000,8318928000000,252152000,90000,13000,14000,7000
1791427106,488739691,837,1747767917,S,N,8318892000000,8318891000000,8318890000000,8318868000000,8318801000000,408143000,62000,13000,8000,14000,8318893000000,8318894000000,8318895000000,8318927000000,8318928000000,252152000,90000,13000,14000,7000
1791427106,491683392,838,1747767917,D,N,8318892000000,8318891000000,8318890000000,8318868000000,8318801000000,408143000,62000,13000,8000,14000,8318893000000,8318894000000,8318895000000,8318927000000,8318928000000,252152000,90000,13000,14000,7000
1791427106,611140451,839,1747767917,S,N,8318892000000,8318891000000,8318890000000,8318868000000,8318801000000,408143000,62000,13000,8000,14000,8318893000000,8318894000000,8318895000000,8318927000000,8318928000000,252152000,90000,13000,14000,7000
1791427106,614373842,840,1747767917,D,N,8318892000000,8318891000000,8318890000000,8318868000000,8318801000000,408143000,62000,13000,8000,14000,8318893000000,8318894000000,8318895000000,8318927000000,8318928000000,252152000,90000,13000,14000,7000
1791427106,685810243,841,1747767917,D,N,8318892000000,8318891000000,8318890000000,8318868000000,8318801000000,408038000,13000,13000,8000,14000,8318893000000,8318894000000,8318895000000,8318927000000,8318928000000,156801000,90000,13000,14000,7000
1791427106,793271877,842,1747767917,D,N,8318892000000,8318891000000,8318890000000,8318868000000,8318801000000,446417000,13000,13000,8000,14000,8318893000000,8318894000000,8318895000000,8318927000000,8318928000000,156801000,90000,13000,14000,7000
1791427106,912818078,843,1747767917,D,N,8318892000000,8318891000000,8318890000000,8318868000000,8318801000000,408038000,13000,13000,8000,14000,8318893000000,8318894000000,8318895000000,8318927000000,8318928000000,165354000,90000,13000,14000,7000
1791427106,995580887,844,1747767917,D,N,8318892000000,8318891000000,8318890000000,8318868000000,8318801000000,408038000,13000,13000,8000,14000,8318893000000,8318894000000,8318895000000,8318927000000,8318928000000,165402000,90000,13000,14000,7000
1791427107,81241483,845,1747767917,S,N,8318892000000,8318891000000,8318890000000,8318868000000,8318801000000,408038000,13000,13000,8000,14000,8318893000000,8318894000000,8318895000000,8318927000000,8318928000000,165402000,90000,13000,14000,7000
1791427107,83950153,846,1747767917,D,N,8318892000000,8318891000000,8318890000000,8318868000000,8318801000000,408038000,13000,13000,8000,14000,8318893000000,8318894000000,8318895000000,8318927000000,8318928000000,165402000,90000,13000,14000,7000
1791427107,205056404,847,1747767917,D,N,8318892000000,8318891000000,8318890000000,8318868000000,8318801000000,408038000,13000,13000,8000,14000,8318893000000,8318894000000,8318895000000,8318927000000,8318928000000,161402000,90000,13000,14000,7000
1791427107,281739214,848,1747767917,D,N,8318892000000,8318891000000,8318890000000,8318868000000,8318801000000,408038000,13000,13000,8000,14000,8318893000000,8318894000000,8318895000000,8318927000000,8318928000000,161956000,90000,13000,14000,7000
1791427107,396640051,849,1747767917,S,N,8318892000000,8318891000000,8318890000000,8318868000000,8318801000000,408038000,13000,13000,8000,14000,8318893000000,8318894000000,8318895000000,8318927000000,8318928000000,161956000,90000,13000,14000,7000
1791427107,399584845,850,1747767917,D,N,8318892000000,8318891000000,8318890000000,8318868000000,8318801000000,408038000,13000,13000,8000,14000,8318893000000,8318894000000,8318895000000,8318927000000,8318928000000,161956000,90000,13000,14000,7000
1791427107,484720423,851,1747767917,D,N,8318892000000,8318891000000,8318890000000,8318868000000,8318801000000,408038000,13000,13000,8000,14000,8318893000000,8318894000000,8318895000000,8318927000000,8318928000000,119947000,76000,13000,14000,7000
1791427107,597999993,852,1747767917,D,N,8318892000000,8318891000000,8318890000000,8318868000000,8318801000000,408094000,62000,13000,8000,14000,8318893000000,8318894000000,8318895000000,8318927000000,8318928000000,158327000,76000,13000,14000,7000
1791427108,45727963,853,1747767917,D,N,8318892000000,8318891000000,8318890000000,8318868000000,8318801000000,408073000,41000,13000,8000,14000,8318893000000,8318894000000,8318895000000,8318927000000,8318928000000,158409000,76000,13000,14000,7000
1791427108,49332136,854,1747767917,D,N,8318892000000,8318891000000,8318890000000,8318868000000,8318801000000,408073000,62000,13000,8000,14000,8318893000000,8318894000000,8318895000000,8318927000000,8318928000000,158416000,83000,13000,14000,7000
1791427108,51144309,855,1747767917,D,N,8318892000000,8318891000000,8318890000000,8318868000000,8318801000000,408080000,62000,13000,8000,14000,8318893000000,8318894000000,8318895000000,8318927000000,8318928000000,120030000,83000,13000,14000,7000
1791427108,53489054,856,1747767917,D,N,8318892000000,8318891000000,8318890000000,8318868000000,8318801000000,408080000,62000,13000,8000,14000,8318893000000,8318894000000,8318895000000,8318927000000,8318928000000,120007000,83000,13000,14000,7000
1791427108,120623842,857,1747767917,D,N,8318892000000,8318891000000,8318890000000,8318868000000,8318801000000,408087000,69000,13000,8000,14000,8318893000000,8318894000000,8318895000000,8318927000000,8318928000000,120007000,83000,13000,14000,7000
1791427108,174382435,858,1747767917,S,N,8318892000000,8318891000000,8318890000000,8318868000000,8318801000000,408087000,69000,13000,8000,14000,8318893000000,8318894000000,8318895000000,8318927000000,8318928000000,120007000,83000,13000,14000,7000
1791427108,177217614,859,1747767917,D,N,8318892000000,8318891000000,8318890000000,8318868000000,8318801000000,408087000,69000,13000,8000,14000,8318893000000,8318894000000,8318895000000,8318927000000,8318928000000,120007000,83000,13000,14000,7000
1791427108,274906530,860,1747767917,D,N,8318892000000,8318891000000,8318890000000,8318868000000,8318801000000,408080000,62000,13000,8000,14000,8318893000000,8318894000000,8318895000000,8318927000000,8318928000000,120007000,83000,13000,14000,7000
1791427108,373522949,861,1747767917,S,N,8318892000000,8318891000000,8318890000000,8318868000000,8318801000000,408080000,62000,13000,8000,14000,8318893000000,8318894000000,8318895000000,8318927000000,8318928000000,120007000,83000,13000,14000,7000
1791427108,376119818,862,1747767917,D,N,8318892000000,8318891000000,8318890000000,8318868000000,8318801000000,408080000,62000,13000,8000,14000,8318893000000,8318894000000,8318895000000,8318927000000,8318928000000,120007000,83000,13000,14000,7000
1791427108,473685703,863,1747767917,D,N,8318892000000,8318891000000,8318890000000,8318868000000,8318801000000,408052000,41000,13000,8000,14000,8318893000000,8318894000000,8318895000000,8318927000000,8318928000000,158380000,83000,13000,14000,7000
1791427108,573791910,864,1747767917,D,N,8318892000000,8318891000000,8318890000000,8318868000000,8318801000000,408101000,62000,13000,8000,14000,8318893000000,8318894000000,8318895000000,8318927000000,8318928000000,213127000,83000,13000,14000,7000
1791427108,672613646,865,1747767917,D,N,8318892000000,8318891000000,8318890000000,8318868000000,8318801000000,408094000,62000,13000,8000,14000,8318893000000,8318894000000,8318895000000,8318927000000,8318928000000,213127000,83000,13000,14000,7000
1791427108,772096052,866,1747767917,D,N,8318892000000,8318891000000,8318890000000,8318868000000,8318801000000,408070000,62000,13000,8000,14000,8318893000000,8318894000000,8318895000000,8318927000000,8318928000000,213127000,83000,13000,14000,7000
1791427108,872538060,867,1747767917,D,N,8318892000000,8318891000000,8318890000000,8318868000000,8318801000000,408084000,62000,13000,8000,14000,8318893000000,8318894000000,8318895000000,8318927000000,8318928000000,213127000,83000,13000,14000,7000
1791427108,970131970,868,1747767917,D,N,8318892000000,8318891000000,8318890000000,8318868000000,8318801000000,408077000,62000,13000,8000,14000,8318893000000,8318894000000,8318895000000,8318927000000,8318928000000,221763000,83000,13000,14000,7000
1791427109,70413084,869,1747767917,D,N,8318892000000,8318891000000,8318890000000,8318868000000,8318801000000,408077000,62000,13000,8000,14000,8318893000000,8318894000000,8318895000000,8318927000000,8318928000000,221722000,90000,13000,14000,7000
1791427109,166315963,870,1747767917,S,N,8318892000000,8318891000000,8318890000000,8318868000000,8318801000000,408077000,62000,13000,8000,14000,8318893000000,8318894000000,8318895000000,8318927000000,8318928000000,221722000,90000,13000,14000,7000
1791427109,168217478,871,1747767917,D,N,8318892000000,8318891000000,8318890000000,8318868000000,8318801000000,408077000,62000,13000,8000,14000,8318893000000,8318894000000,8318895000000,8318927000000,8318928000000,221722000,90000,13000,14000,7000
1791427109,267938592,872,1747767917,D,N,8318892000000,8318891000000,8318890000000,8318868000000,8318801000000,408049000,55000,13000,8000,14000,8318893000000,8318894000000,8318895000000,8318927000000,8318928000000,221722000,90000,13000,14000,7000
1791427109,367478737,873,1747767917,D,N,8318892000000,8318891000000,8318890000000,8318868000000,8318801000000,408084000,62000,13000,8000,14000,8318893000000,8318894000000,8318895000000,8318927000000,8318928000000,221736000,97000,13000,14000,7000
1791427109,466041789,874,1747767917,D,N,8318892000000,8318891000000,8318890000000,8318868000000,8318801000000,408049000,55000,13000,8000,14000,8318893000000,8318894000000,8318895000000,8318927000000,8318928000000,221736000,97000,13000,14000,7000
1791427109,566137065,875,1747767917,D,N,8318892000000,8318891000000,8318890000000,8318868000000,8318801000000,408064000,62000,13000,8000,14000,8318893000000,8318894000000,8318895000000,8318927000000,8318928000000,221586000,97000,13000,14000,7000
1791427109,666020465,876,1747767917,D,N,8318892000000,8318891000000,8318890000000,8318868000000,8318801000000,407943000,62000,13000,8000,14000,8318893000000,8318894000000,8318895000000,8318927000000,8318928000000,221736000,97000,13000,14000,7000
1791427109,770280410,877,1747767917,D,N,8318892000000,8318891000000,8318890000000,8318868000000,8318801000000,408064000,62000,13000,8000,14000,8318893000000,8318894000000,8318895000000,8318927000000,8318928000000,221736000,97000,13000,14000,7000
1791427109,862601079,878,1747767917,D,N,8318892000000,8318891000000,8318890000000,8318868000000,8318801000000,408029000,55000,13000,8000,14000,8318893000000,8318894000000,8318895000000,8318927000000,8318928000000,221736000,97000,13000,14000,7000
1791427109,963702863,879,1747767917,S,N,8318892000000,8318891000000,8318890000000,8318868000000,8318801000000,408029000,55000,13000,8000,14000,8318893000000,8318894000000,8318895000000,8318927000000,8318928000000,221736000,97000,13000,14000,7000
1791427109,965955086,880,1747767917,D,N,8318892000000,8318891000000,8318890000000,8318868000000,8318801000000,408029000,55000,13000,8000,14000,8318893000000,8318894000000,8318895000000,8318927000000,8318928000000,221736000,97000,13000,14000,7000
1791427110,62188301,881,1747767917,D,N,8318892000000,8318891000000,8318890000000,8318868000000,8318801000000,408015000,41000,13000,8000,14000,8318893000000,8318894000000,8318895000000,8318927000000,8318928000000,221717000,97000,13000,14000,7000
1791427110,171449785,882,1747767917,D,N,8318892000000,8318891000000,8318890000000,8318868000000,8318801000000,408029000,55000,13000,8000,14000,8318893000000,8318894000000,8318895000000,8318927000000,8318928000000,221717000,97000,13000,14000,7000
1791427110,260801113,883,1747767917,D,N,8318892000000,8318891000000,8318890000000,8318868000000,8318801000000,408029000,55000,13000,8000,14000,8318893000000,8318894000000,8318895000000,8318927000000,8318928000000,222319000,97000,13000,14000,7000
1791427110,365585083,884,1747767917,D,N,8318892000000,8318891000000,8318890000000,8318868000000,8318801000000,408015000,41000,13000,8000,14000,8318893000000,8318894000000,8318895000000,8318927000000,8318928000000,222319000,97000,13000,14000,7000
1791427110,461622322,885,1747767917,D,N,8318892000000,8318891000000,8318890000000,8318868000000,8318801000000,408029000,55000,13000,8000,14000,8318893000000,8318894000000,8318895000000,8318927000000,8318928000000,222319000,97000,13000,14000,7000
1791427110,560287735,886,1747767917,D,N,8318892000000,8318891000000,8318890000000,8318868000000,8318801000000,408115000,41000,13000,8000,14000,8318893000000,8318894000000,8318895000000,8318927000000,8318928000000,222319000,97000,13000,14000,7000
1791427110,660040054,887,1747767917,S,N,8318892000000,8318891000000,8318890000000,8318868000000,8318801000000,408115000,41000,13000,8000,14000,8318893000000,8318894000000,8318895000000,8318927000000,8318928000000,222319000,97000,13000,14000,7000
1791427110,661787035,888,1747767917,D,N,8318892000000,8318891000000,8318890000000,8318868000000,8318801000000,408115000,41000,13000,8000,14000,8318893000000,8318894000000,8318895000000,8318927000000,8318928000000,222319000,97000,13000,14000,7000
1791427110,758254286,889,1747767917,S,N,8318892000000,8318891000000,8318890000000,8318868000000,8318801000000,408115000,41000,13000,8000,14000,8318893000000,8318894000000,8318895000000,8318927000000,8318928000000,222319000,97000,13000,14000,7000
1791427110,759785019,890,1747767917,D,N,8318892000000,8318891000000,8318890000000,8318868000000,8318801000000,408115000,41000,13000,8000,14000,8318893000000,8318894000000,8318895000000,8318927000000,8318928000000,222319000,97000,13000,14000,7000
1791427110,885798100,891,1747767917,S,N,8318892000000,8318891000000,8318890000000,8318868000000,8318801000000,408115000,41000,13000,8000,14000,8318893000000,8318894000000,8318895000000,8318927000000,8318928000000,222319000,97000,13000,14000,7000
1791427110,887472336,892,1747767917,D,N,8318892000000,8318891000000,8318890000000,8318868000000,8318801000000,408115000,41000,13000,8000,14000,8318893000000,8318894000000,8318895000000,8318927000000,8318928000000,222319000,97000,13000,14000,7000
1791427110,956309881,893,1747767917,D,N,8318892000000,8318891000000,8318890000000,8318868000000,8318801000000,407332000,62000,13000,8000,14000,8318893000000,8318894000000,8318895000000,8318927000000,8318928000000,222319000,97000,13000,14000,7000
1791427111,60876410,894,1747767917,S,N,8318892000000,8318891000000,8318890000000,8318868000000,8318801000000,407332000,62000,13000,8000,14000,8318893000000,8318894000000,8318895000000,8318927000000,8318928000000,222319000,97000,13000,14000,7000
1791427111,62445801,895,1747767917,D,N,8318892000000,8318891000000,8318890000000,8318868000000,8318801000000,407332000,62000,13000,8000,14000,8318893000000,8318894000000,8318895000000,8318927000000,8318928000000,222319000,97000,13000,14000,7000
1791427111,164538890,896,1747767917,S,N,8318892000000,8318891000000,8318890000000,8318868000000,8318801000000,407332000,62000,13000,8000,14000,8318893000000,8318894000000,8318895000000,8318927000000,8318928000000,222319000,97000,13000,14000,7000
1791427111,166246218,897,1747767917,D,N,8318892000000,8318891000000,8318890000000,8318868000000,8318801000000,407332000,62000,13000,8000,14000,8318893000000,8318894000000,8318895000000,8318927000000,8318928000000,222319000,97000,13000,14000,7000
1791427111,256916105,898,1747767917,D,N,8318892000000,8318891000000,8318890000000,8318868000000,8318801000000,407325000,55000,13000,8000,14000,8318893000000,8318894000000,8318895000000,8318927000000,8318928000000,222319000,97000,13000,14000,7000
1791427111,374523823,899,1747767917,S,N,8318892000000,8318891000000,8318890000000,8318868000000,8318801000000,407325000,55000,13000,8000,14000,8318893000000,8318894000000,8318895000000,8318927000000,8318928000000,222319000,97000,13000,14000,7000
1791427111,377386232,900,1747767917,D,N,8318892000000,8318891000000,8318890000000,8318868000000,8318801000000,407325000,55000,13000,8000,14000,8318893000000,8318894000000,8318895000000,8318927000000,8318928000000,222319000,97000,13000,14000,7000
1791427111,454413589,901,1747767917,D,N,8318892000000,8318891000000,8318890000000,8318868000000,8318801000000,407297000,27000,13000,8000,14000,8318893000000,8318894000000,8318895000000,8318927000000,8318928000000,222319000,97000,13000,14000,7000
1791427111,577678249,902,1747767917,D,N,8318892000000,8318891000000,8318890000000,8318868000000,8318801000000,407318000,48000,13000,8000,14000,8318893000000,8318894000000,8318895000000,8318927000000,8318928000000,222169000,97000,13000,14000,7000
1791427111,654371891,903,1747767917,S,N,8318892000000,8318891000000,8318890000000,8318868000000,8318801000000,407318000,48000,13000,8000,14000,8318893000000,8318894000000,8318895000000,8318927000000,8318928000000,222169000,97000,13000,14000,7000
1791427111,656785406,904,1747767917,D,N,8318892000000,8318891000000,8318890000000,8318868000000,8318801000000,407318000,48000,13000,8000,14000,8318893000000,8318894000000,8318895000000,8318927000000,8318928000000,222169000,97000,13000,14000,7000
1791427111,770765497,905,1747767917,S,N,8318892000000,8318891000000,8318890000000,8318868000000,8318801000000,407318000,48000,13000,8000,14000,8318893000000,8318894000000,8318895000000,8318927000000,8318928000000,222169000,97000,13000,14000,7000
1791427111,772863783,906,1747767917,D,N,8318892000000,8318891000000,8318890000000,8318868000000,8318801000000,407318000,48000,13000,8000,14000,8318893000000,8318894000000,8318895000000,8318927000000,8318928000000,222169000,97000,13000,14000,7000
1791427111,881002782,907,1747767917,D,N,8318892000000,8318891000000,8318890000000,8318868000000,8318801000000,407311000,41000,13000,8000,14000,8318893000000,8318894000000,8318895000000,8318927000000,8318928000000,222319000,97000,13000,14000,7000
1791427111,960304424,908,1747767917,D,N,8318892000000,8318891000000,8318890000000,8318868000000,8318801000000,407318000,48000,13000,8000,14000,8318893000000,8318894000000,8318895000000,8318927000000,8318928000000,222319000,97000,13000,14000,7000
1791427112,127292500,909,1747767917,D,N,8318892000000,8318891000000,8318890000000,8318868000000,8318801000000,407325000,55000,13000,8000,14000,8318893000000,8318894000000,8318895000000,8318927000000,8318928000000,222169000,97000,13000,14000,7000
1791427112,166661964,910,1747767917,D,N,8318892000000,8318891000000,8318890000000,8318868000000,8318801000000,407318000,48000,13000,8000,14000,8318893000000,8318894000000,8318895000000,8318927000000,8318928000000,222169000,97000,13000,14000,7000
1791427112,284082569,911,1747767917,S,N,8318892000000,8318891000000,8318890000000,8318868000000,8318801000000,407318000,48000,13000,8000,14000,8318893000000,8318894000000,8318895000000,8318927000000,8318928000000,222169000,97000,13000,14000,7000
1791427112,285579063,912,1747767917,D,N,8318892000000,8318891000000,8318890000000,8318868000000,8318801000000,407318000,48000,13000,8000,14000,8318893000000,8318894000000,8318895000000,8318927000000,8318928000000,222169000,97000,13000,14000,7000
1791427112,356813273,913,1747767917,D,N,8318892000000,8318891000000,8318890000000,8318868000000,8318801000000,407318000,48000,13000,8000,14000,8318893000000,8318894000000,8318895000000,8318927000000,8318928000000,222319000,97000,13000,14000,7000
1791427112,432159376,914,1747767917,D,N,8318892000000,8318891000000,8318890000000,8318868000000,8318801000000,407353000,62000,13000,8000,14000,8318893000000,8318894000000,8318895000000,8318927000000,8318928000000,222319000,97000,13000,14000,7000
1791427112,527537130,915,1747767917,D,N,8318892000000,8318891000000,8318890000000,8318868000000,8318801000000,407318000,48000,13000,8000,14000,8318893000000,8318894000000,8318895000000,8318927000000,8318928000000,222319000,97000,13000,14000,7000
1791427112,623135930,916,1747767917,D,N,8318892000000,8318891000000,8318890000000,8318868000000,8318801000000,407360000,62000,13000,8000,14000,8318893000000,8318894000000,8318895000000,8318927000000,8318928000000,222319000,97000,13000,14000,7000
1791427112,719676723,917,1747767917,D,N,8318892000000,8318891000000,8318890000000,8318868000000,8318801000000,407353000,62000,13000,8000,14000,8318893000000,8318894000000,8318895000000,8318927000000,8318928000000,222319000,97000,13000,14000,7000
1791427112,809467497,918,1747767917,S,N,8318892000000,8318891000000,8318890000000,8318868000000,8318801000000,407353000,62000,13000,8000,14000,8318893000000,8318894000000,8318895000000,8318927000000,8318928000000,222319000,97000,13000,14000,7000
1791427112,812161639,919,1747767917,D,N,8318892000000,8318891000000,8318890000000,8318868000000,8318801000000,407353000,62000,13000,8000,14000,8318893000000,8318894000000,8318895000000,8318927000000,8318928000000,222319000,97000,13000,14000,7000
1791427112,904865243,920,1747767917,D,N,8318892000000,8318891000000,8318890000000,8318868000000,8318801000000,407318000,48000,13000,8000,14000,8318893000000,8318894000000,8318895000000,8318927000000,8318928000000,165341000,97000,13000,14000,7000
1791427113,853986,921,1747767917,D,N,8318892000000,8318891000000,8318890000000,8318868000000,8318801000000,407332000,62000,13000,8000,14000,8318893000000,8318894000000,8318895000000,8318927000000,8318928000000,222306000,97000,13000,14000,7000
1791427113,94636134,922,1747767917,D,N,8318892000000,8318891000000,8318890000000,8318868000000,8318801000000,407318000,48000,13000,8000,14000,8318893000000,8318894000000,8318895000000,8318927000000,8318928000000,222283000,97000,13000,14000,7000
1791427113,187634246,923,1747767917,D,N,8318892000000,8318891000000,8318890000000,8318868000000,8318801000000,407332000,62000,13000,8000,14000,8318893000000,8318894000000,8318895000000,8318927000000,8318928000000,222296000,97000,13000,14000,7000
1791427113,281229674,924,1747767917,S,N,8318892000000,8318891000000,8318890000000,8318868000000,8318801000000,407332000,62000,13000,8000,14000,8318893000000,8318894000000,8318895000000,8318927000000,8318928000000,222296000,97000,13000,14000,7000
1791427113,283841207,925,1747767917,D,N,8318892000000,8318891000000,8318890000000,8318868000000,8318801000000,407332000,62000,13000,8000,14000,8318893000000,8318894000000,8318895000000,8318927000000,8318928000000,222296000,97000,13000,14000,7000
1791427113,375051618,926,1747767917,S,N,8318892000000,8318891000000,8318890000000,8318868000000,8318801000000,407332000,62000,13000,8000,14000,8318893000000,8318894000000,8318895000000,8318927000000,8318928000000,222296000,97000,13000,14000,7000
1791427113,377726616,927,1747767917,D,N,8318892000000,8318891000000,8318890000000,8318868000000,8318801000000,407332000,62000,13000,8000,14000,8318893000000,8318894000000,8318895000000,8318927000000,8318928000000,222296000,97000,13000,14000,7000
1791427113,480426714,928,1747767917,S,N,8318892000000,8318891000000,8318890000000,8318868000000,8318801000000,407332000,62000,13000,8000,14000,8318893000000,8318894000000,8318895000000,8318927000000,8318928000000,222296000,97000,13000,14000,7000
1791427113,482908580,929,1747767917,D,N,8318892000000,8318891000000,8318890000000,8318868000000,8318801000000,407332000,62000,13000,8000,14000,8318893000000,8318894000000,8318895000000,8318927000000,8318928000000,222296000,97000,13000,14000,7000
1791427113,563144104,930,1747767917,D,N,8318892000000,8318891000000,8318890000000,8318868000000,8318801000000,430342000,41000,13000,8000,14000,8318893000000,8318894000000,8318895000000,8318927000000,8318928000000,199342000,97000,13000,14000,7000
1791427113,658492341,931,1747767917,D,N,8318892000000,8318891000000,8318890000000,8318868000000,8318801000000,430356000,55000,13000,8000,14000,8318893000000,8318894000000,8318895000000,8318927000000,8318928000000,199342000,97000,13000,14000,7000
1791427113,752067022,932,1747767917,D,N,8318892000000,8318891000000,8318890000000,8318868000000,8318801000000,430176000,55000,13000,8000,14000,8318893000000,8318894000000,8318895000000,8318927000000,8318928000000,199342000,97000,13000,14000,7000
1791427113,846616513,933,1747767917,D,N,8318892000000,8318891000000,8318890000000,8318868000000,8318801000000,430176000,55000,13000,8000,14000,8318893000000,8318894000000,8318895000000,8318927000000,8318928000000,199330000,97000,13000,14000,7000
1791427113,945036953,934,1747767917,D,N,8318892000000,8318891000000,8318890000000,8318868000000,8318801000000,430162000,41000,13000,8000,14000,8318893000000,8318894000000,8318895000000,8318927000000,8318928000000,199330000,97000,13000,14000,7000
1791427114,55818157,935,1747767917,D,N,8318892000000,8318891000000,8318890000000,8318868000000,8318801000000,430176000,55000,13000,8000,14000,8318893000000,8318894000000,8318895000000,8318927000000,8318928000000,199330000,97000,13000,14000,7000
1791427114,127685705,936,1747767917,S,N,8318892000000,8318891000000,8318890000000,8318868000000,8318801000000,430176000,55000,13000,8000,14000,8318893000000,8318894000000,8318895000000,8318927000000,8318928000000,199330000,97000,13000,14000,7000
1791427114,128531415,937,1747767917,D,N,8318892000000,8318891000000,8318890000000,8318868000000,8318801000000,430176000,55000,13000,8000,14000,8318893000000,8318894000000,8318895000000,8318927000000,8318928000000,199330000,97000,13000,14000,7000
1791427114,226134719,938,1747767917,D,N,8318892000000,8318891000000,8318890000000,8318868000000,8318801000000,430169000,48000,13000,8000,14000,8318893000000,8318894000000,8318895000000,8318927000000,8318928000000,199330000,97000,13000,14000,7000
1791427114,318273354,939,1747767917,D,N,8318892000000,8318891000000,8318890000000,8318868000000,8318801000000,430176000,55000,13000,8000,14000,8318893000000,8318894000000,8318895000000,8318927000000,8318928000000,199330000,97000,13000,14000,7000
1791427114,413002021,940,1747767917,D,N,8318892000000,8318891000000,8318890000000,8318868000000,8318801000000,430225000,62000,13000,8000,14000,8318893000000,8318894000000,8318895000000,8318927000000,8318928000000,199330000,97000,13000,14000,7000
1791427114,541926175,941,1747767917,D,N,8318892000000,8318891000000,8318890000000,8318868000000,8318801000000,430169000,48000,13000,8000,14000,8318893000000,8318894000000,8318895000000,8318927000000,8318928000000,198542000,97000,13000,14000,7000
1791427114,600379313,942,1747767917,D,N,8318892000000,8318891000000,8318890000000,8318868000000,8318801000000,430197000,62000,13000,8000,14000,8318893000000,8318894000000,8318895000000,8318927000000,8318928000000,198542000,97000,13000,14000,7000
1791427114,731546559,943,1747767917,D,N,8318892000000,8318891000000,8318890000000,8318868000000,8318801000000,430169000,48000,13000,8000,14000,8318893000000,8318894000000,8318895000000,8318927000000,8318928000000,198542000,97000,13000,14000,7000
1791427114,790379361,944,1747767917,S,N,8318892000000,8318891000000,8318890000000,8318868000000,8318801000000,430169000,48000,13000,8000,14000,8318893000000,8318894000000,8318895000000,8318927000000,8318928000000,198542000,97000,13000,14000,7000
1791427114,793661482,945,1747767917,D,N,8318892000000,8318891000000,8318890000000,8318868000000,8318801000000,430169000,48000,13000,8000,14000,8318893000000,8318894000000,8318895000000,8318927000000,8318928000000,198542000,97000,13000,14000,7000
1791427114,883646331,946,1747767917,S,N,8318892000000,8318891000000,8318890000000,8318868000000,8318801000000,430169000,48000,13000,8000,14000,8318893000000,8318894000000,8318895000000,8318927000000,8318928000000,198542000,97000,13000,14000,7000
1791427114,886117824,947,1747767917,D,N,8318892000000,8318891000000,8318890000000,8318868000000,8318801000000,430169000,48000,13000,8000,14000,8318893000000,8318894000000,8318895000000,8318927000000,8318928000000,198542000,97000,13000,14000,7000
1791427114,980161473,948,1747767917,D,N,8318892000000,8318891000000,8318890000000,8318868000000,8318801000000,430162000,41000,13000,8000,14000,8318893000000,8318894000000,8318895000000,8318927000000,8318928000000,198542000,97000,13000,14000,7000
1791427115,74582146,949,1747767917,D,N,8318892000000,8318891000000,8318890000000,8318868000000,8318801000000,430162000,41000,13000,8000,14000,8318893000000,8318894000000,8318895000000,8318927000000,8318928000000,198630000,97000,13000,14000,7000
1791427115,212235645,950,1747767917,D,N,8318892000000,8318891000000,8318890000000,8318868000000,8318801000000,430176000,55000,13000,8000,14000,8318893000000,8318894000000,8318895000000,8318927000000,8318928000000,198630000,97000,13000,14000,7000
1791427115,261116747,951,1747767917,D,N,8318892000000,8318891000000,8318890000000,8318868000000,8318801000000,430162000,41000,13000,8000,14000,8318893000000,8318894000000,8318895000000,8318927000000,8318928000000,198518000,97000,13000,14000,7000
1791427115,379600713,952,1747767917,D,N,8318892000000,8318891000000,8318890000000,8318868000000,8318801000000,430225000,62000,13000,8000,14000,8318893000000,8318894000000,8318895000000,8318927000000,8318928000000,260055000,97000,13000,14000,7000
1791427115,455486040,953,1747767917,D,N,8318892000000,8318891000000,8318890000000,8318868000000,8318801000000,430225000,62000,13000,8000,14000,8318893000000,8318894000000,8318895000000,8318927000000,8318928000000,226366000,97000,13000,14000,7000
1791427115,587214199,954,1747767917,D,N,8318892000000,8318891000000,8318890000000,8318868000000,8318801000000,373247000,62000,13000,8000,14000,8318893000000,8318894000000,8318895000000,8318927000000,8318928000000,260096000,97000,13000,14000,7000
1791427115,638076230,955,1747767917,S,N,8318892000000,8318891000000,8318890000000,8318868000000,8318801000000,373247000,62000,13000,8000,14000,8318893000000,8318894000000,8318895000000,8318927000000,8318928000000,260096000,97000,13000,14000,7000
1791427115,640216531,956,1747767917,D,N,8318892000000,8318891000000,8318890000000,8318868000000,8318801000000,373247000,62000,13000,8000,14000,8318893000000,8318894000000,8318895000000,8318927000000,8318928000000,260096000,97000,13000,14000,7000
1791427115,772243348,957,1747767917,D,N,8318892000000,8318891000000,8318890000000,8318868000000,8318801000000,373133000,62000,13000,8000,14000,8318893000000,8318894000000,8318895000000,8318927000000,8318928000000,281290000,97000,13000,14000,7000
1791427115,828613899,958,1747767917,D,N,8318892000000,8318891000000,8318890000000,8318868000000,8318801000000,373140000,62000,13000,8000,14000,8318893000000,8318894000000,8318895000000,8318927000000,8318928000000,295804000,90000,13000,14000,7000
1791427115,943143740,959,1747767917,S,N,8318892000000,8318891000000,8318890000000,8318868000000,8318801000000,373140000,62000,13000,8000,14000,8318893000000,8318894000000,8318895000000,8318927000000,8318928000000,295804000,90000,13000,14000,7000
1791427115,943960215,960,1747767917,D,N,8318892000000,8318891000000,8318890000000,8318868000000,8318801000000,373140000,62000,13000,8000,14000,8318893000000,8318894000000,8318895000000,8318927000000,8318928000000,295804000,90000,13000,14000,7000
1791427116,51745979,961,1747767917,D,N,8318892000000,8318891000000,8318890000000,8318868000000,8318801000000,339390000,62000,13000,8000,14000,8318893000000,8318894000000,8318895000000,8318927000000,8318928000000,295817000,90000,13000,14000,7000
1791427116,121429848,962,1747767917,S,N,8318892000000,8318891000000,8318890000000,8318868000000,8318801000000,339390000,62000,13000,8000,14000,8318893000000,8318894000000,8318895000000,8318927000000,8318928000000,295817000,90000,13000,14000,7000
1791427116,122186440,963,1747767917,D,N,8318892000000,8318891000000,8318890000000,8318868000000,8318801000000,339390000,62000,13000,8000,14000,8318893000000,8318894000000,8318895000000,8318927000000,8318928000000,295817000,90000,13000,14000,7000
1791427116,278845856,964,1747767917,S,N,8318892000000,8318891000000,8318890000000,8318868000000,8318801000000,339390000,62000,13000,8000,14000,8318893000000,8318894000000,8318895000000,8318927000000,8318928000000,295817000,90000,13000,14000,7000
1791427116,279649601,965,1747767917,D,N,8318892000000,8318891000000,8318890000000,8318868000000,8318801000000,339390000,62000,13000,8000,14000,8318893000000,8318894000000,8318895000000,8318927000000,8318928000000,295817000,90000,13000,14000,7000
1791427116,306487287,966,1747767917,D,N,8318892000000,8318891000000,8318890000000,8318868000000,8318801000000,373133000,62000,13000,8000,14000,8318893000000,8318894000000,8318895000000,8318927000000,8318928000000,295817000,90000,13000,14000,7000
1791427116,456062757,967,1747767917,S,N,8318892000000,8318891000000,8318890000000,8318868000000,8318801000000,373133000,62000,13000,8000,14000,8318893000000,8318894000000,8318895000000,8318927000000,8318928000000,295817000,90000,13000,14000,7000
1791427116,457097355,968,1747767917,D,N,8318892000000,8318891000000,8318890000000,8318868000000,8318801000000,373133000,62000,13000,8000,14000,8318893000000,8318894000000,8318895000000,8318927000000,8318928000000,295817000,90000,13000,14000,7000
1791427116,486877860,969,1747767917,D,N,8318892000000,8318891000000,8318890000000,8318868000000,8318801000000,373133000,62000,13000,8000,14000,8318893000000,8318894000000,8318895000000,8318927000000,8318928000000,295215000,90000,13000,14000,7000
1791427116,580704518,970,1747767917,S,N,8318892000000,8318891000000,8318890000000,8318868000000,8318801000000,373133000,62000,13000,8000,14000,8318893000000,8318894000000,8318895000000,8318927000000,8318928000000,295215000,90000,13000,14000,7000
1791427116,581694322,971,1747767917,D,N,8318892000000,8318891000000,8318890000000,8318868000000,8318801000000,373133000,62000,13000,8000,14000,8318893000000,8318894000000,8318895000000,8318927000000,8318928000000,295215000,90000,13000,14000,7000
1791427116,675113309,972,1747767917,S,N,8318892000000,8318891000000,8318890000000,8318868000000,8318801000000,373133000,62000,13000,8000,14000,8318893000000,8318894000000,8318895000000,8318927000000,8318928000000,295215000,90000,13000,14000,7000
1791427116,676673175,973,1747767917,D,N,8318892000000,8318891000000,8318890000000,8318868000000,8318801000000,373133000,62000,13000,8000,14000,8318893000000,8318894000000,8318895000000,8318927000000,8318928000000,295215000,90000,13000,14000,7000
1791427116,769603484,974,1747767917,S,N,8318892000000,8318891000000,8318890000000,8318868000000,8318801000000,373133000,62000,13000,8000,14000,8318893000000,8318894000000,8318895000000,8318927000000,8318928000000,295215000,90000,13000,14000,7000
1791427116,771204937,975,1747767917,D,N,8318892000000,8318891000000,8318890000000,8318868000000,8318801000000,373133000,62000,13000,8000,14000,8318893000000,8318894000000,8318895000000,8318927000000,8318928000000,295215000,90000,13000,14000,7000
1791427116,863886192,976,1747767917,S,N,8318892000000,8318891000000,8318890000000,8318868000000,8318801000000,373133000,62000,13000,8000,14000,8318893000000,8318894000000,8318895000000,8318927000000,8318928000000,295215000,90000,13000,14000,7000
1791427116,865219353,977,1747767917,D,N,8318892000000,8318891000000,8318890000000,8318868000000,8318801000000,373133000,62000,13000,8000,14000,8318893000000,8318894000000,8318895000000,8318927000000,8318928000000,295215000,90000,13000,14000,7000
1791427116,957876277,978,1747767917,S,N,8318892000000,8318891000000,8318890000000,8318868000000,8318801000000,373133000,62000,13000,8000,14000,8318893000000,8318894000000,8318895000000,8318927000000,8318928000000,295215000,90000,13000,14000,7000
1791427116,960651803,979,1747767917,D,N,8318892000000,8318891000000,8318890000000,8318868000000,8318801000000,373133000,62000,13000,8000,14000,8318893000000,8318894000000,8318895000000,8318927000000,8318928000000,295215000,90000,13000,14000,7000
1791427117,53425474,980,1747767917,S,N,8318892000000,8318891000000,8318890000000,8318868000000,8318801000000,373133000,62000,13000,8000,14000,8318893000000,8318894000000,8318895000000,8318927000000,8318928000000,295215000,90000,13000,14000,7000
1791427117,55864998,981,1747767917,D,N,8318892000000,8318891000000,8318890000000,8318868000000,8318801000000,373133000,62000,13000,8000,14000,8318893000000,8318894000000,8318895000000,8318927000000,8318928000000,295215000,90000,13000,14000,7000
1791427117,163093337,982,1747767917,S,N,8318892000000,8318891000000,8318890000000,8318868000000,8318801000000,373133000,62000,13000,8000,14000,8318893000000,8318894000000,8318895000000,8318927000000,8318928000000,295215000,90000,13000,14000,7000
1791427117,164280611,983,1747767917,D,N,8318892000000,8318891000000,8318890000000,8318868000000,8318801000000,373133000,62000,13000,8000,14000,8318893000000,8318894000000,8318895000000,8318927000000,8318928000000,295215000,90000,13000,14000,7000
1791427117,244291258,984,1747767917,D,N,8318892000000,8318891000000,8318890000000,8318868000000,8318801000000,373120000,62000,13000,8000,14000,8318893000000,8318894000000,8318895000000,8318927000000,8318928000000,295215000,90000,13000,14000,7000
1791427117,344265358,985,1747767917,S,N,8318892000000,8318891000000,8318890000000,8318868000000,8318801000000,373120000,62000,13000,8000,14000,8318893000000,8318894000000,8318895000000,8318927000000,8318928000000,295215000,90000,13000,14000,7000
1791427117,347126658,986,1747767917,D,N,8318892000000,8318891000000,8318890000000,8318868000000,8318801000000,373120000,62000,13000,8000,14000,8318893000000,8318894000000,8318895000000,8318927000000,8318928000000,295215000,90000,13000,14000,7000
1791427117,444963658,987,1747767917,S,N,8318892000000,8318891000000,8318890000000,8318868000000,8318801000000,373120000,62000,13000,8000,14000,8318893000000,8318894000000,8318895000000,8318927000000,8318928000000,295215000,90000,13000,14000,7000
1791427117,447732458,988,1747767917,D,N,8318892000000,8318891000000,8318890000000,8318868000000,8318801000000,373120000,62000,13000,8000,14000,8318893000000,8318894000000,8318895000000,8318927000000,8318928000000,295215000,90000,13000,14000,7000
1791427117,546104258,989,1747767917,S,N,8318892000000,8318891000000,8318890000000,8318868000000,8318801000000,373120000,62000,13000,8000,14000,8318893000000,8318894000000,8318895000000,8318927000000,8318928000000,295215000,90000,13000,14000,7000
1791427117,549006758,990,1747767917,D,N,8318892000000,8318891000000,8318890000000,8318868000000,8318801000000,373120000,62000,13000,8000,14000,8318893000000,8318894000000,8318895000000,8318927000000,8318928000000,295215000,90000,13000,14000,7000
1791427117,658499758,991,1747767917,S,N,8318892000000,8318891000000,8318890000000,8318868000000,8318801000000,373120000,62000,13000,8000,14000,8318893000000,8318894000000,8318895000000,8318927000000,8318928000000,295215000,90000,13000,14000,7000
1791427117,661330558,992,1747767917,D,N,8318892000000,8318891000000,8318890000000,8318868000000,8318801000000,373120000,62000,13000,8000,14000,8318893000000,8318894000000,8318895000000,8318927000000,8318928000000,295215000,90000,13000,14000,7000
1791427117,744018158,993,1747767917,S,N,8318892000000,8318891000000,8318890000000,8318868000000,8318801000000,373120000,62000,13000,8000,14000,8318893000000,8318894000000,8318895000000,8318927000000,8318928000000,295215000,90000,13000,14000,7000
1791427117,746737958,994,1747767917,D,N,8318892000000,8318891000000,8318890000000,8318868000000,8318801000000,373120000,62000,13000,8000,14000,8318893000000,8318894000000,8318895000000,8318927000000,8318928000000,295215000,90000,13000,14000,7000
1791427117,847783158,995,1747767917,S,N,8318892000000,8318891000000,8318890000000,8318868000000,8318801000000,373120000,62000,13000,8000,14000,8318893000000,8318894000000,8318895000000,8318927000000,8318928000000,295215000,90000,13000,14000,7000
1791427117,850629258,996,1747767917,D,N,8318892000000,8318891000000,8318890000000,8318868000000,8318801000000,373120000,62000,13000,8000,14000,8318893000000,8318894000000,8318895000000,8318927000000,8318928000000,295215000,90000,13000,14000,7000
1791427117,943936158,997,1747767917,S,N,8318892000000,8318891000000,8318890000000,8318868000000,8318801000000,373120000,62000,13000,8000,14000,8318893000000,8318894000000,8318895000000,8318927000000,8318928000000,295215000,90000,13000,14000,7000
1791427117,945972158,998,1747767917,D,N,8318892000000,8318891000000,8318890000000,8318868000000,8318801000000,373120000,62000,13000,8000,14000,8318893000000,8318894000000,8318895000000,8318927000000,8318928000000,295215000,90000,13000,14000,7000
1791427118,56770758,999,1747767917,S,N,8318892000000,8318891000000,8318890000000,8318868000000,8318801000000,373120000,62000,13000,8000,14000,8318893000000,8318894000000,8318895000000,8318927000000,8318928000000,295215000,90000,13000,14000,7000
1791427118,57586058,1000,1747767917,D,N,8318892000000,8318891000000,8318890000000,8318868000000,8318801000000,373120000,62000,13000,8000,14000,8318893000000,8318894000000,8318895000000,8318927000000,8318928000000,295215000,90000,13000,14000,7000
1791427118,154687258,1001,1747767917,S,N,8318892000000,8318891000000,8318890000000,8318868000000,8318801000000,373120000,62000,13000,8000,14000,8318893000000,8318894000000,8318895000000,8318927000000,8318928000000,295215000,90000,13000,14000,7000
1791427118,257576258,1002,1747767917,D,N,8318892000000,8318891000000,8318890000000,8318868000000,8318801000000,373120000,62000,13000,8000,14000,8318893000000,8318894000000,8318895000000,8318927000000,8318928000000,295215000,90000,13000,14000,7000
1791427118,431708158,1003,1747767917,D,N,8318892000000,8318891000000,8318890000000,8318868000000,8318801000000,373149000,62000,13000,8000,14000,8318893000000,8318894000000,8318895000000,8318927000000,8318928000000,293129000,90000,13000,14000,7000
1791427118,433766458,1004,1747767917,D,N,8318892000000,8318891000000,8318890000000,8318868000000,8318801000000,373149000,62000,13000,8000,14000,8318893000000,8318894000000,8318895000000,8318927000000,8318928000000,231579000,90000,13000,14000,7000
1791427118,444947758,1005,1747767917,D,N,8318892000000,8318891000000,8318890000000,8318868000000,8318801000000,430120000,62000,13000,8000,14000,8318893000000,8318894000000,8318895000000,8318927000000,8318928000000,265918000,90000,13000,14000,7000
1791427118,546579358,1006,1747767917,S,N,8318892000000,8318891000000,8318890000000,8318868000000,8318801000000,430120000,62000,13000,8000,14000,8318893000000,8318894000000,8318895000000,8318927000000,8318928000000,265918000,90000,13000,14000,7000
1791427118,547828058,1007,1747767917,D,N,8318892000000,8318891000000,8318890000000,8318868000000,8318801000000,430120000,62000,13000,8000,14000,8318893000000,8318894000000,8318895000000,8318927000000,8318928000000,265918000,90000,13000,14000,7000
1791427118,642594358,1008,1747767917,S,N,8318892000000,8318891000000,8318890000000,8318868000000,8318801000000,430120000,62000,13000,8000,14000,8318893000000,8318894000000,8318895000000,8318927000000,8318928000000,265918000,90000,13000,14000,7000
1791427118,643575058,1009,1747767917,D,N,8318892000000,8318891000000,8318890000000,8318868000000,8318801000000,430120000,62000,13000,8000,14000,8318893000000,8318894000000,8318895000000,8318927000000,8318928000000,265918000,90000,13000,14000,7000
1791427118,784557158,1010,1747767917,S,N,8318892000000,8318891000000,8318890000000,8318868000000,8318801000000,430120000,62000,13000,8000,14000,8318893000000,8318894000000,8318895000000,8318927000000,8318928000000,265918000,90000,13000,14000,7000
1791427118,786424458,1011,1747767917,D,N,8318892000000,8318891000000,8318890000000,8318868000000,8318801000000,430120000,62000,13000,8000,14000,8318893000000,8318894000000,8318895000000,8318927000000,8318928000000,265918000,90000,13000,14000,7000
1791427118,848758058,1012,1747767917,S,N,8318892000000,8318891000000,8318890000000,8318868000000,8318801000000,430120000,62000,13000,8000,14000,8318893000000,8318894000000,8318895000000,8318927000000,8318928000000,265918000,90000,13000,14000,7000
1791427118,849897558,1013,1747767917,D,N,8318892000000,8318891000000,8318890000000,8318868000000,8318801000000,430120000,62000,13000,8000,14000,8318893000000,8318894000000,8318895000000,8318927000000,8318928000000,265918000,90000,13000,14000,7000
1791427118,945564558,1014,1747767917,S,N,8318892000000,8318891000000,8318890000000,8318868000000,8318801000000,430120000,62000,13000,8000,14000,8318893000000,8318894000000,8318895000000,8318927000000,8318928000000,265918000,90000,13000,14000,7000
1791427118,947224458,1015,1747767917,D,N,8318892000000,8318891000000,8318890000000,8318868000000,8318801000000,430120000,62000,13000,8000,14000,8318893000000,8318894000000,8318895000000,8318927000000,8318928000000,265918000,90000,13000,14000,7000
1791427119,44320758,1016,1747767917,D,N,8318892000000,8318891000000,8318890000000,8318868000000,8318801000000,430127000,62000,13000,8000,14000,8318893000000,8318894000000,8318895000000,8318927000000,8318928000000,232181000,90000,13000,14000,7000
1791427119,177239758,1017,1747767917,S,N,8318892000000,8318891000000,8318890000000,8318868000000,8318801000000,430127000,62000,13000,8000,14000,8318893000000,8318894000000,8318895000000,8318927000000,8318928000000,232181000,90000,13000,14000,7000
1791427119,178605658,1018,1747767917,D,N,8318892000000,8318891000000,8318890000000,8318868000000,8318801000000,430127000,62000,13000,8000,14000,8318893000000,8318894000000,8318895000000,8318927000000,8318928000000,232181000,90000,13000,14000,7000
1791427119,250308158,1019,1747767917,D,N,8318892000000,8318891000000,8318890000000,8318868000000,8318801000000,430127000,62000,13000,8000,14000,8318893000000,8318894000000,8318895000000,8318927000000,8318928000000,231566000,90000,13000,14000,7000
1791427119,344932858,1020,1747767917,S,N,8318892000000,8318891000000,8318890000000,8318868000000,8318801000000,430127000,62000,13000,8000,14000,8318893000000,8318894000000,8318895000000,8318927000000,8318928000000,231566000,90000,13000,14000,7000
1791427119,346274758,1021,1747767917,D,N,8318892000000,8318891000000,8318890000000,8318868000000,8318801000000,430127000,62000,13000,8000,14000,8318893000000,8318894000000,8318895000000,8318927000000,8318928000000,231566000,90000,13000,14000,7000
1791427119,501474958,1022,1747767917,S,N,8318892000000,8318891000000,8318890000000,8318868000000,8318801000000,430127000,62000,13000,8000,14000,8318893000000,8318894000000,8318895000000,8318927000000,8318928000000,231566000,90000,13000,14000,7000
1791427119,502869758,1023,1747767917,D,N,8318892000000,8318891000000,8318890000000,8318868000000,8318801000000,430127000,62000,13000,8000,14000,8318893000000,8318894000000,8318895000000,8318927000000,8318928000000,231566000,90000,13000,14000,7000
1791427119,604129758,1024,1747767917,S,N,8318892000000,8318891000000,8318890000000,8318868000000,8318801000000,430127000,62000,13000,8000,14000,8318893000000,8318894000000,8318895000000,8318927000000,8318928000000,231566000,90000,13000,14000,7000
1791427119,605382558,1025,1747767917,D,N,8318892000000,8318891000000,8318890000000,8318868000000,8318801000000,430127000,62000,13000,8000,14000,8318893000000,8318894000000,8318895000000,8318927000000,8318928000000,231566000,90000,13000,14000,7000
1791427119,650262458,1026,1747767917,S,N,8318892000000,8318891000000,8318890000000,8318868000000,8318801000000,430127000,62000,13000,8000,14000,8318893000000,8318894000000,8318895000000,8318927000000,8318928000000,231566000,90000,13000,14000,7000
1791427119,651609458,1027,1747767917,D,N,8318892000000,8318891000000,8318890000000,8318868000000,8318801000000,430127000,62000,13000,8000,14000,8318893000000,8318894000000,8318895000000,8318927000000,8318928000000,231566000,90000,13000,14000,7000
1791427119,749294858,1028,1747767917,D,N,8318892000000,8318891000000,8318890000000,8318868000000,8318801000000,373149000,62000,13000,8000,14000,8318893000000,8318894000000,8318895000000,8318927000000,8318928000000,231566000,90000,13000,14000,7000
1791427119,895518358,1029,1747767917,S,N,8318892000000,8318891000000,8318890000000,8318868000000,8318801000000,373149000,62000,13000,8000,14000,8318893000000,8318894000000,8318895000000,8318927000000,8318928000000,231566000,90000,13000,14000,7000
1791427119,896839458,1030,1747767917,D,N,8318892000000,8318891000000,8318890000000,8318868000000,8318801000000,373149000,62000,13000,8000,14000,8318893000000,8318894000000,8318895000000,8318927000000,8318928000000,231566000,90000,13000,14000,7000
1791427119,943567058,1031,1747767917,S,N,8318892000000,8318891000000,8318890000000,8318868000000,8318801000000,373149000,62000,13000,8000,14000,8318893000000,8318894000000,8318895000000,8318927000000,8318928000000,231566000,90000,13000,14000,7000
1791427119,944842958,1032,1747767917,D,N,8318892000000,8318891000000,8318890000000,8318868000000,8318801000000,373149000,62000,13000,8000,14000,8318893000000,8318894000000,8318895000000,8318927000000,8318928000000,231566000,90000,13000,14000,7000
1791427120,67512658,1033,1747767917,D,N,8318892000000,8318891000000,8318890000000,8318868000000,8318801000000,373156000,69000,13000,8000,14000,8318893000000,8318894000000,8318895000000,8318927000000,8318928000000,231566000,90000,13000,14000,7000
1791427120,172821645,1034,1747767917,D,N,8318892000000,8318891000000,8318890000000,8318868000000,8318801000000,373149000,62000,13000,8000,14000,8318893000000,8318894000000,8318895000000,8318927000000,8318928000000,231556000,90000,13000,14000,7000
1791427120,262740433,1035,1747767917,S,N,8318892000000,8318891000000,8318890000000,8318868000000,8318801000000,373149000,62000,13000,8000,14000,8318893000000,8318894000000,8318895000000,8318927000000,8318928000000,231556000,90000,13000,14000,7000
1791427120,264580586,1036,1747767917,D,N,8318892000000,8318891000000,8318890000000,8318868000000,8318801000000,373149000,62000,13000,8000,14000,8318893000000,8318894000000,8318895000000,8318927000000,8318928000000,231556000,90000,13000,14000,7000
1791427120,382601335,1037,1747767917,D,N,8318892000000,8318891000000,8318890000000,8318868000000,8318801000000,373156000,62000,13000,8000,14000,8318893000000,8318894000000,8318895000000,8318927000000,8318928000000,232150000,90000,13000,14000,7000
1791427120,453756952,1038,1747767917,S,N,8318892000000,8318891000000,8318890000000,8318868000000,8318801000000,373156000,62000,13000,8000,14000,8318893000000,8318894000000,8318895000000,8318927000000,8318928000000,232150000,90000,13000,14000,7000
1791427120,456469222,1039,1747767917,D,N,8318892000000,8318891000000,8318890000000,8318868000000,8318801000000,373156000,62000,13000,8000,14000,8318893000000,8318894000000,8318895000000,8318927000000,8318928000000,232150000,90000,13000,14000,7000
1791427120,627617405,1040,1747767917,D,N,8318892000000,8318891000000,8318890000000,8318868000000,8318801000000,430127000,62000,13000,8000,14000,8318893000000,8318894000000,8318895000000,8318927000000,8318928000000,232150000,90000,13000,14000,7000
1791427120,661816339,1041,1747767917,S,N,8318892000000,8318891000000,8318890000000,8318868000000,8318801000000,430127000,62000,13000,8000,14000,8318893000000,8318894000000,8318895000000,8318927000000,8318928000000,232150000,90000,13000,14000,7000
1791427120,664515899,1042,1747767917,D,N,8318892000000,8318891000000,8318890000000,8318868000000,8318801000000,430127000,62000,13000,8000,14000,8318893000000,8318894000000,8318895000000,8318927000000,8318928000000,232150000,90000,13000,14000,7000
1791427120,740185512,1043,1747767917,D,N,8318892000000,8318891000000,8318890000000,8318868000000,8318801000000,430134000,62000,13000,8000,14000,8318893000000,8318894000000,8318895000000,8318927000000,8318928000000,212483000,90000,13000,14000,7000
1791427120,839928448,1044,1747767917,D,N,8318892000000,8318891000000,8318890000000,8318868000000,8318801000000,430127000,62000,13000,8000,14000,8318893000000,8318894000000,8318895000000,8318927000000,8318928000000,212483000,90000,13000,14000,7000
1791427120,937663619,1045,1747767917,S,N,8318892000000,8318891000000,8318890000000,8318868000000,8318801000000,430127000,62000,13000,8000,14000,8318893000000,8318894000000,8318895000000,8318927000000,8318928000000,212483000,90000,13000,14000,7000
1791427120,939523135,1046,1747767917,D,N,8318892000000,8318891000000,8318890000000,8318868000000,8318801000000,430127000,62000,13000,8000,14000,8318893000000,8318894000000,8318895000000,8318927000000,8318928000000,212483000,90000,13000,14000,7000
1791427121,37790334,1047,1747767917,S,N,8318892000000,8318891000000,8318890000000,8318868000000,8318801000000,430127000,62000,13000,8000,14000,8318893000000,8318894000000,8318895000000,8318927000000,8318928000000,212483000,90000,13000,14000,7000
1791427121,39594443,1048,1747767917,D,N,8318892000000,8318891000000,8318890000000,8318868000000,8318801000000,430127000,62000,13000,8000,14000,8318893000000,8318894000000,8318895000000,8318927000000,8318928000000,212483000,90000,13000,14000,7000
1791427121,137058735,1049,1747767917,D,N,8318892000000,8318891000000,8318890000000,8318868000000,8318801000000,373149000,62000,13000,8000,14000,8318893000000,8318894000000,8318895000000,8318927000000,8318928000000,212483000,90000,13000,14000,7000
1791427121,236671295,1050,1747767917,S,N,8318892000000,8318891000000,8318890000000,8318868000000,8318801000000,373149000,62000,13000,8000,14000,8318893000000,8318894000000,8318895000000,8318927000000,8318928000000,212483000,90000,13000,14000,7000
1791427121,238427246,1051,1747767917,D,N,8318892000000,8318891000000,8318890000000,8318868000000,8318801000000,373149000,62000,13000,8000,14000,8318893000000,8318894000000,8318895000000,8318927000000,8318928000000,212483000,90000,13000,14000,7000
1791427121,497787715,1052,1747767917,D,N,8318892000000,8318891000000,8318890000000,8318868000000,8318801000000,373149000,62000,13000,8000,14000,8318893000000,8318894000000,8318895000000,8318927000000,8318928000000,231575000,90000,13000,14000,7000
1791427121,500104688,1053,1747767917,D,N,8318892000000,8318891000000,8318890000000,8318868000000,8318801000000,373149000,62000,13000,8000,14000,8318893000000,8318894000000,8318895000000,8318927000000,8318928000000,265338000,90000,13000,14000,7000
1791427121,533878437,1054,1747767917,S,N,8318892000000,8318891000000,8318890000000,8318868000000,8318801000000,373149000,62000,13000,8000,14000,8318893000000,8318894000000,8318895000000,8318927000000,8318928000000,265338000,90000,13000,14000,7000
1791427121,575986100,1055,1747767917,D,N,8318892000000,8318891000000,8318890000000,8318868000000,8318801000000,373149000,62000,13000,8000,14000,8318893000000,8318894000000,8318895000000,8318927000000,8318928000000,265338000,90000,13000,14000,7000
1791427121,632980418,1056,1747767917,S,N,8318892000000,8318891000000,8318890000000,8318868000000,8318801000000,373149000,62000,13000,8000,14000,8318893000000,8318894000000,8318895000000,8318927000000,8318928000000,265338000,90000,13000,14000,7000
1791427121,634404719,1057,1747767917,D,N,8318892000000,8318891000000,8318890000000,8318868000000,8318801000000,373149000,62000,13000,8000,14000,8318893000000,8318894000000,8318895000000,8318927000000,8318928000000,265338000,90000,13000,14000,7000
1791427121,733293909,1058,1747767917,D,N,8318892000000,8318891000000,8318890000000,8318868000000,8318801000000,373072000,62000,13000,8000,14000,8318893000000,8318894000000,8318895000000,8318927000000,8318928000000,265338000,90000,13000,14000,7000
1791427121,840175830,1059,1747767917,S,N,8318892000000,8318891000000,8318890000000,8318868000000,8318801000000,373072000,62000,13000,8000,14000,8318893000000,8318894000000,8318895000000,8318927000000,8318928000000,265338000,90000,13000,14000,7000
1791427121,841844400,1060,1747767917,D,N,8318892000000,8318891000000,8318890000000,8318868000000,8318801000000,373072000,62000,13000,8000,14000,8318893000000,8318894000000,8318895000000,8318927000000,8318928000000,265338000,90000,13000,14000,7000
1791427121,931053718,1061,1747767917,S,N,8318892000000,8318891000000,8318890000000,8318868000000,8318801000000,373072000,62000,13000,8000,14000,8318893000000,8318894000000,8318895000000,8318927000000,8318928000000,265338000,90000,13000,14000,7000
1791427121,934042727,1062,1747767917,D,N,8318892000000,8318891000000,8318890000000,8318868000000,8318801000000,373072000,62000,13000,8000,14000,8318893000000,8318894000000,8318895000000,8318927000000,8318928000000,265338000,90000,13000,14000,7000
1791427122,30689316,1063,1747767917,S,N,8318892000000,8318891000000,8318890000000,8318868000000,8318801000000,373072000,62000,13000,8000,14000,8318893000000,8318894000000,8318895000000,8318927000000,8318928000000,265338000,90000,13000,14000,7000
1791427122,33409828,1064,1747767917,D,N,8318892000000,8318891000000,8318890000000,8318868000000,8318801000000,373072000,62000,13000,8000,14000,8318893000000,8318894000000,8318895000000,8318927000000,8318928000000,265338000,90000,13000,14000,7000
1791427122,130802030,1065,1747767917,S,N,8318892000000,8318891000000,8318890000000,8318868000000,8318801000000,373072000,62000,13000,8000,14000,8318893000000,8318894000000,8318895000000,8318927000000,8318928000000,265338000,90000,13000,14000,7000
1791427122,133224952,1066,1747767917,D,N,8318892000000,8318891000000,8318890000000,8318868000000,8318801000000,373072000,62000,13000,8000,14000,8318893000000,8318894000000,8318895000000,8318927000000,8318928000000,265338000,90000,13000,14000,7000
1791427122,235094213,1067,1747767917,S,N,8318892000000,8318891000000,8318890000000,8318868000000,8318801000000,373072000,62000,13000,8000,14000,8318893000000,8318894000000,8318895000000,8318927000000,8318928000000,265338000,90000,13000,14000,7000
1791427122,237591607,1068,1747767917,D,N,8318892000000,8318891000000,8318890000000,8318868000000,8318801000000,373072000,62000,13000,8000,14000,8318893000000,8318894000000,8318895000000,8318927000000,8318928000000,265338000,90000,13000,14000,7000
1791427122,330143625,1069,1747767917,D,N,8318892000000,8318891000000,8318890000000,8318868000000,8318801000000,373072000,62000,13000,8000,14000,8318893000000,8318894000000,8318895000000,8318927000000,8318928000000,245963000,90000,13000,14000,7000
1791427122,457195147,1070,1747767917,D,N,8318892000000,8318891000000,8318890000000,8318868000000,8318801000000,373072000,62000,13000,8000,14000,8318893000000,8318894000000,8318895000000,8318927000000,8318928000000,245963000,90000,26000,14000,7000
1791427122,528994003,1071,1747767917,S,N,8318892000000,8318891000000,8318890000000,8318868000000,8318801000000,373072000,62000,13000,8000,14000,8318893000000,8318894000000,8318895000000,8318927000000,8318928000000,245963000,90000,26000,14000,7000
1791427122,531100071,1072,1747767917,D,N,8318892000000,8318891000000,8318890000000,8318868000000,8318801000000,373072000,62000,13000,8000,14000,8318893000000,8318894000000,8318895000000,8318927000000,8318928000000,245963000,90000,26000,14000,7000
1791427122,630315746,1073,1747767917,S,N,8318892000000,8318891000000,8318890000000,8318868000000,8318801000000,373072000,62000,13000,8000,14000,8318893000000,8318894000000,8318895000000,8318927000000,8318928000000,245963000,90000,26000,14000,7000
1791427122,634061489,1074,1747767917,D,N,8318892000000,8318891000000,8318890000000,8318868000000,8318801000000,373072000,62000,13000,8000,14000,8318893000000,8318894000000,8318895000000,8318927000000,8318928000000,245963000,90000,26000,14000,7000
1791427122,725286913,1075,1747767917,S,N,8318892000000,8318891000000,8318890000000,8318868000000,8318801000000,373072000,62000,13000,8000,14000,8318893000000,8318894000000,8318895000000,8318927000000,8318928000000,245963000,90000,26000,14000,7000
1791427122,727000464,1076,1747767917,D,N,8318892000000,8318891000000,8318890000000,8318868000000,8318801000000,373072000,62000,13000,8000,14000,8318893000000,8318894000000,8318895000000,8318927000000,8318928000000,245963000,90000,26000,14000,7000
1791427122,824706045,1077,1747767917,S,N,8318892000000,8318891000000,8318890000000,8318868000000,8318801000000,373072000,62000,13000,8000,14000,8318893000000,8318894000000,8318895000000,8318927000000,8318928000000,245963000,90000,26000,14000,7000
1791427122,826282171,1078,1747767917,D,N,8318892000000,8318891000000,8318890000000,8318868000000,8318801000000,373072000,62000,13000,8000,14000,8318893000000,8318894000000,8318895000000,8318927000000,8318928000000,245963000,90000,26000,14000,7000
1791427122,930093562,1079,1747767917,D,N,8318892000000,8318891000000,8318890000000,8318868000000,8318801000000,373061000,62000,13000,8000,14000,8318893000000,8318894000000,8318895000000,8318927000000,8318928000000,245963000,90000,26000,14000,7000
1791427123,23196276,1080,1747767917,S,N,8318892000000,8318891000000,8318890000000,8318868000000,8318801000000,373061000,62000,13000,8000,14000,8318893000000,8318894000000,8318895000000,8318927000000,8318928000000,245963000,90000,26000,14000,7000
1791427123,24001865,1081,1747767917,D,N,8318892000000,8318891000000,8318890000000,8318868000000,8318801000000,373061000,62000,13000,8000,14000,8318893000000,8318894000000,8318895000000,8318927000000,8318928000000,245963000,90000,26000,14000,7000
1791427123,167001914,1082,1747767917,S,N,8318892000000,8318891000000,8318890000000,8318868000000,8318801000000,373061000,62000,13000,8000,14000,8318893000000,8318894000000,8318895000000,8318927000000,8318928000000,245963000,90000,26000,14000,7000
1791427123,168245299,1083,1747767917,D,N,8318892000000,8318891000000,8318890000000,8318868000000,8318801000000,373061000,62000,13000,8000,14000,8318893000000,8318894000000,8318895000000,8318927000000,8318928000000,245963000,90000,26000,14000,7000
1791427123,221265790,1084,1747767917,S,N,8318892000000,8318891000000,8318890000000,8318868000000,8318801000000,373061000,62000,13000,8000,14000,8318893000000,8318894000000,8318895000000,8318927000000,8318928000000,245963000,90000,26000,14000,7000
1791427123,222210195,1085,1747767917,D,N,8318892000000,8318891000000,8318890000000,8318868000000,8318801000000,373061000,62000,13000,8000,14000,8318893000000,8318894000000,8318895000000,8318927000000,8318928000000,245963000,90000,26000,14000,7000
1791427123,321084589,1086,1747767917,S,N,8318892000000,8318891000000,8318890000000,8318868000000,8318801000000,373061000,62000,13000,8000,14000,8318893000000,8318894000000,8318895000000,8318927000000,8318928000000,245963000,90000,26000,14000,7000
1791427123,322133850,1087,1747767917,D,N,8318892000000,8318891000000,8318890000000,8318868000000,8318801000000,373061000,62000,13000,8000,14000,8318893000000,8318894000000,8318895000000,8318927000000,8318928000000,245963000,90000,26000,14000,7000
1791427123,428482452,1088,1747767917,S,N,8318892000000,8318891000000,8318890000000,8318868000000,8318801000000,373061000,62000,13000,8000,14000,8318893000000,8318894000000,8318895000000,8318927000000,8318928000000,245963000,90000,26000,14000,7000
1791427123,429533997,1089,1747767917,D,N,8318892000000,8318891000000,8318890000000,8318868000000,8318801000000,373061000,62000,13000,8000,14000,8318893000000,8318894000000,8318895000000,8318927000000,8318928000000,245963000,90000,26000,14000,7000
1791427123,525058640,1090,1747767917,D,N,8318892000000,8318891000000,8318890000000,8318868000000,8318801000000,372998000,41000,13000,8000,14000,8318893000000,8318894000000,8318895000000,8318927000000,8318928000000,245963000,90000,26000,14000,7000
1791427123,631728466,1091,1747767917,D,N,8318892000000,8318891000000,8318890000000,8318868000000,8318801000000,373005000,48000,13000,8000,14000,8318893000000,8318894000000,8318895000000,8318927000000,8318928000000,267575000,90000,26000,14000,7000
1791427123,723051895,1092,1747767917,D,N,8318892000000,8318891000000,8318890000000,8318868000000,8318801000000,373040000,62000,13000,8000,14000,8318893000000,8318894000000,8318895000000,8318927000000,8318928000000,268351000,90000,26000,14000,7000
1791427123,880210860,1093,1747767917,D,N,8318892000000,8318891000000,8318890000000,8318868000000,8318801000000,373167000,62000,13000,8000,14000,8318893000000,8318894000000,8318895000000,8318927000000,8318928000000,268231000,90000,26000,14000,7000
1791427123,919439633,1094,1747767917,D,N,8318892000000,8318891000000,8318890000000,8318868000000,8318801000000,373132000,48000,13000,8000,14000,8318893000000,8318894000000,8318895000000,8318927000000,8318928000000,268231000,90000,26000,14000,7000
1791427124,61531521,1095,1747767917,S,N,8318892000000,8318891000000,8318890000000,8318868000000,8318801000000,373132000,48000,13000,8000,14000,8318893000000,8318894000000,8318895000000,8318927000000,8318928000000,268231000,90000,26000,14000,7000
1791427124,62755145,1096,1747767917,D,N,8318892000000,8318891000000,8318890000000,8318868000000,8318801000000,373132000,48000,13000,8000,14000,8318893000000,8318894000000,8318895000000,8318927000000,8318928000000,268231000,90000,26000,14000,7000
1791427124,114948601,1097,1747767917,S,N,8318892000000,8318891000000,8318890000000,8318868000000,8318801000000,373132000,48000,13000,8000,14000,8318893000000,8318894000000,8318895000000,8318927000000,8318928000000,268231000,90000,26000,14000,7000
1791427124,116148692,1098,1747767917,D,N,8318892000000,8318891000000,8318890000000,8318868000000,8318801000000,373132000,48000,13000,8000,14000,8318893000000,8318894000000,8318895000000,8318927000000,8318928000000,268231000,90000,26000,14000,7000
1791427124,214694814,1099,1747767917,S,N,8318892000000,8318891000000,8318890000000,8318868000000,8318801000000,373132000,48000,13000,8000,14000,8318893000000,8318894000000,8318895000000,8318927000000,8318928000000,268231000,90000,26000,14000,7000
1791427124,215912878,1100,1747767917,D,N,8318892000000,8318891000000,8318890000000,8318868000000,8318801000000,373132000,48000,13000,8000,14000,8318893000000,8318894000000,8318895000000,8318927000000,8318928000000,268231000,90000,26000,14000,7000
1791427124,317362017,1101,1747767917,D,N,8318892000000,8318891000000,8318890000000,8318868000000,8318801000000,373174000,62000,13000,8000,14000,8318893000000,8318894000000,8318895000000,8318927000000,8318928000000,268231000,90000,26000,14000,7000
1791427124,437011320,1102,1747767917,D,N,8318892000000,8318891000000,8318890000000,8318868000000,8318801000000,373132000,48000,13000,8000,14000,8318893000000,8318894000000,8318895000000,8318927000000,8318928000000,268231000,90000,26000,14000,7000
1791427124,551560681,1103,1747767917,S,N,8318892000000,8318891000000,8318890000000,8318868000000,8318801000000,373132000,48000,13000,8000,14000,8318893000000,8318894000000,8318895000000,8318927000000,8318928000000,268231000,90000,26000,14000,7000
1791427124,554682348,1104,1747767917,D,N,8318892000000,8318891000000,8318890000000,8318868000000,8318801000000,373132000,48000,13000,8000,14000,8318893000000,8318894000000,8318895000000,8318927000000,8318928000000,268231000,90000,26000,14000,7000
1791427124,630636146,1105,1747767917,D,N,8318892000000,8318891000000,8318890000000,8318868000000,8318801000000,373132000,48000,13000,8000,14000,8318893000000,8318894000000,8318895000000,8318927000000,8318928000000,267448000,90000,26000,14000,7000
1791427124,756273395,1106,1747767917,D,N,8318892000000,8318891000000,8318890000000,8318868000000,8318801000000,373181000,62000,13000,8000,14000,8318893000000,8318894000000,8318895000000,8318927000000,8318928000000,267448000,90000,26000,14000,7000
1791427124,832430551,1107,1747767917,D,N,8318892000000,8318891000000,8318890000000,8318868000000,8318801000000,373174000,62000,13000,8000,14000,8318893000000,8318894000000,8318895000000,8318927000000,8318928000000,267188000,90000,26000,14000,7000
1791427124,911444156,1108,1747767917,D,N,8318892000000,8318891000000,8318890000000,8318868000000,8318801000000,373132000,48000,13000,8000,14000,8318893000000,8318894000000,8318895000000,8318927000000,8318928000000,267188000,90000,26000,14000,7000
1791427125,11208242,1109,1747767917,D,N,8318892000000,8318891000000,8318890000000,8318868000000,8318801000000,373174000,62000,13000,8000,14000,8318893000000,8318894000000,8318895000000,8318927000000,8318928000000,267188000,90000,26000,14000,7000
1791427125,110053840,1110,1747767917,D,N,8318892000000,8318891000000,8318890000000,8318868000000,8318801000000,373139000,55000,13000,8000,14000,8318893000000,8318894000000,8318895000000,8318927000000,8318928000000,267188000,90000,26000,14000,7000
1791427125,211353738,1111,1747767917,D,N,8318892000000,8318891000000,8318890000000,8318868000000,8318801000000,373132000,48000,13000,8000,14000,8318893000000,8318894000000,8318895000000,8318927000000,8318928000000,267188000,90000,26000,14000,7000
1791427125,309498107,1112,1747767917,D,N,8318892000000,8318891000000,8318890000000,8318868000000,8318801000000,373181000,62000,13000,8000,14000,8318893000000,8318894000000,8318895000000,8318927000000,8318928000000,267188000,90000,26000,14000,7000
1791427125,976291842,1113,1747767917,D,N,8318892000000,8318891000000,8318890000000,8318868000000,8318801000000,339341000,55000,13000,8000,14000,8318893000000,8318894000000,8318895000000,8318927000000,8318928000000,267188000,90000,26000,14000,7000
1791427126,75084515,1114,1747767917,S,N,8318892000000,8318891000000,8318890000000,8318868000000,8318801000000,339341000,55000,13000,8000,14000,8318893000000,8318894000000,8318895000000,8318927000000,8318928000000,267188000,90000,26000,14000,7000
1791427126,76240122,1115,1747767917,D,N,8318892000000,8318891000000,8318890000000,8318868000000,8318801000000,339341000,55000,13000,8000,14000,8318893000000,8318894000000,8318895000000,8318927000000,8318928000000,267188000,90000,26000,14000,7000
1791427126,177603072,1116,1747767917,D,N,8318892000000,8318891000000,8318890000000,8318868000000,8318801000000,373084000,55000,13000,8000,14000,8318893000000,8318894000000,8318895000000,8318927000000,8318928000000,267188000,90000,26000,14000,7000
1791427126,279039899,1117,1747767917,D,N,8318892000000,8318891000000,8318890000000,8318868000000,8318801000000,373133000,62000,13000,8000,14000,8318893000000,8318894000000,8318895000000,8318927000000,8318928000000,267188000,90000,26000,14000,7000
1791427126,373601371,1118,1747767917,S,N,8318892000000,8318891000000,8318890000000,8318868000000,8318801000000,373133000,62000,13000,8000,14000,8318893000000,8318894000000,8318895000000,8318927000000,8318928000000,267188000,90000,26000,14000,7000
1791427126,374687570,1119,1747767917,D,N,8318892000000,8318891000000,8318890000000,8318868000000,8318801000000,373133000,62000,13000,8000,14000,8318893000000,8318894000000,8318895000000,8318927000000,8318928000000,267188000,90000,26000,14000,7000
1791427126,474715089,1120,1747767917,D,N,8318892000000,8318891000000,8318890000000,8318868000000,8318801000000,373091000,55000,13000,8000,14000,8318893000000,8318894000000,8318895000000,8318927000000,8318928000000,267131000,90000,26000,14000,7000
1791427126,574390206,1121,1747767917,D,N,8318892000000,8318891000000,8318890000000,8318868000000,8318801000000,372929000,62000,13000,8000,14000,8318893000000,8318894000000,8318895000000,8318927000000,8318928000000,267131000,90000,26000,14000,7000
1791427126,685496378,1122,1747767917,D,N,8318892000000,8318891000000,8318890000000,8318868000000,8318801000000,372887000,55000,13000,8000,14000,8318893000000,8318894000000,8318895000000,8318927000000,8318928000000,267131000,90000,26000,14000,7000
1791427126,770389497,1123,1747767917,D,N,8318892000000,8318891000000,8318890000000,8318868000000,8318801000000,372929000,62000,13000,8000,14000,8318893000000,8318894000000,8318895000000,8318927000000,8318928000000,267131000,90000,26000,14000,7000
1791427126,870480069,1124,1747767917,D,N,8318892000000,8318891000000,8318890000000,8318868000000,8318801000000,372887000,55000,13000,8000,14000,8318893000000,8318894000000,8318895000000,8318927000000,8318928000000,267131000,90000,26000,14000,7000
1791427126,972635799,1125,1747767917,D,N,8318892000000,8318891000000,8318890000000,8318868000000,8318801000000,372922000,62000,13000,8000,14000,8318893000000,8318894000000,8318895000000,8318927000000,8318928000000,267131000,90000,26000,14000,7000
1791427127,70321421,1126,1747767917,D,N,8318892000000,8318891000000,8318890000000,8318868000000,8318801000000,372880000,48000,13000,8000,14000,8318893000000,8318894000000,8318895000000,8318927000000,8318928000000,266529000,90000,26000,14000,7000
1791427127,201412304,1127,1747767917,D,N,8318892000000,8318891000000,8318890000000,8318868000000,8318801000000,372922000,62000,13000,8000,14000,8318893000000,8318894000000,8318895000000,8318927000000,8318928000000,266529000,90000,26000,14000,7000
1791427127,282871271,1128,1747767917,D,N,8318892000000,8318891000000,8318890000000,8318868000000,8318801000000,429844000,41000,13000,8000,14000,8318893000000,8318894000000,8318895000000,8318927000000,8318928000000,196427000,90000,26000,14000,7000
1791427127,397090274,1129,1747767917,S,N,8318892000000,8318891000000,8318890000000,8318868000000,8318801000000,429844000,41000,13000,8000,14000,8318893000000,8318894000000,8318895000000,8318927000000,8318928000000,196427000,90000,26000,14000,7000
1791427127,398045005,1130,1747767917,D,N,8318892000000,8318891000000,8318890000000,8318868000000,8318801000000,429844000,41000,13000,8000,14000,8318893000000,8318894000000,8318895000000,8318927000000,8318928000000,196427000,90000,26000,14000,7000
1791427127,466530056,1131,1747767917,D,N,8318892000000,8318891000000,8318890000000,8318868000000,8318801000000,429844000,41000,13000,8000,14000,8318893000000,8318894000000,8318895000000,8318927000000,8318928000000,195735000,90000,26000,14000,7000
1791427127,573016283,1132,1747767917,S,N,8318892000000,8318891000000,8318890000000,8318868000000,8318801000000,429844000,41000,13000,8000,14000,8318893000000,8318894000000,8318895000000,8318927000000,8318928000000,195735000,90000,26000,14000,7000
1791427127,576416178,1133,1747767917,D,N,8318892000000,8318891000000,8318890000000,8318868000000,8318801000000,429844000,41000,13000,8000,14000,8318893000000,8318894000000,8318895000000,8318927000000,8318928000000,195735000,90000,26000,14000,7000
1791427127,666418871,1134,1747767917,D,N,8318892000000,8318891000000,8318890000000,8318868000000,8318801000000,372894000,62000,13000,8000,14000,8318893000000,8318894000000,8318895000000,8318927000000,8318928000000,264460000,90000,26000,14000,7000
1791427127,764733831,1135,1747767917,D,N,8318892000000,8318891000000,8318890000000,8318868000000,8318801000000,372894000,62000,13000,8000,14000,8318893000000,8318894000000,8318895000000,8318927000000,8318928000000,264467000,97000,26000,14000,7000
1791427127,921873632,1136,1747767917,D,N,8318892000000,8318891000000,8318890000000,8318868000000,8318801000000,372873000,41000,13000,8000,14000,8318893000000,8318894000000,8318895000000,8318927000000,8318928000000,264467000,97000,26000,14000,7000
1791427128,58271589,1137,1747767917,D,N,8318892000000,8318891000000,8318890000000,8318868000000,8318801000000,429872000,62000,13000,8000,14000,8318893000000,8318894000000,8318895000000,8318927000000,8318928000000,229460000,97000,26000,14000,7000
1791427128,108204173,1138,1747767917,S,N,8318892000000,8318891000000,8318890000000,8318868000000,8318801000000,429872000,62000,13000,8000,14000,8318893000000,8318894000000,8318895000000,8318927000000,8318928000000,229460000,97000,26000,14000,7000
1791427128,109311026,1139,1747767917,D,N,8318892000000,8318891000000,8318890000000,8318868000000,8318801000000,429872000,62000,13000,8000,14000,8318893000000,8318894000000,8318895000000,8318927000000,8318928000000,229460000,97000,26000,14000,7000
1791427128,262278507,1140,1747767917,D,N,8318892000000,8318891000000,8318890000000,8318868000000,8318801000000,429872000,62000,13000,8000,14000,8318893000000,8318894000000,8318895000000,8318927000000,8318928000000,229473000,97000,26000,14000,7000
1791427128,366984059,1141,1747767917,D,N,8318892000000,8318891000000,8318890000000,8318868000000,8318801000000,429851000,41000,13000,8000,14000,8318893000000,8318894000000,8318895000000,8318899000000,8318900000000,229473000,97000,26000,14000,14735000
1791427128,501939345,1142,1747767917,D,N,8318892000000,8318891000000,8318890000000,8318868000000,8318801000000,429872000,62000,13000,8000,14000,8318893000000,8318894000000,8318895000000,8318899000000,8318900000000,240928000,97000,26000,14000,14735000
1791427128,563822204,1143,1747767917,S,N,8318892000000,8318891000000,8318890000000,8318868000000,8318801000000,429872000,62000,13000,8000,14000,8318893000000,8318894000000,8318895000000,8318899000000,8318900000000,240928000,97000,26000,14000,14735000
1791427128,566406680,1144,1747767917,D,N,8318892000000,8318891000000,8318890000000,8318868000000,8318801000000,429872000,62000,13000,8000,14000,8318893000000,8318894000000,8318895000000,8318899000000,8318900000000,240928000,97000,26000,14000,14735000
1791427128,663444793,1145,1747767917,D,N,8318892000000,8318891000000,8318890000000,8318868000000,8318801000000,429865000,55000,13000,8000,14000,8318893000000,8318894000000,8318895000000,8318899000000,8318900000000,240928000,97000,26000,14000,14735000
1791427128,819788175,1146,1747767917,S,N,8318892000000,8318891000000,8318890000000,8318868000000,8318801000000,429865000,55000,13000,8000,14000,8318893000000,8318894000000,8318895000000,8318899000000,8318900000000,240928000,97000,26000,14000,14735000
1791427128,822722576,1147,1747767917,D,N,8318892000000,8318891000000,8318890000000,8318868000000,8318801000000,429865000,55000,13000,8000,14000,8318893000000,8318894000000,8318895000000,8318899000000,8318900000000,240928000,97000,26000,14000,14735000
1791427128,881859745,1148,1747767917,S,N,8318892000000,8318891000000,8318890000000,8318868000000,8318801000000,429865000,55000,13000,8000,14000,8318893000000,8318894000000,8318895000000,8318899000000,8318900000000,240928000,97000,26000,14000,14735000
1791427128,884475239,1149,1747767917,D,N,8318892000000,8318891000000,8318890000000,8318868000000,8318801000000,429865000,55000,13000,8000,14000,8318893000000,8318894000000,8318895000000,8318899000000,8318900000000,240928000,97000,26000,14000,14735000
1791427128,968703114,1150,1747767917,D,N,8318892000000,8318891000000,8318890000000,8318888000000,8318868000000,429851000,41000,13000,1000000,8000,8318893000000,8318894000000,8318895000000,8318899000000,8318900000000,240915000,97000,26000,14000,14735000
1791427129,92647977,1151,1747767917,D,N,8318892000000,8318891000000,8318890000000,8318888000000,8318868000000,429865000,55000,13000,1000000,8000,8318893000000,8318894000000,8318895000000,8318899000000,8318900000000,241530000,97000,26000,14000,14735000
1791427129,220972070,1152,1747767917,S,N,8318892000000,8318891000000,8318890000000,8318888000000,8318868000000,429865000,55000,13000,1000000,8000,8318893000000,8318894000000,8318895000000,8318899000000,8318900000000,241530000,97000,26000,14000,14735000
1791427129,224241829,1153,1747767917,D,N,8318892000000,8318891000000,8318890000000,8318888000000,8318868000000,429865000,55000,13000,1000000,8000,8318893000000,8318894000000,8318895000000,8318899000000,8318900000000,241530000,97000,26000,14000,14735000
1791427129,285510794,1154,1747767917,D,N,8318892000000,8318891000000,8318890000000,8318888000000,8318868000000,429851000,41000,13000,1000000,8000,8318893000000,8318894000000,8318895000000,8318899000000,8318900000000,181244000,97000,26000,14000,14735000
1791427129,367197688,1155,1747767917,D,N,8318892000000,8318891000000,8318890000000,8318888000000,8318868000000,429858000,48000,13000,1000000,8000,8318893000000,8318894000000,8318895000000,8318899000000,8318900000000,181244000,97000,26000,14000,14735000
1791427129,476357647,1156,1747767917,D,N,8318892000000,8318891000000,8318890000000,8318888000000,8318868000000,429737000,48000,13000,1000000,8000,8318893000000,8318894000000,8318895000000,8318899000000,8318900000000,180642000,97000,26000,14000,14735000
1791427129,557278653,1157,1747767917,D,N,8318892000000,8318891000000,8318890000000,8318888000000,8318868000000,429737000,48000,13000,1000000,8000,8318893000000,8318894000000,8318895000000,8318899000000,8318900000000,249367000,97000,26000,14000,14735000
1791427129,678870434,1158,1747767917,S,N,8318892000000,8318891000000,8318890000000,8318888000000,8318868000000,429737000,48000,13000,1000000,8000,8318893000000,8318894000000,8318895000000,8318899000000,8318900000000,249367000,97000,26000,14000,14735000
1791427129,682579242,1159,1747767917,D,N,8318892000000,8318891000000,8318890000000,8318888000000,8318868000000,429737000,48000,13000,1000000,8000,8318893000000,8318894000000,8318895000000,8318899000000,8318900000000,249367000,97000,26000,14000,14735000
1791427129,736991739,1160,1747767917,D,N,8318892000000,8318891000000,8318890000000,8318888000000,8318868000000,429765000,62000,13000,1000000,8000,8318893000000,8318894000000,8318895000000,8318899000000,8318900000000,249367000,97000,26000,14000,14735000
1791427129,835032324,1161,1747767917,D,N,8318892000000,8318891000000,8318890000000,8318888000000,8318868000000,372759000,48000,13000,1000000,8000,8318893000000,8318894000000,8318895000000,8318899000000,8318900000000,249367000,97000,26000,14000,14735000
1791427129,933064097,1162,1747767917,S,N,8318892000000,8318891000000,8318890000000,8318888000000,8318868000000,372759000,48000,13000,1000000,8000,8318893000000,8318894000000,8318895000000,8318899000000,8318900000000,249367000,97000,26000,14000,14735000
1791427129,935712098,1163,1747767917,D,N,8318892000000,8318891000000,8318890000000,8318888000000,8318868000000,372759000,48000,13000,1000000,8000,8318893000000,8318894000000,8318895000000,8318899000000,8318900000000,249367000,97000,26000,14000,14735000
1791427130,31368953,1164,1747767917,D,N,8318892000000,8318891000000,8318890000000,8318888000000,8318868000000,372780000,62000,13000,1000000,8000,8318893000000,8318894000000,8318895000000,8318899000000,8318900000000,249360000,97000,26000,14000,14735000
1791427130,127117163,1165,1747767917,S,N,8318892000000,8318891000000,8318890000000,8318888000000,8318868000000,372780000,62000,13000,1000000,8000,8318893000000,8318894000000,8318895000000,8318899000000,8318900000000,249360000,97000,26000,14000,14735000
1791427130,130219977,1166,1747767917,D,N,8318892000000,8318891000000,8318890000000,8318888000000,8318868000000,372780000,62000,13000,1000000,8000,8318893000000,8318894000000,8318895000000,8318899000000,8318900000000,249360000,97000,26000,14000,14735000
1791427130,229032619,1167,1747767917,D,N,8318892000000,8318891000000,8318890000000,8318888000000,8318868000000,372773000,62000,13000,1000000,8000,8318893000000,8318894000000,8318895000000,8318899000000,8318900000000,249360000,97000,26000,14000,14735000
1791427130,330371358,1168,1747767917,S,N,8318892000000,8318891000000,8318890000000,8318888000000,8318868000000,372773000,62000,13000,1000000,8000,8318893000000,8318894000000,8318895000000,8318899000000,8318900000000,249360000,97000,26000,14000,14735000
1791427130,331577372,1169,1747767917,D,N,8318892000000,8318891000000,8318890000000,8318888000000,8318868000000,372773000,62000,13000,1000000,8000,8318893000000,8318894000000,8318895000000,8318899000000,8318900000000,249360000,97000,26000,14000,14735000
1791427130,420560174,1170,1747767917,D,N,8318892000000,8318891000000,8318890000000,8318888000000,8318868000000,372759000,48000,13000,1000000,8000,8318893000000,8318894000000,8318895000000,8318899000000,8318900000000,249346000,97000,26000,14000,14735000
1791427130,518301337,1171,1747767917,D,N,8318892000000,8318891000000,8318890000000,8318888000000,8318868000000,372766000,62000,13000,1000000,8000,8318893000000,8318894000000,8318895000000,8318899000000,8318900000000,249346000,97000,26000,14000,14735000
1791427130,624678368,1172,1747767917,D,N,8318892000000,8318891000000,8318890000000,8318888000000,8318868000000,372752000,48000,13000,1000000,8000,8318893000000,8318894000000,8318895000000,8318899000000,8318900000000,249346000,97000,26000,14000,14735000
1791427130,715712970,1173,1747767917,D,N,8318892000000,8318891000000,8318890000000,8318888000000,8318868000000,372766000,62000,13000,1000000,8000,8318893000000,8318894000000,8318895000000,8318899000000,8318900000000,249212000,97000,26000,14000,14735000
1791427130,813422506,1174,1747767917,D,N,8318892000000,8318891000000,8318890000000,8318888000000,8318868000000,372766000,62000,13000,1000000,8000,8318893000000,8318894000000,8318895000000,8318899000000,8318900000000,239346000,97000,26000,14000,14735000
1791427130,910020222,1175,1747767917,S,N,8318892000000,8318891000000,8318890000000,8318888000000,8318868000000,372766000,62000,13000,1000000,8000,8318893000000,8318894000000,8318895000000,8318899000000,8318900000000,239346000,97000,26000,14000,14735000
1791427130,911092289,1176,1747767917,D,N,8318892000000,8318891000000,8318890000000,8318888000000,8318868000000,372766000,62000,13000,1000000,8000,8318893000000,8318894000000,8318895000000,8318899000000,8318900000000,239346000,97000,26000,14000,14735000
1791427131,9569475,1177,1747767917,D,N,8318892000000,8318891000000,8318890000000,8318888000000,8318868000000,429730000,48000,13000,1000000,8000,8318893000000,8318894000000,8318895000000,8318899000000,8318900000000,204371000,97000,26000,14000,14735000
1791427131,108580394,1178,1747767917,D,N,8318892000000,8318891000000,8318890000000,8318888000000,8318868000000,429744000,62000,13000,1000000,8000,8318893000000,8318894000000,8318895000000,8318899000000,8318900000000,204358000,97000,26000,14000,14735000
1791427131,208011757,1179,1747767917,D,N,8318892000000,8318891000000,8318890000000,8318888000000,8318868000000,429734000,62000,13000,1000000,8000,8318893000000,8318894000000,8318895000000,8318899000000,8318900000000,204440000,97000,26000,14000,14735000
1791427131,333350827,1180,1747767917,D,N,8318892000000,8318891000000,8318890000000,8318888000000,8318868000000,429720000,48000,13000,1000000,8000,8318893000000,8318894000000,8318895000000,8318899000000,8318900000000,204440000,97000,26000,14000,14735000
1791427131,400994421,1181,1747767917,D,N,8318892000000,8318891000000,8318890000000,8318888000000,8318868000000,429734000,62000,13000,1000000,8000,8318893000000,8318894000000,8318895000000,8318899000000,8318900000000,171292000,97000,26000,14000,14735000
1791427131,497841232,1182,1747767917,D,N,8318892000000,8318891000000,8318890000000,8318888000000,8318868000000,444713000,48000,13000,1000000,8000,8318893000000,8318894000000,8318895000000,8318899000000,8318900000000,171292000,97000,26000,14000,14735000
1791427131,605415661,1183,1747767917,D,N,8318892000000,8318891000000,8318890000000,8318888000000,8318868000000,444720000,48000,13000,1000000,8000,8318893000000,8318894000000,8318895000000,8318899000000,8318900000000,171292000,97000,26000,14000,14735000
1791427131,726854793,1184,1747767917,S,N,8318892000000,8318891000000,8318890000000,8318888000000,8318868000000,444720000,48000,13000,1000000,8000,8318893000000,8318894000000,8318895000000,8318899000000,8318900000000,171292000,97000,26000,14000,14735000
1791427131,728187410,1185,1747767917,D,N,8318892000000,8318891000000,8318890000000,8318888000000,8318868000000,444720000,48000,13000,1000000,8000,8318893000000,8318894000000,8318895000000,8318899000000,8318900000000,171292000,97000,26000,14000,14735000
1791427131,791823361,1186,1747767917,D,N,8318892000000,8318891000000,8318890000000,8318888000000,8318868000000,444734000,62000,13000,1000000,8000,8318893000000,8318894000000,8318895000000,8318899000000,8318900000000,171292000,97000,26000,14000,14735000
1791427131,888864630,1187,1747767917,S,N,8318892000000,8318891000000,8318890000000,8318888000000,8318868000000,444734000,62000,13000,1000000,8000,8318893000000,8318894000000,8318895000000,8318899000000,8318900000000,171292000,97000,26000,14000,14735000
1791427131,889976842,1188,1747767917,D,N,8318892000000,8318891000000,8318890000000,8318888000000,8318868000000,444734000,62000,13000,1000000,8000,8318893000000,8318894000000,8318895000000,8318899000000,8318900000000,171292000,97000,26000,14000,14735000
1791427132,19145742,1189,1747767917,D,N,8318892000000,8318891000000,8318890000000,8318888000000,8318868000000,444703000,48000,13000,1000000,8000,8318893000000,8318894000000,8318895000000,8318899000000,8318900000000,171292000,97000,26000,14000,14735000
1791427132,84681431,1190,1747767917,S,N,8318892000000,8318891000000,8318890000000,8318888000000,8318868000000,444703000,48000,13000,1000000,8000,8318893000000,8318894000000,8318895000000,8318899000000,8318900000000,171292000,97000,26000,14000,14735000
1791427132,85994368,1191,1747767917,D,N,8318892000000,8318891000000,8318890000000,8318888000000,8318868000000,444703000,48000,13000,1000000,8000,8318893000000,8318894000000,8318895000000,8318899000000,8318900000000,171292000,97000,26000,14000,14735000
1791427132,185946050,1192,1747767917,D,N,8318892000000,8318891000000,8318890000000,8318888000000,8318868000000,444724000,62000,13000,1000000,8000,8318893000000,8318894000000,8318895000000,8318899000000,8318900000000,171292000,97000,26000,14000,14735000
1791427132,281983107,1193,1747767917,D,N,8318892000000,8318891000000,8318890000000,8318888000000,8318868000000,444717000,62000,13000,1000000,8000,8318893000000,8318894000000,8318895000000,8318899000000,8318900000000,171292000,97000,26000,14000,14735000
1791427132,380712423,1194,1747767917,S,N,8318892000000,8318891000000,8318890000000,8318888000000,8318868000000,444717000,62000,13000,1000000,8000,8318893000000,8318894000000,8318895000000,8318899000000,8318900000000,171292000,97000,26000,14000,14735000
1791427132,382128659,1195,1747767917,D,N,8318892000000,8318891000000,8318890000000,8318888000000,8318868000000,444717000,62000,13000,1000000,8000,8318893000000,8318894000000,8318895000000,8318899000000,8318900000000,171292000,97000,26000,14000,14735000
1791427132,488044415,1196,1747767917,D,N,8318892000000,8318891000000,8318890000000,8318888000000,8318868000000,444703000,48000,13000,1000000,8000,8318893000000,8318894000000,8318895000000,8318899000000,8318900000000,171292000,97000,26000,14000,14735000
1791427132,575778513,1197,1747767917,D,N,8318892000000,8318891000000,8318890000000,8318888000000,8318868000000,444717000,62000,13000,1000000,8000,8318893000000,8318894000000,8318895000000,8318899000000,8318900000000,171292000,97000,26000,14000,14735000
1791427132,723713523,1198,1747767917,D,N,8318892000000,8318891000000,8318890000000,8318888000000,8318868000000,444703000,48000,13000,1000000,8000,8318893000000,8318894000000,8318895000000,8318899000000,8318900000000,171292000,97000,26000,14000,14735000
1791427132,802069657,1199,1747767917,S,N,8318892000000,8318891000000,8318890000000,8318888000000,8318868000000,444703000,48000,13000,1000000,8000,8318893000000,8318894000000,8318895000000,8318899000000,8318900000000,171292000,97000,26000,14000,14735000
1791427132,804706496,1200,1747767917,D,N,8318892000000,8318891000000,8318890000000,8318888000000,8318868000000,444703000,48000,13000,1000000,8000,8318893000000,8318894000000,8318895000000,8318899000000,8318900000000,171292000,97000,26000,14000,14735000
1791427132,880182767,1201,1747767917,D,N,8318892000000,8318891000000,8318890000000,8318888000000,8318868000000,444717000,62000,13000,1000000,8000,8318893000000,8318894000000,8318895000000,8318899000000,8318900000000,171292000,97000,26000,14000,14735000
1791427132,976077261,1202,1747767917,D,N,8318892000000,8318891000000,8318890000000,8318888000000,8318868000000,387725000,48000,13000,1000000,8000,8318893000000,8318894000000,8318895000000,8318899000000,8318900000000,240017000,97000,26000,14000,14735000
1791427133,86015054,1203,1747767917,D,N,8318892000000,8318891000000,8318890000000,8318888000000,8318868000000,387739000,62000,13000,1000000,8000,8318893000000,8318894000000,8318895000000,8318899000000,8318900000000,240017000,97000,26000,14000,14735000
1791427133,169030746,1204,1747767917,D,N,8318892000000,8318891000000,8318890000000,8318888000000,8318868000000,387781000,62000,13000,1000000,8000,8318893000000,8318894000000,8318895000000,8318899000000,8318900000000,240017000,97000,26000,14000,14735000
1791427133,282615367,1205,1747767917,D,N,8318892000000,8318891000000,8318890000000,8318888000000,8318868000000,387781000,62000,13000,1000000,8000,8318893000000,8318894000000,8318895000000,8318899000000,8318900000000,247304000,97000,26000,14000,14735000
1791427133,393719420,1206,1747767917,S,N,8318892000000,8318891000000,8318890000000,8318888000000,8318868000000,387781000,62000,13000,1000000,8000,8318893000000,8318894000000,8318895000000,8318899000000,8318900000000,247304000,97000,26000,14000,14735000
1791427133,397156417,1207,1747767917,D,N,8318892000000,8318891000000,8318890000000,8318888000000,8318868000000,387781000,62000,13000,1000000,8000,8318893000000,8318894000000,8318895000000,8318899000000,8318900000000,247304000,97000,26000,14000,14735000
1791427133,519099124,1208,1747767917,D,N,8318892000000,8318891000000,8318890000000,8318888000000,8318868000000,387788000,62000,13000,1000000,8000,8318893000000,8318894000000,8318895000000,8318899000000,8318900000000,247304000,97000,26000,14000,14735000
1791427133,581729003,1209,1747767917,S,N,8318892000000,8318891000000,8318890000000,8318888000000,8318868000000,387788000,62000,13000,1000000,8000,8318893000000,8318894000000,8318895000000,8318899000000,8318900000000,247304000,97000,26000,14000,14735000
1791427133,583321975,1210,1747767917,D,N,8318892000000,8318891000000,8318890000000,8318888000000,8318868000000,387788000,62000,13000,1000000,8000,8318893000000,8318894000000,8318895000000,8318899000000,8318900000000,247304000,97000,26000,14000,14735000
1791427133,669445868,1211,1747767917,S,N,8318892000000,8318891000000,8318890000000,8318888000000,8318868000000,387788000,62000,13000,1000000,8000,8318893000000,8318894000000,8318895000000,8318899000000,8318900000000,247304000,97000,26000,14000,14735000
1791427133,673236043,1212,1747767917,D,N,8318892000000,8318891000000,8318890000000,8318888000000,8318868000000,387788000,62000,13000,1000000,8000,8318893000000,8318894000000,8318895000000,8318899000000,8318900000000,247304000,97000,26000,14000,14735000
1791427133,794709249,1213,1747767917,D,N,8318892000000,8318891000000,8318890000000,8318888000000,8318868000000,387788000,62000,13000,1000000,8000,8318893000000,8318894000000,8318895000000,8318899000000,8318900000000,237304000,97000,26000,14000,14735000
1791427133,894406548,1214,1747767917,D,N,8318892000000,8318891000000,8318890000000,8318888000000,8318868000000,387788000,62000,13000,1000000,8000,8318893000000,8318894000000,8318895000000,8318899000000,8318900000000,238451000,97000,26000,14000,14735000
1791427133,945790744,1215,1747767917,S,N,8318892000000,8318891000000,8318890000000,8318888000000,8318868000000,387788000,62000,13000,1000000,8000,8318893000000,8318894000000,8318895000000,8318899000000,8318900000000,238451000,97000,26000,14000,14735000
1791427133,948629972,1216,1747767917,D,N,8318892000000,8318891000000,8318890000000,8318888000000,8318868000000,387788000,62000,13000,1000000,8000,8318893000000,8318894000000,8318895000000,8318899000000,8318900000000,238451000,97000,26000,14000,14735000
1791427134,47006209,1217,1747767917,D,N,8318892000000,8318891000000,8318890000000,8318888000000,8318868000000,387788000,62000,13000,1000000,8000,8318893000000,8318894000000,8318895000000,8318899000000,8318900000000,240083000,97000,26000,14000,14735000
1791427134,144578077,1218,1747767917,D,N,8318892000000,8318891000000,8318890000000,8318888000000,8318868000000,387788000,62000,13000,1000000,8000,8318893000000,8318894000000,8318895000000,8318899000000,8318900000000,237194000,97000,26000,14000,14735000
1791427134,241732241,1219,1747767917,D,N,8318892000000,8318891000000,8318890000000,8318888000000,8318868000000,387788000,62000,13000,1000000,8000,8318893000000,8318894000000,8318895000000,8318899000000,8318900000000,238835000,97000,26000,14000,14735000
1791427134,342538815,1220,1747767917,D,N,8318892000000,8318891000000,8318890000000,8318888000000,8318868000000,387746000,62000,13000,1000000,8000,8318893000000,8318894000000,8318895000000,8318899000000,8318900000000,238826000,97000,26000,14000,14735000
1791427134,437198410,1221,1747767917,D,N,8318892000000,8318891000000,8318890000000,8318888000000,8318868000000,444675000,20000,13000,1000000,8000,8318893000000,8318894000000,8318895000000,8318927000000,8318928000000,82699000,97000,26000,14000,7000
1791427134,536331232,1222,1747767917,D,N,8318892000000,8318891000000,8318890000000,8318888000000,8318868000000,444675000,20000,13000,1000000,8000,8318893000000,8318894000000,8318895000000,8318927000000,8318928000000,81236000,104000,26000,14000,7000
1791427134,632622084,1223,1747767917,D,N,8318892000000,8318891000000,8318890000000,8318888000000,8318868000000,444675000,20000,13000,1000000,8000,8318893000000,8318894000000,8318895000000,8318927000000,8318928000000,71777000,104000,26000,14000,7000
1791427134,728420719,1224,1747767917,D,N,8318892000000,8318891000000,8318890000000,8318888000000,8318868000000,444668000,13000,13000,1000000,8000,8318893000000,8318894000000,8318895000000,8318927000000,8318928000000,71290000,104000,26000,14000,7000
1791427134,826792941,1225,1747767917,D,N,8318892000000,8318891000000,8318890000000,8318888000000,8318868000000,444668000,13000,13000,1000000,8000,8318893000000,8318894000000,8318895000000,8318927000000,8318928000000,69056000,97000,26000,14000,7000
1791427134,927857128,1226,1747767917,S,N,8318892000000,8318891000000,8318890000000,8318888000000,8318868000000,444668000,13000,13000,1000000,8000,8318893000000,8318894000000,8318895000000,8318927000000,8318928000000,69056000,97000,26000,14000,7000
1791427134,930428463,1227,1747767917,D,N,8318892000000,8318891000000,8318890000000,8318888000000,8318868000000,444668000,13000,13000,1000000,8000,8318893000000,8318894000000,8318895000000,8318927000000,8318928000000,69056000,97000,26000,14000,7000
1791427135,193143435,1228,1747767917,D,N,8319287000000,8319286000000,8319285000000,8319199000000,8319172000000,913386000,13000,13000,99622000,8000,8319288000000,8319289000000,8319321000000,8319354000000,8319375000000,41511000,42000,7000,7000,14000
1791427135,197495444,1229,1747767917,D,N,8319287000000,8319286000000,8319285000000,8319199000000,8319172000000,985695000,870000,13000,99622000,8000,8319288000000,8319289000000,8319321000000,8319354000000,8319375000000,79850000,35000,7000,7000,14000
1791427135,218839449,1230,1747767917,D,N,8319287000000,8319286000000,8319285000000,8319199000000,8319172000000,1049902000,870000,13000,69033000,8000,8319288000000,8319289000000,8319321000000,8319354000000,8319400000000,26769000,42000,7000,7000,14000
1791427135,337649379,1231,1747767917,D,N,8319287000000,8319286000000,8319285000000,8319199000000,8319172000000,1049902000,870000,13000,130619000,8000,8319288000000,8319289000000,8319321000000,8319354000000,8319400000000,15741000,42000,7000,7000,14000
1791427135,424524472,1232,1747767917,D,N,8319475000000,8319474000000,8319473000000,8319376000000,8319354000000,979614000,201066000,13000,400000,14000,8319476000000,8319477000000,8319485000000,8319486000000,8319492000000,63866000,42000,14000,1502000,7000
1791427135,518812090,1233,1747767917,D,N,8319475000000,8319474000000,8319473000000,8319434000000,8319376000000,981022000,201073000,13000,200000,400000,8319476000000,8319477000000,8319485000000,8319486000000,8319492000000,54447000,42000,14000,1502000,7000
1791427135,609998361,1234,1747767917,D,N,8319475000000,8319474000000,8319473000000,8319434000000,8319376000000,981879000,201073000,13000,200000,400000,8319476000000,8319477000000,8319485000000,8319486000000,8319492000000,54454000,42000,14000,1502000,7000
1791427135,708225376,1235,1747767917,D,N,8319475000000,8319474000000,8319473000000,8319434000000,8319376000000,981886000,201073000,13000,200000,400000,8319476000000,8319477000000,8319485000000,8319486000000,8319492000000,44454000,56000,14000,1502000,7000
1791427135,805848159,1236,1747767917,S,N,8319475000000,8319474000000,8319473000000,8319434000000,8319376000000,981886000,201073000,13000,200000,400000,8319476000000,8319477000000,8319485000000,8319486000000,8319492000000,44454000,56000,14000,1502000,7000
1791427135,806885662,1237,1747767917,D,N,8319475000000,8319474000000,8319473000000,8319434000000,8319376000000,981886000,201073000,13000,200000,400000,8319476000000,8319477000000,8319485000000,8319486000000,8319492000000,44454000,56000,14000,1502000,7000
1791427135,904331906,1238,1747767917,D,N,8319475000000,8319474000000,8319473000000,8319434000000,8319376000000,998893000,201073000,13000,200000,400000,8319476000000,8319477000000,8319485000000,8319486000000,8319492000000,43065000,56000,14000,1502000,7000
1791427136,38052756,1239,1747767917,S,N,8319475000000,8319474000000,8319473000000,8319434000000,8319376000000,998893000,201073000,13000,200000,400000,8319476000000,8319477000000,8319485000000,8319486000000,8319492000000,43065000,56000,14000,1502000,7000
1791427136,39296663,1240,1747767917,D,N,8319475000000,8319474000000,8319473000000,8319434000000,8319376000000,998893000,201073000,13000,200000,400000,8319476000000,8319477000000,8319485000000,8319486000000,8319492000000,43065000,56000,14000,1502000,7000
1791427136,100536547,1241,1747767917,D,N,8319475000000,8319474000000,8319473000000,8319434000000,8319376000000,998893000,201073000,13000,200000,400000,8319476000000,8319477000000,8319485000000,8319486000000,8319492000000,43058000,49000,14000,1502000,7000
1791427136,197894373,1242,1747767917,D,N,8319475000000,8319474000000,8319473000000,8319434000000,8319376000000,1186008000,201073000,13000,200000,400000,8319476000000,8319477000000,8319485000000,8319486000000,8319492000000,24988000,49000,14000,1502000,7000
1791427136,297749609,1243,1747767917,D,N,8319716000000,8319715000000,8319714000000,8319623000000,8319584000000,953344000,13000,13000,8000,400000,8319717000000,8319718000000,8319719000000,8319742000000,8319780000000,211624000,48000,13000,7000,7000
1791427136,406883523,1244,1747767917,D,N,8319716000000,8319715000000,8319714000000,8319623000000,8319584000000,954297000,13000,13000,8000,400000,8319717000000,8319718000000,8319719000000,8319742000000,8319780000000,211793000,48000,13000,7000,7000
1791427136,492538405,1245,1747767917,D,N,8319716000000,8319715000000,8319714000000,8319623000000,8319584000000,954311000,13000,13000,8000,400000,8319717000000,8319718000000,8319719000000,8319742000000,8319780000000,210760000,48000,13000,7000,7000
1791427136,598920430,1246,1747767917,D,N,8319716000000,8319715000000,8319714000000,8319623000000,8319584000000,955309000,13000,13000,8000,400000,8319717000000,8319718000000,8319719000000,8319742000000,8319780000000,210760000,48000,13000,7000,7000
1791427136,741802265,1247,1747767917,S,N,8319716000000,8319715000000,8319714000000,8319623000000,8319584000000,955309000,13000,13000,8000,400000,8319717000000,8319718000000,8319719000000,8319742000000,8319780000000,210760000,48000,13000,7000,7000
1791427136,743852401,1248,1747767917,D,N,8319716000000,8319715000000,8319714000000,8319623000000,8319584000000,955309000,13000,13000,8000,400000,8319717000000,8319718000000,8319719000000,8319742000000,8319780000000,210760000,48000,13000,7000,7000
1791427136,797926686,1249,1747767917,D,N,8319716000000,8319715000000,8319714000000,8319623000000,8319584000000,955309000,13000,13000,8000,400000,8319717000000,8319718000000,8319719000000,8319742000000,8319780000000,210753000,48000,13000,7000,7000
1791427136,880600794,1250,1747767917,S,N,8319716000000,8319715000000,8319714000000,8319623000000,8319584000000,955309000,13000,13000,8000,400000,8319717000000,8319718000000,8319719000000,8319742000000,8319780000000,210753000,48000,13000,7000,7000
1791427136,882879532,1251,1747767917,D,N,8319716000000,8319715000000,8319714000000,8319623000000,8319584000000,955309000,13000,13000,8000,400000,8319717000000,8319718000000,8319719000000,8319742000000,8319780000000,210753000,48000,13000,7000,7000
1791427136,993744176,1252,1747767917,S,N,8319716000000,8319715000000,8319714000000,8319623000000,8319584000000,955309000,13000,13000,8000,400000,8319717000000,8319718000000,8319719000000,8319742000000,8319780000000,210753000,48000,13000,7000,7000
1791427136,994617217,1253,1747767917,D,N,8319716000000,8319715000000,8319714000000,8319623000000,8319584000000,955309000,13000,13000,8000,400000,8319717000000,8319718000000,8319719000000,8319742000000,8319780000000,210753000,48000,13000,7000,7000
1791427137,102263948,1254,1747767917,S,N,8319716000000,8319715000000,8319714000000,8319623000000,8319584000000,955309000,13000,13000,8000,400000,8319717000000,8319718000000,8319719000000,8319742000000,8319780000000,210753000,48000,13000,7000,7000
1791427137,103504735,1255,1747767917,D,N,8319716000000,8319715000000,8319714000000,8319623000000,8319584000000,955309000,13000,13000,8000,400000,8319717000000,8319718000000,8319719000000,8319742000000,8319780000000,210753000,48000,13000,7000,7000
1791427137,177679756,1256,1747767917,D,N,8319716000000,8319715000000,8319714000000,8319623000000,8319584000000,884342000,13000,13000,8000,400000,8319717000000,8319718000000,8319719000000,8319742000000,8319780000000,214378000,55000,13000,7000,7000
1791427137,302393058,1257,1747767917,D,N,8319716000000,8319715000000,8319714000000,8319623000000,8319584000000,884342000,13000,13000,8000,400000,8319717000000,8319718000000,8319719000000,8319742000000,8319780000000,248115000,55000,13000,7000,7000
1791427137,366855471,1258,1747767917,D,N,8319716000000,8319715000000,8319714000000,8319623000000,8319584000000,781606000,13000,13000,8000,400000,8319717000000,8319718000000,8319719000000,8319742000000,8319780000000,281103000,55000,13000,7000,7000
1791427137,482012678,1259,1747767917,D,N,8319716000000,8319715000000,8319714000000,8319623000000,8319600000000,721626000,13000,13000,8000,1000000,8319717000000,8319718000000,8319719000000,8319742000000,8319780000000,320793000,55000,13000,7000,7000
1791427137,556878283,1260,1747767917,D,N,8319716000000,8319715000000,8319714000000,8319623000000,8319600000000,721626000,13000,13000,8000,1000000,8319717000000,8319718000000,8319719000000,8319742000000,8319780000000,320800000,55000,13000,7000,7000
1791427137,664736717,1261,1747767917,D,N,8319716000000,8319715000000,8319714000000,8319623000000,8319600000000,721618000,13000,13000,8000,1000000,8319717000000,8319718000000,8319719000000,8319742000000,8319780000000,320989000,55000,13000,7000,7000
1791427137,786056347,1262,1747767917,D,N,8319716000000,8319715000000,8319714000000,8319623000000,8319600000000,721618000,13000,13000,8000,1000000,8319717000000,8319718000000,8319719000000,8319742000000,8319780000000,320794000,55000,13000,7000,7000
1791427137,854288291,1263,1747767917,D,N,8319716000000,8319715000000,8319714000000,8319623000000,8319601000000,721618000,13000,13000,8000,14000,8319717000000,8319718000000,8319719000000,8319742000000,8319780000000,322117000,55000,13000,7000,7000
1791427137,972437839,1264,1747767917,S,N,8319716000000,8319715000000,8319714000000,8319623000000,8319601000000,721618000,13000,13000,8000,14000,8319717000000,8319718000000,8319719000000,8319742000000,8319780000000,322117000,55000,13000,7000,7000
1791427137,973653436,1265,1747767917,D,N,8319716000000,8319715000000,8319714000000,8319623000000,8319601000000,721618000,13000,13000,8000,14000,8319717000000,8319718000000,8319719000000,8319742000000,8319780000000,322117000,55000,13000,7000,7000
1791427138,10731843,1266,1747767917,S,N,8319716000000,8319715000000,8319714000000,8319623000000,8319601000000,721618000,13000,13000,8000,14000,8319717000000,8319718000000,8319719000000,8319742000000,8319780000000,322117000,55000,13000,7000,7000
1791427138,11909703,1267,1747767917,D,N,8319716000000,8319715000000,8319714000000,8319623000000,8319601000000,721618000,13000,13000,8000,14000,8319717000000,8319718000000,8319719000000,8319742000000,8319780000000,322117000,55000,13000,7000,7000
1791427138,106044577,1268,1747767917,D,N,8319716000000,8319715000000,8319714000000,8319623000000,8319601000000,721716000,62000,13000,8000,14000,8319717000000,8319718000000,8319719000000,8319742000000,8319780000000,322117000,55000,13000,7000,7000
1791427138,201047776,1269,1747767917,S,N,8319716000000,8319715000000,8319714000000,8319623000000,8319601000000,721716000,62000,13000,8000,14000,8319717000000,8319718000000,8319719000000,8319742000000,8319780000000,322117000,55000,13000,7000,7000
1791427138,202236108,1270,1747767917,D,N,8319716000000,8319715000000,8319714000000,8319623000000,8319601000000,721716000,62000,13000,8000,14000,8319717000000,8319718000000,8319719000000,8319742000000,8319780000000,322117000,55000,13000,7000,7000
1791427138,293195995,1271,1747767917,S,N,8319716000000,8319715000000,8319714000000,8319623000000,8319601000000,721716000,62000,13000,8000,14000,8319717000000,8319718000000,8319719000000,8319742000000,8319780000000,322117000,55000,13000,7000,7000
1791427138,294295268,1272,1747767917,D,N,8319716000000,8319715000000,8319714000000,8319623000000,8319601000000,721716000,62000,13000,8000,14000,8319717000000,8319718000000,8319719000000,8319742000000,8319780000000,322117000,55000,13000,7000,7000
1791427138,389187520,1273,1747767917,S,N,8319716000000,8319715000000,8319714000000,8319623000000,8319601000000,721716000,62000,13000,8000,14000,8319717000000,8319718000000,8319719000000,8319742000000,8319780000000,322117000,55000,13000,7000,7000
1791427138,390509819,1274,1747767917,D,N,8319716000000,8319715000000,8319714000000,8319623000000,8319601000000,721716000,62000,13000,8000,14000,8319717000000,8319718000000,8319719000000,8319742000000,8319780000000,322117000,55000,13000,7000,7000
1791427138,481854244,1275,1747767917,S,N,8319716000000,8319715000000,8319714000000,8319623000000,8319601000000,721716000,62000,13000,8000,14000,8319717000000,8319718000000,8319719000000,8319742000000,8319780000000,322117000,55000,13000,7000,7000
1791427138,483064369,1276,1747767917,D,N,8319716000000,8319715000000,8319714000000,8319623000000,8319601000000,721716000,62000,13000,8000,14000,8319717000000,8319718000000,8319719000000,8319742000000,8319780000000,322117000,55000,13000,7000,7000
1791427138,576862631,1277,1747767917,D,N,8319716000000,8319715000000,8319714000000,8319623000000,8319601000000,721849000,62000,13000,8000,14000,8319717000000,8319718000000,8319719000000,8319742000000,8319780000000,322117000,55000,13000,7000,7000
1791427138,674958078,1278,1747767917,D,N,8319716000000,8319715000000,8319714000000,8319623000000,8319601000000,721849000,62000,13000,8000,14000,8319717000000,8319718000000,8319719000000,8319742000000,8319780000000,339106000,55000,13000,7000,7000
1791427138,763974424,1279,1747767917,S,N,8319716000000,8319715000000,8319714000000,8319623000000,8319601000000,721849000,62000,13000,8000,14000,8319717000000,8319718000000,8319719000000,8319742000000,8319780000000,339106000,55000,13000,7000,7000
1791427138,765092472,1280,1747767917,D,N,8319716000000,8319715000000,8319714000000,8319623000000,8319601000000,721849000,62000,13000,8000,14000,8319717000000,8319718000000,8319719000000,8319742000000,8319780000000,339106000,55000,13000,7000,7000
1791427138,859239988,1281,1747767917,S,N,8319716000000,8319715000000,8319714000000,8319623000000,8319601000000,721849000,62000,13000,8000,14000,8319717000000,8319718000000,8319719000000,8319742000000,8319780000000,339106000,55000,13000,7000,7000
1791427138,860269920,1282,1747767917,D,N,8319716000000,8319715000000,8319714000000,8319623000000,8319601000000,721849000,62000,13000,8000,14000,8319717000000,8319718000000,8319719000000,8319742000000,8319780000000,339106000,55000,13000,7000,7000
1791427138,954829333,1283,1747767917,D,N,8319716000000,8319715000000,8319714000000,8319623000000,8319601000000,721849000,62000,13000,8000,14000,8319717000000,8319718000000,8319719000000,8319742000000,8319780000000,338505000,55000,13000,7000,7000
1791427139,50459906,1284,1747767917,D,N,8319716000000,8319715000000,8319714000000,8319623000000,8319601000000,721859000,62000,13000,8000,14000,8319717000000,8319718000000,8319719000000,8319742000000,8319780000000,338505000,55000,13000,7000,7000
1791427139,143788061,1285,1747767917,D,N,8319716000000,8319715000000,8319714000000,8319623000000,8319601000000,721859000,62000,13000,8000,14000,8319717000000,8319718000000,8319719000000,8319742000000,8319780000000,338463000,55000,13000,7000,7000
1791427139,236596581,1286,1747767917,S,N,8319716000000,8319715000000,8319714000000,8319623000000,8319601000000,721859000,62000,13000,8000,14000,8319717000000,8319718000000,8319719000000,8319742000000,8319780000000,338463000,55000,13000,7000,7000
1791427139,237658117,1287,1747767917,D,N,8319716000000,8319715000000,8319714000000,8319623000000,8319601000000,721859000,62000,13000,8000,14000,8319717000000,8319718000000,8319719000000,8319742000000,8319780000000,338463000,55000,13000,7000,7000
1791427139,333017740,1288,1747767917,D,N,8319716000000,8319715000000,8319714000000,8319623000000,8319601000000,721866000,62000,13000,8000,14000,8319717000000,8319718000000,8319719000000,8319742000000,8319780000000,338463000,55000,13000,7000,7000
1791427139,429383615,1289,1747767917,S,N,8319716000000,8319715000000,8319714000000,8319623000000,8319601000000,721866000,62000,13000,8000,14000,8319717000000,8319718000000,8319719000000,8319742000000,8319780000000,338463000,55000,13000,7000,7000
1791427139,430552513,1290,1747767917,D,N,8319716000000,8319715000000,8319714000000,8319623000000,8319601000000,721866000,62000,13000,8000,14000,8319717000000,8319718000000,8319719000000,8319742000000,8319780000000,338463000,55000,13000,7000,7000
1791427139,523108101,1291,1747767917,S,N,8319716000000,8319715000000,8319714000000,8319623000000,8319601000000,721866000,62000,13000,8000,14000,8319717000000,8319718000000,8319719000000,8319742000000,8319780000000,338463000,55000,13000,7000,7000
1791427139,526150821,1292,1747767917,D,N,8319716000000,8319715000000,8319714000000,8319623000000,8319601000000,721866000,62000,13000,8000,14000,8319717000000,8319718000000,8319719000000,8319742000000,8319780000000,338463000,55000,13000,7000,7000
1791427139,616023038,1293,1747767917,D,N,8319716000000,8319715000000,8319714000000,8319623000000,8319601000000,721866000,62000,13000,8000,14000,8319717000000,8319718000000,8319719000000,8319742000000,8319780000000,338440000,55000,13000,7000,7000
1791427139,710533205,1294,1747767917,D,N,8319716000000,8319715000000,8319714000000,8319623000000,8319601000000,721866000,62000,13000,8000,14000,8319717000000,8319718000000,8319719000000,8319742000000,8319780000000,338233000,55000,13000,7000,7000
1791427139,806616714,1295,1747767917,D,N,8319716000000,8319715000000,8319714000000,8319623000000,8319601000000,721866000,62000,13000,8000,14000,8319717000000,8319718000000,8319719000000,8319742000000,8319780000000,338247000,55000,13000,7000,7000
1791427139,896997057,1296,1747767917,S,N,8319716000000,8319715000000,8319714000000,8319623000000,8319601000000,721866000,62000,13000,8000,14000,8319717000000,8319718000000,8319719000000,8319742000000,8319780000000,338247000,55000,13000,7000,7000
1791427139,898431905,1297,1747767917,D,N,8319716000000,8319715000000,8319714000000,8319623000000,8319601000000,721866000,62000,13000,8000,14000,8319717000000,8319718000000,8319719000000,8319742000000,8319780000000,338247000,55000,13000,7000,7000
1791427139,992077144,1298,1747767917,S,N,8319716000000,8319715000000,8319714000000,8319623000000,8319601000000,721866000,62000,13000,8000,14000,8319717000000,8319718000000,8319719000000,8319742000000,8319780000000,338247000,55000,13000,7000,7000
1791427139,995110335,1299,1747767917,D,N,8319716000000,8319715000000,8319714000000,8319623000000,8319601000000,721866000,62000,13000,8000,14000,8319717000000,8319718000000,8319719000000,8319742000000,8319780000000,338247000,55000,13000,7000,7000
1791427140,86392683,1300,1747767917,S,N,8319716000000,8319715000000,8319714000000,8319623000000,8319601000000,721866000,62000,13000,8000,14000,8319717000000,8319718000000,8319719000000,8319742000000,8319780000000,338247000,55000,13000,7000,7000
1791427140,87601960,1301,1747767917,D,N,8319716000000,8319715000000,8319714000000,8319623000000,8319601000000,721866000,62000,13000,8000,14000,8319717000000,8319718000000,8319719000000,8319742000000,8319780000000,338247000,55000,13000,7000,7000
1791427140,183984439,1302,1747767917,S,N,8319716000000,8319715000000,8319714000000,8319623000000,8319601000000,721866000,62000,13000,8000,14000,8319717000000,8319718000000,8319719000000,8319742000000,8319780000000,338247000,55000,13000,7000,7000
1791427140,185085882,1303,1747767917,D,N,8319716000000,8319715000000,8319714000000,8319623000000,8319601000000,721866000,62000,13000,8000,14000,8319717000000,8319718000000,8319719000000,8319742000000,8319780000000,338247000,55000,13000,7000,7000
1791427140,276380211,1304,1747767917,S,N,8319716000000,8319715000000,8319714000000,8319623000000,8319601000000,721866000,62000,13000,8000,14000,8319717000000,8319718000000,8319719000000,8319742000000,8319780000000,338247000,55000,13000,7000,7000
1791427140,278753291,1305,1747767917,D,N,8319716000000,8319715000000,8319714000000,8319623000000,8319601000000,721866000,62000,13000,8000,14000,8319717000000,8319718000000,8319719000000,8319742000000,8319780000000,338247000,55000,13000,7000,7000
1791427140,370789527,1306,1747767917,D,N,8319716000000,8319715000000,8319714000000,8319623000000,8319601000000,721866000,62000,13000,8000,14000,8319717000000,8319718000000,8319719000000,8319742000000,8319780000000,338238000,55000,13000,7000,7000
1791427140,493476173,1307,1747767917,S,N,8319716000000,8319715000000,8319714000000,8319623000000,8319601000000,721866000,62000,13000,8000,14000,8319717000000,8319718000000,8319719000000,8319742000000,8319780000000,338238000,55000,13000,7000,7000
1791427140,495980294,1308,1747767917,D,N,8319716000000,8319715000000,8319714000000,8319623000000,8319601000000,721866000,62000,13000,8000,14000,8319717000000,8319718000000,8319719000000,8319742000000,8319780000000,338238000,55000,13000,7000,7000
1791427140,565906432,1309,1747767917,D,N,8319716000000,8319715000000,8319714000000,8319623000000,8319601000000,721866000,62000,13000,8000,14000,8319717000000,8319718000000,8319719000000,8319742000000,8319780000000,338839000,55000,13000,7000,7000
1791427140,653551233,1310,1747767917,D,N,8319716000000,8319715000000,8319714000000,8319623000000,8319601000000,721866000,62000,13000,8000,14000,8319717000000,8319718000000,8319719000000,8319742000000,8319780000000,339031000,55000,13000,7000,7000
1791427140,761199474,1311,1747767917,D,N,8319716000000,8319715000000,8319714000000,8319623000000,8319601000000,721866000,62000,13000,8000,14000,8319717000000,8319718000000,8319719000000,8319742000000,8319780000000,338839000,55000,13000,7000,7000
1791427140,841080774,1312,1747767917,S,N,8319716000000,8319715000000,8319714000000,8319623000000,8319601000000,721866000,62000,13000,8000,14000,8319717000000,8319718000000,8319719000000,8319742000000,8319780000000,338839000,55000,13000,7000,7000
1791427140,843491496,1313,1747767917,D,N,8319716000000,8319715000000,8319714000000,8319623000000,8319601000000,721866000,62000,13000,8000,14000,8319717000000,8319718000000,8319719000000,8319742000000,8319780000000,338839000,55000,13000,7000,7000
1791427140,959901094,1314,1747767917,D,N,8319716000000,8319715000000,8319714000000,8319623000000,8319601000000,721880000,62000,13000,8000,14000,8319717000000,8319718000000,8319719000000,8319742000000,8319780000000,339583000,55000,13000,7000,7000
1791427141,34559146,1315,1747767917,S,N,8319716000000,8319715000000,8319714000000,8319623000000,8319601000000,721880000,62000,13000,8000,14000,8319717000000,8319718000000,8319719000000,8319742000000,8319780000000,339583000,55000,13000,7000,7000
1791427141,37008077,1316,1747767917,D,N,8319716000000,8319715000000,8319714000000,8319623000000,8319601000000,721880000,62000,13000,8000,14000,8319717000000,8319718000000,8319719000000,8319742000000,8319780000000,339583000,55000,13000,7000,7000
1791427141,147260253,1317,1747767917,D,N,8319716000000,8319715000000,8319714000000,8319623000000,8319601000000,721880000,62000,13000,8000,14000,8319717000000,8319718000000,8319719000000,8319742000000,8319780000000,338907000,55000,13000,7000,7000
1791427141,257568279,1318,1747767917,S,N,8319716000000,8319715000000,8319714000000,8319623000000,8319601000000,721880000,62000,13000,8000,14000,8319717000000,8319718000000,8319719000000,8319742000000,8319780000000,338907000,55000,13000,7000,7000
1791427141,258647929,1319,1747767917,D,N,8319716000000,8319715000000,8319714000000,8319623000000,8319601000000,721880000,62000,13000,8000,14000,8319717000000,8319718000000,8319719000000,8319742000000,8319780000000,338907000,55000,13000,7000,7000
1791427141,323651016,1320,1747767917,S,N,8319716000000,8319715000000,8319714000000,8319623000000,8319601000000,721880000,62000,13000,8000,14000,8319717000000,8319718000000,8319719000000,8319742000000,8319780000000,338907000,55000,13000,7000,7000
1791427141,324956521,1321,1747767917,D,N,8319716000000,8319715000000,8319714000000,8319623000000,8319601000000,721880000,62000,13000,8000,14000,8319717000000,8319718000000,8319719000000,8319742000000,8319780000000,338907000,55000,13000,7000,7000
1791427141,435597103,1322,1747767917,D,N,8319716000000,8319715000000,8319714000000,8319623000000,8319601000000,721880000,62000,13000,8000,14000,8319717000000,8319718000000,8319719000000,8319742000000,8319780000000,338900000,55000,13000,7000,7000
1791427141,548220849,1323,1747767917,D,N,8319716000000,8319715000000,8319714000000,8319623000000,8319601000000,721880000,62000,13000,8000,14000,8319717000000,8319718000000,8319719000000,8319742000000,8319780000000,338907000,55000,13000,7000,7000
1791427141,625709446,1324,1747767917,D,N,8319716000000,8319715000000,8319714000000,8319623000000,8319601000000,721880000,62000,13000,8000,14000,8319717000000,8319718000000,8319719000000,8319742000000,8319780000000,338306000,55000,13000,7000,7000
1791427141,743174003,1325,1747767917,D,N,8319716000000,8319715000000,8319714000000,8319623000000,8319601000000,721880000,62000,13000,8000,14000,8319717000000,8319718000000,8319719000000,8319742000000,8319780000000,338298000,55000,13000,7000,7000
1791427141,828121003,1326,1747767917,D,N,8319716000000,8319715000000,8319714000000,8319623000000,8319601000000,721880000,62000,13000,8000,14000,8319717000000,8319718000000,8319719000000,8319742000000,8319780000000,328899000,55000,13000,7000,7000
1791427141,910759603,1327,1747767917,S,N,8319716000000,8319715000000,8319714000000,8319623000000,8319601000000,721880000,62000,13000,8000,14000,8319717000000,8319718000000,8319719000000,8319742000000,8319780000000,328899000,55000,13000,7000,7000
1791427141,912366603,1328,1747767917,D,N,8319716000000,8319715000000,8319714000000,8319623000000,8319601000000,721880000,62000,13000,8000,14000,8319717000000,8319718000000,8319719000000,8319742000000,8319780000000,328899000,55000,13000,7000,7000
1791427141,994006603,1329,1747767917,D,N,8319716000000,8319715000000,8319714000000,8319623000000,8319601000000,721880000,62000,13000,8000,14000,8319717000000,8319718000000,8319719000000,8319742000000,8319780000000,328250000,55000,13000,7000,7000
1791427142,93005603,1330,1747767917,S,N,8319716000000,8319715000000,8319714000000,8319623000000,8319601000000,721880000,62000,13000,8000,14000,8319717000000,8319718000000,8319719000000,8319742000000,8319780000000,328250000,55000,13000,7000,7000
1791427142,94617203,1331,1747767917,D,N,8319716000000,8319715000000,8319714000000,8319623000000,8319601000000,721880000,62000,13000,8000,14000,8319717000000,8319718000000,8319719000000,8319742000000,8319780000000,328250000,55000,13000,7000,7000
1791427142,193372203,1332,1747767917,S,N,8319716000000,8319715000000,8319714000000,8319623000000,8319601000000,721880000,62000,13000,8000,14000,8319717000000,8319718000000,8319719000000,8319742000000,8319780000000,328250000,55000,13000,7000,7000
1791427142,195033503,1333,1747767917,D,N,8319716000000,8319715000000,8319714000000,8319623000000,8319601000000,721880000,62000,13000,8000,14000,8319717000000,8319718000000,8319719000000,8319742000000,8319780000000,328250000,55000,13000,7000,7000
1791427142,294353803,1334,1747767917,S,N,8319716000000,8319715000000,8319714000000,8319623000000,8319601000000,721880000,62000,13000,8000,14000,8319717000000,8319718000000,8319719000000,8319742000000,8319780000000,328250000,55000,13000,7000,7000
1791427142,296498703,1335,1747767917,D,N,8319716000000,8319715000000,8319714000000,8319623000000,8319601000000,721880000,62000,13000,8000,14000,8319717000000,8319718000000,8319719000000,8319742000000,8319780000000,328250000,55000,13000,7000,7000
1791427142,393619503,1336,1747767917,S,N,8319716000000,8319715000000,8319714000000,8319623000000,8319601000000,721880000,62000,13000,8000,14000,8319717000000,8319718000000,8319719000000,8319742000000,8319780000000,328250000,55000,13000,7000,7000
1791427142,395309703,1337,1747767917,D,N,8319716000000,8319715000000,8319714000000,8319623000000,8319601000000,721880000,62000,13000,8000,14000,8319717000000,8319718000000,8319719000000,8319742000000,8319780000000,328250000,55000,13000,7000,7000
1791427142,493892803,1338,1747767917,D,N,8319716000000,8319715000000,8319714000000,8319623000000,8319601000000,721880000,62000,13000,8000,14000,8319717000000,8319718000000,8319719000000,8319742000000,8319780000000,328297000,55000,13000,7000,7000
1791427142,593365003,1339,1747767917,S,N,8319716000000,8319715000000,8319714000000,8319623000000,8319601000000,721880000,62000,13000,8000,14000,8319717000000,8319718000000,8319719000000,8319742000000,8319780000000,328297000,55000,13000,7000,7000
1791427142,595015403,1340,1747767917,D,N,8319716000000,8319715000000,8319714000000,8319623000000,8319601000000,721880000,62000,13000,8000,14000,8319717000000,8319718000000,8319719000000,8319742000000,8319780000000,328297000,55000,13000,7000,7000
1791427142,695181203,1341,1747767917,D,N,8319716000000,8319715000000,8319714000000,8319623000000,8319601000000,721460000,62000,13000,8000,14000,8319717000000,8319718000000,8319719000000,8319742000000,8319780000000,309620000,55000,13000,7000,7000
1791427142,796000803,1342,1747767917,D,N,8319716000000,8319715000000,8319714000000,8319623000000,8319601000000,721460000,62000,13000,8000,14000,8319717000000,8319718000000,8319719000000,8319742000000,8319780000000,310063000,55000,13000,7000,7000
1791427142,893580803,1343,1747767917,S,N,8319716000000,8319715000000,8319714000000,8319623000000,8319601000000,721460000,62000,13000,8000,14000,8319717000000,8319718000000,8319719000000,8319742000000,8319780000000,310063000,55000,13000,7000,7000
1791427142,895429203,1344,1747767917,D,N,8319716000000,8319715000000,8319714000000,8319623000000,8319601000000,721460000,62000,13000,8000,14000,8319717000000,8319718000000,8319719000000,8319742000000,8319780000000,310063000,55000,13000,7000,7000
1791427142,993302503,1345,1747767917,S,N,8319716000000,8319715000000,8319714000000,8319623000000,8319601000000,721460000,62000,13000,8000,14000,8319717000000,8319718000000,8319719000000,8319742000000,8319780000000,310063000,55000,13000,7000,7000
1791427142,995077803,1346,1747767917,D,N,8319716000000,8319715000000,8319714000000,8319623000000,8319601000000,721460000,62000,13000,8000,14000,8319717000000,8319718000000,8319719000000,8319742000000,8319780000000,310063000,55000,13000,7000,7000
1791427143,93551403,1347,1747767917,S,N,8319716000000,8319715000000,8319714000000,8319623000000,8319601000000,721460000,62000,13000,8000,14000,8319717000000,8319718000000,8319719000000,8319742000000,8319780000000,310063000,55000,13000,7000,7000
1791427143,95272703,1348,1747767917,D,N,8319716000000,8319715000000,8319714000000,8319623000000,8319601000000,721460000,62000,13000,8000,14000,8319717000000,8319718000000,8319719000000,8319742000000,8319780000000,310063000,55000,13000,7000,7000
1791427143,193983603,1349,1747767917,D,N,8319716000000,8319715000000,8319714000000,8319623000000,8319601000000,721467000,62000,13000,8000,14000,8319717000000,8319718000000,8319719000000,8319742000000,8319780000000,310063000,55000,13000,7000,7000
1791427143,293452803,1350,1747767917,D,N,8319716000000,8319715000000,8319714000000,8319623000000,8319601000000,721467000,62000,13000,8000,14000,8319717000000,8319718000000,8319719000000,8319742000000,8319780000000,321699000,55000,13000,7000,7000
1791427143,393793403,1351,1747767917,D,N,8319716000000,8319715000000,8319714000000,8319623000000,8319601000000,721460000,62000,13000,8000,14000,8319717000000,8319718000000,8319719000000,8319742000000,8319780000000,321685000,55000,13000,7000,7000
1791427143,496431203,1352,1747767917,D,N,8319716000000,8319715000000,8319714000000,8319623000000,8319601000000,721460000,62000,13000,8000,14000,8319717000000,8319718000000,8319719000000,8319742000000,8319780000000,321886000,55000,13000,7000,7000
1791427143,597765303,1353,1747767917,D,N,8319716000000,8319715000000,8319714000000,8319623000000,8319601000000,721460000,62000,13000,8000,14000,8319717000000,8319718000000,8319719000000,8319742000000,8319780000000,311646000,55000,13000,7000,7000
1791427143,719277603,1354,1747767917,D,N,8319716000000,8319715000000,8319714000000,8319623000000,8319601000000,721460000,62000,13000,8000,14000,8319717000000,8319718000000,8319719000000,8319742000000,8319780000000,311458000,55000,13000,7000,7000
1791427143,794415003,1355,1747767917,D,N,8319716000000,8319715000000,8319714000000,8319623000000,8319601000000,721460000,62000,13000,8000,14000,8319717000000,8319718000000,8319719000000,8319742000000,8319780000000,311648000,55000,13000,7000,7000
1791427143,907718103,1356,1747767917,D,N,8319716000000,8319715000000,8319714000000,8319623000000,8319601000000,721460000,62000,13000,8000,14000,8319717000000,8319718000000,8319719000000,8319742000000,8319780000000,312059000,55000,13000,7000,7000
1791427143,998834703,1357,1747767917,D,N,8319716000000,8319715000000,8319714000000,8319623000000,8319601000000,721467000,62000,13000,8000,14000,8319717000000,8319718000000,8319719000000,8319742000000,8319780000000,312249000,55000,13000,7000,7000
1791427144,94925703,1358,1747767917,D,N,8319716000000,8319715000000,8319714000000,8319623000000,8319601000000,721460000,62000,13000,8000,14000,8319717000000,8319718000000,8319719000000,8319742000000,8319780000000,312249000,55000,13000,7000,7000
1791427144,197274103,1359,1747767917,D,N,8319716000000,8319715000000,8319714000000,8319623000000,8319601000000,721460000,62000,13000,8000,14000,8319717000000,8319718000000,8319719000000,8319742000000,8319780000000,311648000,55000,13000,7000,7000
1791427144,303128603,1360,1747767917,D,N,8319716000000,8319715000000,8319714000000,8319623000000,8319601000000,721460000,62000,13000,8000,14000,8319717000000,8319718000000,8319719000000,8319742000000,8319780000000,311647000,55000,13000,7000,7000
1791427144,397836703,1361,1747767917,D,N,8319716000000,8319715000000,8319714000000,8319623000000,8319601000000,721460000,62000,13000,8000,14000,8319717000000,8319718000000,8319719000000,8319742000000,8319780000000,311646000,55000,13000,7000,7000
1791427144,497283703,1362,1747767917,D,N,8319716000000,8319715000000,8319714000000,8319623000000,8319601000000,721467000,62000,13000,8000,14000,8319717000000,8319718000000,8319719000000,8319742000000,8319780000000,311458000,55000,13000,7000,7000
1791427144,597927903,1363,1747767917,D,N,8319716000000,8319715000000,8319714000000,8319623000000,8319601000000,721467000,62000,13000,8000,14000,8319717000000,8319718000000,8319719000000,8319742000000,8319780000000,311650000,55000,13000,7000,7000
1791427144,695769003,1364,1747767917,D,N,8319716000000,8319715000000,8319714000000,8319623000000,8319601000000,778347000,48000,13000,8000,14000,8319717000000,8319718000000,8319719000000,8319742000000,8319780000000,295582000,55000,13000,7000,7000
1791427144,798144041,1365,1747767917,D,N,8319716000000,8319715000000,8319714000000,8319623000000,8319601000000,710667000,62000,13000,8000,14000,8319717000000,8319718000000,8319719000000,8319742000000,8319780000000,295343000,55000,13000,7000,7000
1791427144,923630058,1366,1747767917,S,N,8319716000000,8319715000000,8319714000000,8319623000000,8319601000000,710667000,62000,13000,8000,14000,8319717000000,8319718000000,8319719000000,8319742000000,8319780000000,295343000,55000,13000,7000,7000
1791427144,924513322,1367,1747767917,D,N,8319716000000,8319715000000,8319714000000,8319623000000,8319601000000,710667000,62000,13000,8000,14000,8319717000000,8319718000000,8319719000000,8319742000000,8319780000000,295343000,55000,13000,7000,7000
1791427144,992473482,1368,1747767917,D,N,8319716000000,8319715000000,8319714000000,8319623000000,8319601000000,710667000,62000,13000,8000,14000,8319717000000,8319718000000,8319719000000,8319742000000,8319780000000,294247000,55000,13000,7000,7000
1791427145,138316714,1369,1747767917,D,N,8319716000000,8319715000000,8319714000000,8319623000000,8319601000000,710667000,62000,13000,8000,14000,8319717000000,8319718000000,8319719000000,8319742000000,8319780000000,294181000,55000,13000,7000,7000
1791427145,188016228,1370,1747767917,S,N,8319716000000,8319715000000,8319714000000,8319623000000,8319601000000,710667000,62000,13000,8000,14000,8319717000000,8319718000000,8319719000000,8319742000000,8319780000000,294181000,55000,13000,7000,7000
1791427145,189134616,1371,1747767917,D,N,8319716000000,8319715000000,8319714000000,8319623000000,8319601000000,710667000,62000,13000,8000,14000,8319717000000,8319718000000,8319719000000,8319742000000,8319780000000,294181000,55000,13000,7000,7000
1791427145,333998482,1372,1747767917,D,N,8319716000000,8319715000000,8319714000000,8319623000000,8319601000000,710639000,62000,13000,8000,14000,8319717000000,8319718000000,8319719000000,8319742000000,8319780000000,293821000,55000,13000,7000,7000
1791427145,384869861,1373,1747767917,S,N,8319716000000,8319715000000,8319714000000,8319623000000,8319601000000,710639000,62000,13000,8000,14000,8319717000000,8319718000000,8319719000000,8319742000000,8319780000000,293821000,55000,13000,7000,7000
1791427145,385950952,1374,1747767917,D,N,8319716000000,8319715000000,8319714000000,8319623000000,8319601000000,710639000,62000,13000,8000,14000,8319717000000,8319718000000,8319719000000,8319742000000,8319780000000,293821000,55000,13000,7000,7000
1791427145,532444200,1375,1747767917,D,N,8319716000000,8319715000000,8319714000000,8319623000000,8319601000000,710667000,62000,13000,8000,14000,8319717000000,8319718000000,8319719000000,8319742000000,8319780000000,293821000,55000,13000,7000,7000
1791427145,583394118,1376,1747767917,S,N,8319716000000,8319715000000,8319714000000,8319623000000,8319601000000,710667000,62000,13000,8000,14000,8319717000000,8319718000000,8319719000000,8319742000000,8319780000000,293821000,55000,13000,7000,7000
1791427145,584351086,1377,1747767917,D,N,8319716000000,8319715000000,8319714000000,8319623000000,8319601000000,710667000,62000,13000,8000,14000,8319717000000,8319718000000,8319719000000,8319742000000,8319780000000,293821000,55000,13000,7000,7000
1791427145,706703251,1378,1747767917,D,N,8319716000000,8319715000000,8319714000000,8319623000000,8319601000000,710659000,62000,13000,8000,14000,8319717000000,8319718000000,8319719000000,8319742000000,8319780000000,293821000,55000,13000,7000,7000
1791427145,816854388,1379,1747767917,S,N,8319716000000,8319715000000,8319714000000,8319623000000,8319601000000,710659000,62000,13000,8000,14000,8319717000000,8319718000000,8319719000000,8319742000000,8319780000000,293821000,55000,13000,7000,7000
1791427145,818395463,1380,1747767917,D,N,8319716000000,8319715000000,8319714000000,8319623000000,8319601000000,710659000,62000,13000,8000,14000,8319717000000,8319718000000,8319719000000,8319742000000,8319780000000,293821000,55000,13000,7000,7000
1791427145,889412022,1381,1747767917,S,N,8319716000000,8319715000000,8319714000000,8319623000000,8319601000000,710659000,62000,13000,8000,14000,8319717000000,8319718000000,8319719000000,8319742000000,8319780000000,293821000,55000,13000,7000,7000
1791427145,890564647,1382,1747767917,D,N,8319716000000,8319715000000,8319714000000,8319623000000,8319601000000,710659000,62000,13000,8000,14000,8319717000000,8319718000000,8319719000000,8319742000000,8319780000000,293821000,55000,13000,7000,7000
1791427146,46694180,1383,1747767917,S,N,8319716000000,8319715000000,8319714000000,8319623000000,8319601000000,710659000,62000,13000,8000,14000,8319717000000,8319718000000,8319719000000,8319742000000,8319780000000,293821000,55000,13000,7000,7000
1791427146,47889232,1384,1747767917,D,N,8319716000000,8319715000000,8319714000000,8319623000000,8319601000000,710659000,62000,13000,8000,14000,8319717000000,8319718000000,8319719000000,8319742000000,8319780000000,293821000,55000,13000,7000,7000
1791427146,85189496,1385,1747767917,D,N,8319716000000,8319715000000,8319714000000,8319623000000,8319601000000,710659000,62000,13000,8000,14000,8319717000000,8319718000000,8319719000000,8319742000000,8319780000000,283842000,55000,13000,7000,7000
1791427146,215347383,1386,1747767917,S,N,8319716000000,8319715000000,8319714000000,8319623000000,8319601000000,710659000,62000,13000,8000,14000,8319717000000,8319718000000,8319719000000,8319742000000,8319780000000,283842000,55000,13000,7000,7000
1791427146,216655704,1387,1747767917,D,N,8319716000000,8319715000000,8319714000000,8319623000000,8319601000000,710659000,62000,13000,8000,14000,8319717000000,8319718000000,8319719000000,8319742000000,8319780000000,283842000,55000,13000,7000,7000
1791427146,273870958,1388,1747767917,D,N,8319716000000,8319715000000,8319714000000,8319623000000,8319601000000,710652000,62000,13000,8000,14000,8319717000000,8319718000000,8319719000000,8319742000000,8319780000000,283842000,55000,13000,7000,7000
1791427146,376241730,1389,1747767917,D,N,8319716000000,8319715000000,8319714000000,8319623000000,8319601000000,710652000,62000,13000,8000,14000,8319717000000,8319718000000,8319719000000,8319742000000,8319780000000,300166000,55000,13000,7000,7000
1791427146,473512616,1390,1747767917,D,N,8319716000000,8319715000000,8319714000000,8319623000000,8319601000000,710652000,62000,13000,8000,14000,8319717000000,8319718000000,8319719000000,8319742000000,8319780000000,300179000,55000,13000,7000,7000
1791427146,573693974,1391,1747767917,D,N,8319716000000,8319715000000,8319714000000,8319623000000,8319601000000,710659000,62000,13000,8000,14000,8319717000000,8319718000000,8319719000000,8319742000000,8319780000000,300179000,55000,13000,7000,7000
1791427146,670589926,1392,1747767917,S,N,8319716000000,8319715000000,8319714000000,8319623000000,8319601000000,710659000,62000,13000,8000,14000,8319717000000,8319718000000,8319719000000,8319742000000,8319780000000,300179000,55000,13000,7000,7000
1791427146,673556637,1393,1747767917,D,N,8319716000000,8319715000000,8319714000000,8319623000000,8319601000000,710659000,62000,13000,8000,14000,8319717000000,8319718000000,8319719000000,8319742000000,8319780000000,300179000,55000,13000,7000,7000
1791427146,768170823,1394,1747767917,S,N,8319716000000,8319715000000,8319714000000,8319623000000,8319601000000,710659000,62000,13000,8000,14000,8319717000000,8319718000000,8319719000000,8319742000000,8319780000000,300179000,55000,13000,7000,7000
1791427146,769875488,1395,1747767917,D,N,8319716000000,8319715000000,8319714000000,8319623000000,8319601000000,710659000,62000,13000,8000,14000,8319717000000,8319718000000,8319719000000,8319742000000,8319780000000,300179000,55000,13000,7000,7000
1791427146,870960929,1396,1747767917,D,N,8319716000000,8319715000000,8319714000000,8319623000000,8319601000000,710603000,55000,13000,8000,14000,8319717000000,8319718000000,8319719000000,8319742000000,8319780000000,332654000,55000,13000,7000,7000
1791427146,968265361,1397,1747767917,D,N,8319716000000,8319715000000,8319714000000,8319623000000,8319601000000,710652000,62000,13000,8000,14000,8319717000000,8319718000000,8319719000000,8319742000000,8319780000000,332654000,55000,13000,7000,7000
1791427147,63409486,1398,1747767917,S,N,8319716000000,8319715000000,8319714000000,8319623000000,8319601000000,710652000,62000,13000,8000,14000,8319717000000,8319718000000,8319719000000,8319742000000,8319780000000,332654000,55000,13000,7000,7000
1791427147,66339888,1399,1747767917,D,N,8319716000000,8319715000000,8319714000000,8319623000000,8319601000000,710652000,62000,13000,8000,14000,8319717000000,8319718000000,8319719000000,8319742000000,8319780000000,332654000,55000,13000,7000,7000
1791427147,160723292,1400,1747767917,D,N,8319716000000,8319715000000,8319714000000,8319623000000,8319601000000,710631000,62000,13000,8000,14000,8319717000000,8319718000000,8319719000000,8319742000000,8319780000000,332654000,55000,13000,7000,7000
1791427147,259689273,1401,1747767917,D,N,8319716000000,8319715000000,8319714000000,8319623000000,8319601000000,710697000,62000,13000,8000,14000,8319717000000,8319718000000,8319719000000,8319742000000,8319780000000,332654000,55000,13000,7000,7000
1791427147,359399595,1402,1747767917,D,N,8319716000000,8319715000000,8319714000000,8319623000000,8319601000000,710718000,62000,13000,8000,14000,8319717000000,8319718000000,8319719000000,8319742000000,8319780000000,332654000,55000,13000,7000,7000
1791427147,471026292,1403,1747767917,D,N,8319716000000,8319715000000,8319714000000,8319623000000,8319601000000,710718000,62000,13000,8000,14000,8319717000000,8319718000000,8319719000000,8319742000000,8319780000000,332647000,55000,13000,7000,7000
1791427147,556259443,1404,1747767917,D,N,8319716000000,8319715000000,8319714000000,8319623000000,8319601000000,767626000,34000,13000,8000,14000,8319717000000,8319718000000,8319719000000,8319742000000,8319780000000,313848000,55000,13000,7000,7000
1791427147,655614072,1405,1747767917,D,N,8319716000000,8319715000000,8319714000000,8319623000000,8319601000000,767626000,34000,13000,8000,14000,8319717000000,8319718000000,8319719000000,8319742000000,8319780000000,219409000,55000,13000,7000,7000
1791427147,755099237,1406,1747767917,D,N,8319716000000,8319715000000,8319714000000,8319623000000,8319601000000,767647000,55000,13000,8000,14000,8319717000000,8319718000000,8319719000000,8319742000000,8319780000000,218808000,55000,13000,7000,7000
1791427147,858212772,1407,1747767917,D,N,8319716000000,8319715000000,8319714000000,8319623000000,8319601000000,767612000,20000,13000,8000,14000,8319717000000,8319718000000,8319719000000,8319742000000,8319780000000,218808000,55000,13000,7000,7000
1791427147,950409327,1408,1747767917,D,N,8319716000000,8319715000000,8319714000000,8319623000000,8319601000000,767668000,62000,13000,8000,14000,8319717000000,8319718000000,8319719000000,8319742000000,8319780000000,219566000,55000,13000,7000,7000
1791427148,49369486,1409,1747767917,S,N,8319716000000,8319715000000,8319714000000,8319623000000,8319601000000,767668000,62000,13000,8000,14000,8319717000000,8319718000000,8319719000000,8319742000000,8319780000000,219566000,55000,13000,7000,7000
1791427148,50614167,1410,1747767917,D,N,8319716000000,8319715000000,8319714000000,8319623000000,8319601000000,767668000,62000,13000,8000,14000,8319717000000,8319718000000,8319719000000,8319742000000,8319780000000,219566000,55000,13000,7000,7000
1791427148,149672993,1411,1747767917,D,N,8319716000000,8319715000000,8319714000000,8319623000000,8319601000000,767626000,34000,13000,8000,14000,8319717000000,8319718000000,8319719000000,8319742000000,8319780000000,272925000,55000,13000,7000,7000
1791427148,248445093,1412,1747767917,D,N,8319716000000,8319715000000,8319714000000,8319623000000,8319601000000,767668000,62000,13000,8000,14000,8319717000000,8319718000000,8319719000000,8319742000000,8319780000000,272915000,55000,13000,7000,7000
1791427148,347636823,1413,1747767917,D,N,8319716000000,8319715000000,8319714000000,8319623000000,8319601000000,767675000,62000,13000,8000,14000,8319717000000,8319718000000,8319719000000,8319742000000,8319780000000,272915000,55000,13000,7000,7000
1791427148,445997680,1414,1747767917,D,N,8319716000000,8319715000000,8319714000000,8319623000000,8319601000000,710697000,62000,13000,8000,14000,8319717000000,8319718000000,8319719000000,8319742000000,8319780000000,272915000,55000,13000,7000,7000
1791427148,544317690,1415,1747767917,D,N,8319716000000,8319715000000,8319714000000,8319623000000,8319601000000,710683000,62000,13000,8000,14000,8319717000000,8319718000000,8319719000000,8319742000000,8319780000000,272915000,55000,13000,7000,7000
1791427148,643093441,1416,1747767917,D,N,8319716000000,8319715000000,8319714000000,8319623000000,8319601000000,710681000,62000,13000,8000,14000,8319717000000,8319718000000,8319719000000,8319742000000,8319780000000,272915000,55000,13000,7000,7000
1791427148,741444136,1417,1747767917,S,N,8319716000000,8319715000000,8319714000000,8319623000000,8319601000000,710681000,62000,13000,8000,14000,8319717000000,8319718000000,8319719000000,8319742000000,8319780000000,272915000,55000,13000,7000,7000
1791427148,743917710,1418,1747767917,D,N,8319716000000,8319715000000,8319714000000,8319623000000,8319601000000,710681000,62000,13000,8000,14000,8319717000000,8319718000000,8319719000000,8319742000000,8319780000000,272915000,55000,13000,7000,7000
1791427148,841478282,1419,1747767917,D,N,8319716000000,8319715000000,8319714000000,8319623000000,8319601000000,710688000,62000,13000,8000,14000,8319717000000,8319718000000,8319719000000,8319742000000,8319780000000,272915000,55000,13000,7000,7000
1791427148,937541389,1420,1747767917,D,N,8319716000000,8319715000000,8319714000000,8319623000000,8319601000000,767603000,48000,13000,8000,14000,8319717000000,8319718000000,8319719000000,8319742000000,8319780000000,272890000,55000,13000,7000,7000
1791427149,51565293,1421,1747767917,D,N,8319716000000,8319715000000,8319714000000,8319623000000,8319601000000,767638000,62000,13000,8000,14000,8319717000000,8319718000000,8319719000000,8319742000000,8319780000000,270760000,55000,13000,7000,7000
1791427149,137843028,1422,1747767917,D,N,8319716000000,8319715000000,8319714000000,8319623000000,8319601000000,710632000,48000,13000,8000,14000,8319717000000,8319718000000,8319719000000,8319742000000,8319780000000,270760000,55000,13000,7000,7000
1791427149,291709444,1423,1747767917,D,N,8319716000000,8319715000000,8319714000000,8319623000000,8319601000000,767638000,62000,13000,8000,14000,8319717000000,8319718000000,8319719000000,8319742000000,8319780000000,279957000,55000,13000,7000,7000
1791427149,392401204,1424,1747767917,D,N,8319716000000,8319715000000,8319714000000,8319623000000,8319601000000,767666000,62000,13000,8000,14000,8319717000000,8319718000000,8319719000000,8319742000000,8319780000000,279957000,55000,13000,7000,7000
1791427149,438015028,1425,1747767917,S,N,8319716000000,8319715000000,8319714000000,8319623000000,8319601000000,767666000,62000,13000,8000,14000,8319717000000,8319718000000,8319719000000,8319742000000,8319780000000,279957000,55000,13000,7000,7000
1791427149,440987757,1426,1747767917,D,N,8319716000000,8319715000000,8319714000000,8319623000000,8319601000000,767666000,62000,13000,8000,14000,8319717000000,8319718000000,8319719000000,8319742000000,8319780000000,279957000,55000,13000,7000,7000
1791427149,531146055,1427,1747767917,D,N,8319716000000,8319715000000,8319714000000,8319623000000,8319601000000,767610000,48000,13000,8000,14000,8319717000000,8319718000000,8319719000000,8319742000000,8319780000000,279957000,55000,13000,7000,7000
1791427149,676954557,1428,1747767917,D,N,8319716000000,8319715000000,8319714000000,8319623000000,8319601000000,767645000,62000,13000,8000,14000,8319717000000,8319718000000,8319719000000,8319742000000,8319780000000,279957000,55000,13000,7000,7000
1791427149,726585991,1429,1747767917,S,N,8319716000000,8319715000000,8319714000000,8319623000000,8319601000000,767645000,62000,13000,8000,14000,8319717000000,8319718000000,8319719000000,8319742000000,8319780000000,279957000,55000,13000,7000,7000
1791427149,729371057,1430,1747767917,D,N,8319716000000,8319715000000,8319714000000,8319623000000,8319601000000,767645000,62000,13000,8000,14000,8319717000000,8319718000000,8319719000000,8319742000000,8319780000000,279957000,55000,13000,7000,7000
1791427149,849573569,1431,1747767917,D,N,8319716000000,8319715000000,8319714000000,8319623000000,8319601000000,767666000,62000,13000,8000,14000,8319717000000,8319718000000,8319719000000,8319742000000,8319780000000,279957000,55000,13000,7000,7000
1791427149,996480626,1432,1747767917,S,N,8319716000000,8319715000000,8319714000000,8319623000000,8319601000000,767666000,62000,13000,8000,14000,8319717000000,8319718000000,8319719000000,8319742000000,8319780000000,279957000,55000,13000,7000,7000
1791427149,997524520,1433,1747767917,D,N,8319716000000,8319715000000,8319714000000,8319623000000,8319601000000,767666000,62000,13000,8000,14000,8319717000000,8319718000000,8319719000000,8319742000000,8319780000000,279957000,55000,13000,7000,7000
1791427150,97669666,1434,1747767917,D,N,8319716000000,8319715000000,8319714000000,8319623000000,8319601000000,767617000,55000,13000,8000,14000,8319717000000,8319718000000,8319719000000,8319742000000,8319780000000,279957000,55000,13000,7000,7000
1791427150,127363812,1435,1747767917,D,N,8319716000000,8319715000000,8319714000000,8319623000000,8319601000000,767666000,62000,13000,8000,14000,8319717000000,8319718000000,8319719000000,8319742000000,8319780000000,279957000,55000,13000,7000,7000
1791427150,239758728,1436,1747767917,S,N,8319716000000,8319715000000,8319714000000,8319623000000,8319601000000,767666000,62000,13000,8000,14000,8319717000000,8319718000000,8319719000000,8319742000000,8319780000000,279957000,55000,13000,7000,7000
1791427150,241327924,1437,1747767917,D,N,8319716000000,8319715000000,8319714000000,8319623000000,8319601000000,767666000,62000,13000,8000,14000,8319717000000,8319718000000,8319719000000,8319742000000,8319780000000,279957000,55000,13000,7000,7000
1791427150,368212344,1438,1747767917,D,N,8319716000000,8319715000000,8319714000000,8319623000000,8319601000000,767617000,55000,13000,8000,14000,8319717000000,8319718000000,8319719000000,8319742000000,8319780000000,279957000,55000,13000,7000,7000
1791427150,437498486,1439,1747767917,D,N,8319716000000,8319715000000,8319714000000,8319623000000,8319601000000,767673000,62000,13000,8000,14000,8319717000000,8319718000000,8319719000000,8319742000000,8319780000000,279356000,55000,13000,7000,7000
1791427150,515970697,1440,1747767917,D,N,8319716000000,8319715000000,8319714000000,8319623000000,8319601000000,767666000,62000,13000,8000,14000,8319717000000,8319718000000,8319719000000,8319742000000,8319780000000,279356000,55000,13000,7000,7000
1791427150,614405357,1441,1747767917,S,N,8319716000000,8319715000000,8319714000000,8319623000000,8319601000000,767666000,62000,13000,8000,14000,8319717000000,8319718000000,8319719000000,8319742000000,8319780000000,279356000,55000,13000,7000,7000
1791427150,615555515,1442,1747767917,D,N,8319716000000,8319715000000,8319714000000,8319623000000,8319601000000,767666000,62000,13000,8000,14000,8319717000000,8319718000000,8319719000000,8319742000000,8319780000000,279356000,55000,13000,7000,7000
1791427150,714086178,1443,1747767917,D,N,8319716000000,8319715000000,8319714000000,8319623000000,8319601000000,767624000,62000,13000,8000,14000,8319717000000,8319718000000,8319719000000,8319742000000,8319780000000,279356000,55000,13000,7000,7000
1791427150,811973041,1444,1747767917,D,N,8319716000000,8319715000000,8319714000000,8319623000000,8319601000000,767617000,55000,13000,8000,14000,8319717000000,8319718000000,8319719000000,8319742000000,8319780000000,263138000,55000,13000,7000,7000
1791427150,912541665,1445,1747767917,D,N,8319716000000,8319715000000,8319714000000,8319623000000,8319601000000,767666000,62000,13000,8000,14000,8319717000000,8319718000000,8319719000000,8319742000000,8319780000000,263138000,55000,13000,7000,7000
1791427151,9968346,1446,1747767917,D,N,8319716000000,8319715000000,8319714000000,8319623000000,8319601000000,767638000,62000,13000,8000,14000,8319717000000,8319718000000,8319719000000,8319742000000,8319780000000,263130000,55000,13000,7000,7000
1791427151,108199358,1447,1747767917,D,N,8319716000000,8319715000000,8319714000000,8319623000000,8319601000000,767631000,62000,13000,8000,14000,8319717000000,8319718000000,8319719000000,8319742000000,8319780000000,263130000,55000,13000,7000,7000
1791427151,207246640,1448,1747767917,D,N,8319716000000,8319715000000,8319714000000,8319623000000,8319601000000,767596000,34000,13000,8000,14000,8319717000000,8319718000000,8319719000000,8319742000000,8319780000000,263130000,55000,13000,7000,7000
1791427151,305064139,1449,1747767917,D,N,8319716000000,8319715000000,8319714000000,8319624000000,8319623000000,767596000,34000,13000,601000,8000,8319717000000,8319718000000,8319719000000,8319742000000,8319780000000,82331000,55000,13000,7000,7000
1791427151,404308853,1450,1747767917,D,N,8319716000000,8319715000000,8319714000000,8319623000000,8319601000000,812362000,13000,13000,8000,14000,8319717000000,8319718000000,8319719000000,8319742000000,8319780000000,113081000,62000,13000,7000,7000
1791427151,503044743,1451,1747767917,D,N,8319716000000,8319715000000,8319714000000,8319623000000,8319600000000,850731000,13000,13000,8000,2800000,8319717000000,8319718000000,8319719000000,8319742000000,8319780000000,77076000,55000,13000,7000,7000
1791427151,604921293,1452,1747767917,D,N,8319716000000,8319715000000,8319714000000,8319623000000,8319600000000,850731000,13000,13000,8000,2800000,8319717000000,8319718000000,8319719000000,8319742000000,8319780000000,58351000,55000,13000,7000,7000
1791427151,709956264,1453,1747767917,D,N,8319716000000,8319715000000,8319714000000,8319656000000,8319623000000,852710000,13000,13000,200000,8000,8319717000000,8319718000000,8319719000000,8319742000000,8319780000000,50139000,55000,13000,7000,7000
1791427151,841728832,1454,1747767917,D,N,8319716000000,8319715000000,8319714000000,8319701000000,8319656000000,852703000,13000,13000,2084000,200000,8319717000000,8319718000000,8319719000000,8319742000000,8319780000000,32687000,55000,13000,7000,7000
1791427151,903171955,1455,1747767917,D,N,8319716000000,8319715000000,8319714000000,8319701000000,8319656000000,852717000,13000,13000,2084000,200000,8319717000000,8319718000000,8319719000000,8319742000000,8319780000000,32698000,55000,13000,7000,7000
1791427152,1732218,1456,1747767917,D,N,8319716000000,8319715000000,8319714000000,8319701000000,8319656000000,852724000,13000,13000,2084000,200000,8319717000000,8319718000000,8319719000000,8319742000000,8319780000000,32698000,55000,13000,7000,7000
1791427152,100655180,1457,1747767917,S,N,8319716000000,8319715000000,8319714000000,8319701000000,8319656000000,852724000,13000,13000,2084000,200000,8319717000000,8319718000000,8319719000000,8319742000000,8319780000000,32698000,55000,13000,7000,7000
1791427152,102349288,1458,1747767917,D,N,8319716000000,8319715000000,8319714000000,8319701000000,8319656000000,852724000,13000,13000,2084000,200000,8319717000000,8319718000000,8319719000000,8319742000000,8319780000000,32698000,55000,13000,7000,7000
1791427152,192012081,1459,1747767917,S,N,8319716000000,8319715000000,8319714000000,8319701000000,8319656000000,852724000,13000,13000,2084000,200000,8319717000000,8319718000000,8319719000000,8319742000000,8319780000000,32698000,55000,13000,7000,7000
1791427152,192906693,1460,1747767917,D,N,8319716000000,8319715000000,8319714000000,8319701000000,8319656000000,852724000,13000,13000,2084000,200000,8319717000000,8319718000000,8319719000000,8319742000000,8319780000000,32698000,55000,13000,7000,7000
1791427152,291432324,1461,1747767917,D,N,8319716000000,8319715000000,8319714000000,8319701000000,8319656000000,852731000,13000,13000,2084000,200000,8319717000000,8319718000000,8319719000000,8319742000000,8319756000000,32698000,55000,13000,7000,7000
1791427152,391413683,1462,1747767917,D,N,8319716000000,8319715000000,8319714000000,8319701000000,8319656000000,852731000,13000,13000,2084000,200000,8319717000000,8319718000000,8319719000000,8319742000000,8319756000000,32705000,55000,13000,7000,7000
1791427152,518833568,1463,1747767917,S,N,8319716000000,8319715000000,8319714000000,8319701000000,8319656000000,852731000,13000,13000,2084000,200000,8319717000000,8319718000000,8319719000000,8319742000000,8319756000000,32705000,55000,13000,7000,7000
1791427152,520027633,1464,1747767917,D,N,8319716000000,8319715000000,8319714000000,8319701000000,8319656000000,852731000,13000,13000,2084000,200000,8319717000000,8319718000000,8319719000000,8319742000000,8319756000000,32705000,55000,13000,7000,7000
1791427152,589161927,1465,1747767917,D,N,8319716000000,8319715000000,8319714000000,8319701000000,8319656000000,852731000,13000,13000,2084000,210000,8319717000000,8319718000000,8319719000000,8319742000000,8319756000000,32705000,55000,13000,7000,7000
1791427152,686941736,1466,1747767917,D,N,8319716000000,8319715000000,8319714000000,8319701000000,8319671000000,852731000,13000,13000,2091000,32475000,8319717000000,8319718000000,8319719000000,8319742000000,8319756000000,32705000,55000,13000,7000,7000
1791427152,785425433,1467,1747767917,S,N,8319716000000,8319715000000,8319714000000,8319701000000,8319671000000,852731000,13000,13000,2091000,32475000,8319717000000,8319718000000,8319719000000,8319742000000,8319756000000,32705000,55000,13000,7000,7000
1791427152,786601146,1468,1747767917,D,N,8319716000000,8319715000000,8319714000000,8319701000000,8319671000000,852731000,13000,13000,2091000,32475000,8319717000000,8319718000000,8319719000000,8319742000000,8319756000000,32705000,55000,13000,7000,7000
1791427152,934166820,1469,1747767917,D,N,8319716000000,8319715000000,8319714000000,8319701000000,8319671000000,852738000,13000,13000,2091000,32475000,8319717000000,8319718000000,8319719000000,8319742000000,8319756000000,28326000,55000,13000,7000,7000
1791427152,999013980,1470,1747767917,D,N,8319999000000,8319998000000,8319997000000,8319988000000,8319980000000,838482000,13000,13000,2915000,12000000,8320000000000,8320001000000,8320002000000,8320058000000,8320059000000,573410000,2862000,13000,14000,1502000
1791427153,82829890,1471,1747767917,D,N,8319999000000,8319998000000,8319997000000,8319988000000,8319980000000,906702000,13000,13000,2915000,12000000,8320000000000,8320001000000,8320002000000,8320058000000,8320059000000,558408000,2862000,13000,14000,1502000
1791427153,189649110,1472,1747767917,D,N,8319999000000,8319998000000,8319997000000,8319988000000,8319980000000,930736000,13000,13000,2915000,12000000,8320000000000,8320001000000,8320002000000,8320058000000,8320059000000,558422000,2869000,13000,14000,1502000
1791427153,284365444,1473,1747767917,D,N,8319999000000,8319998000000,8319997000000,8319988000000,8319980000000,892350000,13000,13000,2915000,12000000,8320000000000,8320001000000,8320002000000,8320058000000,8320059000000,558422000,2869000,13000,14000,1502000
1791427153,381255709,1474,1747767917,D,N,8319999000000,8319998000000,8319997000000,8319988000000,8319980000000,931337000,13000,13000,2915000,12000000,8320000000000,8320001000000,8320002000000,8320058000000,8320059000000,556901000,2869000,13000,14000,1502000
1791427153,481879299,1475,1747767917,D,N,8319999000000,8319998000000,8319997000000,8319988000000,8319980000000,931337000,13000,13000,2915000,12000000,8320000000000,8320001000000,8320002000000,8320058000000,8320059000000,556301000,2869000,13000,14000,1502000
1791427153,631858303,1476,1747767917,D,N,8319999000000,8319998000000,8319997000000,8319988000000,8319980000000,931345000,13000,13000,2915000,12000000,8320000000000,8320001000000,8320002000000,8320058000000,8320059000000,555741000,2869000,13000,14000,1502000
1791427153,680434762,1477,1747767917,D,N,8319999000000,8319998000000,8319997000000,8319988000000,8319980000000,931337000,13000,13000,2915000,12000000,8320000000000,8320001000000,8320002000000,8320058000000,8320059000000,555427000,2869000,13000,14000,1502000
1791427153,798852239,1478,1747767917,D,N,8319999000000,8319998000000,8319997000000,8319988000000,8319980000000,931337000,13000,13000,2915000,12007000,8320000000000,8320001000000,8320002000000,8320058000000,8320059000000,554834000,2869000,13000,14000,1502000
1791427153,875267484,1479,1747767917,S,N,8319999000000,8319998000000,8319997000000,8319988000000,8319980000000,931337000,13000,13000,2915000,12007000,8320000000000,8320001000000,8320002000000,8320058000000,8320059000000,554834000,2869000,13000,14000,1502000
1791427153,877732559,1480,1747767917,D,N,8319999000000,8319998000000,8319997000000,8319988000000,8319980000000,931337000,13000,13000,2915000,12007000,8320000000000,8320001000000,8320002000000,8320058000000,8320059000000,554834000,2869000,13000,14000,1502000
1791427153,995476737,1481,1747767917,D,N,8319999000000,8319998000000,8319997000000,8319988000000,8319980000000,930736000,13000,13000,2915000,12007000,8320000000000,8320001000000,8320002000000,8320058000000,8320059000000,554834000,2869000,13000,14000,1502000
1791427154,98359929,1482,1747767917,D,N,8319999000000,8319998000000,8319997000000,8319988000000,8319980000000,930750000,13000,13000,2915000,12007000,8320000000000,8320001000000,8320002000000,8320058000000,8320059000000,554226000,2869000,13000,14000,1502000
1791427154,196710858,1483,1747767917,D,N,8319999000000,8319998000000,8319997000000,8319988000000,8319980000000,930750000,13000,13000,2915000,12007000,8320000000000,8320001000000,8320002000000,8320058000000,8320059000000,554204000,2869000,13000,14000,1502000
1791427154,344867024,1484,1747767917,S,N,8319999000000,8319998000000,8319997000000,8319988000000,8319980000000,930750000,13000,13000,2915000,12007000,8320000000000,8320001000000,8320002000000,8320058000000,8320059000000,554204000,2869000,13000,14000,1502000
1791427154,345720274,1485,1747767917,D,N,8319999000000,8319998000000,8319997000000,8319988000000,8319980000000,930750000,13000,13000,2915000,12007000,8320000000000,8320001000000,8320002000000,8320058000000,8320059000000,554204000,2869000,13000,14000,1502000
1791427154,384720454,1486,1747767917,S,N,8319999000000,8319998000000,8319997000000,8319988000000,8319980000000,930750000,13000,13000,2915000,12007000,8320000000000,8320001000000,8320002000000,8320058000000,8320059000000,554204000,2869000,13000,14000,1502000
1791427154,386074375,1487,1747767917,D,N,8319999000000,8319998000000,8319997000000,8319988000000,8319980000000,930750000,13000,13000,2915000,12007000,8320000000000,8320001000000,8320002000000,8320058000000,8320059000000,554204000,2869000,13000,14000,1502000
1791427154,503861784,1488,1747767917,S,N,8319999000000,8319998000000,8319997000000,8319988000000,8319980000000,930750000,13000,13000,2915000,12007000,8320000000000,8320001000000,8320002000000,8320058000000,8320059000000,554204000,2869000,13000,14000,1502000
1791427154,506307271,1489,1747767917,D,N,8319999000000,8319998000000,8319997000000,8319988000000,8319980000000,930750000,13000,13000,2915000,12007000,8320000000000,8320001000000,8320002000000,8320058000000,8320059000000,554204000,2869000,13000,14000,1502000
1791427154,579248282,1490,1747767917,S,N,8319999000000,8319998000000,8319997000000,8319988000000,8319980000000,930750000,13000,13000,2915000,12007000,8320000000000,8320001000000,8320002000000,8320058000000,8320059000000,554204000,2869000,13000,14000,1502000
1791427154,580457670,1491,1747767917,D,N,8319999000000,8319998000000,8319997000000,8319988000000,8319980000000,930750000,13000,13000,2915000,12007000,8320000000000,8320001000000,8320002000000,8320058000000,8320059000000,554204000,2869000,13000,14000,1502000
1791427154,708350818,1492,1747767917,D,N,8319999000000,8319998000000,8319997000000,8319988000000,8319980000000,937443000,13000,13000,2915000,12007000,8320000000000,8320001000000,8320002000000,8320058000000,8320059000000,554180000,2869000,13000,14000,1502000
1791427154,764389871,1493,1747767917,D,N,8319999000000,8319998000000,8319997000000,8319988000000,8319980000000,937453000,13000,13000,2915000,12007000,8320000000000,8320001000000,8320002000000,8320058000000,8320059000000,554180000,2869000,13000,14000,1502000
1791427154,863129090,1494,1747767917,S,N,8319999000000,8319998000000,8319997000000,8319988000000,8319980000000,937453000,13000,13000,2915000,12007000,8320000000000,8320001000000,8320002000000,8320058000000,8320059000000,554180000,2869000,13000,14000,1502000
1791427154,864466293,1495,1747767917,D,N,8319999000000,8319998000000,8319997000000,8319988000000,8319980000000,937453000,13000,13000,2915000,12007000,8320000000000,8320001000000,8320002000000,8320058000000,8320059000000,554180000,2869000,13000,14000,1502000
1791427154,962773892,1496,1747767917,D,N,8319999000000,8319998000000,8319997000000,8319988000000,8319980000000,937453000,13000,13000,2915000,12007000,8320000000000,8320001000000,8320002000000,8320058000000,8320059000000,554187000,2869000,13000,14000,1502000
1791427155,60564199,1497,1747767917,D,N,8319999000000,8319998000000,8319997000000,8319988000000,8319980000000,937453000,13000,13000,2915000,12007000,8320000000000,8320001000000,8320002000000,8320058000000,8320059000000,555510000,2869000,13000,14000,1502000
1791427155,160319997,1498,1747767917,S,N,8319999000000,8319998000000,8319997000000,8319988000000,8319980000000,937453000,13000,13000,2915000,12007000,8320000000000,8320001000000,8320002000000,8320058000000,8320059000000,555510000,2869000,13000,14000,1502000
1791427155,161294631,1499,1747767917,D,N,8319999000000,8319998000000,8319997000000,8319988000000,8319980000000,937453000,13000,13000,2915000,12007000,8320000000000,8320001000000,8320002000000,8320058000000,8320059000000,555510000,2869000,13000,14000,1502000
1791427155,258156108,1500,1747767917,S,N,8319999000000,8319998000000,8319997000000,8319988000000,8319980000000,937453000,13000,13000,2915000,12007000,8320000000000,8320001000000,8320002000000,8320058000000,8320059000000,555510000,2869000,13000,14000,1502000
1791427155,259239463,1501,1747767917,D,N,8319999000000,8319998000000,8319997000000,8319988000000,8319980000000,937453000,13000,13000,2915000,12007000,8320000000000,8320001000000,8320002000000,8320058000000,8320059000000,555510000,2869000,13000,14000,1502000
1791427155,359012079,1502,1747767917,D,N,8319999000000,8319998000000,8319997000000,8319988000000,8319980000000,937453000,13000,13000,2915000,12007000,8320000000000,8320001000000,8320002000000,8320058000000,8320059000000,555517000,2869000,13000,14000,1502000
1791427155,459336215,1503,1747767917,S,N,8319999000000,8319998000000,8319997000000,8319988000000,8319980000000,937453000,13000,13000,2915000,12007000,8320000000000,8320001000000,8320002000000,8320058000000,8320059000000,555517000,2869000,13000,14000,1502000
1791427155,460666592,1504,1747767917,D,N,8319999000000,8319998000000,8319997000000,8319988000000,8319980000000,937453000,13000,13000,2915000,12007000,8320000000000,8320001000000,8320002000000,8320058000000,8320059000000,555517000,2869000,13000,14000,1502000
1791427155,554883738,1505,1747767917,D,N,8319999000000,8319998000000,8319997000000,8319988000000,8319980000000,937488000,41000,13000,2915000,12007000,8320000000000,8320001000000,8320002000000,8320058000000,8320059000000,555517000,2869000,13000,14000,1502000
1791427155,653584079,1506,1747767917,S,N,8319999000000,8319998000000,8319997000000,8319988000000,8319980000000,937488000,41000,13000,2915000,12007000,8320000000000,8320001000000,8320002000000,8320058000000,8320059000000,555517000,2869000,13000,14000,1502000
1791427155,654665653,1507,1747767917,D,N,8319999000000,8319998000000,8319997000000,8319988000000,8319980000000,937488000,41000,13000,2915000,12007000,8320000000000,8320001000000,8320002000000,8320058000000,8320059000000,555517000,2869000,13000,14000,1502000
1791427155,752191131,1508,1747767917,S,N,8319999000000,8319998000000,8319997000000,8319988000000,8319980000000,937488000,41000,13000,2915000,12007000,8320000000000,8320001000000,8320002000000,8320058000000,8320059000000,555517000,2869000,13000,14000,1502000
1791427155,753350462,1509,1747767917,D,N,8319999000000,8319998000000,8319997000000,8319988000000,8319980000000,937488000,41000,13000,2915000,12007000,8320000000000,8320001000000,8320002000000,8320058000000,8320059000000,555517000,2869000,13000,14000,1502000
1791427155,850849032,1510,1747767917,S,N,8319999000000,8319998000000,8319997000000,8319988000000,8319980000000,937488000,41000,13000,2915000,12007000,8320000000000,8320001000000,8320002000000,8320058000000,8320059000000,555517000,2869000,13000,14000,1502000
1791427155,852018355,1511,1747767917,D,N,8319999000000,8319998000000,8319997000000,8319988000000,8319980000000,937488000,41000,13000,2915000,12007000,8320000000000,8320001000000,8320002000000,8320058000000,8320059000000,555517000,2869000,13000,14000,1502000
1791427155,949558672,1512,1747767917,S,N,8319999000000,8319998000000,8319997000000,8319988000000,8319980000000,937488000,41000,13000,2915000,12007000,8320000000000,8320001000000,8320002000000,8320058000000,8320059000000,555517000,2869000,13000,14000,1502000
1791427155,952244850,1513,1747767917,D,N,8319999000000,8319998000000,8319997000000,8319988000000,8319980000000,937488000,41000,13000,2915000,12007000,8320000000000,8320001000000,8320002000000,8320058000000,8320059000000,555517000,2869000,13000,14000,1502000
1791427156,48493571,1514,1747767917,S,N,8319999000000,8319998000000,8319997000000,8319988000000,8319980000000,937488000,41000,13000,2915000,12007000,8320000000000,8320001000000,8320002000000,8320058000000,8320059000000,555517000,2869000,13000,14000,1502000
1791427156,49764393,1515,1747767917,D,N,8319999000000,8319998000000,8319997000000,8319988000000,8319980000000,937488000,41000,13000,2915000,12007000,8320000000000,8320001000000,8320002000000,8320058000000,8320059000000,555517000,2869000,13000,14000,1502000
1791427156,167546559,1516,1747767917,S,N,8319999000000,8319998000000,8319997000000,8319988000000,8319980000000,937488000,41000,13000,2915000,12007000,8320000000000,8320001000000,8320002000000,8320058000000,8320059000000,555517000,2869000,13000,14000,1502000
1791427156,169075681,1517,1747767917,D,N,8319999000000,8319998000000,8319997000000,8319988000000,8319980000000,937488000,41000,13000,2915000,12007000,8320000000000,8320001000000,8320002000000,8320058000000,8320059000000,555517000,2869000,13000,14000,1502000
1791427156,270782032,1518,1747767917,D,N,8319999000000,8319998000000,8319997000000,8319988000000,8319980000000,937488000,41000,13000,2915000,12007000,8320000000000,8320001000000,8320002000000,8320058000000,8320059000000,555509000,2869000,13000,14000,1502000
1791427156,345605632,1519,1747767917,S,N,8319999000000,8319998000000,8319997000000,8319988000000,8319980000000,937488000,41000,13000,2915000,12007000,8320000000000,8320001000000,8320002000000,8320058000000,8320059000000,555509000,2869000,13000,14000,1502000
1791427156,347062043,1520,1747767917,D,N,8319999000000,8319998000000,8319997000000,8319988000000,8319980000000,937488000,41000,13000,2915000,12007000,8320000000000,8320001000000,8320002000000,8320058000000,8320059000000,555509000,2869000,13000,14000,1502000
1791427156,445069990,1521,1747767917,D,N,8319999000000,8319998000000,8319997000000,8319988000000,8319980000000,937656000,13000,13000,2915000,12007000,8320000000000,8320001000000,8320002000000,8320058000000,8320059000000,555509000,2869000,13000,14000,1502000
1791427156,548391926,1522,1747767917,D,N,8319999000000,8319998000000,8319997000000,8319988000000,8319980000000,937656000,13000,13000,2915000,12007000,8320000000000,8320001000000,8320002000000,8320058000000,8320059000000,555502000,2869000,13000,14000,1502000
1791427156,646435191,1523,1747767917,D,N,8319999000000,8319998000000,8319997000000,8319988000000,8319980000000,937656000,13000,13000,2915000,12007000,8320000000000,8320001000000,8320002000000,8320058000000,8320059000000,555410000,2869000,13000,14000,1502000
1791427156,749655430,1524,1747767917,S,N,8319999000000,8319998000000,8319997000000,8319988000000,8319980000000,937656000,13000,13000,2915000,12007000,8320000000000,8320001000000,8320002000000,8320058000000,8320059000000,555410000,2869000,13000,14000,1502000
1791427156,751154280,1525,1747767917,D,N,8319999000000,8319998000000,8319997000000,8319988000000,8319980000000,937656000,13000,13000,2915000,12007000,8320000000000,8320001000000,8320002000000,8320058000000,8320059000000,555410000,2869000,13000,14000,1502000
1791427156,845530204,1526,1747767917,D,N,8319999000000,8319998000000,8319997000000,8319988000000,8319980000000,937756000,13000,13000,2915000,12007000,8320000000000,8320001000000,8320002000000,8320058000000,8320059000000,555410000,2869000,13000,14000,1502000
1791427156,942312341,1527,1747767917,D,N,8319999000000,8319998000000,8319997000000,8319988000000,8319980000000,937756000,13000,13000,2915000,12007000,8320000000000,8320001000000,8320002000000,8320058000000,8320059000000,553199000,2869000,13000,14000,1502000
1791427157,39098337,1528,1747767917,S,N,8319999000000,8319998000000,8319997000000,8319988000000,8319980000000,937756000,13000,13000,2915000,12007000,8320000000000,8320001000000,8320002000000,8320058000000,8320059000000,553199000,2869000,13000,14000,1502000
1791427157,40450675,1529,1747767917,D,N,8319999000000,8319998000000,8319997000000,8319988000000,8319980000000,937756000,13000,13000,2915000,12007000,8320000000000,8320001000000,8320002000000,8320058000000,8320059000000,553199000,2869000,13000,14000,1502000
1791427157,300691477,1530,1747767917,D,N,8321125000000,8321124000000,8321123000000,8321099000000,8321058000000,833957000,13000,13000,99031000,14000,8321126000000,8321127000000,8321186000000,8321191000000,8321195000000,19397000,42000,57000,24000,105000
1791427157,303497258,1531,1747767917,D,N,8321125000000,8321124000000,8321123000000,8321101000000,8321100000000,878214000,13000,13000,14000,65510000,8321126000000,8321127000000,8321186000000,8321191000000,8321195000000,171316000,42000,57000,24000,105000
1791427157,468539059,1532,1747767917,D,N,8321125000000,8321124000000,8321123000000,8321101000000,8321100000000,968506000,13000,13000,14000,65510000,8321126000000,8321127000000,8321186000000,8321191000000,8321195000000,159626000,49000,57000,24000,105000
1791427157,469447905,1533,1747767917,D,N,8321125000000,8321124000000,8321123000000,8321101000000,8321100000000,958447000,13000,13000,14000,65510000,8321126000000,8321127000000,8321186000000,8321191000000,8321195000000,82824000,56000,57000,24000,105000
1791427157,534016980,1534,1747767917,D,N,8321125000000,8321124000000,8321123000000,8321101000000,8321100000000,958647000,13000,13000,14000,127007000,8321126000000,8321127000000,8321186000000,8321191000000,8321195000000,25183000,56000,57000,24000,105000
1791427157,636237557,1535,1747767917,D,N,8321125000000,8321124000000,8321123000000,8321101000000,8321100000000,903558000,13000,13000,14000,132376000,8321126000000,8321127000000,8321186000000,8321191000000,8321195000000,17404000,56000,57000,24000,105000
1791427157,745050462,1536,1747767917,D,N,8321125000000,8321124000000,8321123000000,8321101000000,8321100000000,903558000,13000,13000,14000,132376000,8321126000000,8321127000000,8321186000000,8321191000000,8321195000000,34988000,56000,57000,24000,105000
1791427157,835838089,1537,1747767917,D,N,8321125000000,8321124000000,8321123000000,8321101000000,8321100000000,941944000,13000,13000,14000,132376000,8321126000000,8321127000000,8321186000000,8321191000000,8321195000000,11711000,56000,57000,24000,105000
1791427157,992086325,1538,1747767917,D,N,8321195000000,8321194000000,8321193000000,8321130000000,8321129000000,1212842000,13000,13000,1504000,1504000,8321196000000,8321197000000,8321198000000,8321200000000,8321201000000,50394000,62000,13000,14000,2807000
1791427158,29162266,1539,1747767917,D,N,8321195000000,8321194000000,8321193000000,8321130000000,8321129000000,1211713000,13000,13000,1504000,1504000,8321196000000,8321197000000,8321198000000,8321200000000,8321201000000,49166000,62000,13000,14000,2807000
1791427158,176144658,1540,1747767917,D,N,8321195000000,8321194000000,8321193000000,8321130000000,8321129000000,1213711000,13000,13000,1504000,1504000,8321196000000,8321197000000,8321198000000,8321200000000,8321201000000,46480000,62000,13000,14000,2807000
1791427158,256042546,1541,1747767917,D,N,8321195000000,8321194000000,8321193000000,8321130000000,8321129000000,1252090000,13000,13000,1504000,1504000,8321196000000,8321197000000,8321198000000,8321200000000,8321201000000,28390000,62000,13000,14000,2807000
1791427158,343283128,1542,1747767917,D,N,8321195000000,8321194000000,8321193000000,8321171000000,8321130000000,1255687000,13000,13000,2908000,1504000,8321196000000,8321197000000,8321198000000,8321200000000,8321201000000,28234000,62000,13000,14000,2807000
1791427159,101932204,1543,1747767917,D,N,8321195000000,8321194000000,8321193000000,8321171000000,8321130000000,1255694000,13000,13000,2908000,1504000,8321196000000,8321197000000,8321198000000,8321200000000,8321201000000,28234000,62000,13000,14000,2807000
1791427159,184681083,1544,1747767917,S,N,8321195000000,8321194000000,8321193000000,8321171000000,8321130000000,1255694000,13000,13000,2908000,1504000,8321196000000,8321197000000,8321198000000,8321200000000,8321201000000,28234000,62000,13000,14000,2807000
1791427159,186075664,1545,1747767917,D,N,8321195000000,8321194000000,8321193000000,8321171000000,8321130000000,1255694000,13000,13000,2908000,1504000,8321196000000,8321197000000,8321198000000,8321200000000,8321201000000,28234000,62000,13000,14000,2807000
1791427159,351070968,1546,1747767917,S,N,8321195000000,8321194000000,8321193000000,8321171000000,8321130000000,1255694000,13000,13000,2908000,1504000,8321196000000,8321197000000,8321198000000,8321200000000,8321201000000,28234000,62000,13000,14000,2807000
1791427159,352588813,1547,1747767917,D,N,8321195000000,8321194000000,8321193000000,8321171000000,8321130000000,1255694000,13000,13000,2908000,1504000,8321196000000,8321197000000,8321198000000,8321200000000,8321201000000,28234000,62000,13000,14000,2807000
1791427159,387425036,1548,1747767917,D,N,8321195000000,8321194000000,8321193000000,8321171000000,8321130000000,1255704000,13000,13000,2908000,1504000,8321196000000,8321197000000,8321198000000,8321200000000,8321201000000,28234000,62000,13000,14000,2807000
1791427159,541412482,1549,1747767917,S,N,8321195000000,8321194000000,8321193000000,8321171000000,8321130000000,1255704000,13000,13000,2908000,1504000,8321196000000,8321197000000,8321198000000,8321200000000,8321201000000,28234000,62000,13000,14000,2807000
1791427159,542335278,1550,1747767917,D,N,8321195000000,8321194000000,8321193000000,8321171000000,8321130000000,1255704000,13000,13000,2908000,1504000,8321196000000,8321197000000,8321198000000,8321200000000,8321201000000,28234000,62000,13000,14000,2807000
1791427159,568494572,1551,1747767917,D,N,8321195000000,8321194000000,8321193000000,8321171000000,8321130000000,1255711000,13000,13000,2908000,1504000,8321196000000,8321197000000,8321198000000,8321200000000,8321201000000,13640000,62000,13000,14000,2807000
1791427159,669342431,1552,1747767917,D,N,8321195000000,8321194000000,8321193000000,8321171000000,8321130000000,1259888000,13000,13000,2908000,1504000,8321196000000,8321197000000,8321198000000,8321200000000,8321201000000,13654000,76000,13000,14000,2807000
1791427159,768499520,1553,1747767917,D,N,8321195000000,8321194000000,8321193000000,8321171000000,8321130000000,1220894000,13000,13000,2908000,1504000,8321196000000,8321197000000,8321198000000,8321200000000,8321201000000,23098000,69000,13000,14000,2807000
1791427159,912168830,1554,1747767917,D,N,8321195000000,8321194000000,8321193000000,8321171000000,8321130000000,1220887000,13000,13000,2908000,1504000,8321196000000,8321197000000,8321198000000,8321200000000,8321201000000,76927000,69000,13000,14000,2807000
1791427159,966750880,1555,1747767917,D,N,8321195000000,8321194000000,8321193000000,8321131000000,8321130000000,1011294000,13000,13000,14000,1504000,8321196000000,8321197000000,8321198000000,8321200000000,8321201000000,191487000,69000,13000,14000,2807000
1791427160,64727170,1556,1747767917,D,N,8321195000000,8321194000000,8321193000000,8321142000000,8321131000000,1011408000,13000,13000,4170000,14000,8321196000000,8321197000000,8321198000000,8321200000000,8321201000000,191494000,69000,13000,14000,2807000
1791427160,167512722,1557,1747767917,D,N,8321195000000,8321194000000,8321193000000,8321142000000,8321131000000,1068379000,13000,13000,4170000,14000,8321196000000,8321197000000,8321198000000,8321200000000,8321201000000,191494000,69000,13000,14000,2807000
1791427160,263745317,1558,1747767917,D,N,8321195000000,8321194000000,8321193000000,8321142000000,8321131000000,1100333000,13000,13000,4170000,14000,8321196000000,8321197000000,8321198000000,8321200000000,8321201000000,191479000,69000,13000,14000,2807000
1791427160,359681327,1559,1747767917,S,N,8321195000000,8321194000000,8321193000000,8321142000000,8321131000000,1100333000,13000,13000,4170000,14000,8321196000000,8321197000000,8321198000000,8321200000000,8321201000000,191479000,69000,13000,14000,2807000
1791427160,361219155,1560,1747767917,D,N,8321195000000,8321194000000,8321193000000,8321142000000,8321131000000,1100333000,13000,13000,4170000,14000,8321196000000,8321197000000,8321198000000,8321200000000,8321201000000,191479000,69000,13000,14000,2807000
1791427160,470936555,1561,1747767917,D,N,8321195000000,8321194000000,8321193000000,8321142000000,8321131000000,1099296000,13000,13000,4170000,14000,8321196000000,8321197000000,8321198000000,8321200000000,8321201000000,191479000,69000,13000,14000,2807000
1791427160,578207577,1562,1747767917,D,N,8321195000000,8321194000000,8321193000000,8321143000000,8321142000000,1100267000,13000,13000,14000,4170000,8321196000000,8321197000000,8321198000000,8321200000000,8321201000000,176570000,69000,13000,14000,2807000
1791427160,658914592,1563,1747767917,D,N,8321195000000,8321194000000,8321193000000,8321143000000,8321142000000,1076310000,13000,13000,14000,4170000,8321196000000,8321197000000,8321198000000,8321200000000,8321201000000,176582000,69000,13000,14000,2807000
1791427160,757831288,1564,1747767917,D,N,8321195000000,8321194000000,8321193000000,8321143000000,8321142000000,1076466000,62000,13000,14000,4170000,8321196000000,8321197000000,8321198000000,8321200000000,8321201000000,177905000,69000,13000,14000,2807000
1791427160,857485685,1565,1747767917,D,N,8321195000000,8321194000000,8321193000000,8321143000000,8321142000000,1015353000,62000,13000,14000,4170000,8321196000000,8321197000000,8321198000000,8321200000000,8321201000000,210374000,69000,13000,14000,2807000
1791427160,960387476,1566,1747767917,D,N,8321195000000,8321194000000,8321193000000,8321143000000,8321142000000,1072324000,62000,13000,14000,4170000,8321196000000,8321197000000,8321198000000,8321200000000,8321201000000,210374000,69000,13000,14000,2807000
1791427161,52698487,1567,1747767917,D,N,8321195000000,8321194000000,8321193000000,8321143000000,8321142000000,1015346000,62000,13000,14000,4170000,8321196000000,8321197000000,8321198000000,8321200000000,8321201000000,247745000,69000,13000,14000,2807000
1791427161,174475245,1568,1747767917,D,N,8321195000000,8321194000000,8321193000000,8321143000000,8321142000000,1015346000,62000,13000,14000,4170000,8321196000000,8321197000000,8321198000000,8321200000000,8321201000000,248485000,69000,13000,14000,2807000
1791427161,250248154,1569,1747767917,D,N,8321195000000,8321194000000,8321193000000,8321143000000,8321142000000,1015353000,62000,13000,14000,4170000,8321196000000,8321197000000,8321198000000,8321200000000,8321201000000,247765000,69000,13000,14000,2807000
1791427161,349405144,1570,1747767917,D,N,8321195000000,8321194000000,8321193000000,8321143000000,8321142000000,1013346000,62000,13000,14000,4170000,8321196000000,8321197000000,8321198000000,8321200000000,8321201000000,247747000,69000,13000,14000,2807000
1791427161,447926921,1571,1747767917,S,N,8321195000000,8321194000000,8321193000000,8321143000000,8321142000000,1013346000,62000,13000,14000,4170000,8321196000000,8321197000000,8321198000000,8321200000000,8321201000000,247747000,69000,13000,14000,2807000
1791427161,449501847,1572,1747767917,D,N,8321195000000,8321194000000,8321193000000,8321143000000,8321142000000,1013346000,62000,13000,14000,4170000,8321196000000,8321197000000,8321198000000,8321200000000,8321201000000,247747000,69000,13000,14000,2807000
1791427161,563350184,1573,1747767917,S,N,8321195000000,8321194000000,8321193000000,8321143000000,8321142000000,1013346000,62000,13000,14000,4170000,8321196000000,8321197000000,8321198000000,8321200000000,8321201000000,247747000,69000,13000,14000,2807000
1791427161,565462995,1574,1747767917,D,N,8321195000000,8321194000000,8321193000000,8321143000000,8321142000000,1013346000,62000,13000,14000,4170000,8321196000000,8321197000000,8321198000000,8321200000000,8321201000000,247747000,69000,13000,14000,2807000
1791427161,643984521,1575,1747767917,D,N,8321195000000,8321194000000,8321193000000,8321143000000,8321142000000,1070233000,13000,13000,14000,4170000,8321196000000,8321197000000,8321198000000,8321200000000,8321201000000,247747000,69000,13000,14000,2807000
1791427161,745179556,1576,1747767917,D,N,8321195000000,8321194000000,8321193000000,8321143000000,8321142000000,1070331000,62000,13000,14000,4170000,8321196000000,8321197000000,8321198000000,8321200000000,8321201000000,247754000,76000,13000,14000,2807000
1791427161,840473249,1577,1747767917,D,N,8321195000000,8321194000000,8321193000000,8321143000000,8321142000000,1070324000,62000,13000,14000,4170000,8321196000000,8321197000000,8321198000000,8321200000000,8321201000000,247754000,76000,13000,14000,2807000
1791427161,939405271,1578,1747767917,S,N,8321195000000,8321194000000,8321193000000,8321143000000,8321142000000,1070324000,62000,13000,14000,4170000,8321196000000,8321197000000,8321198000000,8321200000000,8321201000000,247754000,76000,13000,14000,2807000
1791427161,941871164,1579,1747767917,D,N,8321195000000,8321194000000,8321193000000,8321143000000,8321142000000,1070324000,62000,13000,14000,4170000,8321196000000,8321197000000,8321198000000,8321200000000,8321201000000,247754000,76000,13000,14000,2807000
1791427162,37585696,1580,1747767917,S,N,8321195000000,8321194000000,8321193000000,8321143000000,8321142000000,1070324000,62000,13000,14000,4170000,8321196000000,8321197000000,8321198000000,8321200000000,8321201000000,247754000,76000,13000,14000,2807000
1791427162,40479968,1581,1747767917,D,N,8321195000000,8321194000000,8321193000000,8321143000000,8321142000000,1070324000,62000,13000,14000,4170000,8321196000000,8321197000000,8321198000000,8321200000000,8321201000000,247754000,76000,13000,14000,2807000
1791427162,135428608,1582,1747767917,D,N,8321195000000,8321194000000,8321193000000,8321143000000,8321142000000,1071130000,34000,13000,14000,4170000,8321196000000,8321197000000,8321198000000,8321200000000,8321201000000,247761000,83000,13000,14000,2807000
1791427162,281310909,1583,1747767917,D,N,8321195000000,8321194000000,8321193000000,8321143000000,8321142000000,1071144000,48000,13000,14000,4170000,8321196000000,8321197000000,8321198000000,8321200000000,8321201000000,247761000,83000,13000,14000,2807000
1791427162,331125595,1584,1747767917,D,N,8321195000000,8321194000000,8321193000000,8321143000000,8321142000000,1071144000,48000,13000,14000,4170000,8321196000000,8321197000000,8321198000000,8321200000000,8321201000000,247461000,83000,13000,14000,2807000
1791427162,433695553,1585,1747767917,D,N,8321195000000,8321194000000,8321193000000,8321143000000,8321142000000,1070277000,13000,13000,14000,4170000,8321196000000,8321197000000,8321198000000,8321200000000,8321201000000,281198000,83000,13000,14000,2807000
1791427162,535654522,1586,1747767917,D,N,8321195000000,8321194000000,8321193000000,8321143000000,8321142000000,1070629000,62000,13000,14000,4170000,8321196000000,8321197000000,8321198000000,8321200000000,8321201000000,247451000,83000,13000,14000,2807000
1791427162,625524307,1587,1747767917,D,N,8321195000000,8321194000000,8321193000000,8321143000000,8321142000000,1070627000,62000,13000,14000,4170000,8321196000000,8321197000000,8321198000000,8321200000000,8321201000000,247451000,83000,13000,14000,2807000
1791427162,741072909,1588,1747767917,D,N,8321195000000,8321194000000,8321193000000,8321143000000,8321142000000,1070536000,13000,13000,14000,4170000,8321196000000,8321197000000,8321198000000,8321200000000,8321201000000,247451000,83000,13000,14000,2807000
1791427162,819618228,1589,1747767917,D,N,8321195000000,8321194000000,8321193000000,8321143000000,8321142000000,1070627000,62000,13000,14000,4170000,8321196000000,8321197000000,8321198000000,8321200000000,8321201000000,246251000,83000,13000,14000,2807000
1791427162,983424764,1590,1747767917,D,N,8321195000000,8321194000000,8321193000000,8321143000000,8321142000000,1070585000,55000,13000,14000,4170000,8321196000000,8321197000000,8321198000000,8321200000000,8321201000000,246051000,83000,13000,14000,2807000
1791427163,18954424,1591,1747767917,D,N,8321195000000,8321194000000,8321193000000,8321143000000,8321142000000,1071137000,13000,13000,14000,4170000,8321196000000,8321197000000,8321198000000,8321200000000,8321201000000,133786000,83000,13000,14000,2807000
1791427163,135016199,1592,1747767917,D,N,8321195000000,8321194000000,8321193000000,8321143000000,8321142000000,1071137000,13000,13000,14000,4170000,8321196000000,8321197000000,8321198000000,8321200000000,8321201000000,77660000,76000,13000,14000,2807000
1791427163,245289528,1593,1747767917,D,N,8321195000000,8321194000000,8321193000000,8321192000000,8321143000000,1110145000,13000,13000,2908000,14000,8321196000000,8321197000000,8321198000000,8321200000000,8321201000000,33964000,69000,13000,14000,2807000
1791427163,320796444,1594,1747767917,D,N,8321800000000,8321799000000,8321798000000,8321692000000,8321691000000,879122000,34000,13000,14000,45216000,8321801000000,8321802000000,8321810000000,8321811000000,8321812000000,257272000,32530000,194000,14000,16194000
1791427163,448713972,1595,1747767917,D,N,8321800000000,8321799000000,8321798000000,8321753000000,8321738000000,1170249000,13000,13000,400000,8000,8321801000000,8321802000000,8321811000000,8321846000000,8321887000000,35173000,32523000,14000,7000,13000
1791427163,520524986,1596,1747767917,D,N,8322192000000,8322191000000,8322190000000,8322171000000,8322165000000,980763000,13000,13000,400000,14000,8322193000000,8322194000000,8322201000000,8322205000000,8322209000000,35010000,42000,2800000,8000,9000
1791427163,684574646,1597,1747767917,D,N,8322192000000,8322191000000,8322190000000,8322171000000,8322165000000,945289000,13000,13000,400000,14000,8322193000000,8322194000000,8322200000000,8322201000000,8322205000000,35065000,42000,14000,2800000,8000
1791427163,727652187,1598,1747767917,D,N,8322192000000,8322191000000,8322190000000,8322171000000,8322165000000,965107000,13000,13000,400000,14000,8322193000000,8322194000000,8322200000000,8322201000000,8322205000000,178006000,42000,14000,2800000,8000
1791427163,798372232,1599,1747767917,D,N,8322192000000,8322191000000,8322190000000,8322171000000,8322165000000,965100000,13000,13000,400000,14000,8322193000000,8322194000000,8322200000000,8322201000000,8322205000000,74990000,42000,14000,2800000,8000
1791427163,895618254,1600,1747767917,S,N,8322192000000,8322191000000,8322190000000,8322171000000,8322165000000,965100000,13000,13000,400000,14000,8322193000000,8322194000000,8322200000000,8322201000000,8322205000000,74990000,42000,14000,2800000,8000
1791427163,896859229,1601,1747767917,D,N,8322192000000,8322191000000,8322190000000,8322171000000,8322165000000,965100000,13000,13000,400000,14000,8322193000000,8322194000000,8322200000000,8322201000000,8322205000000,74990000,42000,14000,2800000,8000
1791427163,995773332,1602,1747767917,D,N,8322192000000,8322191000000,8322190000000,8322171000000,8322165000000,965107000,13000,13000,400000,14000,8322193000000,8322194000000,8322200000000,8322201000000,8322205000000,107461000,42000,14000,2800000,8000
1791427164,92296545,1603,1747767917,D,N,8322192000000,8322191000000,8322190000000,8322171000000,8322165000000,965114000,13000,13000,400000,14000,8322193000000,8322194000000,8322200000000,8322201000000,8322205000000,104777000,42000,14000,2800000,8000
1791427164,191158949,1604,1747767917,S,N,8322192000000,8322191000000,8322190000000,8322171000000,8322165000000,965114000,13000,13000,400000,14000,8322193000000,8322194000000,8322200000000,8322201000000,8322205000000,104777000,42000,14000,2800000,8000
1791427164,192402764,1605,1747767917,D,N,8322192000000,8322191000000,8322190000000,8322171000000,8322165000000,965114000,13000,13000,400000,14000,8322193000000,8322194000000,8322200000000,8322201000000,8322205000000,104777000,42000,14000,2800000,8000
1791427164,287531568,1606,1747767917,S,N,8322192000000,8322191000000,8322190000000,8322171000000,8322165000000,965114000,13000,13000,400000,14000,8322193000000,8322194000000,8322200000000,8322201000000,8322205000000,104777000,42000,14000,2800000,8000
1791427164,288552921,1607,1747767917,D,N,8322192000000,8322191000000,8322190000000,8322171000000,8322165000000,965114000,13000,13000,400000,14000,8322193000000,8322194000000,8322200000000,8322201000000,8322205000000,104777000,42000,14000,2800000,8000
1791427164,385311032,1608,1747767917,S,N,8322192000000,8322191000000,8322190000000,8322171000000,8322165000000,965114000,13000,13000,400000,14000,8322193000000,8322194000000,8322200000000,8322201000000,8322205000000,104777000,42000,14000,2800000,8000
1791427164,386422955,1609,1747767917,D,N,8322192000000,8322191000000,8322190000000,8322171000000,8322165000000,965114000,13000,13000,400000,14000,8322193000000,8322194000000,8322200000000,8322201000000,8322205000000,104777000,42000,14000,2800000,8000
1791427164,485735083,1610,1747767917,S,N,8322192000000,8322191000000,8322190000000,8322171000000,8322165000000,965114000,13000,13000,400000,14000,8322193000000,8322194000000,8322200000000,8322201000000,8322205000000,104777000,42000,14000,2800000,8000
1791427164,486901839,1611,1747767917,D,N,8322192000000,8322191000000,8322190000000,8322171000000,8322165000000,965114000,13000,13000,400000,14000,8322193000000,8322194000000,8322200000000,8322201000000,8322205000000,104777000,42000,14000,2800000,8000
1791427164,581121698,1612,1747767917,S,N,8322192000000,8322191000000,8322190000000,8322171000000,8322165000000,965114000,13000,13000,400000,14000,8322193000000,8322194000000,8322200000000,8322201000000,8322205000000,104777000,42000,14000,2800000,8000
