tsec,tnsec,seqNo,id,type,side,bid0,bid1,bid2,bid3,bid4,bid_size0,bid_size1,bid_size2,bid_size3,bid_size4,ask0,ask1,ask2,ask3,ask4,ask_size0,ask_size1,ask_size2,ask_size3,ask_size4
1791514170,569280093,1,1747767917,D,N,8211647000000,8211646000000,8211645000000,8211636000000,8211635000000,522990000,60000,48000,14000,3061000,8211648000000,8211649000000,8211650000000,8211667000000,8211767000000,434239000,835000,13000,758000,8000
1791514170,699257508,2,1747767917,D,N,8211647000000,8211646000000,8211645000000,8211636000000,8211635000000,478268000,60000,48000,14000,3061000,8211648000000,8211649000000,8211650000000,8211667000000,8211767000000,434287000,835000,13000,758000,8000
1791514170,765929116,3,1747767917,S,N,8211647000000,8211646000000,8211645000000,8211636000000,8211635000000,478268000,60000,48000,14000,3061000,8211648000000,8211649000000,8211650000000,8211667000000,8211767000000,434287000,835000,13000,758000,8000
1791514170,776546617,4,1747767917,D,N,8211647000000,8211646000000,8211645000000,8211636000000,8211635000000,478268000,60000,48000,14000,3061000,8211648000000,8211649000000,8211650000000,8211667000000,8211767000000,434287000,835000,13000,758000,8000
1791514170,878168529,5,1747767917,D,N,8211647000000,8211646000000,8211645000000,8211636000000,8211635000000,514261000,60000,48000,14000,3061000,8211648000000,8211649000000,8211650000000,8211667000000,8211767000000,420357000,835000,13000,758000,8000
1791514170,967296440,6,1747767917,D,N,8211647000000,8211646000000,8211645000000,8211636000000,8211635000000,478254000,60000,48000,14000,3061000,8211648000000,8211649000000,8211650000000,8211667000000,8211767000000,420309000,835000,13000,758000,8000
1791514171,65072252,7,1747767917,S,N,8211647000000,8211646000000,8211645000000,8211636000000,8211635000000,478254000,60000,48000,14000,3061000,8211648000000,8211649000000,8211650000000,8211667000000,8211767000000,420309000,835000,13000,758000,8000
1791514171,66155152,8,1747767917,D,N,8211647000000,8211646000000,8211645000000,8211636000000,8211635000000,478254000,60000,48000,14000,3061000,8211648000000,8211649000000,8211650000000,8211667000000,8211767000000,420309000,835000,13000,758000,8000
1791514171,167812664,9,1747767917,S,N,8211647000000,8211646000000,8211645000000,8211636000000,8211635000000,478254000,60000,48000,14000,3061000,8211648000000,8211649000000,8211650000000,8211667000000,8211767000000,420309000,835000,13000,758000,8000
1791514171,168953964,10,1747767917,D,N,8211647000000,8211646000000,8211645000000,8211636000000,8211635000000,478254000,60000,48000,14000,3061000,8211648000000,8211649000000,8211650000000,8211667000000,8211767000000,420309000,835000,13000,758000,8000
1791514171,267786176,11,1747767917,S,N,8211647000000,8211646000000,8211645000000,8211636000000,8211635000000,478254000,60000,48000,14000,3061000,8211648000000,8211649000000,8211650000000,8211667000000,8211767000000,420309000,835000,13000,758000,8000
1791514171,269122377,12,1747767917,D,N,8211647000000,8211646000000,8211645000000,8211636000000,8211635000000,478254000,60000,48000,14000,3061000,8211648000000,8211649000000,8211650000000,8211667000000,8211767000000,420309000,835000,13000,758000,8000
1791514171,366269388,13,1747767917,S,N,8211647000000,8211646000000,8211645000000,8211636000000,8211635000000,478254000,60000,48000,14000,3061000,8211648000000,8211649000000,8211650000000,8211667000000,8211767000000,420309000,835000,13000,758000,8000
1791514171,368118689,14,1747767917,D,N,8211647000000,8211646000000,8211645000000,8211636000000,8211635000000,478254000,60000,48000,14000,3061000,8211648000000,8211649000000,8211650000000,8211667000000,8211767000000,420309000,835000,13000,758000,8000
1791514171,465707100,15,1747767917,S,N,8211647000000,8211646000000,8211645000000,8211636000000,8211635000000,478254000,60000,48000,14000,3061000,8211648000000,8211649000000,8211650000000,8211667000000,8211767000000,420309000,835000,13000,758000,8000
1791514171,466894101,16,1747767917,D,N,8211647000000,8211646000000,8211645000000,8211636000000,8211635000000,478254000,60000,48000,14000,3061000,8211648000000,8211649000000,8211650000000,8211667000000,8211767000000,420309000,835000,13000,758000,8000
1791514171,567639313,17,1747767917,S,N,8211647000000,8211646000000,8211645000000,8211636000000,8211635000000,478254000,60000,48000,14000,3061000,8211648000000,8211649000000,8211650000000,8211667000000,8211767000000,420309000,835000,13000,758000,8000
1791514171,568866413,18,1747767917,D,N,8211647000000,8211646000000,8211645000000,8211636000000,8211635000000,478254000,60000,48000,14000,3061000,8211648000000,8211649000000,8211650000000,8211667000000,8211767000000,420309000,835000,13000,758000,8000
1791514171,666194125,19,1747767917,D,N,8211647000000,8211646000000,8211645000000,8211636000000,8211635000000,478254000,60000,48000,14000,3061000,8211648000000,8211649000000,8211650000000,8211667000000,8211767000000,420187000,835000,13000,758000,8000
1791514171,768157737,20,1747767917,S,N,8211647000000,8211646000000,8211645000000,8211636000000,8211635000000,478254000,60000,48000,14000,3061000,8211648000000,8211649000000,8211650000000,8211667000000,8211767000000,420187000,835000,13000,758000,8000
1791514171,769369937,21,1747767917,D,N,8211647000000,8211646000000,8211645000000,8211636000000,8211635000000,478254000,60000,48000,14000,3061000,8211648000000,8211649000000,8211650000000,8211667000000,8211767000000,420187000,835000,13000,758000,8000
1791514171,870508850,22,1747767917,S,N,8211647000000,8211646000000,8211645000000,8211636000000,8211635000000,478254000,60000,48000,14000,3061000,8211648000000,8211649000000,8211650000000,8211667000000,8211767000000,420187000,835000,13000,758000,8000
1791514171,871841550,23,1747767917,D,N,8211647000000,8211646000000,8211645000000,8211636000000,8211635000000,478254000,60000,48000,14000,3061000,8211648000000,8211649000000,8211650000000,8211667000000,8211767000000,420187000,835000,13000,758000,8000
1791514171,967981762,24,1747767917,S,N,8211647000000,8211646000000,8211645000000,8211636000000,8211635000000,478254000,60000,48000,14000,3061000,8211648000000,8211649000000,8211650000000,8211667000000,8211767000000,420187000,835000,13000,758000,8000
1791514171,969352162,25,1747767917,D,N,8211647000000,8211646000000,8211645000000,8211636000000,8211635000000,478254000,60000,48000,14000,3061000,8211648000000,8211649000000,8211650000000,8211667000000,8211767000000,420187000,835000,13000,758000,8000
1791514172,65687174,26,1747767917,S,N,8211647000000,8211646000000,8211645000000,8211636000000,8211635000000,478254000,60000,48000,14000,3061000,8211648000000,8211649000000,8211650000000,8211667000000,8211767000000,420187000,835000,13000,758000,8000
1791514172,67145074,27,1747767917,D,N,8211647000000,8211646000000,8211645000000,8211636000000,8211635000000,478254000,60000,48000,14000,3061000,8211648000000,8211649000000,8211650000000,8211667000000,8211767000000,420187000,835000,13000,758000,8000
1791514172,166537286,28,1747767917,S,N,8211647000000,8211646000000,8211645000000,8211636000000,8211635000000,478254000,60000,48000,14000,3061000,8211648000000,8211649000000,8211650000000,8211667000000,8211767000000,420187000,835000,13000,758000,8000
1791514172,167842086,29,1747767917,D,N,8211647000000,8211646000000,8211645000000,8211636000000,8211635000000,478254000,60000,48000,14000,3061000,8211648000000,8211649000000,8211650000000,8211667000000,8211767000000,420187000,835000,13000,758000,8000
1791514172,267786699,30,1747767917,S,N,8211647000000,8211646000000,8211645000000,8211636000000,8211635000000,478254000,60000,48000,14000,3061000,8211648000000,8211649000000,8211650000000,8211667000000,8211767000000,420187000,835000,13000,758000,8000
1791514172,269079799,31,1747767917,D,N,8211647000000,8211646000000,8211645000000,8211636000000,8211635000000,478254000,60000,48000,14000,3061000,8211648000000,8211649000000,8211650000000,8211667000000,8211767000000,420187000,835000,13000,758000,8000
1791514172,373187812,32,1747767917,D,N,8211647000000,8211646000000,8211645000000,8211636000000,8211635000000,512465000,60000,48000,14000,3061000,8211648000000,8211649000000,8211650000000,8211667000000,8211767000000,420187000,835000,13000,758000,8000
1791514172,465587324,33,1747767917,S,N,8211647000000,8211646000000,8211645000000,8211636000000,8211635000000,512465000,60000,48000,14000,3061000,8211648000000,8211649000000,8211650000000,8211667000000,8211767000000,420187000,835000,13000,758000,8000
1791514172,466759524,34,1747767917,D,N,8211647000000,8211646000000,8211645000000,8211636000000,8211635000000,512465000,60000,48000,14000,3061000,8211648000000,8211649000000,8211650000000,8211667000000,8211767000000,420187000,835000,13000,758000,8000
1791514172,596711140,35,1747767917,D,N,8211647000000,8211646000000,8211645000000,8211636000000,8211635000000,512465000,60000,48000,14000,3061000,8211648000000,8211649000000,8211650000000,8211667000000,8211767000000,359195000,828000,13000,758000,8000
1791514172,666980949,36,1747767917,D,N,8211647000000,8211646000000,8211645000000,8211636000000,8211635000000,512337000,60000,48000,14000,3061000,8211648000000,8211649000000,8211650000000,8211667000000,8211767000000,358902000,835000,13000,758000,8000
1791514172,769486562,37,1747767917,D,N,8211647000000,8211646000000,8211645000000,8211636000000,8211635000000,512533000,60000,48000,14000,3061000,8211648000000,8211649000000,8211650000000,8211667000000,8211767000000,358902000,835000,13000,758000,8000
1791514172,872294575,38,1747767917,D,N,8211647000000,8211646000000,8211645000000,8211636000000,8211635000000,526202000,60000,48000,14000,3061000,8211648000000,8211649000000,8211650000000,8211667000000,8211767000000,358902000,835000,13000,758000,8000
1791514172,971058687,39,1747767917,D,N,8211647000000,8211646000000,8211645000000,8211636000000,8211635000000,527758000,60000,48000,14000,3061000,8211648000000,8211649000000,8211650000000,8211667000000,8211767000000,358902000,835000,13000,758000,8000
1791514173,66561499,40,1747767917,S,N,8211647000000,8211646000000,8211645000000,8211636000000,8211635000000,527758000,60000,48000,14000,3061000,8211648000000,8211649000000,8211650000000,8211667000000,8211767000000,358902000,835000,13000,758000,8000
1791514173,69431099,41,1747767917,D,N,8211647000000,8211646000000,8211645000000,8211636000000,8211635000000,527758000,60000,48000,14000,3061000,8211648000000,8211649000000,8211650000000,8211667000000,8211767000000,358902000,835000,13000,758000,8000
1791514173,175075713,42,1747767917,D,N,8211647000000,8211646000000,8211645000000,8211636000000,8211635000000,527758000,60000,48000,14000,3061000,8211648000000,8211649000000,8211650000000,8211667000000,8211767000000,371924000,835000,13000,758000,8000
1791514173,265956625,43,1747767917,S,N,8211647000000,8211646000000,8211645000000,8211636000000,8211635000000,527758000,60000,48000,14000,3061000,8211648000000,8211649000000,8211650000000,8211667000000,8211767000000,371924000,835000,13000,758000,8000
1791514173,267755525,44,1747767917,D,N,8211647000000,8211646000000,8211645000000,8211636000000,8211635000000,527758000,60000,48000,14000,3061000,8211648000000,8211649000000,8211650000000,8211667000000,8211767000000,371924000,835000,13000,758000,8000
1791514173,365744437,45,1747767917,S,N,8211647000000,8211646000000,8211645000000,8211636000000,8211635000000,527758000,60000,48000,14000,3061000,8211648000000,8211649000000,8211650000000,8211667000000,8211767000000,371924000,835000,13000,758000,8000
1791514173,367324138,46,1747767917,D,N,8211647000000,8211646000000,8211645000000,8211636000000,8211635000000,527758000,60000,48000,14000,3061000,8211648000000,8211649000000,8211650000000,8211667000000,8211767000000,371924000,835000,13000,758000,8000
1791514173,465271650,47,1747767917,S,N,8211647000000,8211646000000,8211645000000,8211636000000,8211635000000,527758000,60000,48000,14000,3061000,8211648000000,8211649000000,8211650000000,8211667000000,8211767000000,371924000,835000,13000,758000,8000
1791514173,466535550,48,1747767917,D,N,8211647000000,8211646000000,8211645000000,8211636000000,8211635000000,527758000,60000,48000,14000,3061000,8211648000000,8211649000000,8211650000000,8211667000000,8211767000000,371924000,835000,13000,758000,8000
1791514173,566801863,49,1747767917,S,N,8211647000000,8211646000000,8211645000000,8211636000000,8211635000000,527758000,60000,48000,14000,3061000,8211648000000,8211649000000,8211650000000,8211667000000,8211767000000,371924000,835000,13000,758000,8000
1791514173,568098863,50,1747767917,D,N,8211647000000,8211646000000,8211645000000,8211636000000,8211635000000,527758000,60000,48000,14000,3061000,8211648000000,8211649000000,8211650000000,8211667000000,8211767000000,371924000,835000,13000,758000,8000
1791514173,666360376,51,1747767917,D,N,8211647000000,8211646000000,8211645000000,8211636000000,8211635000000,527345000,60000,48000,14000,3061000,8211648000000,8211649000000,8211650000000,8211667000000,8211767000000,430398000,883000,13000,758000,8000
1791514173,773066490,52,1747767917,S,N,8211647000000,8211646000000,8211645000000,8211636000000,8211635000000,527345000,60000,48000,14000,3061000,8211648000000,8211649000000,8211650000000,8211667000000,8211767000000,430398000,883000,13000,758000,8000
1791514173,774141290,53,1747767917,D,N,8211647000000,8211646000000,8211645000000,8211636000000,8211635000000,527345000,60000,48000,14000,3061000,8211648000000,8211649000000,8211650000000,8211667000000,8211767000000,430398000,883000,13000,758000,8000
1791514173,866253102,54,1747767917,D,N,8211647000000,8211646000000,8211645000000,8211636000000,8211635000000,527031000,60000,48000,14000,3061000,8211648000000,8211649000000,8211650000000,8211667000000,8211767000000,430398000,883000,13000,758000,8000
1791514173,966210815,55,1747767917,D,N,8211647000000,8211646000000,8211645000000,8211636000000,8211635000000,527038000,60000,48000,14000,3061000,8211648000000,8211649000000,8211650000000,8211667000000,8211767000000,430398000,883000,13000,758000,8000
1791514174,69122728,56,1747767917,D,N,8211647000000,8211646000000,8211645000000,8211636000000,8211635000000,527038000,60000,48000,14000,3061000,8211648000000,8211649000000,8211650000000,8211667000000,8211767000000,426659000,883000,13000,758000,8000
1791514174,168470941,57,1747767917,D,N,8211647000000,8211646000000,8211645000000,8211636000000,8211635000000,527019000,60000,48000,14000,3061000,8211648000000,8211649000000,8211650000000,8211667000000,8211767000000,426659000,883000,13000,758000,8000
1791514174,265721254,58,1747767917,S,N,8211647000000,8211646000000,8211645000000,8211636000000,8211635000000,527019000,60000,48000,14000,3061000,8211648000000,8211649000000,8211650000000,8211667000000,8211767000000,426659000,883000,13000,758000,8000
1791514174,267150254,59,1747767917,D,N,8211647000000,8211646000000,8211645000000,8211636000000,8211635000000,527019000,60000,48000,14000,3061000,8211648000000,8211649000000,8211650000000,8211667000000,8211767000000,426659000,883000,13000,758000,8000
1791514174,367115367,60,1747767917,S,N,8211647000000,8211646000000,8211645000000,8211636000000,8211635000000,527019000,60000,48000,14000,3061000,8211648000000,8211649000000,8211650000000,8211667000000,8211767000000,426659000,883000,13000,758000,8000
1791514174,368319067,61,1747767917,D,N,8211647000000,8211646000000,8211645000000,8211636000000,8211635000000,527019000,60000,48000,14000,3061000,8211648000000,8211649000000,8211650000000,8211667000000,8211767000000,426659000,883000,13000,758000,8000
1791514174,465174780,62,1747767917,S,N,8211647000000,8211646000000,8211645000000,8211636000000,8211635000000,527019000,60000,48000,14000,3061000,8211648000000,8211649000000,8211650000000,8211667000000,8211767000000,426659000,883000,13000,758000,8000
1791514174,466413080,63,1747767917,D,N,8211647000000,8211646000000,8211645000000,8211636000000,8211635000000,527019000,60000,48000,14000,3061000,8211648000000,8211649000000,8211650000000,8211667000000,8211767000000,426659000,883000,13000,758000,8000
1791514174,566555493,64,1747767917,D,N,8211647000000,8211646000000,8211645000000,8211636000000,8211635000000,527040000,67000,48000,14000,3061000,8211648000000,8211649000000,8211650000000,8211667000000,8211767000000,427261000,883000,13000,758000,8000
1791514174,666028607,65,1747767917,S,N,8211647000000,8211646000000,8211645000000,8211636000000,8211635000000,527040000,67000,48000,14000,3061000,8211648000000,8211649000000,8211650000000,8211667000000,8211767000000,427261000,883000,13000,758000,8000
1791514174,667137807,66,1747767917,D,N,8211647000000,8211646000000,8211645000000,8211636000000,8211635000000,527040000,67000,48000,14000,3061000,8211648000000,8211649000000,8211650000000,8211667000000,8211767000000,427261000,883000,13000,758000,8000
1791514174,766365120,67,1747767917,D,N,8211647000000,8211646000000,8211645000000,8211636000000,8211635000000,527040000,67000,48000,14000,3061000,8211648000000,8211649000000,8211650000000,8211667000000,8211767000000,427248000,883000,13000,758000,8000
1791514174,865980033,68,1747767917,S,N,8211647000000,8211646000000,8211645000000,8211636000000,8211635000000,527040000,67000,48000,14000,3061000,8211648000000,8211649000000,8211650000000,8211667000000,8211767000000,427248000,883000,13000,758000,8000
1791514174,867330333,69,1747767917,D,N,8211647000000,8211646000000,8211645000000,8211636000000,8211635000000,527040000,67000,48000,14000,3061000,8211648000000,8211649000000,8211650000000,8211667000000,8211767000000,427248000,883000,13000,758000,8000
1791514174,969444647,70,1747767917,D,N,8211647000000,8211646000000,8211645000000,8211636000000,8211635000000,527040000,67000,48000,14000,3061000,8211648000000,8211649000000,8211650000000,8211667000000,8211767000000,427241000,883000,13000,758000,8000
1791514175,65581759,71,1747767917,S,N,8211647000000,8211646000000,8211645000000,8211636000000,8211635000000,527040000,67000,48000,14000,3061000,8211648000000,8211649000000,8211650000000,8211667000000,8211767000000,427241000,883000,13000,758000,8000
1791514175,66977560,72,1747767917,D,N,8211647000000,8211646000000,8211645000000,8211636000000,8211635000000,527040000,67000,48000,14000,3061000,8211648000000,8211649000000,8211650000000,8211667000000,8211767000000,427241000,883000,13000,758000,8000
1791514175,267964887,73,1747767917,D,N,8211647000000,8211646000000,8211645000000,8211636000000,8211635000000,529338000,74000,48000,14000,3061000,8211648000000,8211649000000,8211650000000,8211667000000,8211767000000,427181000,883000,13000,758000,8000
1791514175,366265600,74,1747767917,S,N,8211647000000,8211646000000,8211645000000,8211636000000,8211635000000,529338000,74000,48000,14000,3061000,8211648000000,8211649000000,8211650000000,8211667000000,8211767000000,427181000,883000,13000,758000,8000
1791514175,368934400,75,1747767917,D,N,8211647000000,8211646000000,8211645000000,8211636000000,8211635000000,529338000,74000,48000,14000,3061000,8211648000000,8211649000000,8211650000000,8211667000000,8211767000000,427181000,883000,13000,758000,8000
1791514175,468485614,76,1747767917,D,N,8211647000000,8211646000000,8211645000000,8211636000000,8211635000000,529338000,74000,48000,14000,3061000,8211648000000,8211649000000,8211650000000,8211667000000,8211767000000,331206000,883000,13000,758000,8000
1791514175,570630228,77,1747767917,S,N,8211647000000,8211646000000,8211645000000,8211636000000,8211635000000,529338000,74000,48000,14000,3061000,8211648000000,8211649000000,8211650000000,8211667000000,8211767000000,331206000,883000,13000,758000,8000
1791514175,572890328,78,1747767917,D,N,8211647000000,8211646000000,8211645000000,8211636000000,8211635000000,529338000,74000,48000,14000,3061000,8211648000000,8211649000000,8211650000000,8211667000000,8211767000000,331206000,883000,13000,758000,8000
1791514175,676858642,79,1747767917,D,N,8211647000000,8211646000000,8211645000000,8211636000000,8211635000000,529317000,60000,48000,14000,3061000,8211648000000,8211649000000,8211650000000,8211667000000,8211767000000,223560000,883000,13000,758000,8000
1791514175,767350654,80,1747767917,D,N,8211647000000,8211646000000,8211645000000,8211636000000,8211635000000,524317000,60000,48000,14000,3061000,8211648000000,8211649000000,8211650000000,8211667000000,8211767000000,319056000,883000,13000,758000,8000
1791514175,869263568,81,1747767917,D,N,8211647000000,8211646000000,8211645000000,8211636000000,8211635000000,524317000,60000,48000,14000,3061000,8211648000000,8211649000000,8211650000000,8211667000000,8211767000000,319083000,883000,13000,758000,8000
1791514175,966645081,82,1747767917,D,N,8211647000000,8211646000000,8211645000000,8211636000000,8211635000000,524317000,60000,48000,14000,3061000,8211648000000,8211649000000,8211650000000,8211667000000,8211767000000,235810000,883000,13000,758000,8000
1791514176,64321594,83,1747767917,S,N,8211647000000,8211646000000,8211645000000,8211636000000,8211635000000,524317000,60000,48000,14000,3061000,8211648000000,8211649000000,8211650000000,8211667000000,8211767000000,235810000,883000,13000,758000,8000
1791514176,65523494,84,1747767917,D,N,8211647000000,8211646000000,8211645000000,8211636000000,8211635000000,524317000,60000,48000,14000,3061000,8211648000000,8211649000000,8211650000000,8211667000000,8211767000000,235810000,883000,13000,758000,8000
1791514176,265912822,85,1747767917,S,N,8211647000000,8211646000000,8211645000000,8211636000000,8211635000000,524317000,60000,48000,14000,3061000,8211648000000,8211649000000,8211650000000,8211667000000,8211767000000,235810000,883000,13000,758000,8000
1791514176,267273422,86,1747767917,D,N,8211647000000,8211646000000,8211645000000,8211636000000,8211635000000,524317000,60000,48000,14000,3061000,8211648000000,8211649000000,8211650000000,8211667000000,8211767000000,235810000,883000,13000,758000,8000
1791514176,373107856,87,1747767917,S,N,8211647000000,8211646000000,8211645000000,8211636000000,8211635000000,524317000,60000,48000,14000,3061000,8211648000000,8211649000000,8211650000000,8211667000000,8211767000000,235810000,883000,13000,758000,8000
1791514176,387360861,88,1747767917,D,N,8211647000000,8211646000000,8211645000000,8211636000000,8211635000000,524317000,60000,48000,14000,3061000,8211648000000,8211649000000,8211650000000,8211667000000,8211767000000,235810000,883000,13000,758000,8000
1791514176,472817391,89,1747767917,S,N,8211647000000,8211646000000,8211645000000,8211636000000,8211635000000,524317000,60000,48000,14000,3061000,8211648000000,8211649000000,8211650000000,8211667000000,8211767000000,235810000,883000,13000,758000,8000
1791514176,485422095,90,1747767917,D,N,8211647000000,8211646000000,8211645000000,8211636000000,8211635000000,524317000,60000,48000,14000,3061000,8211648000000,8211649000000,8211650000000,8211667000000,8211767000000,235810000,883000,13000,758000,8000
1791514176,566727023,91,1747767917,S,N,8211647000000,8211646000000,8211645000000,8211636000000,8211635000000,524317000,60000,48000,14000,3061000,8211648000000,8211649000000,8211650000000,8211667000000,8211767000000,235810000,883000,13000,758000,8000
1791514176,642302450,92,1747767917,D,N,8211647000000,8211646000000,8211645000000,8211636000000,8211635000000,524317000,60000,48000,14000,3061000,8211648000000,8211649000000,8211650000000,8211667000000,8211767000000,235810000,883000,13000,758000,8000
1791514176,708652172,93,1747767917,S,N,8211647000000,8211646000000,8211645000000,8211636000000,8211635000000,524317000,60000,48000,14000,3061000,8211648000000,8211649000000,8211650000000,8211667000000,8211767000000,235810000,883000,13000,758000,8000
1791514176,754739388,94,1747767917,D,N,8211647000000,8211646000000,8211645000000,8211636000000,8211635000000,524317000,60000,48000,14000,3061000,8211648000000,8211649000000,8211650000000,8211667000000,8211767000000,235810000,883000,13000,758000,8000
1791514176,798835704,95,1747767917,S,N,8211647000000,8211646000000,8211645000000,8211636000000,8211635000000,524317000,60000,48000,14000,3061000,8211648000000,8211649000000,8211650000000,8211667000000,8211767000000,235810000,883000,13000,758000,8000
1791514176,824489113,96,1747767917,D,N,8211647000000,8211646000000,8211645000000,8211636000000,8211635000000,524317000,60000,48000,14000,3061000,8211648000000,8211649000000,8211650000000,8211667000000,8211767000000,235810000,883000,13000,758000,8000
1791514176,890242735,97,1747767917,S,N,8211647000000,8211646000000,8211645000000,8211636000000,8211635000000,524317000,60000,48000,14000,3061000,8211648000000,8211649000000,8211650000000,8211667000000,8211767000000,235810000,883000,13000,758000,8000
1791514176,916370344,98,1747767917,D,N,8211647000000,8211646000000,8211645000000,8211636000000,8211635000000,524317000,60000,48000,14000,3061000,8211648000000,8211649000000,8211650000000,8211667000000,8211767000000,235810000,883000,13000,758000,8000
1791514177,9354677,99,1747767917,D,N,8211647000000,8211646000000,8211645000000,8211636000000,8211635000000,510641000,60000,48000,14000,3061000,8211648000000,8211649000000,8211650000000,8211667000000,8211767000000,235803000,883000,13000,758000,8000
1791514177,87597104,100,1747767917,D,N,8211647000000,8211646000000,8211645000000,8211636000000,8211635000000,510676000,88000,48000,14000,3061000,8211648000000,8211649000000,8211650000000,8211667000000,8211767000000,367764000,883000,13000,758000,8000
1791514177,172397934,101,1747767917,D,N,8211647000000,8211646000000,8211645000000,8211636000000,8211635000000,510676000,88000,48000,14000,3061000,8211648000000,8211649000000,8211650000000,8211667000000,8211767000000,368373000,883000,13000,758000,8000
1791514177,276092270,102,1747767917,D,N,8211647000000,8211646000000,8211645000000,8211636000000,8211635000000,510669000,81000,48000,14000,3061000,8211648000000,8211649000000,8211650000000,8211667000000,8211767000000,368373000,883000,13000,758000,8000
1791514177,367179302,103,1747767917,S,N,8211647000000,8211646000000,8211645000000,8211636000000,8211635000000,510669000,81000,48000,14000,3061000,8211648000000,8211649000000,8211650000000,8211667000000,8211767000000,368373000,883000,13000,758000,8000
1791514177,369177902,104,1747767917,D,N,8211647000000,8211646000000,8211645000000,8211636000000,8211635000000,510669000,81000,48000,14000,3061000,8211648000000,8211649000000,8211650000000,8211667000000,8211767000000,368373000,883000,13000,758000,8000
1791514177,466310436,105,1747767917,D,N,8211647000000,8211646000000,8211645000000,8211636000000,8211635000000,510662000,74000,48000,14000,3061000,8211648000000,8211649000000,8211650000000,8211667000000,8211767000000,331191000,883000,13000,758000,8000
1791514177,566837672,106,1747767917,D,N,8211647000000,8211646000000,8211645000000,8211636000000,8211635000000,510655000,67000,48000,14000,3061000,8211648000000,8211649000000,8211650000000,8211667000000,8211767000000,330582000,883000,13000,758000,8000
1791514177,665629006,107,1747767917,S,N,8211647000000,8211646000000,8211645000000,8211636000000,8211635000000,510655000,67000,48000,14000,3061000,8211648000000,8211649000000,8211650000000,8211667000000,8211767000000,330582000,883000,13000,758000,8000
1791514177,666878406,108,1747767917,D,N,8211647000000,8211646000000,8211645000000,8211636000000,8211635000000,510655000,67000,48000,14000,3061000,8211648000000,8211649000000,8211650000000,8211667000000,8211767000000,330582000,883000,13000,758000,8000
1791514177,765236841,109,1747767917,S,N,8211647000000,8211646000000,8211645000000,8211636000000,8211635000000,510655000,67000,48000,14000,3061000,8211648000000,8211649000000,8211650000000,8211667000000,8211767000000,330582000,883000,13000,758000,8000
1791514177,766671941,110,1747767917,D,N,8211647000000,8211646000000,8211645000000,8211636000000,8211635000000,510655000,67000,48000,14000,3061000,8211648000000,8211649000000,8211650000000,8211667000000,8211767000000,330582000,883000,13000,758000,8000
1791514177,866117976,111,1747767917,D,N,8211647000000,8211646000000,8211645000000,8211636000000,8211635000000,510445000,67000,48000,14000,3061000,8211648000000,8211649000000,8211650000000,8211667000000,8211767000000,389037000,890000,13000,758000,8000
1791514177,965941311,112,1747767917,S,N,8211647000000,8211646000000,8211645000000,8211636000000,8211635000000,510445000,67000,48000,14000,3061000,8211648000000,8211649000000,8211650000000,8211667000000,8211767000000,389037000,890000,13000,758000,8000
1791514177,967194611,113,1747767917,D,N,8211647000000,8211646000000,8211645000000,8211636000000,8211635000000,510445000,67000,48000,14000,3061000,8211648000000,8211649000000,8211650000000,8211667000000,8211767000000,389037000,890000,13000,758000,8000
1791514178,88953154,114,1747767917,D,N,8211647000000,8211646000000,8211645000000,8211636000000,8211635000000,510473000,95000,48000,14000,3061000,8211648000000,8211649000000,8211650000000,8211667000000,8211767000000,389050000,890000,13000,758000,8000
1791514178,208406796,115,1747767917,D,N,8211647000000,8211646000000,8211645000000,8211636000000,8211635000000,500473000,48000,48000,14000,3061000,8211648000000,8211649000000,8211650000000,8211667000000,8211767000000,389050000,890000,13000,758000,8000
1791514178,287899725,116,1747767917,D,N,8211647000000,8211646000000,8211645000000,8211636000000,8211635000000,500473000,48000,48000,14000,3061000,8211648000000,8211649000000,8211650000000,8211667000000,8211767000000,425659000,890000,13000,758000,8000
1791514178,378347856,117,1747767917,S,N,8211647000000,8211646000000,8211645000000,8211636000000,8211635000000,500473000,48000,48000,14000,3061000,8211648000000,8211649000000,8211650000000,8211667000000,8211767000000,425659000,890000,13000,758000,8000
1791514178,392425661,118,1747767917,D,N,8211647000000,8211646000000,8211645000000,8211636000000,8211635000000,500473000,48000,48000,14000,3061000,8211648000000,8211649000000,8211650000000,8211667000000,8211767000000,425659000,890000,13000,758000,8000
1791514178,466310187,119,1747767917,D,N,8211647000000,8211646000000,8211645000000,8211636000000,8211635000000,500562000,48000,48000,14000,3061000,8211648000000,8211649000000,8211650000000,8211667000000,8211767000000,425659000,890000,13000,758000,8000
1791514178,906007743,120,1747767917,S,N,8211647000000,8211646000000,8211645000000,8211636000000,8211635000000,500562000,48000,48000,14000,3061000,8211648000000,8211649000000,8211650000000,8211667000000,8211767000000,425659000,890000,13000,758000,8000
1791514178,907797343,121,1747767917,D,N,8211647000000,8211646000000,8211645000000,8211636000000,8211635000000,500562000,48000,48000,14000,3061000,8211648000000,8211649000000,8211650000000,8211667000000,8211767000000,425659000,890000,13000,758000,8000
1791514178,909342444,122,1747767917,S,N,8211647000000,8211646000000,8211645000000,8211636000000,8211635000000,500562000,48000,48000,14000,3061000,8211648000000,8211649000000,8211650000000,8211667000000,8211767000000,425659000,890000,13000,758000,8000
1791514178,911658645,123,1747767917,D,N,8211647000000,8211646000000,8211645000000,8211636000000,8211635000000,500562000,48000,48000,14000,3061000,8211648000000,8211649000000,8211650000000,8211667000000,8211767000000,425659000,890000,13000,758000,8000
1791514178,913200045,124,1747767917,S,N,8211647000000,8211646000000,8211645000000,8211636000000,8211635000000,500562000,48000,48000,14000,3061000,8211648000000,8211649000000,8211650000000,8211667000000,8211767000000,425659000,890000,13000,758000,8000
1791514178,915094046,125,1747767917,D,N,8211647000000,8211646000000,8211645000000,8211636000000,8211635000000,500562000,48000,48000,14000,3061000,8211648000000,8211649000000,8211650000000,8211667000000,8211767000000,425659000,890000,13000,758000,8000
1791514178,917613847,126,1747767917,D,N,8211647000000,8211646000000,8211645000000,8211636000000,8211635000000,511244000,48000,48000,14000,3061000,8211648000000,8211649000000,8211650000000,8211667000000,8211767000000,425673000,930000,13000,758000,8000
1791514178,999964976,127,1747767917,S,N,8211647000000,8211646000000,8211645000000,8211636000000,8211635000000,511244000,48000,48000,14000,3061000,8211648000000,8211649000000,8211650000000,8211667000000,8211767000000,425673000,930000,13000,758000,8000
1791514179,1337176,128,1747767917,D,N,8211647000000,8211646000000,8211645000000,8211636000000,8211635000000,511244000,48000,48000,14000,3061000,8211648000000,8211649000000,8211650000000,8211667000000,8211767000000,425673000,930000,13000,758000,8000
1791514179,67456600,129,1747767917,S,N,8211647000000,8211646000000,8211645000000,8211636000000,8211635000000,511244000,48000,48000,14000,3061000,8211648000000,8211649000000,8211650000000,8211667000000,8211767000000,425673000,930000,13000,758000,8000
1791514179,68768800,130,1747767917,D,N,8211647000000,8211646000000,8211645000000,8211636000000,8211635000000,511244000,48000,48000,14000,3061000,8211648000000,8211649000000,8211650000000,8211667000000,8211767000000,425673000,930000,13000,758000,8000
1791514179,167183035,131,1747767917,D,N,8211647000000,8211646000000,8211645000000,8211636000000,8211635000000,511366000,48000,48000,14000,3061000,8211648000000,8211649000000,8211650000000,8211667000000,8211767000000,425673000,930000,13000,758000,8000
1791514179,269179872,132,1747767917,S,N,8211647000000,8211646000000,8211645000000,8211636000000,8211635000000,511366000,48000,48000,14000,3061000,8211648000000,8211649000000,8211650000000,8211667000000,8211767000000,425673000,930000,13000,758000,8000
1791514179,270338672,133,1747767917,D,N,8211647000000,8211646000000,8211645000000,8211636000000,8211635000000,511366000,48000,48000,14000,3061000,8211648000000,8211649000000,8211650000000,8211667000000,8211767000000,425673000,930000,13000,758000,8000
1791514179,367324207,134,1747767917,D,N,8211647000000,8211646000000,8211645000000,8211636000000,8211635000000,511373000,55000,48000,14000,3061000,8211648000000,8211649000000,8211650000000,8211667000000,8211767000000,425673000,930000,13000,758000,8000
1791514179,470031543,135,1747767917,D,N,8211647000000,8211646000000,8211645000000,8211636000000,8211635000000,511366000,55000,48000,14000,3061000,8211648000000,8211649000000,8211650000000,8211667000000,8211767000000,425673000,930000,13000,758000,8000
1791514179,565382777,136,1747767917,S,N,8211647000000,8211646000000,8211645000000,8211636000000,8211635000000,511366000,55000,48000,14000,3061000,8211648000000,8211649000000,8211650000000,8211667000000,8211767000000,425673000,930000,13000,758000,8000
1791514179,566255077,137,1747767917,D,N,8211647000000,8211646000000,8211645000000,8211636000000,8211635000000,511366000,55000,48000,14000,3061000,8211648000000,8211649000000,8211650000000,8211667000000,8211767000000,425673000,930000,13000,758000,8000
1791514179,667547914,138,1747767917,D,N,8211647000000,8211646000000,8211645000000,8211636000000,8211635000000,623797000,13000,48000,14000,3061000,8211648000000,8211649000000,8211650000000,8211667000000,8211767000000,167617000,930000,13000,758000,8000
1791514179,766552649,139,1747767917,D,N,8211647000000,8211646000000,8211645000000,8211636000000,8211635000000,625491000,13000,48000,14000,3061000,8211648000000,8211649000000,8211650000000,8211667000000,8211767000000,167610000,916000,13000,758000,8000
1791514179,866731284,140,1747767917,D,N,8211647000000,8211646000000,8211645000000,8211636000000,8211635000000,625491000,13000,48000,14000,3061000,8211648000000,8211649000000,8211650000000,8211667000000,8211767000000,167603000,916000,13000,758000,8000
1791514179,965907620,141,1747767917,D,N,8211647000000,8211646000000,8211645000000,8211636000000,8211635000000,625963000,13000,48000,14000,3061000,8211648000000,8211649000000,8211650000000,8211667000000,8211767000000,109142000,909000,13000,758000,8000
1791514180,66723956,142,1747767917,S,N,8211647000000,8211646000000,8211645000000,8211636000000,8211635000000,625963000,13000,48000,14000,3061000,8211648000000,8211649000000,8211650000000,8211667000000,8211767000000,109142000,909000,13000,758000,8000
1791514180,68047356,143,1747767917,D,N,8211647000000,8211646000000,8211645000000,8211636000000,8211635000000,625963000,13000,48000,14000,3061000,8211648000000,8211649000000,8211650000000,8211667000000,8211767000000,109142000,909000,13000,758000,8000
1791514180,167071892,144,1747767917,S,N,8211647000000,8211646000000,8211645000000,8211636000000,8211635000000,625963000,13000,48000,14000,3061000,8211648000000,8211649000000,8211650000000,8211667000000,8211767000000,109142000,909000,13000,758000,8000
1791514180,168336192,145,1747767917,D,N,8211647000000,8211646000000,8211645000000,8211636000000,8211635000000,625963000,13000,48000,14000,3061000,8211648000000,8211649000000,8211650000000,8211667000000,8211767000000,109142000,909000,13000,758000,8000
1791514180,267059028,146,1747767917,S,N,8211647000000,8211646000000,8211645000000,8211636000000,8211635000000,625963000,13000,48000,14000,3061000,8211648000000,8211649000000,8211650000000,8211667000000,8211767000000,109142000,909000,13000,758000,8000
1791514180,268703028,147,1747767917,D,N,8211647000000,8211646000000,8211645000000,8211636000000,8211635000000,625963000,13000,48000,14000,3061000,8211648000000,8211649000000,8211650000000,8211667000000,8211767000000,109142000,909000,13000,758000,8000
1791514180,370055065,148,1747767917,D,N,8211647000000,8211646000000,8211645000000,8211636000000,8211635000000,625963000,13000,48000,14000,3061000,8211648000000,8211649000000,8211650000000,8211667000000,8211767000000,129946000,909000,13000,758000,8000
1791514180,471438901,149,1747767917,D,N,8211647000000,8211646000000,8211645000000,8211636000000,8211635000000,512397000,20000,48000,14000,3061000,8211648000000,8211649000000,8211650000000,8211667000000,8211767000000,226098000,909000,13000,758000,8000
1791514180,653334667,150,1747767917,D,N,8211647000000,8211646000000,8211645000000,8211644000000,8211636000000,511781000,20000,48000,60000,14000,8211648000000,8211649000000,8211650000000,8211667000000,8211767000000,226112000,909000,13000,758000,8000
1791514180,784970214,151,1747767917,D,N,8211647000000,8211646000000,8211645000000,8211644000000,8211636000000,522463000,20000,48000,60000,14000,8211648000000,8211649000000,8211650000000,8211667000000,8211767000000,226119000,909000,13000,758000,8000
1791514180,882857749,152,1747767917,D,N,8211647000000,8211646000000,8211645000000,8211644000000,8211636000000,522444000,20000,48000,60000,14000,8211648000000,8211649000000,8211650000000,8211667000000,8211767000000,368594000,909000,13000,758000,8000
1791514181,11326895,153,1747767917,D,N,8211647000000,8211646000000,8211645000000,8211644000000,8211636000000,522451000,20000,48000,60000,14000,8211648000000,8211649000000,8211650000000,8211667000000,8211767000000,368559000,909000,13000,758000,8000
1791514181,57485412,154,1747767917,S,N,8211647000000,8211646000000,8211645000000,8211644000000,8211636000000,522451000,20000,48000,60000,14000,8211648000000,8211649000000,8211650000000,8211667000000,8211767000000,368559000,909000,13000,758000,8000
1791514181,63484114,155,1747767917,D,N,8211647000000,8211646000000,8211645000000,8211644000000,8211636000000,522451000,20000,48000,60000,14000,8211648000000,8211649000000,8211650000000,8211667000000,8211767000000,368559000,909000,13000,758000,8000
1791514181,71253217,156,1747767917,D,N,8211647000000,8211646000000,8211645000000,8211644000000,8211636000000,522451000,27000,48000,120000,14000,8211648000000,8211649000000,8211650000000,8211667000000,8211767000000,368559000,909000,13000,758000,8000
1791514181,166604452,157,1747767917,D,N,8211647000000,8211646000000,8211645000000,8211644000000,8211636000000,522640000,20000,48000,120000,14000,8211648000000,8211649000000,8211650000000,8211667000000,8211767000000,368566000,909000,13000,758000,8000
1791514181,269125589,158,1747767917,D,N,8211647000000,8211646000000,8211645000000,8211644000000,8211636000000,522668000,48000,48000,120000,14000,8211648000000,8211649000000,8211650000000,8211667000000,8211767000000,368552000,909000,13000,758000,8000
1791514181,366678624,159,1747767917,D,N,8211647000000,8211646000000,8211645000000,8211644000000,8211636000000,522661000,41000,48000,120000,14000,8211648000000,8211649000000,8211650000000,8211667000000,8211767000000,368552000,909000,13000,758000,8000
1791514181,467440461,160,1747767917,S,N,8211647000000,8211646000000,8211645000000,8211644000000,8211636000000,522661000,41000,48000,120000,14000,8211648000000,8211649000000,8211650000000,8211667000000,8211767000000,368552000,909000,13000,758000,8000
1791514181,468992161,161,1747767917,D,N,8211647000000,8211646000000,8211645000000,8211644000000,8211636000000,522661000,41000,48000,120000,14000,8211648000000,8211649000000,8211650000000,8211667000000,8211767000000,368552000,909000,13000,758000,8000
1791514181,566107697,162,1747767917,D,N,8211647000000,8211646000000,8211645000000,8211644000000,8211636000000,522661000,41000,48000,120000,14000,8211648000000,8211649000000,8211650000000,8211667000000,8211767000000,426715000,909000,13000,758000,8000
1791514181,669209434,163,1747767917,D,N,8211647000000,8211646000000,8211645000000,8211644000000,8211636000000,522661000,41000,48000,120000,14000,8211648000000,8211649000000,8211650000000,8211667000000,8211767000000,379817000,909000,13000,758000,8000
1791514181,787946577,164,1747767917,D,N,8211647000000,8211646000000,8211645000000,8211644000000,8211636000000,522668000,41000,48000,120000,14000,8211648000000,8211649000000,8211650000000,8211667000000,8211767000000,379817000,909000,13000,758000,8000
1791514181,866770706,165,1747767917,D,N,8211647000000,8211646000000,8211645000000,8211644000000,8211636000000,522680000,41000,48000,120000,14000,8211648000000,8211649000000,8211650000000,8211667000000,8211767000000,379817000,909000,13000,758000,8000
1791514181,978843246,166,1747767917,S,N,8211647000000,8211646000000,8211645000000,8211644000000,8211636000000,522680000,41000,48000,120000,14000,8211648000000,8211649000000,8211650000000,8211667000000,8211767000000,379817000,909000,13000,758000,8000
1791514181,984357548,167,1747767917,D,N,8211647000000,8211646000000,8211645000000,8211644000000,8211636000000,522680000,41000,48000,120000,14000,8211648000000,8211649000000,8211650000000,8211667000000,8211767000000,379817000,909000,13000,758000,8000
1791514182,67408279,168,1747767917,D,N,8211647000000,8211646000000,8211645000000,8211644000000,8211636000000,522687000,48000,48000,120000,14000,8211648000000,8211649000000,8211650000000,8211667000000,8211767000000,379817000,909000,13000,758000,8000
1791514182,168425616,169,1747767917,S,N,8211647000000,8211646000000,8211645000000,8211644000000,8211636000000,522687000,48000,48000,120000,14000,8211648000000,8211649000000,8211650000000,8211667000000,8211767000000,379817000,909000,13000,758000,8000
1791514182,171124117,170,1747767917,D,N,8211647000000,8211646000000,8211645000000,8211644000000,8211636000000,522687000,48000,48000,120000,14000,8211648000000,8211649000000,8211650000000,8211667000000,8211767000000,379817000,909000,13000,758000,8000
1791514182,271030853,171,1747767917,S,N,8211647000000,8211646000000,8211645000000,8211644000000,8211636000000,522687000,48000,48000,120000,14000,8211648000000,8211649000000,8211650000000,8211667000000,8211767000000,379817000,909000,13000,758000,8000
1791514182,292702761,172,1747767917,D,N,8211647000000,8211646000000,8211645000000,8211644000000,8211636000000,522687000,48000,48000,120000,14000,8211648000000,8211649000000,8211650000000,8211667000000,8211767000000,379817000,909000,13000,758000,8000
1791514182,369994489,173,1747767917,S,N,8211647000000,8211646000000,8211645000000,8211644000000,8211636000000,522687000,48000,48000,120000,14000,8211648000000,8211649000000,8211650000000,8211667000000,8211767000000,379817000,909000,13000,758000,8000
1791514182,445031217,174,1747767917,D,N,8211647000000,8211646000000,8211645000000,8211644000000,8211636000000,522687000,48000,48000,120000,14000,8211648000000,8211649000000,8211650000000,8211667000000,8211767000000,379817000,909000,13000,758000,8000
1791514182,474935428,175,1747767917,D,N,8211647000000,8211646000000,8211645000000,8211644000000,8211636000000,522645000,13000,48000,120000,14000,8211648000000,8211649000000,8211650000000,8211667000000,8211767000000,225388000,909000,13000,758000,8000
1791514182,577082065,176,1747767917,D,N,8211647000000,8211646000000,8211645000000,8211644000000,8211636000000,523747000,13000,48000,120000,14000,8211648000000,8211649000000,8211650000000,8211667000000,8211767000000,118770000,909000,13000,758000,8000
1791514182,671617100,177,1747767917,S,N,8211647000000,8211646000000,8211645000000,8211644000000,8211636000000,523747000,13000,48000,120000,14000,8211648000000,8211649000000,8211650000000,8211667000000,8211767000000,118770000,909000,13000,758000,8000
1791514182,679532703,178,1747767917,D,N,8211647000000,8211646000000,8211645000000,8211644000000,8211636000000,523747000,13000,48000,120000,14000,8211648000000,8211649000000,8211650000000,8211667000000,8211767000000,118770000,909000,13000,758000,8000
1791514182,792533844,179,1747767917,D,N,8211647000000,8211646000000,8211645000000,8211644000000,8211636000000,521486000,13000,48000,120000,14000,8211648000000,8211649000000,8211650000000,8211667000000,8211767000000,118770000,909000,13000,758000,8000
1791514182,876785775,180,1747767917,S,N,8211647000000,8211646000000,8211645000000,8211644000000,8211636000000,521486000,13000,48000,120000,14000,8211648000000,8211649000000,8211650000000,8211667000000,8211767000000,118770000,909000,13000,758000,8000
1791514182,882415077,181,1747767917,D,N,8211647000000,8211646000000,8211645000000,8211644000000,8211636000000,521486000,13000,48000,120000,14000,8211648000000,8211649000000,8211650000000,8211667000000,8211767000000,118770000,909000,13000,758000,8000
1791514182,965245807,182,1747767917,S,N,8211647000000,8211646000000,8211645000000,8211644000000,8211636000000,521486000,13000,48000,120000,14000,8211648000000,8211649000000,8211650000000,8211667000000,8211767000000,118770000,909000,13000,758000,8000
1791514182,966819608,183,1747767917,D,N,8211647000000,8211646000000,8211645000000,8211644000000,8211636000000,521486000,13000,48000,120000,14000,8211648000000,8211649000000,8211650000000,8211667000000,8211767000000,118770000,909000,13000,758000,8000
1791514183,65553444,184,1747767917,S,N,8211647000000,8211646000000,8211645000000,8211644000000,8211636000000,521486000,13000,48000,120000,14000,8211648000000,8211649000000,8211650000000,8211667000000,8211767000000,118770000,909000,13000,758000,8000
1791514183,68105545,185,1747767917,D,N,8211647000000,8211646000000,8211645000000,8211644000000,8211636000000,521486000,13000,48000,120000,14000,8211648000000,8211649000000,8211650000000,8211667000000,8211767000000,118770000,909000,13000,758000,8000
1791514183,173378084,186,1747767917,D,N,8211647000000,8211646000000,8211645000000,8211644000000,8211636000000,521486000,13000,48000,120000,14000,8211648000000,8211649000000,8211650000000,8211667000000,8211767000000,118920000,909000,13000,758000,8000
1791514183,272714620,187,1747767917,D,N,8211647000000,8211646000000,8211645000000,8211644000000,8211636000000,521486000,13000,48000,120000,14000,8211648000000,8211649000000,8211650000000,8211667000000,8211767000000,118927000,902000,13000,758000,8000
1791514183,377362759,188,1747767917,D,N,8211647000000,8211646000000,8211645000000,8211644000000,8211636000000,521000000,13000,48000,120000,14000,8211648000000,8211649000000,8211650000000,8211667000000,8211767000000,321357000,902000,13000,758000,8000
1791514183,475480795,189,1747767917,S,N,8211647000000,8211646000000,8211645000000,8211644000000,8211636000000,521000000,13000,48000,120000,14000,8211648000000,8211649000000,8211650000000,8211667000000,8211767000000,321357000,902000,13000,758000,8000
1791514183,504430106,190,1747767917,D,N,8211647000000,8211646000000,8211645000000,8211644000000,8211636000000,521000000,13000,48000,120000,14000,8211648000000,8211649000000,8211650000000,8211667000000,8211767000000,321357000,902000,13000,758000,8000
1791514183,570091230,191,1747767917,D,N,8211647000000,8211646000000,8211645000000,8211644000000,8211636000000,520384000,13000,48000,120000,14000,8211648000000,8211649000000,8211650000000,8211667000000,8211767000000,321357000,902000,13000,758000,8000
1791514183,699374078,192,1747767917,D,N,8211647000000,8211646000000,8211645000000,8211644000000,8211636000000,520384000,13000,48000,120000,14000,8211648000000,8211649000000,8211650000000,8211667000000,8211767000000,321364000,909000,13000,758000,8000
1791514183,765061502,193,1747767917,S,N,8211647000000,8211646000000,8211645000000,8211644000000,8211636000000,520384000,13000,48000,120000,14000,8211648000000,8211649000000,8211650000000,8211667000000,8211767000000,321364000,909000,13000,758000,8000
1791514183,769584104,194,1747767917,D,N,8211647000000,8211646000000,8211645000000,8211644000000,8211636000000,520384000,13000,48000,120000,14000,8211648000000,8211649000000,8211650000000,8211667000000,8211767000000,321364000,909000,13000,758000,8000
1791514183,865796439,195,1747767917,D,N,8211647000000,8211646000000,8211645000000,8211644000000,8211636000000,520373000,13000,48000,120000,14000,8211648000000,8211649000000,8211650000000,8211667000000,8211767000000,379812000,909000,13000,758000,8000
1791514183,981701782,196,1747767917,D,N,8211647000000,8211646000000,8211645000000,8211644000000,8211636000000,520356000,13000,48000,120000,14000,8211648000000,8211649000000,8211650000000,8211667000000,8211743000000,379825000,69000,13000,758000,760000
1791514184,75770017,197,1747767917,S,N,8211647000000,8211646000000,8211645000000,8211644000000,8211636000000,520356000,13000,48000,120000,14000,8211648000000,8211649000000,8211650000000,8211667000000,8211743000000,379825000,69000,13000,758000,760000
1791514184,81184119,198,1747767917,D,N,8211647000000,8211646000000,8211645000000,8211644000000,8211636000000,520356000,13000,48000,120000,14000,8211648000000,8211649000000,8211650000000,8211667000000,8211743000000,379825000,69000,13000,758000,760000
1791514184,169931752,199,1747767917,S,N,8211647000000,8211646000000,8211645000000,8211644000000,8211636000000,520356000,13000,48000,120000,14000,8211648000000,8211649000000,8211650000000,8211667000000,8211743000000,379825000,69000,13000,758000,760000
1791514184,222700172,200,1747767917,D,N,8211647000000,8211646000000,8211645000000,8211644000000,8211636000000,520356000,13000,48000,120000,14000,8211648000000,8211649000000,8211650000000,8211667000000,8211743000000,379825000,69000,13000,758000,760000
1791514184,295941099,201,1747767917,D,N,8211647000000,8211646000000,8211645000000,8211644000000,8211636000000,520186000,13000,48000,120000,14000,8211648000000,8211649000000,8211650000000,8211667000000,8211743000000,379825000,69000,13000,758000,760000
1791514184,391274318,202,1747767917,D,N,8211647000000,8211646000000,8211645000000,8211644000000,8211636000000,520356000,13000,48000,120000,14000,8211648000000,8211649000000,8211650000000,8211667000000,8211743000000,379825000,69000,13000,758000,760000
1791514184,467722534,203,1747767917,S,N,8211647000000,8211646000000,8211645000000,8211644000000,8211636000000,520356000,13000,48000,120000,14000,8211648000000,8211649000000,8211650000000,8211667000000,8211743000000,379825000,69000,13000,758000,760000
1791514184,509902243,204,1747767917,D,N,8211647000000,8211646000000,8211645000000,8211644000000,8211636000000,520356000,13000,48000,120000,14000,8211648000000,8211649000000,8211650000000,8211667000000,8211743000000,379825000,69000,13000,758000,760000
1791514184,566745954,205,1747767917,S,N,8211647000000,8211646000000,8211645000000,8211644000000,8211636000000,520356000,13000,48000,120000,14000,8211648000000,8211649000000,8211650000000,8211667000000,8211743000000,379825000,69000,13000,758000,760000
1791514184,593054160,206,1747767917,D,N,8211647000000,8211646000000,8211645000000,8211644000000,8211636000000,520356000,13000,48000,120000,14000,8211648000000,8211649000000,8211650000000,8211667000000,8211743000000,379825000,69000,13000,758000,760000
1791514184,665483574,207,1747767917,S,N,8211647000000,8211646000000,8211645000000,8211644000000,8211636000000,520356000,13000,48000,120000,14000,8211648000000,8211649000000,8211650000000,8211667000000,8211743000000,379825000,69000,13000,758000,760000
1791514184,666931775,208,1747767917,D,N,8211647000000,8211646000000,8211645000000,8211644000000,8211636000000,520356000,13000,48000,120000,14000,8211648000000,8211649000000,8211650000000,8211667000000,8211743000000,379825000,69000,13000,758000,760000
1791514184,790877200,209,1747767917,D,N,8211647000000,8211646000000,8211645000000,8211644000000,8211636000000,520356000,13000,48000,120000,14000,8211648000000,8211649000000,8211650000000,8211667000000,8211741000000,379825000,69000,13000,758000,14000
1791514184,876941017,210,1747767917,D,N,8211647000000,8211646000000,8211645000000,8211644000000,8211636000000,520356000,13000,48000,120000,14000,8211648000000,8211649000000,8211650000000,8211667000000,8211741000000,379216000,69000,13000,758000,14000
1791514184,978117938,211,1747767917,D,N,8211647000000,8211646000000,8211645000000,8211644000000,8211636000000,520363000,13000,48000,120000,14000,8211648000000,8211649000000,8211650000000,8211667000000,8211743000000,379209000,62000,13000,758000,760000
1791514185,100162563,212,1747767917,D,N,8211647000000,8211646000000,8211645000000,8211644000000,8211636000000,520363000,13000,48000,120000,14000,8211648000000,8211649000000,8211650000000,8211667000000,8211743000000,379202000,62000,13000,758000,760000
1791514185,168541577,213,1747767917,S,N,8211647000000,8211646000000,8211645000000,8211644000000,8211636000000,520363000,13000,48000,120000,14000,8211648000000,8211649000000,8211650000000,8211667000000,8211743000000,379202000,62000,13000,758000,760000
1791514185,173412778,214,1747767917,D,N,8211647000000,8211646000000,8211645000000,8211644000000,8211636000000,520363000,13000,48000,120000,14000,8211648000000,8211649000000,8211650000000,8211667000000,8211743000000,379202000,62000,13000,758000,760000
1791514185,272757599,215,1747767917,S,N,8211647000000,8211646000000,8211645000000,8211644000000,8211636000000,520363000,13000,48000,120000,14000,8211648000000,8211649000000,8211650000000,8211667000000,8211743000000,379202000,62000,13000,758000,760000
1791514185,274086099,216,1747767917,D,N,8211647000000,8211646000000,8211645000000,8211644000000,8211636000000,520363000,13000,48000,120000,14000,8211648000000,8211649000000,8211650000000,8211667000000,8211743000000,379202000,62000,13000,758000,760000
1791514185,373780220,217,1747767917,D,N,8211647000000,8211646000000,8211645000000,8211644000000,8211636000000,520356000,13000,48000,120000,14000,8211648000000,8211649000000,8211650000000,8211667000000,8211743000000,390150000,62000,13000,758000,760000
1791514185,473122840,218,1747767917,D,N,8211647000000,8211646000000,8211645000000,8211644000000,8211636000000,520356000,13000,48000,120000,14000,8211648000000,8211649000000,8211650000000,8211667000000,8211743000000,294194000,62000,13000,758000,760000
1791514185,575120761,219,1747767917,S,N,8211647000000,8211646000000,8211645000000,8211644000000,8211636000000,520356000,13000,48000,120000,14000,8211648000000,8211649000000,8211650000000,8211667000000,8211743000000,294194000,62000,13000,758000,760000
1791514185,577700162,220,1747767917,D,N,8211647000000,8211646000000,8211645000000,8211644000000,8211636000000,520356000,13000,48000,120000,14000,8211648000000,8211649000000,8211650000000,8211667000000,8211743000000,294194000,62000,13000,758000,760000
1791514185,670398981,221,1747767917,D,N,8211647000000,8211646000000,8211645000000,8211644000000,8211636000000,520363000,13000,48000,120000,14000,8211648000000,8211649000000,8211650000000,8211667000000,8211743000000,294201000,69000,13000,758000,760000
1791514185,793212007,222,1747767917,D,N,8211647000000,8211646000000,8211645000000,8211644000000,8211636000000,520363000,13000,48000,120000,14000,8211648000000,8211649000000,8211650000000,8211667000000,8211743000000,294192000,69000,13000,758000,760000
1791514185,898905728,223,1747767917,D,N,8211647000000,8211646000000,8211645000000,8211644000000,8211636000000,520356000,13000,48000,120000,14000,8211648000000,8211649000000,8211650000000,8211667000000,8211743000000,390012000,69000,13000,758000,760000
1791514185,992814648,224,1747767917,D,N,8211647000000,8211646000000,8211645000000,8211644000000,8211636000000,520363000,13000,48000,120000,14000,8211648000000,8211649000000,8211650000000,8211667000000,8211743000000,390012000,69000,13000,758000,760000
1791514186,105412972,225,1747767917,D,N,8211647000000,8211646000000,8211645000000,8211644000000,8211636000000,520363000,13000,48000,120000,14000,8211648000000,8211649000000,8211650000000,8211667000000,8211743000000,390634000,69000,13000,758000,760000
1791514186,171853485,226,1747767917,S,N,8211647000000,8211646000000,8211645000000,8211644000000,8211636000000,520363000,13000,48000,120000,14000,8211648000000,8211649000000,8211650000000,8211667000000,8211743000000,390634000,69000,13000,758000,760000
1791514186,382926130,227,1747767917,D,N,8211647000000,8211646000000,8211645000000,8211644000000,8211636000000,520363000,13000,48000,120000,14000,8211648000000,8211649000000,8211650000000,8211667000000,8211743000000,390634000,69000,13000,758000,760000
1791514186,631675482,228,1747767917,D,N,8211647000000,8211646000000,8211645000000,8211644000000,8211636000000,520363000,13000,48000,120000,14000,8211648000000,8211649000000,8211650000000,8211667000000,8211741000000,390634000,69000,13000,758000,14000
1791514186,706857198,229,1747767917,D,N,8211647000000,8211646000000,8211645000000,8211644000000,8211636000000,461972000,55000,48000,120000,14000,8211648000000,8211649000000,8211650000000,8211667000000,8211741000000,428419000,69000,13000,758000,14000
1791514186,715338200,230,1747767917,S,N,8211647000000,8211646000000,8211645000000,8211644000000,8211636000000,461972000,55000,48000,120000,14000,8211648000000,8211649000000,8211650000000,8211667000000,8211741000000,428419000,69000,13000,758000,14000
1791514186,717708000,231,1747767917,D,N,8211647000000,8211646000000,8211645000000,8211644000000,8211636000000,461972000,55000,48000,120000,14000,8211648000000,8211649000000,8211650000000,8211667000000,8211741000000,428419000,69000,13000,758000,14000
1791514186,720940601,232,1747767917,D,N,8211647000000,8211646000000,8211645000000,8211644000000,8211636000000,461972000,48000,48000,120000,14000,8211648000000,8211649000000,8211650000000,8211667000000,8211741000000,427810000,69000,13000,758000,14000
1791514186,722909401,233,1747767917,D,N,8211647000000,8211646000000,8211645000000,8211644000000,8211636000000,461972000,48000,48000,120000,14000,8211648000000,8211649000000,8211650000000,8211667000000,8211741000000,416849000,69000,13000,758000,14000
1791514186,840613426,234,1747767917,D,N,8211647000000,8211646000000,8211645000000,8211644000000,8211636000000,461972000,48000,48000,120000,14000,8211648000000,8211649000000,8211650000000,8211667000000,8211741000000,416841000,69000,13000,758000,14000
1791514186,906780740,235,1747767917,D,N,8211647000000,8211646000000,8211645000000,8211644000000,8211636000000,461979000,48000,48000,120000,14000,8211648000000,8211649000000,8211650000000,8211667000000,8211741000000,416841000,69000,13000,758000,14000
1791514186,968496053,236,1747767917,S,N,8211647000000,8211646000000,8211645000000,8211644000000,8211636000000,461979000,48000,48000,120000,14000,8211648000000,8211649000000,8211650000000,8211667000000,8211741000000,416841000,69000,13000,758000,14000
1791514186,971150253,237,1747767917,D,N,8211647000000,8211646000000,8211645000000,8211644000000,8211636000000,461979000,48000,48000,120000,14000,8211648000000,8211649000000,8211650000000,8211667000000,8211741000000,416841000,69000,13000,758000,14000
1791514187,73678575,238,1747767917,D,N,8211647000000,8211646000000,8211645000000,8211644000000,8211605000000,152879000,41000,25000,120000,8000,8211648000000,8211649000000,8211650000000,8211667000000,8211741000000,416999000,55000,13000,758000,14000
1791514187,170478096,239,1747767917,D,N,8211647000000,8211646000000,8211645000000,8211644000000,8211605000000,152872000,41000,25000,120000,8000,8211648000000,8211649000000,8211650000000,8211667000000,8211741000000,417622000,62000,13000,758000,14000
1791514187,273416518,240,1747767917,D,N,8211647000000,8211646000000,8211645000000,8211644000000,8211605000000,328815000,41000,25000,120000,8000,8211648000000,8211649000000,8211650000000,8211667000000,8211741000000,417622000,62000,13000,758000,14000
1791514187,409911747,241,1747767917,D,N,8211647000000,8211646000000,8211645000000,8211644000000,8211605000000,318796000,41000,25000,120000,8000,8211648000000,8211649000000,8211650000000,8211667000000,8211741000000,417622000,62000,13000,758000,14000
1791514187,479338662,242,1747767917,D,N,8211647000000,8211646000000,8211645000000,8211644000000,8211605000000,318803000,48000,25000,120000,8000,8211648000000,8211649000000,8211650000000,8211667000000,8211741000000,417622000,62000,13000,758000,14000
1791514187,571747381,243,1747767917,D,N,8211647000000,8211646000000,8211645000000,8211644000000,8211605000000,318810000,55000,45000,120000,8000,8211648000000,8211649000000,8211650000000,8211667000000,8211741000000,417622000,62000,13000,758000,14000
1791514187,697074608,244,1747767917,D,N,8211647000000,8211646000000,8211645000000,8211644000000,8211605000000,318810000,55000,45000,120000,8000,8211648000000,8211649000000,8211650000000,8211667000000,8211741000000,417650000,62000,13000,758000,14000
1791514187,784326727,245,1747767917,D,N,8211647000000,8211646000000,8211645000000,8211644000000,8211605000000,470198000,55000,45000,120000,8000,8211648000000,8211649000000,8211650000000,8211667000000,8211741000000,417613000,62000,13000,758000,14000
1791514187,875255346,246,1747767917,S,N,8211647000000,8211646000000,8211645000000,8211644000000,8211605000000,470198000,55000,45000,120000,8000,8211648000000,8211649000000,8211650000000,8211667000000,8211741000000,417613000,62000,13000,758000,14000
1791514187,914926755,247,1747767917,D,N,8211647000000,8211646000000,8211645000000,8211644000000,8211605000000,470198000,55000,45000,120000,8000,8211648000000,8211649000000,8211650000000,8211667000000,8211741000000,417613000,62000,13000,758000,14000
1791514187,984465669,248,1747767917,D,N,8211647000000,8211646000000,8211645000000,8211644000000,8211605000000,515032000,55000,45000,120000,8000,8211648000000,8211649000000,8211650000000,8211667000000,8211741000000,417613000,62000,13000,758000,14000
1791514188,69082088,249,1747767917,S,N,8211647000000,8211646000000,8211645000000,8211644000000,8211605000000,515032000,55000,45000,120000,8000,8211648000000,8211649000000,8211650000000,8211667000000,8211741000000,417613000,62000,13000,758000,14000
1791514188,98899594,250,1747767917,D,N,8211647000000,8211646000000,8211645000000,8211644000000,8211605000000,515032000,55000,45000,120000,8000,8211648000000,8211649000000,8211650000000,8211667000000,8211741000000,417613000,62000,13000,758000,14000
1791514188,172962310,251,1747767917,D,N,8211647000000,8211646000000,8211645000000,8211644000000,8211605000000,479039000,55000,45000,120000,8000,8211648000000,8211649000000,8211650000000,8211667000000,8211741000000,417613000,62000,13000,758000,14000
1791514188,269604231,252,1747767917,D,N,8211647000000,8211646000000,8211645000000,8211644000000,8211605000000,479039000,55000,45000,120000,8000,8211648000000,8211649000000,8211650000000,8211667000000,8211741000000,417004000,62000,13000,758000,14000
1791514188,367634852,253,1747767917,D,N,8211647000000,8211646000000,8211645000000,8211644000000,8211605000000,573500000,55000,45000,120000,8000,8211648000000,8211649000000,8211650000000,8211667000000,8211741000000,417004000,62000,13000,758000,14000
1791514188,466890574,254,1747767917,S,N,8211647000000,8211646000000,8211645000000,8211644000000,8211605000000,573500000,55000,45000,120000,8000,8211648000000,8211649000000,8211650000000,8211667000000,8211741000000,417004000,62000,13000,758000,14000
1791514188,468598874,255,1747767917,D,N,8211647000000,8211646000000,8211645000000,8211644000000,8211605000000,573500000,55000,45000,120000,8000,8211648000000,8211649000000,8211650000000,8211667000000,8211741000000,417004000,62000,13000,758000,14000
1791514188,566008395,256,1747767917,D,N,8211647000000,8211646000000,8211645000000,8211644000000,8211605000000,573512000,48000,45000,120000,8000,8211648000000,8211649000000,8211650000000,8211667000000,8211741000000,417620000,69000,13000,758000,14000
1791514188,671748418,257,1747767917,S,N,8211647000000,8211646000000,8211645000000,8211644000000,8211605000000,573512000,48000,45000,120000,8000,8211648000000,8211649000000,8211650000000,8211667000000,8211741000000,417620000,69000,13000,758000,14000
1791514188,675540519,258,1747767917,D,N,8211647000000,8211646000000,8211645000000,8211644000000,8211605000000,573512000,48000,45000,120000,8000,8211648000000,8211649000000,8211650000000,8211667000000,8211741000000,417620000,69000,13000,758000,14000
1791514188,767254039,259,1747767917,S,N,8211647000000,8211646000000,8211645000000,8211644000000,8211605000000,573512000,48000,45000,120000,8000,8211648000000,8211649000000,8211650000000,8211667000000,8211741000000,417620000,69000,13000,758000,14000
1791514188,768480339,260,1747767917,D,N,8211647000000,8211646000000,8211645000000,8211644000000,8211605000000,573512000,48000,45000,120000,8000,8211648000000,8211649000000,8211650000000,8211667000000,8211741000000,417620000,69000,13000,758000,14000
1791514188,865080860,261,1747767917,S,N,8211647000000,8211646000000,8211645000000,8211644000000,8211605000000,573512000,48000,45000,120000,8000,8211648000000,8211649000000,8211650000000,8211667000000,8211741000000,417620000,69000,13000,758000,14000
1791514188,866345760,262,1747767917,D,N,8211647000000,8211646000000,8211645000000,8211644000000,8211605000000,573512000,48000,45000,120000,8000,8211648000000,8211649000000,8211650000000,8211667000000,8211741000000,417620000,69000,13000,758000,14000
1791514188,967161682,263,1747767917,D,N,8211647000000,8211646000000,8211645000000,8211644000000,8211605000000,573505000,48000,45000,120000,8000,8211648000000,8211649000000,8211650000000,8211667000000,8211741000000,417620000,69000,13000,758000,14000
1791514189,65982504,264,1747767917,D,N,8211647000000,8211646000000,8211645000000,8211644000000,8211605000000,435290000,48000,45000,120000,8000,8211648000000,8211649000000,8211650000000,8211667000000,8211741000000,417585000,55000,13000,758000,14000
1791514189,165460326,265,1747767917,D,N,8211647000000,8211646000000,8211645000000,8211644000000,8211605000000,435290000,48000,45000,120000,8000,8211648000000,8211649000000,8211650000000,8211667000000,8211741000000,417606000,62000,13000,758000,14000
1791514189,307756257,266,1747767917,D,N,8211647000000,8211646000000,8211645000000,8211644000000,8211605000000,460906000,48000,45000,120000,8000,8211648000000,8211649000000,8211650000000,8211667000000,8211741000000,417606000,62000,13000,758000,14000
1791514189,369529670,267,1747767917,S,N,8211647000000,8211646000000,8211645000000,8211644000000,8211605000000,460906000,48000,45000,120000,8000,8211648000000,8211649000000,8211650000000,8211667000000,8211741000000,417606000,62000,13000,758000,14000
1791514189,388665875,268,1747767917,D,N,8211647000000,8211646000000,8211645000000,8211644000000,8211605000000,460906000,48000,45000,120000,8000,8211648000000,8211649000000,8211650000000,8211667000000,8211741000000,417606000,62000,13000,758000,14000
1791514189,488780097,269,1747767917,S,N,8211647000000,8211646000000,8211645000000,8211644000000,8211605000000,460906000,48000,45000,120000,8000,8211648000000,8211649000000,8211650000000,8211667000000,8211741000000,417606000,62000,13000,758000,14000
1791514189,491349397,270,1747767917,D,N,8211647000000,8211646000000,8211645000000,8211644000000,8211605000000,460906000,48000,45000,120000,8000,8211648000000,8211649000000,8211650000000,8211667000000,8211741000000,417606000,62000,13000,758000,14000
1791514189,576691516,271,1747767917,D,N,8211647000000,8211646000000,8211645000000,8211644000000,8211605000000,460906000,48000,25000,120000,8000,8211648000000,8211649000000,8211650000000,8211667000000,8211741000000,417606000,62000,13000,758000,14000
1791514189,668538936,272,1747767917,D,N,8211647000000,8211646000000,8211645000000,8211644000000,8211605000000,460887000,48000,25000,120000,8000,8211648000000,8211649000000,8211650000000,8211667000000,8211741000000,417606000,62000,13000,758000,14000
1791514189,766573758,273,1747767917,S,N,8211647000000,8211646000000,8211645000000,8211644000000,8211605000000,460887000,48000,25000,120000,8000,8211648000000,8211649000000,8211650000000,8211667000000,8211741000000,417606000,62000,13000,758000,14000
1791514189,775665160,274,1747767917,D,N,8211647000000,8211646000000,8211645000000,8211644000000,8211605000000,460887000,48000,25000,120000,8000,8211648000000,8211649000000,8211650000000,8211667000000,8211741000000,417606000,62000,13000,758000,14000
1791514189,868912480,275,1747767917,S,N,8211647000000,8211646000000,8211645000000,8211644000000,8211605000000,460887000,48000,25000,120000,8000,8211648000000,8211649000000,8211650000000,8211667000000,8211741000000,417606000,62000,13000,758000,14000
1791514189,872124781,276,1747767917,D,N,8211647000000,8211646000000,8211645000000,8211644000000,8211605000000,460887000,48000,25000,120000,8000,8211648000000,8211649000000,8211650000000,8211667000000,8211741000000,417606000,62000,13000,758000,14000
1791514189,968616502,277,1747767917,D,N,8211647000000,8211646000000,8211645000000,8211644000000,8211605000000,495814000,48000,40000,120000,8000,8211648000000,8211649000000,8211650000000,8211667000000,8211741000000,417613000,901000,13000,758000,14000
1791514190,66582624,278,1747767917,S,N,8211647000000,8211646000000,8211645000000,8211644000000,8211605000000,495814000,48000,40000,120000,8000,8211648000000,8211649000000,8211650000000,8211667000000,8211741000000,417613000,901000,13000,758000,14000
1791514190,68543424,279,1747767917,D,N,8211647000000,8211646000000,8211645000000,8211644000000,8211605000000,495814000,48000,40000,120000,8000,8211648000000,8211649000000,8211650000000,8211667000000,8211741000000,417613000,901000,13000,758000,14000
1791514190,165799546,280,1747767917,S,N,8211647000000,8211646000000,8211645000000,8211644000000,8211605000000,495814000,48000,40000,120000,8000,8211648000000,8211649000000,8211650000000,8211667000000,8211741000000,417613000,901000,13000,758000,14000
1791514190,166834546,281,1747767917,D,N,8211647000000,8211646000000,8211645000000,8211644000000,8211605000000,495814000,48000,40000,120000,8000,8211648000000,8211649000000,8211650000000,8211667000000,8211741000000,417613000,901000,13000,758000,14000
1791514190,265027968,282,1747767917,S,N,8211647000000,8211646000000,8211645000000,8211644000000,8211605000000,495814000,48000,40000,120000,8000,8211648000000,8211649000000,8211650000000,8211667000000,8211741000000,417613000,901000,13000,758000,14000
1791514190,265988468,283,1747767917,D,N,8211647000000,8211646000000,8211645000000,8211644000000,8211605000000,495814000,48000,40000,120000,8000,8211648000000,8211649000000,8211650000000,8211667000000,8211741000000,417613000,901000,13000,758000,14000
1791514190,381830294,284,1747767917,S,N,8211647000000,8211646000000,8211645000000,8211644000000,8211605000000,495814000,48000,40000,120000,8000,8211648000000,8211649000000,8211650000000,8211667000000,8211741000000,417613000,901000,13000,758000,14000
1791514190,385266395,285,1747767917,D,N,8211647000000,8211646000000,8211645000000,8211644000000,8211605000000,495814000,48000,40000,120000,8000,8211648000000,8211649000000,8211650000000,8211667000000,8211741000000,417613000,901000,13000,758000,14000
1791514190,478660816,286,1747767917,S,N,8211647000000,8211646000000,8211645000000,8211644000000,8211605000000,495814000,48000,40000,120000,8000,8211648000000,8211649000000,8211650000000,8211667000000,8211741000000,417613000,901000,13000,758000,14000
1791514190,483185517,287,1747767917,D,N,8211647000000,8211646000000,8211645000000,8211644000000,8211605000000,495814000,48000,40000,120000,8000,8211648000000,8211649000000,8211650000000,8211667000000,8211741000000,417613000,901000,13000,758000,14000
1791514190,584963139,288,1747767917,S,N,8211647000000,8211646000000,8211645000000,8211644000000,8211605000000,495814000,48000,40000,120000,8000,8211648000000,8211649000000,8211650000000,8211667000000,8211741000000,417613000,901000,13000,758000,14000
1791514190,586257740,289,1747767917,D,N,8211647000000,8211646000000,8211645000000,8211644000000,8211605000000,495814000,48000,40000,120000,8000,8211648000000,8211649000000,8211650000000,8211667000000,8211741000000,417613000,901000,13000,758000,14000
1791514190,665380857,290,1747767917,S,N,8211647000000,8211646000000,8211645000000,8211644000000,8211605000000,495814000,48000,40000,120000,8000,8211648000000,8211649000000,8211650000000,8211667000000,8211741000000,417613000,901000,13000,758000,14000
1791514190,666722458,291,1747767917,D,N,8211647000000,8211646000000,8211645000000,8211644000000,8211605000000,495814000,48000,40000,120000,8000,8211648000000,8211649000000,8211650000000,8211667000000,8211741000000,417613000,901000,13000,758000,14000
1791514190,784358484,292,1747767917,D,N,8211647000000,8211646000000,8211645000000,8211644000000,8211605000000,554268000,48000,40000,120000,8000,8211648000000,8211649000000,8211650000000,8211667000000,8211741000000,417613000,901000,13000,758000,14000
1791514190,916029913,293,1747767917,D,N,8211647000000,8211646000000,8211645000000,8211644000000,8211605000000,554268000,48000,40000,120000,8000,8211648000000,8211649000000,8211650000000,8211667000000,8211741000000,417594000,901000,13000,758000,14000
1791514190,980286727,294,1747767917,S,N,8211647000000,8211646000000,8211645000000,8211644000000,8211605000000,554268000,48000,40000,120000,8000,8211648000000,8211649000000,8211650000000,8211667000000,8211741000000,417594000,901000,13000,758000,14000
1791514191,5908133,295,1747767917,D,N,8211647000000,8211646000000,8211645000000,8211644000000,8211605000000,554268000,48000,40000,120000,8000,8211648000000,8211649000000,8211650000000,8211667000000,8211741000000,417594000,901000,13000,758000,14000
1791514191,69708648,296,1747767917,D,N,8211647000000,8211646000000,8211645000000,8211644000000,8211605000000,551989000,48000,40000,120000,8000,8211648000000,8211649000000,8211650000000,8211667000000,8211741000000,417594000,901000,13000,758000,14000
1791514191,175373272,297,1747767917,D,N,8211647000000,8211646000000,8211645000000,8211644000000,8211605000000,553311000,41000,40000,120000,8000,8211648000000,8211649000000,8211650000000,8211667000000,8211741000000,417601000,901000,13000,758000,14000
1791514191,276733694,298,1747767917,D,N,8211647000000,8211646000000,8211645000000,8211644000000,8211605000000,553582000,48000,40000,120000,8000,8211648000000,8211649000000,8211650000000,8211667000000,8211767000000,396227000,894000,13000,758000,8000
1791514191,364922614,299,1747767917,S,N,8211647000000,8211646000000,8211645000000,8211644000000,8211605000000,553582000,48000,40000,120000,8000,8211648000000,8211649000000,8211650000000,8211667000000,8211767000000,396227000,894000,13000,758000,8000
1791514191,366225915,300,1747767917,D,N,8211647000000,8211646000000,8211645000000,8211644000000,8211605000000,553582000,48000,40000,120000,8000,8211648000000,8211649000000,8211650000000,8211667000000,8211767000000,396227000,894000,13000,758000,8000
1791514191,469479338,301,1747767917,D,N,8211647000000,8211646000000,8211645000000,8211644000000,8211605000000,553575000,41000,40000,120000,8000,8211648000000,8211649000000,8211650000000,8211667000000,8211767000000,396227000,894000,13000,758000,8000
1791514191,570056861,302,1747767917,D,N,8211647000000,8211646000000,8211645000000,8211644000000,8211605000000,553332000,41000,40000,120000,8000,8211648000000,8211649000000,8211650000000,8211667000000,8211767000000,432234000,894000,13000,758000,8000
1791514191,670865384,303,1747767917,D,N,8211647000000,8211646000000,8211645000000,8211644000000,8211605000000,553339000,48000,40000,120000,8000,8211648000000,8211649000000,8211650000000,8211667000000,8211767000000,432234000,894000,13000,758000,8000
1791514191,770250506,304,1747767917,S,N,8211647000000,8211646000000,8211645000000,8211644000000,8211605000000,553339000,48000,40000,120000,8000,8211648000000,8211649000000,8211650000000,8211667000000,8211767000000,432234000,894000,13000,758000,8000
1791514191,771662206,305,1747767917,D,N,8211647000000,8211646000000,8211645000000,8211644000000,8211605000000,553339000,48000,40000,120000,8000,8211648000000,8211649000000,8211650000000,8211667000000,8211767000000,432234000,894000,13000,758000,8000
1791514191,865194828,306,1747767917,S,N,8211647000000,8211646000000,8211645000000,8211644000000,8211605000000,553339000,48000,40000,120000,8000,8211648000000,8211649000000,8211650000000,8211667000000,8211767000000,432234000,894000,13000,758000,8000
1791514191,866576428,307,1747767917,D,N,8211647000000,8211646000000,8211645000000,8211644000000,8211605000000,553339000,48000,40000,120000,8000,8211648000000,8211649000000,8211650000000,8211667000000,8211767000000,432234000,894000,13000,758000,8000
1791514191,969602151,308,1747767917,D,N,8211647000000,8211646000000,8211645000000,8211644000000,8211605000000,553346000,48000,40000,120000,8000,8211648000000,8211649000000,8211650000000,8211667000000,8211767000000,432234000,894000,13000,758000,8000
1791514192,70871074,309,1747767917,S,N,8211647000000,8211646000000,8211645000000,8211644000000,8211605000000,553346000,48000,40000,120000,8000,8211648000000,8211649000000,8211650000000,8211667000000,8211767000000,432234000,894000,13000,758000,8000
1791514192,73443275,310,1747767917,D,N,8211647000000,8211646000000,8211645000000,8211644000000,8211605000000,553346000,48000,40000,120000,8000,8211648000000,8211649000000,8211650000000,8211667000000,8211767000000,432234000,894000,13000,758000,8000
1791514192,180494999,311,1747767917,S,N,8211647000000,8211646000000,8211645000000,8211644000000,8211605000000,553346000,48000,40000,120000,8000,8211648000000,8211649000000,8211650000000,8211667000000,8211767000000,432234000,894000,13000,758000,8000
1791514192,218121408,312,1747767917,D,N,8211647000000,8211646000000,8211645000000,8211644000000,8211605000000,553346000,48000,40000,120000,8000,8211648000000,8211649000000,8211650000000,8211667000000,8211767000000,432234000,894000,13000,758000,8000
1791514192,267780319,313,1747767917,S,N,8211647000000,8211646000000,8211645000000,8211644000000,8211605000000,553346000,48000,40000,120000,8000,8211648000000,8211649000000,8211650000000,8211667000000,8211767000000,432234000,894000,13000,758000,8000
1791514192,282620323,314,1747767917,D,N,8211647000000,8211646000000,8211645000000,8211644000000,8211605000000,553346000,48000,40000,120000,8000,8211648000000,8211649000000,8211650000000,8211667000000,8211767000000,432234000,894000,13000,758000,8000
1791514192,366560595,315,1747767917,D,N,8211647000000,8211646000000,8211645000000,8211644000000,8211605000000,553346000,48000,40000,120000,8000,8211648000000,8211649000000,8211650000000,8211667000000,8211767000000,432113000,894000,13000,758000,8000
1791514192,476341503,316,1747767917,D,N,8211647000000,8211646000000,8211645000000,8211644000000,8211605000000,553346000,48000,40000,120000,8000,8211648000000,8211649000000,8211650000000,8211667000000,8211767000000,431752000,894000,13000,758000,8000
1791514192,579964899,317,1747767917,D,N,8211647000000,8211646000000,8211645000000,8211644000000,8211605000000,553346000,48000,40000,120000,8000,8211648000000,8211649000000,8211650000000,8211667000000,8211700000000,431539000,894000,13000,758000,1320000
1791514192,671683269,318,1747767917,D,N,8211647000000,8211646000000,8211645000000,8211644000000,8211605000000,553346000,48000,40000,120000,8000,8211648000000,8211649000000,8211650000000,8211667000000,8211700000000,431546000,901000,13000,758000,1320000
1791514192,764912516,319,1747767917,S,N,8211647000000,8211646000000,8211645000000,8211644000000,8211605000000,553346000,48000,40000,120000,8000,8211648000000,8211649000000,8211650000000,8211667000000,8211700000000,431546000,901000,13000,758000,1320000
1791514192,766267197,320,1747767917,D,N,8211647000000,8211646000000,8211645000000,8211644000000,8211605000000,553346000,48000,40000,120000,8000,8211648000000,8211649000000,8211650000000,8211667000000,8211700000000,431546000,901000,13000,758000,1320000
1791514192,868399315,321,1747767917,S,N,8211647000000,8211646000000,8211645000000,8211644000000,8211605000000,553346000,48000,40000,120000,8000,8211648000000,8211649000000,8211650000000,8211667000000,8211700000000,431546000,901000,13000,758000,1320000
1791514192,872116561,322,1747767917,D,N,8211647000000,8211646000000,8211645000000,8211644000000,8211605000000,553346000,48000,40000,120000,8000,8211648000000,8211649000000,8211650000000,8211667000000,8211700000000,431546000,901000,13000,758000,1320000
1791514192,966633190,323,1747767917,D,N,8211647000000,8211646000000,8211645000000,8211644000000,8211639000000,553346000,48000,40000,120000,243000,8211648000000,8211649000000,8211650000000,8211667000000,8211700000000,431546000,901000,13000,758000,1320000
1791514193,66322844,324,1747767917,D,N,8211647000000,8211646000000,8211645000000,8211644000000,8211639000000,553346000,48000,40000,120000,243000,8211648000000,8211649000000,8211650000000,8211667000000,8211700000000,432155000,901000,13000,758000,1320000
1791514193,169847243,325,1747767917,S,N,8211647000000,8211646000000,8211645000000,8211644000000,8211639000000,553346000,48000,40000,120000,243000,8211648000000,8211649000000,8211650000000,8211667000000,8211700000000,432155000,901000,13000,758000,1320000
1791514193,170936327,326,1747767917,D,N,8211647000000,8211646000000,8211645000000,8211644000000,8211639000000,553346000,48000,40000,120000,243000,8211648000000,8211649000000,8211650000000,8211667000000,8211700000000,432155000,901000,13000,758000,1320000
1791514193,265265859,327,1747767917,S,N,8211647000000,8211646000000,8211645000000,8211644000000,8211639000000,553346000,48000,40000,120000,243000,8211648000000,8211649000000,8211650000000,8211667000000,8211700000000,432155000,901000,13000,758000,1320000
1791514193,266841936,328,1747767917,D,N,8211647000000,8211646000000,8211645000000,8211644000000,8211639000000,553346000,48000,40000,120000,243000,8211648000000,8211649000000,8211650000000,8211667000000,8211700000000,432155000,901000,13000,758000,1320000
1791514193,372935961,329,1747767917,D,N,8211647000000,8211646000000,8211645000000,8211644000000,8211639000000,553346000,48000,40000,120000,243000,8211648000000,8211649000000,8211650000000,8211667000000,8211700000000,445488000,901000,13000,758000,1320000
1791514193,465464455,330,1747767917,D,N,8211647000000,8211646000000,8211645000000,8211644000000,8211639000000,553346000,48000,40000,120000,243000,8211648000000,8211649000000,8211650000000,8211667000000,8211700000000,445501000,901000,13000,758000,1320000
1791514193,565432550,331,1747767917,S,N,8211647000000,8211646000000,8211645000000,8211644000000,8211639000000,553346000,48000,40000,120000,243000,8211648000000,8211649000000,8211650000000,8211667000000,8211700000000,445501000,901000,13000,758000,1320000
1791514193,566558250,332,1747767917,D,N,8211647000000,8211646000000,8211645000000,8211644000000,8211639000000,553346000,48000,40000,120000,243000,8211648000000,8211649000000,8211650000000,8211667000000,8211700000000,445501000,901000,13000,758000,1320000
1791514193,667152344,333,1747767917,S,N,8211647000000,8211646000000,8211645000000,8211644000000,8211639000000,553346000,48000,40000,120000,243000,8211648000000,8211649000000,8211650000000,8211667000000,8211700000000,445501000,901000,13000,758000,1320000
1791514193,669232144,334,1747767917,D,N,8211647000000,8211646000000,8211645000000,8211644000000,8211639000000,553346000,48000,40000,120000,243000,8211648000000,8211649000000,8211650000000,8211667000000,8211700000000,445501000,901000,13000,758000,1320000
1791514193,776906438,335,1747767917,D,N,8211647000000,8211646000000,8211645000000,8211644000000,8211639000000,553346000,48000,40000,120000,243000,8211648000000,8211649000000,8211650000000,8211667000000,8211700000000,445508000,901000,13000,758000,1320000
1791514193,901481531,336,1747767917,D,N,8211647000000,8211646000000,8211645000000,8211644000000,8211605000000,360426000,41000,40000,120000,8000,8211648000000,8211649000000,8211650000000,8211667000000,8211700000000,447314000,894000,13000,758000,1320000
1791514193,976953526,337,1747767917,D,N,8211647000000,8211646000000,8211645000000,8211644000000,8211605000000,466901000,41000,40000,120000,8000,8211648000000,8211649000000,8211650000000,8211667000000,8211700000000,447321000,62000,13000,758000,1320000
1791514194,67350222,338,1747767917,D,N,8211647000000,8211646000000,8211645000000,8211644000000,8211605000000,466901000,41000,40000,120000,8000,8211648000000,8211649000000,8211650000000,8211667000000,8211700000000,447328000,62000,13000,758000,1320000
1791514194,165858216,339,1747767917,D,N,8211647000000,8211646000000,8211645000000,8211644000000,8211605000000,466908000,41000,40000,120000,8000,8211648000000,8211649000000,8211650000000,8211667000000,8211700000000,447314000,62000,13000,758000,1320000
1791514194,271946811,340,1747767917,D,N,8211647000000,8211646000000,8211645000000,8211644000000,8211605000000,466908000,41000,40000,120000,8000,8211648000000,8211649000000,8211650000000,8211667000000,8211700000000,446705000,62000,13000,758000,1320000
1791514194,366023206,341,1747767917,D,N,8211647000000,8211646000000,8211645000000,8211644000000,8211605000000,466908000,41000,40000,120000,8000,8211648000000,8211649000000,8211650000000,8211667000000,8211700000000,406651000,62000,13000,758000,1320000
1791514194,466326100,342,1747767917,D,N,8211647000000,8211646000000,8211645000000,8211644000000,8211605000000,466901000,41000,40000,120000,8000,8211648000000,8211649000000,8211650000000,8211667000000,8211699000000,442671000,69000,13000,758000,2144000
1791514194,567241195,343,1747767917,D,N,8211647000000,8211646000000,8211645000000,8211644000000,8211605000000,466901000,41000,40000,120000,8000,8211648000000,8211649000000,8211650000000,8211667000000,8211698000000,442671000,69000,13000,758000,14000
1791514194,663861490,344,1747767917,S,N,8211647000000,8211646000000,8211645000000,8211644000000,8211605000000,466901000,41000,40000,120000,8000,8211648000000,8211649000000,8211650000000,8211667000000,8211698000000,442671000,69000,13000,758000,14000
1791514194,665148490,345,1747767917,D,N,8211647000000,8211646000000,8211645000000,8211644000000,8211605000000,466901000,41000,40000,120000,8000,8211648000000,8211649000000,8211650000000,8211667000000,8211698000000,442671000,69000,13000,758000,14000
1791514194,766551684,346,1747767917,D,N,8211647000000,8211646000000,8211645000000,8211644000000,8211605000000,466901000,41000,40000,120000,8000,8211648000000,8211649000000,8211650000000,8211667000000,8211698000000,442664000,69000,13000,758000,14000
1791514194,866614879,347,1747767917,D,N,8211647000000,8211646000000,8211645000000,8211644000000,8211605000000,466908000,41000,40000,120000,8000,8211648000000,8211649000000,8211650000000,8211667000000,8211698000000,406664000,69000,13000,758000,14000
1791514194,966269073,348,1747767917,D,N,8211647000000,8211646000000,8211645000000,8211644000000,8211605000000,467144000,41000,40000,120000,8000,8211648000000,8211649000000,8211650000000,8211667000000,8211698000000,310704000,69000,13000,758000,14000
1791514195,66729068,349,1747767917,S,N,8211647000000,8211646000000,8211645000000,8211644000000,8211605000000,467144000,41000,40000,120000,8000,8211648000000,8211649000000,8211650000000,8211667000000,8211698000000,310704000,69000,13000,758000,14000
1791514195,70777368,350,1747767917,D,N,8211647000000,8211646000000,8211645000000,8211644000000,8211605000000,467144000,41000,40000,120000,8000,8211648000000,8211649000000,8211650000000,8211667000000,8211698000000,310704000,69000,13000,758000,14000
1791514195,165903063,351,1747767917,S,N,8211647000000,8211646000000,8211645000000,8211644000000,8211605000000,467144000,41000,40000,120000,8000,8211648000000,8211649000000,8211650000000,8211667000000,8211698000000,310704000,69000,13000,758000,14000
1791514195,174120963,352,1747767917,D,N,8211647000000,8211646000000,8211645000000,8211644000000,8211605000000,467144000,41000,40000,120000,8000,8211648000000,8211649000000,8211650000000,8211667000000,8211698000000,310704000,69000,13000,758000,14000
1791514195,294048657,353,1747767917,D,N,8211647000000,8211646000000,8211645000000,8211644000000,8211605000000,467144000,41000,40000,120000,8000,8211648000000,8211649000000,8211650000000,8211667000000,8211698000000,442664000,69000,13000,758000,14000
1791514195,368595453,354,1747767917,D,N,8211647000000,8211646000000,8211645000000,8211644000000,8211605000000,467144000,41000,40000,120000,8000,8211648000000,8211649000000,8211650000000,8211667000000,8211698000000,406664000,69000,13000,758000,14000
1791514195,473429348,355,1747767917,D,N,8211647000000,8211646000000,8211645000000,8211644000000,8211605000000,525598000,41000,25000,120000,8000,8211648000000,8211649000000,8211650000000,8211667000000,8211698000000,406664000,69000,13000,758000,14000
1791514195,565020543,356,1747767917,S,N,8211647000000,8211646000000,8211645000000,8211644000000,8211605000000,525598000,41000,25000,120000,8000,8211648000000,8211649000000,8211650000000,8211667000000,8211698000000,406664000,69000,13000,758000,14000
1791514195,566171443,357,1747767917,D,N,8211647000000,8211646000000,8211645000000,8211644000000,8211605000000,525598000,41000,25000,120000,8000,8211648000000,8211649000000,8211650000000,8211667000000,8211698000000,406664000,69000,13000,758000,14000
1791514195,664497338,358,1747767917,S,N,8211647000000,8211646000000,8211645000000,8211644000000,8211605000000,525598000,41000,25000,120000,8000,8211648000000,8211649000000,8211650000000,8211667000000,8211698000000,406664000,69000,13000,758000,14000
1791514195,665649838,359,1747767917,D,N,8211647000000,8211646000000,8211645000000,8211644000000,8211605000000,525598000,41000,25000,120000,8000,8211648000000,8211649000000,8211650000000,8211667000000,8211698000000,406664000,69000,13000,758000,14000
1791514195,764440833,360,1747767917,S,N,8211647000000,8211646000000,8211645000000,8211644000000,8211605000000,525598000,41000,25000,120000,8000,8211648000000,8211649000000,8211650000000,8211667000000,8211698000000,406664000,69000,13000,758000,14000
1791514195,765499833,361,1747767917,D,N,8211647000000,8211646000000,8211645000000,8211644000000,8211605000000,525598000,41000,25000,120000,8000,8211648000000,8211649000000,8211650000000,8211667000000,8211698000000,406664000,69000,13000,758000,14000
1791514195,867206928,362,1747767917,S,N,8211647000000,8211646000000,8211645000000,8211644000000,8211605000000,525598000,41000,25000,120000,8000,8211648000000,8211649000000,8211650000000,8211667000000,8211698000000,406664000,69000,13000,758000,14000
1791514195,870913628,363,1747767917,D,N,8211647000000,8211646000000,8211645000000,8211644000000,8211605000000,525598000,41000,25000,120000,8000,8211648000000,8211649000000,8211650000000,8211667000000,8211698000000,406664000,69000,13000,758000,14000
1791514195,972006323,364,1747767917,D,N,8211647000000,8211646000000,8211645000000,8211644000000,8211605000000,525598000,41000,35000,120000,8000,8211648000000,8211649000000,8211650000000,8211667000000,8211698000000,406664000,69000,13000,758000,14000
1791514196,65458618,365,1747767917,S,N,8211647000000,8211646000000,8211645000000,8211644000000,8211605000000,525598000,41000,35000,120000,8000,8211648000000,8211649000000,8211650000000,8211667000000,8211698000000,406664000,69000,13000,758000,14000
1791514196,83446717,366,1747767917,D,N,8211647000000,8211646000000,8211645000000,8211644000000,8211605000000,525598000,41000,35000,120000,8000,8211648000000,8211649000000,8211650000000,8211667000000,8211698000000,406664000,69000,13000,758000,14000
1791514196,169999113,367,1747767917,D,N,8211647000000,8211646000000,8211645000000,8211644000000,8211605000000,336884000,41000,35000,120000,8000,8211648000000,8211649000000,8211650000000,8211667000000,8211698000000,444435000,821000,13000,758000,14000
1791514196,271469308,368,1747767917,D,N,8211647000000,8211646000000,8211645000000,8211644000000,8211605000000,443736000,62000,35000,120000,8000,8211648000000,8211649000000,8211650000000,8211667000000,8211698000000,445092000,821000,13000,758000,14000
1791514196,366703004,369,1747767917,D,N,8211647000000,8211646000000,8211645000000,8211644000000,8211605000000,337268000,62000,35000,120000,8000,8211648000000,8211649000000,8211650000000,8211667000000,8211698000000,445092000,821000,13000,758000,14000
1791514196,471383599,370,1747767917,S,N,8211647000000,8211646000000,8211645000000,8211644000000,8211605000000,337268000,62000,35000,120000,8000,8211648000000,8211649000000,8211650000000,8211667000000,8211698000000,445092000,821000,13000,758000,14000
1791514196,473092799,371,1747767917,D,N,8211647000000,8211646000000,8211645000000,8211644000000,8211605000000,337268000,62000,35000,120000,8000,8211648000000,8211649000000,8211650000000,8211667000000,8211698000000,445092000,821000,13000,758000,14000
1791514196,569755694,372,1747767917,D,N,8211647000000,8211646000000,8211645000000,8211644000000,8211605000000,335939000,62000,35000,120000,8000,8211648000000,8211649000000,8211650000000,8211667000000,8211698000000,445092000,821000,13000,758000,14000
1791514196,665283390,373,1747767917,S,N,8211647000000,8211646000000,8211645000000,8211644000000,8211605000000,335939000,62000,35000,120000,8000,8211648000000,8211649000000,8211650000000,8211667000000,8211698000000,445092000,821000,13000,758000,14000
1791514196,666431190,374,1747767917,D,N,8211647000000,8211646000000,8211645000000,8211644000000,8211605000000,335939000,62000,35000,120000,8000,8211648000000,8211649000000,8211650000000,8211667000000,8211698000000,445092000,821000,13000,758000,14000
1791514196,788101484,375,1747767917,D,N,8211647000000,8211646000000,8211645000000,8211644000000,8211605000000,442393000,55000,35000,120000,8000,8211648000000,8211649000000,8211650000000,8211667000000,8211698000000,445082000,821000,13000,758000,14000
1791514196,867197080,376,1747767917,S,N,8211647000000,8211646000000,8211645000000,8211644000000,8211605000000,442393000,55000,35000,120000,8000,8211648000000,8211649000000,8211650000000,8211667000000,8211698000000,445082000,821000,13000,758000,14000
1791514196,869949180,377,1747767917,D,N,8211647000000,8211646000000,8211645000000,8211644000000,8211605000000,442393000,55000,35000,120000,8000,8211648000000,8211649000000,8211650000000,8211667000000,8211698000000,445082000,821000,13000,758000,14000
1791514196,964712776,378,1747767917,S,N,8211647000000,8211646000000,8211645000000,8211644000000,8211605000000,442393000,55000,35000,120000,8000,8211648000000,8211649000000,8211650000000,8211667000000,8211698000000,445082000,821000,13000,758000,14000
1791514196,965783776,379,1747767917,D,N,8211647000000,8211646000000,8211645000000,8211644000000,8211605000000,442393000,55000,35000,120000,8000,8211648000000,8211649000000,8211650000000,8211667000000,8211698000000,445082000,821000,13000,758000,14000
1791514197,66533271,380,1747767917,D,N,8211647000000,8211646000000,8211645000000,8211644000000,8211605000000,442393000,55000,35000,120000,8000,8211648000000,8211649000000,8211650000000,8211667000000,8211698000000,445089000,828000,13000,758000,14000
1791514197,165488567,381,1747767917,D,N,8211647000000,8211646000000,8211645000000,8211644000000,8211605000000,453278000,55000,35000,120000,8000,8211648000000,8211649000000,8211650000000,8211667000000,8211698000000,445089000,828000,13000,758000,14000
1791514197,265599562,382,1747767917,D,N,8211647000000,8211646000000,8211645000000,8211644000000,8211605000000,576630000,55000,35000,120000,8000,8211648000000,8211649000000,8211650000000,8211667000000,8211698000000,349135000,835000,13000,758000,14000
1791514197,366581558,383,1747767917,D,N,8211647000000,8211646000000,8211645000000,8211644000000,8211605000000,576692000,69000,35000,120000,8000,8211648000000,8211649000000,8211650000000,8211667000000,8211698000000,416992000,849000,13000,758000,14000
1791514197,521802651,384,1747767917,D,N,8211647000000,8211646000000,8211645000000,8211644000000,8211605000000,540692000,69000,35000,120000,8000,8211648000000,8211649000000,8211650000000,8211667000000,8211698000000,445061000,828000,13000,758000,14000
1791514197,580868449,385,1747767917,S,N,8211647000000,8211646000000,8211645000000,8211644000000,8211605000000,540692000,69000,35000,120000,8000,8211648000000,8211649000000,8211650000000,8211667000000,8211698000000,445061000,828000,13000,758000,14000
1791514197,582622149,386,1747767917,D,N,8211647000000,8211646000000,8211645000000,8211644000000,8211605000000,540692000,69000,35000,120000,8000,8211648000000,8211649000000,8211650000000,8211667000000,8211698000000,445061000,828000,13000,758000,14000
1791514197,668710845,387,1747767917,D,N,8211647000000,8211646000000,8211645000000,8211644000000,8211605000000,540692000,69000,35000,120000,8000,8211648000000,8211649000000,8211650000000,8211667000000,8211698000000,431715000,828000,13000,758000,14000
1791514197,765056740,388,1747767917,S,N,8211647000000,8211646000000,8211645000000,8211644000000,8211605000000,540692000,69000,35000,120000,8000,8211648000000,8211649000000,8211650000000,8211667000000,8211698000000,431715000,828000,13000,758000,14000
1791514197,766779640,389,1747767917,D,N,8211647000000,8211646000000,8211645000000,8211644000000,8211605000000,540692000,69000,35000,120000,8000,8211648000000,8211649000000,8211650000000,8211667000000,8211698000000,431715000,828000,13000,758000,14000
1791514197,866255336,390,1747767917,D,N,8211647000000,8211646000000,8211645000000,8211644000000,8211605000000,540678000,62000,35000,120000,8000,8211648000000,8211649000000,8211650000000,8211667000000,8211698000000,371483000,870000,13000,758000,14000
1791514197,969322531,391,1747767917,D,N,8211647000000,8211646000000,8211645000000,8211644000000,8211605000000,540678000,62000,35000,120000,8000,8211648000000,8211649000000,8211650000000,8211667000000,8211698000000,371579000,870000,13000,758000,14000
1791514198,64628427,392,1747767917,S,N,8211647000000,8211646000000,8211645000000,8211644000000,8211605000000,540678000,62000,35000,120000,8000,8211648000000,8211649000000,8211650000000,8211667000000,8211698000000,371579000,870000,13000,758000,14000
1791514198,66390127,393,1747767917,D,N,8211647000000,8211646000000,8211645000000,8211644000000,8211605000000,540678000,62000,35000,120000,8000,8211648000000,8211649000000,8211650000000,8211667000000,8211698000000,371579000,870000,13000,758000,14000
1791514198,170518823,394,1747767917,D,N,8211647000000,8211646000000,8211645000000,8211644000000,8211605000000,541896000,62000,35000,120000,8000,8211648000000,8211649000000,8211650000000,8211667000000,8211698000000,371579000,870000,13000,758000,14000
1791514198,265588019,395,1747767917,S,N,8211647000000,8211646000000,8211645000000,8211644000000,8211605000000,541896000,62000,35000,120000,8000,8211648000000,8211649000000,8211650000000,8211667000000,8211698000000,371579000,870000,13000,758000,14000
1791514198,266549519,396,1747767917,D,N,8211647000000,8211646000000,8211645000000,8211644000000,8211605000000,541896000,62000,35000,120000,8000,8211648000000,8211649000000,8211650000000,8211667000000,8211698000000,371579000,870000,13000,758000,14000
1791514198,372549815,397,1747767917,D,N,8211647000000,8211646000000,8211645000000,8211644000000,8211605000000,541896000,62000,35000,120000,8000,8211648000000,8211649000000,8211650000000,8211667000000,8211698000000,371586000,870000,13000,758000,14000
1791514198,467893711,398,1747767917,S,N,8211647000000,8211646000000,8211645000000,8211644000000,8211605000000,541896000,62000,35000,120000,8000,8211648000000,8211649000000,8211650000000,8211667000000,8211698000000,371586000,870000,13000,758000,14000
1791514198,469148211,399,1747767917,D,N,8211647000000,8211646000000,8211645000000,8211644000000,8211605000000,541896000,62000,35000,120000,8000,8211648000000,8211649000000,8211650000000,8211667000000,8211698000000,371586000,870000,13000,758000,14000
1791514198,568016307,400,1747767917,D,N,8211647000000,8211646000000,8211645000000,8211644000000,8211605000000,541896000,62000,35000,120000,8000,8211648000000,8211649000000,8211650000000,8211667000000,8211698000000,371572000,870000,13000,758000,14000
1791514198,666641603,401,1747767917,S,N,8211647000000,8211646000000,8211645000000,8211644000000,8211605000000,541896000,62000,35000,120000,8000,8211648000000,8211649000000,8211650000000,8211667000000,8211698000000,371572000,870000,13000,758000,14000
1791514198,667915703,402,1747767917,D,N,8211647000000,8211646000000,8211645000000,8211644000000,8211605000000,541896000,62000,35000,120000,8000,8211648000000,8211649000000,8211650000000,8211667000000,8211698000000,371572000,870000,13000,758000,14000
1791514198,766935699,403,1747767917,D,N,8211647000000,8211646000000,8211645000000,8211644000000,8211605000000,541896000,62000,35000,120000,8000,8211648000000,8211649000000,8211650000000,8211667000000,8211698000000,371530000,835000,13000,758000,14000
1791514198,866275795,404,1747767917,D,N,8211647000000,8211646000000,8211645000000,8211644000000,8211605000000,541896000,62000,35000,120000,8000,8211648000000,8211649000000,8211650000000,8211667000000,8211698000000,371551000,849000,13000,758000,14000
1791514198,968782591,405,1747767917,S,N,8211647000000,8211646000000,8211645000000,8211644000000,8211605000000,541896000,62000,35000,120000,8000,8211648000000,8211649000000,8211650000000,8211667000000,8211698000000,371551000,849000,13000,758000,14000
1791514198,969847090,406,1747767917,D,N,8211647000000,8211646000000,8211645000000,8211644000000,8211605000000,541896000,62000,35000,120000,8000,8211648000000,8211649000000,8211650000000,8211667000000,8211698000000,371551000,849000,13000,758000,14000
1791514199,65452287,407,1747767917,S,N,8211647000000,8211646000000,8211645000000,8211644000000,8211605000000,541896000,62000,35000,120000,8000,8211648000000,8211649000000,8211650000000,8211667000000,8211698000000,371551000,849000,13000,758000,14000
1791514199,67237387,408,1747767917,D,N,8211647000000,8211646000000,8211645000000,8211644000000,8211605000000,541896000,62000,35000,120000,8000,8211648000000,8211649000000,8211650000000,8211667000000,8211698000000,371551000,849000,13000,758000,14000
1791514199,165736483,409,1747767917,S,N,8211647000000,8211646000000,8211645000000,8211644000000,8211605000000,541896000,62000,35000,120000,8000,8211648000000,8211649000000,8211650000000,8211667000000,8211698000000,371551000,849000,13000,758000,14000
1791514199,167232283,410,1747767917,D,N,8211647000000,8211646000000,8211645000000,8211644000000,8211605000000,541896000,62000,35000,120000,8000,8211648000000,8211649000000,8211650000000,8211667000000,8211698000000,371551000,849000,13000,758000,14000
1791514199,274217279,411,1747767917,D,N,8211647000000,8211646000000,8211645000000,8211644000000,8211605000000,541896000,62000,35000,120000,8000,8211648000000,8211649000000,8211650000000,8211667000000,8211698000000,371512000,41000,13000,758000,14000
1791514199,371430775,412,1747767917,D,N,8211647000000,8211646000000,8211645000000,8211644000000,8211605000000,541896000,62000,35000,120000,8000,8211648000000,8211649000000,8211650000000,8211667000000,8211698000000,371505000,898000,13000,758000,14000
1791514199,469662872,413,1747767917,D,N,8211647000000,8211646000000,8211645000000,8211644000000,8211605000000,541896000,62000,35000,120000,8000,8211648000000,8211649000000,8211650000000,8211667000000,8211698000000,371491000,898000,13000,758000,14000
1791514199,565904968,414,1747767917,D,N,8211647000000,8211646000000,8211645000000,8211644000000,8211605000000,541896000,62000,35000,120000,8000,8211648000000,8211649000000,8211650000000,8211667000000,8211698000000,371484000,891000,13000,758000,14000
1791514199,666501064,415,1747767917,D,N,8211647000000,8211646000000,8211645000000,8211644000000,8211605000000,541896000,62000,35000,120000,8000,8211648000000,8211649000000,8211650000000,8211667000000,8211698000000,369543000,898000,13000,758000,14000
1791514199,767626360,416,1747767917,S,N,8211647000000,8211646000000,8211645000000,8211644000000,8211605000000,541896000,62000,35000,120000,8000,8211648000000,8211649000000,8211650000000,8211667000000,8211698000000,369543000,898000,13000,758000,14000
1791514199,768953960,417,1747767917,D,N,8211647000000,8211646000000,8211645000000,8211644000000,8211605000000,541896000,62000,35000,120000,8000,8211648000000,8211649000000,8211650000000,8211667000000,8211698000000,369543000,898000,13000,758000,14000
1791514199,869683856,418,1747767917,D,N,8211647000000,8211646000000,8211645000000,8211644000000,8211605000000,541889000,62000,35000,120000,8000,8211648000000,8211649000000,8211650000000,8211667000000,8211698000000,369599000,926000,13000,758000,14000
1791514199,968072253,419,1747767917,D,N,8211647000000,8211646000000,8211645000000,8211644000000,8211605000000,541889000,62000,35000,120000,8000,8211648000000,8211649000000,8211650000000,8211667000000,8211698000000,369592000,926000,13000,758000,14000
1791514200,65429049,420,1747767917,S,N,8211647000000,8211646000000,8211645000000,8211644000000,8211605000000,541889000,62000,35000,120000,8000,8211648000000,8211649000000,8211650000000,8211667000000,8211698000000,369592000,926000,13000,758000,14000
1791514200,70875749,421,1747767917,D,N,8211647000000,8211646000000,8211645000000,8211644000000,8211605000000,541889000,62000,35000,120000,8000,8211648000000,8211649000000,8211650000000,8211667000000,8211698000000,369592000,926000,13000,758000,14000
1791514200,168670846,422,1747767917,D,N,8211647000000,8211646000000,8211645000000,8211644000000,8211605000000,541896000,62000,35000,120000,8000,8211648000000,8211649000000,8211650000000,8211667000000,8211698000000,369592000,926000,13000,758000,14000
1791514200,273699642,423,1747767917,D,N,8211647000000,8211646000000,8211645000000,8211644000000,8211605000000,541854000,41000,35000,120000,8000,8211648000000,8211649000000,8211650000000,8211667000000,8211698000000,273653000,926000,13000,758000,14000
1791514200,368399762,424,1747767917,D,N,8211647000000,8211646000000,8211645000000,8211644000000,8211605000000,541854000,41000,35000,120000,8000,8211648000000,8211649000000,8211650000000,8211667000000,8211698000000,368991000,926000,13000,758000,14000
1791514200,472686783,425,1747767917,D,N,8211647000000,8211646000000,8211645000000,8211644000000,8211605000000,541868000,48000,35000,120000,8000,8211648000000,8211649000000,8211650000000,8211667000000,8211698000000,368984000,926000,13000,758000,14000
1791514200,569093617,426,1747767917,D,N,8211647000000,8211646000000,8211645000000,8211644000000,8211605000000,541808000,48000,35000,120000,8000,8211648000000,8211649000000,8211650000000,8211667000000,8211698000000,369578000,926000,13000,758000,14000
1791514200,683871220,427,1747767917,D,N,8211647000000,8211646000000,8211645000000,8211644000000,8211605000000,541787000,48000,35000,120000,8000,8211648000000,8211649000000,8211650000000,8211667000000,8211698000000,384716000,926000,13000,758000,14000
1791514200,777415659,428,1747767917,D,N,8211647000000,8211646000000,8211645000000,8211644000000,8211605000000,567780000,48000,35000,120000,8000,8211648000000,8211649000000,8211650000000,8211667000000,8211698000000,384702000,926000,13000,758000,14000
1791514200,885331474,429,1747767917,D,N,8211647000000,8211646000000,8211645000000,8211644000000,8211605000000,567808000,48000,35000,120000,8000,8211648000000,8211649000000,8211650000000,8211667000000,8211698000000,384695000,926000,13000,758000,14000
1791514201,87534526,430,1747767917,D,N,8211647000000,8211646000000,8211645000000,8211644000000,8211605000000,567794000,48000,35000,120000,8000,8211648000000,8211649000000,8211650000000,8211667000000,8211698000000,384702000,926000,13000,758000,14000
1791514201,315628835,431,1747767917,D,N,8211647000000,8211646000000,8211645000000,8211644000000,8211605000000,567815000,48000,35000,120000,8000,8211648000000,8211649000000,8211650000000,8211667000000,8211698000000,384695000,926000,13000,758000,14000
1791514201,371319740,432,1747767917,S,N,8211647000000,8211646000000,8211645000000,8211644000000,8211605000000,567815000,48000,35000,120000,8000,8211648000000,8211649000000,8211650000000,8211667000000,8211698000000,384695000,926000,13000,758000,14000
1791514201,420051656,433,1747767917,D,N,8211647000000,8211646000000,8211645000000,8211644000000,8211605000000,567815000,48000,35000,120000,8000,8211648000000,8211649000000,8211650000000,8211667000000,8211698000000,384695000,926000,13000,758000,14000
1791514201,439401023,434,1747767917,D,N,8211647000000,8211646000000,8211645000000,8211644000000,8211605000000,567787000,48000,35000,120000,8000,8211648000000,8211649000000,8211650000000,8211667000000,8211698000000,384702000,926000,13000,758000,14000
1791514201,445479712,435,1747767917,D,N,8211647000000,8211646000000,8211645000000,8211644000000,8211605000000,567787000,48000,35000,120000,8000,8211648000000,8211649000000,8211650000000,8211667000000,8211698000000,384695000,926000,13000,758000,14000
1791514201,474954062,436,1747767917,D,N,8211647000000,8211646000000,8211645000000,8211644000000,8211605000000,567780000,48000,35000,120000,8000,8211648000000,8211649000000,8211650000000,8211667000000,8211698000000,384695000,926000,13000,758000,14000
1791514201,567415803,437,1747767917,D,N,8211647000000,8211646000000,8211645000000,8211644000000,8211605000000,569874000,48000,35000,120000,8000,8211648000000,8211649000000,8211650000000,8211667000000,8211698000000,384695000,926000,13000,758000,14000
1791514201,667355632,438,1747767917,D,N,8211647000000,8211646000000,8211645000000,8211644000000,8211605000000,569874000,48000,35000,120000,8000,8211648000000,8211649000000,8211650000000,8211667000000,8211698000000,384688000,926000,13000,758000,14000
1791514201,811012486,439,1747767917,D,N,8211647000000,8211646000000,8211645000000,8211644000000,8211605000000,569874000,48000,35000,120000,8000,8211648000000,8211649000000,8211650000000,8211667000000,8211698000000,384632000,891000,13000,758000,14000
1791514201,889700151,440,1747767917,D,N,8211647000000,8211646000000,8211645000000,8211644000000,8211605000000,533887000,48000,35000,120000,8000,8211648000000,8211649000000,8211650000000,8211667000000,8211698000000,384632000,891000,13000,758000,14000
1791514202,22540823,441,1747767917,D,N,8211647000000,8211646000000,8211645000000,8211644000000,8211605000000,533765000,48000,35000,120000,8000,8211648000000,8211649000000,8211650000000,8211667000000,8211698000000,384632000,891000,13000,758000,14000
1791514202,72840237,442,1747767917,D,N,8211647000000,8211646000000,8211645000000,8211644000000,8211605000000,533906000,48000,35000,120000,8000,8211648000000,8211649000000,8211650000000,8211667000000,8211698000000,384632000,891000,13000,758000,14000
1791514202,212606697,443,1747767917,D,N,8211647000000,8211646000000,8211645000000,8211644000000,8211605000000,533913000,48000,35000,120000,8000,8211648000000,8211649000000,8211650000000,8211667000000,8211698000000,384632000,891000,13000,758000,14000
1791514202,335824686,444,1747767917,S,N,8211647000000,8211646000000,8211645000000,8211644000000,8211605000000,533913000,48000,35000,120000,8000,8211648000000,8211649000000,8211650000000,8211667000000,8211698000000,384632000,891000,13000,758000,14000
1791514202,509774289,445,1747767917,D,N,8211647000000,8211646000000,8211645000000,8211644000000,8211605000000,533913000,48000,35000,120000,8000,8211648000000,8211649000000,8211650000000,8211667000000,8211698000000,384632000,891000,13000,758000,14000
1791514202,555132611,446,1747767917,S,N,8211647000000,8211646000000,8211645000000,8211644000000,8211605000000,533913000,48000,35000,120000,8000,8211648000000,8211649000000,8211650000000,8211667000000,8211698000000,384632000,891000,13000,758000,14000
1791514202,595453742,447,1747767917,D,N,8211647000000,8211646000000,8211645000000,8211644000000,8211605000000,533913000,48000,35000,120000,8000,8211648000000,8211649000000,8211650000000,8211667000000,8211698000000,384632000,891000,13000,758000,14000
1791514202,614091610,448,1747767917,S,N,8211647000000,8211646000000,8211645000000,8211644000000,8211605000000,533913000,48000,35000,120000,8000,8211648000000,8211649000000,8211650000000,8211667000000,8211698000000,384632000,891000,13000,758000,14000
1791514202,619427601,449,1747767917,D,N,8211647000000,8211646000000,8211645000000,8211644000000,8211605000000,533913000,48000,35000,120000,8000,8211648000000,8211649000000,8211650000000,8211667000000,8211698000000,384632000,891000,13000,758000,14000
1791514202,645499056,450,1747767917,S,N,8211647000000,8211646000000,8211645000000,8211644000000,8211605000000,533913000,48000,35000,120000,8000,8211648000000,8211649000000,8211650000000,8211667000000,8211698000000,384632000,891000,13000,758000,14000
1791514202,667057519,451,1747767917,D,N,8211647000000,8211646000000,8211645000000,8211644000000,8211605000000,533913000,48000,35000,120000,8000,8211648000000,8211649000000,8211650000000,8211667000000,8211698000000,384632000,891000,13000,758000,14000
1791514202,685676687,452,1747767917,D,N,8211647000000,8211646000000,8211645000000,8211644000000,8211605000000,315465000,48000,35000,120000,8000,8211648000000,8211649000000,8211650000000,8211667000000,8211698000000,386466000,891000,13000,758000,14000
1791514202,767551947,453,1747767917,D,N,8211647000000,8211646000000,8211645000000,8211644000000,8211605000000,251502000,48000,35000,120000,8000,8211648000000,8211649000000,8211650000000,8211667000000,8211698000000,386473000,891000,13000,758000,14000
1791514202,893906231,454,1747767917,D,N,8211647000000,8211646000000,8211645000000,8211644000000,8211605000000,251502000,48000,35000,120000,8000,8211648000000,8211649000000,8211650000000,8211667000000,8211698000000,385871000,891000,13000,758000,14000
1791514203,57673551,455,1747767917,D,N,8211647000000,8211646000000,8211645000000,8211644000000,8211605000000,251427000,48000,35000,120000,8000,8211648000000,8211649000000,8211650000000,8211667000000,8211698000000,444305000,891000,13000,758000,14000
1791514203,122534940,456,1747767917,D,N,8211647000000,8211646000000,8211645000000,8211644000000,8211605000000,155527000,48000,35000,120000,8000,8211648000000,8211649000000,8211650000000,8211667000000,8211698000000,444318000,891000,13000,758000,14000
1791514203,201571405,457,1747767917,D,N,8211647000000,8211646000000,8211645000000,8211644000000,8211605000000,70445000,48000,35000,120000,8000,8211648000000,8211649000000,8211650000000,8211667000000,8211698000000,479963000,891000,13000,758000,14000
1791514203,321395500,458,1747767917,D,N,8211647000000,8211646000000,8211645000000,8211644000000,8211605000000,70445000,48000,35000,120000,8000,8211648000000,8211649000000,8211650000000,8211667000000,8211698000000,479970000,891000,13000,758000,14000
1791514204,150817205,459,1747767917,D,N,8211647000000,8211646000000,8211645000000,8211644000000,8211605000000,585367000,48000,35000,120000,8000,8211648000000,8211649000000,8211650000000,8211667000000,8211698000000,468688000,891000,13000,758000,14000
1791514204,507057041,460,1747767917,D,N,8211647000000,8211646000000,8211645000000,8211644000000,8211605000000,440057000,48000,35000,120000,8000,8211648000000,8211649000000,8211650000000,8211667000000,8211698000000,436561000,891000,13000,758000,14000
1791514204,750400998,461,1747767917,S,N,8211647000000,8211646000000,8211645000000,8211644000000,8211605000000,440057000,48000,35000,120000,8000,8211648000000,8211649000000,8211650000000,8211667000000,8211698000000,436561000,891000,13000,758000,14000
1791514204,837374882,462,1747767917,D,N,8211647000000,8211646000000,8211645000000,8211644000000,8211605000000,440057000,48000,35000,120000,8000,8211648000000,8211649000000,8211650000000,8211667000000,8211698000000,436561000,891000,13000,758000,14000
1791514204,925903066,463,1747767917,S,N,8211647000000,8211646000000,8211645000000,8211644000000,8211605000000,440057000,48000,35000,120000,8000,8211648000000,8211649000000,8211650000000,8211667000000,8211698000000,436561000,891000,13000,758000,14000
1791514205,139165028,464,1747767917,D,N,8211647000000,8211646000000,8211645000000,8211644000000,8211605000000,440057000,48000,35000,120000,8000,8211648000000,8211649000000,8211650000000,8211667000000,8211698000000,436561000,891000,13000,758000,14000
1791514205,229363513,465,1747767917,S,N,8211647000000,8211646000000,8211645000000,8211644000000,8211605000000,440057000,48000,35000,120000,8000,8211648000000,8211649000000,8211650000000,8211667000000,8211698000000,436561000,891000,13000,758000,14000
1791514205,278306804,466,1747767917,D,N,8211647000000,8211646000000,8211645000000,8211644000000,8211605000000,440057000,48000,35000,120000,8000,8211648000000,8211649000000,8211650000000,8211667000000,8211698000000,436561000,891000,13000,758000,14000
1791514205,359960390,467,1747767917,D,N,8211647000000,8211646000000,8211645000000,8211644000000,8211605000000,476050000,48000,35000,120000,8000,8211648000000,8211649000000,8211650000000,8211667000000,8211698000000,440214000,891000,13000,758000,14000
1791514205,402230682,468,1747767917,D,N,8211647000000,8211646000000,8211645000000,8211644000000,8211605000000,440057000,48000,35000,120000,8000,8211648000000,8211649000000,8211650000000,8211667000000,8211698000000,440228000,891000,13000,758000,14000
1791514205,430115877,469,1747767917,D,N,8211647000000,8211646000000,8211645000000,8211644000000,8211605000000,440050000,48000,35000,120000,8000,8211648000000,8211649000000,8211650000000,8211667000000,8211698000000,440813000,891000,13000,758000,14000
1791514205,434816076,470,1747767917,S,N,8211647000000,8211646000000,8211645000000,8211644000000,8211605000000,440050000,48000,35000,120000,8000,8211648000000,8211649000000,8211650000000,8211667000000,8211698000000,440813000,891000,13000,758000,14000
1791514205,438052176,471,1747767917,D,N,8211647000000,8211646000000,8211645000000,8211644000000,8211605000000,440050000,48000,35000,120000,8000,8211648000000,8211649000000,8211650000000,8211667000000,8211698000000,440813000,891000,13000,758000,14000
1791514205,443125875,472,1747767917,D,N,8211647000000,8211646000000,8211645000000,8211644000000,8211605000000,440057000,55000,35000,120000,8000,8211648000000,8211649000000,8211650000000,8211667000000,8211698000000,440813000,891000,13000,758000,14000
1791514205,455943573,473,1747767917,D,N,8211647000000,8211646000000,8211645000000,8211644000000,8211605000000,440057000,55000,35000,120000,8000,8211648000000,8211649000000,8211650000000,8211667000000,8211698000000,471268000,27000,13000,758000,14000
1791514205,459467072,474,1747767917,S,N,8211647000000,8211646000000,8211645000000,8211644000000,8211605000000,440057000,55000,35000,120000,8000,8211648000000,8211649000000,8211650000000,8211667000000,8211698000000,471268000,27000,13000,758000,14000
1791514205,463000171,475,1747767917,D,N,8211647000000,8211646000000,8211645000000,8211644000000,8211605000000,440057000,55000,35000,120000,8000,8211648000000,8211649000000,8211650000000,8211667000000,8211698000000,471268000,27000,13000,758000,14000
1791514205,480544968,476,1747767917,D,N,8211647000000,8211646000000,8211645000000,8211644000000,8211605000000,440057000,55000,35000,120000,8000,8211648000000,8211649000000,8211650000000,8211667000000,8211698000000,471261000,20000,13000,758000,14000
1791514205,483633068,477,1747767917,S,N,8211647000000,8211646000000,8211645000000,8211644000000,8211605000000,440057000,55000,35000,120000,8000,8211648000000,8211649000000,8211650000000,8211667000000,8211698000000,471261000,20000,13000,758000,14000
1791514205,488852767,478,1747767917,D,N,8211647000000,8211646000000,8211645000000,8211644000000,8211605000000,440057000,55000,35000,120000,8000,8211648000000,8211649000000,8211650000000,8211667000000,8211698000000,471261000,20000,13000,758000,14000
1791514205,493695566,479,1747767917,S,N,8211647000000,8211646000000,8211645000000,8211644000000,8211605000000,440057000,55000,35000,120000,8000,8211648000000,8211649000000,8211650000000,8211667000000,8211698000000,471261000,20000,13000,758000,14000
1791514205,500312965,480,1747767917,D,N,8211647000000,8211646000000,8211645000000,8211644000000,8211605000000,440057000,55000,35000,120000,8000,8211648000000,8211649000000,8211650000000,8211667000000,8211698000000,471261000,20000,13000,758000,14000
1791514205,512945463,481,1747767917,D,N,8211647000000,8211646000000,8211645000000,8211644000000,8211605000000,440048000,55000,35000,120000,8000,8211648000000,8211649000000,8211650000000,8211667000000,8211698000000,471261000,20000,13000,758000,14000
1791514205,518585862,482,1747767917,D,N,8211647000000,8211646000000,8211645000000,8211644000000,8211605000000,440048000,55000,35000,120000,8000,8211648000000,8211649000000,8211650000000,8211667000000,8211698000000,471274000,20000,13000,758000,14000
1791514205,532398259,483,1747767917,D,N,8211647000000,8211646000000,8211645000000,8211644000000,8211605000000,440048000,55000,35000,120000,8000,8211648000000,8211649000000,8211650000000,8211667000000,8211698000000,469447000,20000,13000,758000,14000
1791514205,538548358,484,1747767917,D,N,8211647000000,8211646000000,8211645000000,8211644000000,8211605000000,303323000,55000,35000,120000,8000,8211648000000,8211649000000,8211650000000,8211667000000,8211698000000,469447000,20000,13000,758000,14000
1791514205,557608755,485,1747767917,D,N,8211647000000,8211646000000,8211645000000,8211644000000,8211605000000,303323000,55000,35000,120000,8000,8211648000000,8211649000000,8211650000000,8211667000000,8211698000000,469495000,20000,13000,758000,14000
1791514205,564352554,486,1747767917,D,N,8211647000000,8211646000000,8211645000000,8211644000000,8211605000000,303316000,48000,35000,120000,8000,8211648000000,8211649000000,8211650000000,8211667000000,8211698000000,469495000,20000,13000,758000,14000
1791514205,610527145,487,1747767917,D,N,8211647000000,8211646000000,8211645000000,8211644000000,8211605000000,434168000,48000,35000,120000,8000,8211648000000,8211649000000,8211650000000,8211667000000,8211698000000,471322000,20000,13000,758000,14000
1791514205,700091430,488,1747767917,D,N,8211647000000,8211646000000,8211645000000,8211644000000,8211605000000,434223000,48000,35000,120000,8000,8211648000000,8211649000000,8211650000000,8211667000000,8211698000000,470665000,20000,13000,758000,14000
1791514205,780293916,489,1747767917,D,N,8211647000000,8211646000000,8211645000000,8211644000000,8211605000000,434230000,41000,35000,120000,8000,8211648000000,8211649000000,8211650000000,8211667000000,8211698000000,470658000,20000,13000,758000,14000
1791514205,868003100,490,1747767917,S,N,8211647000000,8211646000000,8211645000000,8211644000000,8211605000000,434230000,41000,35000,120000,8000,8211648000000,8211649000000,8211650000000,8211667000000,8211698000000,470658000,20000,13000,758000,14000
1791514205,992574278,491,1747767917,D,N,8211647000000,8211646000000,8211645000000,8211644000000,8211605000000,434230000,41000,35000,120000,8000,8211648000000,8211649000000,8211650000000,8211667000000,8211698000000,470658000,20000,13000,758000,14000
1791514206,29989672,492,1747767917,S,N,8211647000000,8211646000000,8211645000000,8211644000000,8211605000000,434230000,41000,35000,120000,8000,8211648000000,8211649000000,8211650000000,8211667000000,8211698000000,470658000,20000,13000,758000,14000
1791514206,33974271,493,1747767917,D,N,8211647000000,8211646000000,8211645000000,8211644000000,8211605000000,434230000,41000,35000,120000,8000,8211648000000,8211649000000,8211650000000,8211667000000,8211698000000,470658000,20000,13000,758000,14000
1791514206,70174265,494,1747767917,D,N,8211647000000,8211646000000,8211645000000,8211644000000,8211605000000,434230000,41000,35000,120000,8000,8211648000000,8211649000000,8211650000000,8211667000000,8211698000000,470679000,34000,13000,758000,14000
1791514206,183803745,495,1747767917,D,N,8211647000000,8211646000000,8211645000000,8211644000000,8211605000000,434230000,41000,35000,120000,8000,8211648000000,8211649000000,8211650000000,8211667000000,8211698000000,468873000,55000,13000,758000,14000
1791514206,283705628,496,1747767917,D,N,8211647000000,8211646000000,8211645000000,8211644000000,8211605000000,375762000,41000,35000,120000,8000,8211648000000,8211649000000,8211650000000,8211667000000,8211698000000,468852000,34000,13000,758000,14000
1791514206,407544207,497,1747767917,D,N,8211647000000,8211646000000,8211645000000,8211644000000,8211605000000,375762000,41000,35000,120000,8000,8211648000000,8211649000000,8211650000000,8211667000000,8211698000000,470679000,34000,13000,758000,14000
1791514206,465879196,498,1747767917,S,N,8211647000000,8211646000000,8211645000000,8211644000000,8211605000000,375762000,41000,35000,120000,8000,8211648000000,8211649000000,8211650000000,8211667000000,8211698000000,470679000,34000,13000,758000,14000
1791514206,531132385,499,1747767917,D,N,8211647000000,8211646000000,8211645000000,8211644000000,8211605000000,375762000,41000,35000,120000,8000,8211648000000,8211649000000,8211650000000,8211667000000,8211698000000,470679000,34000,13000,758000,14000
1791514206,584807776,500,1747767917,S,N,8211647000000,8211646000000,8211645000000,8211644000000,8211605000000,375762000,41000,35000,120000,8000,8211648000000,8211649000000,8211650000000,8211667000000,8211698000000,470679000,34000,13000,758000,14000
1791514206,629343668,501,1747767917,D,N,8211647000000,8211646000000,8211645000000,8211644000000,8211605000000,375762000,41000,35000,120000,8000,8211648000000,8211649000000,8211650000000,8211667000000,8211698000000,470679000,34000,13000,758000,14000
1791514206,678626660,502,1747767917,S,N,8211647000000,8211646000000,8211645000000,8211644000000,8211605000000,375762000,41000,35000,120000,8000,8211648000000,8211649000000,8211650000000,8211667000000,8211698000000,470679000,34000,13000,758000,14000
1791514206,731861950,503,1747767917,D,N,8211647000000,8211646000000,8211645000000,8211644000000,8211605000000,375762000,41000,35000,120000,8000,8211648000000,8211649000000,8211650000000,8211667000000,8211698000000,470679000,34000,13000,758000,14000
1791514206,780705542,504,1747767917,D,N,8211647000000,8211646000000,8211645000000,8211644000000,8211605000000,375762000,41000,35000,120000,8000,8211648000000,8211649000000,8211650000000,8211667000000,8211698000000,470071000,34000,13000,758000,14000
1791514206,886354724,505,1747767917,D,N,8211647000000,8211646000000,8211645000000,8211644000000,8211605000000,375762000,41000,35000,120000,8000,8211648000000,8211649000000,8211650000000,8211667000000,8211698000000,470092000,55000,13000,758000,14000
1791514206,971703509,506,1747767917,S,N,8211647000000,8211646000000,8211645000000,8211644000000,8211605000000,375762000,41000,35000,120000,8000,8211648000000,8211649000000,8211650000000,8211667000000,8211698000000,470092000,55000,13000,758000,14000
1791514207,60114094,507,1747767917,D,N,8211647000000,8211646000000,8211645000000,8211644000000,8211605000000,375762000,41000,35000,120000,8000,8211648000000,8211649000000,8211650000000,8211667000000,8211698000000,470092000,55000,13000,758000,14000
1791514207,184631573,508,1747767917,D,N,8211647000000,8211646000000,8211645000000,8211644000000,8211605000000,375762000,41000,35000,120000,8000,8211648000000,8211649000000,8211650000000,8211667000000,8211698000000,485251000,55000,13000,758000,14000
1791514207,223365466,509,1747767917,S,N,8211647000000,8211646000000,8211645000000,8211644000000,8211605000000,375762000,41000,35000,120000,8000,8211648000000,8211649000000,8211650000000,8211667000000,8211698000000,485251000,55000,13000,758000,14000
1791514207,233590764,510,1747767917,D,N,8211647000000,8211646000000,8211645000000,8211644000000,8211605000000,375762000,41000,35000,120000,8000,8211648000000,8211649000000,8211650000000,8211667000000,8211698000000,485251000,55000,13000,758000,14000
1791514207,296109754,511,1747767917,D,N,8211647000000,8211646000000,8211645000000,8211644000000,8211605000000,375749000,41000,35000,120000,8000,8211648000000,8211649000000,8211650000000,8211667000000,8211698000000,485251000,55000,13000,758000,14000
1791514207,377219840,512,1747767917,D,N,8211647000000,8211646000000,8211645000000,8211644000000,8211605000000,311779000,41000,35000,120000,8000,8211648000000,8211649000000,8211650000000,8211667000000,8211698000000,485243000,34000,13000,758000,14000
1791514207,464103425,513,1747767917,S,N,8211647000000,8211646000000,8211645000000,8211644000000,8211605000000,311779000,41000,35000,120000,8000,8211648000000,8211649000000,8211650000000,8211667000000,8211698000000,485243000,34000,13000,758000,14000
1791514207,465898625,514,1747767917,D,N,8211647000000,8211646000000,8211645000000,8211644000000,8211605000000,311779000,41000,35000,120000,8000,8211648000000,8211649000000,8211650000000,8211667000000,8211698000000,485243000,34000,13000,758000,14000
1791514207,569493107,515,1747767917,D,N,8211647000000,8211646000000,8211645000000,8211644000000,8211605000000,311760000,41000,35000,120000,8000,8211648000000,8211649000000,8211650000000,8211667000000,8211698000000,485291000,34000,13000,758000,14000
1791514207,666350991,516,1747767917,S,N,8211647000000,8211646000000,8211645000000,8211644000000,8211605000000,311760000,41000,35000,120000,8000,8211648000000,8211649000000,8211650000000,8211667000000,8211698000000,485291000,34000,13000,758000,14000
1791514207,667607291,517,1747767917,D,N,8211647000000,8211646000000,8211645000000,8211644000000,8211605000000,311760000,41000,35000,120000,8000,8211648000000,8211649000000,8211650000000,8211667000000,8211698000000,485291000,34000,13000,758000,14000
1791514207,775402773,518,1747767917,D,N,8211647000000,8211646000000,8211645000000,8211644000000,8211605000000,311760000,41000,35000,120000,8000,8211648000000,8211649000000,8211650000000,8211667000000,8211698000000,485900000,34000,13000,758000,14000
1791514207,865717157,519,1747767917,S,N,8211647000000,8211646000000,8211645000000,8211644000000,8211605000000,311760000,41000,35000,120000,8000,8211648000000,8211649000000,8211650000000,8211667000000,8211698000000,485900000,34000,13000,758000,14000
1791514207,867262257,520,1747767917,D,N,8211647000000,8211646000000,8211645000000,8211644000000,8211605000000,311760000,41000,35000,120000,8000,8211648000000,8211649000000,8211650000000,8211667000000,8211698000000,485900000,34000,13000,758000,14000
1791514207,968746540,521,1747767917,D,N,8211647000000,8211646000000,8211645000000,8211644000000,8211605000000,311760000,48000,35000,120000,8000,8211648000000,8211649000000,8211650000000,8211667000000,8211698000000,485900000,34000,13000,758000,14000
1791514208,69398323,522,1747767917,D,N,8211647000000,8211646000000,8211645000000,8211644000000,8211605000000,311767000,55000,35000,120000,8000,8211648000000,8211649000000,8211650000000,8211667000000,8211698000000,485900000,34000,13000,758000,14000
1791514208,205976100,523,1747767917,D,N,8211647000000,8211646000000,8211645000000,8211644000000,8211605000000,375730000,55000,35000,120000,8000,8211648000000,8211649000000,8211650000000,8211667000000,8211698000000,485852000,34000,13000,758000,14000
1791514208,283297487,524,1747767917,D,N,8211647000000,8211646000000,8211645000000,8211644000000,8211605000000,375723000,48000,35000,120000,8000,8211648000000,8211649000000,8211650000000,8211667000000,8211698000000,485852000,34000,13000,758000,14000
1791514208,366820696,525,1747767917,S,N,8211647000000,8211646000000,8211645000000,8211644000000,8211605000000,375723000,48000,35000,120000,8000,8211648000000,8211649000000,8211650000000,8211667000000,8211698000000,485852000,34000,13000,758000,14000
1791514208,444351401,526,1747767917,D,N,8211647000000,8211646000000,8211645000000,8211644000000,8211605000000,375723000,48000,35000,120000,8000,8211648000000,8211649000000,8211650000000,8211667000000,8211698000000,485852000,34000,13000,758000,14000
1791514208,507368886,527,1747767917,D,N,8211647000000,8211646000000,8211645000000,8211644000000,8211605000000,375750000,55000,35000,120000,8000,8211648000000,8211649000000,8211650000000,8211667000000,8211698000000,485852000,34000,13000,758000,14000
1791514208,608335122,528,1747767917,D,N,8211647000000,8211646000000,8211645000000,8211644000000,8211605000000,375743000,48000,35000,120000,8000,8211648000000,8211649000000,8211650000000,8211667000000,8211698000000,485852000,34000,13000,758000,14000
1791514208,667439802,529,1747767917,S,N,8211647000000,8211646000000,8211645000000,8211644000000,8211605000000,375743000,48000,35000,120000,8000,8211648000000,8211649000000,8211650000000,8211667000000,8211698000000,485852000,34000,13000,758000,14000
1791514208,676087114,530,1747767917,D,N,8211647000000,8211646000000,8211645000000,8211644000000,8211605000000,375743000,48000,35000,120000,8000,8211648000000,8211649000000,8211650000000,8211667000000,8211698000000,485852000,34000,13000,758000,14000
1791514208,844439941,531,1747767917,D,N,8211647000000,8211646000000,8211645000000,8211644000000,8211605000000,375762000,48000,35000,120000,8000,8211648000000,8211649000000,8211650000000,8211667000000,8211698000000,485852000,34000,13000,758000,14000
1791514208,883602494,532,1747767917,D,N,8211647000000,8211646000000,8211645000000,8211644000000,8211605000000,375769000,55000,35000,120000,8000,8211648000000,8211649000000,8211650000000,8211667000000,8211698000000,485852000,34000,13000,758000,14000
1791514208,965141805,533,1747767917,S,N,8211647000000,8211646000000,8211645000000,8211644000000,8211605000000,375769000,55000,35000,120000,8000,8211648000000,8211649000000,8211650000000,8211667000000,8211698000000,485852000,34000,13000,758000,14000
1791514208,966371906,534,1747767917,D,N,8211647000000,8211646000000,8211645000000,8211644000000,8211605000000,375769000,55000,35000,120000,8000,8211648000000,8211649000000,8211650000000,8211667000000,8211698000000,485852000,34000,13000,758000,14000
1791514209,75325854,535,1747767917,D,N,8211647000000,8211646000000,8211645000000,8211644000000,8211605000000,375769000,55000,35000,120000,8000,8211648000000,8211649000000,8211650000000,8211667000000,8211698000000,485899000,34000,13000,758000,14000
1791514209,171766584,536,1747767917,D,N,8211647000000,8211646000000,8211645000000,8211644000000,8211605000000,380146000,48000,35000,120000,8000,8211648000000,8211649000000,8211650000000,8211667000000,8211698000000,485899000,34000,13000,758000,14000
1791514209,265160111,537,1747767917,S,N,8211647000000,8211646000000,8211645000000,8211644000000,8211605000000,380146000,48000,35000,120000,8000,8211648000000,8211649000000,8211650000000,8211667000000,8211698000000,485899000,34000,13000,758000,14000
1791514209,267383914,538,1747767917,D,N,8211647000000,8211646000000,8211645000000,8211644000000,8211605000000,380146000,48000,35000,120000,8000,8211648000000,8211649000000,8211650000000,8211667000000,8211698000000,485899000,34000,13000,758000,14000
1791514209,368667651,539,1747767917,D,N,8211647000000,8211646000000,8211645000000,8211644000000,8211631000000,462762000,34000,35000,120000,14000,8211648000000,8211649000000,8211650000000,8211667000000,8211699000000,407723000,62000,13000,758000,14000
1791514209,472508092,540,1747767917,D,N,8211647000000,8211646000000,8211645000000,8211644000000,8211631000000,498748000,27000,35000,120000,14000,8211648000000,8211649000000,8211650000000,8211667000000,8211699000000,311154000,62000,13000,758000,14000
1791514209,566029618,541,1747767917,D,N,8211647000000,8211646000000,8211645000000,8211644000000,8211631000000,502387000,13000,35000,120000,14000,8211648000000,8211649000000,8211650000000,8211667000000,8211699000000,308469000,62000,13000,758000,14000
1791514209,667457656,542,1747767917,D,N,8211647000000,8211646000000,8211645000000,8211644000000,8211631000000,502457000,41000,35000,120000,14000,8211648000000,8211649000000,8211650000000,8211667000000,8211699000000,308440000,62000,13000,758000,14000
1791514209,765532889,543,1747767917,D,N,8211647000000,8211646000000,8211645000000,8211644000000,8211631000000,502457000,41000,35000,120000,14000,8211648000000,8211649000000,8211650000000,8211667000000,8211699000000,404380000,55000,13000,758000,14000
1791514209,868971829,544,1747767917,D,N,8211647000000,8211646000000,8211645000000,8211644000000,8211631000000,466450000,41000,35000,120000,14000,8211648000000,8211649000000,8211650000000,8211667000000,8211699000000,462854000,55000,13000,758000,14000
1791514209,966602961,545,1747767917,D,N,8211647000000,8211646000000,8211645000000,8211644000000,8211631000000,461410000,41000,35000,120000,14000,8211648000000,8211649000000,8211650000000,8211667000000,8211699000000,490041000,55000,13000,758000,14000
1791514210,81757217,546,1747767917,S,N,8211647000000,8211646000000,8211645000000,8211644000000,8211631000000,461410000,41000,35000,120000,14000,8211648000000,8211649000000,8211650000000,8211667000000,8211699000000,490041000,55000,13000,758000,14000
1791514210,83297719,547,1747767917,D,N,8211647000000,8211646000000,8211645000000,8211644000000,8211631000000,461410000,41000,35000,120000,14000,8211648000000,8211649000000,8211650000000,8211667000000,8211699000000,490041000,55000,13000,758000,14000
1791514210,279786286,548,1747767917,D,N,8211533000000,8211532000000,8211505000000,8211408000000,8211402000000,850000,42000,7000,7000,1171000,8211534000000,8211535000000,8211536000000,8211572000000,8211586000000,1227507000,13000,13000,400000,410949000
1791514210,422899980,549,1747767917,D,N,8211225000000,8211224000000,8211146000000,8211110000000,8211099000000,851000,49000,946000,60000,7000,8211226000000,8211227000000,8211228000000,8211245000000,8211272000000,1191878000,13000,13000,7000,128658000
1791514210,427345686,550,1747767917,D,N,8211225000000,8211224000000,8211146000000,8211122000000,8211110000000,29621000,49000,946000,8000,60000,8211226000000,8211227000000,8211228000000,8211245000000,8211271000000,1192414000,13000,13000,7000,600000
1791514210,464956238,551,1747767917,D,N,8211225000000,8211224000000,8211146000000,8211122000000,8211110000000,47908000,63000,946000,8000,60000,8211226000000,8211227000000,8211228000000,8211245000000,8211272000000,1192414000,13000,13000,7000,93996000
1791514210,567671477,552,1747767917,D,N,8211225000000,8211224000000,8211146000000,8211122000000,8211110000000,47823000,63000,946000,8000,60000,8211226000000,8211227000000,8211228000000,8211245000000,8211272000000,1192414000,13000,13000,7000,140578000
1791514210,675744624,553,1747767917,D,N,8211225000000,8211224000000,8211146000000,8211122000000,8211110000000,82823000,63000,946000,8000,60000,8211226000000,8211227000000,8211228000000,8211245000000,8211272000000,1192414000,13000,13000,7000,140578000
1791514210,771123753,554,1747767917,D,N,8211225000000,8211224000000,8211146000000,8211122000000,8211110000000,83352000,63000,946000,8000,60000,8211226000000,8211227000000,8211228000000,8211245000000,8211272000000,1192427000,13000,13000,7000,140578000
1791514210,875973196,555,1747767917,D,N,8211225000000,8211224000000,8211223000000,8211146000000,8211122000000,210543000,63000,7000,946000,8000,8211226000000,8211227000000,8211228000000,8211245000000,8211272000000,1192427000,13000,13000,7000,140578000
1791514210,975441531,556,1747767917,D,N,8211225000000,8211224000000,8211223000000,8211146000000,8211122000000,210557000,63000,7000,946000,8000,8211226000000,8211227000000,8211228000000,8211245000000,8211272000000,1192427000,13000,13000,7000,140578000
1791514211,65754953,557,1747767917,D,N,8211225000000,8211224000000,8211223000000,8211146000000,8211122000000,210557000,63000,7000,946000,8000,8211226000000,8211227000000,8211228000000,8211245000000,8211272000000,1192827000,13000,13000,7000,140578000
1791514211,179884509,558,1747767917,D,N,8211225000000,8211224000000,8211223000000,8211146000000,8211122000000,31416000,69000,20000,946000,8000,8211226000000,8211227000000,8211228000000,8211245000000,8211271000000,1220713000,13000,13000,7000,400000
1791514211,276780941,559,1747767917,D,N,8211225000000,8211224000000,8211223000000,8211146000000,8211122000000,12197000,69000,20000,946000,8000,8211226000000,8211227000000,8211228000000,8211245000000,8211272000000,1220726000,13000,13000,7000,140578000
1791514211,367829264,560,1747767917,D,N,8211225000000,8211224000000,8211223000000,8211179000000,8211146000000,12204000,69000,20000,7000,946000,8211226000000,8211227000000,8211228000000,8211245000000,8211272000000,1224379000,13000,13000,7000,140578000
1791514211,468279001,561,1747767917,S,N,8211225000000,8211224000000,8211223000000,8211179000000,8211146000000,12204000,69000,20000,7000,946000,8211226000000,8211227000000,8211228000000,8211245000000,8211272000000,1224379000,13000,13000,7000,140578000
1791514211,469797703,562,1747767917,D,N,8211225000000,8211224000000,8211223000000,8211179000000,8211146000000,12204000,69000,20000,7000,946000,8211226000000,8211227000000,8211228000000,8211245000000,8211272000000,1224379000,13000,13000,7000,140578000
1791514211,572793743,563,1747767917,D,N,8211225000000,8211224000000,8211223000000,8211179000000,8211146000000,12204000,69000,20000,7000,946000,8211226000000,8211227000000,8211228000000,8211245000000,8211272000000,1224392000,13000,13000,7000,140578000
1791514211,715760238,564,1747767917,D,N,8211225000000,8211224000000,8211223000000,8211179000000,8211146000000,30597000,69000,20000,7000,946000,8211226000000,8211227000000,8211228000000,8211245000000,8211272000000,1224392000,13000,13000,7000,140578000
1791514211,765839606,565,1747767917,S,N,8211225000000,8211224000000,8211223000000,8211179000000,8211146000000,30597000,69000,20000,7000,946000,8211226000000,8211227000000,8211228000000,8211245000000,8211272000000,1224392000,13000,13000,7000,140578000
1791514211,768334409,566,1747767917,D,N,8211225000000,8211224000000,8211223000000,8211179000000,8211146000000,30597000,69000,20000,7000,946000,8211226000000,8211227000000,8211228000000,8211245000000,8211272000000,1224392000,13000,13000,7000,140578000
1791514211,865522442,567,1747767917,D,N,8211225000000,8211224000000,8211223000000,8211146000000,8211122000000,68079000,69000,20000,946000,8000,8211226000000,8211227000000,8211228000000,8211245000000,8211271000000,1131342000,13000,13000,7000,14000
1791514211,968518082,568,1747767917,D,N,8211225000000,8211224000000,8211223000000,8211146000000,8211122000000,65749000,69000,20000,946000,8000,8211226000000,8211227000000,8211228000000,8211245000000,8211271000000,1131342000,13000,13000,7000,14000
1791514212,64462013,569,1747767917,S,N,8211225000000,8211224000000,8211223000000,8211146000000,8211122000000,65749000,69000,20000,946000,8000,8211226000000,8211227000000,8211228000000,8211245000000,8211271000000,1131342000,13000,13000,7000,14000
1791514212,65854215,570,1747767917,D,N,8211225000000,8211224000000,8211223000000,8211146000000,8211122000000,65749000,69000,20000,946000,8000,8211226000000,8211227000000,8211228000000,8211245000000,8211271000000,1131342000,13000,13000,7000,14000
1791514212,165398850,571,1747767917,D,N,8211225000000,8211224000000,8211223000000,8211146000000,8211122000000,76553000,69000,20000,946000,8000,8211226000000,8211227000000,8211228000000,8211245000000,8211271000000,1142024000,13000,13000,7000,14000
1791514212,264861586,572,1747767917,S,N,8211225000000,8211224000000,8211223000000,8211146000000,8211122000000,76553000,69000,20000,946000,8000,8211226000000,8211227000000,8211228000000,8211245000000,8211271000000,1142024000,13000,13000,7000,14000
1791514212,266372188,573,1747767917,D,N,8211225000000,8211224000000,8211223000000,8211146000000,8211122000000,76553000,69000,20000,946000,8000,8211226000000,8211227000000,8211228000000,8211245000000,8211271000000,1142024000,13000,13000,7000,14000
1791514212,364993622,574,1747767917,D,N,8211225000000,8211224000000,8211223000000,8211146000000,8211122000000,76553000,69000,20000,946000,8000,8211226000000,8211227000000,8211228000000,8211245000000,8211271000000,1142220000,13000,13000,7000,14000
1791514212,465769660,575,1747767917,D,N,8211225000000,8211224000000,8211223000000,8211146000000,8211122000000,59541000,69000,20000,946000,8000,8211226000000,8211227000000,8211228000000,8211245000000,8211271000000,1142220000,13000,13000,7000,14000
1791514212,564435995,576,1747767917,S,N,8211225000000,8211224000000,8211223000000,8211146000000,8211122000000,59541000,69000,20000,946000,8000,8211226000000,8211227000000,8211228000000,8211245000000,8211271000000,1142220000,13000,13000,7000,14000
1791514212,565505196,577,1747767917,D,N,8211225000000,8211224000000,8211223000000,8211146000000,8211122000000,59541000,69000,20000,946000,8000,8211226000000,8211227000000,8211228000000,8211245000000,8211271000000,1142220000,13000,13000,7000,14000
1791514212,672922042,578,1747767917,D,N,8211225000000,8211224000000,8211223000000,8211146000000,8211122000000,42626000,69000,20000,946000,8000,8211226000000,8211227000000,8211228000000,8211245000000,8211271000000,1142220000,13000,13000,7000,14000
1791514212,765154668,579,1747767917,D,N,8211225000000,8211224000000,8211223000000,8211146000000,8211122000000,42626000,69000,20000,946000,8000,8211226000000,8211227000000,8211228000000,8211245000000,8211271000000,1142160000,13000,13000,7000,14000
1791514212,864323704,580,1747767917,S,N,8211225000000,8211224000000,8211223000000,8211146000000,8211122000000,42626000,69000,20000,946000,8000,8211226000000,8211227000000,8211228000000,8211245000000,8211271000000,1142160000,13000,13000,7000,14000
1791514212,865404805,581,1747767917,D,N,8211225000000,8211224000000,8211223000000,8211146000000,8211122000000,42626000,69000,20000,946000,8000,8211226000000,8211227000000,8211228000000,8211245000000,8211271000000,1142160000,13000,13000,7000,14000
1791514212,972057550,582,1747767917,D,N,8211225000000,8211224000000,8211223000000,8211179000000,8211146000000,22872000,62000,20000,7000,946000,8211226000000,8211227000000,8211228000000,8211245000000,8211271000000,1237571000,13000,13000,7000,200000
1791514213,66570580,583,1747767917,D,N,8211225000000,8211224000000,8211223000000,8211179000000,8211146000000,41272000,62000,20000,7000,946000,8211226000000,8211227000000,8211228000000,8211245000000,8211272000000,1237584000,13000,13000,7000,140578000
1791514213,164915814,584,1747767917,D,N,8211225000000,8211224000000,8211223000000,8211179000000,8211146000000,58134000,62000,20000,7000,946000,8211226000000,8211227000000,8211228000000,8211245000000,8211272000000,1237484000,13000,13000,7000,140578000
1791514213,267848955,585,1747767917,D,N,8211225000000,8211224000000,8211223000000,8211179000000,8211146000000,41241000,62000,20000,7000,946000,8211226000000,8211227000000,8211228000000,8211245000000,8211272000000,1236875000,13000,13000,7000,140578000
1791514213,365248588,586,1747767917,D,N,8211225000000,8211224000000,8211223000000,8211179000000,8211146000000,61369000,62000,20000,7000,946000,8211226000000,8211227000000,8211228000000,8211245000000,8211272000000,1236875000,13000,13000,7000,140578000
1791514213,465168024,587,1747767917,D,N,8211225000000,8211224000000,8211223000000,8211179000000,8211146000000,41221000,62000,20000,7000,946000,8211226000000,8211227000000,8211228000000,8211245000000,8211272000000,1236875000,13000,13000,7000,140578000
1791514213,577291356,588,1747767917,D,N,8211225000000,8211224000000,8211223000000,8211146000000,8211122000000,41221000,62000,20000,946000,8000,8211226000000,8211227000000,8211228000000,8211245000000,8211272000000,1236868000,13000,13000,7000,140578000
1791514213,664742651,589,1747767917,D,N,8211225000000,8211224000000,8211223000000,8211146000000,8211122000000,22821000,62000,20000,946000,8000,8211226000000,8211227000000,8211228000000,8211245000000,8211272000000,1237477000,13000,13000,7000,140578000
1791514213,766608546,590,1747767917,D,N,8211225000000,8211224000000,8211223000000,8211146000000,8211122000000,22821000,62000,20000,946000,8000,8211226000000,8211227000000,8211228000000,8211245000000,8211272000000,1238086000,13000,13000,7000,140578000
1791514213,865906140,591,1747767917,D,N,8211225000000,8211224000000,8211223000000,8211146000000,8211122000000,41214000,62000,20000,946000,8000,8211226000000,8211227000000,8211228000000,8211232000000,8211245000000,1238086000,13000,13000,514000,7000
1791514213,964497435,592,1747767917,S,N,8211225000000,8211224000000,8211223000000,8211146000000,8211122000000,41214000,62000,20000,946000,8000,8211226000000,8211227000000,8211228000000,8211232000000,8211245000000,1238086000,13000,13000,514000,7000
1791514213,965711534,593,1747767917,D,N,8211225000000,8211224000000,8211223000000,8211146000000,8211122000000,41214000,62000,20000,946000,8000,8211226000000,8211227000000,8211228000000,8211232000000,8211245000000,1238086000,13000,13000,514000,7000
1791514214,71124729,594,1747767917,D,N,8211225000000,8211224000000,8211223000000,8211146000000,8211122000000,41221000,62000,20000,946000,8000,8211226000000,8211227000000,8211228000000,8211232000000,8211245000000,1248964000,13000,13000,514000,7000
1791514214,176139223,595,1747767917,D,N,8211225000000,8211224000000,8211223000000,8211146000000,8211122000000,61555000,62000,20000,946000,8000,8211226000000,8211227000000,8211228000000,8211232000000,8211245000000,1248964000,13000,13000,514000,7000
1791514214,269767718,596,1747767917,D,N,8211225000000,8211224000000,8211223000000,8211146000000,8211122000000,42561000,62000,20000,946000,8000,8211226000000,8211227000000,8211228000000,8211232000000,8211245000000,1248964000,13000,13000,514000,7000
1791514214,479270707,597,1747767917,D,N,8211225000000,8211224000000,8211223000000,8211146000000,8211122000000,42561000,62000,20000,946000,8000,8211226000000,8211227000000,8211228000000,8211232000000,8211245000000,1248355000,13000,13000,514000,7000
1791514214,784667791,598,1747767917,D,N,8211225000000,8211224000000,8211223000000,8211146000000,8211122000000,187341000,62000,20000,946000,8000,8211226000000,8211227000000,8211228000000,8211232000000,8211245000000,1141458000,13000,13000,514000,7000
1791514214,792446991,599,1747767917,D,N,8211225000000,8211224000000,8211223000000,8211146000000,8211122000000,187348000,62000,20000,946000,8000,8211226000000,8211227000000,8211228000000,8211232000000,8211245000000,1141458000,13000,13000,514000,7000
1791514214,795043190,600,1747767917,D,N,8211225000000,8211224000000,8211223000000,8211146000000,8211122000000,222362000,62000,20000,946000,8000,8211226000000,8211227000000,8211228000000,8211232000000,8211245000000,1141458000,13000,13000,514000,7000
1791514214,804119790,601,1747767917,D,N,8211225000000,8211224000000,8211223000000,8211146000000,8211122000000,216920000,62000,20000,946000,8000,8211226000000,8211227000000,8211228000000,8211232000000,8211245000000,1141538000,13000,13000,514000,7000
1791514214,881175586,602,1747767917,D,N,8211225000000,8211224000000,8211223000000,8211146000000,8211122000000,216920000,62000,20000,946000,8000,8211226000000,8211227000000,8211228000000,8211232000000,8211245000000,1157276000,13000,13000,514000,7000
1791514214,964299482,603,1747767917,S,N,8211225000000,8211224000000,8211223000000,8211146000000,8211122000000,216920000,62000,20000,946000,8000,8211226000000,8211227000000,8211228000000,8211232000000,8211245000000,1157276000,13000,13000,514000,7000
1791514214,965459381,604,1747767917,D,N,8211225000000,8211224000000,8211223000000,8211146000000,8211122000000,216920000,62000,20000,946000,8000,8211226000000,8211227000000,8211228000000,8211232000000,8211245000000,1157276000,13000,13000,514000,7000
1791514215,66059276,605,1747767917,D,N,8211225000000,8211224000000,8211223000000,8211146000000,8211122000000,216897000,62000,20000,946000,8000,8211226000000,8211227000000,8211228000000,8211232000000,8211245000000,1157276000,13000,13000,514000,7000
1791514215,168289371,606,1747767917,S,N,8211225000000,8211224000000,8211223000000,8211146000000,8211122000000,216897000,62000,20000,946000,8000,8211226000000,8211227000000,8211228000000,8211232000000,8211245000000,1157276000,13000,13000,514000,7000
1791514215,169618671,607,1747767917,D,N,8211225000000,8211224000000,8211223000000,8211146000000,8211122000000,216897000,62000,20000,946000,8000,8211226000000,8211227000000,8211228000000,8211232000000,8211245000000,1157276000,13000,13000,514000,7000
1791514215,272430066,608,1747767917,D,N,8211225000000,8211224000000,8211223000000,8211146000000,8211122000000,216740000,62000,20000,946000,8000,8211226000000,8211227000000,8211228000000,8211232000000,8211245000000,1157276000,13000,13000,514000,7000
1791514215,364832261,609,1747767917,D,N,8211225000000,8211224000000,8211223000000,8211146000000,8211122000000,110437000,62000,20000,946000,8000,8211226000000,8211227000000,8211228000000,8211234000000,8211245000000,1145799000,13000,13000,532000,7000
1791514215,469709356,610,1747767917,D,N,8211225000000,8211224000000,8211223000000,8211146000000,8211122000000,110437000,62000,20000,946000,8000,8211226000000,8211227000000,8211228000000,8211234000000,8211245000000,1156664000,13000,13000,532000,7000
1791514215,573637051,611,1747767917,D,N,8211225000000,8211224000000,8211223000000,8211146000000,8211122000000,216904000,62000,20000,946000,8000,8211226000000,8211227000000,8211228000000,8211245000000,8211271000000,1156677000,13000,13000,7000,14000
1791514215,672470246,612,1747767917,D,N,8211225000000,8211224000000,8211223000000,8211146000000,8211122000000,216904000,62000,20000,946000,8000,8211226000000,8211227000000,8211228000000,8211245000000,8211271000000,1156639000,13000,13000,7000,14000
1791514215,766943641,613,1747767917,S,N,8211225000000,8211224000000,8211223000000,8211146000000,8211122000000,216904000,62000,20000,946000,8000,8211226000000,8211227000000,8211228000000,8211245000000,8211271000000,1156639000,13000,13000,7000,14000
1791514215,768423841,614,1747767917,D,N,8211225000000,8211224000000,8211223000000,8211146000000,8211122000000,216904000,62000,20000,946000,8000,8211226000000,8211227000000,8211228000000,8211245000000,8211271000000,1156639000,13000,13000,7000,14000
1791514215,909886234,615,1747767917,D,N,8211225000000,8211224000000,8211223000000,8211146000000,8211122000000,188074000,62000,20000,946000,8000,8211226000000,8211227000000,8211228000000,8211245000000,8211271000000,1156639000,13000,13000,7000,14000
1791514215,968671831,616,1747767917,D,N,8211225000000,8211224000000,8211223000000,8211146000000,8211122000000,188088000,62000,20000,946000,8000,8211226000000,8211227000000,8211228000000,8211245000000,8211271000000,1156639000,13000,13000,7000,14000
1791514216,68716126,617,1747767917,D,N,8211225000000,8211224000000,8211223000000,8211146000000,8211122000000,342495000,69000,20000,946000,8000,8211226000000,8211227000000,8211228000000,8211245000000,8211271000000,1156453000,20000,13000,7000,14000
1791514216,175632321,618,1747767917,D,N,8211225000000,8211224000000,8211223000000,8211146000000,8211122000000,396820000,62000,20000,946000,8000,8211226000000,8211227000000,8211228000000,8211245000000,8211271000000,1138601000,20000,13000,7000,14000
1791514216,268489117,619,1747767917,D,N,8211225000000,8211224000000,8211223000000,8211173000000,8211163000000,446090000,34000,20000,243000,24000,8211226000000,8211227000000,8211228000000,8211245000000,8211271000000,814600000,62000,13000,7000,14000
1791514216,366195013,620,1747767917,D,N,8211225000000,8211224000000,8211223000000,8211174000000,8211160000000,705706000,13000,20000,609000,400000,8211226000000,8211227000000,8211228000000,8211311000000,8211357000000,42601000,62000,13000,7000,14000
1791514216,475899714,621,1747767917,D,N,8211225000000,8211224000000,8211223000000,8211160000000,8211158000000,619010000,13000,20000,400000,24000,8211226000000,8211227000000,8211228000000,8211311000000,8211357000000,45249000,55000,13000,7000,14000
1791514216,567702015,622,1747767917,D,N,8211225000000,8211224000000,8211223000000,8211160000000,8211150000000,619010000,13000,20000,400000,7000,8211226000000,8211227000000,8211228000000,8211311000000,8211357000000,79302000,55000,13000,7000,14000
1791514216,666973316,623,1747767917,D,N,8211225000000,8211224000000,8211223000000,8211160000000,8211150000000,685236000,13000,20000,400000,7000,8211226000000,8211227000000,8211228000000,8211311000000,8211357000000,26842000,55000,13000,7000,14000
1791514216,768459318,624,1747767917,D,N,8211225000000,8211224000000,8211223000000,8211160000000,8211150000000,685236000,13000,20000,400000,7000,8211226000000,8211227000000,8211228000000,8211311000000,8211357000000,26842000,62000,13000,7000,14000
1791514216,865262019,625,1747767917,D,N,8211225000000,8211224000000,8211223000000,8211160000000,8211151000000,816422000,13000,20000,400000,24000,8211226000000,8211227000000,8211228000000,8211311000000,8211357000000,26517000,55000,13000,7000,14000
1791514216,977456920,626,1747767917,D,N,8211225000000,8211224000000,8211223000000,8211160000000,8211150000000,816527000,13000,20000,400000,7000,8211226000000,8211227000000,8211228000000,8211311000000,8211357000000,26395000,55000,13000,7000,14000
1791514217,192858524,627,1747767917,D,N,8212150000000,8212149000000,8212148000000,8212074000000,8212017000000,1284825000,13000,13000,8000,243000,8212151000000,8212152000000,8212153000000,8212171000000,8212200000000,19606000,49000,7000,14000,10000
1791514217,242806425,628,1747767917,D,N,8212380000000,8212379000000,8212378000000,8212348000000,8212254000000,1179072000,13000,13000,231386000,3659000,8212381000000,8212382000000,8212401000000,8212454000000,8212500000000,95734000,49000,64000,17000,14000
1791514217,265245725,629,1747767917,D,N,8212380000000,8212379000000,8212378000000,8212348000000,8212254000000,1297129000,13000,13000,231386000,3659000,8212381000000,8212382000000,8212401000000,8212454000000,8212500000000,76686000,49000,64000,17000,14000
1791514217,407425027,630,1747767917,D,N,8212380000000,8212379000000,8212378000000,8212348000000,8212254000000,1297372000,13000,13000,231386000,3659000,8212381000000,8212382000000,8212401000000,8212454000000,8212500000000,53570000,63000,64000,17000,14000
1791514217,488008228,631,1747767917,D,N,8212380000000,8212379000000,8212378000000,8212348000000,8212254000000,1301225000,13000,13000,231386000,3659000,8212381000000,8212382000000,8212401000000,8212454000000,8212500000000,53440000,70000,64000,17000,14000
1791514217,571778430,632,1747767917,D,N,8212380000000,8212379000000,8212378000000,8212348000000,8212254000000,1301827000,13000,13000,231386000,3659000,8212381000000,8212382000000,8212401000000,8212454000000,8212500000000,53440000,70000,64000,17000,14000
1791514217,744307133,633,1747767917,D,N,8212809000000,8212808000000,8212807000000,8212632000000,8212582000000,1001717000,13000,13000,7000,3666000,8212810000000,8212811000000,8212812000000,8212864000000,8212893000000,89890000,62000,13000,7000,14000
1791514217,771364933,634,1747767917,D,N,8212809000000,8212808000000,8212807000000,8212677000000,8212633000000,1002522000,914000,13000,1502000,243000,8212810000000,8212811000000,8212812000000,8212854000000,8212864000000,247552000,62000,13000,7000,7000
1791514217,865046134,635,1747767917,D,N,8212809000000,8212808000000,8212807000000,8212678000000,8212677000000,1052570000,914000,13000,14000,1502000,8212810000000,8212811000000,8212812000000,8212854000000,8212864000000,247170000,62000,13000,7000,7000
1791514217,965717036,636,1747767917,D,N,8212809000000,8212808000000,8212807000000,8212753000000,8212678000000,1017796000,914000,13000,8000,14000,8212810000000,8212811000000,8212812000000,8212854000000,8212864000000,343137000,62000,13000,7000,7000
1791514218,65055838,637,1747767917,D,N,8212809000000,8212808000000,8212807000000,8212753000000,8212706000000,1016614000,914000,13000,8000,243000,8212810000000,8212811000000,8212812000000,8212854000000,8212864000000,343137000,62000,13000,7000,7000
1791514218,167003240,638,1747767917,D,N,8212809000000,8212808000000,8212807000000,8212753000000,8212706000000,1016614000,914000,13000,8000,243000,8212810000000,8212811000000,8212812000000,8212854000000,8212864000000,343130000,62000,13000,7000,7000
1791514218,269594942,639,1747767917,D,N,8212809000000,8212808000000,8212807000000,8212753000000,8212706000000,1016621000,914000,13000,8000,243000,8212810000000,8212811000000,8212812000000,8212854000000,8212864000000,343130000,62000,13000,7000,7000
1791514218,368508644,640,1747767917,D,N,8212809000000,8212808000000,8212807000000,8212753000000,8212706000000,1051621000,914000,13000,8000,243000,8212810000000,8212811000000,8212812000000,8212854000000,8212864000000,362535000,62000,13000,7000,7000
1791514218,468003645,641,1747767917,D,N,8212809000000,8212808000000,8212807000000,8212753000000,8212706000000,1051628000,914000,13000,8000,243000,8212810000000,8212811000000,8212812000000,8212854000000,8212864000000,362535000,62000,13000,7000,7000
1791514218,565877847,642,1747767917,D,N,8212809000000,8212808000000,8212807000000,8212753000000,8212705000000,887309000,914000,13000,8000,959000,8212810000000,8212811000000,8212812000000,8212854000000,8212864000000,367853000,62000,13000,7000,7000
1791514218,668357749,643,1747767917,D,N,8212809000000,8212808000000,8212807000000,8212753000000,8212705000000,887302000,914000,13000,8000,959000,8212810000000,8212811000000,8212812000000,8212854000000,8212864000000,367853000,62000,13000,7000,7000
1791514218,764544351,644,1747767917,S,N,8212809000000,8212808000000,8212807000000,8212753000000,8212705000000,887302000,914000,13000,8000,959000,8212810000000,8212811000000,8212812000000,8212854000000,8212864000000,367853000,62000,13000,7000,7000
1791514218,812922852,645,1747767917,D,N,8212809000000,8212808000000,8212807000000,8212753000000,8212705000000,887302000,914000,13000,8000,959000,8212810000000,8212811000000,8212812000000,8212854000000,8212864000000,367853000,62000,13000,7000,7000
1791514218,877595353,646,1747767917,S,N,8212809000000,8212808000000,8212807000000,8212753000000,8212705000000,887302000,914000,13000,8000,959000,8212810000000,8212811000000,8212812000000,8212854000000,8212864000000,367853000,62000,13000,7000,7000
1791514218,880664653,647,1747767917,D,N,8212809000000,8212808000000,8212807000000,8212753000000,8212705000000,887302000,914000,13000,8000,959000,8212810000000,8212811000000,8212812000000,8212854000000,8212864000000,367853000,62000,13000,7000,7000
1791514218,966210155,648,1747767917,S,N,8212809000000,8212808000000,8212807000000,8212753000000,8212705000000,887302000,914000,13000,8000,959000,8212810000000,8212811000000,8212812000000,8212854000000,8212864000000,367853000,62000,13000,7000,7000
1791514218,970350155,649,1747767917,D,N,8212809000000,8212808000000,8212807000000,8212753000000,8212705000000,887302000,914000,13000,8000,959000,8212810000000,8212811000000,8212812000000,8212854000000,8212864000000,367853000,62000,13000,7000,7000
1791514219,70221857,650,1747767917,D,N,8212809000000,8212808000000,8212807000000,8212805000000,8212753000000,887467000,914000,13000,790000,8000,8212810000000,8212811000000,8212812000000,8212854000000,8212864000000,367853000,62000,13000,7000,7000
1791514219,183264560,651,1747767917,D,N,8212809000000,8212808000000,8212807000000,8212805000000,8212753000000,887351000,914000,13000,790000,8000,8212810000000,8212811000000,8212812000000,8212854000000,8212864000000,367860000,62000,13000,7000,7000
1791514219,265500861,652,1747767917,S,N,8212809000000,8212808000000,8212807000000,8212805000000,8212753000000,887351000,914000,13000,790000,8000,8212810000000,8212811000000,8212812000000,8212854000000,8212864000000,367860000,62000,13000,7000,7000
1791514219,270433062,653,1747767917,D,N,8212809000000,8212808000000,8212807000000,8212805000000,8212753000000,887351000,914000,13000,790000,8000,8212810000000,8212811000000,8212812000000,8212854000000,8212864000000,367860000,62000,13000,7000,7000
1791514219,366028164,654,1747767917,S,N,8212809000000,8212808000000,8212807000000,8212805000000,8212753000000,887351000,914000,13000,790000,8000,8212810000000,8212811000000,8212812000000,8212854000000,8212864000000,367860000,62000,13000,7000,7000
1791514219,367284864,655,1747767917,D,N,8212809000000,8212808000000,8212807000000,8212805000000,8212753000000,887351000,914000,13000,790000,8000,8212810000000,8212811000000,8212812000000,8212854000000,8212864000000,367860000,62000,13000,7000,7000
1791514219,467081766,656,1747767917,S,N,8212809000000,8212808000000,8212807000000,8212805000000,8212753000000,887351000,914000,13000,790000,8000,8212810000000,8212811000000,8212812000000,8212854000000,8212864000000,367860000,62000,13000,7000,7000
1791514219,473457266,657,1747767917,D,N,8212809000000,8212808000000,8212807000000,8212805000000,8212753000000,887351000,914000,13000,790000,8000,8212810000000,8212811000000,8212812000000,8212854000000,8212864000000,367860000,62000,13000,7000,7000
1791514219,568557168,658,1747767917,D,N,8212809000000,8212808000000,8212807000000,8212805000000,8212753000000,922344000,914000,13000,790000,8000,8212810000000,8212811000000,8212812000000,8212854000000,8212864000000,367860000,62000,13000,7000,7000
1791514219,674626770,659,1747767917,D,N,8212809000000,8212808000000,8212807000000,8212805000000,8212753000000,879344000,914000,13000,790000,8000,8212810000000,8212811000000,8212812000000,8212854000000,8212864000000,367860000,62000,13000,7000,7000
1791514219,768585672,660,1747767917,D,N,8212809000000,8212808000000,8212807000000,8212805000000,8212753000000,129132000,914000,13000,790000,8000,8212810000000,8212811000000,8212812000000,8212854000000,8212864000000,565447000,13000,13000,7000,7000
1791514219,868640675,661,1747767917,D,N,8212809000000,8212808000000,8212807000000,8212805000000,8212753000000,221000,914000,13000,790000,8000,8212810000000,8212811000000,8212812000000,8212854000000,8212864000000,844933000,13000,13000,7000,7000
1791514219,965879377,662,1747767917,D,N,8212809000000,8212808000000,8212807000000,8212805000000,8212753000000,228000,914000,13000,790000,8000,8212810000000,8212811000000,8212812000000,8212854000000,8212864000000,844692000,13000,13000,7000,7000
1791514220,66557979,663,1747767917,D,N,8212809000000,8212808000000,8212807000000,8212805000000,8212753000000,51268000,956000,13000,790000,8000,8212810000000,8212811000000,8212812000000,8212854000000,8212856000000,720405000,13000,13000,7000,936000
1791514220,207933783,664,1747767917,D,N,8212809000000,8212808000000,8212807000000,8212805000000,8212753000000,69132000,956000,13000,790000,8000,8212810000000,8212811000000,8212812000000,8212854000000,8212864000000,720496000,62000,13000,7000,7000
1791514220,299219685,665,1747767917,D,N,8212809000000,8212808000000,8212807000000,8212805000000,8212753000000,66802000,956000,13000,790000,8000,8212810000000,8212811000000,8212812000000,8212854000000,8212864000000,720496000,62000,13000,7000,7000
1791514220,370824787,666,1747767917,D,N,8212809000000,8212808000000,8212807000000,8212805000000,8212753000000,66802000,956000,13000,790000,8000,8212810000000,8212811000000,8212812000000,8212854000000,8212864000000,720468000,62000,13000,7000,7000
1791514220,490635090,667,1747767917,D,N,8212809000000,8212808000000,8212807000000,8212805000000,8212753000000,69132000,956000,13000,790000,8000,8212810000000,8212811000000,8212812000000,8212854000000,8212864000000,720475000,62000,13000,7000,7000
1791514220,590104792,668,1747767917,D,N,8212809000000,8212808000000,8212807000000,8212805000000,8212753000000,69180000,956000,13000,790000,8000,8212810000000,8212811000000,8212812000000,8212854000000,8212864000000,720475000,62000,13000,7000,7000
1791514220,688657195,669,1747767917,D,N,8212809000000,8212808000000,8212807000000,8212805000000,8212753000000,66857000,956000,13000,790000,8000,8212810000000,8212811000000,8212812000000,8212854000000,8212864000000,720468000,62000,13000,7000,7000
1791514220,939746301,670,1747767917,D,N,8212809000000,8212808000000,8212807000000,8212805000000,8212753000000,50168000,956000,13000,790000,8000,8212810000000,8212811000000,8212812000000,8212854000000,8212864000000,720468000,62000,13000,7000,7000
1791514220,944849401,671,1747767917,D,N,8212809000000,8212808000000,8212807000000,8212805000000,8212753000000,47838000,956000,13000,790000,8000,8212810000000,8212811000000,8212812000000,8212854000000,8212864000000,720370000,13000,13000,7000,7000
1791514220,987419402,672,1747767917,D,N,8212809000000,8212808000000,8212807000000,8212805000000,8212753000000,47900000,956000,13000,790000,8000,8212810000000,8212811000000,8212812000000,8212854000000,8212864000000,720370000,13000,13000,7000,7000
1791514221,138026206,673,1747767917,D,N,8212809000000,8212808000000,8212807000000,8212805000000,8212753000000,44747000,956000,13000,790000,8000,8212810000000,8212811000000,8212812000000,8212854000000,8212864000000,720882000,13000,13000,7000,7000
1791514221,170340407,674,1747767917,S,N,8212809000000,8212808000000,8212807000000,8212805000000,8212753000000,44747000,956000,13000,790000,8000,8212810000000,8212811000000,8212812000000,8212854000000,8212864000000,720882000,13000,13000,7000,7000
1791514221,209764608,675,1747767917,D,N,8212809000000,8212808000000,8212807000000,8212805000000,8212753000000,44747000,956000,13000,790000,8000,8212810000000,8212811000000,8212812000000,8212854000000,8212864000000,720882000,13000,13000,7000,7000
1791514221,266581610,676,1747767917,D,N,8212809000000,8212808000000,8212807000000,8212805000000,8212753000000,347888000,970000,13000,790000,8000,8212810000000,8212811000000,8212812000000,8212864000000,8212881000000,584796000,62000,13000,7000,516000
1791514221,367731413,677,1747767917,D,N,8212809000000,8212808000000,8212807000000,8212805000000,8212753000000,251921000,949000,13000,790000,8000,8212810000000,8212811000000,8212812000000,8212854000000,8212864000000,584796000,69000,13000,7000,7000
1791514221,465865816,678,1747767917,D,N,8212809000000,8212808000000,8212807000000,8212805000000,8212753000000,272901000,949000,13000,790000,8000,8212810000000,8212811000000,8212812000000,8212854000000,8212864000000,584810000,69000,13000,7000,7000
1791514221,567097718,679,1747767917,S,N,8212809000000,8212808000000,8212807000000,8212805000000,8212753000000,272901000,949000,13000,790000,8000,8212810000000,8212811000000,8212812000000,8212854000000,8212864000000,584810000,69000,13000,7000,7000
1791514221,571984219,680,1747767917,D,N,8212809000000,8212808000000,8212807000000,8212805000000,8212753000000,272901000,949000,13000,790000,8000,8212810000000,8212811000000,8212812000000,8212854000000,8212864000000,584810000,69000,13000,7000,7000
1791514221,667027621,681,1747767917,D,N,8212809000000,8212808000000,8212807000000,8212753000000,8212730000000,372005000,949000,13000,8000,510000,8212810000000,8212811000000,8212812000000,8212849000000,8212850000000,545210000,62000,13000,14000,10682000
1791514221,781400124,682,1747767917,D,N,8212809000000,8212808000000,8212807000000,8212753000000,8212730000000,372012000,956000,13000,8000,510000,8212810000000,8212811000000,8212812000000,8212849000000,8212850000000,545203000,69000,13000,14000,10682000
1791514221,864872627,683,1747767917,D,N,8212809000000,8212808000000,8212807000000,8212753000000,8212730000000,372005000,949000,13000,8000,510000,8212810000000,8212811000000,8212812000000,8212849000000,8212850000000,422398000,69000,13000,14000,10682000
1791514221,965293430,684,1747767917,D,N,8212809000000,8212808000000,8212807000000,8212753000000,8212730000000,371998000,942000,13000,8000,510000,8212810000000,8212811000000,8212812000000,8212849000000,8212850000000,422398000,69000,13000,14000,10682000
1791514222,65900032,685,1747767917,D,N,8212809000000,8212808000000,8212807000000,8212753000000,8212730000000,375827000,928000,13000,8000,510000,8212810000000,8212811000000,8212812000000,8212849000000,8212850000000,423845000,69000,13000,14000,10682000
1791514222,166959336,686,1747767917,D,N,8212809000000,8212808000000,8212807000000,8212753000000,8212730000000,375806000,914000,13000,8000,510000,8212810000000,8212811000000,8212812000000,8212849000000,8212850000000,423845000,62000,13000,14000,10682000
1791514222,266305239,687,1747767917,D,N,8212809000000,8212808000000,8212807000000,8212753000000,8212730000000,394245000,914000,13000,8000,510000,8212810000000,8212811000000,8212812000000,8212864000000,8212892000000,423838000,62000,13000,7000,400000
1791514222,366254542,688,1747767917,D,N,8212809000000,8212808000000,8212807000000,8212753000000,8212730000000,395186000,914000,13000,8000,510000,8212810000000,8212811000000,8212812000000,8212854000000,8212864000000,423845000,69000,13000,7000,7000
1791514222,464889145,689,1747767917,S,N,8212809000000,8212808000000,8212807000000,8212753000000,8212730000000,395186000,914000,13000,8000,510000,8212810000000,8212811000000,8212812000000,8212854000000,8212864000000,423845000,69000,13000,7000,7000
1791514222,470535945,690,1747767917,D,N,8212809000000,8212808000000,8212807000000,8212753000000,8212730000000,395186000,914000,13000,8000,510000,8212810000000,8212811000000,8212812000000,8212854000000,8212864000000,423845000,69000,13000,7000,7000
1791514222,571318548,691,1747767917,D,N,8212809000000,8212808000000,8212807000000,8212753000000,8212730000000,507022000,914000,13000,8000,510000,8212810000000,8212811000000,8212812000000,8212864000000,8212893000000,403501000,62000,13000,7000,14000
1791514222,666470351,692,1747767917,D,N,8212809000000,8212808000000,8212807000000,8212753000000,8212730000000,507265000,914000,13000,8000,510000,8212810000000,8212811000000,8212812000000,8212854000000,8212864000000,271404000,62000,13000,7000,7000
1791514222,765350554,693,1747767917,D,N,8212809000000,8212808000000,8212807000000,8212753000000,8212730000000,507265000,914000,13000,8000,510000,8212810000000,8212811000000,8212812000000,8212864000000,8212893000000,291996000,62000,13000,7000,14000
1791514222,865006057,694,1747767917,D,N,8212809000000,8212808000000,8212807000000,8212753000000,8212730000000,507313000,914000,13000,8000,510000,8212810000000,8212811000000,8212812000000,8212854000000,8212864000000,291989000,62000,13000,7000,7000
1791514222,966258460,695,1747767917,D,N,8212809000000,8212808000000,8212807000000,8212753000000,8212730000000,507070000,914000,13000,8000,510000,8212810000000,8212811000000,8212812000000,8212854000000,8212864000000,256003000,62000,13000,7000,7000
1791514223,65838564,696,1747767917,D,N,8212809000000,8212808000000,8212807000000,8212753000000,8212730000000,507070000,914000,13000,8000,510000,8212810000000,8212811000000,8212812000000,8212854000000,8212864000000,255992000,62000,13000,7000,7000
1791514223,168980567,697,1747767917,D,N,8212809000000,8212808000000,8212807000000,8212753000000,8212730000000,506539000,914000,13000,8000,510000,8212810000000,8212811000000,8212812000000,8212854000000,8212864000000,388102000,62000,13000,7000,7000
1791514223,265564170,698,1747767917,D,N,8212809000000,8212808000000,8212807000000,8212753000000,8212730000000,506546000,921000,13000,8000,510000,8212810000000,8212811000000,8212812000000,8212854000000,8212864000000,388102000,62000,13000,7000,7000
1791514223,364964574,699,1747767917,D,N,8212809000000,8212808000000,8212807000000,8212753000000,8212730000000,506546000,921000,13000,8000,510000,8212810000000,8212811000000,8212812000000,8212854000000,8212864000000,388082000,62000,13000,7000,7000
1791514223,467815577,700,1747767917,D,N,8212809000000,8212808000000,8212807000000,8212805000000,8212753000000,506546000,921000,13000,915000,8000,8212810000000,8212811000000,8212812000000,8212854000000,8212864000000,255985000,62000,13000,7000,7000
1791514223,575384481,701,1747767917,D,N,8212809000000,8212808000000,8212807000000,8212805000000,8212753000000,506833000,928000,13000,915000,8000,8212810000000,8212811000000,8212812000000,8212854000000,8212864000000,255985000,62000,13000,7000,7000
1791514223,673192384,702,1747767917,S,N,8212809000000,8212808000000,8212807000000,8212805000000,8212753000000,506833000,928000,13000,915000,8000,8212810000000,8212811000000,8212812000000,8212854000000,8212864000000,255985000,62000,13000,7000,7000
1791514223,706607285,703,1747767917,D,N,8212809000000,8212808000000,8212807000000,8212805000000,8212753000000,506833000,928000,13000,915000,8000,8212810000000,8212811000000,8212812000000,8212854000000,8212864000000,255985000,62000,13000,7000,7000
1791514223,782142988,704,1747767917,D,N,8212809000000,8212808000000,8212807000000,8212805000000,8212753000000,506861000,949000,13000,915000,8000,8212810000000,8212811000000,8212812000000,8212854000000,8212864000000,255690000,62000,13000,7000,7000
1791514223,868518891,705,1747767917,S,N,8212809000000,8212808000000,8212807000000,8212805000000,8212753000000,506861000,949000,13000,915000,8000,8212810000000,8212811000000,8212812000000,8212854000000,8212864000000,255690000,62000,13000,7000,7000
1791514223,882995991,706,1747767917,D,N,8212809000000,8212808000000,8212807000000,8212805000000,8212753000000,506861000,949000,13000,915000,8000,8212810000000,8212811000000,8212812000000,8212854000000,8212864000000,255690000,62000,13000,7000,7000
1791514223,973553095,707,1747767917,D,N,8212809000000,8212808000000,8212807000000,8212805000000,8212753000000,506861000,949000,13000,915000,8000,8212810000000,8212811000000,8212812000000,8212854000000,8212864000000,388977000,62000,13000,7000,7000
1791514224,71042898,708,1747767917,D,N,8212809000000,8212808000000,8212807000000,8212805000000,8212753000000,507083000,928000,13000,915000,8000,8212810000000,8212811000000,8212812000000,8212854000000,8212864000000,389140000,62000,13000,7000,7000
1791514224,165442202,709,1747767917,D,N,8212809000000,8212808000000,8212807000000,8212805000000,8212753000000,507069000,921000,13000,915000,8000,8212810000000,8212811000000,8212812000000,8212854000000,8212864000000,388077000,62000,13000,7000,7000
1791514224,275817206,710,1747767917,D,N,8212809000000,8212808000000,8212807000000,8212805000000,8212753000000,507069000,921000,13000,915000,8000,8212810000000,8212811000000,8212812000000,8212854000000,8212864000000,402259000,62000,13000,7000,7000
1791514224,363484809,711,1747767917,S,N,8212809000000,8212808000000,8212807000000,8212805000000,8212753000000,507069000,921000,13000,915000,8000,8212810000000,8212811000000,8212812000000,8212854000000,8212864000000,402259000,62000,13000,7000,7000
1791514224,365534809,712,1747767917,D,N,8212809000000,8212808000000,8212807000000,8212805000000,8212753000000,507069000,921000,13000,915000,8000,8212810000000,8212811000000,8212812000000,8212854000000,8212864000000,402259000,62000,13000,7000,7000
1791514224,466454187,713,1747767917,D,N,8212809000000,8212808000000,8212807000000,8212805000000,8212753000000,471069000,921000,13000,915000,8000,8212810000000,8212811000000,8212812000000,8212854000000,8212864000000,402881000,62000,13000,7000,7000
1791514224,565856177,714,1747767917,D,N,8212809000000,8212808000000,8212807000000,8212805000000,8212753000000,471069000,921000,13000,915000,8000,8212810000000,8212811000000,8212812000000,8212854000000,8212864000000,402786000,62000,13000,7000,7000
1791514224,663695165,715,1747767917,S,N,8212809000000,8212808000000,8212807000000,8212805000000,8212753000000,471069000,921000,13000,915000,8000,8212810000000,8212811000000,8212812000000,8212854000000,8212864000000,402786000,62000,13000,7000,7000
1791514224,664696466,716,1747767917,D,N,8212809000000,8212808000000,8212807000000,8212805000000,8212753000000,471069000,921000,13000,915000,8000,8212810000000,8212811000000,8212812000000,8212854000000,8212864000000,402786000,62000,13000,7000,7000
1791514224,767479859,717,1747767917,D,N,8212809000000,8212808000000,8212807000000,8212805000000,8212753000000,507062000,921000,13000,915000,8000,8212810000000,8212811000000,8212812000000,8212854000000,8212864000000,402786000,62000,13000,7000,7000
1791514224,866358848,718,1747767917,D,N,8212809000000,8212808000000,8212807000000,8212805000000,8212753000000,507055000,914000,13000,915000,8000,8212810000000,8212811000000,8212812000000,8212854000000,8212864000000,402786000,62000,13000,7000,7000
1791514224,965366038,719,1747767917,D,N,8212809000000,8212808000000,8212807000000,8212805000000,8212753000000,471062000,914000,13000,915000,8000,8212810000000,8212811000000,8212812000000,8212854000000,8212864000000,402786000,62000,13000,7000,7000
1791514225,93503854,720,1747767917,S,N,8212809000000,8212808000000,8212807000000,8212805000000,8212753000000,471062000,914000,13000,915000,8000,8212810000000,8212811000000,8212812000000,8212854000000,8212864000000,402786000,62000,13000,7000,7000
1791514225,95862956,721,1747767917,D,N,8212809000000,8212808000000,8212807000000,8212805000000,8212753000000,471062000,914000,13000,915000,8000,8212810000000,8212811000000,8212812000000,8212854000000,8212864000000,402786000,62000,13000,7000,7000
1791514225,293828836,722,1747767917,D,N,8212809000000,8212808000000,8212807000000,8212805000000,8212753000000,506726000,914000,13000,915000,8000,8212810000000,8212811000000,8212812000000,8212864000000,8212893000000,402786000,62000,13000,7000,14000
1791514225,386413020,723,1747767917,D,N,8212809000000,8212808000000,8212807000000,8212805000000,8212753000000,506740000,921000,13000,915000,8000,8212810000000,8212811000000,8212812000000,8212854000000,8212864000000,388543000,62000,13000,7000,7000
1791514225,481503106,724,1747767917,D,N,8212809000000,8212808000000,8212807000000,8212805000000,8212753000000,506788000,921000,13000,915000,8000,8212810000000,8212811000000,8212812000000,8212854000000,8212864000000,402394000,62000,13000,7000,7000
1791514225,592148806,725,1747767917,D,N,8212809000000,8212808000000,8212807000000,8212805000000,8212753000000,506972000,921000,13000,915000,8000,8212810000000,8212811000000,8212812000000,8212864000000,8212893000000,306298000,62000,13000,7000,14000
1791514225,682781188,726,1747767917,D,N,8212809000000,8212808000000,8212807000000,8212805000000,8212753000000,506972000,921000,13000,915000,8000,8212810000000,8212811000000,8212812000000,8212864000000,8212893000000,305607000,62000,13000,7000,14000
1791514225,795041790,727,1747767917,D,N,8212809000000,8212808000000,8212807000000,8212753000000,8212730000000,501372000,921000,13000,8000,510000,8212810000000,8212811000000,8212812000000,8212854000000,8212864000000,387860000,62000,13000,7000,7000
1791514225,846972337,728,1747767917,D,N,8212809000000,8212808000000,8212807000000,8212753000000,8212730000000,501372000,921000,13000,8000,510000,8212810000000,8212811000000,8212812000000,8212854000000,8212864000000,387853000,62000,13000,7000,7000
1791514225,865893355,729,1747767917,S,N,8212809000000,8212808000000,8212807000000,8212753000000,8212730000000,501372000,921000,13000,8000,510000,8212810000000,8212811000000,8212812000000,8212854000000,8212864000000,387853000,62000,13000,7000,7000
1791514225,869268858,730,1747767917,D,N,8212809000000,8212808000000,8212807000000,8212753000000,8212730000000,501372000,921000,13000,8000,510000,8212810000000,8212811000000,8212812000000,8212854000000,8212864000000,387853000,62000,13000,7000,7000
1791514225,965719545,731,1747767917,D,N,8212809000000,8212808000000,8212807000000,8212753000000,8212730000000,513556000,914000,13000,8000,510000,8212810000000,8212811000000,8212812000000,8212864000000,8212893000000,333028000,62000,13000,7000,14000
1791514226,70512240,732,1747767917,D,N,8212809000000,8212808000000,8212807000000,8212753000000,8212730000000,513306000,914000,13000,8000,510000,8212810000000,8212811000000,8212812000000,8212864000000,8212893000000,387805000,62000,13000,7000,14000
1791514226,165040026,733,1747767917,D,N,8212809000000,8212808000000,8212807000000,8212753000000,8212730000000,513330000,942000,13000,8000,510000,8212810000000,8212811000000,8212812000000,8212864000000,8212893000000,446266000,62000,13000,7000,14000
1791514226,307554456,734,1747767917,D,N,8212809000000,8212808000000,8212807000000,8212753000000,8212730000000,513330000,942000,13000,8000,510000,8212810000000,8212811000000,8212812000000,8212854000000,8212864000000,410259000,62000,13000,7000,7000
1791514226,474832208,735,1747767917,D,N,8212809000000,8212808000000,8212807000000,8212783000000,8212782000000,619368000,914000,13000,2732000,3652000,8212810000000,8212811000000,8212812000000,8212864000000,8212893000000,91167000,62000,13000,7000,14000
1791514226,640867360,736,1747767917,D,N,8212809000000,8212808000000,8212807000000,8212783000000,8212782000000,619368000,914000,13000,2732000,3652000,8212810000000,8212811000000,8212812000000,8212864000000,8212893000000,197567000,62000,13000,7000,14000
1791514226,788156294,737,1747767917,D,N,8212809000000,8212808000000,8212807000000,8212783000000,8212782000000,738822000,914000,13000,2732000,3652000,8212810000000,8212811000000,8212812000000,8212864000000,8212893000000,46638000,62000,13000,7000,14000
1791514226,802298206,738,1747767917,D,N,8212809000000,8212808000000,8212807000000,8212783000000,8212782000000,738822000,914000,13000,2732000,3652000,8212810000000,8212811000000,8212812000000,8212864000000,8212893000000,66324000,62000,13000,7000,14000
1791514226,906785802,739,1747767917,D,N,8212809000000,8212808000000,8212807000000,8212783000000,8212782000000,738822000,1314000,13000,2732000,3652000,8212810000000,8212811000000,8212812000000,8212864000000,8212893000000,66311000,62000,13000,7000,14000
1791514227,19301204,740,1747767917,D,N,8212893000000,8212892000000,8212891000000,8212863000000,8212854000000,1545820000,13000,13000,95473000,7000,8212894000000,8212895000000,8212899000000,8212900000000,8212912000000,129771000,49000,21000,5145891000,10000
1791514227,23380208,741,1747767917,D,N,8212893000000,8212892000000,8212891000000,8212863000000,8212854000000,1550066000,13000,13000,95480000,7000,8212894000000,8212895000000,8212899000000,8212900000000,8212912000000,129771000,49000,21000,5145891000,10000
1791514227,67840848,742,1747767917,D,N,8212893000000,8212892000000,8212891000000,8212864000000,8212863000000,1550066000,13000,13000,400000,95480000,8212894000000,8212895000000,8212899000000,8212900000000,8212912000000,129671000,49000,21000,5145891000,10000
1791514227,166869939,743,1747767917,D,N,8212893000000,8212892000000,8212891000000,8212863000000,8212854000000,1550066000,13000,13000,95480000,7000,8212894000000,8212895000000,8212899000000,8212900000000,8212912000000,210856000,49000,21000,5145891000,10000
1791514227,267614631,744,1747767917,D,N,8212893000000,8212892000000,8212891000000,8212863000000,8212854000000,1550066000,13000,13000,95480000,7000,8212894000000,8212895000000,8212899000000,8212900000000,8212912000000,209856000,49000,21000,5145891000,10000
1791514227,365905921,745,1747767917,D,N,8212893000000,8212892000000,8212891000000,8212863000000,8212854000000,1550066000,13000,13000,95480000,7000,8212894000000,8212895000000,8212899000000,8212900000000,8212912000000,191536000,49000,21000,5145891000,10000
1791514227,465035811,746,1747767917,D,N,8212893000000,8212892000000,8212891000000,8212863000000,8212854000000,1550066000,13000,13000,95480000,7000,8212894000000,8212895000000,8212899000000,8212900000000,8212912000000,191511000,49000,21000,5145891000,10000
1791514227,564026701,747,1747767917,S,N,8212893000000,8212892000000,8212891000000,8212863000000,8212854000000,1550066000,13000,13000,95480000,7000,8212894000000,8212895000000,8212899000000,8212900000000,8212912000000,191511000,49000,21000,5145891000,10000
1791514227,565129202,748,1747767917,D,N,8212893000000,8212892000000,8212891000000,8212863000000,8212854000000,1550066000,13000,13000,95480000,7000,8212894000000,8212895000000,8212899000000,8212900000000,8212912000000,191511000,49000,21000,5145891000,10000
1791514227,668377497,749,1747767917,D,N,8212893000000,8212892000000,8212891000000,8212863000000,8212854000000,1550073000,13000,13000,95480000,7000,8212894000000,8212895000000,8212899000000,8212900000000,8212912000000,191389000,49000,21000,5145891000,10000
1791514227,765742586,750,1747767917,D,N,8212893000000,8212892000000,8212891000000,8212863000000,8212854000000,1550080000,13000,13000,95480000,7000,8212894000000,8212895000000,8212899000000,8212900000000,8212912000000,183802000,49000,21000,5145891000,10000
1791514227,864513776,751,1747767917,D,N,8212893000000,8212892000000,8212891000000,8212863000000,8212854000000,1544616000,13000,13000,95480000,7000,8212894000000,8212895000000,8212899000000,8212900000000,8212912000000,183802000,49000,21000,5145891000,10000
1791514227,963694466,752,1747767917,D,N,8212893000000,8212892000000,8212891000000,8212863000000,8212854000000,1544616000,13000,13000,95480000,7000,8212894000000,8212895000000,8212899000000,8212900000000,8212912000000,183787000,49000,21000,5145891000,10000
1791514228,81890175,753,1747767917,D,N,8212893000000,8212892000000,8212891000000,8212863000000,8212854000000,1544616000,13000,13000,95480000,7000,8212894000000,8212895000000,8212899000000,8212900000000,8212912000000,201482000,49000,21000,5145891000,10000
1791514228,177544162,754,1747767917,D,N,8212893000000,8212892000000,8212891000000,8212863000000,8212854000000,1544623000,13000,13000,95480000,7000,8212894000000,8212895000000,8212896000000,8212899000000,8212900000000,217185000,62000,13000,21000,5145891000
1791514228,270530647,755,1747767917,D,N,8212893000000,8212892000000,8212891000000,8212863000000,8212854000000,1544623000,13000,13000,95480000,7000,8212894000000,8212895000000,8212896000000,8212899000000,8212900000000,181100000,62000,13000,21000,5145891000
1791514228,369210838,756,1747767917,D,N,8212893000000,8212892000000,8212891000000,8212863000000,8212854000000,1544623000,13000,13000,95480000,7000,8212894000000,8212895000000,8212896000000,8212899000000,8212900000000,189394000,62000,13000,21000,5145891000
1791514228,466059526,757,1747767917,S,N,8212893000000,8212892000000,8212891000000,8212863000000,8212854000000,1544623000,13000,13000,95480000,7000,8212894000000,8212895000000,8212896000000,8212899000000,8212900000000,189394000,62000,13000,21000,5145891000
1791514228,467429728,758,1747767917,D,N,8212893000000,8212892000000,8212891000000,8212863000000,8212854000000,1544623000,13000,13000,95480000,7000,8212894000000,8212895000000,8212896000000,8212899000000,8212900000000,189394000,62000,13000,21000,5145891000
1791514228,565332617,759,1747767917,D,N,8212893000000,8212892000000,8212891000000,8212863000000,8212854000000,1544623000,13000,13000,95480000,7000,8212894000000,8212895000000,8212896000000,8212899000000,8212900000000,294299000,62000,13000,21000,5145891000
1791514228,664705908,760,1747767917,D,N,8212893000000,8212892000000,8212891000000,8212863000000,8212854000000,1545840000,13000,13000,95480000,7000,8212894000000,8212895000000,8212896000000,8212899000000,8212900000000,294299000,62000,13000,21000,5145891000
1791514228,764137700,761,1747767917,D,N,8212893000000,8212892000000,8212891000000,8212863000000,8212854000000,1515480000,13000,13000,95480000,7000,8212894000000,8212895000000,8212896000000,8212899000000,8212900000000,330239000,62000,13000,21000,5145891000
1791514228,864866092,762,1747767917,D,N,8212893000000,8212892000000,8212891000000,8212863000000,8212854000000,1515480000,13000,13000,95480000,7000,8212894000000,8212895000000,8212896000000,8212899000000,8212900000000,331455000,62000,13000,21000,5145891000
1791514228,968825787,763,1747767917,D,N,8212893000000,8212892000000,8212891000000,8212863000000,8212854000000,1515480000,13000,13000,95480000,7000,8212894000000,8212895000000,8212896000000,8212899000000,8212900000000,307788000,62000,13000,21000,5145891000
1791514229,67501478,764,1747767917,D,N,8212893000000,8212892000000,8212891000000,8212889000000,8212863000000,1515480000,13000,13000,745000,95480000,8212894000000,8212895000000,8212896000000,8212899000000,8212900000000,305597000,62000,13000,21000,5145891000
1791514229,166095168,765,1747767917,D,N,8212893000000,8212892000000,8212891000000,8212889000000,8212863000000,1515480000,13000,13000,745000,95480000,8212894000000,8212895000000,8212896000000,8212899000000,8212900000000,305297000,62000,13000,21000,5145891000
1791514229,265553360,766,1747767917,D,N,8212893000000,8212892000000,8212891000000,8212889000000,8212863000000,1515480000,13000,13000,745000,95480000,8212894000000,8212895000000,8212896000000,8212899000000,8212900000000,305197000,62000,13000,21000,5145891000
1791514229,365386651,767,1747767917,D,N,8212893000000,8212892000000,8212891000000,8212889000000,8212863000000,1515473000,13000,13000,745000,95480000,8212894000000,8212895000000,8212896000000,8212899000000,8212900000000,305197000,62000,13000,21000,5145891000
1791514229,466816945,768,1747767917,D,N,8212893000000,8212892000000,8212891000000,8212889000000,8212863000000,1515473000,13000,13000,745000,95480000,8212894000000,8212895000000,8212896000000,8212899000000,8212900000000,303584000,62000,13000,21000,5145891000
1791514229,570656940,769,1747767917,D,N,8212893000000,8212892000000,8212891000000,8212889000000,8212863000000,1515473000,13000,13000,745000,95480000,8212894000000,8212895000000,8212896000000,8212899000000,8212900000000,196237000,62000,13000,21000,5145891000
1791514229,672385534,770,1747767917,S,N,8212893000000,8212892000000,8212891000000,8212889000000,8212863000000,1515473000,13000,13000,745000,95480000,8212894000000,8212895000000,8212896000000,8212899000000,8212900000000,196237000,62000,13000,21000,5145891000
1791514229,673651635,771,1747767917,D,N,8212893000000,8212892000000,8212891000000,8212889000000,8212863000000,1515473000,13000,13000,745000,95480000,8212894000000,8212895000000,8212896000000,8212899000000,8212900000000,196237000,62000,13000,21000,5145891000
1791514229,767071321,772,1747767917,S,N,8212893000000,8212892000000,8212891000000,8212889000000,8212863000000,1515473000,13000,13000,745000,95480000,8212894000000,8212895000000,8212896000000,8212899000000,8212900000000,196237000,62000,13000,21000,5145891000
1791514229,774779128,773,1747767917,D,N,8212893000000,8212892000000,8212891000000,8212889000000,8212863000000,1515473000,13000,13000,745000,95480000,8212894000000,8212895000000,8212896000000,8212899000000,8212900000000,196237000,62000,13000,21000,5145891000
1791514229,869325015,774,1747767917,D,N,8212893000000,8212892000000,8212891000000,8212889000000,8212863000000,1515473000,13000,13000,745000,95480000,8212894000000,8212895000000,8212896000000,8212899000000,8212900000000,190113000,62000,13000,21000,5145891000
1791514229,965049203,775,1747767917,D,N,8212893000000,8212892000000,8212891000000,8212889000000,8212863000000,1515473000,13000,13000,745000,95480000,8212894000000,8212895000000,8212896000000,8212899000000,8212900000000,189504000,62000,13000,21000,5145891000
1791514230,66385396,776,1747767917,D,N,8212893000000,8212892000000,8212891000000,8212889000000,8212863000000,1515473000,13000,13000,745000,95480000,8212894000000,8212895000000,8212896000000,8212899000000,8212900000000,169549000,62000,13000,21000,5145891000
1791514230,165594287,777,1747767917,D,N,8212893000000,8212892000000,8212891000000,8212889000000,8212863000000,1515716000,13000,13000,745000,95480000,8212894000000,8212895000000,8212896000000,8212899000000,8212900000000,168849000,62000,13000,21000,5145891000
1791514230,265813280,778,1747767917,D,N,8212893000000,8212892000000,8212891000000,8212889000000,8212863000000,1515716000,13000,13000,745000,95480000,8212894000000,8212895000000,8212896000000,8212899000000,8212900000000,159830000,62000,13000,21000,5145891000
1791514230,370994277,779,1747767917,D,N,8212893000000,8212892000000,8212891000000,8212889000000,8212863000000,1519301000,13000,13000,745000,95480000,8212894000000,8212895000000,8212896000000,8212899000000,8212900000000,138516000,62000,13000,21000,5145891000
1791514230,465477764,780,1747767917,D,N,8212893000000,8212892000000,8212891000000,8212889000000,8212863000000,1419843000,13000,13000,745000,95480000,8212894000000,8212895000000,8212896000000,8212899000000,8212900000000,263851000,62000,13000,21000,5145891000
1791514230,567890858,781,1747767917,D,N,8212893000000,8212892000000,8212891000000,8212889000000,8212864000000,1401251000,13000,13000,745000,14000,8212894000000,8212895000000,8212896000000,8212899000000,8212900000000,284236000,62000,13000,21000,5145891000
1791514230,664310647,782,1747767917,S,N,8212893000000,8212892000000,8212891000000,8212889000000,8212864000000,1401251000,13000,13000,745000,14000,8212894000000,8212895000000,8212896000000,8212899000000,8212900000000,284236000,62000,13000,21000,5145891000
1791514230,668525951,783,1747767917,D,N,8212893000000,8212892000000,8212891000000,8212889000000,8212864000000,1401251000,13000,13000,745000,14000,8212894000000,8212895000000,8212896000000,8212899000000,8212900000000,284236000,62000,13000,21000,5145891000
1791514230,765515579,784,1747767917,D,N,8212893000000,8212892000000,8212891000000,8212889000000,8212864000000,1401251000,13000,13000,745000,14000,8212894000000,8212895000000,8212896000000,8212899000000,8212900000000,303784000,62000,13000,21000,5145891000
1791514230,866936596,785,1747767917,D,N,8212893000000,8212892000000,8212891000000,8212889000000,8212864000000,1172010000,13000,13000,745000,14000,8212894000000,8212895000000,8212896000000,8212899000000,8212900000000,494368000,62000,13000,21000,5145891000
1791514230,966435713,786,1747767917,D,N,8212893000000,8212892000000,8212891000000,8212889000000,8212865000000,967704000,13000,13000,745000,14000,8212894000000,8212895000000,8212896000000,8212899000000,8212900000000,496317000,76000,13000,21000,5145891000
1791514231,174180249,787,1747767917,D,N,8212893000000,8212892000000,8212891000000,8212889000000,8212865000000,967582000,13000,13000,745000,14000,8212894000000,8212895000000,8212896000000,8212899000000,8212900000000,496317000,69000,13000,21000,5145891000
1791514231,184352351,788,1747767917,D,N,8212893000000,8212892000000,8212891000000,8212889000000,8212865000000,1018836000,13000,13000,745000,14000,8212894000000,8212895000000,8212896000000,8212899000000,8212900000000,496022000,69000,13000,21000,5145891000
1791514231,281109967,789,1747767917,D,N,8212893000000,8212892000000,8212891000000,8212889000000,8212865000000,1018843000,13000,13000,745000,14000,8212894000000,8212895000000,8212896000000,8212899000000,8212900000000,460022000,69000,13000,21000,5145891000
1791514231,367650382,790,1747767917,D,N,8212893000000,8212892000000,8212891000000,8212889000000,8212865000000,1018843000,13000,13000,745000,14000,8212894000000,8212895000000,8212896000000,8212899000000,8212900000000,459872000,69000,13000,21000,5145891000
1791514231,465656599,791,1747767917,D,N,8212893000000,8212892000000,8212891000000,8212889000000,8212865000000,1124331000,13000,13000,745000,14000,8212894000000,8212895000000,8212896000000,8212899000000,8212900000000,460009000,69000,13000,21000,5145891000
1791514231,564753916,792,1747767917,D,N,8212893000000,8212892000000,8212891000000,8212889000000,8212865000000,1124331000,13000,13000,745000,14000,8212894000000,8212895000000,8212896000000,8212899000000,8212900000000,459400000,69000,13000,21000,5145891000
1791514231,665122734,793,1747767917,D,N,8212893000000,8212892000000,8212891000000,8212889000000,8212865000000,1124313000,13000,13000,745000,14000,8212894000000,8212895000000,8212896000000,8212899000000,8212900000000,459250000,69000,13000,21000,5145891000
1791514231,765173551,794,1747767917,D,N,8212893000000,8212892000000,8212891000000,8212889000000,8212865000000,1124313000,13000,13000,745000,14000,8212894000000,8212895000000,8212896000000,8212899000000,8212900000000,459413000,69000,13000,21000,5145891000
1791514231,867552069,795,1747767917,S,N,8212893000000,8212892000000,8212891000000,8212889000000,8212865000000,1124313000,13000,13000,745000,14000,8212894000000,8212895000000,8212896000000,8212899000000,8212900000000,459413000,69000,13000,21000,5145891000
1791514231,869009669,796,1747767917,D,N,8212893000000,8212892000000,8212891000000,8212889000000,8212865000000,1124313000,13000,13000,745000,14000,8212894000000,8212895000000,8212896000000,8212899000000,8212900000000,459413000,69000,13000,21000,5145891000
1791514231,967476386,797,1747767917,D,N,8212893000000,8212892000000,8212891000000,8212889000000,8212865000000,1124313000,13000,13000,745000,14000,8212894000000,8212895000000,8212896000000,8212899000000,8212900000000,459263000,69000,13000,21000,5145891000
1791514232,65880103,798,1747767917,D,N,8212893000000,8212892000000,8212891000000,8212889000000,8212865000000,1230897000,13000,13000,745000,14000,8212894000000,8212895000000,8212896000000,8212899000000,8212900000000,362550000,62000,13000,21000,5145891000
1791514232,164931021,799,1747767917,D,N,8212893000000,8212892000000,8212891000000,8212889000000,8212865000000,1284596000,13000,13000,745000,14000,8212894000000,8212895000000,8212896000000,8212899000000,8212900000000,256090000,62000,13000,21000,5145891000
1791514232,263411438,800,1747767917,S,N,8212893000000,8212892000000,8212891000000,8212889000000,8212865000000,1284596000,13000,13000,745000,14000,8212894000000,8212895000000,8212896000000,8212899000000,8212900000000,256090000,62000,13000,21000,5145891000
1791514232,264703738,801,1747767917,D,N,8212893000000,8212892000000,8212891000000,8212889000000,8212865000000,1284596000,13000,13000,745000,14000,8212894000000,8212895000000,8212896000000,8212899000000,8212900000000,256090000,62000,13000,21000,5145891000
1791514232,363891656,802,1747767917,D,N,8212893000000,8212892000000,8212891000000,8212889000000,8212865000000,1280944000,13000,13000,745000,14000,8212894000000,8212895000000,8212896000000,8212899000000,8212900000000,256090000,62000,13000,21000,5145891000
1791514232,509352523,803,1747767917,D,N,8212893000000,8212892000000,8212891000000,8212889000000,8212865000000,1285304000,13000,13000,745000,14000,8212894000000,8212895000000,8212896000000,8212899000000,8212900000000,256090000,62000,13000,21000,5145891000
1791514232,567978603,804,1747767917,S,N,8212893000000,8212892000000,8212891000000,8212889000000,8212865000000,1285304000,13000,13000,745000,14000,8212894000000,8212895000000,8212896000000,8212899000000,8212900000000,256090000,62000,13000,21000,5145891000
1791514232,569483103,805,1747767917,D,N,8212893000000,8212892000000,8212891000000,8212889000000,8212865000000,1285304000,13000,13000,745000,14000,8212894000000,8212895000000,8212896000000,8212899000000,8212900000000,256090000,62000,13000,21000,5145891000
1791514232,665605971,806,1747767917,S,N,8212893000000,8212892000000,8212891000000,8212889000000,8212865000000,1285304000,13000,13000,745000,14000,8212894000000,8212895000000,8212896000000,8212899000000,8212900000000,256090000,62000,13000,21000,5145891000
1791514232,667107970,807,1747767917,D,N,8212893000000,8212892000000,8212891000000,8212889000000,8212865000000,1285304000,13000,13000,745000,14000,8212894000000,8212895000000,8212896000000,8212899000000,8212900000000,256090000,62000,13000,21000,5145891000
1791514232,765438837,808,1747767917,D,N,8212893000000,8212892000000,8212891000000,8212889000000,8212865000000,1285304000,13000,13000,745000,14000,8212894000000,8212895000000,8212896000000,8212899000000,8212900000000,258290000,62000,13000,21000,5145891000
1791514232,864801504,809,1747767917,D,N,8212893000000,8212892000000,8212891000000,8212889000000,8212865000000,1286644000,13000,13000,745000,14000,8212894000000,8212895000000,8212896000000,8212899000000,8212900000000,258290000,62000,13000,21000,5145891000
1791514232,966191770,810,1747767917,D,N,8212893000000,8212892000000,8212891000000,8212889000000,8212864000000,1333362000,13000,13000,745000,41011000,8212894000000,8212895000000,8212896000000,8212899000000,8212900000000,225274000,62000,13000,21000,5145891000
1791514233,65137638,811,1747767917,D,N,8212893000000,8212892000000,8212891000000,8212889000000,8212864000000,1333369000,13000,13000,745000,41011000,8212894000000,8212895000000,8212896000000,8212899000000,8212900000000,349474000,62000,13000,21000,5145891000
1791514233,163126005,812,1747767917,S,N,8212893000000,8212892000000,8212891000000,8212889000000,8212864000000,1333369000,13000,13000,745000,41011000,8212894000000,8212895000000,8212896000000,8212899000000,8212900000000,349474000,62000,13000,21000,5145891000
1791514233,164536505,813,1747767917,D,N,8212893000000,8212892000000,8212891000000,8212889000000,8212864000000,1333369000,13000,13000,745000,41011000,8212894000000,8212895000000,8212896000000,8212899000000,8212900000000,349474000,62000,13000,21000,5145891000
1791514233,268477670,814,1747767917,D,N,8212893000000,8212892000000,8212891000000,8212889000000,8212864000000,1333369000,13000,13000,745000,41011000,8212894000000,8212895000000,8212896000000,8212899000000,8212900000000,347803000,62000,13000,21000,5145891000
1791514233,394897828,815,1747767917,S,N,8212893000000,8212892000000,8212891000000,8212889000000,8212864000000,1333369000,13000,13000,745000,41011000,8212894000000,8212895000000,8212896000000,8212899000000,8212900000000,347803000,62000,13000,21000,5145891000
1791514233,414030722,816,1747767917,D,N,8212893000000,8212892000000,8212891000000,8212889000000,8212864000000,1333369000,13000,13000,745000,41011000,8212894000000,8212895000000,8212896000000,8212899000000,8212900000000,347803000,62000,13000,21000,5145891000
1791514233,464565705,817,1747767917,D,N,8212893000000,8212892000000,8212891000000,8212889000000,8212864000000,1333369000,13000,13000,745000,41011000,8212894000000,8212895000000,8212896000000,8212899000000,8212900000000,347471000,62000,13000,21000,5145891000
