tsec,tnsec,seqNo,id,type,side,bid0,bid1,bid2,bid3,bid4,bid_size0,bid_size1,bid_size2,bid_size3,bid_size4,ask0,ask1,ask2,ask3,ask4,ask_size0,ask_size1,ask_size2,ask_size3,ask_size4
1791347649,240516856,1,1747767917,S,N,8406400000000,8406399000000,8406323000000,8406291000000,8406290000000,290016000,770000,27000,21000,12693000,8406401000000,8406402000000,8406404000000,8406405000000,8406409000000,102041000,49000,14000,5006000,14000
1791347649,342791453,2,1747767917,S,N,8406400000000,8406399000000,8406323000000,8406291000000,8406290000000,290016000,770000,27000,21000,12693000,8406401000000,8406402000000,8406404000000,8406405000000,8406409000000,102041000,49000,14000,5006000,14000
1791347649,449148849,3,1747767917,S,N,8406400000000,8406399000000,8406323000000,8406291000000,8406290000000,289999000,770000,27000,21000,12693000,8406401000000,8406402000000,8406404000000,8406405000000,8406409000000,104483000,49000,14000,5006000,14000
1791347649,555666611,4,1747767917,S,N,8406400000000,8406399000000,8406323000000,8406291000000,8406290000000,289592000,770000,27000,21000,12693000,8406401000000,8406402000000,8406404000000,8406405000000,8406409000000,104296000,49000,14000,5006000,14000
1791347649,658831433,5,1747767917,S,N,8406400000000,8406399000000,8406323000000,8406291000000,8406290000000,289592000,770000,27000,21000,12693000,8406401000000,8406402000000,8406404000000,8406405000000,8406409000000,104296000,49000,14000,5006000,14000
1791347649,777559934,6,1747767917,S,N,8406400000000,8406399000000,8406323000000,8406291000000,8406290000000,289433000,770000,27000,21000,12693000,8406401000000,8406402000000,8406404000000,8406405000000,8406409000000,124518000,49000,14000,5006000,14000
1791347649,867614273,7,1747767917,S,N,8406400000000,8406399000000,8406323000000,8406291000000,8406290000000,289384000,770000,27000,21000,12693000,8406401000000,8406402000000,8406404000000,8406405000000,8406409000000,124518000,49000,14000,5006000,14000
1791347649,982556960,8,1747767917,S,N,8406400000000,8406399000000,8406323000000,8406291000000,8406290000000,289384000,770000,27000,21000,12693000,8406401000000,8406402000000,8406404000000,8406405000000,8406409000000,124518000,49000,14000,5006000,14000
1791347650,77142035,9,1747767917,S,N,8406400000000,8406399000000,8406323000000,8406291000000,8406290000000,289384000,770000,27000,21000,12693000,8406401000000,8406402000000,8406404000000,8406405000000,8406409000000,124518000,49000,14000,5006000,14000
1791347650,180752389,10,1747767917,S,N,8406400000000,8406399000000,8406323000000,8406291000000,8406290000000,289384000,770000,27000,21000,12693000,8406401000000,8406402000000,8406404000000,8406405000000,8406409000000,106546000,49000,14000,5006000,14000
1791347650,294606093,11,1747767917,S,N,8406400000000,8406399000000,8406323000000,8406291000000,8406290000000,289391000,777000,27000,21000,12693000,8406401000000,8406402000000,8406404000000,8406405000000,8406409000000,106546000,49000,14000,5006000,14000
1791347650,389824578,12,1747767917,S,N,8406400000000,8406399000000,8406323000000,8406291000000,8406290000000,289391000,777000,27000,21000,12693000,8406401000000,8406402000000,8406404000000,8406405000000,8406409000000,106511000,49000,14000,5006000,14000
1791347650,494335618,13,1747767917,S,N,8406400000000,8406399000000,8406323000000,8406291000000,8406290000000,289391000,777000,27000,21000,12693000,8406401000000,8406402000000,8406404000000,8406405000000,8406409000000,123457000,49000,14000,5006000,14000
1791347650,605457762,14,1747767917,S,N,8406400000000,8406399000000,8406323000000,8406291000000,8406290000000,289147000,777000,27000,21000,12693000,8406401000000,8406402000000,8406404000000,8406405000000,8406409000000,123457000,49000,14000,5006000,14000
1791347650,703162603,15,1747767917,S,N,8406400000000,8406399000000,8406323000000,8406291000000,8406290000000,289133000,777000,27000,21000,12693000,8406401000000,8406402000000,8406404000000,8406405000000,8406409000000,123057000,49000,14000,5006000,14000
1791347650,810652500,16,1747767917,S,N,8406400000000,8406399000000,8406323000000,8406291000000,8406290000000,288978000,777000,27000,21000,12693000,8406401000000,8406402000000,8406404000000,8406405000000,8406409000000,103856000,49000,14000,5006000,14000
1791347650,917692367,17,1747767917,S,N,8406400000000,8406399000000,8406323000000,8406291000000,8406290000000,346453000,42000,27000,21000,2850000,8406401000000,8406402000000,8406404000000,8406405000000,8406409000000,225170000,49000,14000,5006000,14000
1791347651,19573737,18,1747767917,S,N,8406400000000,8406399000000,8406323000000,8406291000000,8406290000000,346629000,42000,27000,21000,2850000,8406401000000,8406402000000,8406404000000,8406405000000,8406409000000,66149000,49000,14000,5006000,14000
1791347651,123333578,19,1747767917,S,N,8406400000000,8406399000000,8406323000000,8406291000000,8406290000000,346624000,49000,27000,21000,2856000,8406401000000,8406402000000,8406404000000,8406405000000,8406409000000,196713000,49000,14000,5006000,14000
1791347651,226198904,20,1747767917,S,N,8406400000000,8406399000000,8406323000000,8406291000000,8406290000000,346494000,49000,27000,21000,2856000,8406401000000,8406402000000,8406404000000,8406405000000,8406409000000,196704000,49000,14000,5006000,14000
1791347651,331386244,21,1747767917,S,N,8406400000000,8406399000000,8406323000000,8406291000000,8406290000000,346334000,49000,27000,21000,2856000,8406401000000,8406402000000,8406404000000,8406405000000,8406409000000,196297000,49000,14000,5006000,14000
1791347651,438995291,22,1747767917,S,N,8406400000000,8406399000000,8406323000000,8406291000000,8406290000000,346334000,49000,27000,21000,2856000,8406401000000,8406402000000,8406404000000,8406405000000,8406409000000,196264000,49000,14000,5006000,14000
1791347651,541805697,23,1747767917,S,N,8406400000000,8406399000000,8406323000000,8406291000000,8406290000000,346248000,42000,27000,21000,2850000,8406401000000,8406402000000,8406404000000,8406405000000,8406409000000,196271000,56000,14000,5006000,14000
1791347651,644729395,24,1747767917,S,N,8406400000000,8406399000000,8406323000000,8406291000000,8406290000000,346089000,42000,27000,21000,2850000,8406401000000,8406402000000,8406404000000,8406405000000,8406409000000,195915000,56000,14000,5006000,14000
1791347651,751768321,25,1747767917,S,N,8406400000000,8406399000000,8406323000000,8406291000000,8406290000000,346054000,42000,27000,21000,2850000,8406401000000,8406402000000,8406404000000,8406405000000,8406409000000,195915000,56000,14000,5006000,14000
1791347651,856342441,26,1747767917,S,N,8406400000000,8406399000000,8406323000000,8406291000000,8406290000000,346054000,42000,27000,21000,2850000,8406401000000,8406402000000,8406404000000,8406405000000,8406409000000,195915000,56000,14000,5006000,14000
1791347651,957839894,27,1747767917,S,N,8406400000000,8406399000000,8406323000000,8406291000000,8406290000000,346054000,42000,27000,21000,2850000,8406401000000,8406402000000,8406404000000,8406405000000,8406409000000,195753000,56000,14000,5006000,14000
1791347652,63016564,28,1747767917,S,N,8406400000000,8406399000000,8406323000000,8406291000000,8406290000000,346061000,49000,27000,21000,2850000,8406401000000,8406402000000,8406404000000,8406405000000,8406409000000,176323000,56000,14000,5006000,14000
1791347652,169869599,29,1747767917,S,N,8406400000000,8406399000000,8406323000000,8406291000000,8406290000000,351567000,21000,27000,21000,2850000,8406401000000,8406402000000,8406404000000,8406405000000,8406409000000,174933000,56000,14000,6000,14000
1791347652,272021280,30,1747767917,S,N,8406400000000,8406399000000,8406323000000,8406297000000,8406291000000,351342000,21000,27000,237000,21000,8406401000000,8406402000000,8406467000000,8406468000000,8406472000000,136512000,49000,13000,8000,6000
1791347652,375308182,31,1747767917,S,N,8406400000000,8406399000000,8406323000000,8406297000000,8406291000000,351524000,35000,27000,476000,14000,8406401000000,8406402000000,8406467000000,8406468000000,8406472000000,119037000,49000,13000,8000,6000
1791347652,480151462,32,1747767917,S,N,8406400000000,8406399000000,8406323000000,8406297000000,8406291000000,351503000,14000,27000,476000,14000,8406401000000,8406402000000,8406467000000,8406468000000,8406472000000,119037000,49000,13000,8000,6000
1791347652,585018383,33,1747767917,S,N,8406400000000,8406323000000,8406297000000,8406291000000,8406290000000,351482000,27000,476000,14000,11397000,8406401000000,8406402000000,8406467000000,8406468000000,8406472000000,118989000,49000,13000,8000,6000
1791347652,691006613,34,1747767917,S,N,8406400000000,8406323000000,8406297000000,8406291000000,8406290000000,351482000,27000,476000,14000,11397000,8406401000000,8406402000000,8406467000000,8406468000000,8406472000000,116630000,49000,13000,8000,6000
1791347652,793933449,35,1747767917,S,N,8406400000000,8406323000000,8406297000000,8406291000000,8406290000000,351482000,27000,239000,14000,11397000,8406401000000,8406402000000,8406467000000,8406468000000,8406472000000,116630000,49000,13000,8000,6000
1791347652,910679602,36,1747767917,S,N,8406400000000,8406323000000,8406291000000,8406290000000,8406277000000,351517000,27000,255000,11397000,6000,8406401000000,8406402000000,8406467000000,8406468000000,8406472000000,116630000,49000,13000,8000,6000
1791347653,6165155,37,1747767917,S,N,8406400000000,8406323000000,8406291000000,8406290000000,8406277000000,351517000,27000,255000,11397000,6000,8406401000000,8406402000000,8406467000000,8406468000000,8406472000000,116630000,49000,13000,8000,6000
1791347653,108637881,38,1747767917,S,N,8406400000000,8406323000000,8406291000000,8406290000000,8406277000000,351517000,27000,255000,11397000,6000,8406401000000,8406402000000,8406467000000,8406468000000,8406472000000,116623000,56000,13000,8000,6000
1791347653,212817519,39,1747767917,S,N,8406400000000,8406323000000,8406291000000,8406290000000,8406277000000,351517000,27000,255000,11397000,6000,8406401000000,8406402000000,8406467000000,8406468000000,8406472000000,116623000,56000,13000,8000,6000
1791347653,318370365,40,1747767917,S,N,8406400000000,8406323000000,8406291000000,8406290000000,8406277000000,353345000,27000,255000,11397000,6000,8406401000000,8406402000000,8406467000000,8406468000000,8406472000000,116569000,49000,13000,8000,6000
1791347653,423119391,41,1747767917,S,N,8406400000000,8406323000000,8406291000000,8406290000000,8406277000000,353210000,27000,255000,11397000,6000,8406401000000,8406402000000,8406467000000,8406468000000,8406472000000,116373000,49000,13000,8000,6000
1791347653,626398418,42,1747767917,S,N,8406739000000,8406684000000,8406683000000,8406662000000,8406618000000,696613000,7512000,430807000,400000,33360000,8406740000000,8406741000000,8406742000000,8406783000000,8406800000000,618000,14000,8000,7000,14000
1791347653,686206421,43,1747767917,S,N,8406800000000,8406795000000,8406740000000,8406739000000,8406685000000,1057178000,5000000,7512000,193756000,600000,8406801000000,8406802000000,8406811000000,8406974000000,8406999000000,4800000,49000,7000,8000,6000
1791347653,736777730,44,1747767917,S,N,8406800000000,8406795000000,8406740000000,8406739000000,8406685000000,1070278000,5000000,7500000,158744000,600000,8406801000000,8406802000000,8406811000000,8406974000000,8406999000000,4772000,35000,7000,8000,6000
1791347653,840248849,45,1747767917,S,N,8406800000000,8406795000000,8406740000000,8406739000000,8406685000000,1070474000,5000000,7500000,124994000,400000,8406801000000,8406802000000,8406811000000,8406842000000,8406999000000,4800000,56000,7000,8000,6000
1791347653,944382354,46,1747767917,S,N,8406800000000,8406795000000,8406740000000,8406739000000,8406685000000,1126570000,5000000,7500000,124994000,400000,8406801000000,8406802000000,8406811000000,8406842000000,8406999000000,4711000,56000,7000,8000,6000
1791347654,51503294,47,1747767917,S,N,8406800000000,8406795000000,8406740000000,8406739000000,8406685000000,1156521000,5000000,7500000,124994000,400000,8406801000000,8406802000000,8406842000000,8406999000000,8407000000000,4611000,56000,8000,6000,14000
1791347652,503685912,48,1747767917,S,N,8407000000000,8406999000000,8406904000000,8406889000000,8406841000000,671687000,23115000,47734000,15236000,828632000,8407001000000,8407002000000,8407018000000,8407106000000,8407110000000,3652000,28000,7000,6000,6000
1791347652,592652523,49,1747767917,S,N,8407400000000,8407399000000,8407391000000,8407386000000,8407385000000,1045807000,104667000,6000,197587000,209334000,8407401000000,8407402000000,8407409000000,8407438000000,8407536000000,3277000,49000,6000,7000,6000
1791347652,697923132,50,1747767917,S,N,8407400000000,8407399000000,8407391000000,8407387000000,8407386000000,1030728000,104667000,6000,600000,197587000,8407401000000,8407402000000,8407409000000,8407438000000,8407536000000,3263000,42000,6000,7000,6000
1791347652,802828863,51,1747767917,S,N,8407400000000,8407399000000,8407391000000,8407387000000,8407386000000,1087004000,104667000,6000,600000,197587000,8407401000000,8407402000000,8407409000000,8407438000000,8407536000000,3245000,63000,6000,7000,6000
1791347652,906880669,52,1747767917,S,N,8407400000000,8407399000000,8407395000000,8407391000000,8407387000000,1091960000,104667000,5000000,6000,600000,8407401000000,8407402000000,8407409000000,8407438000000,8407536000000,3245000,63000,6000,7000,6000
1791347653,11682314,53,1747767917,S,N,8407400000000,8407399000000,8407395000000,8407391000000,8407387000000,1091922000,104673000,5000000,6000,600000,8407401000000,8407402000000,8407409000000,8407438000000,8407536000000,3086000,63000,6000,7000,6000
1791347653,116216369,54,1747767917,S,N,8407400000000,8407399000000,8407395000000,8407391000000,8407387000000,1091760000,104673000,5000000,6000,600000,8407401000000,8407402000000,8407409000000,8407438000000,8407536000000,3086000,63000,6000,7000,6000
1791347653,221041865,55,1747767917,S,N,8407400000000,8407399000000,8407395000000,8407391000000,8407387000000,1091760000,104673000,5000000,6000,600000,8407401000000,8407402000000,8407409000000,8407438000000,8407536000000,2679000,63000,6000,7000,6000
1791347653,325107060,56,1747767917,S,N,8407400000000,8407399000000,8407395000000,8407391000000,8407387000000,1091760000,104673000,5000000,6000,600000,8407401000000,8407402000000,8407409000000,8407438000000,8407536000000,2678000,56000,6000,7000,6000
1791347653,432289510,57,1747767917,S,N,8407400000000,8407399000000,8407395000000,8407391000000,8407387000000,1091760000,104673000,5000000,6000,600000,8407401000000,8407402000000,8407409000000,8407438000000,8407536000000,2678000,56000,6000,7000,6000
1791347653,536467161,58,1747767917,S,N,8407400000000,8407399000000,8407395000000,8407391000000,8407387000000,1091902000,104673000,5000000,6000,600000,8407401000000,8407402000000,8407409000000,8407438000000,8407536000000,2654000,56000,6000,7000,6000
1791347653,639737429,59,1747767917,S,N,8407400000000,8407399000000,8407395000000,8407391000000,8407387000000,1091423000,104673000,5000000,6000,600000,8407401000000,8407402000000,8407409000000,8407438000000,8407536000000,2531000,56000,6000,7000,6000
1791347653,751822921,60,1747767917,S,N,8407800000000,8407799000000,8407793000000,8407717000000,8407700000000,664925000,11688000,104661000,400000,41467000,8407801000000,8407802000000,8407818000000,8407856000000,8407861000000,2891000,49000,7000,494000,7000
1791347653,854923199,61,1747767917,S,N,8407800000000,8407799000000,8407795000000,8407794000000,8407793000000,725982000,11694000,5000000,600000,6000,8407801000000,8407802000000,8407818000000,8407861000000,8407962000000,2896000,49000,7000,7000,6000
1791347653,960724701,62,1747767917,S,N,8408908000000,8408906000000,8408905000000,8408814000000,8408773000000,533170000,1496000,5006000,12000,1554000,8408909000000,8408910000000,8408939000000,8409000000000,8409001000000,114827000,56000,7000,14000,2812000
1791347654,57333236,63,1747767917,S,N,8408908000000,8408907000000,8408906000000,8408905000000,8408901000000,532825000,14000,3842000,5012000,14000,8408909000000,8408910000000,8408939000000,8409000000000,8409001000000,199353000,49000,7000,14000,2812000
1791347654,162784191,64,1747767917,S,N,8408908000000,8408907000000,8408906000000,8408905000000,8408901000000,532654000,14000,3842000,5012000,14000,8408909000000,8408910000000,8408939000000,8409000000000,8409001000000,238822000,56000,7000,14000,2812000
1791347654,273216436,65,1747767917,S,N,8408908000000,8408907000000,8408906000000,8408905000000,8408901000000,532648000,14000,3842000,5012000,14000,8408909000000,8408910000000,8408939000000,8409000000000,8409001000000,238815000,56000,7000,14000,2812000
1791347654,371075157,66,1747767917,S,N,8408908000000,8408907000000,8408906000000,8408905000000,8408901000000,532568000,14000,3842000,5012000,14000,8408909000000,8408910000000,8408939000000,8409000000000,8409001000000,238771000,56000,7000,14000,2812000
1791347654,477301582,67,1747767917,S,N,8408908000000,8408907000000,8408906000000,8408905000000,8408901000000,547575000,14000,3842000,5012000,14000,8408909000000,8408910000000,8408939000000,8409000000000,8409001000000,238806000,70000,7000,14000,2812000
1791347654,580563796,68,1747767917,S,N,8408908000000,8408907000000,8408906000000,8408905000000,8408901000000,547575000,14000,3842000,5012000,14000,8408909000000,8408910000000,8408939000000,8408996000000,8408997000000,238806000,70000,7000,14000,2209000
1791347654,692577212,69,1747767917,S,N,8408908000000,8408907000000,8408906000000,8408905000000,8408901000000,547575000,14000,3842000,5012000,14000,8408909000000,8408910000000,8408939000000,8408996000000,8408997000000,238820000,84000,7000,14000,2209000
1791347654,788909787,70,1747767917,S,N,8408908000000,8408907000000,8408906000000,8408905000000,8408901000000,547575000,14000,3842000,5012000,14000,8408909000000,8408910000000,8408939000000,8408996000000,8408997000000,238820000,84000,7000,14000,2209000
1791347654,894934223,71,1747767917,S,N,8408908000000,8408907000000,8408906000000,8408905000000,8408901000000,547526000,14000,3842000,5012000,14000,8408909000000,8408910000000,8408939000000,8408996000000,8408997000000,238820000,84000,7000,14000,2209000
1791347654,999336780,72,1747767917,S,N,8408908000000,8408907000000,8408906000000,8408905000000,8408901000000,547131000,14000,3842000,5012000,14000,8408909000000,8408910000000,8408939000000,8408996000000,8408997000000,238667000,84000,7000,14000,2209000
1791347655,101875271,73,1747767917,S,N,8408908000000,8408907000000,8408906000000,8408905000000,8408901000000,547119000,14000,3842000,5012000,14000,8408909000000,8408910000000,8408939000000,8408996000000,8408997000000,238673000,84000,7000,14000,2209000
1791347655,205910704,74,1747767917,S,N,8408908000000,8408907000000,8408906000000,8408905000000,8408901000000,547119000,14000,3842000,5012000,14000,8408909000000,8408910000000,8408939000000,8409000000000,8409001000000,238667000,77000,7000,14000,2812000
1791347655,311624922,75,1747767917,S,N,8408908000000,8408907000000,8408906000000,8408905000000,8408901000000,552113000,14000,3842000,5012000,14000,8408909000000,8408910000000,8408939000000,8409000000000,8409001000000,238674000,84000,7000,14000,2812000
1791347655,415783945,76,1747767917,S,N,8408908000000,8408907000000,8408906000000,8408905000000,8408901000000,552146000,14000,3842000,5012000,14000,8408909000000,8408910000000,8408939000000,8409000000000,8409001000000,238674000,84000,7000,14000,2812000
1791347655,518456656,77,1747767917,S,N,8408908000000,8408907000000,8408906000000,8408905000000,8408901000000,552097000,14000,3842000,5012000,14000,8408909000000,8408910000000,8408939000000,8409000000000,8409001000000,238667000,77000,7000,14000,2812000
1791347655,623741330,78,1747767917,S,N,8408908000000,8408907000000,8408906000000,8408905000000,8408901000000,552097000,14000,3842000,5012000,14000,8408909000000,8408910000000,8408939000000,8409000000000,8409001000000,238667000,77000,7000,14000,2812000
1791347655,726780434,79,1747767917,S,N,8408908000000,8408907000000,8408906000000,8408905000000,8408901000000,552097000,14000,3842000,5012000,14000,8408909000000,8408910000000,8408939000000,8409000000000,8409001000000,238667000,77000,7000,14000,2812000
1791347655,848949863,80,1747767917,S,N,8408908000000,8408907000000,8408906000000,8408905000000,8408901000000,551974000,14000,3842000,5012000,14000,8408909000000,8408910000000,8408939000000,8408985000000,8408986000000,273994000,77000,7000,14000,2393000
1791347655,935185703,81,1747767917,S,N,8408908000000,8408907000000,8408906000000,8408905000000,8408901000000,551771000,14000,3842000,5012000,14000,8408909000000,8408910000000,8408939000000,8409000000000,8409001000000,276634000,70000,7000,14000,2818000
1791347656,47711032,82,1747767917,S,N,8408908000000,8408907000000,8408906000000,8408905000000,8408901000000,551771000,14000,3842000,5012000,14000,8408909000000,8408910000000,8408939000000,8409000000000,8409001000000,276823000,70000,7000,14000,2818000
1791347656,147004395,83,1747767917,S,N,8408908000000,8408907000000,8408906000000,8408905000000,8408901000000,551926000,14000,3842000,5012000,14000,8408909000000,8408910000000,8408939000000,8409000000000,8409001000000,278146000,84000,7000,14000,2818000
1791347656,262595616,84,1747767917,S,N,8408908000000,8408907000000,8408906000000,8408905000000,8408901000000,574181000,14000,3842000,5012000,14000,8408909000000,8408910000000,8408939000000,8409000000000,8409001000000,277984000,84000,7000,14000,2818000
1791347656,368766262,85,1747767917,S,N,8408908000000,8408907000000,8408906000000,8408905000000,8408901000000,574181000,14000,3842000,5012000,14000,8408909000000,8408910000000,8408939000000,8409000000000,8409001000000,277984000,84000,7000,14000,2818000
1791347656,457742345,86,1747767917,S,N,8408908000000,8408907000000,8408906000000,8408905000000,8408901000000,226191000,14000,3842000,5012000,14000,8408909000000,8408910000000,8408939000000,8409000000000,8409001000000,378223000,84000,7000,14000,2818000
1791347656,568883797,87,1747767917,S,N,8408908000000,8408907000000,8408906000000,8408905000000,8408814000000,316340000,14000,1496000,6000,6000,8408909000000,8408910000000,8408939000000,8409000000000,8409001000000,549983000,49000,7000,14000,2818000
1791347656,679265994,88,1747767917,S,N,8408908000000,8408907000000,8408906000000,8408905000000,8408814000000,313700000,14000,1496000,6000,6000,8408909000000,8408910000000,8408939000000,8409000000000,8409001000000,549983000,49000,7000,14000,2818000
1791347656,782586459,89,1747767917,S,N,8408908000000,8408907000000,8408906000000,8408905000000,8408814000000,313700000,14000,1496000,6000,6000,8408909000000,8408910000000,8408939000000,8409000000000,8409001000000,549768000,49000,7000,14000,2818000
1791347656,907340965,90,1747767917,S,N,8408908000000,8408907000000,8408906000000,8408905000000,8408814000000,313571000,56000,1496000,6000,6000,8408909000000,8408910000000,8408939000000,8409000000000,8409001000000,565319000,49000,7000,14000,2818000
1791347656,980059414,91,1747767917,S,N,8408908000000,8408907000000,8408906000000,8408905000000,8408814000000,279604000,56000,1496000,6000,6000,8408909000000,8408910000000,8408939000000,8409000000000,8409001000000,565301000,49000,7000,14000,2818000
1791347657,88342035,92,1747767917,S,N,8408908000000,8408907000000,8408906000000,8408905000000,8408814000000,313536000,56000,1496000,6000,6000,8408909000000,8408910000000,8408939000000,8409000000000,8409001000000,565301000,49000,7000,14000,2818000
1791347657,193554285,93,1747767917,S,N,8408908000000,8408907000000,8408906000000,8408905000000,8408814000000,313536000,56000,1496000,6000,6000,8408909000000,8408910000000,8408939000000,8409000000000,8409001000000,565267000,42000,7000,14000,2818000
1791347657,292294514,94,1747767917,S,N,8408908000000,8408907000000,8408906000000,8408905000000,8408814000000,313536000,56000,1496000,6000,6000,8408909000000,8408910000000,8408939000000,8409000000000,8409001000000,565267000,42000,7000,14000,2818000
1791347657,402302188,95,1747767917,S,N,8408908000000,8408907000000,8408906000000,8408905000000,8408814000000,313536000,56000,1496000,6000,6000,8408909000000,8408910000000,8408939000000,8409000000000,8409001000000,565267000,42000,7000,14000,2818000
1791347657,520380844,96,1747767917,S,N,8408908000000,8408907000000,8408906000000,8408905000000,8408814000000,313615000,56000,1496000,6000,6000,8408909000000,8408910000000,8408939000000,8409000000000,8409001000000,565223000,42000,7000,14000,2818000
1791347657,616407716,97,1747767917,S,N,8408908000000,8408907000000,8408906000000,8408905000000,8408814000000,313428000,56000,1496000,6000,6000,8408909000000,8408910000000,8408939000000,8409000000000,8409001000000,565223000,42000,7000,14000,2818000
1791347657,711340095,98,1747767917,S,N,8408908000000,8408907000000,8408906000000,8408905000000,8408814000000,273559000,56000,1496000,6000,6000,8408909000000,8408910000000,8408939000000,8409000000000,8409001000000,579468000,42000,7000,14000,2818000
1791347657,813949865,99,1747767917,S,N,8408908000000,8408907000000,8408906000000,8408905000000,8408814000000,273400000,56000,1496000,6000,6000,8408909000000,8408939000000,8409000000000,8409001000000,8409002000000,579419000,7000,14000,2818000,14000
1791347657,916659048,100,1747767917,S,N,8408908000000,8408907000000,8408906000000,8408905000000,8408814000000,273400000,56000,1496000,6000,6000,8408909000000,8408939000000,8409000000000,8409001000000,8409002000000,579384000,7000,14000,2818000,14000
1791347658,22279895,101,1747767917,S,N,8408908000000,8408907000000,8408906000000,8408905000000,8408814000000,273380000,56000,1496000,6000,6000,8408909000000,8408939000000,8409000000000,8409001000000,8409002000000,579360000,7000,14000,2818000,14000
1791347658,126429123,102,1747767917,S,N,8408908000000,8408907000000,8408906000000,8408814000000,8408808000000,273386000,56000,1496000,6000,8000,8408909000000,8408939000000,8409000000000,8409001000000,8409002000000,579360000,7000,14000,2818000,14000
1791347658,241051318,103,1747767917,S,N,8408908000000,8408907000000,8408814000000,8408808000000,8408801000000,19444000,49000,6000,8000,14000,8408909000000,8408939000000,8408970000000,8408975000000,8408983000000,752082000,7000,5000000,5000000,400000
1791347658,336195968,104,1747767917,S,N,8408908000000,8408907000000,8408814000000,8408808000000,8408801000000,22859000,42000,6000,8000,14000,8408909000000,8408939000000,8408970000000,8408975000000,8408980000000,756743000,7000,6000,12000,5000000
1791347658,437515543,105,1747767917,S,N,8408908000000,8408907000000,8408814000000,8408808000000,8408801000000,36049000,56000,6000,8000,14000,8408909000000,8408939000000,8408960000000,8408965000000,8408975000000,814794000,7000,5000000,5000000,12000
1791347658,544962837,106,1747767917,S,N,8408908000000,8408907000000,8408814000000,8408808000000,8408801000000,36042000,49000,6000,8000,14000,8408909000000,8408939000000,8408960000000,8408970000000,8408975000000,816894000,7000,6000,5000000,12000
1791347658,648326548,107,1747767917,S,N,8408908000000,8408907000000,8408814000000,8408808000000,8408801000000,35988000,49000,6000,8000,14000,8408909000000,8408939000000,8408975000000,8408983000000,8408998000000,816871000,7000,12000,400000,14000
1791347658,751280932,108,1747767917,S,N,8408908000000,8408907000000,8408814000000,8408808000000,8408801000000,35974000,42000,6000,8000,14000,8408909000000,8408939000000,8408975000000,8408983000000,8408998000000,816706000,7000,12000,400000,14000
1791347658,858668411,109,1747767917,S,N,8408908000000,8408907000000,8408814000000,8408808000000,8408801000000,22404000,42000,6000,8000,14000,8408909000000,8408939000000,8408975000000,8408983000000,8408998000000,816694000,7000,12000,400000,14000
1791347658,960564566,110,1747767917,S,N,8408400000000,8408399000000,8408388000000,8408312000000,8408280000000,21468000,28000,6000,8000,684000,8408401000000,8408402000000,8408461000000,8408462000000,8408463000000,1038417000,273481000,39447000,6000,30006000
1791347659,63900871,111,1747767917,S,N,8408400000000,8408399000000,8408388000000,8408312000000,8408280000000,21418000,28000,6000,8000,684000,8408401000000,8408402000000,8408417000000,8408460000000,8408461000000,973759000,273481000,742000,200000,21180000
1791347659,168271957,112,1747767917,S,N,8408400000000,8408399000000,8408388000000,8408312000000,8408280000000,21411000,21000,6000,8000,684000,8408401000000,8408402000000,8408415000000,8408417000000,8408460000000,1066779000,273481000,200000,742000,200000
1791347659,273557256,113,1747767917,S,N,8408400000000,8408399000000,8408388000000,8408312000000,8408280000000,21191000,21000,6000,8000,684000,8408401000000,8408402000000,8408417000000,8408460000000,8408461000000,1072473000,273481000,742000,200000,76560000
1791347659,377150849,114,1747767917,S,N,8408400000000,8408399000000,8408388000000,8408312000000,8408280000000,37791000,28000,6000,8000,684000,8408401000000,8408402000000,8408417000000,8408460000000,8408461000000,1072467000,273475000,742000,200000,76560000
1791347659,490540580,115,1747767917,S,N,8408400000000,8408399000000,8408388000000,8408312000000,8408280000000,37774000,28000,6000,8000,684000,8408401000000,8408402000000,8408417000000,8408460000000,8408461000000,1072467000,273475000,742000,200000,76560000
1791347659,583817831,116,1747767917,S,N,8408400000000,8408399000000,8408388000000,8408312000000,8408280000000,37539000,28000,6000,8000,684000,8408401000000,8408402000000,8408405000000,8408410000000,8408417000000,1071838000,273481000,5006000,5000000,742000
1791347659,690670724,117,1747767917,S,N,8408400000000,8408399000000,8408388000000,8408312000000,8408280000000,37387000,28000,6000,8000,684000,8408401000000,8408402000000,8408405000000,8408410000000,8408417000000,1066151000,273481000,5006000,5000000,742000
1791347659,792382016,118,1747767917,S,N,8408400000000,8408399000000,8408388000000,8408312000000,8408280000000,37380000,28000,6000,8000,684000,8408401000000,8408402000000,8408405000000,8408410000000,8408417000000,1066151000,273481000,5006000,5000000,742000
1791347659,896555733,119,1747767917,S,N,8408400000000,8408399000000,8408388000000,8408312000000,8408280000000,37254000,21000,6000,8000,684000,8408401000000,8408402000000,8408405000000,8408410000000,8408417000000,1066151000,273481000,5006000,5000000,742000
1791347660,482373,120,1747767917,S,N,8408400000000,8408399000000,8408388000000,8408312000000,8408280000000,37254000,21000,6000,8000,684000,8408401000000,8408402000000,8408405000000,8408410000000,8408417000000,1066151000,273481000,5006000,5000000,742000
1791347660,103997289,121,1747767917,S,N,8408400000000,8408399000000,8408388000000,8408312000000,8408280000000,38107000,21000,6000,8000,684000,8408401000000,8408402000000,8408405000000,8408410000000,8408417000000,1066151000,273481000,5006000,5000000,742000
1791347660,210909790,122,1747767917,S,N,8408400000000,8408399000000,8408388000000,8408312000000,8408280000000,38107000,21000,6000,8000,684000,8408401000000,8408402000000,8408405000000,8408410000000,8408417000000,1066145000,273481000,5006000,5000000,742000
1791347660,312402871,123,1747767917,S,N,8408400000000,8408399000000,8408388000000,8408312000000,8408280000000,34389000,21000,6000,8000,684000,8408401000000,8408402000000,8408405000000,8408410000000,8408417000000,1066145000,273481000,5006000,5000000,742000
1791347660,418961378,124,1747767917,S,N,8408400000000,8408399000000,8408388000000,8408312000000,8408280000000,34402000,21000,6000,8000,684000,8408401000000,8408402000000,8408405000000,8408410000000,8408417000000,1066122000,145209000,5006000,5000000,742000
1791347660,522072490,125,1747767917,S,N,8408400000000,8408399000000,8408388000000,8408312000000,8408280000000,34409000,28000,6000,8000,684000,8408401000000,8408402000000,8408405000000,8408410000000,8408417000000,1066078000,145209000,5006000,5000000,742000
1791347660,625617731,126,1747767917,S,N,8408400000000,8408399000000,8408388000000,8408312000000,8408280000000,33374000,28000,6000,8000,684000,8408401000000,8408402000000,8408405000000,8408410000000,8408417000000,1066040000,145209000,5006000,5000000,742000
1791347660,729658166,127,1747767917,S,N,8408400000000,8408399000000,8408388000000,8408312000000,8408280000000,33325000,28000,6000,8000,684000,8408401000000,8408402000000,8408405000000,8408410000000,8408417000000,1065917000,145209000,5006000,5000000,742000
1791347660,834030085,128,1747767917,S,N,8408400000000,8408399000000,8408388000000,8408312000000,8408280000000,33342000,28000,6000,8000,684000,8408401000000,8408402000000,8408405000000,8408410000000,8408417000000,1065758000,145209000,5006000,5000000,742000
1791347660,941217173,129,1747767917,S,N,8408400000000,8408399000000,8408388000000,8408312000000,8408280000000,33342000,28000,6000,8000,684000,8408401000000,8408402000000,8408405000000,8408410000000,8408417000000,1065758000,145209000,5006000,5000000,742000
1791347661,43914268,130,1747767917,S,N,8408400000000,8408399000000,8408388000000,8408312000000,8408280000000,49152000,28000,6000,8000,684000,8408401000000,8408402000000,8408405000000,8408410000000,8408417000000,1065351000,145209000,5006000,5000000,742000
1791347661,148359133,131,1747767917,S,N,8408400000000,8408399000000,8408388000000,8408312000000,8408280000000,38629000,28000,6000,8000,684000,8408401000000,8408402000000,8408405000000,8408410000000,8408417000000,1065351000,145209000,5006000,5000000,742000
1791347661,251195345,132,1747767917,S,N,8408400000000,8408399000000,8408388000000,8408312000000,8408280000000,55410000,28000,6000,8000,684000,8408401000000,8408402000000,8408417000000,8408430000000,8408435000000,1064873000,145209000,742000,5006000,5000000
1791347661,356473141,133,1747767917,S,N,8408400000000,8408399000000,8408388000000,8408312000000,8408280000000,25437000,28000,6000,8000,684000,8408401000000,8408402000000,8408405000000,8408410000000,8408417000000,1064754000,145209000,5006000,5000000,742000
1791347661,459548822,134,1747767917,S,N,8408400000000,8408399000000,8408388000000,8408312000000,8408280000000,25437000,28000,6000,8000,684000,8408401000000,8408402000000,8408405000000,8408410000000,8408417000000,1064754000,145209000,5006000,5000000,742000
1791347661,563628544,135,1747767917,S,N,8408400000000,8408399000000,8408388000000,8408312000000,8408280000000,39007000,28000,6000,8000,684000,8408401000000,8408402000000,8408405000000,8408410000000,8408417000000,1064564000,145209000,5006000,5000000,742000
1791347661,667638551,136,1747767917,S,N,8408400000000,8408399000000,8408388000000,8408312000000,8408280000000,39014000,28000,6000,8000,684000,8408401000000,8408402000000,8408405000000,8408410000000,8408417000000,1064653000,145209000,5006000,5000000,742000
1791347661,772046213,137,1747767917,S,N,8408400000000,8408399000000,8408388000000,8408362000000,8408312000000,10441000,28000,6000,7000,8000,8408401000000,8408402000000,8408405000000,8408410000000,8408417000000,1065053000,145209000,5006000,5000000,742000
1791347661,877917159,138,1747767917,S,N,8408400000000,8408399000000,8408388000000,8408362000000,8408312000000,10450000,28000,6000,7000,8000,8408401000000,8408402000000,8408405000000,8408410000000,8408417000000,1036553000,145209000,5006000,5000000,742000
1791347661,980093320,139,1747767917,S,N,8408400000000,8408399000000,8408388000000,8408362000000,8408312000000,23983000,28000,6000,7000,8000,8408401000000,8408402000000,8408405000000,8408410000000,8408417000000,1066053000,145209000,5006000,5000000,742000
1791347662,84390836,140,1747767917,S,N,8408400000000,8408399000000,8408388000000,8408362000000,8408312000000,23951000,28000,6000,7000,8000,8408401000000,8408402000000,8408405000000,8408410000000,8408417000000,1066053000,145209000,5006000,5000000,742000
1791347662,188958665,141,1747767917,S,N,8408400000000,8408399000000,8408388000000,8408362000000,8408312000000,10381000,28000,6000,7000,8000,8408401000000,8408402000000,8408405000000,8408410000000,8408417000000,1066053000,145209000,5006000,5000000,742000
1791347662,292967109,142,1747767917,S,N,8408400000000,8408399000000,8408388000000,8408362000000,8408312000000,10375000,28000,6000,7000,8000,8408401000000,8408402000000,8408405000000,8408410000000,8408417000000,1067053000,145209000,5006000,5000000,742000
1791347662,397974903,143,1747767917,S,N,8408400000000,8408399000000,8408388000000,8408362000000,8408312000000,10375000,28000,6000,7000,8000,8408401000000,8408402000000,8408405000000,8408410000000,8408417000000,1067053000,145209000,5006000,5000000,742000
1791347662,509878843,144,1747767917,S,N,8408400000000,8408399000000,8408388000000,8408362000000,8408312000000,10349000,28000,6000,7000,8000,8408401000000,8408402000000,8408405000000,8408410000000,8408417000000,1066888000,145209000,5006000,5000000,742000
1791347662,606662783,145,1747767917,S,N,8408400000000,8408399000000,8408388000000,8408362000000,8408312000000,10349000,28000,6000,7000,8000,8408401000000,8408402000000,8408405000000,8408410000000,8408417000000,1066888000,145209000,5006000,5000000,742000
1791347662,710093187,146,1747767917,S,N,8408400000000,8408399000000,8408388000000,8408362000000,8408312000000,23912000,28000,6000,7000,8000,8408401000000,8408402000000,8408405000000,8408410000000,8408417000000,1066871000,145209000,5006000,5000000,742000
1791347662,813873728,147,1747767917,S,N,8408400000000,8408399000000,8408388000000,8408362000000,8408312000000,41694000,35000,6000,7000,8000,8408401000000,8408402000000,8408405000000,8408410000000,8408417000000,1066871000,145209000,5006000,5000000,742000
1791347662,918732506,148,1747767917,S,N,8408400000000,8408399000000,8408388000000,8408312000000,8408280000000,41700000,35000,6000,8000,684000,8408401000000,8408402000000,8408405000000,8408410000000,8408417000000,1067465000,145209000,5006000,5000000,742000
1791347663,23356816,149,1747767917,S,N,8408400000000,8408399000000,8408388000000,8408312000000,8408280000000,6420000,35000,6000,8000,684000,8408401000000,8408402000000,8408405000000,8408410000000,8408417000000,1067465000,145209000,5006000,5000000,742000
1791347663,128585608,150,1747767917,S,N,8408400000000,8408399000000,8408388000000,8408312000000,8408280000000,6399000,28000,6000,8000,684000,8408401000000,8408402000000,8408405000000,8408410000000,8408417000000,1097452000,145209000,5006000,5000000,742000
1791347663,240170708,151,1747767917,S,N,8408400000000,8408399000000,8408388000000,8408312000000,8408280000000,6400000,28000,6000,8000,684000,8408401000000,8408402000000,8408405000000,8408410000000,8408417000000,1097465000,145209000,5006000,5000000,742000
1791347663,348729598,152,1747767917,S,N,8408400000000,8408399000000,8408388000000,8408312000000,8408280000000,19970000,28000,6000,8000,684000,8408401000000,8408402000000,8408405000000,8408410000000,8408417000000,1097465000,145209000,5006000,5000000,742000
1791347663,458009208,153,1747767917,S,N,8408400000000,8408399000000,8408388000000,8408312000000,8408280000000,37717000,28000,6000,8000,684000,8408401000000,8408402000000,8408405000000,8408410000000,8408417000000,1097421000,145209000,5006000,5000000,742000
1791347663,570097778,154,1747767917,S,N,8408400000000,8408399000000,8408388000000,8408312000000,8408280000000,37601000,28000,6000,8000,684000,8408401000000,8408402000000,8408405000000,8408410000000,8408417000000,1097464000,145209000,5006000,5000000,742000
1791347663,678118878,155,1747767917,S,N,8408400000000,8408399000000,8408388000000,8408312000000,8408280000000,37482000,28000,6000,8000,684000,8408401000000,8408402000000,8408405000000,8408410000000,8408417000000,1097185000,145209000,5006000,5000000,742000
1791347663,788334258,156,1747767917,S,N,8408400000000,8408399000000,8408388000000,8408312000000,8408280000000,37475000,28000,6000,8000,684000,8408401000000,8408402000000,8408405000000,8408410000000,8408417000000,1058526000,145209000,5006000,5000000,742000
1791347663,898817818,157,1747767917,S,N,8408400000000,8408399000000,8408388000000,8408312000000,8408280000000,52301000,28000,6000,8000,684000,8408401000000,8408402000000,8408405000000,8408410000000,8408417000000,1097026000,145209000,5006000,5000000,742000
1791347664,8017018,158,1747767917,S,N,8408400000000,8408399000000,8408388000000,8408312000000,8408280000000,52301000,28000,6000,8000,684000,8408401000000,8408402000000,8408405000000,8408410000000,8408417000000,1097026000,145209000,5006000,5000000,742000
1791347664,119985358,159,1747767917,S,N,8408400000000,8408399000000,8408388000000,8408312000000,8408280000000,52292000,28000,6000,8000,684000,8408401000000,8408402000000,8408405000000,8408410000000,8408417000000,1097026000,145209000,5006000,5000000,742000
1791347664,231173908,160,1747767917,S,N,8408400000000,8408399000000,8408388000000,8408312000000,8408280000000,38722000,28000,6000,8000,684000,8408401000000,8408402000000,8408405000000,8408410000000,8408417000000,1097026000,145209000,5006000,5000000,742000
1791347664,343473018,161,1747767917,S,N,8408400000000,8408399000000,8408388000000,8408312000000,8408280000000,20967000,28000,6000,8000,684000,8408401000000,8408402000000,8408405000000,8408410000000,8408417000000,1097632000,145209000,5006000,5000000,742000
1791347664,446883468,162,1747767917,S,N,8408400000000,8408399000000,8408388000000,8408312000000,8408280000000,20967000,28000,6000,8000,684000,8408401000000,8408402000000,8408405000000,8408410000000,8408417000000,1097632000,145209000,5006000,5000000,742000
1791347664,562366418,163,1747767917,S,N,8408000000000,8407999000000,8407989000000,8407962000000,8407833000000,36962000,35000,8000,6000,6000,8408001000000,8408011000000,8408012000000,8408113000000,8408139000000,635860000,136081000,6000,6000,400000
1791347664,681086558,164,1747767917,S,N,8408000000000,8407999000000,8407989000000,8407962000000,8407833000000,37514000,49000,8000,6000,6000,8408001000000,8408010000000,8408011000000,8408012000000,8408113000000,747949000,32721000,12000,6000,6000
1791347664,777144498,165,1747767917,S,N,8408000000000,8407999000000,8407989000000,8407962000000,8407833000000,37528000,63000,8000,6000,6000,8408001000000,8408010000000,8408011000000,8408012000000,8408113000000,843769000,32121000,12000,6000,6000
1791347664,910588798,166,1747767917,S,N,8408000000000,8407999000000,8407989000000,8407962000000,8407833000000,36939000,77000,8000,6000,6000,8408001000000,8408010000000,8408011000000,8408012000000,8408113000000,597925000,32127000,6000,6000,6000
1791347665,10813538,167,1747767917,S,N,8408000000000,8407999000000,8407989000000,8407962000000,8407833000000,36835000,63000,8000,6000,6000,8408001000000,8408010000000,8408011000000,8408012000000,8408110000000,612286000,32133000,6000,6000,5000000
1791347665,119279478,168,1747767917,S,N,8408000000000,8407999000000,8407989000000,8407962000000,8407833000000,36845000,63000,8000,6000,6000,8408001000000,8408010000000,8408011000000,8408012000000,8408113000000,612286000,32127000,6000,6000,6000
1791347665,217217428,169,1747767917,S,N,8408000000000,8407999000000,8407989000000,8407962000000,8407833000000,36845000,63000,8000,6000,6000,8408001000000,8408010000000,8408011000000,8408012000000,8408113000000,612286000,32127000,6000,6000,6000
1791347665,329573738,170,1747767917,S,N,8408000000000,8407999000000,8407989000000,8407962000000,8407833000000,36845000,63000,8000,6000,6000,8408001000000,8408010000000,8408011000000,8408012000000,8408113000000,612286000,32127000,6000,6000,6000
1791347665,443446068,171,1747767917,S,N,8408000000000,8407999000000,8407989000000,8407962000000,8407833000000,36845000,63000,8000,6000,6000,8408001000000,8408010000000,8408011000000,8408012000000,8408113000000,612286000,32127000,6000,6000,6000
1791347665,558703408,172,1747767917,S,N,8408000000000,8407999000000,8407989000000,8407962000000,8407833000000,36852000,63000,8000,6000,6000,8408001000000,8408010000000,8408011000000,8408012000000,8408113000000,715024000,32127000,6000,6000,6000
1791347665,658103478,173,1747767917,S,N,8408000000000,8407999000000,8407989000000,8407962000000,8407833000000,36852000,63000,8000,6000,6000,8408001000000,8408010000000,8408011000000,8408012000000,8408020000000,715018000,32127000,6000,6000,5000000
1791347665,769111518,174,1747767917,S,N,8408000000000,8407999000000,8407989000000,8407962000000,8407833000000,37281000,63000,8000,6000,6000,8408001000000,8408010000000,8408011000000,8408012000000,8408113000000,715696000,32127000,6000,6000,6000
1791347665,876905798,175,1747767917,S,N,8408000000000,8407999000000,8407989000000,8407962000000,8407833000000,37274000,56000,8000,6000,6000,8408001000000,8408010000000,8408011000000,8408012000000,8408030000000,715537000,32127000,6000,6000,5000000
1791347665,989007348,176,1747767917,S,N,8408000000000,8407999000000,8407989000000,8407962000000,8407833000000,37274000,56000,8000,6000,6000,8408001000000,8408010000000,8408011000000,8408012000000,8408020000000,715210000,32127000,6000,6000,5000000
1791347666,105096508,177,1747767917,S,N,8408000000000,8407999000000,8407989000000,8407962000000,8407833000000,37149000,56000,8000,6000,6000,8408001000000,8408010000000,8408011000000,8408012000000,8408020000000,715210000,32133000,6000,6000,5006000
1791347666,210272898,178,1747767917,S,N,8408000000000,8407999000000,8407989000000,8407962000000,8407833000000,36966000,56000,8000,6000,6000,8408001000000,8408010000000,8408011000000,8408012000000,8408020000000,716094000,32133000,6000,6000,5006000
1791347666,318193678,179,1747767917,S,N,8408000000000,8407999000000,8407989000000,8407962000000,8407833000000,36967000,63000,8000,6000,6000,8408001000000,8408010000000,8408011000000,8408012000000,8408020000000,716094000,32127000,6000,6000,6000
1791347666,428046608,180,1747767917,S,N,8408000000000,8407999000000,8407989000000,8407962000000,8407833000000,36967000,63000,8000,6000,6000,8408001000000,8408010000000,8408011000000,8408012000000,8408020000000,715615000,32127000,6000,6000,6000
1791347666,538681088,181,1747767917,S,N,8408000000000,8407999000000,8407989000000,8407962000000,8407833000000,36933000,63000,8000,6000,6000,8408001000000,8408010000000,8408011000000,8408012000000,8408025000000,715571000,32127000,6000,6000,6000
1791347666,648445138,182,1747767917,S,N,8408000000000,8407999000000,8407989000000,8407962000000,8407833000000,36933000,63000,8000,6000,6000,8408001000000,8408010000000,8408011000000,8408012000000,8408025000000,715458000,32127000,6000,6000,6000
1791347666,758709798,183,1747767917,S,N,8408000000000,8407999000000,8407989000000,8407962000000,8407833000000,51926000,63000,8000,6000,6000,8408001000000,8408010000000,8408011000000,8408012000000,8408025000000,715458000,32127000,6000,6000,6000
1791347666,869254628,184,1747767917,S,N,8408000000000,8407999000000,8407989000000,8407962000000,8407833000000,53242000,63000,8000,6000,6000,8408001000000,8408010000000,8408011000000,8408012000000,8408025000000,715458000,32127000,6000,6000,6000
1791347666,978443818,185,1747767917,S,N,8408000000000,8407999000000,8407989000000,8407962000000,8407833000000,53083000,63000,8000,6000,6000,8408001000000,8408010000000,8408011000000,8408012000000,8408025000000,715458000,32127000,6000,6000,6000
1791347667,88211608,186,1747767917,S,N,8408000000000,8407999000000,8407989000000,8407962000000,8407833000000,53083000,63000,8000,6000,6000,8408001000000,8408010000000,8408011000000,8408012000000,8408015000000,715458000,32127000,6000,6000,5000000
1791347667,198250328,187,1747767917,S,N,8408000000000,8407999000000,8407989000000,8407962000000,8407833000000,53083000,63000,8000,6000,6000,8408001000000,8408010000000,8408011000000,8408012000000,8408015000000,720162000,32127000,6000,6000,5000000
1791347667,308992168,188,1747767917,S,N,8408000000000,8407999000000,8407989000000,8407962000000,8407833000000,53083000,63000,8000,6000,6000,8408001000000,8408010000000,8408011000000,8408012000000,8408015000000,720056000,32127000,6000,6000,5000000
1791347667,418279038,189,1747767917,S,N,8408000000000,8407999000000,8407989000000,8407962000000,8407833000000,109301000,63000,8000,6000,6000,8408001000000,8408010000000,8408011000000,8408012000000,8408025000000,720456000,32127000,6000,6000,6000
1791347667,528722668,190,1747767917,S,N,8408000000000,8407999000000,8407989000000,8407962000000,8407833000000,109301000,63000,8000,6000,6000,8408001000000,8408010000000,8408011000000,8408012000000,8408025000000,736414000,32127000,6000,6000,6000
1791347667,641945338,191,1747767917,S,N,8408000000000,8407999000000,8407989000000,8407962000000,8407833000000,109287000,49000,8000,6000,6000,8408001000000,8408010000000,8408011000000,8408012000000,8408025000000,736414000,32127000,6000,6000,6000
1791347667,751049168,192,1747767917,S,N,8408000000000,8407999000000,8407989000000,8407962000000,8407833000000,53069000,49000,8000,6000,6000,8408001000000,8408010000000,8408011000000,8408012000000,8408025000000,731702000,32127000,6000,6000,6000
1791347667,865840218,193,1747767917,S,N,8408000000000,8407999000000,8407989000000,8407962000000,8407833000000,52797000,56000,8000,6000,6000,8408001000000,8408010000000,8408011000000,8408012000000,8408025000000,731577000,32127000,6000,6000,6000
1791347667,975671148,194,1747767917,S,N,8408000000000,8407999000000,8407989000000,8407962000000,8407833000000,52753000,56000,8000,6000,6000,8408001000000,8408010000000,8408011000000,8408012000000,8408025000000,731418000,32127000,6000,6000,6000
1791347668,78409718,195,1747767917,S,N,8408000000000,8407999000000,8407989000000,8407962000000,8407833000000,33465000,56000,8000,6000,6000,8408001000000,8408010000000,8408011000000,8408012000000,8408025000000,834537000,32133000,6000,6000,6000
1791347668,191211528,196,1747767917,S,N,8408000000000,8407999000000,8407989000000,8407962000000,8407833000000,49975000,56000,8000,6000,6000,8408001000000,8408010000000,8408011000000,8408012000000,8408020000000,834349000,32127000,6000,6000,5000000
1791347668,298065308,197,1747767917,S,N,8408000000000,8407999000000,8407989000000,8407962000000,8407833000000,51018000,56000,8000,6000,6000,8408001000000,8408010000000,8408011000000,8408012000000,8408020000000,834349000,32133000,6000,6000,6000
1791347668,408226568,198,1747767917,S,N,8408000000000,8407999000000,8407989000000,8407962000000,8407833000000,51012000,56000,8000,6000,6000,8408001000000,8408010000000,8408011000000,8408012000000,8408020000000,834349000,32127000,6000,6000,6000
1791347668,518050348,199,1747767917,S,N,8408000000000,8407999000000,8407989000000,8407962000000,8407833000000,51012000,56000,8000,6000,6000,8408001000000,8408010000000,8408011000000,8408012000000,8408020000000,834349000,32127000,6000,6000,6000
1791347668,635560488,200,1747767917,S,N,8408000000000,8407999000000,8407989000000,8407962000000,8407833000000,50876000,56000,8000,6000,6000,8408001000000,8408010000000,8408011000000,8408012000000,8408020000000,834337000,32127000,6000,6000,6000
1791347668,740808048,201,1747767917,S,N,8408000000000,8407999000000,8407989000000,8407962000000,8407833000000,50876000,56000,8000,6000,6000,8408001000000,8408010000000,8408011000000,8408012000000,8408025000000,834337000,32127000,6000,6000,6000
1791347668,847291898,202,1747767917,S,N,8408000000000,8407999000000,8407989000000,8407962000000,8407833000000,50870000,56000,8000,6000,6000,8408001000000,8408010000000,8408011000000,8408012000000,8408025000000,834337000,32127000,6000,6000,6000
1791347668,958632468,203,1747767917,S,N,8408000000000,8407999000000,8407989000000,8407962000000,8407833000000,50870000,56000,8000,6000,6000,8408001000000,8408010000000,8408011000000,8408012000000,8408025000000,834337000,32127000,6000,6000,6000
1791347669,68658318,204,1747767917,S,N,8408000000000,8407999000000,8407989000000,8407962000000,8407833000000,50870000,56000,8000,6000,6000,8408001000000,8408010000000,8408011000000,8408012000000,8408020000000,833743000,32127000,6000,6000,5000000
1791347669,177516628,205,1747767917,S,N,8408000000000,8407999000000,8407989000000,8407962000000,8407833000000,107081000,56000,8000,6000,6000,8408001000000,8408010000000,8408011000000,8408012000000,8408025000000,833743000,32127000,6000,6000,5006000
1791347669,291700368,206,1747767917,S,N,8408000000000,8407999000000,8407989000000,8407962000000,8407833000000,106797000,56000,8000,6000,6000,8408001000000,8408010000000,8408011000000,8408012000000,8408020000000,833743000,32127000,6000,6000,5000000
1791347669,396909538,207,1747767917,S,N,8408000000000,8407999000000,8407989000000,8407962000000,8407833000000,106715000,56000,8000,6000,6000,8408001000000,8408010000000,8408011000000,8408012000000,8408020000000,833743000,32127000,6000,6000,5000000
1791347669,507890518,208,1747767917,S,N,8408000000000,8407999000000,8407989000000,8407962000000,8407833000000,106715000,56000,8000,6000,6000,8408001000000,8408010000000,8408011000000,8408012000000,8408025000000,833464000,32127000,6000,6000,5006000
1791347669,621061158,209,1747767917,S,N,8408000000000,8407999000000,8407989000000,8407962000000,8407833000000,106715000,56000,8000,6000,6000,8408001000000,8408010000000,8408011000000,8408012000000,8408025000000,833420000,32127000,6000,6000,5006000
1791347669,723815000,210,1747767917,S,N,8408000000000,8407999000000,8407989000000,8407962000000,8407833000000,106715000,56000,8000,6000,6000,8408001000000,8408010000000,8408011000000,8408012000000,8408025000000,833420000,32127000,6000,6000,6000
1791347669,828373658,211,1747767917,S,N,8408000000000,8407999000000,8407989000000,8407962000000,8407833000000,106872000,56000,8000,6000,6000,8408001000000,8408010000000,8408011000000,8408012000000,8408025000000,826318000,32127000,6000,6000,6000
1791347669,932438061,212,1747767917,S,N,8408000000000,8407999000000,8407989000000,8407962000000,8407833000000,106872000,56000,8000,6000,6000,8408001000000,8408010000000,8408011000000,8408012000000,8408020000000,828605000,32127000,6000,6000,5000000
1791347670,36016127,213,1747767917,S,N,8408000000000,8407999000000,8407989000000,8407962000000,8407833000000,106722000,56000,8000,6000,6000,8408001000000,8408010000000,8408011000000,8408012000000,8408025000000,826163000,32127000,6000,6000,6000
1791347670,140847913,214,1747767917,S,N,8408000000000,8407999000000,8407989000000,8407962000000,8407833000000,106599000,56000,8000,6000,6000,8408001000000,8408010000000,8408011000000,8408012000000,8408025000000,826163000,32127000,6000,6000,6000
1791347670,246765750,215,1747767917,S,N,8408000000000,8407999000000,8407989000000,8407962000000,8407833000000,106599000,56000,8000,6000,6000,8408001000000,8408010000000,8408011000000,8408012000000,8408025000000,826036000,32127000,6000,6000,6000
1791347670,351081084,216,1747767917,S,N,8408000000000,8407999000000,8407989000000,8407962000000,8407833000000,106599000,56000,8000,6000,6000,8408001000000,8408010000000,8408011000000,8408012000000,8408020000000,826036000,32127000,6000,6000,5000000
1791347670,456563646,217,1747767917,S,N,8408000000000,8407999000000,8407989000000,8407962000000,8407833000000,106599000,56000,8000,6000,6000,8408001000000,8408010000000,8408011000000,8408012000000,8408020000000,826036000,32127000,6000,6000,5000000
1791347670,562583606,218,1747767917,S,N,8408000000000,8407999000000,8407989000000,8407962000000,8407833000000,106592000,49000,8000,6000,6000,8408001000000,8408010000000,8408011000000,8408012000000,8408020000000,825998000,32127000,6000,6000,5000000
1791347670,665590511,219,1747767917,S,N,8408000000000,8407999000000,8407989000000,8407962000000,8407833000000,50350000,56000,8000,6000,6000,8408001000000,8408010000000,8408011000000,8408012000000,8408020000000,825873000,32127000,6000,6000,5000000
1791347670,765435761,220,1747767917,S,N,8408000000000,8407999000000,8407989000000,8407962000000,8407833000000,50357000,56000,8000,6000,6000,8408001000000,8408010000000,8408011000000,8408012000000,8408025000000,825873000,32127000,6000,6000,6000
1791347670,871635270,221,1747767917,S,N,8408000000000,8407999000000,8407989000000,8407962000000,8407833000000,50357000,56000,8000,6000,6000,8408001000000,8408010000000,8408011000000,8408012000000,8408025000000,825873000,32127000,6000,6000,6000
1791347670,974404895,222,1747767917,S,N,8408000000000,8407999000000,8407989000000,8407962000000,8407833000000,50034000,56000,8000,6000,6000,8408001000000,8408010000000,8408011000000,8408012000000,8408025000000,825466000,32127000,6000,6000,6000
1791347671,85257789,223,1747767917,S,N,8408000000000,8407999000000,8407989000000,8407962000000,8407833000000,50034000,56000,8000,6000,6000,8408001000000,8408010000000,8408011000000,8408012000000,8408025000000,729646000,32127000,6000,6000,6000
1791347671,184506973,224,1747767917,S,N,8408000000000,8407999000000,8407989000000,8407962000000,8407833000000,106409000,63000,8000,6000,6000,8408001000000,8408010000000,8408011000000,8408012000000,8408025000000,825294000,32127000,6000,6000,6000
1791347671,286930107,225,1747767917,S,N,8408000000000,8407999000000,8407989000000,8407962000000,8407833000000,106213000,63000,8000,6000,6000,8408001000000,8408010000000,8408011000000,8408012000000,8408025000000,825307000,32127000,6000,6000,6000
1791347671,390935800,226,1747767917,S,N,8408000000000,8407999000000,8407989000000,8407962000000,8407833000000,106213000,63000,8000,6000,6000,8408001000000,8408010000000,8408011000000,8408012000000,8408020000000,825307000,32127000,6000,6000,5000000
1791347671,495449265,227,1747767917,S,N,8408000000000,8407999000000,8407989000000,8407962000000,8407833000000,106370000,63000,8000,6000,6000,8408001000000,8408010000000,8408011000000,8408012000000,8408025000000,825307000,32127000,6000,6000,5006000
1791347671,599966283,228,1747767917,S,N,8408000000000,8407999000000,8407989000000,8407962000000,8407833000000,108130000,63000,8000,6000,6000,8408001000000,8408010000000,8408011000000,8408012000000,8408025000000,825307000,32127000,6000,6000,5006000
1791347671,705859067,229,1747767917,S,N,8408000000000,8407999000000,8407989000000,8407962000000,8407833000000,143493000,63000,8000,6000,6000,8408001000000,8408009000000,8408010000000,8408011000000,8408012000000,825307000,14000,32127000,6000,6000
1791347671,809196768,230,1747767917,S,N,8408000000000,8407999000000,8407989000000,8407962000000,8407833000000,251764000,63000,8000,6000,6000,8408001000000,8408009000000,8408010000000,8408011000000,8408012000000,620414000,14000,32127000,6000,6000
1791347671,919624688,231,1747767917,S,N,8408000000000,8407999000000,8407989000000,8407962000000,8407833000000,218021000,63000,8000,6000,6000,8408001000000,8408009000000,8408010000000,8408011000000,8408012000000,620414000,14000,32127000,6000,6000
1791347672,16619927,232,1747767917,S,N,8408000000000,8407999000000,8407989000000,8407962000000,8407833000000,217890000,63000,8000,6000,6000,8408001000000,8408009000000,8408010000000,8408011000000,8408012000000,619820000,14000,32127000,6000,6000
1791347672,135276945,233,1747767917,S,N,8408000000000,8407999000000,8407989000000,8407962000000,8407833000000,254784000,21000,8000,6000,6000,8408001000000,8408002000000,8408009000000,8408010000000,8408011000000,425588000,49000,14000,6000,6000
1791347672,243792105,234,1747767917,S,N,8408000000000,8407999000000,8407996000000,8407995000000,8407989000000,330983000,21000,14000,5006000,8000,8408001000000,8408002000000,8408011000000,8408109000000,8408135000000,293609000,49000,6000,7000,14000
1791347672,337461202,235,1747767917,S,N,8408000000000,8407996000000,8407995000000,8407989000000,8407962000000,434343000,14000,5006000,8000,249000,8408001000000,8408002000000,8408011000000,8408109000000,8408135000000,233309000,56000,6000,7000,14000
1791347672,439473398,236,1747767917,S,N,8408000000000,8407996000000,8407995000000,8407989000000,8407986000000,434630000,14000,5006000,8000,2467000,8408001000000,8408002000000,8408011000000,8408109000000,8408135000000,123220000,63000,6000,7000,14000
1791347672,546754905,237,1747767917,S,N,8408000000000,8407995000000,8407989000000,8407962000000,8407947000000,434587000,5006000,8000,249000,2385000,8408001000000,8408002000000,8408109000000,8408135000000,8408136000000,95953000,56000,7000,14000,1450000
1791347672,644913056,238,1747767917,S,N,8408000000000,8407995000000,8407989000000,8407962000000,8407958000000,444712000,5006000,8000,12000,2360000,8408001000000,8408002000000,8408135000000,8408136000000,8408146000000,96001000,56000,14000,1450000,12000
1791347672,750692150,239,1747767917,S,N,8408000000000,8407995000000,8407989000000,8407962000000,8407958000000,444712000,5006000,8000,12000,2360000,8408001000000,8408002000000,8408135000000,8408136000000,8408146000000,95851000,56000,14000,1450000,12000
1791347672,854409268,240,1747767917,S,N,8408000000000,8407995000000,8407989000000,8407962000000,8407958000000,444691000,5006000,8000,12000,2360000,8408001000000,8408002000000,8408135000000,8408136000000,8408146000000,96001000,56000,14000,1450000,12000
1791347672,972392405,241,1747767917,S,N,8408000000000,8407995000000,8407989000000,8407962000000,8407958000000,444691000,5006000,8000,12000,2360000,8408001000000,8408002000000,8408135000000,8408136000000,8408146000000,96001000,56000,14000,1450000,12000
1791347673,61497420,242,1747767917,S,N,8408000000000,8407995000000,8407989000000,8407962000000,8407958000000,444691000,5006000,8000,12000,2360000,8408001000000,8408002000000,8408135000000,8408136000000,8408146000000,26088000,56000,14000,1450000,12000
1791347673,182748392,243,1747767917,S,N,8408000000000,8407995000000,8407989000000,8407962000000,8407958000000,617974000,5012000,8000,12000,2360000,8408001000000,8408002000000,8408135000000,8408136000000,8408146000000,21111000,49000,14000,1450000,12000
1791347673,275519155,244,1747767917,S,N,8408000000000,8407995000000,8407989000000,8407962000000,8407958000000,617980000,5012000,8000,12000,2360000,8408001000000,8408002000000,8408135000000,8408136000000,8408146000000,21117000,49000,14000,1450000,12000
1791347673,375256522,245,1747767917,S,N,8408000000000,8407995000000,8407989000000,8407962000000,8407958000000,617974000,5012000,8000,12000,2360000,8408001000000,8408002000000,8408135000000,8408136000000,8408146000000,21117000,49000,14000,1450000,12000
1791347673,481334991,246,1747767917,S,N,8408000000000,8407995000000,8407989000000,8407962000000,8407958000000,617815000,5012000,8000,12000,2360000,8408001000000,8408002000000,8408135000000,8408136000000,8408146000000,20986000,49000,14000,1450000,12000
1791347673,587893400,247,1747767917,S,N,8408000000000,8407995000000,8407989000000,8407962000000,8407958000000,612809000,12000,8000,12000,2360000,8408001000000,8408002000000,8408135000000,8408136000000,8408146000000,20986000,49000,14000,1450000,12000
1791347673,692735916,248,1747767917,S,N,8408000000000,8407995000000,8407989000000,8407962000000,8407958000000,616376000,12000,8000,12000,2360000,8408001000000,8408002000000,8408135000000,8408136000000,8408146000000,20986000,49000,14000,1450000,12000
1791347673,794647799,249,1747767917,S,N,8408000000000,8407995000000,8407989000000,8407962000000,8407958000000,619477000,12000,8000,12000,2360000,8408001000000,8408002000000,8408025000000,8408135000000,8408136000000,20986000,49000,7000,14000,1450000
1791347673,897646940,250,1747767917,S,N,8408000000000,8407995000000,8407989000000,8407962000000,8407958000000,619477000,12000,8000,12000,2360000,8408001000000,8408002000000,8408025000000,8408135000000,8408136000000,20886000,49000,7000,14000,1450000
1791347674,3055186,251,1747767917,S,N,8408000000000,8407995000000,8407989000000,8407962000000,8407958000000,619154000,12000,8000,12000,2360000,8408001000000,8408002000000,8408025000000,8408135000000,8408136000000,20886000,49000,7000,14000,1450000
1791347674,106574183,252,1747767917,S,N,8408000000000,8407995000000,8407989000000,8407962000000,8407958000000,619154000,12000,8000,12000,2360000,8408001000000,8408002000000,8408025000000,8408135000000,8408136000000,20886000,49000,7000,14000,1450000
1791347674,216322162,253,1747767917,S,N,8408000000000,8407995000000,8407989000000,8407962000000,8407958000000,619154000,12000,8000,12000,2360000,8408001000000,8408002000000,8408025000000,8408135000000,8408136000000,20886000,49000,7000,14000,1450000
1791347674,315853780,254,1747767917,S,N,8408000000000,8407995000000,8407989000000,8407962000000,8407958000000,619154000,12000,8000,12000,2360000,8408001000000,8408002000000,8408025000000,8408135000000,8408136000000,20886000,49000,7000,14000,1450000
1791347674,421798079,255,1747767917,S,N,8408000000000,8407995000000,8407989000000,8407962000000,8407958000000,619154000,12000,8000,12000,2360000,8408001000000,8408002000000,8408025000000,8408135000000,8408136000000,20886000,49000,7000,14000,1450000
1791347674,524762214,256,1747767917,S,N,8408000000000,8407995000000,8407989000000,8407962000000,8407958000000,618991000,12000,8000,12000,2360000,8408001000000,8408002000000,8408025000000,8408135000000,8408136000000,20879000,49000,7000,14000,1450000
1791347674,629584563,257,1747767917,S,N,8408000000000,8407995000000,8407989000000,8407962000000,8407958000000,619016000,12000,8000,12000,2360000,8408001000000,8408002000000,8408025000000,8408135000000,8408136000000,20608000,49000,7000,14000,1450000
1791347674,734679745,258,1747767917,S,N,8408000000000,8407995000000,8407989000000,8407962000000,8407958000000,624022000,5012000,8000,12000,2360000,8408001000000,8408002000000,8408025000000,8408135000000,8408136000000,20608000,49000,7000,14000,1450000
1791347674,840916523,259,1747767917,S,N,8408000000000,8407995000000,8407989000000,8407962000000,8407958000000,623672000,5012000,8000,12000,2360000,8408001000000,8408002000000,8408025000000,8408135000000,8408136000000,20558000,49000,7000,14000,1450000
1791347674,945053497,260,1747767917,S,N,8408000000000,8407995000000,8407989000000,8407962000000,8407958000000,623547000,5012000,8000,12000,2360000,8408001000000,8408002000000,8408025000000,8408135000000,8408136000000,20558000,49000,7000,14000,1450000
1791347675,54404608,261,1747767917,S,N,8408400000000,8408399000000,8408398000000,8408388000000,8408317000000,803951000,167951000,416185000,12000,131949000,8408401000000,8408402000000,8408409000000,8408535000000,8408600000000,13834000,57000,200000,6000,20000
1791347675,154599030,262,1747767917,S,N,8408400000000,8408399000000,8408398000000,8408395000000,8408388000000,859089000,168157000,144415000,5000000,12000,8408401000000,8408402000000,8408409000000,8408535000000,8408536000000,42125000,57000,200000,20000,1295000
1791347675,257128262,263,1747767917,S,N,8408400000000,8408399000000,8408398000000,8408395000000,8408388000000,861382000,168157000,144415000,5000000,12000,8408401000000,8408402000000,8408409000000,8408535000000,8408536000000,42146000,78000,200000,20000,1295000
1791347675,361434516,264,1747767917,S,N,8408400000000,8408399000000,8408398000000,8408395000000,8408388000000,917495000,168157000,144415000,5000000,12000,8408401000000,8408402000000,8408409000000,8408535000000,8408536000000,42102000,78000,200000,20000,1295000
1791347675,466404201,265,1747767917,S,N,8408400000000,8408399000000,8408398000000,8408395000000,8408388000000,917466000,167957000,144415000,5000000,12000,8408401000000,8408402000000,8408409000000,8408535000000,8408536000000,43132000,78000,200000,20000,1295000
1791347675,571225296,266,1747767917,S,N,8408400000000,8408399000000,8408398000000,8408395000000,8408388000000,916498000,167957000,144415000,5000000,12000,8408401000000,8408402000000,8408409000000,8408535000000,8408536000000,43098000,78000,200000,20000,1295000
1791347675,675071255,267,1747767917,S,N,8408400000000,8408399000000,8408398000000,8408395000000,8408388000000,916498000,167957000,144415000,5000000,12000,8408401000000,8408402000000,8408409000000,8408535000000,8408536000000,43081000,78000,200000,20000,1295000
1791347675,779956718,268,1747767917,S,N,8408400000000,8408399000000,8408398000000,8408395000000,8408388000000,916339000,167957000,144415000,5000000,12000,8408401000000,8408402000000,8408409000000,8408535000000,8408536000000,43081000,78000,200000,20000,1295000
1791347675,884473841,269,1747767917,S,N,8408400000000,8408399000000,8408398000000,8408395000000,8408388000000,1050865000,168157000,144415000,5000000,12000,8408401000000,8408402000000,8408409000000,8408535000000,8408536000000,40038000,78000,200000,20000,1295000
1791347675,988817295,270,1747767917,S,N,8408400000000,8408399000000,8408398000000,8408395000000,8408388000000,1050865000,167957000,144415000,5000000,12000,8408401000000,8408402000000,8408409000000,8408535000000,8408536000000,41023000,64000,200000,20000,1295000
1791347676,93246642,271,1747767917,S,N,8408400000000,8408399000000,8408398000000,8408395000000,8408388000000,1050271000,167957000,144415000,5000000,12000,8408401000000,8408402000000,8408409000000,8408535000000,8408536000000,54593000,64000,200000,20000,1295000
1791347676,200128460,272,1747767917,S,N,8408400000000,8408399000000,8408398000000,8408395000000,8408388000000,1050271000,167957000,144415000,5000000,12000,8408401000000,8408402000000,8408409000000,8408535000000,8408536000000,110980000,64000,200000,20000,1295000
1791347676,305355514,273,1747767917,S,N,8408400000000,8408399000000,8408398000000,8408395000000,8408388000000,1049677000,167957000,144415000,5000000,12000,8408401000000,8408402000000,8408409000000,8408535000000,8408536000000,112718000,71000,200000,20000,1295000
1791347676,407195818,274,1747767917,S,N,8408400000000,8408399000000,8408398000000,8408395000000,8408388000000,1047418000,167971000,144415000,5000000,12000,8408401000000,8408402000000,8408409000000,8408535000000,8408536000000,112712000,71000,200000,20000,1295000
1791347676,511008339,275,1747767917,S,N,8408400000000,8408399000000,8408398000000,8408395000000,8408388000000,943210000,167971000,144415000,5006000,12000,8408401000000,8408402000000,8408409000000,8408535000000,8408536000000,112712000,71000,200000,20000,1295000
1791347676,620238446,276,1747767917,S,N,8408400000000,8408399000000,8408398000000,8408395000000,8408388000000,943210000,167971000,144415000,5006000,12000,8408401000000,8408402000000,8408409000000,8408535000000,8408536000000,112712000,71000,200000,20000,1295000
1791347676,720898911,277,1747767917,S,N,8408400000000,8408399000000,8408398000000,8408395000000,8408388000000,943501000,167971000,144415000,5006000,12000,8408401000000,8408402000000,8408409000000,8408535000000,8408536000000,112719000,71000,200000,20000,1295000
1791347676,826893889,278,1747767917,S,N,8408400000000,8408399000000,8408398000000,8408395000000,8408388000000,943467000,167971000,144415000,5006000,12000,8408401000000,8408402000000,8408409000000,8408534000000,8408535000000,112560000,78000,200000,14000,1252000
1791347676,932959506,279,1747767917,S,N,8408400000000,8408399000000,8408398000000,8408395000000,8408388000000,943467000,167971000,144415000,5006000,12000,8408401000000,8408402000000,8408409000000,8408534000000,8408535000000,112560000,78000,200000,14000,1252000
1791347677,34244112,280,1747767917,S,N,8408400000000,8408399000000,8408398000000,8408395000000,8408388000000,943433000,167971000,144415000,5006000,12000,8408401000000,8408402000000,8408409000000,8408534000000,8408535000000,112560000,78000,200000,14000,1252000
1791347677,142185601,281,1747767917,S,N,8408400000000,8408399000000,8408398000000,8408395000000,8408388000000,943133000,167957000,144415000,5006000,12000,8408401000000,8408402000000,8408409000000,8408534000000,8408535000000,112560000,78000,200000,14000,1252000
1791347677,244127474,282,1747767917,S,N,8408400000000,8408399000000,8408398000000,8408395000000,8408388000000,943133000,167957000,144415000,5006000,12000,8408401000000,8408402000000,8408409000000,8408535000000,8408536000000,112560000,78000,200000,20000,1295000
1791347677,345895050,283,1747767917,S,N,8408400000000,8408399000000,8408398000000,8408395000000,8408388000000,943133000,167957000,144415000,5006000,12000,8408401000000,8408402000000,8408409000000,8408535000000,8408536000000,112553000,71000,200000,20000,1295000
1791347677,452955030,284,1747767917,S,N,8408400000000,8408399000000,8408398000000,8408395000000,8408388000000,943133000,167957000,144415000,5006000,12000,8408401000000,8408402000000,8408409000000,8408535000000,8408536000000,112553000,71000,200000,20000,1295000
1791347677,555918747,285,1747767917,S,N,8408400000000,8408399000000,8408398000000,8408395000000,8408388000000,943133000,167957000,144415000,5006000,12000,8408401000000,8408402000000,8408409000000,8408535000000,8408536000000,113849000,71000,200000,20000,1295000
1791347677,683065678,286,1747767917,S,N,8408400000000,8408399000000,8408398000000,8408395000000,8408388000000,943133000,167957000,144415000,5006000,12000,8408401000000,8408402000000,8408409000000,8408535000000,8408536000000,113569000,71000,200000,20000,1295000
1791347677,765617155,287,1747767917,S,N,8408400000000,8408399000000,8408398000000,8408395000000,8408388000000,942939000,167957000,144415000,5006000,12000,8408401000000,8408402000000,8408409000000,8408535000000,8408536000000,113576000,71000,200000,20000,1295000
1791347677,884367590,288,1747767917,S,N,8408400000000,8408399000000,8408398000000,8408395000000,8408388000000,946506000,167957000,144415000,5006000,12000,8408401000000,8408402000000,8408409000000,8408535000000,8408536000000,113582000,71000,200000,20000,1295000
1791347677,981842456,289,1747767917,S,N,8408400000000,8408399000000,8408398000000,8408395000000,8408388000000,946506000,167957000,144415000,5006000,12000,8408401000000,8408402000000,8408409000000,8408535000000,8408536000000,113582000,71000,200000,20000,1295000
1791347678,78605405,290,1747767917,S,N,8408400000000,8408399000000,8408398000000,8408395000000,8408388000000,946506000,167957000,144415000,5006000,12000,8408401000000,8408402000000,8408409000000,8408535000000,8408536000000,113582000,71000,200000,20000,1295000
1791347678,189444822,291,1747767917,S,N,8408400000000,8408399000000,8408398000000,8408395000000,8408388000000,946506000,167957000,144415000,5006000,12000,8408401000000,8408402000000,8408409000000,8408535000000,8408536000000,113582000,71000,200000,20000,1295000
1791347678,295093090,292,1747767917,S,N,8408400000000,8408399000000,8408398000000,8408395000000,8408388000000,946506000,167957000,144415000,5006000,12000,8408401000000,8408402000000,8408409000000,8408535000000,8408536000000,113538000,71000,200000,20000,1295000
1791347678,391484669,293,1747767917,S,N,8408400000000,8408399000000,8408398000000,8408395000000,8408388000000,946506000,167957000,144415000,5006000,12000,8408401000000,8408402000000,8408409000000,8408535000000,8408536000000,113503000,71000,200000,20000,1295000
1791347678,497658959,294,1747767917,S,N,8408400000000,8408399000000,8408398000000,8408395000000,8408388000000,946506000,167957000,144415000,5006000,12000,8408401000000,8408402000000,8408409000000,8408535000000,8408536000000,113503000,71000,200000,20000,1295000
1791347678,604529909,295,1747767917,S,N,8408400000000,8408399000000,8408398000000,8408395000000,8408388000000,946512000,167957000,144415000,5006000,12000,8408401000000,8408402000000,8408409000000,8408535000000,8408536000000,113380000,71000,200000,20000,1295000
1791347678,728263341,296,1747767917,S,N,8408400000000,8408399000000,8408398000000,8408395000000,8408388000000,946512000,167957000,144415000,5000000,12000,8408401000000,8408402000000,8408409000000,8408535000000,8408536000000,113380000,71000,200000,20000,1295000
1791347678,832831352,297,1747767917,S,N,8408400000000,8408399000000,8408398000000,8408395000000,8408388000000,946512000,167957000,144415000,5000000,12000,8408401000000,8408402000000,8408409000000,8408535000000,8408536000000,113187000,71000,200000,20000,1295000
1791347678,921216718,298,1747767917,S,N,8408400000000,8408399000000,8408398000000,8408395000000,8408388000000,945918000,167957000,144415000,5000000,12000,8408401000000,8408402000000,8408409000000,8408535000000,8408536000000,111427000,71000,200000,20000,1295000
1791347679,19684589,299,1747767917,S,N,8408400000000,8408399000000,8408398000000,8408395000000,8408388000000,945918000,167957000,144415000,5000000,12000,8408401000000,8408402000000,8408409000000,8408535000000,8408536000000,110998000,71000,200000,20000,1295000
1791347679,125113943,300,1747767917,S,N,8408400000000,8408399000000,8408398000000,8408395000000,8408388000000,945918000,167957000,144415000,5000000,12000,8408401000000,8408402000000,8408409000000,8408535000000,8408536000000,110959000,71000,200000,20000,1295000
1791347679,228806818,301,1747767917,S,N,8408400000000,8408399000000,8408398000000,8408395000000,8408388000000,945918000,167957000,144415000,5000000,12000,8408401000000,8408402000000,8408409000000,8408535000000,8408536000000,110959000,71000,200000,1252000,1295000
1791347679,347006675,302,1747767917,S,N,8408400000000,8408399000000,8408398000000,8408395000000,8408388000000,945918000,167957000,144415000,5000000,12000,8408401000000,8408402000000,8408409000000,8408535000000,8408536000000,110959000,71000,200000,20000,1295000
1791347679,442374824,303,1747767917,S,N,8408400000000,8408399000000,8408398000000,8408395000000,8408388000000,945909000,167957000,144415000,5000000,12000,8408401000000,8408402000000,8408409000000,8408535000000,8408536000000,111096000,71000,200000,20000,1295000
1791347679,567143922,304,1747767917,S,N,8408400000000,8408399000000,8408398000000,8408395000000,8408388000000,945909000,167957000,144415000,5000000,12000,8408401000000,8408402000000,8408409000000,8408535000000,8408536000000,111096000,71000,200000,20000,1295000
1791347679,650461016,305,1747767917,S,N,8408400000000,8408399000000,8408398000000,8408395000000,8408388000000,916127000,167957000,144415000,5000000,12000,8408401000000,8408402000000,8408409000000,8408534000000,8408535000000,139839000,71000,200000,14000,1252000
1791347679,751242739,306,1747767917,S,N,8408400000000,8408399000000,8408398000000,8408395000000,8408388000000,916786000,167957000,144415000,5000000,12000,8408401000000,8408402000000,8408409000000,8408534000000,8408535000000,139795000,78000,200000,14000,1252000
1791347679,854035881,307,1747767917,S,N,8408400000000,8408399000000,8408398000000,8408395000000,8408388000000,916786000,167957000,144415000,5000000,12000,8408401000000,8408402000000,8408409000000,8408534000000,8408535000000,139795000,78000,200000,14000,1252000
1791347679,958727184,308,1747767917,S,N,8408400000000,8408399000000,8408398000000,8408395000000,8408388000000,813020000,64350000,144415000,5000000,12000,8408401000000,8408402000000,8408409000000,8408535000000,8408536000000,139815000,85000,200000,20000,1295000
1791347680,78495423,309,1747767917,S,N,8408400000000,8408399000000,8408398000000,8408395000000,8408388000000,813008000,64350000,96918000,5000000,12000,8408401000000,8408402000000,8408409000000,8408534000000,8408535000000,148003000,71000,200000,14000,1252000
1791347680,308441392,310,1747767917,S,N,8408400000000,8408399000000,8408398000000,8408395000000,8408388000000,813008000,64350000,96918000,5000000,12000,8408401000000,8408402000000,8408409000000,8408534000000,8408535000000,91805000,78000,200000,14000,1252000
1791347680,608096742,311,1747767917,S,N,8408400000000,8408399000000,8408398000000,8408395000000,8408388000000,813008000,64350000,96918000,5000000,12000,8408401000000,8408402000000,8408409000000,8408534000000,8408535000000,146250000,78000,200000,14000,1252000
1791347680,779772254,312,1747767917,S,N,8408400000000,8408399000000,8408398000000,8408395000000,8408388000000,813041000,64350000,96918000,5000000,12000,8408401000000,8408402000000,8408409000000,8408534000000,8408535000000,146263000,78000,200000,14000,1252000
1791347680,867884654,313,1747767917,S,N,8408400000000,8408399000000,8408398000000,8408395000000,8408388000000,812762000,64350000,96918000,5000000,12000,8408401000000,8408402000000,8408409000000,8408534000000,8408535000000,146263000,78000,200000,14000,1252000
1791347680,908685374,314,1747767917,S,N,8408400000000,8408399000000,8408398000000,8408395000000,8408388000000,812639000,64350000,96918000,5000000,12000,8408401000000,8408402000000,8408409000000,8408534000000,8408535000000,146239000,78000,200000,14000,1252000
1791347680,917508941,315,1747767917,S,N,8408400000000,8408399000000,8408398000000,8408395000000,8408388000000,812639000,64350000,96918000,5000000,12000,8408401000000,8408402000000,8408409000000,8408534000000,8408535000000,146239000,78000,200000,14000,1252000
1791347680,919095487,316,1747767917,S,N,8408400000000,8408399000000,8408398000000,8408395000000,8408388000000,812639000,64350000,96918000,5000000,12000,8408401000000,8408402000000,8408409000000,8408534000000,8408535000000,146239000,78000,200000,14000,1252000
1791347681,5335172,317,1747767917,S,N,8408400000000,8408399000000,8408398000000,8408395000000,8408388000000,812484000,64350000,96918000,5000000,12000,8408401000000,8408402000000,8408409000000,8408534000000,8408535000000,146239000,78000,200000,14000,1252000
1791347681,106672650,318,1747767917,S,N,8408400000000,8408399000000,8408398000000,8408395000000,8408388000000,813365000,64350000,96918000,5000000,12000,8408401000000,8408402000000,8408409000000,8408534000000,8408535000000,146195000,78000,200000,14000,1252000
1791347681,215758999,319,1747767917,S,N,8408400000000,8408399000000,8408398000000,8408395000000,8408388000000,813484000,64350000,96918000,5000000,12000,8408401000000,8408402000000,8408409000000,8408534000000,8408535000000,117885000,78000,200000,14000,1252000
1791347681,318907140,320,1747767917,S,N,8408400000000,8408399000000,8408398000000,8408395000000,8408388000000,813484000,64350000,96918000,5000000,12000,8408401000000,8408402000000,8408409000000,8408534000000,8408535000000,117885000,78000,200000,14000,1252000
1791347681,419802537,321,1747767917,S,N,8408400000000,8408399000000,8408398000000,8408395000000,8408388000000,813446000,64350000,96918000,5000000,12000,8408401000000,8408402000000,8408409000000,8408535000000,8408536000000,117878000,71000,200000,20000,1295000
1791347681,530769840,322,1747767917,S,N,8408400000000,8408399000000,8408398000000,8408395000000,8408388000000,843446000,64350000,96918000,5000000,12000,8408401000000,8408402000000,8408409000000,8408535000000,8408536000000,117753000,71000,200000,20000,1295000
1791347681,628135894,323,1747767917,S,N,8408400000000,8408399000000,8408398000000,8408395000000,8408388000000,843508000,64350000,96918000,5000000,12000,8408401000000,8408402000000,8408409000000,8408535000000,8408536000000,118968000,71000,200000,20000,1295000
1791347681,737616663,324,1747767917,S,N,8408400000000,8408399000000,8408398000000,8408395000000,8408388000000,947108000,64350000,96918000,5000000,12000,8408401000000,8408402000000,8408409000000,8408535000000,8408536000000,62750000,71000,200000,20000,1295000
1791347681,840905489,325,1747767917,S,N,8408400000000,8408399000000,8408398000000,8408395000000,8408388000000,947121000,64350000,96918000,5006000,12000,8408401000000,8408402000000,8408409000000,8408535000000,8408536000000,48901000,71000,200000,20000,1295000
1791347681,942480120,326,1747767917,S,N,8408400000000,8408399000000,8408398000000,8408395000000,8408388000000,947121000,64350000,96918000,5006000,12000,8408401000000,8408402000000,8408409000000,8408535000000,8408536000000,62458000,71000,200000,20000,1295000
1791347682,44766523,327,1747767917,S,N,8408400000000,8408399000000,8408398000000,8408395000000,8408388000000,947121000,64350000,96918000,5006000,12000,8408401000000,8408402000000,8408409000000,8408535000000,8408536000000,62458000,71000,200000,20000,1295000
1791347682,164132310,328,1747767917,S,N,8408400000000,8408399000000,8408398000000,8408395000000,8408388000000,947498000,64350000,96918000,5006000,12000,8408401000000,8408402000000,8408409000000,8408535000000,8408536000000,62471000,71000,200000,20000,1295000
1791347682,255745166,329,1747767917,S,N,8408400000000,8408399000000,8408398000000,8408395000000,8408388000000,947498000,64350000,96918000,5006000,12000,8408401000000,8408402000000,8408409000000,8408535000000,8408536000000,62471000,71000,200000,20000,1295000
1791347682,362006434,330,1747767917,S,N,8408400000000,8408399000000,8408398000000,8408395000000,8408388000000,947498000,64350000,96918000,5012000,12000,8408401000000,8408402000000,8408409000000,8408535000000,8408536000000,48541000,71000,200000,20000,1295000
1791347682,471036883,331,1747767917,S,N,8408400000000,8408399000000,8408398000000,8408395000000,8408388000000,947339000,64350000,96918000,5018000,12000,8408401000000,8408402000000,8408409000000,8408535000000,8408536000000,48541000,71000,200000,20000,1295000
1791347682,566729727,332,1747767917,S,N,8408400000000,8408399000000,8408398000000,8408395000000,8408388000000,947345000,64350000,96918000,5018000,12000,8408401000000,8408402000000,8408409000000,8408535000000,8408536000000,48541000,71000,200000,20000,1295000
1791347682,668892026,333,1747767917,S,N,8408400000000,8408399000000,8408398000000,8408395000000,8408388000000,947310000,64350000,96918000,5018000,12000,8408401000000,8408402000000,8408409000000,8408535000000,8408536000000,48541000,71000,200000,20000,1295000
1791347682,776636802,334,1747767917,S,N,8408400000000,8408399000000,8408398000000,8408395000000,8408388000000,947310000,64350000,96918000,5018000,12000,8408401000000,8408402000000,8408409000000,8408535000000,8408536000000,118329000,71000,200000,20000,1295000
1791347682,877178035,335,1747767917,S,N,8408400000000,8408399000000,8408398000000,8408395000000,8408388000000,917310000,64350000,96918000,5018000,12000,8408401000000,8408402000000,8408409000000,8408535000000,8408536000000,120239000,71000,200000,20000,1295000
1791347682,983785959,336,1747767917,S,N,8408400000000,8408399000000,8408398000000,8408395000000,8408388000000,917331000,64371000,96918000,5012000,12000,8408401000000,8408402000000,8408409000000,8408535000000,8408536000000,120007000,71000,200000,20000,1295000
1791347683,86866312,337,1747767917,S,N,8408400000000,8408399000000,8408398000000,8408395000000,8408388000000,917331000,64371000,96918000,5012000,12000,8408401000000,8408402000000,8408409000000,8408535000000,8408536000000,120007000,71000,200000,20000,1295000
1791347683,193771355,338,1747767917,S,N,8408400000000,8408399000000,8408398000000,8408395000000,8408388000000,917331000,64371000,96918000,5012000,12000,8408401000000,8408402000000,8408409000000,8408535000000,8408536000000,120007000,71000,200000,20000,1295000
1791347683,298547549,339,1747767917,S,N,8408400000000,8408399000000,8408398000000,8408395000000,8408388000000,917052000,64371000,96918000,5012000,12000,8408401000000,8408402000000,8408409000000,8408535000000,8408536000000,120007000,71000,200000,20000,1295000
1791347683,400269019,340,1747767917,S,N,8408400000000,8408399000000,8408398000000,8408395000000,8408388000000,917008000,64371000,96918000,5012000,12000,8408401000000,8408402000000,8408409000000,8408535000000,8408536000000,136705000,78000,200000,20000,1295000
1791347683,503821071,341,1747767917,S,N,8408400000000,8408399000000,8408398000000,8408395000000,8408388000000,917008000,64371000,96918000,5012000,12000,8408401000000,8408402000000,8408409000000,8408535000000,8408536000000,136705000,78000,200000,20000,1295000
1791347683,617439500,342,1747767917,S,N,8408400000000,8408399000000,8408398000000,8408395000000,8408388000000,917008000,64371000,96918000,5012000,12000,8408401000000,8408402000000,8408409000000,8408535000000,8408536000000,136543000,78000,200000,20000,1295000
1791347683,713139331,343,1747767917,S,N,8408400000000,8408399000000,8408398000000,8408395000000,8408388000000,917008000,64371000,96918000,5012000,12000,8408401000000,8408402000000,8408409000000,8408535000000,8408536000000,136543000,78000,200000,20000,1295000
1791347683,815488933,344,1747767917,S,N,8408400000000,8408399000000,8408398000000,8408395000000,8408388000000,916984000,64371000,96918000,5012000,12000,8408401000000,8408402000000,8408409000000,8408535000000,8408536000000,136536000,71000,200000,20000,1295000
1791347683,921377680,345,1747767917,S,N,8408400000000,8408399000000,8408398000000,8408395000000,8408388000000,916984000,64371000,96918000,5012000,12000,8408401000000,8408402000000,8408409000000,8408535000000,8408536000000,136377000,71000,200000,20000,1295000
1791347684,29132573,346,1747767917,S,N,8408400000000,8408399000000,8408398000000,8408395000000,8408388000000,916984000,64371000,96918000,5012000,12000,8408401000000,8408402000000,8408409000000,8408535000000,8408536000000,136377000,71000,200000,20000,1295000
1791347684,134113278,347,1747767917,S,N,8408400000000,8408399000000,8408398000000,8408395000000,8408388000000,916984000,64371000,96918000,5012000,12000,8408401000000,8408402000000,8408409000000,8408535000000,8408536000000,136377000,71000,200000,20000,1295000
1791347684,234901467,348,1747767917,S,N,8408400000000,8408399000000,8408398000000,8408395000000,8408388000000,916984000,64371000,96918000,5012000,12000,8408401000000,8408402000000,8408409000000,8408535000000,8408536000000,136377000,71000,200000,20000,1295000
1791347684,338278313,349,1747767917,S,N,8408400000000,8408399000000,8408398000000,8408395000000,8408388000000,916752000,64371000,96918000,5012000,12000,8408401000000,8408402000000,8408409000000,8408535000000,8408536000000,135385000,71000,200000,20000,1295000
1791347684,442775952,350,1747767917,S,N,8408400000000,8408399000000,8408398000000,8408395000000,8408388000000,916752000,64371000,96918000,5012000,12000,8408401000000,8408402000000,8408409000000,8408534000000,8408535000000,135392000,78000,200000,14000,1252000
1791347684,547042591,351,1747767917,S,N,8408400000000,8408399000000,8408398000000,8408388000000,8408350000000,782335000,64385000,96919000,12000,400000,8408401000000,8408402000000,8408409000000,8408534000000,8408535000000,234812000,78000,200000,14000,1252000
1791347684,652669678,352,1747767917,S,N,8408400000000,8408399000000,8408398000000,8408388000000,8408350000000,782335000,64385000,96919000,12000,400000,8408401000000,8408402000000,8408409000000,8408534000000,8408535000000,200573000,78000,200000,14000,1252000
1791347684,756421965,353,1747767917,S,N,8408400000000,8408399000000,8408398000000,8408388000000,8408350000000,782328000,64378000,96919000,12000,400000,8408401000000,8408402000000,8408409000000,8408534000000,8408535000000,200573000,78000,200000,14000,1252000
1791347684,859799229,354,1747767917,S,N,8408400000000,8408399000000,8408398000000,8408388000000,8408350000000,774297000,64378000,96919000,12000,400000,8408401000000,8408402000000,8408409000000,8408534000000,8408535000000,199364000,78000,200000,14000,1252000
1791347683,286271787,355,1747767917,S,N,8408400000000,8408399000000,8408398000000,8408388000000,8408350000000,774145000,64385000,96919000,12000,400000,8408401000000,8408402000000,8408409000000,8408534000000,8408535000000,198131000,78000,200000,14000,1252000
1791347683,385228246,356,1747767917,S,N,8408400000000,8408399000000,8408398000000,8408388000000,8408350000000,775026000,64385000,96919000,12000,400000,8408401000000,8408402000000,8408409000000,8408534000000,8408535000000,198047000,78000,200000,14000,1252000
1791347683,490141059,357,1747767917,S,N,8408400000000,8408399000000,8408398000000,8408388000000,8408350000000,775026000,64385000,96919000,12000,400000,8408401000000,8408402000000,8408409000000,8408534000000,8408535000000,198047000,78000,200000,14000,1252000
1791347683,593627409,358,1747767917,S,N,8408400000000,8408399000000,8408398000000,8408388000000,8408350000000,775019000,64378000,96919000,12000,400000,8408401000000,8408402000000,8408409000000,8408534000000,8408535000000,197924000,78000,200000,14000,1252000
1791347683,698371065,359,1747767917,S,N,8408400000000,8408399000000,8408398000000,8408388000000,8408350000000,775019000,64378000,96919000,12000,400000,8408401000000,8408402000000,8408409000000,8408534000000,8408535000000,197924000,78000,200000,14000,1252000
1791347683,802369056,360,1747767917,S,N,8408400000000,8408399000000,8408398000000,8408388000000,8408350000000,775019000,64378000,96919000,12000,400000,8408401000000,8408402000000,8408409000000,8408534000000,8408535000000,197890000,78000,200000,14000,1252000
1791347683,908162275,361,1747767917,S,N,8408400000000,8408399000000,8408398000000,8408388000000,8408350000000,775019000,64378000,96919000,12000,400000,8408401000000,8408402000000,8408409000000,8408534000000,8408535000000,197890000,78000,200000,14000,1252000
1791347684,11671465,362,1747767917,S,N,8408400000000,8408399000000,8408398000000,8408388000000,8408350000000,775019000,64378000,96919000,12000,400000,8408401000000,8408402000000,8408409000000,8408534000000,8408535000000,197658000,78000,200000,14000,1252000
1791347684,119340423,363,1747767917,S,N,8408400000000,8408399000000,8408398000000,8408388000000,8408350000000,775019000,64378000,96919000,12000,400000,8408401000000,8408402000000,8408409000000,8408534000000,8408535000000,197499000,78000,200000,14000,1252000
1791347684,219888747,364,1747767917,S,N,8408400000000,8408399000000,8408398000000,8408388000000,8408350000000,775042000,64378000,96919000,12000,400000,8408401000000,8408402000000,8408409000000,8408534000000,8408535000000,197499000,78000,200000,14000,1252000
1791347684,324287729,365,1747767917,S,N,8408400000000,8408399000000,8408398000000,8408388000000,8408350000000,775042000,64378000,96919000,12000,400000,8408401000000,8408402000000,8408409000000,8408534000000,8408535000000,197499000,78000,200000,14000,1252000
1791347684,429342896,366,1747767917,S,N,8408400000000,8408399000000,8408398000000,8408388000000,8408350000000,774763000,64378000,96919000,12000,400000,8408401000000,8408402000000,8408409000000,8408534000000,8408535000000,197464000,78000,200000,14000,1252000
1791347684,536518986,367,1747767917,S,N,8408400000000,8408399000000,8408398000000,8408388000000,8408350000000,774763000,64378000,96919000,12000,400000,8408401000000,8408402000000,8408409000000,8408534000000,8408535000000,197464000,78000,200000,14000,1252000
1791347684,635654926,368,1747767917,S,N,8408400000000,8408399000000,8408398000000,8408388000000,8408350000000,774763000,64378000,96925000,12000,400000,8408401000000,8408402000000,8408409000000,8408534000000,8408535000000,197464000,78000,200000,14000,1252000
1791347684,757950605,369,1747767917,S,N,8408400000000,8408399000000,8408398000000,8408388000000,8408350000000,774763000,64378000,96925000,12000,400000,8408401000000,8408402000000,8408409000000,8408534000000,8408535000000,197464000,78000,200000,14000,1252000
1791347684,845838471,370,1747767917,S,N,8408400000000,8408399000000,8408398000000,8408388000000,8408350000000,1012192000,64357000,96931000,12000,400000,8408401000000,8408402000000,8408409000000,8408535000000,8408536000000,134684000,78000,200000,20000,1295000
1791347684,948827885,371,1747767917,S,N,8408400000000,8408399000000,8408398000000,8408388000000,8408350000000,1012186000,64357000,96931000,12000,400000,8408401000000,8408402000000,8408409000000,8408535000000,8408536000000,134553000,64000,200000,20000,1295000
1791347685,56265635,372,1747767917,S,N,8408400000000,8408399000000,8408398000000,8408388000000,8408350000000,1012186000,64357000,96931000,12000,400000,8408401000000,8408402000000,8408409000000,8408535000000,8408536000000,190771000,64000,200000,20000,1295000
1791347685,205812512,373,1747767917,S,N,8408400000000,8408399000000,8408398000000,8408388000000,8408350000000,1012027000,64357000,96931000,12000,400000,8408401000000,8408402000000,8408409000000,8408535000000,8408536000000,190743000,71000,200000,20000,1295000
1791347685,271277962,374,1747767917,S,N,8408400000000,8408399000000,8408398000000,8408388000000,8408350000000,1011761000,64357000,96931000,12000,400000,8408401000000,8408402000000,8408409000000,8408535000000,8408536000000,190743000,71000,200000,20000,1295000
1791347685,369675538,375,1747767917,S,N,8408400000000,8408399000000,8408398000000,8408388000000,8408350000000,1011761000,64357000,96931000,12000,400000,8408401000000,8408402000000,8408409000000,8408535000000,8408536000000,190743000,71000,200000,20000,1295000
1791347685,470272565,376,1747767917,S,N,8408400000000,8408399000000,8408398000000,8408388000000,8408350000000,1011761000,64357000,96931000,12000,400000,8408401000000,8408402000000,8408409000000,8408535000000,8408536000000,190743000,71000,200000,20000,1295000
1791347685,580288753,377,1747767917,S,N,8408400000000,8408399000000,8408398000000,8408388000000,8408350000000,1043699000,64357000,96931000,12000,400000,8408401000000,8408402000000,8408409000000,8408535000000,8408536000000,25026000,71000,200000,20000,1295000
1791347685,678648262,378,1747767917,S,N,8408400000000,8408399000000,8408398000000,8408388000000,8408350000000,1043699000,64357000,96931000,12000,400000,8408401000000,8408402000000,8408409000000,8408535000000,8408536000000,25013000,64000,200000,20000,1295000
1791347685,785821745,379,1747767917,S,N,8408400000000,8408399000000,8408398000000,8408388000000,8408350000000,1043699000,64357000,96931000,12000,400000,8408401000000,8408402000000,8408409000000,8408535000000,8408536000000,44584000,71000,200000,20000,1295000
1791347685,887872663,380,1747767917,S,N,8408400000000,8408399000000,8408398000000,8408388000000,8408350000000,1013576000,64357000,96931000,12000,400000,8408401000000,8408402000000,8408409000000,8408535000000,8408536000000,25007000,71000,200000,20000,1295000
1791347685,994766547,381,1747767917,S,N,8408400000000,8408399000000,8408398000000,8408388000000,8408350000000,1043266000,64357000,96931000,12000,400000,8408401000000,8408402000000,8408409000000,8408445000000,8408535000000,24710000,64000,200000,7000,20000
1791347686,100562686,382,1747767917,S,N,8408400000000,8408399000000,8408398000000,8408388000000,8408350000000,1043266000,64357000,96931000,12000,400000,8408401000000,8408402000000,8408409000000,8408445000000,8408535000000,24710000,64000,200000,7000,20000
1791347686,200888667,383,1747767917,S,N,8408400000000,8408399000000,8408398000000,8408388000000,8408350000000,1043266000,64357000,96931000,12000,400000,8408401000000,8408402000000,8408409000000,8408445000000,8408535000000,24710000,64000,200000,7000,20000
1791347686,305001688,384,1747767917,S,N,8408400000000,8408399000000,8408398000000,8408388000000,8408350000000,1043273000,64357000,96931000,12000,400000,8408401000000,8408402000000,8408409000000,8408445000000,8408535000000,26006000,64000,200000,7000,20000
1791347686,419627339,385,1747767917,S,N,8408400000000,8408399000000,8408398000000,8408388000000,8408350000000,1043273000,64357000,96931000,12000,400000,8408401000000,8408402000000,8408409000000,8408445000000,8408535000000,25847000,64000,200000,7000,20000
1791347686,513344222,386,1747767917,S,N,8408400000000,8408399000000,8408398000000,8408388000000,8408350000000,1043273000,64357000,96931000,12000,400000,8408401000000,8408402000000,8408409000000,8408445000000,8408535000000,25847000,64000,200000,7000,20000
1791347686,617136868,387,1747767917,S,N,8408400000000,8408399000000,8408398000000,8408388000000,8408350000000,1043273000,64357000,96931000,12000,400000,8408401000000,8408402000000,8408409000000,8408445000000,8408535000000,24306000,64000,200000,7000,20000
1791347686,722895568,388,1747767917,S,N,8408400000000,8408399000000,8408398000000,8408388000000,8408350000000,1043273000,64357000,96931000,12000,400000,8408401000000,8408402000000,8408409000000,8408445000000,8408535000000,24306000,64000,200000,7000,20000
1791347686,828677420,389,1747767917,S,N,8408400000000,8408399000000,8408398000000,8408388000000,8408350000000,1043273000,64357000,96931000,12000,400000,8408401000000,8408402000000,8408409000000,8408445000000,8408535000000,24306000,64000,200000,7000,20000
1791347686,932209657,390,1747767917,S,N,8408400000000,8408399000000,8408398000000,8408388000000,8408350000000,990002000,64357000,96931000,12000,400000,8408401000000,8408402000000,8408409000000,8408445000000,8408535000000,24158000,64000,200000,7000,20000
1791347687,35751384,391,1747767917,S,N,8408400000000,8408399000000,8408398000000,8408388000000,8408350000000,990002000,64357000,96931000,12000,400000,8408401000000,8408402000000,8408409000000,8408445000000,8408535000000,24123000,64000,200000,7000,20000
1791347687,140078928,392,1747767917,S,N,8408400000000,8408399000000,8408398000000,8408388000000,8408350000000,1020002000,64357000,96931000,12000,400000,8408401000000,8408402000000,8408409000000,8408445000000,8408535000000,24092000,64000,200000,7000,20000
1791347687,244095795,393,1747767917,S,N,8408400000000,8408399000000,8408398000000,8408388000000,8408350000000,1020002000,64357000,96931000,12000,400000,8408401000000,8408402000000,8408409000000,8408445000000,8408535000000,24092000,64000,200000,7000,20000
1791347687,348703459,394,1747767917,S,N,8408400000000,8408399000000,8408398000000,8408388000000,8408350000000,1019843000,64357000,96931000,12000,400000,8408401000000,8408402000000,8408409000000,8408445000000,8408535000000,25388000,64000,200000,7000,20000
1791347687,453256624,395,1747767917,S,N,8408400000000,8408399000000,8408398000000,8408388000000,8408350000000,1019843000,64357000,96931000,12000,400000,8408401000000,8408402000000,8408409000000,8408445000000,8408535000000,25349000,64000,200000,7000,20000
1791347687,565557997,396,1747767917,S,N,8408400000000,8408399000000,8408398000000,8408388000000,8408350000000,1019564000,64357000,96931000,12000,400000,8408401000000,8408402000000,8408409000000,8408445000000,8408535000000,25311000,64000,200000,7000,20000
1791347687,663577531,397,1747767917,S,N,8408400000000,8408399000000,8408398000000,8408388000000,8408350000000,1019564000,64357000,96931000,12000,400000,8408401000000,8408402000000,8408409000000,8408445000000,8408535000000,25311000,64000,200000,7000,20000
1791347687,773129771,398,1747767917,S,N,8408400000000,8408399000000,8408398000000,8408388000000,8408350000000,1019332000,64357000,96931000,12000,400000,8408401000000,8408402000000,8408409000000,8408445000000,8408535000000,25311000,64000,200000,7000,20000
1791347687,871241799,399,1747767917,S,N,8408400000000,8408399000000,8408398000000,8408388000000,8408350000000,1019332000,64357000,96931000,12000,400000,8408401000000,8408402000000,8408409000000,8408445000000,8408535000000,25311000,64000,200000,7000,20000
1791347687,975419375,400,1747767917,S,N,8408400000000,8408399000000,8408398000000,8408388000000,8408350000000,1019332000,64357000,96931000,12000,400000,8408401000000,8408402000000,8408409000000,8408445000000,8408535000000,25311000,64000,200000,7000,20000
1791347688,79352355,401,1747767917,S,N,8408400000000,8408399000000,8408398000000,8408388000000,8408350000000,1019170000,64357000,96931000,12000,400000,8408401000000,8408402000000,8408409000000,8408445000000,8408535000000,25311000,64000,200000,7000,20000
1791347688,190385748,402,1747767917,S,N,8408400000000,8408399000000,8408398000000,8408388000000,8408350000000,1019170000,64357000,96931000,12000,400000,8408401000000,8408402000000,8408409000000,8408445000000,8408535000000,25067000,64000,200000,7000,20000
1791347688,288100867,403,1747767917,S,N,8408400000000,8408399000000,8408398000000,8408388000000,8408350000000,1019170000,64357000,96931000,12000,400000,8408401000000,8408402000000,8408409000000,8408445000000,8408535000000,25067000,64000,200000,7000,20000
1791347688,396361325,404,1747767917,S,N,8408400000000,8408399000000,8408398000000,8408388000000,8408350000000,1019170000,64357000,96931000,12000,400000,8408401000000,8408402000000,8408409000000,8408445000000,8408535000000,25067000,64000,200000,7000,20000
1791347688,498200666,405,1747767917,S,N,8408400000000,8408399000000,8408398000000,8408388000000,8408350000000,1019170000,64357000,96931000,12000,400000,8408401000000,8408402000000,8408409000000,8408445000000,8408535000000,25067000,64000,200000,7000,20000
1791347688,600560102,406,1747767917,S,N,8408400000000,8408399000000,8408398000000,8408388000000,8408350000000,1019131000,64357000,96931000,12000,400000,8408401000000,8408402000000,8408409000000,8408445000000,8408535000000,24802000,64000,200000,7000,20000
1791347688,705690490,407,1747767917,S,N,8408400000000,8408399000000,8408398000000,8408388000000,8408350000000,1019087000,64357000,96931000,12000,400000,8408401000000,8408402000000,8408409000000,8408445000000,8408535000000,24802000,64000,200000,7000,20000
1791347688,811288566,408,1747767917,S,N,8408400000000,8408399000000,8408398000000,8408388000000,8408350000000,1019061000,64357000,96931000,12000,400000,8408401000000,8408402000000,8408409000000,8408445000000,8408535000000,24529000,64000,200000,7000,20000
1791347688,914817433,409,1747767917,S,N,8408400000000,8408399000000,8408398000000,8408388000000,8408350000000,1019023000,64357000,96931000,12000,400000,8408401000000,8408402000000,8408409000000,8408445000000,8408535000000,24297000,64000,200000,7000,20000
1791347689,22831310,410,1747767917,S,N,8408400000000,8408399000000,8408398000000,8408388000000,8408350000000,1019023000,64357000,96931000,12000,400000,8408401000000,8408402000000,8408409000000,8408445000000,8408535000000,24297000,64000,200000,7000,20000
1791347689,123176448,411,1747767917,S,N,8408400000000,8408399000000,8408398000000,8408388000000,8408350000000,1018999000,64357000,96931000,12000,400000,8408401000000,8408402000000,8408409000000,8408445000000,8408535000000,24297000,64000,200000,7000,20000
1791347689,226926006,412,1747767917,S,N,8408400000000,8408399000000,8408398000000,8408388000000,8408350000000,1018999000,64357000,96931000,12000,400000,8408401000000,8408402000000,8408409000000,8408445000000,8408535000000,24297000,64000,200000,7000,20000
1791347689,332520950,413,1747767917,S,N,8408400000000,8408399000000,8408398000000,8408388000000,8408350000000,1018999000,64357000,96931000,12000,400000,8408401000000,8408402000000,8408409000000,8408445000000,8408535000000,24110000,64000,200000,7000,20000
1791347689,436225305,414,1747767917,S,N,8408400000000,8408399000000,8408398000000,8408388000000,8408350000000,1018999000,64357000,96931000,12000,400000,8408401000000,8408402000000,8408409000000,8408445000000,8408535000000,24110000,64000,200000,7000,20000
1791347689,542257351,415,1747767917,S,N,8408400000000,8408399000000,8408398000000,8408388000000,8408350000000,1018840000,64357000,96931000,12000,400000,8408401000000,8408402000000,8408409000000,8408445000000,8408535000000,24101000,64000,200000,7000,20000
1791347689,662374868,416,1747767917,S,N,8408400000000,8408399000000,8408398000000,8408388000000,8408350000000,1018840000,64357000,96931000,12000,400000,8408401000000,8408402000000,8408409000000,8408445000000,8408535000000,24101000,64000,200000,7000,20000
1791347689,748739556,417,1747767917,S,N,8408400000000,8408399000000,8408398000000,8408388000000,8408350000000,988840000,64357000,96931000,12000,400000,8408401000000,8408402000000,8408409000000,8408445000000,8408535000000,24095000,64000,200000,7000,20000
1791347689,856755625,418,1747767917,S,N,8408400000000,8408399000000,8408398000000,8408388000000,8408350000000,988840000,64357000,96931000,12000,400000,8408401000000,8408402000000,8408409000000,8408445000000,8408535000000,23848000,64000,200000,7000,20000
1791347689,967088007,419,1747767917,S,N,8408400000000,8408399000000,8408398000000,8408388000000,8408350000000,988840000,64357000,96931000,12000,400000,8408401000000,8408402000000,8408409000000,8408445000000,8408535000000,23848000,64000,200000,7000,20000
1791347690,62063806,420,1747767917,S,N,8408400000000,8408399000000,8408398000000,8408388000000,8408350000000,988329000,64357000,96931000,12000,400000,8408401000000,8408402000000,8408409000000,8408445000000,8408535000000,23848000,64000,200000,7000,20000
1791347690,179402647,421,1747767917,S,N,8408400000000,8408399000000,8408398000000,8408388000000,8408350000000,988085000,64357000,96931000,12000,400000,8408401000000,8408402000000,8408409000000,8408445000000,8408535000000,23804000,64000,200000,7000,20000
1791347690,270199417,422,1747767917,S,N,8408400000000,8408399000000,8408398000000,8408388000000,8408350000000,883714000,64357000,144251000,12000,400000,8408401000000,8408402000000,8408409000000,8408445000000,8408535000000,122497000,71000,200000,7000,20000
1791347690,374667837,423,1747767917,S,N,8408400000000,8408399000000,8408398000000,8408388000000,8408350000000,883714000,64357000,144251000,12000,400000,8408401000000,8408402000000,8408409000000,8408535000000,8408536000000,93760000,64000,200000,20000,1295000
1791347690,494249078,424,1747767917,S,N,8408400000000,8408399000000,8408398000000,8408388000000,8408350000000,883327000,64357000,144251000,12000,400000,8408401000000,8408402000000,8408409000000,8408535000000,8408536000000,93601000,64000,200000,20000,1295000
1791347690,586258603,425,1747767917,S,N,8408400000000,8408399000000,8408398000000,8408388000000,8408350000000,883327000,64357000,144251000,12000,400000,8408401000000,8408402000000,8408409000000,8408535000000,8408536000000,93608000,71000,200000,20000,1295000
1791347690,689365923,426,1747767917,S,N,8408400000000,8408399000000,8408398000000,8408388000000,8408350000000,883327000,64357000,144251000,12000,400000,8408401000000,8408402000000,8408409000000,8408535000000,8408536000000,93608000,71000,200000,20000,1295000
1791347690,793033113,427,1747767917,S,N,8408400000000,8408399000000,8408398000000,8408388000000,8408350000000,883327000,64357000,144251000,12000,400000,8408401000000,8408402000000,8408409000000,8408535000000,8408536000000,93485000,71000,200000,20000,1295000
1791347690,901198154,428,1747767917,S,N,8408400000000,8408399000000,8408398000000,8408388000000,8408350000000,883327000,64357000,144251000,12000,400000,8408401000000,8408402000000,8408409000000,8408535000000,8408536000000,120456000,71000,200000,20000,1295000
1791347691,3652276,429,1747767917,S,N,8408400000000,8408399000000,8408398000000,8408388000000,8408350000000,883327000,64357000,144251000,12000,400000,8408401000000,8408402000000,8408409000000,8408535000000,8408536000000,93342000,71000,200000,20000,1295000
1791347691,110010034,430,1747767917,S,N,8408400000000,8408399000000,8408398000000,8408388000000,8408350000000,883208000,64357000,144251000,12000,400000,8408401000000,8408402000000,8408409000000,8408535000000,8408536000000,93341000,71000,200000,20000,1295000
1791347691,210709175,431,1747767917,S,N,8408400000000,8408399000000,8408398000000,8408388000000,8408350000000,886775000,64357000,144251000,12000,400000,8408401000000,8408402000000,8408409000000,8408535000000,8408536000000,36724000,71000,200000,20000,1295000
1791347691,315666580,432,1747767917,S,N,8408400000000,8408399000000,8408398000000,8408388000000,8408350000000,1023203000,64357000,144251000,12000,400000,8408401000000,8408402000000,8408409000000,8408535000000,8408536000000,36707000,71000,200000,20000,1295000
1791347691,420890923,433,1747767917,S,N,8408400000000,8408399000000,8408398000000,8408388000000,8408350000000,1023203000,64357000,144251000,12000,400000,8408401000000,8408402000000,8408409000000,8408535000000,8408536000000,36713000,71000,200000,20000,1295000
1791347691,524104309,434,1747767917,S,N,8408400000000,8408399000000,8408398000000,8408388000000,8408350000000,1023153000,64357000,144251000,12000,400000,8408401000000,8408402000000,8408409000000,8408535000000,8408536000000,36713000,71000,200000,20000,1295000
1791347691,628573460,435,1747767917,S,N,8408400000000,8408399000000,8408398000000,8408388000000,8408350000000,1022986000,64357000,144251000,12000,400000,8408401000000,8408402000000,8408409000000,8408535000000,8408536000000,36434000,71000,200000,20000,1295000
1791347691,732672427,436,1747767917,S,N,8408400000000,8408399000000,8408398000000,8408388000000,8408350000000,1022986000,64357000,144251000,12000,400000,8408401000000,8408402000000,8408409000000,8408535000000,8408536000000,36427000,64000,200000,20000,1295000
1791347691,837256621,437,1747767917,S,N,8408400000000,8408399000000,8408398000000,8408388000000,8408350000000,1022951000,64357000,144251000,12000,400000,8408401000000,8408402000000,8408409000000,8408535000000,8408536000000,36240000,64000,200000,20000,1295000
1791347691,942488585,438,1747767917,S,N,8408400000000,8408399000000,8408398000000,8408388000000,8408350000000,1022951000,64357000,144251000,12000,400000,8408401000000,8408402000000,8408409000000,8408535000000,8408536000000,36240000,64000,200000,20000,1295000
1791347692,47234800,439,1747767917,S,N,8408400000000,8408399000000,8408398000000,8408388000000,8408350000000,1052958000,64357000,144251000,12000,400000,8408401000000,8408402000000,8408409000000,8408535000000,8408536000000,36261000,78000,200000,20000,1295000
1791347692,157566451,440,1747767917,S,N,8408400000000,8408399000000,8408398000000,8408388000000,8408350000000,1053158000,64357000,144251000,12000,400000,8408401000000,8408402000000,8408409000000,8408535000000,8408536000000,52054000,71000,200000,20000,1295000
1791347692,258350361,441,1747767917,S,N,8408400000000,8408399000000,8408398000000,8408388000000,8408350000000,1053158000,64357000,144251000,12000,400000,8408401000000,8408402000000,8408409000000,8408535000000,8408536000000,52047000,71000,200000,20000,1295000
1791347692,359810122,442,1747767917,S,N,8408400000000,8408399000000,8408398000000,8408388000000,8408350000000,1052726000,64357000,144251000,12000,400000,8408401000000,8408402000000,8408409000000,8408535000000,8408536000000,137151000,71000,200000,20000,1295000
1791347692,464110362,443,1747767917,S,N,8408400000000,8408399000000,8408398000000,8408388000000,8408350000000,1052726000,64357000,144251000,12000,400000,8408401000000,8408402000000,8408409000000,8408535000000,8408536000000,108249000,71000,200000,20000,1295000
1791347692,568172478,444,1747767917,S,N,8408400000000,8408399000000,8408398000000,8408388000000,8408350000000,1052726000,64357000,144251000,12000,400000,8408401000000,8408402000000,8408409000000,8408535000000,8408536000000,107930000,71000,200000,20000,1295000
1791347692,672273220,445,1747767917,S,N,8408400000000,8408399000000,8408398000000,8408388000000,8408350000000,1052726000,64357000,144251000,12000,400000,8408401000000,8408402000000,8408409000000,8408535000000,8408536000000,134913000,71000,200000,20000,1295000
1791347692,779492443,446,1747767917,S,N,8408400000000,8408399000000,8408398000000,8408388000000,8408350000000,1052726000,64357000,144251000,12000,400000,8408401000000,8408402000000,8408409000000,8408535000000,8408536000000,107812000,71000,200000,20000,1295000
1791347692,883614168,447,1747767917,S,N,8408400000000,8408399000000,8408398000000,8408388000000,8408350000000,1052726000,64357000,144251000,12000,400000,8408401000000,8408402000000,8408409000000,8408535000000,8408536000000,107812000,71000,200000,20000,1295000
1791347692,986452150,448,1747767917,S,N,8408400000000,8408399000000,8408398000000,8408388000000,8408350000000,1052539000,64357000,144251000,12000,400000,8408401000000,8408402000000,8408409000000,8408535000000,8408536000000,107568000,71000,200000,20000,1295000
1791347693,92069331,449,1747767917,S,N,8408400000000,8408399000000,8408398000000,8408388000000,8408350000000,1052539000,64357000,144251000,12000,400000,8408401000000,8408402000000,8408409000000,8408535000000,8408536000000,107524000,71000,200000,20000,1295000
1791347693,194561349,450,1747767917,S,N,8408400000000,8408399000000,8408398000000,8408388000000,8408350000000,1022553000,64371000,144251000,12000,400000,8408401000000,8408402000000,8408409000000,8408535000000,8408536000000,107524000,71000,200000,20000,1295000
1791347693,300210057,451,1747767917,S,N,8408400000000,8408399000000,8408398000000,8408388000000,8408350000000,1021959000,64371000,144251000,12000,400000,8408401000000,8408402000000,8408409000000,8408535000000,8408536000000,136261000,71000,200000,20000,1295000
1791347693,404756669,452,1747767917,S,N,8408400000000,8408399000000,8408398000000,8408388000000,8408350000000,1021840000,64371000,144251000,12000,400000,8408401000000,8408402000000,8408409000000,8408535000000,8408536000000,136227000,71000,200000,20000,1295000
1791347693,508384293,453,1747767917,S,N,8408400000000,8408399000000,8408398000000,8408388000000,8408350000000,1021279000,64371000,144251000,12000,400000,8408401000000,8408402000000,8408409000000,8408535000000,8408536000000,135747000,71000,200000,20000,1295000
1791347693,612514683,454,1747767917,S,N,8408400000000,8408399000000,8408398000000,8408388000000,8408350000000,1062351000,64371000,144251000,12000,400000,8408401000000,8408402000000,8408409000000,8408535000000,8408536000000,126306000,71000,200000,20000,1295000
1791347693,717260793,455,1747767917,S,N,8408400000000,8408399000000,8408398000000,8408388000000,8408350000000,1062351000,64371000,144251000,12000,400000,8408401000000,8408402000000,8408409000000,8408535000000,8408536000000,126306000,71000,200000,20000,1295000
1791347693,819780580,456,1747767917,S,N,8408400000000,8408399000000,8408398000000,8408388000000,8408350000000,1062351000,64371000,144251000,12000,400000,8408401000000,8408402000000,8408409000000,8408535000000,8408536000000,126306000,71000,200000,20000,1295000
1791347693,925802708,457,1747767917,S,N,8408400000000,8408399000000,8408398000000,8408388000000,8408350000000,1062351000,64371000,144251000,12000,400000,8408401000000,8408402000000,8408409000000,8408535000000,8408536000000,126306000,71000,200000,20000,1295000
1791347694,28860859,458,1747767917,S,N,8408400000000,8408399000000,8408398000000,8408388000000,8408350000000,1062351000,64371000,144251000,12000,400000,8408401000000,8408402000000,8408409000000,8408535000000,8408536000000,126306000,71000,200000,20000,1295000
1791347694,133330636,459,1747767917,S,N,8408400000000,8408399000000,8408398000000,8408388000000,8408350000000,1062351000,64371000,144251000,12000,400000,8408401000000,8408402000000,8408409000000,8408535000000,8408536000000,126306000,71000,200000,20000,1295000
1791347694,687343204,460,1747767917,S,N,8408400000000,8408399000000,8408398000000,8408388000000,8408350000000,1062351000,64371000,144251000,12000,400000,8408401000000,8408402000000,8408409000000,8408535000000,8408536000000,97413000,71000,200000,20000,1295000
1791347694,690666926,461,1747767917,S,N,8408400000000,8408399000000,8408398000000,8408388000000,8408350000000,1062351000,64371000,144251000,12000,400000,8408401000000,8408402000000,8408409000000,8408535000000,8408536000000,97413000,71000,200000,20000,1295000
1791347694,696062572,462,1747767917,S,N,8408400000000,8408399000000,8408398000000,8408388000000,8408350000000,1062351000,64371000,144251000,12000,400000,8408401000000,8408402000000,8408409000000,8408535000000,8408536000000,97413000,71000,200000,20000,1295000
1791347694,702288784,463,1747767917,S,N,8408400000000,8408399000000,8408398000000,8408388000000,8408350000000,1062307000,64371000,144251000,12000,400000,8408401000000,8408402000000,8408409000000,8408535000000,8408536000000,81419000,71000,200000,20000,1295000
1791347694,708467600,464,1747767917,S,N,8408400000000,8408399000000,8408398000000,8408388000000,8408350000000,1062275000,64371000,144251000,12000,400000,8408401000000,8408402000000,8408409000000,8408535000000,8408536000000,11597000,71000,200000,20000,1295000
1791347694,783881689,465,1747767917,S,N,8408400000000,8408399000000,8408398000000,8408388000000,8408350000000,1061997000,64371000,144251000,12000,400000,8408401000000,8408402000000,8408409000000,8408535000000,8408536000000,11597000,71000,200000,20000,1295000
1791347694,863473658,466,1747767917,S,N,8408400000000,8408399000000,8408398000000,8408388000000,8408350000000,1062591000,64371000,144251000,12000,400000,8408401000000,8408402000000,8408409000000,8408535000000,8408536000000,11403000,71000,200000,20000,1295000
1791347694,978863447,467,1747767917,S,N,8408400000000,8408399000000,8408398000000,8408388000000,8408350000000,1062591000,64371000,144251000,12000,400000,8408401000000,8408402000000,8408409000000,8408535000000,8408536000000,11403000,71000,200000,20000,1295000
1791347695,76318206,468,1747767917,S,N,8408400000000,8408399000000,8408398000000,8408388000000,8408350000000,1062591000,64371000,144251000,12000,400000,8408401000000,8408402000000,8408409000000,8408445000000,8408535000000,11396000,64000,200000,7000,20000
1791347695,187414340,469,1747767917,S,N,8408400000000,8408399000000,8408398000000,8408388000000,8408350000000,1063185000,64371000,144251000,12000,400000,8408401000000,8408402000000,8408409000000,8408445000000,8408535000000,15008000,64000,200000,7000,20000
1791347695,282739235,470,1747767917,S,N,8408400000000,8408399000000,8408398000000,8408388000000,8408350000000,1063185000,64371000,144251000,12000,400000,8408401000000,8408402000000,8408409000000,8408445000000,8408535000000,15015000,71000,200000,7000,20000
1791347695,385950637,471,1747767917,S,N,8408400000000,8408399000000,8408398000000,8408388000000,8408350000000,1007066000,64351000,19000,12000,400000,8408401000000,8408402000000,8408409000000,8408445000000,8408535000000,1439000,71000,200000,7000,20000
1791347695,492821287,472,1747767917,S,N,8408400000000,8408399000000,8408398000000,8408388000000,8408350000000,1007066000,64351000,19000,12000,400000,8408401000000,8408402000000,8408409000000,8408445000000,8408535000000,1439000,71000,200000,7000,20000
1791347695,603769267,473,1747767917,S,N,8408400000000,8408399000000,8408398000000,8408388000000,8408350000000,1006907000,64351000,19000,12000,400000,8408401000000,8408402000000,8408409000000,8408445000000,8408535000000,1445000,71000,200000,7000,20000
1791347695,701604636,474,1747767917,S,N,8408400000000,8408399000000,8408398000000,8408388000000,8408350000000,1006913000,64351000,19000,12000,400000,8408401000000,8408402000000,8408409000000,8408445000000,8408535000000,1445000,71000,200000,7000,20000
1791347695,811339411,475,1747767917,S,N,8408400000000,8408399000000,8408398000000,8408388000000,8408350000000,1007172000,64351000,19000,12000,400000,8408401000000,8408402000000,8408409000000,8408445000000,8408535000000,1132000,71000,200000,7000,20000
1791347695,913564408,476,1747767917,S,N,8408400000000,8408399000000,8408398000000,8408388000000,8408350000000,1007172000,64351000,19000,12000,400000,8408401000000,8408402000000,8408409000000,8408445000000,8408535000000,1132000,71000,200000,7000,20000
1791347696,16948751,477,1747767917,S,N,8408400000000,8408399000000,8408398000000,8408388000000,8408350000000,1007272000,64351000,19000,12000,400000,8408401000000,8408402000000,8408409000000,8408445000000,8408535000000,1082000,71000,200000,7000,20000
1791347696,122804387,478,1747767917,S,N,8408400000000,8408399000000,8408398000000,8408388000000,8408350000000,1007085000,64351000,19000,12000,400000,8408401000000,8408402000000,8408409000000,8408445000000,8408535000000,769000,71000,200000,7000,20000
1791347696,227591729,479,1747767917,S,N,8408400000000,8408399000000,8408398000000,8408388000000,8408350000000,1007071000,64351000,19000,12000,400000,8408401000000,8408402000000,8408409000000,8408445000000,8408535000000,762000,64000,200000,7000,20000
1791347696,333433876,480,1747767917,S,N,8408400000000,8408399000000,8408398000000,8408388000000,8408350000000,1007071000,64351000,19000,12000,400000,8408401000000,8408402000000,8408409000000,8408445000000,8408535000000,723000,64000,200000,7000,20000
1791347696,438999702,481,1747767917,S,N,8408400000000,8408399000000,8408398000000,8408388000000,8408350000000,1007036000,64351000,19000,12000,400000,8408401000000,8408402000000,8408409000000,8408445000000,8408535000000,19327000,71000,200000,7000,20000
1791347696,544035543,482,1747767917,S,N,8408400000000,8408399000000,8408398000000,8408388000000,8408350000000,1006874000,64351000,19000,12000,400000,8408401000000,8408402000000,8408409000000,8408445000000,8408535000000,19340000,71000,200000,7000,20000
1791347696,653181318,483,1747767917,S,N,8408400000000,8408399000000,8408398000000,8408388000000,8408350000000,1006874000,64351000,19000,12000,400000,8408401000000,8408402000000,8408409000000,8408445000000,8408535000000,32897000,71000,200000,7000,20000
1791347696,756995108,484,1747767917,S,N,8408400000000,8408399000000,8408398000000,8408388000000,8408350000000,1006874000,64351000,19000,12000,400000,8408401000000,8408402000000,8408409000000,8408535000000,8408536000000,32897000,71000,200000,20000,1295000
1791347696,860884670,485,1747767917,S,N,8408400000000,8408399000000,8408398000000,8408388000000,8408350000000,1006874000,64351000,19000,12000,400000,8408401000000,8408402000000,8408409000000,8408535000000,8408536000000,32897000,71000,200000,20000,1295000
1791347696,992199679,486,1747767917,S,N,8408400000000,8408399000000,8408398000000,8408388000000,8408350000000,1006642000,64351000,19000,12000,400000,8408401000000,8408402000000,8408409000000,8408535000000,8408536000000,88884000,71000,200000,20000,1295000
1791347697,71279676,487,1747767917,S,N,8408400000000,8408399000000,8408398000000,8408388000000,8408350000000,1006642000,64351000,19000,12000,400000,8408401000000,8408402000000,8408409000000,8408535000000,8408536000000,115644000,71000,200000,20000,1295000
1791347697,176822000,488,1747767917,S,N,8408400000000,8408399000000,8408398000000,8408388000000,8408350000000,1006642000,64351000,19000,12000,400000,8408401000000,8408402000000,8408409000000,8408535000000,8408536000000,88661000,71000,200000,20000,1295000
1791347697,282366116,489,1747767917,S,N,8408400000000,8408399000000,8408398000000,8408388000000,8408350000000,1006603000,64351000,19000,12000,400000,8408401000000,8408402000000,8408409000000,8408535000000,8408536000000,88502000,71000,200000,20000,1295000
1791347697,399876137,490,1747767917,S,N,8408400000000,8408399000000,8408398000000,8408388000000,8408350000000,1002442000,64351000,19000,12000,400000,8408401000000,8408402000000,8408409000000,8408535000000,8408536000000,115478000,64000,200000,20000,1295000
1791347697,505493286,491,1747767917,S,N,8408400000000,8408399000000,8408398000000,8408388000000,8408350000000,975965000,64351000,19000,12000,400000,8408401000000,8408402000000,8408409000000,8408535000000,8408536000000,117360000,71000,200000,20000,1295000
1791347697,597695372,492,1747767917,S,N,8408400000000,8408399000000,8408398000000,8408388000000,8408350000000,977976000,64351000,19000,12000,400000,8408401000000,8408402000000,8408409000000,8408535000000,8408536000000,116332000,71000,200000,20000,1295000
1791347697,703198072,493,1747767917,S,N,8408400000000,8408399000000,8408398000000,8408388000000,8408350000000,977976000,64351000,19000,12000,400000,8408401000000,8408402000000,8408409000000,8408535000000,8408536000000,118079000,71000,200000,20000,1295000
1791347697,810149191,494,1747767917,S,N,8408400000000,8408399000000,8408398000000,8408388000000,8408350000000,977728000,64351000,19000,12000,400000,8408401000000,8408402000000,8408409000000,8408535000000,8408536000000,118073000,71000,200000,20000,1295000
1791347697,914890796,495,1747767917,S,N,8408400000000,8408399000000,8408398000000,8408388000000,8408350000000,977728000,64351000,19000,12000,400000,8408401000000,8408402000000,8408409000000,8408535000000,8408536000000,118073000,71000,200000,20000,1295000
1791347698,23438929,496,1747767917,S,N,8408400000000,8408399000000,8408398000000,8408388000000,8408350000000,977728000,64351000,19000,12000,400000,8408401000000,8408402000000,8408409000000,8408535000000,8408536000000,118073000,71000,200000,20000,1295000
1791347698,124858990,497,1747767917,S,N,8408400000000,8408399000000,8408398000000,8408388000000,8408350000000,977605000,64351000,19000,12000,400000,8408401000000,8408402000000,8408409000000,8408535000000,8408536000000,117841000,71000,200000,20000,1295000
1791347698,235174229,498,1747767917,S,N,8408400000000,8408399000000,8408398000000,8408388000000,8408350000000,977605000,64351000,19000,12000,400000,8408401000000,8408402000000,8408409000000,8408535000000,8408536000000,117841000,71000,200000,20000,1295000
1791347698,335873663,499,1747767917,S,N,8408400000000,8408399000000,8408398000000,8408388000000,8408350000000,977422000,64351000,19000,12000,400000,8408401000000,8408402000000,8408409000000,8408535000000,8408536000000,117841000,71000,200000,20000,1295000
1791347698,449532788,500,1747767917,S,N,8408400000000,8408399000000,8408398000000,8408388000000,8408350000000,977422000,64351000,19000,12000,400000,8408401000000,8408402000000,8408409000000,8408535000000,8408536000000,117841000,71000,200000,20000,1295000
1791347698,545145785,501,1747767917,S,N,8408400000000,8408399000000,8408398000000,8408388000000,8408350000000,977422000,64351000,19000,12000,400000,8408401000000,8408402000000,8408409000000,8408535000000,8408536000000,117654000,71000,200000,20000,1295000
1791347698,655986793,502,1747767917,S,N,8408400000000,8408399000000,8408398000000,8408388000000,8408350000000,976600000,64351000,19000,12000,400000,8408401000000,8408402000000,8408409000000,8408535000000,8408536000000,117654000,71000,200000,20000,1295000
1791347698,756178690,503,1747767917,S,N,8408400000000,8408399000000,8408398000000,8408388000000,8408350000000,986669000,64351000,19000,12000,400000,8408401000000,8408402000000,8408409000000,8408535000000,8408536000000,117667000,71000,200000,20000,1295000
1791347698,872977463,504,1747767917,S,N,8408400000000,8408399000000,8408398000000,8408388000000,8408350000000,986669000,64351000,19000,12000,400000,8408401000000,8408402000000,8408409000000,8408535000000,8408536000000,117667000,71000,200000,20000,1295000
1791347698,967948557,505,1747767917,S,N,8408400000000,8408399000000,8408398000000,8408388000000,8408350000000,986675000,64351000,19000,12000,400000,8408401000000,8408402000000,8408409000000,8408535000000,8408536000000,115894000,71000,200000,20000,1295000
1791347699,73132781,506,1747767917,S,N,8408400000000,8408399000000,8408398000000,8408388000000,8408350000000,986675000,64351000,19000,12000,400000,8408401000000,8408402000000,8408409000000,8408535000000,8408536000000,115571000,71000,200000,20000,1295000
1791347699,178769004,507,1747767917,S,N,8408400000000,8408399000000,8408398000000,8408388000000,8408350000000,986675000,64351000,19000,12000,400000,8408401000000,8408402000000,8408409000000,8408535000000,8408536000000,117315000,71000,200000,20000,1295000
1791347699,293562816,508,1747767917,S,N,8408400000000,8408399000000,8408398000000,8408388000000,8408350000000,986443000,64351000,19000,12000,400000,8408401000000,8408402000000,8408409000000,8408535000000,8408536000000,117315000,71000,200000,20000,1295000
1791347699,456379588,509,1747767917,S,N,8408400000000,8408399000000,8408398000000,8408388000000,8408350000000,986443000,64351000,13000,12000,400000,8408401000000,8408402000000,8408409000000,8408535000000,8408536000000,117315000,71000,200000,20000,1295000
1791347699,498151918,510,1747767917,S,N,8408400000000,8408399000000,8408398000000,8408388000000,8408350000000,986443000,64351000,13000,12000,400000,8408401000000,8408402000000,8408409000000,8408535000000,8408536000000,111839000,71000,200000,20000,1295000
1791347699,600526772,511,1747767917,S,N,8408400000000,8408399000000,8408398000000,8408388000000,8408350000000,986443000,64351000,13000,12000,400000,8408401000000,8408402000000,8408409000000,8408535000000,8408536000000,111839000,71000,200000,20000,1295000
1791347699,705997118,512,1747767917,S,N,8408400000000,8408399000000,8408398000000,8408388000000,8408350000000,986443000,64351000,13000,12000,400000,8408401000000,8408402000000,8408409000000,8408535000000,8408536000000,113599000,71000,200000,20000,1295000
1791347699,811206108,513,1747767917,S,N,8408400000000,8408399000000,8408398000000,8408388000000,8408350000000,986029000,64351000,13000,12000,400000,8408401000000,8408402000000,8408409000000,8408535000000,8408536000000,113599000,71000,200000,20000,1295000
1791347699,948732967,514,1747767917,S,N,8408400000000,8408399000000,8408398000000,8408388000000,8408350000000,985842000,64351000,13000,12000,400000,8408401000000,8408402000000,8408409000000,8408535000000,8408536000000,113599000,71000,200000,20000,1295000
1791347700,20833591,515,1747767917,S,N,8408400000000,8408399000000,8408398000000,8408388000000,8408350000000,985842000,64351000,13000,12000,400000,8408401000000,8408402000000,8408409000000,8408535000000,8408536000000,113412000,71000,200000,20000,1295000
1791347700,128625055,516,1747767917,S,N,8408400000000,8408399000000,8408398000000,8408388000000,8408350000000,985834000,64351000,13000,12000,400000,8408401000000,8408402000000,8408409000000,8408535000000,8408536000000,113412000,71000,200000,20000,1295000
1791347700,235196892,517,1747767917,S,N,8408400000000,8408399000000,8408398000000,8408388000000,8408350000000,985834000,64351000,13000,12000,400000,8408401000000,8408402000000,8408409000000,8408535000000,8408536000000,113412000,71000,200000,20000,1295000
1791347700,339684623,518,1747767917,S,N,8408400000000,8408399000000,8408398000000,8408388000000,8408350000000,985825000,64351000,13000,12000,400000,8408401000000,8408402000000,8408409000000,8408535000000,8408536000000,113382000,71000,200000,20000,1295000
1791347700,446530146,519,1747767917,S,N,8408400000000,8408399000000,8408398000000,8408388000000,8408350000000,985625000,64351000,13000,12000,400000,8408401000000,8408402000000,8408409000000,8408535000000,8408536000000,113097000,71000,200000,20000,1295000
1791347700,551231493,520,1747767917,S,N,8408400000000,8408399000000,8408398000000,8408388000000,8408350000000,985426000,64351000,13000,12000,400000,8408401000000,8408402000000,8408409000000,8408535000000,8408536000000,129696000,71000,200000,20000,1295000
1791347700,655723545,521,1747767917,S,N,8408400000000,8408399000000,8408398000000,8408388000000,8408350000000,985426000,64351000,13000,12000,400000,8408401000000,8408402000000,8408409000000,8408535000000,8408536000000,129679000,71000,200000,20000,1295000
1791347700,760845486,522,1747767917,S,N,8408400000000,8408399000000,8408398000000,8408388000000,8408350000000,985426000,64351000,13000,12000,400000,8408401000000,8408402000000,8408409000000,8408535000000,8408536000000,129679000,71000,200000,20000,1295000
1791347700,865710287,523,1747767917,S,N,8408400000000,8408399000000,8408398000000,8408388000000,8408350000000,955444000,64351000,13000,12000,400000,8408401000000,8408402000000,8408409000000,8408535000000,8408536000000,129692000,71000,200000,20000,1295000
1791347700,970926338,524,1747767917,S,N,8408400000000,8408399000000,8408398000000,8408388000000,8408350000000,985450000,64351000,13000,12000,400000,8408401000000,8408402000000,8408409000000,8408535000000,8408536000000,127932000,71000,200000,20000,1295000
1791347701,76839620,525,1747767917,S,N,8408400000000,8408399000000,8408398000000,8408388000000,8408350000000,985456000,64351000,13000,12000,400000,8408401000000,8408402000000,8408409000000,8408535000000,8408536000000,127932000,71000,200000,20000,1295000
1791347701,181067048,526,1747767917,S,N,8408400000000,8408399000000,8408398000000,8408388000000,8408350000000,985421000,64351000,13000,12000,400000,8408401000000,8408402000000,8408409000000,8408535000000,8408536000000,129505000,71000,200000,20000,1295000
1791347701,288554896,527,1747767917,S,N,8408400000000,8408399000000,8408398000000,8408388000000,8408350000000,986962000,64351000,13000,12000,400000,8408401000000,8408402000000,8408409000000,8408535000000,8408536000000,18057000,71000,200000,20000,1295000
1791347701,394392301,528,1747767917,S,N,8408400000000,8408399000000,8408398000000,8408388000000,8408350000000,1017289000,64351000,13000,12000,400000,8408401000000,8408402000000,8408409000000,8408535000000,8408536000000,18038000,64000,200000,20000,1295000
1791347701,504999247,529,1747767917,S,N,8408400000000,8408399000000,8408398000000,8408388000000,8408350000000,1017289000,64351000,13000,12000,400000,8408401000000,8408402000000,8408409000000,8408535000000,8408536000000,18038000,64000,200000,20000,1295000
1791347701,603970884,530,1747767917,S,N,8408400000000,8408399000000,8408398000000,8408388000000,8408350000000,1017289000,64351000,13000,12000,400000,8408401000000,8408402000000,8408409000000,8408535000000,8408536000000,18045000,71000,200000,20000,1295000
1791347701,708804280,531,1747767917,S,N,8408400000000,8408399000000,8408398000000,8408388000000,8408350000000,1017289000,64351000,13000,12000,400000,8408401000000,8408402000000,8408409000000,8408535000000,8408536000000,18045000,71000,200000,20000,1295000
1791347701,815499945,532,1747767917,S,N,8408400000000,8408399000000,8408398000000,8408388000000,8408350000000,1017289000,64351000,13000,12000,400000,8408401000000,8408402000000,8408409000000,8408535000000,8408536000000,18045000,71000,200000,20000,1295000
1791347701,918771209,533,1747767917,S,N,8408400000000,8408399000000,8408398000000,8408388000000,8408350000000,1017289000,64351000,13000,12000,400000,8408401000000,8408402000000,8408409000000,8408535000000,8408536000000,18038000,64000,200000,20000,1295000
1791347702,53953344,534,1747767917,S,N,8409085000000,8409077000000,8408847000000,8408821000000,8408814000000,555776000,34846000,32117000,64344000,12000,8409086000000,8409087000000,8409200000000,8409201000000,8409240000000,164414000,55000,61000,2800000,6000
1791347702,129758904,535,1747767917,S,N,8409085000000,8409084000000,8409079000000,8409078000000,8409077000000,686711000,28000,14000,46890000,34852000,8409086000000,8409087000000,8409200000000,8409201000000,8409240000000,164246000,55000,14000,2806000,6000
1791347702,235288793,536,1747767917,S,N,8409085000000,8409084000000,8409079000000,8409078000000,8409077000000,687567000,28000,14000,46890000,34852000,8409086000000,8409087000000,8409200000000,8409201000000,8409240000000,164452000,55000,14000,2806000,6000
1791347702,340853459,537,1747767917,S,N,8409085000000,8409084000000,8409079000000,8409078000000,8409077000000,687581000,42000,14000,46890000,34852000,8409086000000,8409087000000,8409200000000,8409201000000,8409240000000,164452000,55000,14000,2806000,6000
1791347702,451284939,538,1747767917,S,N,8409085000000,8409084000000,8409079000000,8409078000000,8409077000000,579187000,35000,14000,46890000,34852000,8409086000000,8409087000000,8409200000000,8409201000000,8409240000000,178009000,55000,14000,2806000,6000
1791347702,550260686,539,1747767917,S,N,8409085000000,8409084000000,8409079000000,8409078000000,8409077000000,579187000,35000,14000,46890000,34852000,8409086000000,8409087000000,8409200000000,8409201000000,8409240000000,178009000,55000,14000,2806000,6000
1791347702,658422264,540,1747767917,S,N,8409085000000,8409084000000,8409079000000,8409078000000,8409077000000,579187000,35000,14000,46890000,34852000,8409086000000,8409087000000,8409200000000,8409201000000,8409240000000,178009000,55000,14000,2806000,6000
1791347702,763420378,541,1747767917,S,N,8409085000000,8409084000000,8409079000000,8409078000000,8409077000000,579194000,35000,14000,46890000,34852000,8409086000000,8409087000000,8409200000000,8409201000000,8409240000000,178392000,55000,14000,2806000,6000
1791347702,874239044,542,1747767917,S,N,8409085000000,8409084000000,8409079000000,8409078000000,8409077000000,577215000,35000,14000,46890000,34852000,8409086000000,8409087000000,8409200000000,8409201000000,8409240000000,178392000,55000,14000,2806000,6000
1791347702,973953439,543,1747767917,S,N,8409085000000,8409084000000,8409079000000,8409078000000,8409077000000,528181000,35000,14000,46890000,34852000,8409086000000,8409087000000,8409200000000,8409201000000,8409240000000,247499000,55000,14000,2806000,6000
1791347703,80632242,544,1747767917,S,N,8409085000000,8409084000000,8409079000000,8409078000000,8409077000000,463663000,49000,14000,19467000,6000,8409086000000,8409087000000,8409200000000,8409201000000,8409240000000,252266000,55000,14000,2806000,6000
1791347703,283532012,545,1747767917,S,N,8409085000000,8409084000000,8409079000000,8409078000000,8409077000000,463656000,42000,14000,19467000,6000,8409086000000,8409087000000,8409200000000,8409201000000,8409240000000,252266000,55000,14000,2806000,6000
1791347703,344968032,546,1747767917,S,N,8409085000000,8409084000000,8409079000000,8409078000000,8409077000000,463494000,42000,14000,19467000,6000,8409086000000,8409087000000,8409200000000,8409201000000,8409240000000,286002000,55000,14000,2806000,6000
1791347703,446111140,547,1747767917,S,N,8409085000000,8409084000000,8409079000000,8409078000000,8409077000000,463479000,49000,14000,19467000,6000,8409086000000,8409087000000,8409200000000,8409201000000,8409240000000,252024000,55000,14000,2806000,6000
1791347703,524834406,548,1747767917,S,N,8409085000000,8409084000000,8409079000000,8409078000000,8409077000000,463480000,56000,14000,19467000,6000,8409086000000,8409087000000,8409200000000,8409201000000,8409240000000,251990000,55000,14000,2806000,6000
1791347703,605785735,549,1747767917,S,N,8409085000000,8409084000000,8409079000000,8409078000000,8409077000000,463459000,56000,14000,19467000,6000,8409086000000,8409087000000,8409200000000,8409201000000,8409240000000,251803000,55000,14000,2806000,6000
1791347703,709593728,550,1747767917,S,N,8409085000000,8409084000000,8409079000000,8409078000000,8409077000000,463442000,56000,14000,27410000,6000,8409086000000,8409087000000,8409200000000,8409201000000,8409240000000,216433000,55000,14000,2806000,6000
1791347703,820540632,551,1747767917,S,N,8409085000000,8409084000000,8409079000000,8409078000000,8409077000000,463442000,56000,14000,27410000,6000,8409086000000,8409087000000,8409200000000,8409201000000,8409240000000,216433000,55000,14000,2806000,6000
1791347703,921923508,552,1747767917,S,N,8409085000000,8409084000000,8409079000000,8409078000000,8409077000000,463442000,56000,14000,27410000,6000,8409086000000,8409087000000,8409200000000,8409201000000,8409240000000,216433000,55000,14000,2806000,6000
1791347704,212621662,553,1747767917,S,N,8409085000000,8409084000000,8409079000000,8409078000000,8409077000000,463633000,56000,14000,27410000,6000,8409086000000,8409087000000,8409200000000,8409201000000,8409240000000,216433000,55000,14000,2806000,6000
1791347704,215356232,554,1747767917,S,N,8409085000000,8409084000000,8409079000000,8409078000000,8409077000000,463746000,63000,14000,27410000,6000,8409086000000,8409087000000,8409200000000,8409201000000,8409240000000,254847000,55000,14000,2806000,6000
1791347704,287536150,555,1747767917,S,N,8409085000000,8409084000000,8409079000000,8409078000000,8409077000000,463562000,70000,14000,27410000,6000,8409086000000,8409087000000,8409200000000,8409201000000,8409240000000,254821000,55000,14000,2806000,6000
1791347704,368830636,556,1747767917,S,N,8409085000000,8409084000000,8409079000000,8409078000000,8409077000000,463562000,70000,14000,27410000,6000,8409086000000,8409087000000,8409200000000,8409201000000,8409240000000,254821000,55000,14000,2806000,6000
1791347704,462000233,557,1747767917,S,N,8409085000000,8409084000000,8409079000000,8409078000000,8409077000000,463562000,70000,14000,27410000,6000,8409086000000,8409087000000,8409200000000,8409201000000,8409240000000,254821000,55000,14000,2806000,6000
1791347704,552219925,558,1747767917,S,N,8409085000000,8409084000000,8409079000000,8409078000000,8409077000000,463556000,70000,14000,27410000,6000,8409086000000,8409087000000,8409195000000,8409200000000,8409201000000,254834000,62000,14000,14000,2806000
1791347704,657795711,559,1747767917,S,N,8409085000000,8409084000000,8409079000000,8409078000000,8409077000000,463556000,70000,14000,19467000,6000,8409086000000,8409087000000,8409200000000,8409201000000,8409240000000,254596000,62000,14000,2806000,6000
1791347704,784792474,560,1747767917,S,N,8409085000000,8409084000000,8409079000000,8409078000000,8409077000000,463625000,63000,14000,19467000,6000,8409086000000,8409087000000,8409200000000,8409201000000,8409240000000,254589000,55000,14000,2806000,6000
1791347704,868840562,561,1747767917,S,N,8409085000000,8409084000000,8409079000000,8409078000000,8409077000000,463625000,63000,14000,19467000,6000,8409086000000,8409087000000,8409200000000,8409201000000,8409240000000,254589000,55000,14000,2806000,6000
1791347704,973926379,562,1747767917,S,N,8409085000000,8409084000000,8409079000000,8409078000000,8409077000000,463625000,63000,14000,19467000,6000,8409086000000,8409087000000,8409200000000,8409201000000,8409240000000,254545000,55000,14000,2806000,6000
1791347705,77396037,563,1747767917,S,N,8409085000000,8409084000000,8409079000000,8409078000000,8409077000000,463625000,63000,14000,19467000,6000,8409086000000,8409087000000,8409200000000,8409201000000,8409240000000,254545000,55000,14000,2806000,6000
1791347705,183711822,564,1747767917,S,N,8409085000000,8409084000000,8409079000000,8409078000000,8409077000000,463095000,63000,14000,19467000,6000,8409086000000,8409087000000,8409200000000,8409201000000,8409240000000,288499000,55000,14000,2806000,6000
1791347705,287896245,565,1747767917,S,N,8409085000000,8409084000000,8409079000000,8409078000000,8409077000000,463405000,63000,14000,19467000,6000,8409086000000,8409087000000,8409200000000,8409201000000,8409240000000,288512000,55000,14000,2806000,6000
1791347705,392532469,566,1747767917,S,N,8409085000000,8409084000000,8409079000000,8409078000000,8409077000000,463412000,63000,14000,19467000,6000,8409086000000,8409087000000,8409200000000,8409201000000,8409240000000,288512000,55000,14000,2806000,6000
1791347705,497559512,567,1747767917,S,N,8409085000000,8409084000000,8409079000000,8409078000000,8409077000000,463412000,63000,14000,19467000,6000,8409086000000,8409087000000,8409200000000,8409201000000,8409240000000,288512000,55000,14000,2806000,6000
1791347705,602809563,568,1747767917,S,N,8409085000000,8409084000000,8409079000000,8409078000000,8409077000000,462909000,63000,14000,19467000,6000,8409086000000,8409087000000,8409200000000,8409201000000,8409240000000,290818000,55000,14000,2806000,6000
1791347705,708209129,569,1747767917,S,N,8409085000000,8409084000000,8409079000000,8409078000000,8409077000000,466494000,63000,14000,19467000,6000,8409086000000,8409087000000,8409200000000,8409201000000,8409240000000,288233000,55000,14000,2806000,6000
1791347705,812921687,570,1747767917,S,N,8409085000000,8409084000000,8409079000000,8409078000000,8409077000000,465873000,63000,14000,19467000,6000,8409086000000,8409087000000,8409200000000,8409201000000,8409240000000,287875000,55000,14000,2806000,6000
1791347705,918439328,571,1747767917,S,N,8409085000000,8409084000000,8409079000000,8409078000000,8409077000000,465873000,63000,14000,19467000,6000,8409086000000,8409087000000,8409200000000,8409201000000,8409240000000,287875000,55000,14000,2806000,6000
1791347706,23146104,572,1747767917,S,N,8409085000000,8409084000000,8409079000000,8409078000000,8409077000000,465873000,63000,14000,19467000,6000,8409086000000,8409087000000,8409200000000,8409201000000,8409240000000,287875000,55000,14000,2806000,6000
1791347706,128761213,573,1747767917,S,N,8409085000000,8409084000000,8409079000000,8409078000000,8409077000000,465641000,63000,14000,19467000,6000,8409086000000,8409087000000,8409200000000,8409201000000,8409240000000,287802000,55000,14000,2806000,6000
1791347706,233871529,574,1747767917,S,N,8409085000000,8409084000000,8409079000000,8409078000000,8409077000000,465106000,63000,14000,19467000,6000,8409086000000,8409087000000,8409200000000,8409201000000,8409240000000,287802000,55000,14000,2806000,6000
1791347706,342495528,575,1747767917,S,N,8409085000000,8409084000000,8409079000000,8409078000000,8409077000000,465062000,63000,14000,19467000,6000,8409086000000,8409087000000,8409200000000,8409201000000,8409240000000,287785000,55000,14000,2806000,6000
1791347706,445033089,576,1747767917,S,N,8409085000000,8409084000000,8409081000000,8409079000000,8409078000000,465013000,63000,1080000,14000,19473000,8409086000000,8409087000000,8409200000000,8409201000000,8409240000000,287785000,55000,14000,2806000,6000
1791347706,549372494,577,1747767917,S,N,8409085000000,8409084000000,8409081000000,8409079000000,8409078000000,465699000,63000,1080000,20000,19473000,8409086000000,8409087000000,8409200000000,8409201000000,8409240000000,287785000,55000,14000,2806000,6000
1791347706,661667681,578,1747767917,S,N,8409085000000,8409084000000,8409081000000,8409079000000,8409078000000,465650000,56000,1080000,14000,19473000,8409086000000,8409087000000,8409200000000,8409201000000,8409240000000,287725000,55000,14000,2806000,6000
1791347706,759036601,579,1747767917,S,N,8409085000000,8409084000000,8409081000000,8409079000000,8409078000000,465650000,56000,1080000,14000,19473000,8409086000000,8409087000000,8409200000000,8409201000000,8409240000000,287712000,55000,14000,2806000,6000
1791347706,864490421,580,1747767917,S,N,8409085000000,8409084000000,8409081000000,8409079000000,8409078000000,465644000,56000,1080000,14000,19473000,8409086000000,8409087000000,8409200000000,8409201000000,8409240000000,287550000,55000,14000,2806000,6000
1791347706,968837921,581,1747767917,S,N,8409085000000,8409084000000,8409081000000,8409079000000,8409078000000,465644000,56000,1080000,14000,19473000,8409086000000,8409087000000,8409200000000,8409201000000,8409240000000,287550000,55000,14000,2806000,6000
1791347707,78357217,582,1747767917,S,N,8409085000000,8409084000000,8409081000000,8409079000000,8409078000000,465644000,56000,1080000,14000,19473000,8409086000000,8409087000000,8409200000000,8409201000000,8409240000000,287550000,55000,14000,2806000,6000
1791347707,179190928,583,1747767917,S,N,8409085000000,8409084000000,8409081000000,8409079000000,8409078000000,465644000,56000,1080000,14000,19473000,8409086000000,8409087000000,8409200000000,8409201000000,8409240000000,287550000,55000,14000,2806000,6000
1791347707,285415239,584,1747767917,S,N,8409085000000,8409084000000,8409081000000,8409079000000,8409078000000,465644000,56000,1080000,14000,19473000,8409086000000,8409087000000,8409200000000,8409201000000,8409240000000,287550000,55000,14000,2806000,6000
1791347707,389718684,585,1747767917,S,N,8409085000000,8409084000000,8409081000000,8409079000000,8409078000000,465148000,56000,1080000,14000,19473000,8409086000000,8409087000000,8409200000000,8409201000000,8409240000000,287550000,55000,14000,2806000,6000
1791347707,495567738,586,1747767917,S,N,8409085000000,8409084000000,8409081000000,8409079000000,8409078000000,465148000,56000,1080000,14000,19473000,8409086000000,8409087000000,8409200000000,8409201000000,8409240000000,287550000,55000,14000,2806000,6000
1791347707,599719040,587,1747767917,S,N,8409085000000,8409084000000,8409081000000,8409079000000,8409078000000,465148000,56000,1080000,14000,19473000,8409086000000,8409087000000,8409200000000,8409201000000,8409240000000,287524000,55000,14000,2806000,6000
1791347707,707864006,588,1747767917,S,N,8409085000000,8409084000000,8409081000000,8409079000000,8409078000000,465148000,56000,1080000,14000,19473000,8409086000000,8409087000000,8409200000000,8409201000000,8409240000000,287524000,55000,14000,2806000,6000
1791347707,809442554,589,1747767917,S,N,8409085000000,8409084000000,8409081000000,8409079000000,8409078000000,465110000,56000,1080000,14000,19473000,8409086000000,8409087000000,8409200000000,8409201000000,8409240000000,292104000,55000,14000,2806000,6000
1791347707,921198461,590,1747767917,S,N,8409085000000,8409084000000,8409081000000,8409079000000,8409078000000,465395000,56000,1080000,14000,19473000,8409086000000,8409087000000,8409200000000,8409201000000,8409240000000,287493000,55000,14000,2806000,6000
1791347708,21279661,591,1747767917,S,N,8409085000000,8409084000000,8409081000000,8409079000000,8409078000000,465395000,56000,1080000,14000,19473000,8409086000000,8409087000000,8409200000000,8409201000000,8409240000000,287493000,55000,14000,2806000,6000
1791347708,126223009,592,1747767917,S,N,8409085000000,8409084000000,8409081000000,8409079000000,8409078000000,464917000,42000,1080000,14000,19473000,8409086000000,8409087000000,8409200000000,8409201000000,8409240000000,292796000,55000,14000,2806000,6000
1791347708,232191400,593,1747767917,S,N,8409085000000,8409084000000,8409081000000,8409079000000,8409078000000,464730000,42000,1080000,14000,19473000,8409086000000,8409087000000,8409200000000,8409201000000,8409240000000,292810000,55000,14000,2806000,6000
1791347708,335858623,594,1747767917,S,N,8409085000000,8409084000000,8409081000000,8409079000000,8409078000000,464730000,42000,1080000,14000,19473000,8409086000000,8409087000000,8409200000000,8409201000000,8409240000000,292810000,55000,14000,2806000,6000
1791347708,443479974,595,1747767917,S,N,8409085000000,8409084000000,8409081000000,8409079000000,8409078000000,464918000,42000,1080000,14000,19473000,8409086000000,8409087000000,8409200000000,8409201000000,8409240000000,292810000,55000,14000,2806000,6000
1791347708,548290631,596,1747767917,S,N,8409085000000,8409084000000,8409081000000,8409079000000,8409078000000,464919000,42000,1080000,14000,19473000,8409086000000,8409087000000,8409200000000,8409201000000,8409240000000,292810000,55000,14000,2806000,6000
1791347708,651513307,597,1747767917,S,N,8409085000000,8409084000000,8409081000000,8409079000000,8409078000000,464919000,42000,1080000,14000,19473000,8409086000000,8409087000000,8409200000000,8409201000000,8409240000000,292810000,55000,14000,2806000,6000
1791347708,765448732,598,1747767917,S,N,8409085000000,8409084000000,8409081000000,8409079000000,8409078000000,464730000,42000,1080000,14000,19473000,8409086000000,8409087000000,8409200000000,8409201000000,8409240000000,292810000,55000,14000,2806000,6000
1791347708,866990795,599,1747767917,S,N,8409085000000,8409084000000,8409081000000,8409079000000,8409078000000,464730000,42000,1080000,14000,19473000,8409086000000,8409087000000,8409200000000,8409201000000,8409240000000,292810000,55000,14000,2806000,6000
1791347708,965862846,600,1747767917,S,N,8409085000000,8409084000000,8409081000000,8409079000000,8409078000000,462135000,42000,1080000,14000,19473000,8409086000000,8409087000000,8409200000000,8409201000000,8409240000000,297416000,55000,14000,2806000,6000
1791347709,72300913,601,1747767917,S,N,8409085000000,8409084000000,8409081000000,8409079000000,8409078000000,462135000,42000,1080000,20000,19473000,8409086000000,8409087000000,8409200000000,8409201000000,8409240000000,297416000,55000,14000,2806000,6000
1791347709,179707036,602,1747767917,S,N,8409085000000,8409084000000,8409081000000,8409079000000,8409078000000,462091000,42000,1080000,20000,19473000,8409086000000,8409087000000,8409200000000,8409201000000,8409240000000,291532000,55000,14000,2806000,6000
1791347709,287895426,603,1747767917,S,N,8409085000000,8409084000000,8409081000000,8409079000000,8409078000000,461812000,42000,1080000,14000,19473000,8409086000000,8409087000000,8409200000000,8409201000000,8409240000000,291532000,55000,14000,2806000,6000
1791347709,388234333,604,1747767917,S,N,8409085000000,8409084000000,8409081000000,8409079000000,8409078000000,461812000,42000,1080000,14000,19473000,8409086000000,8409087000000,8409200000000,8409201000000,8409240000000,291545000,55000,14000,2806000,6000
1791347709,493583219,605,1747767917,S,N,8409085000000,8409084000000,8409081000000,8409079000000,8409078000000,461316000,42000,1080000,14000,19473000,8409086000000,8409087000000,8409200000000,8409201000000,8409240000000,291545000,55000,14000,2806000,6000
1791347709,598089906,606,1747767917,S,N,8409085000000,8409084000000,8409081000000,8409079000000,8409078000000,461316000,42000,1080000,20000,19473000,8409086000000,8409087000000,8409200000000,8409201000000,8409240000000,291508000,55000,14000,2806000,6000
1791347709,706367668,607,1747767917,S,N,8409085000000,8409084000000,8409081000000,8409079000000,8409078000000,461316000,42000,1080000,20000,19473000,8409086000000,8409087000000,8409200000000,8409201000000,8409240000000,291508000,55000,14000,2806000,6000
1791347709,808284147,608,1747767917,S,N,8409085000000,8409084000000,8409081000000,8409079000000,8409078000000,461316000,42000,1080000,20000,19473000,8409086000000,8409087000000,8409200000000,8409201000000,8409240000000,291508000,55000,14000,2806000,6000
1791347709,914171052,609,1747767917,S,N,8409085000000,8409084000000,8409081000000,8409079000000,8409078000000,461316000,42000,1080000,20000,19473000,8409086000000,8409087000000,8409200000000,8409201000000,8409240000000,291508000,55000,14000,2806000,6000
1791347710,19726966,610,1747767917,S,N,8409085000000,8409084000000,8409081000000,8409079000000,8409078000000,461316000,42000,1080000,20000,19473000,8409086000000,8409087000000,8409200000000,8409201000000,8409240000000,291508000,55000,14000,2806000,6000
1791347710,124518067,611,1747767917,S,N,8409085000000,8409084000000,8409081000000,8409079000000,8409078000000,461316000,42000,1080000,20000,19473000,8409086000000,8409087000000,8409200000000,8409201000000,8409240000000,291515000,55000,14000,2806000,6000
1791347710,232111660,612,1747767917,S,N,8409085000000,8409084000000,8409081000000,8409079000000,8409078000000,448381000,42000,1080000,20000,19473000,8409086000000,8409087000000,8409200000000,8409201000000,8409240000000,291508000,55000,14000,2806000,6000
1791347710,335153069,613,1747767917,S,N,8409085000000,8409084000000,8409081000000,8409079000000,8409078000000,448072000,42000,1080000,20000,19473000,8409086000000,8409087000000,8409200000000,8409201000000,8409240000000,291508000,55000,14000,2806000,6000
1791347710,439047190,614,1747767917,S,N,8409085000000,8409084000000,8409081000000,8409079000000,8409078000000,448037000,42000,1080000,20000,19473000,8409086000000,8409087000000,8409200000000,8409201000000,8409240000000,291508000,55000,14000,2806000,6000
1791347710,545160995,615,1747767917,S,N,8409085000000,8409084000000,8409081000000,8409079000000,8409078000000,448037000,42000,1080000,20000,19473000,8409086000000,8409087000000,8409200000000,8409201000000,8409240000000,291409000,55000,14000,2806000,6000
1791347710,649664633,616,1747767917,S,N,8409085000000,8409084000000,8409081000000,8409079000000,8409078000000,448037000,42000,1080000,20000,19473000,8409086000000,8409087000000,8409200000000,8409201000000,8409240000000,291409000,55000,14000,2806000,6000
1791347710,754707973,617,1747767917,S,N,8409085000000,8409084000000,8409081000000,8409079000000,8409078000000,448037000,42000,1080000,20000,28520000,8409086000000,8409087000000,8409200000000,8409201000000,8409240000000,291365000,55000,14000,2806000,6000
1791347710,863873251,618,1747767917,S,N,8409085000000,8409084000000,8409081000000,8409079000000,8409078000000,447888000,42000,1080000,20000,28520000,8409086000000,8409087000000,8409200000000,8409201000000,8409240000000,290958000,55000,14000,2806000,6000
1791347710,966121667,619,1747767917,S,N,8409085000000,8409084000000,8409081000000,8409079000000,8409078000000,447888000,42000,1080000,20000,28520000,8409086000000,8409087000000,8409200000000,8409201000000,8409240000000,290726000,55000,14000,2806000,6000
1791347711,76546143,620,1747767917,S,N,8409085000000,8409084000000,8409081000000,8409079000000,8409078000000,447888000,42000,1080000,516000,28520000,8409086000000,8409087000000,8409200000000,8409201000000,8409240000000,290447000,55000,14000,2806000,6000
1791347711,175353215,621,1747767917,S,N,8409085000000,8409084000000,8409081000000,8409079000000,8409078000000,447902000,49000,1080000,20000,28520000,8409086000000,8409087000000,8409200000000,8409201000000,8409240000000,290447000,55000,14000,2806000,6000
1791347711,281294479,622,1747767917,S,N,8409085000000,8409084000000,8409081000000,8409079000000,8409078000000,447895000,42000,1080000,20000,28520000,8409086000000,8409087000000,8409200000000,8409201000000,8409240000000,290441000,55000,14000,2806000,6000
1791347711,387801836,623,1747767917,S,N,8409085000000,8409084000000,8409081000000,8409079000000,8409078000000,447895000,42000,1080000,20000,28520000,8409086000000,8409087000000,8409200000000,8409201000000,8409240000000,290441000,55000,14000,2806000,6000
1791347711,491774395,624,1747767917,S,N,8409085000000,8409084000000,8409081000000,8409079000000,8409078000000,447902000,42000,1080000,20000,28520000,8409086000000,8409087000000,8409200000000,8409201000000,8409240000000,290441000,55000,14000,2806000,6000
1791347711,595820974,625,1747767917,S,N,8409085000000,8409084000000,8409081000000,8409079000000,8409078000000,447902000,42000,1080000,20000,28520000,8409086000000,8409087000000,8409200000000,8409201000000,8409240000000,290441000,55000,14000,2806000,6000
1791347711,702427481,626,1747767917,S,N,8409085000000,8409084000000,8409081000000,8409079000000,8409078000000,447876000,42000,1080000,20000,28520000,8409086000000,8409087000000,8409200000000,8409201000000,8409240000000,290441000,55000,14000,2806000,6000
1791347711,805758180,627,1747767917,S,N,8409085000000,8409084000000,8409081000000,8409079000000,8409078000000,447812000,42000,1080000,20000,28520000,8409086000000,8409087000000,8409200000000,8409201000000,8409240000000,290441000,55000,14000,2806000,6000
1791347711,913602482,628,1747767917,S,N,8409085000000,8409084000000,8409081000000,8409079000000,8409078000000,447745000,42000,1080000,20000,28520000,8409086000000,8409087000000,8409200000000,8409201000000,8409240000000,290441000,55000,14000,2806000,6000
1791347712,17685373,629,1747767917,S,N,8409085000000,8409084000000,8409081000000,8409079000000,8409078000000,447745000,42000,1080000,20000,28520000,8409086000000,8409087000000,8409200000000,8409201000000,8409240000000,290432000,55000,14000,2806000,6000
1791347712,124402082,630,1747767917,S,N,8409085000000,8409084000000,8409081000000,8409079000000,8409078000000,447707000,42000,1080000,20000,28520000,8409086000000,8409087000000,8409200000000,8409201000000,8409240000000,290432000,55000,14000,2806000,6000
1791347712,227455975,631,1747767917,S,N,8409085000000,8409084000000,8409081000000,8409079000000,8409078000000,447663000,42000,1080000,20000,28520000,8409086000000,8409087000000,8409200000000,8409201000000,8409240000000,290432000,55000,14000,2806000,6000
1791347712,334496397,632,1747767917,S,N,8409085000000,8409084000000,8409081000000,8409079000000,8409078000000,447269000,42000,1080000,20000,28520000,8409086000000,8409087000000,8409200000000,8409201000000,8409240000000,290320000,55000,14000,2806000,6000
1791347712,441305190,633,1747767917,S,N,8409085000000,8409084000000,8409081000000,8409079000000,8409078000000,447276000,42000,1080000,20000,28520000,8409086000000,8409087000000,8409200000000,8409201000000,8409240000000,290278000,55000,14000,2806000,6000
1791347712,548854652,634,1747767917,S,N,8409085000000,8409084000000,8409081000000,8409079000000,8409078000000,447456000,42000,1080000,20000,28520000,8409086000000,8409087000000,8409200000000,8409201000000,8409240000000,290278000,55000,14000,2806000,6000
1791347712,649002045,635,1747767917,S,N,8409085000000,8409084000000,8409081000000,8409079000000,8409078000000,447463000,42000,1080000,20000,28520000,8409086000000,8409087000000,8409200000000,8409201000000,8409240000000,290278000,55000,14000,2806000,6000
1791347712,752544397,636,1747767917,S,N,8409085000000,8409084000000,8409081000000,8409079000000,8409078000000,447259000,42000,1080000,20000,28520000,8409086000000,8409087000000,8409200000000,8409201000000,8409240000000,290088000,55000,14000,2806000,6000
1791347712,855920745,637,1747767917,S,N,8409085000000,8409084000000,8409081000000,8409079000000,8409078000000,447259000,42000,1080000,20000,28520000,8409086000000,8409087000000,8409200000000,8409201000000,8409240000000,290088000,55000,14000,2806000,6000
1791347712,964511385,638,1747767917,S,N,8409085000000,8409084000000,8409081000000,8409079000000,8409078000000,447487000,42000,1080000,20000,28520000,8409086000000,8409087000000,8409200000000,8409201000000,8409240000000,289901000,55000,14000,2806000,6000
1791347713,64856702,639,1747767917,S,N,8409085000000,8409084000000,8409081000000,8409079000000,8409078000000,447487000,42000,1080000,20000,28520000,8409086000000,8409087000000,8409200000000,8409201000000,8409240000000,289901000,55000,14000,2806000,6000
1791347713,172543084,640,1747767917,S,N,8409085000000,8409084000000,8409081000000,8409079000000,8409078000000,447397000,42000,1080000,20000,28520000,8409086000000,8409087000000,8409200000000,8409201000000,8409240000000,289901000,55000,14000,2806000,6000
1791347713,276348041,641,1747767917,S,N,8409085000000,8409084000000,8409081000000,8409079000000,8409078000000,447397000,42000,1080000,20000,28520000,8409086000000,8409087000000,8409200000000,8409201000000,8409240000000,289901000,55000,14000,2806000,6000
1791347713,380255268,642,1747767917,S,N,8409085000000,8409084000000,8409081000000,8409079000000,8409078000000,447396000,42000,1080000,20000,28520000,8409086000000,8409087000000,8409200000000,8409201000000,8409240000000,289901000,55000,14000,2806000,6000
1791347713,488172545,643,1747767917,S,N,8409085000000,8409084000000,8409081000000,8409079000000,8409078000000,447396000,42000,1080000,20000,28520000,8409086000000,8409087000000,8409200000000,8409201000000,8409240000000,289901000,55000,14000,2806000,6000
1791347713,593432275,644,1747767917,S,N,8409085000000,8409084000000,8409081000000,8409079000000,8409078000000,447396000,42000,1080000,20000,28520000,8409086000000,8409087000000,8409200000000,8409201000000,8409240000000,289908000,55000,14000,2806000,6000
1791347713,697647466,645,1747767917,S,N,8409085000000,8409084000000,8409081000000,8409079000000,8409078000000,447124000,42000,1080000,20000,28520000,8409086000000,8409087000000,8409200000000,8409201000000,8409240000000,289632000,55000,14000,2806000,6000
1791347713,800884374,646,1747767917,S,N,8409085000000,8409084000000,8409081000000,8409079000000,8409078000000,447124000,42000,1080000,20000,28520000,8409086000000,8409087000000,8409200000000,8409201000000,8409240000000,289625000,55000,14000,2806000,6000
1791347713,907802052,647,1747767917,S,N,8409085000000,8409084000000,8409081000000,8409079000000,8409078000000,447124000,42000,1080000,20000,28520000,8409086000000,8409087000000,8409200000000,8409201000000,8409240000000,289625000,55000,14000,2806000,6000
1791347714,11627169,648,1747767917,S,N,8409085000000,8409084000000,8409081000000,8409079000000,8409078000000,447001000,42000,1080000,20000,28520000,8409086000000,8409087000000,8409200000000,8409201000000,8409240000000,289625000,55000,14000,2806000,6000
1791347714,116508165,649,1747767917,S,N,8409085000000,8409084000000,8409081000000,8409079000000,8409078000000,447001000,42000,1080000,20000,28520000,8409086000000,8409087000000,8409200000000,8409201000000,8409240000000,289625000,55000,14000,2806000,6000
1791347714,221431265,650,1747767917,S,N,8409085000000,8409084000000,8409081000000,8409079000000,8409078000000,447001000,42000,1080000,20000,28520000,8409086000000,8409087000000,8409200000000,8409201000000,8409240000000,289614000,55000,14000,2806000,6000
1791347714,326507456,651,1747767917,S,N,8409085000000,8409084000000,8409081000000,8409079000000,8409078000000,447188000,42000,1080000,20000,28520000,8409086000000,8409087000000,8409200000000,8409201000000,8409240000000,288270000,55000,14000,2806000,6000
1791347714,431575141,652,1747767917,S,N,8409085000000,8409084000000,8409081000000,8409079000000,8409078000000,447001000,42000,1080000,20000,28520000,8409086000000,8409087000000,8409200000000,8409201000000,8409240000000,288270000,55000,14000,2806000,6000
1791347714,536665822,653,1747767917,S,N,8409085000000,8409084000000,8409081000000,8409079000000,8409078000000,444694000,42000,1080000,20000,28520000,8409086000000,8409087000000,8409200000000,8409201000000,8409240000000,288270000,55000,14000,2806000,6000
1791347714,641109178,654,1747767917,S,N,8409085000000,8409084000000,8409081000000,8409079000000,8409078000000,444694000,42000,1080000,20000,28520000,8409086000000,8409087000000,8409200000000,8409201000000,8409240000000,288270000,55000,14000,2806000,6000
1791347714,746159853,655,1747767917,S,N,8409085000000,8409084000000,8409081000000,8409079000000,8409078000000,444684000,42000,1080000,20000,28520000,8409086000000,8409087000000,8409200000000,8409201000000,8409240000000,288270000,55000,14000,2806000,6000
1791347714,852339697,656,1747767917,S,N,8409085000000,8409084000000,8409081000000,8409079000000,8409078000000,444684000,42000,1080000,20000,28520000,8409086000000,8409087000000,8409200000000,8409201000000,8409240000000,288270000,55000,14000,2806000,6000
1791347714,956367044,657,1747767917,S,N,8409085000000,8409084000000,8409081000000,8409079000000,8409078000000,444677000,42000,1080000,20000,28520000,8409086000000,8409087000000,8409200000000,8409201000000,8409240000000,290437000,55000,14000,2806000,6000
1791347715,61178215,658,1747767917,S,N,8409085000000,8409084000000,8409081000000,8409079000000,8409078000000,444083000,42000,1080000,20000,28520000,8409086000000,8409087000000,8409200000000,8409201000000,8409240000000,287997000,55000,14000,2806000,6000
1791347715,168391992,659,1747767917,S,N,8409085000000,8409084000000,8409081000000,8409079000000,8409078000000,444039000,42000,1080000,20000,28520000,8409086000000,8409087000000,8409200000000,8409201000000,8409240000000,287997000,55000,14000,2806000,6000
1791347715,271283555,660,1747767917,S,N,8409085000000,8409084000000,8409081000000,8409079000000,8409078000000,444039000,42000,1080000,20000,28520000,8409086000000,8409087000000,8409200000000,8409201000000,8409240000000,287970000,55000,14000,2806000,6000
1791347715,375991091,661,1747767917,S,N,8409085000000,8409084000000,8409081000000,8409079000000,8409078000000,444039000,42000,1080000,20000,28520000,8409086000000,8409087000000,8409200000000,8409201000000,8409240000000,287902000,55000,14000,2806000,6000
1791347715,486991164,662,1747767917,S,N,8409085000000,8409084000000,8409081000000,8409079000000,8409078000000,444039000,42000,1080000,20000,28520000,8409086000000,8409087000000,8409200000000,8409201000000,8409240000000,285725000,55000,14000,2806000,6000
1791347715,586367857,663,1747767917,S,N,8409085000000,8409084000000,8409081000000,8409079000000,8409078000000,444039000,42000,1080000,20000,28520000,8409086000000,8409087000000,8409200000000,8409201000000,8409240000000,285725000,55000,14000,2806000,6000
1791347715,699486406,664,1747767917,S,N,8409085000000,8409084000000,8409081000000,8409079000000,8409078000000,444039000,42000,1080000,20000,28520000,8409086000000,8409087000000,8409200000000,8409201000000,8409240000000,285725000,55000,14000,2806000,6000
1791347714,288915078,665,1747767917,S,N,8409085000000,8409084000000,8409081000000,8409079000000,8409078000000,444039000,42000,1080000,20000,28520000,8409086000000,8409087000000,8409200000000,8409201000000,8409240000000,285725000,55000,14000,2806000,6000
1791347714,386941158,666,1747767917,S,N,8409085000000,8409084000000,8409081000000,8409079000000,8409078000000,444049000,42000,1080000,20000,28520000,8409086000000,8409087000000,8409200000000,8409201000000,8409240000000,285725000,55000,14000,2806000,6000
1791347714,518890486,667,1747767917,S,N,8409085000000,8409084000000,8409081000000,8409079000000,8409078000000,444049000,42000,1080000,20000,28520000,8409086000000,8409087000000,8409200000000,8409201000000,8409240000000,285725000,55000,14000,2806000,6000
1791347714,597488233,668,1747767917,S,N,8409085000000,8409084000000,8409081000000,8409079000000,8409078000000,444049000,42000,1080000,20000,28520000,8409086000000,8409087000000,8409200000000,8409201000000,8409240000000,285706000,55000,14000,2806000,6000
1791347714,702081634,669,1747767917,S,N,8409085000000,8409084000000,8409081000000,8409079000000,8409078000000,444049000,42000,1080000,20000,28520000,8409086000000,8409087000000,8409200000000,8409201000000,8409240000000,285706000,55000,14000,2806000,6000
1791347714,806522785,670,1747767917,S,N,8409085000000,8409084000000,8409081000000,8409079000000,8409078000000,444049000,42000,1080000,20000,28520000,8409086000000,8409087000000,8409200000000,8409201000000,8409240000000,285719000,55000,14000,2806000,6000
1791347714,910908917,671,1747767917,S,N,8409085000000,8409084000000,8409081000000,8409079000000,8409078000000,444014000,42000,1080000,20000,28520000,8409086000000,8409087000000,8409200000000,8409201000000,8409240000000,250204000,55000,14000,2806000,6000
1791347715,16474721,672,1747767917,S,N,8409085000000,8409084000000,8409081000000,8409079000000,8409078000000,443924000,42000,1080000,20000,28520000,8409086000000,8409087000000,8409200000000,8409201000000,8409240000000,250217000,55000,14000,2806000,6000
1791347715,125096127,673,1747767917,S,N,8409085000000,8409084000000,8409081000000,8409079000000,8409078000000,444420000,42000,1080000,20000,28520000,8409086000000,8409087000000,8409200000000,8409201000000,8409240000000,249986000,55000,14000,2806000,6000
1791347715,226284068,674,1747767917,S,N,8409085000000,8409084000000,8409081000000,8409079000000,8409078000000,443805000,42000,1080000,20000,28520000,8409086000000,8409087000000,8409200000000,8409201000000,8409240000000,285343000,55000,14000,2806000,6000
1791347715,331186903,675,1747767917,S,N,8409085000000,8409084000000,8409081000000,8409079000000,8409078000000,461787000,42000,1080000,20000,28520000,8409086000000,8409087000000,8409200000000,8409201000000,8409240000000,249827000,55000,14000,2806000,6000
1791347715,436688658,676,1747767917,S,N,8409085000000,8409084000000,8409081000000,8409079000000,8409078000000,461978000,42000,1080000,20000,28520000,8409086000000,8409087000000,8409200000000,8409201000000,8409240000000,249827000,55000,14000,2806000,6000
1791347715,545319094,677,1747767917,S,N,8409085000000,8409084000000,8409081000000,8409079000000,8409078000000,461978000,42000,1080000,20000,28520000,8409086000000,8409087000000,8409200000000,8409201000000,8409240000000,249583000,55000,14000,2806000,6000
1791347715,645834615,678,1747767917,S,N,8409085000000,8409084000000,8409081000000,8409079000000,8409078000000,461977000,42000,1080000,20000,28520000,8409086000000,8409087000000,8409200000000,8409201000000,8409240000000,254207000,55000,14000,2806000,6000
1791347715,751361045,679,1747767917,S,N,8409085000000,8409084000000,8409081000000,8409079000000,8409078000000,461977000,42000,1080000,20000,28520000,8409086000000,8409087000000,8409200000000,8409201000000,8409240000000,249583000,55000,14000,2806000,6000
1791347715,860181635,680,1747767917,S,N,8409085000000,8409084000000,8409081000000,8409079000000,8409078000000,461977000,42000,1080000,20000,28520000,8409086000000,8409087000000,8409200000000,8409201000000,8409240000000,249583000,55000,14000,2806000,6000
1791347715,963894927,681,1747767917,S,N,8409085000000,8409084000000,8409081000000,8409079000000,8409078000000,461977000,42000,1080000,20000,28520000,8409086000000,8409087000000,8409200000000,8409201000000,8409240000000,249583000,55000,14000,2806000,6000
1791347716,67494400,682,1747767917,S,N,8409085000000,8409084000000,8409081000000,8409079000000,8409078000000,461977000,42000,1080000,20000,28520000,8409086000000,8409087000000,8409200000000,8409201000000,8409240000000,249583000,55000,14000,2806000,6000
1791347716,173788694,683,1747767917,S,N,8409085000000,8409084000000,8409081000000,8409079000000,8409078000000,461977000,42000,1080000,20000,28520000,8409086000000,8409087000000,8409200000000,8409201000000,8409240000000,249583000,55000,14000,2806000,6000
1791347716,283570453,684,1747767917,S,N,8409085000000,8409084000000,8409081000000,8409079000000,8409078000000,461977000,42000,1080000,20000,28520000,8409086000000,8409087000000,8409200000000,8409201000000,8409240000000,249583000,55000,14000,2806000,6000
1791347716,384316029,685,1747767917,S,N,8409085000000,8409084000000,8409081000000,8409079000000,8409078000000,461790000,42000,1080000,20000,28520000,8409086000000,8409087000000,8409200000000,8409201000000,8409240000000,249583000,55000,14000,2806000,6000
1791347716,487049882,686,1747767917,S,N,8409085000000,8409084000000,8409081000000,8409079000000,8409078000000,461104000,42000,1080000,20000,28520000,8409086000000,8409087000000,8409200000000,8409201000000,8409240000000,284661000,55000,14000,2806000,12000
1791347716,592626397,687,1747767917,S,N,8409085000000,8409084000000,8409081000000,8409079000000,8409078000000,461060000,42000,1080000,20000,28520000,8409086000000,8409087000000,8409200000000,8409201000000,8409240000000,284661000,55000,14000,2806000,12000
1791347716,701834227,688,1747767917,S,N,8409085000000,8409084000000,8409081000000,8409079000000,8409078000000,461060000,42000,1080000,20000,28520000,8409086000000,8409087000000,8409200000000,8409201000000,8409240000000,286930000,55000,14000,2806000,12000
1791347716,802648263,689,1747767917,S,N,8409085000000,8409084000000,8409078000000,8409009000000,8409001000000,74650000,42000,6000,8000,14000,8409086000000,8409087000000,8409090000000,8409095000000,8409101000000,570901000,55000,5006000,5012000,26226000
1791347716,907524114,690,1747767917,S,N,8409085000000,8409084000000,8409078000000,8409009000000,8409001000000,52530000,42000,6000,8000,14000,8409086000000,8409087000000,8409090000000,8409095000000,8409101000000,570901000,55000,5006000,5012000,26226000
1791347717,12187760,691,1747767917,S,N,8409085000000,8409084000000,8409078000000,8409009000000,8409001000000,52461000,42000,6000,8000,14000,8409086000000,8409087000000,8409090000000,8409095000000,8409101000000,572288000,55000,5006000,5012000,26463000
1791347717,117268360,692,1747767917,S,N,8409085000000,8409084000000,8409078000000,8409009000000,8409001000000,52461000,42000,6000,8000,14000,8409086000000,8409087000000,8409090000000,8409095000000,8409101000000,572538000,55000,5006000,5012000,26226000
1791347717,222041626,693,1747767917,S,N,8409085000000,8409084000000,8409078000000,8409009000000,8409001000000,107005000,42000,6000,8000,14000,8409086000000,8409087000000,8409090000000,8409095000000,8409101000000,572308000,55000,5006000,5012000,26226000
1791347717,328668244,694,1747767917,S,N,8409085000000,8409084000000,8409078000000,8409009000000,8409001000000,107011000,42000,6000,8000,14000,8409086000000,8409087000000,8409090000000,8409095000000,8409101000000,572235000,62000,5006000,5012000,26226000
1791347717,433325275,695,1747767917,S,N,8409085000000,8409084000000,8409078000000,8409009000000,8409001000000,142374000,42000,6000,8000,14000,8409086000000,8409087000000,8409090000000,8409095000000,8409101000000,572235000,62000,5006000,5012000,26226000
1791347717,537528707,696,1747767917,S,N,8409085000000,8409084000000,8409078000000,8409009000000,8409001000000,142374000,42000,6000,8000,14000,8409086000000,8409087000000,8409090000000,8409095000000,8409101000000,572235000,62000,5006000,5012000,26226000
1791347717,642892702,697,1747767917,S,N,8409085000000,8409084000000,8409078000000,8409009000000,8409001000000,142531000,42000,6000,8000,14000,8409086000000,8409087000000,8409089000000,8409090000000,8409094000000,468757000,62000,14000,5006000,14000
1791347717,747130888,698,1747767917,S,N,8409085000000,8409084000000,8409078000000,8409009000000,8409001000000,176594000,35000,6000,8000,14000,8409086000000,8409087000000,8409089000000,8409090000000,8409094000000,468415000,55000,14000,5006000,14000
1791347717,852486378,699,1747767917,S,N,8409085000000,8409084000000,8409078000000,8409009000000,8409001000000,181537000,35000,6000,8000,14000,8409086000000,8409087000000,8409089000000,8409090000000,8409094000000,468415000,55000,14000,5006000,14000
1791347717,958586317,700,1747767917,S,N,8409085000000,8409084000000,8409078000000,8409009000000,8409001000000,181258000,35000,6000,8000,14000,8409086000000,8409087000000,8409089000000,8409090000000,8409094000000,468408000,55000,14000,5006000,14000
1791347718,62035955,701,1747767917,S,N,8409085000000,8409084000000,8409078000000,8409009000000,8409001000000,181258000,35000,6000,8000,14000,8409086000000,8409087000000,8409089000000,8409090000000,8409094000000,468364000,55000,14000,5006000,14000
1791347718,167892609,702,1747767917,S,N,8409085000000,8409084000000,8409078000000,8409009000000,8409001000000,181258000,35000,6000,8000,14000,8409086000000,8409087000000,8409089000000,8409090000000,8409094000000,468364000,55000,14000,5006000,14000
1791347718,281125713,703,1747767917,S,N,8409085000000,8409084000000,8409078000000,8409009000000,8409001000000,181258000,35000,6000,8000,14000,8409086000000,8409087000000,8409089000000,8409090000000,8409094000000,468364000,55000,14000,5006000,14000
1791347718,402992536,704,1747767917,S,N,8409085000000,8409084000000,8409078000000,8409009000000,8409001000000,181258000,35000,6000,8000,14000,8409086000000,8409087000000,8409089000000,8409090000000,8409094000000,468189000,55000,14000,5006000,14000
1791347718,494804514,705,1747767917,S,N,8409085000000,8409084000000,8409078000000,8409009000000,8409001000000,145494000,35000,6000,8000,14000,8409086000000,8409087000000,8409089000000,8409090000000,8409094000000,468183000,55000,14000,5006000,14000
1791347718,644609068,706,1747767917,S,N,8408691000000,8408690000000,8408681000000,8408679000000,8408627000000,9355000,42000,7000,239000,6000,8408692000000,8408707000000,8408708000000,8408756000000,8408772000000,756566000,130923000,275506000,12255000,400000
1791347718,748454030,707,1747767917,S,N,8408400000000,8408399000000,8408397000000,8408388000000,8408322000000,36561000,21000,8000,6000,7000,8408401000000,8408439000000,8408440000000,8408456000000,8408561000000,1018045000,730000,8000,1486000,400000
1791347718,797251033,708,1747767917,S,N,8408400000000,8408399000000,8408397000000,8408388000000,8408322000000,42249000,35000,8000,6000,7000,8408401000000,8408404000000,8408405000000,8408410000000,8408439000000,1119535000,4132000,5006000,5000000,730000
1791347718,905649524,709,1747767917,S,N,8408400000000,8408399000000,8408397000000,8408388000000,8408322000000,54537000,35000,8000,6000,7000,8408401000000,8408404000000,8408405000000,8408410000000,8408439000000,1159360000,4132000,5006000,5000000,730000
1791347719,7115084,710,1747767917,S,N,8408400000000,8408399000000,8408397000000,8408388000000,8408322000000,40661000,35000,8000,6000,7000,8408401000000,8408404000000,8408405000000,8408410000000,8408439000000,1092872000,13193000,5006000,5006000,730000
1791347719,112039445,711,1747767917,S,N,8408400000000,8408399000000,8408397000000,8408388000000,8408303000000,22612000,35000,8000,6000,696000,8408401000000,8408404000000,8408405000000,8408410000000,8408439000000,1155798000,13193000,5006000,5006000,730000
1791347719,222375078,712,1747767917,S,N,8408400000000,8408399000000,8408397000000,8408388000000,8408303000000,22612000,35000,8000,6000,696000,8408401000000,8408404000000,8408405000000,8408410000000,8408439000000,1155798000,13193000,5006000,5006000,730000
1791347719,322517535,713,1747767917,S,N,8408400000000,8408399000000,8408397000000,8408388000000,8408362000000,22453000,35000,8000,6000,7000,8408401000000,8408404000000,8408405000000,8408410000000,8408439000000,1155598000,13193000,5006000,5006000,730000
1791347719,428822749,714,1747767917,S,N,8408400000000,8408399000000,8408397000000,8408388000000,8408362000000,22453000,35000,8000,6000,7000,8408401000000,8408404000000,8408405000000,8408410000000,8408439000000,1155557000,13193000,5006000,5006000,730000
1791347719,545247743,715,1747767917,S,N,8408400000000,8408399000000,8408397000000,8408388000000,8408362000000,22453000,35000,8000,6000,7000,8408401000000,8408404000000,8408405000000,8408410000000,8408439000000,1155557000,13193000,5006000,5006000,730000
1791347719,646674139,716,1747767917,S,N,8408400000000,8408399000000,8408397000000,8408388000000,8408362000000,22460000,35000,8000,6000,7000,8408401000000,8408404000000,8408405000000,8408410000000,8408439000000,1160327000,13193000,5006000,5006000,730000
1791347719,741121089,717,1747767917,S,N,8408400000000,8408399000000,8408397000000,8408388000000,8408362000000,22470000,35000,8000,6000,7000,8408401000000,8408404000000,8408405000000,8408410000000,8408439000000,1160564000,13193000,5006000,5006000,730000
1791347719,848805371,718,1747767917,S,N,8408400000000,8408399000000,8408397000000,8408388000000,8408362000000,22470000,35000,8000,6000,7000,8408401000000,8408404000000,8408405000000,8408410000000,8408439000000,1160564000,13193000,5006000,5006000,730000
1791347719,951291365,719,1747767917,S,N,8408400000000,8408399000000,8408397000000,8408388000000,8408362000000,22062000,35000,8000,6000,7000,8408401000000,8408404000000,8408405000000,8408410000000,8408439000000,1160764000,13193000,5006000,5006000,730000
1791347720,58420270,720,1747767917,S,N,8408400000000,8408399000000,8408397000000,8408388000000,8408362000000,107726000,35000,8000,6000,7000,8408401000000,8408404000000,8408405000000,8408410000000,8408439000000,1161472000,13193000,5006000,5006000,730000
1791347720,161117013,721,1747767917,S,N,8408400000000,8408399000000,8408397000000,8408388000000,8408362000000,107726000,35000,8000,6000,7000,8408401000000,8408404000000,8408405000000,8408410000000,8408439000000,1161235000,13193000,5006000,5006000,730000
1791347720,267299301,722,1747767917,S,N,8408400000000,8408399000000,8408397000000,8408388000000,8408362000000,51465000,35000,8000,6000,7000,8408401000000,8408404000000,8408405000000,8408410000000,8408418000000,1161235000,13193000,5006000,5006000,237000
1791347720,370805631,723,1747767917,S,N,8408400000000,8408399000000,8408397000000,8408388000000,8408362000000,51458000,35000,8000,6000,19000,8408401000000,8408404000000,8408405000000,8408410000000,8408418000000,1161076000,13193000,5006000,5006000,237000
1791347720,475602410,724,1747767917,S,N,8408400000000,8408399000000,8408397000000,8408388000000,8408362000000,51296000,35000,8000,6000,12000,8408401000000,8408404000000,8408405000000,8408410000000,8408418000000,1162276000,13193000,5006000,5006000,237000
1791347720,581371826,725,1747767917,S,N,8408400000000,8408399000000,8408397000000,8408388000000,8408303000000,49752000,35000,8000,6000,708000,8408401000000,8408404000000,8408405000000,8408410000000,8408418000000,1167000000,13193000,5006000,5006000,237000
1791347720,685215903,726,1747767917,S,N,8408400000000,8408399000000,8408397000000,8408388000000,8408303000000,49752000,35000,8000,6000,708000,8408401000000,8408404000000,8408405000000,8408410000000,8408418000000,1167000000,13193000,5006000,5006000,237000
1791347720,796000119,727,1747767917,S,N,8408400000000,8408399000000,8408397000000,8408388000000,8408303000000,49752000,35000,8000,6000,708000,8408401000000,8408404000000,8408405000000,8408410000000,8408418000000,1167000000,13193000,5006000,5006000,237000
1791347720,895429347,728,1747767917,S,N,8408400000000,8408399000000,8408397000000,8408388000000,8408303000000,49752000,35000,8000,6000,708000,8408401000000,8408404000000,8408405000000,8408410000000,8408418000000,1167000000,13193000,5006000,5006000,237000
1791347721,3535505,729,1747767917,S,N,8408400000000,8408399000000,8408397000000,8408388000000,8408303000000,49752000,35000,8000,6000,708000,8408401000000,8408404000000,8408405000000,8408410000000,8408418000000,1167000000,13193000,5006000,5006000,237000
1791347721,111861268,730,1747767917,S,N,8408400000000,8408399000000,8408397000000,8408388000000,8408303000000,49752000,35000,8000,6000,708000,8408401000000,8408404000000,8408405000000,8408410000000,8408418000000,1167400000,13193000,5006000,5006000,237000
1791347721,216231745,731,1747767917,S,N,8408400000000,8408399000000,8408397000000,8408388000000,8408303000000,49752000,35000,8000,6000,708000,8408401000000,8408404000000,8408405000000,8408410000000,8408418000000,1167168000,13193000,5006000,5006000,237000
1791347721,318592943,732,1747767917,S,N,8408400000000,8408399000000,8408397000000,8408388000000,8408303000000,51054000,35000,8000,6000,708000,8408401000000,8408404000000,8408405000000,8408410000000,8408418000000,1167168000,13193000,5006000,5006000,237000
1791347721,422838771,733,1747767917,S,N,8408400000000,8408399000000,8408397000000,8408388000000,8408303000000,50895000,35000,8000,6000,708000,8408401000000,8408404000000,8408405000000,8408410000000,8408418000000,1167168000,13193000,5006000,5006000,237000
1791347721,529297742,734,1747767917,S,N,8408400000000,8408399000000,8408397000000,8408388000000,8408303000000,50902000,35000,8000,6000,708000,8408401000000,8408404000000,8408405000000,8408410000000,8408418000000,1167052000,13193000,5006000,5006000,237000
1791347721,634110155,735,1747767917,S,N,8408400000000,8408399000000,8408397000000,8408388000000,8408303000000,50902000,35000,8000,6000,708000,8408401000000,8408404000000,8408405000000,8408410000000,8408418000000,1167052000,13193000,5006000,5006000,237000
1791347721,740413629,736,1747767917,S,N,8408400000000,8408399000000,8408397000000,8408388000000,8408303000000,50894000,35000,8000,6000,708000,8408401000000,8408404000000,8408405000000,8408410000000,8408418000000,1167008000,13193000,5006000,5006000,237000
1791347721,842657839,737,1747767917,S,N,8408400000000,8408399000000,8408397000000,8408388000000,8408303000000,50894000,35000,8000,6000,708000,8408401000000,8408404000000,8408405000000,8408410000000,8408418000000,1167008000,13193000,5006000,5006000,237000
1791347721,946552699,738,1747767917,S,N,8408400000000,8408399000000,8408397000000,8408388000000,8408303000000,50868000,35000,8000,6000,708000,8408401000000,8408404000000,8408405000000,8408410000000,8408418000000,1167008000,13193000,5006000,5006000,237000
1791347722,54125219,739,1747767917,S,N,8408400000000,8408399000000,8408397000000,8408388000000,8408303000000,50868000,35000,8000,6000,708000,8408401000000,8408404000000,8408405000000,8408410000000,8408418000000,1167008000,13193000,5006000,5006000,237000
1791347722,159153038,740,1747767917,S,N,8408400000000,8408399000000,8408397000000,8408388000000,8408303000000,21234000,35000,8000,6000,708000,8408401000000,8408404000000,8408405000000,8408410000000,8408418000000,1167008000,13193000,5006000,5006000,237000
1791347722,264659832,741,1747767917,S,N,8408400000000,8408399000000,8408397000000,8408388000000,8408362000000,21469000,35000,8000,6000,7000,8408401000000,8408404000000,8408405000000,8408410000000,8408418000000,1167008000,13193000,5006000,5006000,237000
1791347722,366989344,742,1747767917,S,N,8408400000000,8408399000000,8408397000000,8408388000000,8408362000000,21469000,35000,8000,6000,28000,8408401000000,8408404000000,8408405000000,8408410000000,8408418000000,1167008000,13193000,5006000,5006000,237000
1791347722,477366983,743,1747767917,S,N,8408400000000,8408399000000,8408397000000,8408388000000,8408362000000,21469000,35000,8000,6000,28000,8408401000000,8408404000000,8408405000000,8408410000000,8408418000000,1167008000,13193000,5006000,5006000,237000
1791347722,576932611,744,1747767917,S,N,8408400000000,8408399000000,8408397000000,8408388000000,8408362000000,21469000,35000,8000,6000,28000,8408401000000,8408404000000,8408405000000,8408410000000,8408418000000,1167008000,13193000,5006000,5006000,237000
1791347722,680054817,745,1747767917,S,N,8408400000000,8408399000000,8408397000000,8408388000000,8408362000000,21237000,35000,8000,6000,28000,8408401000000,8408404000000,8408405000000,8408410000000,8408418000000,1167008000,13193000,5006000,5006000,237000
1791347722,787815254,746,1747767917,S,N,8408400000000,8408399000000,8408397000000,8408388000000,8408362000000,21237000,35000,8000,6000,28000,8408401000000,8408404000000,8408405000000,8408410000000,8408418000000,1166872000,13193000,5006000,5006000,237000
1791347722,892994268,747,1747767917,S,N,8408000000000,8407999000000,8407987000000,8407962000000,8407861000000,100519000,35000,7000,6000,7000,8408001000000,8408002000000,8408010000000,8408034000000,8408071000000,1127778000,206910000,5006000,145868000,8000
1791347722,995154644,748,1747767917,S,N,8408000000000,8407999000000,8407987000000,8407962000000,8407861000000,103993000,35000,7000,6000,7000,8408001000000,8408002000000,8408005000000,8408010000000,8408034000000,1147236000,206916000,5000000,5006000,69019000
1791347723,100947668,749,1747767917,S,N,8408000000000,8407999000000,8407962000000,8407861000000,8407801000000,103949000,35000,6000,7000,14000,8408001000000,8408002000000,8408005000000,8408010000000,8408034000000,1243229000,206916000,5000000,5006000,69019000
1791347723,204741067,750,1747767917,S,N,8408000000000,8407999000000,8407962000000,8407861000000,8407801000000,103905000,35000,6000,7000,14000,8408001000000,8408002000000,8408005000000,8408010000000,8408034000000,1243392000,206916000,5000000,5006000,69019000
1791347723,310415318,751,1747767917,S,N,8408000000000,8407999000000,8407962000000,8407861000000,8407801000000,103905000,35000,6000,7000,14000,8408001000000,8408002000000,8408005000000,8408010000000,8408034000000,1243392000,206916000,5000000,5006000,69019000
1791347723,415692750,752,1747767917,S,N,8408000000000,8407999000000,8407962000000,8407861000000,8407801000000,103905000,35000,6000,7000,14000,8408001000000,8408002000000,8408005000000,8408010000000,8408034000000,1243392000,206916000,5000000,5006000,69019000
1791347723,521246024,753,1747767917,S,N,8408000000000,8407999000000,8407962000000,8407861000000,8407801000000,103905000,35000,6000,7000,14000,8408001000000,8408002000000,8408005000000,8408010000000,8408034000000,1243071000,206916000,5000000,5006000,69019000
1791347723,625200376,754,1747767917,S,N,8408000000000,8407999000000,8407962000000,8407861000000,8407801000000,103905000,35000,6000,7000,14000,8408001000000,8408002000000,8408005000000,8408010000000,8408034000000,1243071000,206916000,5000000,5006000,69019000
1791347723,732774259,755,1747767917,S,N,8408000000000,8407999000000,8407962000000,8407861000000,8407801000000,90212000,35000,6000,7000,14000,8408001000000,8408002000000,8408005000000,8408010000000,8408034000000,1243071000,206916000,5000000,5006000,69019000
1791347723,839708637,756,1747767917,S,N,8408000000000,8407999000000,8407962000000,8407861000000,8407801000000,90219000,35000,6000,7000,14000,8408001000000,8408002000000,8408005000000,8408010000000,8408034000000,1243071000,206916000,5000000,5006000,69019000
1791347723,939763206,757,1747767917,S,N,8408000000000,8407999000000,8407962000000,8407861000000,8407801000000,103789000,35000,6000,7000,14000,8408001000000,8408002000000,8408005000000,8408010000000,8408034000000,1244084000,206916000,5000000,5006000,69019000
1791347724,50231499,758,1747767917,S,N,8408000000000,8407999000000,8407962000000,8407861000000,8407801000000,103789000,35000,6000,7000,14000,8408001000000,8408002000000,8408005000000,8408010000000,8408034000000,1168484000,206916000,5000000,5006000,69019000
1791347724,151996839,759,1747767917,S,N,8408000000000,8407999000000,8407962000000,8407861000000,8407801000000,103796000,35000,6000,7000,14000,8408001000000,8408002000000,8408005000000,8408010000000,8408034000000,1244071000,206916000,5000000,5006000,69019000
1791347724,253053424,760,1747767917,S,N,8408000000000,8407999000000,8407962000000,8407861000000,8407801000000,103796000,35000,6000,7000,14000,8408001000000,8408002000000,8408005000000,8408010000000,8408034000000,1244071000,206916000,5000000,5006000,69019000
1791347724,358563785,761,1747767917,S,N,8408000000000,8407999000000,8407962000000,8407861000000,8407801000000,103796000,35000,6000,7000,14000,8408001000000,8408002000000,8408005000000,8408010000000,8408034000000,1243819000,206916000,5000000,5006000,69019000
1791347724,462573641,762,1747767917,S,N,8408000000000,8407999000000,8407962000000,8407861000000,8407801000000,103796000,35000,6000,7000,14000,8408001000000,8408002000000,8408005000000,8408010000000,8408034000000,1255991000,206916000,5000000,5006000,69019000
1791347724,568513033,763,1747767917,S,N,8408000000000,8407999000000,8407962000000,8407861000000,8407801000000,103637000,35000,6000,7000,14000,8408001000000,8408002000000,8408005000000,8408010000000,8408034000000,1253847000,206916000,5000000,5006000,69019000
1791347724,672308006,764,1747767917,S,N,8408000000000,8407999000000,8407962000000,8407861000000,8407801000000,103637000,35000,6000,7000,14000,8408001000000,8408002000000,8408005000000,8408010000000,8408034000000,1257134000,206916000,5000000,5006000,69019000
1791347724,777758351,765,1747767917,S,N,8408000000000,8407999000000,8407962000000,8407861000000,8407801000000,159821000,35000,6000,7000,14000,8408001000000,8408002000000,8408004000000,8408005000000,8408010000000,1049884000,12000,14000,5000000,5006000
1791347724,890384702,766,1747767917,S,N,8408000000000,8407999000000,8407962000000,8407861000000,8407801000000,159701000,35000,6000,7000,14000,8408001000000,8408002000000,8408004000000,8408005000000,8408009000000,1049884000,12000,14000,5000000,7000
1791347724,988246903,767,1747767917,S,N,8408000000000,8407999000000,8407962000000,8407861000000,8407801000000,159711000,35000,6000,7000,14000,8408001000000,8408002000000,8408004000000,8408005000000,8408009000000,1049871000,12000,14000,5000000,14000
1791347725,92292118,768,1747767917,S,N,8408000000000,8407999000000,8407962000000,8407861000000,8407801000000,159711000,35000,6000,7000,14000,8408001000000,8408002000000,8408004000000,8408005000000,8408009000000,1049871000,12000,14000,5000000,14000
1791347725,198341573,769,1747767917,S,N,8408000000000,8407999000000,8407962000000,8407861000000,8407801000000,159711000,35000,6000,7000,14000,8408001000000,8408002000000,8408004000000,8408005000000,8408009000000,1049871000,12000,14000,5000000,14000
1791347725,304379803,770,1747767917,S,N,8408000000000,8407999000000,8407962000000,8407861000000,8407801000000,159711000,35000,6000,7000,14000,8408001000000,8408002000000,8408004000000,8408005000000,8408009000000,974971000,12000,14000,5000000,14000
1791347725,408182225,771,1747767917,S,N,8408000000000,8407999000000,8407962000000,8407861000000,8407801000000,159711000,42000,6000,7000,14000,8408001000000,8408002000000,8408004000000,8408005000000,8408009000000,1049871000,12000,14000,5000000,14000
1791347725,513900649,772,1747767917,S,N,8408000000000,8407999000000,8407962000000,8407861000000,8407801000000,159329000,42000,6000,7000,14000,8408001000000,8408002000000,8408004000000,8408005000000,8408009000000,1049871000,12000,14000,5000000,14000
1791347725,619217322,773,1747767917,S,N,8408000000000,8407999000000,8407962000000,8407861000000,8407801000000,159322000,35000,6000,7000,14000,8408001000000,8408002000000,8408004000000,8408005000000,8408009000000,1049864000,12000,14000,5000000,14000
1791347725,723465143,774,1747767917,S,N,8408000000000,8407999000000,8407962000000,8407861000000,8407801000000,159322000,35000,6000,7000,14000,8408001000000,8408002000000,8408004000000,8408005000000,8408009000000,1049864000,12000,14000,5000000,14000
1791347725,827985450,775,1747767917,S,N,8408000000000,8407999000000,8407962000000,8407861000000,8407801000000,159322000,35000,6000,7000,14000,8408001000000,8408002000000,8408004000000,8408005000000,8408009000000,1049805000,12000,14000,5000000,14000
1791347725,937575221,776,1747767917,S,N,8408000000000,8407999000000,8407962000000,8407861000000,8407801000000,159322000,35000,6000,7000,14000,8408001000000,8408002000000,8408004000000,8408005000000,8408009000000,1049805000,12000,14000,5000000,14000
1791347726,38381984,777,1747767917,S,N,8408000000000,8407999000000,8407962000000,8407861000000,8407801000000,89491000,35000,6000,7000,14000,8408001000000,8408002000000,8408004000000,8408005000000,8408009000000,1153218000,12000,14000,5000000,14000
1791347726,143129869,778,1747767917,S,N,8408000000000,8407999000000,8407962000000,8407861000000,8407801000000,89491000,35000,6000,7000,14000,8408001000000,8408002000000,8408004000000,8408005000000,8408009000000,1153231000,12000,14000,5000000,14000
1791347726,247811652,779,1747767917,S,N,8408000000000,8407999000000,8407962000000,8407861000000,8407801000000,89491000,35000,6000,7000,14000,8408001000000,8408002000000,8408004000000,8408005000000,8408009000000,1153231000,12000,14000,5000000,14000
1791347726,353276686,780,1747767917,S,N,8408000000000,8407999000000,8407962000000,8407861000000,8407801000000,89491000,35000,6000,7000,14000,8408001000000,8408002000000,8408004000000,8408005000000,8408009000000,1153231000,12000,14000,5000000,14000
1791347726,457565008,781,1747767917,S,N,8408000000000,8407999000000,8407962000000,8407861000000,8407801000000,70210000,35000,6000,7000,14000,8408001000000,8408002000000,8408004000000,8408005000000,8408009000000,1153231000,12000,14000,5000000,14000
1791347726,563391188,782,1747767917,S,N,8408000000000,8407999000000,8407962000000,8407861000000,8407801000000,87844000,35000,6000,7000,14000,8408001000000,8408002000000,8408004000000,8408005000000,8408009000000,1102807000,12000,14000,5000000,14000
1791347726,667231173,783,1747767917,S,N,8408000000000,8407999000000,8407962000000,8407861000000,8407801000000,87844000,35000,6000,7000,14000,8408001000000,8408002000000,8408004000000,8408005000000,8408009000000,1153048000,12000,14000,5000000,14000
1791347726,772151446,784,1747767917,S,N,8408000000000,8407999000000,8407962000000,8407861000000,8407801000000,101457000,35000,6000,7000,14000,8408001000000,8408002000000,8408004000000,8408005000000,8408009000000,1154448000,12000,14000,5000000,14000
1791347726,877506521,785,1747767917,S,N,8408000000000,8407999000000,8407962000000,8407861000000,8407801000000,101374000,35000,6000,7000,14000,8408001000000,8408002000000,8408004000000,8408005000000,8408009000000,1154448000,12000,14000,5000000,14000
1791347726,981746368,786,1747767917,S,N,8408000000000,8407999000000,8407962000000,8407861000000,8407801000000,157422000,35000,6000,7000,14000,8408001000000,8408002000000,8408004000000,8408005000000,8408009000000,1154448000,12000,14000,5000000,14000
1791347727,87466261,787,1747767917,S,N,8408000000000,8407999000000,8407962000000,8407861000000,8407801000000,157422000,35000,6000,7000,14000,8408001000000,8408002000000,8408004000000,8408005000000,8408009000000,1154261000,12000,14000,5000000,14000
1791347727,193954400,788,1747767917,S,N,8408000000000,8407999000000,8407962000000,8407861000000,8407801000000,157422000,35000,6000,7000,14000,8408001000000,8408002000000,8408004000000,8408005000000,8408009000000,1154261000,12000,14000,5000000,14000
1791347727,300408754,789,1747767917,S,N,8408000000000,8407999000000,8407962000000,8407861000000,8407801000000,192949000,35000,6000,7000,14000,8408001000000,8408002000000,8408004000000,8408005000000,8408009000000,1045133000,12000,14000,5000000,14000
1791347727,409899793,790,1747767917,S,N,8408000000000,8407999000000,8407962000000,8407861000000,8407801000000,226882000,35000,6000,7000,14000,8408001000000,8408002000000,8408004000000,8408005000000,8408009000000,1045133000,12000,14000,5000000,14000
1791347727,507166975,791,1747767917,S,N,8408000000000,8407999000000,8407962000000,8407861000000,8407801000000,157395000,35000,6000,7000,14000,8408001000000,8408002000000,8408004000000,8408005000000,8408009000000,1045370000,12000,14000,5000000,14000
1791347727,611747403,792,1747767917,S,N,8408000000000,8407999000000,8407962000000,8407861000000,8407801000000,157395000,35000,6000,7000,14000,8408001000000,8408002000000,8408004000000,8408005000000,8408009000000,1045138000,12000,14000,5000000,14000
1791347727,718011636,793,1747767917,S,N,8408000000000,8407999000000,8407962000000,8407861000000,8407801000000,157395000,35000,6000,7000,14000,8408001000000,8408002000000,8408004000000,8408005000000,8408009000000,1045126000,12000,14000,5000000,14000
1791347727,821747328,794,1747767917,S,N,8408000000000,8407999000000,8407962000000,8407861000000,8407801000000,157229000,28000,6000,7000,14000,8408001000000,8408002000000,8408004000000,8408005000000,8408009000000,1045007000,12000,14000,5000000,14000
1791347727,928014709,795,1747767917,S,N,8408000000000,8407999000000,8407962000000,8407861000000,8407801000000,143098000,28000,6000,7000,14000,8408001000000,8408002000000,8408004000000,8408005000000,8408009000000,1045007000,12000,14000,5000000,14000
1791347728,32410996,796,1747767917,S,N,8408000000000,8407999000000,8407962000000,8407861000000,8407801000000,156417000,28000,6000,7000,14000,8408001000000,8408002000000,8408004000000,8408005000000,8408009000000,1148446000,12000,14000,5000000,14000
1791347728,139895857,797,1747767917,S,N,8408000000000,8407999000000,8407962000000,8407861000000,8407801000000,156417000,28000,6000,7000,14000,8408001000000,8408002000000,8408004000000,8408005000000,8408009000000,1148384000,12000,14000,5000000,14000
1791347728,241938189,798,1747767917,S,N,8408000000000,8407999000000,8407962000000,8407861000000,8407801000000,156417000,28000,6000,7000,14000,8408001000000,8408002000000,8408004000000,8408005000000,8408009000000,1148384000,12000,14000,5000000,14000
1791347728,347905515,799,1747767917,S,N,8408000000000,8407999000000,8407962000000,8407861000000,8407801000000,156417000,28000,6000,7000,14000,8408001000000,8408002000000,8408004000000,8408005000000,8408009000000,1148384000,12000,14000,5000000,14000
1791347728,455587779,800,1747767917,S,N,8408000000000,8407999000000,8407962000000,8407861000000,8407801000000,100020000,28000,6000,7000,14000,8408001000000,8408002000000,8408004000000,8408005000000,8408009000000,1148397000,12000,14000,5000000,14000
1791347728,560589084,801,1747767917,S,N,8408000000000,8407999000000,8407962000000,8407861000000,8407801000000,100020000,28000,6000,7000,14000,8408001000000,8408002000000,8408004000000,8408005000000,8408009000000,1147990000,12000,14000,5000000,14000
1791347728,664998193,802,1747767917,S,N,8408000000000,8407999000000,8407962000000,8407861000000,8407801000000,156160000,28000,6000,7000,14000,8408001000000,8408002000000,8408004000000,8408005000000,8408009000000,1147990000,12000,14000,5000000,14000
1791347728,790007069,803,1747767917,S,N,8408000000000,8407999000000,8407962000000,8407861000000,8407801000000,156173000,28000,6000,7000,14000,8408001000000,8408002000000,8408004000000,8408005000000,8408009000000,1043707000,12000,14000,5000000,14000
1791347728,876769780,804,1747767917,S,N,8408000000000,8407999000000,8407962000000,8407861000000,8407801000000,155941000,28000,6000,7000,14000,8408001000000,8408002000000,8408004000000,8408005000000,8408009000000,1043785000,12000,14000,5000000,14000
1791347728,983191194,805,1747767917,S,N,8408000000000,8407999000000,8407962000000,8407861000000,8407801000000,155941000,28000,6000,7000,14000,8408001000000,8408002000000,8408004000000,8408005000000,8408009000000,1043785000,12000,14000,5000000,14000
1791347729,96733665,806,1747767917,S,N,8408000000000,8407999000000,8407962000000,8407861000000,8407801000000,155941000,28000,6000,7000,14000,8408001000000,8408002000000,8408004000000,8408005000000,8408009000000,1043785000,12000,14000,5000000,14000
1791347729,202104987,807,1747767917,S,N,8408000000000,8407999000000,8407962000000,8407861000000,8407801000000,155941000,28000,6000,7000,14000,8408001000000,8408002000000,8408004000000,8408005000000,8408009000000,1043425000,12000,14000,5000000,14000
1791347729,301963278,808,1747767917,S,N,8408000000000,8407999000000,8407962000000,8407861000000,8407801000000,154615000,35000,6000,7000,14000,8408001000000,8408002000000,8408004000000,8408005000000,8408009000000,1147695000,12000,14000,5000000,14000
1791347729,412936356,809,1747767917,S,N,8408000000000,8407999000000,8407962000000,8407861000000,8407801000000,154615000,35000,6000,7000,14000,8408001000000,8408002000000,8408004000000,8408005000000,8408009000000,1147708000,12000,14000,5000000,14000
1791347729,510392338,810,1747767917,S,N,8408000000000,8407999000000,8407962000000,8407861000000,8407801000000,154496000,35000,6000,7000,14000,8408001000000,8408002000000,8408004000000,8408005000000,8408009000000,1141022000,12000,14000,5000000,14000
1791347729,617029798,811,1747767917,S,N,8408000000000,8407999000000,8407962000000,8407861000000,8407801000000,154646000,35000,6000,7000,14000,8408001000000,8408002000000,8408004000000,8408005000000,8408009000000,1141022000,12000,14000,5000000,14000
1791347729,726383853,812,1747767917,S,N,8408000000000,8407999000000,8407962000000,8407861000000,8407801000000,154646000,35000,6000,7000,14000,8408001000000,8408002000000,8408004000000,8408005000000,8408009000000,1140803000,12000,14000,5000000,14000
1791347729,829971607,813,1747767917,S,N,8408000000000,8407999000000,8407962000000,8407861000000,8407801000000,154496000,35000,6000,7000,14000,8408001000000,8408002000000,8408004000000,8408005000000,8408009000000,1140803000,12000,14000,5000000,14000
1791347729,934656933,814,1747767917,S,N,8408000000000,8407999000000,8407962000000,8407861000000,8407801000000,154496000,35000,6000,7000,14000,8408001000000,8408002000000,8408004000000,8408005000000,8408009000000,1140803000,12000,14000,5000000,14000
1791347730,39051343,815,1747767917,S,N,8408000000000,8407999000000,8407962000000,8407861000000,8407801000000,154337000,35000,6000,7000,14000,8408001000000,8408002000000,8408004000000,8408005000000,8408009000000,1140803000,12000,14000,5000000,14000
1791347730,145953599,816,1747767917,S,N,8408000000000,8407999000000,8407962000000,8407861000000,8407801000000,154330000,28000,6000,7000,14000,8408001000000,8408002000000,8408004000000,8408005000000,8408009000000,1140571000,12000,14000,5000000,14000
1791347730,251484815,817,1747767917,S,N,8408000000000,8407999000000,8407962000000,8407861000000,8407801000000,154330000,28000,6000,7000,14000,8408001000000,8408002000000,8408004000000,8408005000000,8408009000000,1140571000,12000,14000,5000000,14000
1791347730,357324924,818,1747767917,S,N,8408000000000,8407999000000,8407962000000,8407861000000,8407801000000,154330000,28000,6000,7000,14000,8408001000000,8408002000000,8408004000000,8408005000000,8408009000000,1140571000,12000,14000,5000000,14000
1791347730,462738970,819,1747767917,S,N,8408000000000,8407999000000,8407962000000,8407861000000,8407801000000,154330000,28000,6000,7000,14000,8408001000000,8408002000000,8408004000000,8408005000000,8408009000000,1140571000,12000,14000,5000000,14000
1791347730,569153193,820,1747767917,S,N,8408000000000,8407999000000,8407962000000,8407861000000,8407801000000,153923000,28000,6000,7000,14000,8408001000000,8408002000000,8408004000000,8408005000000,8408009000000,1140571000,12000,14000,5000000,14000
1791347730,674571362,821,1747767917,S,N,8408000000000,8407999000000,8407962000000,8407861000000,8407801000000,153906000,28000,6000,7000,14000,8408001000000,8408002000000,8408004000000,8408005000000,8408009000000,1140571000,12000,14000,5000000,14000
1791347730,785326068,822,1747767917,S,N,8408000000000,8407999000000,8407962000000,8407861000000,8407801000000,153906000,28000,6000,7000,14000,8408001000000,8408002000000,8408004000000,8408005000000,8408009000000,1140571000,12000,14000,5000000,14000
1791347730,890722771,823,1747767917,S,N,8408000000000,8407999000000,8407962000000,8407861000000,8407801000000,154056000,28000,6000,7000,14000,8408001000000,8408002000000,8408004000000,8408005000000,8408009000000,1140571000,12000,14000,5000000,14000
1791347730,993339956,824,1747767917,S,N,8408000000000,8407999000000,8407962000000,8407861000000,8407801000000,155622000,28000,6000,7000,14000,8408001000000,8408002000000,8408004000000,8408005000000,8408009000000,1137821000,12000,14000,5000000,14000
1791347731,98751887,825,1747767917,S,N,8408000000000,8407999000000,8407962000000,8407861000000,8407801000000,153862000,28000,6000,7000,14000,8408001000000,8408002000000,8408004000000,8408005000000,8408009000000,1137227000,12000,14000,5000000,14000
1791347731,203107592,826,1747767917,S,N,8408000000000,8407999000000,8407962000000,8407861000000,8407801000000,153862000,28000,6000,7000,14000,8408001000000,8408002000000,8408004000000,8408005000000,8408009000000,1137227000,12000,14000,5000000,14000
1791347731,310082181,827,1747767917,S,N,8408000000000,8407999000000,8407962000000,8407861000000,8407801000000,153862000,28000,6000,7000,14000,8408001000000,8408002000000,8408004000000,8408005000000,8408009000000,1137227000,12000,14000,5000000,14000
1791347731,520855599,828,1747767917,S,N,8408000000000,8407999000000,8407962000000,8407861000000,8407801000000,155629000,28000,6000,7000,14000,8408001000000,8408002000000,8408004000000,8408005000000,8408009000000,1137227000,12000,14000,5000000,14000
1791347731,626573251,829,1747767917,S,N,8408000000000,8407999000000,8407962000000,8407861000000,8407801000000,155622000,28000,6000,7000,14000,8408001000000,8408002000000,8408004000000,8408005000000,8408009000000,1086433000,12000,14000,5000000,14000
1791347731,735944649,830,1747767917,S,N,8408000000000,8407999000000,8407962000000,8407861000000,8407801000000,230559000,28000,6000,7000,14000,8408001000000,8408002000000,8408004000000,8408005000000,8408009000000,1135353000,12000,14000,5000000,14000
1791347731,851729853,831,1747767917,S,N,8408000000000,8407999000000,8407962000000,8407861000000,8407801000000,230436000,28000,6000,7000,14000,8408001000000,8408002000000,8408004000000,8408005000000,8408009000000,1136753000,12000,14000,5000000,14000
1791347732,147081306,832,1747767917,S,N,8408000000000,8407999000000,8407962000000,8407861000000,8407801000000,230436000,28000,6000,7000,14000,8408001000000,8408002000000,8408004000000,8408005000000,8408009000000,1136799000,12000,14000,5000000,14000
1791347732,149329855,833,1747767917,S,N,8408000000000,8407999000000,8407962000000,8407861000000,8407801000000,264396000,28000,6000,7000,14000,8408001000000,8408002000000,8408004000000,8408005000000,8408009000000,1136640000,12000,14000,5000000,14000
1791347732,218219546,834,1747767917,S,N,8408000000000,8407999000000,8407962000000,8407861000000,8407801000000,227123000,28000,6000,7000,14000,8408001000000,8408002000000,8408004000000,8408005000000,8408009000000,1136640000,12000,14000,5000000,14000
1791347732,261731396,835,1747767917,S,N,8408000000000,8407999000000,8407962000000,8407861000000,8407801000000,193306000,28000,6000,7000,14000,8408001000000,8408002000000,8408004000000,8408005000000,8408009000000,1136334000,12000,14000,5000000,14000
1791347732,368741622,836,1747767917,S,N,8408000000000,8407999000000,8407962000000,8407861000000,8407801000000,193306000,28000,6000,7000,14000,8408001000000,8408002000000,8408004000000,8408005000000,8408009000000,1136334000,12000,14000,5000000,14000
1791347732,471884276,837,1747767917,S,N,8408000000000,8407999000000,8407962000000,8407861000000,8407801000000,193306000,28000,6000,7000,14000,8408001000000,8408002000000,8408004000000,8408005000000,8408009000000,1136334000,12000,14000,5000000,14000
1791347732,581259588,838,1747767917,S,N,8408000000000,8407999000000,8407962000000,8407861000000,8407801000000,193306000,28000,6000,7000,14000,8408001000000,8408002000000,8408004000000,8408005000000,8408009000000,1136310000,12000,14000,5000000,14000
1791347732,688170515,839,1747767917,S,N,8408000000000,8407999000000,8407962000000,8407861000000,8407801000000,193306000,28000,6000,7000,14000,8408001000000,8408002000000,8408004000000,8408005000000,8408009000000,1136310000,12000,14000,5000000,14000
1791347732,791129060,840,1747767917,S,N,8408000000000,8407999000000,8407962000000,8407861000000,8407801000000,228669000,28000,6000,7000,14000,8408001000000,8408002000000,8408004000000,8408005000000,8408009000000,1124055000,12000,14000,5000000,14000
1791347732,896854960,841,1747767917,S,N,8408000000000,8407999000000,8407962000000,8407861000000,8407801000000,228669000,28000,6000,7000,14000,8408001000000,8408002000000,8408004000000,8408005000000,8408009000000,1124055000,12000,14000,5000000,14000
1791347733,6287270,842,1747767917,S,N,8408000000000,8407999000000,8407962000000,8407861000000,8407801000000,228669000,28000,6000,7000,14000,8408001000000,8408002000000,8408004000000,8408005000000,8408009000000,1124055000,12000,14000,5000000,14000
1791347733,106405704,843,1747767917,S,N,8408000000000,8407999000000,8407962000000,8407861000000,8407801000000,226964000,28000,6000,7000,14000,8408001000000,8408002000000,8408004000000,8408005000000,8408009000000,1121649000,12000,14000,5000000,14000
1791347733,215622074,844,1747767917,S,N,8408000000000,8407999000000,8407962000000,8407861000000,8407801000000,226964000,28000,6000,7000,14000,8408001000000,8408002000000,8408004000000,8408005000000,8408009000000,1121622000,12000,14000,5000000,14000
1791347733,320626129,845,1747767917,S,N,8408000000000,8407999000000,8407962000000,8407861000000,8407801000000,227114000,28000,6000,7000,14000,8408001000000,8408002000000,8408004000000,8408005000000,8408009000000,1121622000,12000,14000,5000000,14000
1791347733,427460177,846,1747767917,S,N,8408000000000,8407999000000,8407962000000,8407861000000,8407801000000,227114000,28000,6000,7000,14000,8408001000000,8408002000000,8408004000000,8408005000000,8408009000000,1121622000,12000,14000,5000000,14000
